solid OpenSCAD_Model
  facet normal -0.0560163 0.938217 -0.341482
    outer loop
      vertex -73.91 9.01475 35.3197
      vertex -74.088 2.849 18.4086
      vertex -74.088 9.00536 35.3231
    endloop
  endfacet
  facet normal -0.0560163 0.938217 -0.341482
    outer loop
      vertex -74.088 2.849 18.4086
      vertex -73.91 9.01475 35.3197
      vertex -73.91 2.85839 18.4052
    endloop
  endfacet
  facet normal 0 0.939693 -0.342019
    outer loop
      vertex 40.91 2.85839 18.4052
      vertex 1.41 9.01475 35.3197
      vertex 40.91 9.01475 35.3197
    endloop
  endfacet
  facet normal 0 0.939693 -0.342019
    outer loop
      vertex 1.41 9.01475 35.3197
      vertex 40.91 2.85839 18.4052
      vertex -34.41 9.01475 35.3197
    endloop
  endfacet
  facet normal 0 0.939693 -0.342019
    outer loop
      vertex -73.91 2.85839 18.4052
      vertex -34.41 9.01475 35.3197
      vertex 40.91 2.85839 18.4052
    endloop
  endfacet
  facet normal 0 0.939693 -0.342019
    outer loop
      vertex -34.41 9.01475 35.3197
      vertex -73.91 2.85839 18.4052
      vertex -73.91 9.01475 35.3197
    endloop
  endfacet
  facet normal 0 0.939693 -0.342018
    outer loop
      vertex 1.41 9.01475 35.3197
      vertex -34.41 13.803 48.4754
      vertex 1.41 13.803 48.4754
    endloop
  endfacet
  facet normal 0 0.939693 -0.342018
    outer loop
      vertex -34.41 13.803 48.4754
      vertex 1.41 9.01475 35.3197
      vertex -34.41 9.01475 35.3197
    endloop
  endfacet
  facet normal -0.382491 -0.868237 0.316014
    outer loop
      vertex -74.5999 6.1557 36.3603
      vertex -74.4351 -0.0647801 19.4692
      vertex -74.4351 6.09158 36.3836
    endloop
  endfacet
  facet normal -0.382648 -0.868177 0.31599
    outer loop
      vertex -74.4351 -0.0647801 19.4692
      vertex -74.5999 6.1557 36.3603
      vertex -74.5999 -0.000661568 19.4458
    endloop
  endfacet
  facet normal -0.985839 0.157583 -0.0573553
    outer loop
      vertex -75.4601 1.69675 18.828
      vertex -75.49 7.68793 35.8026
      vertex -75.4601 7.85311 35.7425
    endloop
  endfacet
  facet normal -0.985839 0.157583 -0.0573553
    outer loop
      vertex -75.49 7.68793 35.8026
      vertex -75.4601 1.69675 18.828
      vertex -75.49 1.53157 18.8881
    endloop
  endfacet
  facet normal -0.666565 0.700491 -0.254957
    outer loop
      vertex -74.9014 8.68879 35.4383
      vertex -75.0343 2.42078 18.5645
      vertex -75.0343 8.57714 35.479
    endloop
  endfacet
  facet normal -0.666536 0.700515 -0.254967
    outer loop
      vertex -75.0343 2.42078 18.5645
      vertex -74.9014 8.68879 35.4383
      vertex -74.9014 2.53242 18.5238
    endloop
  endfacet
  facet normal -0.167485 0.926419 -0.337188
    outer loop
      vertex -74.088 9.00536 35.3231
      vertex -74.2638 2.82093 18.4188
      vertex -74.2638 8.97729 35.3333
    endloop
  endfacet
  facet normal -0.167485 0.926419 -0.337188
    outer loop
      vertex -74.2638 2.82093 18.4188
      vertex -74.088 9.00536 35.3231
      vertex -74.088 2.849 18.4086
    endloop
  endfacet
  facet normal -0.382491 0.868237 -0.316014
    outer loop
      vertex -74.4351 8.93091 35.3502
      vertex -74.5999 2.71043 18.4591
      vertex -74.5999 8.86679 35.3735
    endloop
  endfacet
  facet normal -0.382655 0.868174 -0.315989
    outer loop
      vertex -74.5999 2.71043 18.4591
      vertex -74.4351 8.93091 35.3502
      vertex -74.4351 2.77455 18.4357
    endloop
  endfacet
  facet normal 0.815533 -0.543809 0.197931
    outer loop
      vertex 42.1531 6.57029 36.2094
      vertex 42.2563 0.550571 19.2452
      vertex 42.2563 6.70693 36.1596
    endloop
  endfacet
  facet normal 0.815483 -0.543876 0.197954
    outer loop
      vertex 42.2563 0.550571 19.2452
      vertex 42.1531 6.57029 36.2094
      vertex 42.1531 0.413923 19.2949
    endloop
  endfacet
  facet normal 0.961007 -0.259847 0.0945771
    outer loop
      vertex 42.4108 7.00838 36.0499
      vertex 42.4601 1.01302 19.0769
      vertex 42.4601 7.16938 35.9913
    endloop
  endfacet
  facet normal 0.96101 -0.259838 0.0945738
    outer loop
      vertex 42.4601 1.01302 19.0769
      vertex 42.4108 7.00838 36.0499
      vertex 42.4108 0.852013 19.1355
    endloop
  endfacet
  facet normal 0 -0.939694 0.342018
    outer loop
      vertex -60.65 0.364405 20.9092
      vertex -51.85 0.706425 21.8489
      vertex -60.65 0.706425 21.8489
    endloop
  endfacet
  facet normal 0 -0.939694 0.342018
    outer loop
      vertex -51.85 0.706425 21.8489
      vertex -60.65 0.364405 20.9092
      vertex -51.85 0.364405 20.9092
    endloop
  endfacet
  facet normal 0 -0.939694 0.342018
    outer loop
      vertex 18.85 0.364405 20.9092
      vertex 27.65 0.706425 21.8489
      vertex 18.85 0.706425 21.8489
    endloop
  endfacet
  facet normal 0 -0.939694 0.342018
    outer loop
      vertex 27.65 0.706425 21.8489
      vertex 18.85 0.364405 20.9092
      vertex 27.65 0.364405 20.9092
    endloop
  endfacet
  facet normal 0 -0.939694 0.342018
    outer loop
      vertex 37.35 0.706425 21.8489
      vertex 37.35 0.364405 20.9092
      vertex 39.6894 0.706425 21.8489
    endloop
  endfacet
  facet normal 0 -0.939694 0.342018
    outer loop
      vertex -42.15 0.364405 20.9092
      vertex -36.3106 0.706425 21.8489
      vertex -42.15 0.706425 21.8489
    endloop
  endfacet
  facet normal 0 -0.939694 0.342018
    outer loop
      vertex -36.3106 0.706425 21.8489
      vertex -42.15 0.364405 20.9092
      vertex -33.1265 0.706425 21.8489
    endloop
  endfacet
  facet normal 0 -0.939694 0.342018
    outer loop
      vertex -33.1265 0.706425 21.8489
      vertex -42.15 0.364405 20.9092
      vertex 0.126506 0.706425 21.8489
    endloop
  endfacet
  facet normal 0 -0.939694 0.342018
    outer loop
      vertex 9.15 0.364405 20.9092
      vertex 0.126506 0.706425 21.8489
      vertex -42.15 0.364405 20.9092
    endloop
  endfacet
  facet normal 0 -0.939694 0.342018
    outer loop
      vertex 0.126506 0.706425 21.8489
      vertex 9.15 0.364405 20.9092
      vertex 3.31057 0.706425 21.8489
    endloop
  endfacet
  facet normal 0 -0.939694 0.342018
    outer loop
      vertex 3.31057 0.706425 21.8489
      vertex 9.15 0.364405 20.9092
      vertex 9.15 0.706425 21.8489
    endloop
  endfacet
  facet normal 0 -0.939693 0.342018
    outer loop
      vertex 18.85 5.03298 33.736
      vertex 27.65 5.49471 35.0046
      vertex 18.85 5.49471 35.0046
    endloop
  endfacet
  facet normal 0 -0.939693 0.342018
    outer loop
      vertex 27.65 5.49471 35.0046
      vertex 18.85 5.03298 33.736
      vertex 27.65 5.03298 33.736
    endloop
  endfacet
  facet normal 0 -0.939693 0.342018
    outer loop
      vertex -60.65 5.03298 33.736
      vertex -51.85 5.49471 35.0046
      vertex -60.65 5.49471 35.0046
    endloop
  endfacet
  facet normal 0 -0.939693 0.342018
    outer loop
      vertex -51.85 5.49471 35.0046
      vertex -60.65 5.03298 33.736
      vertex -51.85 5.03298 33.736
    endloop
  endfacet
  facet normal 0 -0.93969 0.342028
    outer loop
      vertex -60.65 5.49471 35.0046
      vertex -73.91 6.00774 36.4141
      vertex -70.35 5.49471 35.0046
    endloop
  endfacet
  facet normal -2.57641e-06 -0.939692 0.342023
    outer loop
      vertex -73.91 6.00774 36.4141
      vertex -72.6894 5.03298 33.736
      vertex -70.35 5.49471 35.0046
    endloop
  endfacet
  facet normal -5.43621e-06 -0.939692 0.342021
    outer loop
      vertex -73.91 -0.148625 19.4997
      vertex -72.6894 5.03298 33.736
      vertex -73.91 6.00774 36.4141
    endloop
  endfacet
  facet normal 0 -0.939694 0.342018
    outer loop
      vertex -72.6894 0.706425 21.8489
      vertex -70.35 0.364405 20.9092
      vertex -70.35 0.706425 21.8489
    endloop
  endfacet
  facet normal 0 -0.93969 0.342028
    outer loop
      vertex -73.91 -0.148625 19.4997
      vertex -60.65 0.364405 20.9092
      vertex -70.35 0.364405 20.9092
    endloop
  endfacet
  facet normal 0 -0.93969 0.342028
    outer loop
      vertex -60.65 0.364405 20.9092
      vertex -73.91 -0.148625 19.4997
      vertex -51.85 0.364405 20.9092
    endloop
  endfacet
  facet normal 0 -0.93969 0.342028
    outer loop
      vertex -51.85 0.364405 20.9092
      vertex -73.91 -0.148625 19.4997
      vertex -42.15 0.364405 20.9092
    endloop
  endfacet
  facet normal 0 -0.93969 0.342028
    outer loop
      vertex -42.15 0.364405 20.9092
      vertex -73.91 -0.148625 19.4997
      vertex 9.15 0.364405 20.9092
    endloop
  endfacet
  facet normal 0 -0.93969 0.342028
    outer loop
      vertex 40.91 -0.148625 19.4997
      vertex 9.15 0.364405 20.9092
      vertex -73.91 -0.148625 19.4997
    endloop
  endfacet
  facet normal 0 -0.93969 0.342028
    outer loop
      vertex 9.15 0.364405 20.9092
      vertex 40.91 -0.148625 19.4997
      vertex 18.85 0.364405 20.9092
    endloop
  endfacet
  facet normal 0 -0.93969 0.342028
    outer loop
      vertex 18.85 0.364405 20.9092
      vertex 40.91 -0.148625 19.4997
      vertex 27.65 0.364405 20.9092
    endloop
  endfacet
  facet normal 2.41914e-06 -0.939692 0.342023
    outer loop
      vertex -72.6894 0.706425 21.8489
      vertex -73.91 -0.148625 19.4997
      vertex -70.35 0.364405 20.9092
    endloop
  endfacet
  facet normal 7.89148e-06 -0.939693 0.34202
    outer loop
      vertex -72.6894 5.03298 33.736
      vertex -73.91 -0.148625 19.4997
      vertex -72.6894 0.706425 21.8489
    endloop
  endfacet
  facet normal 0 -0.939694 0.342017
    outer loop
      vertex -34.41 10.796 49.5698
      vertex -33.1265 9.82126 46.8917
      vertex 1.41 10.796 49.5698
    endloop
  endfacet
  facet normal 2.89877e-06 -0.939693 0.342019
    outer loop
      vertex -34.41 6.00774 36.4141
      vertex -33.1265 9.82126 46.8917
      vertex -34.41 10.796 49.5698
    endloop
  endfacet
  facet normal 0 -0.93969 0.342028
    outer loop
      vertex -51.85 5.49471 35.0046
      vertex -73.91 6.00774 36.4141
      vertex -60.65 5.49471 35.0046
    endloop
  endfacet
  facet normal 0 -0.93969 0.342028
    outer loop
      vertex -73.91 6.00774 36.4141
      vertex -51.85 5.49471 35.0046
      vertex -34.41 6.00774 36.4141
    endloop
  endfacet
  facet normal 0 -0.93969 0.342028
    outer loop
      vertex -42.15 5.49471 35.0046
      vertex -34.41 6.00774 36.4141
      vertex -51.85 5.49471 35.0046
    endloop
  endfacet
  facet normal 0 -0.939693 0.342018
    outer loop
      vertex -36.3106 5.03298 33.736
      vertex -42.15 5.49471 35.0046
      vertex -42.15 5.03298 33.736
    endloop
  endfacet
  facet normal 1.11532e-06 -0.939692 0.342023
    outer loop
      vertex -42.15 5.49471 35.0046
      vertex -36.3106 5.03298 33.736
      vertex -34.41 6.00774 36.4141
    endloop
  endfacet
  facet normal 0 -0.939693 0.34202
    outer loop
      vertex -33.1265 0.706425 21.8489
      vertex -36.3106 5.03298 33.736
      vertex -36.3106 0.706425 21.8489
    endloop
  endfacet
  facet normal -1.10082e-05 -0.939693 0.34202
    outer loop
      vertex -34.41 6.00774 36.4141
      vertex -33.1265 0.706425 21.8489
      vertex -33.1265 9.82126 46.8917
    endloop
  endfacet
  facet normal 3.70353e-06 -0.939692 0.342021
    outer loop
      vertex -36.3106 5.03298 33.736
      vertex -33.1265 0.706425 21.8489
      vertex -34.41 6.00774 36.4141
    endloop
  endfacet
  facet normal 0 -0.939694 0.342017
    outer loop
      vertex 0.126506 9.82126 46.8917
      vertex 1.41 10.796 49.5698
      vertex -33.1265 9.82126 46.8917
    endloop
  endfacet
  facet normal -2.89878e-06 -0.939693 0.342019
    outer loop
      vertex 0.126506 9.82126 46.8917
      vertex 1.41 6.00774 36.4141
      vertex 1.41 10.796 49.5698
    endloop
  endfacet
  facet normal 0 -0.93969 0.342028
    outer loop
      vertex 18.85 5.49471 35.0046
      vertex 1.41 6.00774 36.4141
      vertex 9.15 5.49471 35.0046
    endloop
  endfacet
  facet normal -1.11531e-06 -0.939692 0.342023
    outer loop
      vertex 1.41 6.00774 36.4141
      vertex 3.31057 5.03298 33.736
      vertex 9.15 5.49471 35.0046
    endloop
  endfacet
  facet normal 1.10083e-05 -0.939693 0.34202
    outer loop
      vertex 0.126506 0.706425 21.8489
      vertex 1.41 6.00774 36.4141
      vertex 0.126506 9.82126 46.8917
    endloop
  endfacet
  facet normal -3.70358e-06 -0.939692 0.342021
    outer loop
      vertex 0.126506 0.706425 21.8489
      vertex 3.31057 5.03298 33.736
      vertex 1.41 6.00774 36.4141
    endloop
  endfacet
  facet normal 0 -0.939693 0.34202
    outer loop
      vertex 3.31057 5.03298 33.736
      vertex 0.126506 0.706425 21.8489
      vertex 3.31057 0.706425 21.8489
    endloop
  endfacet
  facet normal 0 -0.93969 0.342028
    outer loop
      vertex 1.41 6.00774 36.4141
      vertex 18.85 5.49471 35.0046
      vertex 40.91 6.00774 36.4141
    endloop
  endfacet
  facet normal 0 -0.93969 0.342028
    outer loop
      vertex 27.65 5.49471 35.0046
      vertex 40.91 6.00774 36.4141
      vertex 18.85 5.49471 35.0046
    endloop
  endfacet
  facet normal 0 -0.93969 0.342028
    outer loop
      vertex 37.35 5.49471 35.0046
      vertex 40.91 6.00774 36.4141
      vertex 27.65 5.49471 35.0046
    endloop
  endfacet
  facet normal 0 -0.939693 0.342018
    outer loop
      vertex 39.6894 5.03298 33.736
      vertex 37.35 5.49471 35.0046
      vertex 37.35 5.03298 33.736
    endloop
  endfacet
  facet normal 2.57641e-06 -0.939692 0.342023
    outer loop
      vertex 37.35 5.49471 35.0046
      vertex 39.6894 5.03298 33.736
      vertex 40.91 6.00774 36.4141
    endloop
  endfacet
  facet normal -7.89148e-06 -0.939693 0.34202
    outer loop
      vertex 40.91 -0.148625 19.4997
      vertex 39.6894 5.03298 33.736
      vertex 39.6894 0.706425 21.8489
    endloop
  endfacet
  facet normal 5.43621e-06 -0.939692 0.342021
    outer loop
      vertex 39.6894 5.03298 33.736
      vertex 40.91 -0.148625 19.4997
      vertex 40.91 6.00774 36.4141
    endloop
  endfacet
  facet normal -2.41914e-06 -0.939692 0.342023
    outer loop
      vertex 37.35 0.364405 20.9092
      vertex 40.91 -0.148625 19.4997
      vertex 39.6894 0.706425 21.8489
    endloop
  endfacet
  facet normal 0 -0.93969 0.342028
    outer loop
      vertex 27.65 0.364405 20.9092
      vertex 40.91 -0.148625 19.4997
      vertex 37.35 0.364405 20.9092
    endloop
  endfacet
  facet normal 0 -0.939693 0.342018
    outer loop
      vertex -70.35 5.49471 35.0046
      vertex -72.6894 5.03298 33.736
      vertex -70.35 5.03298 33.736
    endloop
  endfacet
  facet normal 0 -0.939693 0.342018
    outer loop
      vertex 9.15 5.49471 35.0046
      vertex 3.31057 5.03298 33.736
      vertex 9.15 5.03298 33.736
    endloop
  endfacet
  facet normal -0.578478 -0.766506 0.278985
    outer loop
      vertex -74.9014 6.33371 36.2955
      vertex -74.7559 0.0803863 19.4163
      vertex -74.7559 6.23675 36.3308
    endloop
  endfacet
  facet normal -0.578466 -0.766513 0.278988
    outer loop
      vertex -74.7559 0.0803863 19.4163
      vertex -74.9014 6.33371 36.2955
      vertex -74.9014 0.177343 19.381
    endloop
  endfacet
  facet normal 0.0560163 0.938217 -0.341482
    outer loop
      vertex 41.088 2.849 18.4086
      vertex 40.91 9.01475 35.3197
      vertex 41.088 9.00536 35.3231
    endloop
  endfacet
  facet normal 0.0560163 0.938217 -0.341482
    outer loop
      vertex 40.91 9.01475 35.3197
      vertex 41.088 2.849 18.4086
      vertex 40.91 2.85839 18.4052
    endloop
  endfacet
  facet normal 0.0560163 -0.938217 0.341484
    outer loop
      vertex 40.91 -0.148625 19.4997
      vertex 41.088 6.01713 36.4107
      vertex 40.91 6.00774 36.4141
    endloop
  endfacet
  facet normal 0.0562338 -0.938206 0.341478
    outer loop
      vertex 41.088 6.01713 36.4107
      vertex 40.91 -0.148625 19.4997
      vertex 41.088 -0.13923 19.4962
    endloop
  endfacet
  facet normal 0.666151 -0.700839 0.255084
    outer loop
      vertex 41.9013 0.177343 19.381
      vertex 42.0343 6.44535 36.2549
      vertex 41.9013 6.33371 36.2955
    endloop
  endfacet
  facet normal 0.666171 -0.700822 0.255078
    outer loop
      vertex 42.0343 6.44535 36.2549
      vertex 41.9013 0.177343 19.381
      vertex 42.0343 0.28899 19.3404
    endloop
  endfacet
  facet normal 0.985839 -0.157583 0.0573553
    outer loop
      vertex 42.4601 7.16938 35.9913
      vertex 42.49 1.1782 19.0167
      vertex 42.49 7.33456 35.9312
    endloop
  endfacet
  facet normal 0.985844 -0.157553 0.0573448
    outer loop
      vertex 42.49 1.1782 19.0167
      vertex 42.4601 7.16938 35.9913
      vertex 42.4601 1.01302 19.0769
    endloop
  endfacet
  facet normal -0.167485 -0.926419 0.337188
    outer loop
      vertex -74.2638 6.0452 36.4005
      vertex -74.088 -0.13923 19.4962
      vertex -74.088 6.01713 36.4107
    endloop
  endfacet
  facet normal -0.167465 -0.926423 0.33719
    outer loop
      vertex -74.088 -0.13923 19.4962
      vertex -74.2638 6.0452 36.4005
      vertex -74.2638 -0.111164 19.486
    endloop
  endfacet
  facet normal -0.985839 -0.157583 0.0573553
    outer loop
      vertex -75.49 1.1782 19.0167
      vertex -75.4601 7.16938 35.9913
      vertex -75.49 7.33456 35.9312
    endloop
  endfacet
  facet normal -0.985844 -0.157553 0.0573448
    outer loop
      vertex -75.4601 7.16938 35.9913
      vertex -75.49 1.1782 19.0167
      vertex -75.4601 1.01302 19.0769
    endloop
  endfacet
  facet normal -0.578443 0.766529 -0.278993
    outer loop
      vertex -74.7559 8.78574 35.403
      vertex -74.9014 2.53242 18.5238
      vertex -74.9014 8.68879 35.4383
    endloop
  endfacet
  facet normal -0.57835 0.76659 -0.279017
    outer loop
      vertex -74.9014 2.53242 18.5238
      vertex -74.7559 8.78574 35.403
      vertex -74.7559 2.62938 18.4886
    endloop
  endfacet
  facet normal -0.2769 0.90295 -0.328646
    outer loop
      vertex -74.2638 8.97729 35.3333
      vertex -74.4351 2.77455 18.4357
      vertex -74.4351 8.93091 35.3502
    endloop
  endfacet
  facet normal -0.2769 0.90295 -0.328646
    outer loop
      vertex -74.4351 2.77455 18.4357
      vertex -74.2638 8.97729 35.3333
      vertex -74.2638 2.82093 18.4188
    endloop
  endfacet
  facet normal -0.483863 0.822366 -0.299318
    outer loop
      vertex -74.5999 8.86679 35.3735
      vertex -74.7559 2.62938 18.4886
      vertex -74.7559 8.78574 35.403
    endloop
  endfacet
  facet normal -0.483863 0.822366 -0.299318
    outer loop
      vertex -74.7559 2.62938 18.4886
      vertex -74.5999 8.86679 35.3735
      vertex -74.5999 2.71043 18.4591
    endloop
  endfacet
  facet normal 0.2769 0.90295 -0.328646
    outer loop
      vertex 41.4351 2.77455 18.4357
      vertex 41.2638 8.97729 35.3333
      vertex 41.4351 8.93091 35.3502
    endloop
  endfacet
  facet normal 0.2769 0.90295 -0.328646
    outer loop
      vertex 41.2638 8.97729 35.3333
      vertex 41.4351 2.77455 18.4357
      vertex 41.2638 2.82093 18.4188
    endloop
  endfacet
  facet normal 0.382491 0.868237 -0.316014
    outer loop
      vertex 41.5999 2.71043 18.4591
      vertex 41.4351 8.93091 35.3502
      vertex 41.5999 8.86679 35.3735
    endloop
  endfacet
  facet normal 0.382655 0.868174 -0.315989
    outer loop
      vertex 41.4351 8.93091 35.3502
      vertex 41.5999 2.71043 18.4591
      vertex 41.4351 2.77455 18.4357
    endloop
  endfacet
  facet normal 0.167485 0.926419 -0.337188
    outer loop
      vertex 41.2638 2.82093 18.4188
      vertex 41.088 9.00536 35.3231
      vertex 41.2638 8.97729 35.3333
    endloop
  endfacet
  facet normal 0.167485 0.926419 -0.337188
    outer loop
      vertex 41.088 9.00536 35.3231
      vertex 41.2638 2.82093 18.4188
      vertex 41.088 2.849 18.4086
    endloop
  endfacet
  facet normal 0.92376 0.359876 -0.130985
    outer loop
      vertex 42.4108 8.01412 35.6839
      vertex 42.3425 2.01255 18.7131
      vertex 42.3425 8.16891 35.6275
    endloop
  endfacet
  facet normal 0.923739 0.359923 -0.131001
    outer loop
      vertex 42.3425 2.01255 18.7131
      vertex 42.4108 8.01412 35.6839
      vertex 42.4108 1.85775 18.7694
    endloop
  endfacet
  facet normal 0.998426 -0.0526997 0.0191812
    outer loop
      vertex 42.49 7.33456 35.9312
      vertex 42.5 1.34549 18.9559
      vertex 42.5 7.50185 35.8703
    endloop
  endfacet
  facet normal 0.998426 -0.0527098 0.0191848
    outer loop
      vertex 42.5 1.34549 18.9559
      vertex 42.49 7.33456 35.9312
      vertex 42.49 1.1782 19.0167
    endloop
  endfacet
  facet normal 0.961011 0.259834 -0.0945719
    outer loop
      vertex 42.4601 7.85311 35.7425
      vertex 42.4108 1.85775 18.7694
      vertex 42.4108 8.01412 35.6839
    endloop
  endfacet
  facet normal 0.961007 0.259848 -0.0945766
    outer loop
      vertex 42.4108 1.85775 18.7694
      vertex 42.4601 7.85311 35.7425
      vertex 42.4601 1.69675 18.828
    endloop
  endfacet
  facet normal 0.745716 -0.626083 0.227875
    outer loop
      vertex 42.0343 6.44535 36.2549
      vertex 42.1531 0.413923 19.2949
      vertex 42.1531 6.57029 36.2094
    endloop
  endfacet
  facet normal 0.7457 -0.6261 0.227881
    outer loop
      vertex 42.1531 0.413923 19.2949
      vertex 42.0343 6.44535 36.2549
      vertex 42.0343 0.28899 19.3404
    endloop
  endfacet
  facet normal 0.923767 -0.359859 0.130978
    outer loop
      vertex 42.3425 6.85358 36.1063
      vertex 42.4108 0.852013 19.1355
      vertex 42.4108 7.00838 36.0499
    endloop
  endfacet
  facet normal 0.923738 -0.359926 0.131002
    outer loop
      vertex 42.4108 0.852013 19.1355
      vertex 42.3425 6.85358 36.1063
      vertex 42.3425 0.697215 19.1918
    endloop
  endfacet
  facet normal -0.2769 -0.90295 0.328646
    outer loop
      vertex -74.4351 6.09158 36.3836
      vertex -74.2638 -0.111164 19.486
      vertex -74.2638 6.0452 36.4005
    endloop
  endfacet
  facet normal -0.276742 -0.902992 0.328663
    outer loop
      vertex -74.2638 -0.111164 19.486
      vertex -74.4351 6.09158 36.3836
      vertex -74.4351 -0.0647801 19.4692
    endloop
  endfacet
  facet normal -0.0560163 -0.938217 0.341484
    outer loop
      vertex -74.088 6.01713 36.4107
      vertex -73.91 -0.148625 19.4997
      vertex -73.91 6.00774 36.4141
    endloop
  endfacet
  facet normal -0.0562338 -0.938206 0.341478
    outer loop
      vertex -73.91 -0.148625 19.4997
      vertex -74.088 6.01713 36.4107
      vertex -74.088 -0.13923 19.4962
    endloop
  endfacet
  facet normal -0.815533 -0.543809 0.197931
    outer loop
      vertex -75.2563 0.550571 19.2452
      vertex -75.1531 6.57029 36.2094
      vertex -75.2563 6.70693 36.1596
    endloop
  endfacet
  facet normal -0.815483 -0.543876 0.197954
    outer loop
      vertex -75.1531 6.57029 36.2094
      vertex -75.2563 0.550571 19.2452
      vertex -75.1531 0.413923 19.2949
    endloop
  endfacet
  facet normal -7.66349e-05 0.340296 0.940318
    outer loop
      vertex -36 7.52064 35.8635
      vertex -73.91 9.01475 35.3197
      vertex -36 7.50185 35.8703
    endloop
  endfacet
  facet normal 2.80812e-06 0.342077 0.939672
    outer loop
      vertex -35.99 7.68793 35.8026
      vertex -73.91 9.01475 35.3197
      vertex -36 7.52064 35.8635
    endloop
  endfacet
  facet normal -3.50947e-06 0.341917 0.93973
    outer loop
      vertex -35.9601 7.85311 35.7425
      vertex -73.91 9.01475 35.3197
      vertex -35.99 7.68793 35.8026
    endloop
  endfacet
  facet normal -4.45503e-07 0.342006 0.939698
    outer loop
      vertex -35.9108 8.01412 35.6839
      vertex -73.91 9.01475 35.3197
      vertex -35.9601 7.85311 35.7425
    endloop
  endfacet
  facet normal 9.63444e-06 0.342344 0.939575
    outer loop
      vertex -35.8425 8.16891 35.6275
      vertex -73.91 9.01475 35.3197
      vertex -35.9108 8.01412 35.6839
    endloop
  endfacet
  facet normal -9.23942e-06 0.341593 0.939848
    outer loop
      vertex -35.7563 8.31556 35.5742
      vertex -73.91 9.01475 35.3197
      vertex -35.8425 8.16891 35.6275
    endloop
  endfacet
  facet normal 7.96044e-06 0.342422 0.939546
    outer loop
      vertex -35.6531 8.4522 35.5244
      vertex -73.91 9.01475 35.3197
      vertex -35.7563 8.31556 35.5742
    endloop
  endfacet
  facet normal -6.87414e-06 0.341531 0.93987
    outer loop
      vertex -35.5343 8.57714 35.479
      vertex -73.91 9.01475 35.3197
      vertex -35.6531 8.4522 35.5244
    endloop
  endfacet
  facet normal 5.38293e-06 0.342481 0.939525
    outer loop
      vertex -35.4013 8.68879 35.4383
      vertex -73.91 9.01475 35.3197
      vertex -35.5343 8.57714 35.479
    endloop
  endfacet
  facet normal 2.01758e-06 0.342129 0.939653
    outer loop
      vertex -35.2559 8.78574 35.403
      vertex -73.91 9.01475 35.3197
      vertex -35.4013 8.68879 35.4383
    endloop
  endfacet
  facet normal 1.28411e-06 0.34202 0.939693
    outer loop
      vertex -35.0999 8.86679 35.3735
      vertex -73.91 9.01475 35.3197
      vertex -35.2559 8.78574 35.403
    endloop
  endfacet
  facet normal -8.18355e-07 0.341533 0.93987
    outer loop
      vertex -34.9351 8.93091 35.3502
      vertex -73.91 9.01475 35.3197
      vertex -35.0999 8.86679 35.3735
    endloop
  endfacet
  facet normal 1.18915e-06 0.342357 0.93957
    outer loop
      vertex -34.7638 8.97729 35.3333
      vertex -73.91 9.01475 35.3197
      vertex -34.9351 8.93091 35.3502
    endloop
  endfacet
  facet normal 2.89082e-07 0.341526 0.939872
    outer loop
      vertex -34.588 9.00536 35.3231
      vertex -73.91 9.01475 35.3197
      vertex -34.7638 8.97729 35.3333
    endloop
  endfacet
  facet normal -0 0.340456 0.94026
    outer loop
      vertex -73.91 9.01475 35.3197
      vertex -34.588 9.00536 35.3231
      vertex -34.41 9.01475 35.3197
    endloop
  endfacet
  facet normal 4.78555e-07 0.342003 0.939699
    outer loop
      vertex -73.91 6.00774 36.4141
      vertex -36 7.50185 35.8703
      vertex -73.91 9.01475 35.3197
    endloop
  endfacet
  facet normal -2.80812e-06 0.342077 0.939672
    outer loop
      vertex -36 7.50185 35.8703
      vertex -73.91 6.00774 36.4141
      vertex -35.99 7.33456 35.9312
    endloop
  endfacet
  facet normal 3.50947e-06 0.341917 0.93973
    outer loop
      vertex -35.99 7.33456 35.9312
      vertex -73.91 6.00774 36.4141
      vertex -35.9601 7.16938 35.9913
    endloop
  endfacet
  facet normal -1.98689e-07 0.342024 0.939691
    outer loop
      vertex -35.9601 7.16938 35.9913
      vertex -73.91 6.00774 36.4141
      vertex -35.9108 7.00838 36.0499
    endloop
  endfacet
  facet normal -9.14789e-06 0.342324 0.939582
    outer loop
      vertex -35.9108 7.00838 36.0499
      vertex -73.91 6.00774 36.4141
      vertex -35.8425 6.85358 36.1063
    endloop
  endfacet
  facet normal 9.23942e-06 0.341593 0.939848
    outer loop
      vertex -35.8425 6.85358 36.1063
      vertex -73.91 6.00774 36.4141
      vertex -35.7563 6.70693 36.1596
    endloop
  endfacet
  facet normal -7.96044e-06 0.342422 0.939546
    outer loop
      vertex -35.7563 6.70693 36.1596
      vertex -73.91 6.00774 36.4141
      vertex -35.6531 6.57029 36.2094
    endloop
  endfacet
  facet normal -4.03391e-06 0.342186 0.939632
    outer loop
      vertex -35.6531 6.57029 36.2094
      vertex -73.91 6.00774 36.4141
      vertex -35.5343 6.44535 36.2549
    endloop
  endfacet
  facet normal 1.3249e-06 0.341771 0.939783
    outer loop
      vertex -35.5343 6.44535 36.2549
      vertex -73.91 6.00774 36.4141
      vertex -35.4013 6.33371 36.2955
    endloop
  endfacet
  facet normal -1.81039e-06 0.342099 0.939664
    outer loop
      vertex -35.4013 6.33371 36.2955
      vertex -73.91 6.00774 36.4141
      vertex -35.2559 6.23675 36.3308
    endloop
  endfacet
  facet normal -1.28411e-06 0.34202 0.939693
    outer loop
      vertex -35.2559 6.23675 36.3308
      vertex -73.91 6.00774 36.4141
      vertex -35.0999 6.1557 36.3603
    endloop
  endfacet
  facet normal 8.18355e-07 0.341533 0.93987
    outer loop
      vertex -35.0999 6.1557 36.3603
      vertex -73.91 6.00774 36.4141
      vertex -34.9351 6.09158 36.3836
    endloop
  endfacet
  facet normal -1.18915e-06 0.342357 0.93957
    outer loop
      vertex -34.9351 6.09158 36.3836
      vertex -73.91 6.00774 36.4141
      vertex -34.7638 6.0452 36.4005
    endloop
  endfacet
  facet normal 0 0.340456 0.94026
    outer loop
      vertex -34.588 6.01713 36.4107
      vertex -73.91 6.00774 36.4141
      vertex -34.41 6.00774 36.4141
    endloop
  endfacet
  facet normal -2.89082e-07 0.341526 0.939872
    outer loop
      vertex -34.7638 6.0452 36.4005
      vertex -73.91 6.00774 36.4141
      vertex -34.588 6.01713 36.4107
    endloop
  endfacet
  facet normal -9.23147e-05 0.342003 0.939699
    outer loop
      vertex -74.088 9.00536 35.3231
      vertex -73.91 6.00774 36.4141
      vertex -73.91 9.01475 35.3197
    endloop
  endfacet
  facet normal 9.28945e-05 0.342013 0.939695
    outer loop
      vertex -74.088 9.00536 35.3231
      vertex -74.088 6.01713 36.4107
      vertex -73.91 6.00774 36.4141
    endloop
  endfacet
  facet normal -8.76246e-05 0.342013 0.939695
    outer loop
      vertex -74.2638 8.97729 35.3333
      vertex -74.088 6.01713 36.4107
      vertex -74.088 9.00536 35.3231
    endloop
  endfacet
  facet normal 8.9302e-05 0.342022 0.939692
    outer loop
      vertex -74.2638 8.97729 35.3333
      vertex -74.2638 6.0452 36.4005
      vertex -74.088 6.01713 36.4107
    endloop
  endfacet
  facet normal 0.000103994 0.342022 0.939692
    outer loop
      vertex -74.4351 8.93091 35.3502
      vertex -74.2638 6.0452 36.4005
      vertex -74.2638 8.97729 35.3333
    endloop
  endfacet
  facet normal -0.000107392 0.342011 0.939696
    outer loop
      vertex -74.4351 8.93091 35.3502
      vertex -74.4351 6.09158 36.3836
      vertex -74.2638 6.0452 36.4005
    endloop
  endfacet
  facet normal -0.000211304 0.342011 0.939696
    outer loop
      vertex -74.5999 8.86679 35.3735
      vertex -74.4351 6.09158 36.3836
      vertex -74.4351 8.93091 35.3502
    endloop
  endfacet
  facet normal 0.000221298 0.342034 0.939688
    outer loop
      vertex -74.5999 8.86679 35.3735
      vertex -74.5999 6.1557 36.3603
      vertex -74.4351 6.09158 36.3836
    endloop
  endfacet
  facet normal -6.63223e-06 0.342034 0.939688
    outer loop
      vertex -74.7559 8.78574 35.403
      vertex -74.5999 6.1557 36.3603
      vertex -74.5999 8.86679 35.3735
    endloop
  endfacet
  facet normal 7.05399e-06 0.342034 0.939687
    outer loop
      vertex -74.7559 8.78574 35.403
      vertex -74.7559 6.23675 36.3308
      vertex -74.5999 6.1557 36.3603
    endloop
  endfacet
  facet normal 7.38239e-05 0.342034 0.939687
    outer loop
      vertex -74.9014 8.68879 35.4383
      vertex -74.7559 6.23675 36.3308
      vertex -74.7559 8.78574 35.403
    endloop
  endfacet
  facet normal -5.54275e-05 0.342028 0.93969
    outer loop
      vertex -74.9014 8.68879 35.4383
      vertex -74.9014 6.33371 36.2955
      vertex -74.7559 6.23675 36.3308
    endloop
  endfacet
  facet normal 0.000436462 0.342028 0.93969
    outer loop
      vertex -75.0343 8.57714 35.479
      vertex -74.9014 6.33371 36.2955
      vertex -74.9014 8.68879 35.4383
    endloop
  endfacet
  facet normal 0.000234835 0.342017 0.939694
    outer loop
      vertex -75.0343 8.57714 35.479
      vertex -75.0343 6.44535 36.2549
      vertex -74.9014 6.33371 36.2955
    endloop
  endfacet
  facet normal -0.000585062 0.342017 0.939694
    outer loop
      vertex -75.1531 8.4522 35.5244
      vertex -75.0343 6.44535 36.2549
      vertex -75.0343 8.57714 35.479
    endloop
  endfacet
  facet normal -0.000180753 0.342038 0.939686
    outer loop
      vertex -75.1531 8.4522 35.5244
      vertex -75.1531 6.57029 36.2094
      vertex -75.0343 6.44535 36.2549
    endloop
  endfacet
  facet normal 0.000584085 0.342038 0.939686
    outer loop
      vertex -75.2563 8.31556 35.5742
      vertex -75.1531 6.57029 36.2094
      vertex -75.1531 8.4522 35.5244
    endloop
  endfacet
  facet normal -0.000683329 0.341972 0.93971
    outer loop
      vertex -75.2563 8.31556 35.5742
      vertex -75.2563 6.70693 36.1596
      vertex -75.1531 6.57029 36.2094
    endloop
  endfacet
  facet normal -0.000738213 0.341972 0.93971
    outer loop
      vertex -75.3425 8.16891 35.6275
      vertex -75.2563 6.70693 36.1596
      vertex -75.2563 8.31556 35.5742
    endloop
  endfacet
  facet normal 0.000902794 0.342057 0.939679
    outer loop
      vertex -75.3425 8.16891 35.6275
      vertex -75.3425 6.85358 36.1063
      vertex -75.2563 6.70693 36.1596
    endloop
  endfacet
  facet normal 0.00074432 0.342057 0.939679
    outer loop
      vertex -75.4108 8.01412 35.6839
      vertex -75.3425 6.85358 36.1063
      vertex -75.3425 8.16891 35.6275
    endloop
  endfacet
  facet normal -0.000915687 0.341971 0.93971
    outer loop
      vertex -75.4108 8.01412 35.6839
      vertex -75.4108 7.00838 36.0499
      vertex -75.3425 6.85358 36.1063
    endloop
  endfacet
  facet normal 0.000127056 0.341971 0.93971
    outer loop
      vertex -75.4601 7.85311 35.7425
      vertex -75.4108 7.00838 36.0499
      vertex -75.4108 8.01412 35.6839
    endloop
  endfacet
  facet normal -0.000272594 0.341951 0.939718
    outer loop
      vertex -75.4601 7.85311 35.7425
      vertex -75.4601 7.16938 35.9913
      vertex -75.4108 7.00838 36.0499
    endloop
  endfacet
  facet normal -0.000211952 0.341951 0.939718
    outer loop
      vertex -75.49 7.68793 35.8026
      vertex -75.4601 7.16938 35.9913
      vertex -75.4601 7.85311 35.7425
    endloop
  endfacet
  facet normal 0.000410097 0.341982 0.939706
    outer loop
      vertex -75.49 7.68793 35.8026
      vertex -75.49 7.33456 35.9312
      vertex -75.4601 7.16938 35.9913
    endloop
  endfacet
  facet normal 0.00179208 0.341982 0.939705
    outer loop
      vertex -75.5 7.52064 35.8635
      vertex -75.49 7.33456 35.9312
      vertex -75.49 7.68793 35.8026
    endloop
  endfacet
  facet normal -0.0337052 0.340103 0.939784
    outer loop
      vertex -75.49 7.33456 35.9312
      vertex -75.5 7.52064 35.8635
      vertex -75.5 7.50185 35.8703
    endloop
  endfacet
  facet normal -0.0337052 0.340103 0.939784
    outer loop
      vertex 42.49 7.68793 35.8026
      vertex 42.5 7.50185 35.8703
      vertex 42.5 7.52064 35.8635
    endloop
  endfacet
  facet normal 0.00179208 0.341982 0.939705
    outer loop
      vertex 42.49 7.68793 35.8026
      vertex 42.49 7.33456 35.9312
      vertex 42.5 7.50185 35.8703
    endloop
  endfacet
  facet normal 0.000410097 0.341982 0.939706
    outer loop
      vertex 42.4601 7.85311 35.7425
      vertex 42.49 7.33456 35.9312
      vertex 42.49 7.68793 35.8026
    endloop
  endfacet
  facet normal -0.000211952 0.341951 0.939718
    outer loop
      vertex 42.4601 7.85311 35.7425
      vertex 42.4601 7.16938 35.9913
      vertex 42.49 7.33456 35.9312
    endloop
  endfacet
  facet normal -0.000203233 0.341951 0.939718
    outer loop
      vertex 42.4108 8.01412 35.6839
      vertex 42.4601 7.16938 35.9913
      vertex 42.4601 7.85311 35.7425
    endloop
  endfacet
  facet normal 0.000196421 0.341971 0.93971
    outer loop
      vertex 42.4108 8.01412 35.6839
      vertex 42.4108 7.00838 36.0499
      vertex 42.4601 7.16938 35.9913
    endloop
  endfacet
  facet normal -0.000965756 0.341971 0.93971
    outer loop
      vertex 42.3425 8.16891 35.6275
      vertex 42.4108 7.00838 36.0499
      vertex 42.4108 8.01412 35.6839
    endloop
  endfacet
  facet normal 0.000694239 0.342057 0.939679
    outer loop
      vertex 42.3425 8.16891 35.6275
      vertex 42.3425 6.85358 36.1063
      vertex 42.4108 7.00838 36.0499
    endloop
  endfacet
  facet normal 0.000902794 0.342057 0.939679
    outer loop
      vertex 42.2563 8.31556 35.5742
      vertex 42.3425 6.85358 36.1063
      vertex 42.3425 8.16891 35.6275
    endloop
  endfacet
  facet normal -0.000738213 0.341972 0.93971
    outer loop
      vertex 42.2563 8.31556 35.5742
      vertex 42.2563 6.70693 36.1596
      vertex 42.3425 6.85358 36.1063
    endloop
  endfacet
  facet normal -0.000683329 0.341972 0.93971
    outer loop
      vertex 42.1531 8.4522 35.5244
      vertex 42.2563 6.70693 36.1596
      vertex 42.2563 8.31556 35.5742
    endloop
  endfacet
  facet normal 0.000584085 0.342038 0.939686
    outer loop
      vertex 42.1531 8.4522 35.5244
      vertex 42.1531 6.57029 36.2094
      vertex 42.2563 6.70693 36.1596
    endloop
  endfacet
  facet normal 0.000610228 0.342038 0.939686
    outer loop
      vertex 42.0343 8.57714 35.479
      vertex 42.1531 6.57029 36.2094
      vertex 42.1531 8.4522 35.5244
    endloop
  endfacet
  facet normal 0.000205926 0.342017 0.939694
    outer loop
      vertex 42.0343 8.57714 35.479
      vertex 42.0343 6.44535 36.2549
      vertex 42.1531 6.57029 36.2094
    endloop
  endfacet
  facet normal -0.000446163 0.342017 0.939694
    outer loop
      vertex 41.9013 8.68879 35.4383
      vertex 42.0343 6.44535 36.2549
      vertex 42.0343 8.57714 35.479
    endloop
  endfacet
  facet normal -0.000244683 0.342028 0.93969
    outer loop
      vertex 41.9013 8.68879 35.4383
      vertex 41.9013 6.33371 36.2955
      vertex 42.0343 6.44535 36.2549
    endloop
  endfacet
  facet normal -7.89888e-05 0.342028 0.93969
    outer loop
      vertex 41.7559 8.78574 35.403
      vertex 41.9013 6.33371 36.2955
      vertex 41.9013 8.68879 35.4383
    endloop
  endfacet
  facet normal 5.0351e-05 0.342034 0.939687
    outer loop
      vertex 41.7559 8.78574 35.403
      vertex 41.7559 6.23675 36.3308
      vertex 41.9013 6.33371 36.2955
    endloop
  endfacet
  facet normal 7.05399e-06 0.342034 0.939687
    outer loop
      vertex 41.5999 8.86679 35.3735
      vertex 41.7559 6.23675 36.3308
      vertex 41.7559 8.78574 35.403
    endloop
  endfacet
  facet normal -6.63223e-06 0.342034 0.939688
    outer loop
      vertex 41.5999 8.86679 35.3735
      vertex 41.5999 6.1557 36.3603
      vertex 41.7559 6.23675 36.3308
    endloop
  endfacet
  facet normal 0.000221298 0.342034 0.939688
    outer loop
      vertex 41.4351 8.93091 35.3502
      vertex 41.5999 6.1557 36.3603
      vertex 41.5999 8.86679 35.3735
    endloop
  endfacet
  facet normal -0.000211304 0.342011 0.939696
    outer loop
      vertex 41.4351 8.93091 35.3502
      vertex 41.4351 6.09158 36.3836
      vertex 41.5999 6.1557 36.3603
    endloop
  endfacet
  facet normal -0.000107392 0.342011 0.939696
    outer loop
      vertex 41.2638 8.97729 35.3333
      vertex 41.4351 6.09158 36.3836
      vertex 41.4351 8.93091 35.3502
    endloop
  endfacet
  facet normal 0.000103994 0.342022 0.939692
    outer loop
      vertex 41.2638 8.97729 35.3333
      vertex 41.2638 6.0452 36.4005
      vertex 41.4351 6.09158 36.3836
    endloop
  endfacet
  facet normal 8.9302e-05 0.342022 0.939692
    outer loop
      vertex 41.088 9.00536 35.3231
      vertex 41.2638 6.0452 36.4005
      vertex 41.2638 8.97729 35.3333
    endloop
  endfacet
  facet normal -8.76246e-05 0.342013 0.939695
    outer loop
      vertex 41.088 9.00536 35.3231
      vertex 41.088 6.01713 36.4107
      vertex 41.2638 6.0452 36.4005
    endloop
  endfacet
  facet normal 9.28945e-05 0.342013 0.939695
    outer loop
      vertex 40.91 9.01475 35.3197
      vertex 41.088 6.01713 36.4107
      vertex 41.088 9.00536 35.3231
    endloop
  endfacet
  facet normal -9.23147e-05 0.342003 0.939699
    outer loop
      vertex 40.91 9.01475 35.3197
      vertex 40.91 6.00774 36.4141
      vertex 41.088 6.01713 36.4107
    endloop
  endfacet
  facet normal 4.78555e-07 0.342003 0.939699
    outer loop
      vertex 40.91 9.01475 35.3197
      vertex 3 7.52064 35.8635
      vertex 40.91 6.00774 36.4141
    endloop
  endfacet
  facet normal -2.80812e-06 0.342077 0.939672
    outer loop
      vertex 40.91 9.01475 35.3197
      vertex 2.99 7.68793 35.8026
      vertex 3 7.52064 35.8635
    endloop
  endfacet
  facet normal 3.50949e-06 0.341917 0.93973
    outer loop
      vertex 40.91 9.01475 35.3197
      vertex 2.96013 7.85311 35.7425
      vertex 2.99 7.68793 35.8026
    endloop
  endfacet
  facet normal 4.45498e-07 0.342006 0.939698
    outer loop
      vertex 40.91 9.01475 35.3197
      vertex 2.91077 8.01412 35.6839
      vertex 2.96013 7.85311 35.7425
    endloop
  endfacet
  facet normal -9.63455e-06 0.342344 0.939575
    outer loop
      vertex 40.91 9.01475 35.3197
      vertex 2.84254 8.16891 35.6275
      vertex 2.91077 8.01412 35.6839
    endloop
  endfacet
  facet normal 9.23936e-06 0.341593 0.939848
    outer loop
      vertex 40.91 9.01475 35.3197
      vertex 2.75629 8.31556 35.5742
      vertex 2.84254 8.16891 35.6275
    endloop
  endfacet
  facet normal -7.96046e-06 0.342422 0.939546
    outer loop
      vertex 40.91 9.01475 35.3197
      vertex 2.65311 8.4522 35.5244
      vertex 2.75629 8.31556 35.5742
    endloop
  endfacet
  facet normal 6.87413e-06 0.341531 0.93987
    outer loop
      vertex 40.91 9.01475 35.3197
      vertex 2.5343 8.57714 35.479
      vertex 2.65311 8.4522 35.5244
    endloop
  endfacet
  facet normal -5.38296e-06 0.342481 0.939525
    outer loop
      vertex 40.91 9.01475 35.3197
      vertex 2.40135 8.68879 35.4383
      vertex 2.5343 8.57714 35.479
    endloop
  endfacet
  facet normal -2.01758e-06 0.342129 0.939653
    outer loop
      vertex 40.91 9.01475 35.3197
      vertex 2.25593 8.78574 35.403
      vertex 2.40135 8.68879 35.4383
    endloop
  endfacet
  facet normal -1.2841e-06 0.34202 0.939693
    outer loop
      vertex 40.91 9.01475 35.3197
      vertex 2.09987 8.86679 35.3735
      vertex 2.25593 8.78574 35.403
    endloop
  endfacet
  facet normal 8.18358e-07 0.341533 0.93987
    outer loop
      vertex 40.91 9.01475 35.3197
      vertex 1.93514 8.93091 35.3502
      vertex 2.09987 8.86679 35.3735
    endloop
  endfacet
  facet normal -1.18915e-06 0.342357 0.93957
    outer loop
      vertex 40.91 9.01475 35.3197
      vertex 1.76381 8.97729 35.3333
      vertex 1.93514 8.93091 35.3502
    endloop
  endfacet
  facet normal -2.89082e-07 0.341526 0.939872
    outer loop
      vertex 40.91 9.01475 35.3197
      vertex 1.58802 9.00536 35.3231
      vertex 1.76381 8.97729 35.3333
    endloop
  endfacet
  facet normal 0 0.340456 0.94026
    outer loop
      vertex 1.58802 9.00536 35.3231
      vertex 40.91 9.01475 35.3197
      vertex 1.41 9.01475 35.3197
    endloop
  endfacet
  facet normal -7.66349e-05 0.340296 0.940318
    outer loop
      vertex 3 7.50185 35.8703
      vertex 40.91 6.00774 36.4141
      vertex 3 7.52064 35.8635
    endloop
  endfacet
  facet normal 2.80812e-06 0.342077 0.939672
    outer loop
      vertex 2.99 7.33456 35.9312
      vertex 40.91 6.00774 36.4141
      vertex 3 7.50185 35.8703
    endloop
  endfacet
  facet normal -3.50949e-06 0.341917 0.93973
    outer loop
      vertex 2.96013 7.16938 35.9913
      vertex 40.91 6.00774 36.4141
      vertex 2.99 7.33456 35.9312
    endloop
  endfacet
  facet normal 1.98687e-07 0.342024 0.939691
    outer loop
      vertex 2.91077 7.00838 36.0499
      vertex 40.91 6.00774 36.4141
      vertex 2.96013 7.16938 35.9913
    endloop
  endfacet
  facet normal 9.14799e-06 0.342324 0.939582
    outer loop
      vertex 2.84254 6.85358 36.1063
      vertex 40.91 6.00774 36.4141
      vertex 2.91077 7.00838 36.0499
    endloop
  endfacet
  facet normal -9.23936e-06 0.341593 0.939848
    outer loop
      vertex 2.75629 6.70693 36.1596
      vertex 40.91 6.00774 36.4141
      vertex 2.84254 6.85358 36.1063
    endloop
  endfacet
  facet normal 7.96046e-06 0.342422 0.939546
    outer loop
      vertex 2.65311 6.57029 36.2094
      vertex 40.91 6.00774 36.4141
      vertex 2.75629 6.70693 36.1596
    endloop
  endfacet
  facet normal 4.0339e-06 0.342186 0.939632
    outer loop
      vertex 2.5343 6.44535 36.2549
      vertex 40.91 6.00774 36.4141
      vertex 2.65311 6.57029 36.2094
    endloop
  endfacet
  facet normal -1.32491e-06 0.341771 0.939783
    outer loop
      vertex 2.40135 6.33371 36.2955
      vertex 40.91 6.00774 36.4141
      vertex 2.5343 6.44535 36.2549
    endloop
  endfacet
  facet normal 1.81039e-06 0.342099 0.939664
    outer loop
      vertex 2.25593 6.23675 36.3308
      vertex 40.91 6.00774 36.4141
      vertex 2.40135 6.33371 36.2955
    endloop
  endfacet
  facet normal 1.2841e-06 0.34202 0.939693
    outer loop
      vertex 2.09987 6.1557 36.3603
      vertex 40.91 6.00774 36.4141
      vertex 2.25593 6.23675 36.3308
    endloop
  endfacet
  facet normal -8.18358e-07 0.341533 0.93987
    outer loop
      vertex 1.93514 6.09158 36.3836
      vertex 40.91 6.00774 36.4141
      vertex 2.09987 6.1557 36.3603
    endloop
  endfacet
  facet normal 1.18915e-06 0.342357 0.93957
    outer loop
      vertex 1.76381 6.0452 36.4005
      vertex 40.91 6.00774 36.4141
      vertex 1.93514 6.09158 36.3836
    endloop
  endfacet
  facet normal 2.89082e-07 0.341526 0.939872
    outer loop
      vertex 1.58802 6.01713 36.4107
      vertex 40.91 6.00774 36.4141
      vertex 1.76381 6.0452 36.4005
    endloop
  endfacet
  facet normal 0 0.340456 0.94026
    outer loop
      vertex 40.91 6.00774 36.4141
      vertex 1.58802 6.01713 36.4107
      vertex 1.41 6.00774 36.4141
    endloop
  endfacet
  facet normal -0.961011 0.259834 -0.0945719
    outer loop
      vertex -75.4108 1.85775 18.7694
      vertex -75.4601 7.85311 35.7425
      vertex -75.4108 8.01412 35.6839
    endloop
  endfacet
  facet normal -0.961007 0.259848 -0.0945766
    outer loop
      vertex -75.4601 7.85311 35.7425
      vertex -75.4108 1.85775 18.7694
      vertex -75.4601 1.69675 18.828
    endloop
  endfacet
  facet normal -0.875313 0.454394 -0.165386
    outer loop
      vertex -75.2563 2.15919 18.6597
      vertex -75.3425 8.16891 35.6275
      vertex -75.2563 8.31556 35.5742
    endloop
  endfacet
  facet normal -0.875346 0.454339 -0.165366
    outer loop
      vertex -75.3425 8.16891 35.6275
      vertex -75.2563 2.15919 18.6597
      vertex -75.3425 2.01255 18.7131
    endloop
  endfacet
  facet normal -0.815533 0.543809 -0.197931
    outer loop
      vertex -75.1531 2.29584 18.61
      vertex -75.2563 8.31556 35.5742
      vertex -75.1531 8.4522 35.5244
    endloop
  endfacet
  facet normal -0.815487 0.543871 -0.197953
    outer loop
      vertex -75.2563 8.31556 35.5742
      vertex -75.1531 2.29584 18.61
      vertex -75.2563 2.15919 18.6597
    endloop
  endfacet
  facet normal 0.483863 0.822366 -0.299318
    outer loop
      vertex 41.7559 2.62938 18.4886
      vertex 41.5999 8.86679 35.3735
      vertex 41.7559 8.78574 35.403
    endloop
  endfacet
  facet normal 0.483863 0.822366 -0.299318
    outer loop
      vertex 41.5999 8.86679 35.3735
      vertex 41.7559 2.62938 18.4886
      vertex 41.5999 2.71043 18.4591
    endloop
  endfacet
  facet normal 0.578708 0.766352 -0.278929
    outer loop
      vertex 41.9013 2.53242 18.5238
      vertex 41.7559 8.78574 35.403
      vertex 41.9013 8.68879 35.4383
    endloop
  endfacet
  facet normal 0.578615 0.766414 -0.278953
    outer loop
      vertex 41.7559 8.78574 35.403
      vertex 41.9013 2.53242 18.5238
      vertex 41.7559 2.62938 18.4886
    endloop
  endfacet
  facet normal 0.745631 0.626173 -0.227908
    outer loop
      vertex 42.1531 8.4522 35.5244
      vertex 42.0343 2.42078 18.5645
      vertex 42.0343 8.57714 35.479
    endloop
  endfacet
  facet normal 0.745716 0.626083 -0.227876
    outer loop
      vertex 42.0343 2.42078 18.5645
      vertex 42.1531 8.4522 35.5244
      vertex 42.1531 2.29584 18.61
    endloop
  endfacet
  facet normal 0.666287 0.700725 -0.255042
    outer loop
      vertex 42.0343 2.42078 18.5645
      vertex 41.9013 8.68879 35.4383
      vertex 42.0343 8.57714 35.479
    endloop
  endfacet
  facet normal 0.666258 0.700749 -0.255052
    outer loop
      vertex 41.9013 8.68879 35.4383
      vertex 42.0343 2.42078 18.5645
      vertex 41.9013 2.53242 18.5238
    endloop
  endfacet
  facet normal 0.875313 0.454394 -0.165386
    outer loop
      vertex 42.3425 8.16891 35.6275
      vertex 42.2563 2.15919 18.6597
      vertex 42.2563 8.31556 35.5742
    endloop
  endfacet
  facet normal 0.875346 0.454339 -0.165366
    outer loop
      vertex 42.2563 2.15919 18.6597
      vertex 42.3425 8.16891 35.6275
      vertex 42.3425 2.01255 18.7131
    endloop
  endfacet
  facet normal 0.985839 0.157583 -0.0573553
    outer loop
      vertex 42.49 7.68793 35.8026
      vertex 42.4601 1.69675 18.828
      vertex 42.4601 7.85311 35.7425
    endloop
  endfacet
  facet normal 0.985839 0.157583 -0.0573553
    outer loop
      vertex 42.4601 1.69675 18.828
      vertex 42.49 7.68793 35.8026
      vertex 42.49 1.53157 18.8881
    endloop
  endfacet
  facet normal 1 0 0
    outer loop
      vertex 42.5 7.50185 35.8703
      vertex 42.5 1.36428 18.949
      vertex 42.5 7.52064 35.8635
    endloop
  endfacet
  facet normal 1 0 -0
    outer loop
      vertex 42.5 1.36428 18.949
      vertex 42.5 7.50185 35.8703
      vertex 42.5 1.34549 18.9559
    endloop
  endfacet
  facet normal 0.998426 0.0526997 -0.0191811
    outer loop
      vertex 42.5 7.52064 35.8635
      vertex 42.49 1.53157 18.8881
      vertex 42.49 7.68793 35.8026
    endloop
  endfacet
  facet normal 0.998426 0.0526997 -0.0191811
    outer loop
      vertex 42.49 1.53157 18.8881
      vertex 42.5 7.52064 35.8635
      vertex 42.5 1.36428 18.949
    endloop
  endfacet
  facet normal 0.2769 -0.90295 0.328646
    outer loop
      vertex 41.2638 -0.111164 19.486
      vertex 41.4351 6.09158 36.3836
      vertex 41.2638 6.0452 36.4005
    endloop
  endfacet
  facet normal 0.276742 -0.902992 0.328663
    outer loop
      vertex 41.4351 6.09158 36.3836
      vertex 41.2638 -0.111164 19.486
      vertex 41.4351 -0.0647801 19.4692
    endloop
  endfacet
  facet normal 0.167485 -0.926419 0.337188
    outer loop
      vertex 41.088 -0.13923 19.4962
      vertex 41.2638 6.0452 36.4005
      vertex 41.088 6.01713 36.4107
    endloop
  endfacet
  facet normal 0.167465 -0.926423 0.33719
    outer loop
      vertex 41.2638 6.0452 36.4005
      vertex 41.088 -0.13923 19.4962
      vertex 41.2638 -0.111164 19.486
    endloop
  endfacet
  facet normal 0.578743 -0.766329 0.278921
    outer loop
      vertex 41.7559 0.0803863 19.4163
      vertex 41.9013 6.33371 36.2955
      vertex 41.7559 6.23675 36.3308
    endloop
  endfacet
  facet normal 0.578731 -0.766337 0.278923
    outer loop
      vertex 41.9013 6.33371 36.2955
      vertex 41.7559 0.0803863 19.4163
      vertex 41.9013 0.177343 19.381
    endloop
  endfacet
  facet normal 0.483863 -0.822366 0.299316
    outer loop
      vertex 41.5999 -0.000661568 19.4458
      vertex 41.7559 6.23675 36.3308
      vertex 41.5999 6.1557 36.3603
    endloop
  endfacet
  facet normal 0.483854 -0.822371 0.299318
    outer loop
      vertex 41.7559 6.23675 36.3308
      vertex 41.5999 -0.000661568 19.4458
      vertex 41.7559 0.0803863 19.4163
    endloop
  endfacet
  facet normal 0.875313 -0.454394 0.165386
    outer loop
      vertex 42.2563 6.70693 36.1596
      vertex 42.3425 0.697215 19.1918
      vertex 42.3425 6.85358 36.1063
    endloop
  endfacet
  facet normal 0.875351 -0.45433 0.165363
    outer loop
      vertex 42.3425 0.697215 19.1918
      vertex 42.2563 6.70693 36.1596
      vertex 42.2563 0.550571 19.2452
    endloop
  endfacet
  facet normal -0.923767 -0.359859 0.130978
    outer loop
      vertex -75.4108 0.852013 19.1355
      vertex -75.3425 6.85358 36.1063
      vertex -75.4108 7.00838 36.0499
    endloop
  endfacet
  facet normal -0.923738 -0.359926 0.131002
    outer loop
      vertex -75.3425 6.85358 36.1063
      vertex -75.4108 0.852013 19.1355
      vertex -75.3425 0.697215 19.1918
    endloop
  endfacet
  facet normal -0.875313 -0.454394 0.165386
    outer loop
      vertex -75.3425 0.697215 19.1918
      vertex -75.2563 6.70693 36.1596
      vertex -75.3425 6.85358 36.1063
    endloop
  endfacet
  facet normal -0.875351 -0.45433 0.165363
    outer loop
      vertex -75.2563 6.70693 36.1596
      vertex -75.3425 0.697215 19.1918
      vertex -75.2563 0.550571 19.2452
    endloop
  endfacet
  facet normal -0.483863 -0.822366 0.299316
    outer loop
      vertex -74.7559 6.23675 36.3308
      vertex -74.5999 -0.000661568 19.4458
      vertex -74.5999 6.1557 36.3603
    endloop
  endfacet
  facet normal -0.483854 -0.822371 0.299318
    outer loop
      vertex -74.5999 -0.000661568 19.4458
      vertex -74.7559 6.23675 36.3308
      vertex -74.7559 0.0803863 19.4163
    endloop
  endfacet
  facet normal -0.745716 -0.626083 0.227875
    outer loop
      vertex -75.1531 0.413923 19.2949
      vertex -75.0343 6.44535 36.2549
      vertex -75.1531 6.57029 36.2094
    endloop
  endfacet
  facet normal -0.7457 -0.6261 0.227881
    outer loop
      vertex -75.0343 6.44535 36.2549
      vertex -75.1531 0.413923 19.2949
      vertex -75.0343 0.28899 19.3404
    endloop
  endfacet
  facet normal -0.66643 -0.700605 0.254999
    outer loop
      vertex -75.0343 6.44535 36.2549
      vertex -74.9014 0.177343 19.381
      vertex -74.9014 6.33371 36.2955
    endloop
  endfacet
  facet normal -0.66645 -0.700588 0.254992
    outer loop
      vertex -74.9014 0.177343 19.381
      vertex -75.0343 6.44535 36.2549
      vertex -75.0343 0.28899 19.3404
    endloop
  endfacet
  facet normal -0.998426 0.0526997 -0.0191811
    outer loop
      vertex -75.49 1.53157 18.8881
      vertex -75.5 7.52064 35.8635
      vertex -75.49 7.68793 35.8026
    endloop
  endfacet
  facet normal -0.998426 0.0526997 -0.0191811
    outer loop
      vertex -75.5 7.52064 35.8635
      vertex -75.49 1.53157 18.8881
      vertex -75.5 1.36428 18.949
    endloop
  endfacet
  facet normal -0.998426 -0.0526997 0.0191812
    outer loop
      vertex -75.5 1.34549 18.9559
      vertex -75.49 7.33456 35.9312
      vertex -75.5 7.50185 35.8703
    endloop
  endfacet
  facet normal -0.998426 -0.0527098 0.0191848
    outer loop
      vertex -75.49 7.33456 35.9312
      vertex -75.5 1.34549 18.9559
      vertex -75.49 1.1782 19.0167
    endloop
  endfacet
  facet normal -0.92376 0.359876 -0.130985
    outer loop
      vertex -75.3425 2.01255 18.7131
      vertex -75.4108 8.01412 35.6839
      vertex -75.3425 8.16891 35.6275
    endloop
  endfacet
  facet normal -0.923739 0.359923 -0.131001
    outer loop
      vertex -75.4108 8.01412 35.6839
      vertex -75.3425 2.01255 18.7131
      vertex -75.4108 1.85775 18.7694
    endloop
  endfacet
  facet normal -0.745631 0.626173 -0.227908
    outer loop
      vertex -75.0343 2.42078 18.5645
      vertex -75.1531 8.4522 35.5244
      vertex -75.0343 8.57714 35.479
    endloop
  endfacet
  facet normal -0.745716 0.626083 -0.227876
    outer loop
      vertex -75.1531 8.4522 35.5244
      vertex -75.0343 2.42078 18.5645
      vertex -75.1531 2.29584 18.61
    endloop
  endfacet
  facet normal 0.815533 0.543809 -0.197931
    outer loop
      vertex 42.2563 8.31556 35.5742
      vertex 42.1531 2.29584 18.61
      vertex 42.1531 8.4522 35.5244
    endloop
  endfacet
  facet normal 0.815487 0.543871 -0.197953
    outer loop
      vertex 42.1531 2.29584 18.61
      vertex 42.2563 8.31556 35.5742
      vertex 42.2563 2.15919 18.6597
    endloop
  endfacet
  facet normal 0.382491 -0.868237 0.316014
    outer loop
      vertex 41.4351 -0.0647801 19.4692
      vertex 41.5999 6.1557 36.3603
      vertex 41.4351 6.09158 36.3836
    endloop
  endfacet
  facet normal 0.382648 -0.868177 0.31599
    outer loop
      vertex 41.5999 6.1557 36.3603
      vertex 41.4351 -0.0647801 19.4692
      vertex 41.5999 -0.000661568 19.4458
    endloop
  endfacet
  facet normal -0.961007 -0.259847 0.0945771
    outer loop
      vertex -75.4601 1.01302 19.0769
      vertex -75.4108 7.00838 36.0499
      vertex -75.4601 7.16938 35.9913
    endloop
  endfacet
  facet normal -0.96101 -0.259838 0.0945738
    outer loop
      vertex -75.4108 7.00838 36.0499
      vertex -75.4601 1.01302 19.0769
      vertex -75.4108 0.852013 19.1355
    endloop
  endfacet
  facet normal -1 0 0
    outer loop
      vertex -75.5 1.36428 18.949
      vertex -75.5 7.50185 35.8703
      vertex -75.5 7.52064 35.8635
    endloop
  endfacet
  facet normal -1 0 0
    outer loop
      vertex -75.5 7.50185 35.8703
      vertex -75.5 1.36428 18.949
      vertex -75.5 1.34549 18.9559
    endloop
  endfacet
  facet normal 0.0591911 -0.344105 -0.937063
    outer loop
      vertex 42.49 1.1782 19.0167
      vertex 42.5 1.36428 18.949
      vertex 42.5 1.34549 18.9559
    endloop
  endfacet
  facet normal 0.00179208 -0.341982 -0.939705
    outer loop
      vertex 42.49 1.1782 19.0167
      vertex 42.49 1.53157 18.8881
      vertex 42.5 1.36428 18.949
    endloop
  endfacet
  facet normal -0.00273272 -0.341981 -0.939703
    outer loop
      vertex 42.4601 1.01302 19.0769
      vertex 42.49 1.53157 18.8881
      vertex 42.49 1.1782 19.0167
    endloop
  endfacet
  facet normal -0.000971181 -0.342072 -0.939673
    outer loop
      vertex 42.4601 1.01302 19.0769
      vertex 42.4601 1.69675 18.828
      vertex 42.49 1.53157 18.8881
    endloop
  endfacet
  facet normal 0.000224808 -0.342072 -0.939674
    outer loop
      vertex 42.4108 0.852013 19.1355
      vertex 42.4601 1.69675 18.828
      vertex 42.4601 1.01302 19.0769
    endloop
  endfacet
  facet normal -0.000112039 -0.342055 -0.93968
    outer loop
      vertex 42.4108 0.852013 19.1355
      vertex 42.4108 1.85775 18.7694
      vertex 42.4601 1.69675 18.828
    endloop
  endfacet
  facet normal 0.000664211 -0.342054 -0.93968
    outer loop
      vertex 42.3425 0.697215 19.1918
      vertex 42.4108 1.85775 18.7694
      vertex 42.4108 0.852013 19.1355
    endloop
  endfacet
  facet normal -0.000516721 -0.341993 -0.939702
    outer loop
      vertex 42.3425 0.697215 19.1918
      vertex 42.3425 2.01255 18.7131
      vertex 42.4108 1.85775 18.7694
    endloop
  endfacet
  facet normal -0.000334884 -0.341993 -0.939702
    outer loop
      vertex 42.2563 0.550571 19.2452
      vertex 42.3425 2.01255 18.7131
      vertex 42.3425 0.697215 19.1918
    endloop
  endfacet
  facet normal 0.000288248 -0.342026 -0.939691
    outer loop
      vertex 42.2563 0.550571 19.2452
      vertex 42.2563 2.15919 18.6597
      vertex 42.3425 2.01255 18.7131
    endloop
  endfacet
  facet normal 0.000334192 -0.342026 -0.939691
    outer loop
      vertex 42.1531 0.413923 19.2949
      vertex 42.2563 2.15919 18.6597
      vertex 42.2563 0.550571 19.2452
    endloop
  endfacet
  facet normal -0.00029181 -0.341993 -0.939702
    outer loop
      vertex 42.1531 0.413923 19.2949
      vertex 42.1531 2.29584 18.61
      vertex 42.2563 2.15919 18.6597
    endloop
  endfacet
  facet normal -0.00025476 -0.341993 -0.939703
    outer loop
      vertex 42.0343 0.28899 19.3404
      vertex 42.1531 2.29584 18.61
      vertex 42.1531 0.413923 19.2949
    endloop
  endfacet
  facet normal 0.000205926 -0.342017 -0.939694
    outer loop
      vertex 42.0343 0.28899 19.3404
      vertex 42.0343 2.42078 18.5645
      vertex 42.1531 2.29584 18.61
    endloop
  endfacet
  facet normal 0.000252659 -0.342017 -0.939694
    outer loop
      vertex 41.9013 0.177343 19.381
      vertex 42.0343 2.42078 18.5645
      vertex 42.0343 0.28899 19.3404
    endloop
  endfacet
  facet normal 0.000461485 -0.342028 -0.93969
    outer loop
      vertex 41.9013 0.177343 19.381
      vertex 41.9013 2.53242 18.5238
      vertex 42.0343 2.42078 18.5645
    endloop
  endfacet
  facet normal -6.29377e-05 -0.342028 -0.93969
    outer loop
      vertex 41.7559 0.0803863 19.4163
      vertex 41.9013 2.53242 18.5238
      vertex 41.9013 0.177343 19.381
    endloop
  endfacet
  facet normal -0.000571019 -0.342001 -0.939699
    outer loop
      vertex 41.7559 0.0803863 19.4163
      vertex 41.7559 2.62938 18.4886
      vertex 41.9013 2.53242 18.5238
    endloop
  endfacet
  facet normal -1.70314e-05 -0.342001 -0.939699
    outer loop
      vertex 41.5999 -0.000661568 19.4458
      vertex 41.7559 2.62938 18.4886
      vertex 41.7559 0.0803863 19.4163
    endloop
  endfacet
  facet normal 1.14788e-05 -0.342003 -0.939699
    outer loop
      vertex 41.5999 -0.000661568 19.4458
      vertex 41.5999 2.71043 18.4591
      vertex 41.7559 2.62938 18.4886
    endloop
  endfacet
  facet normal -0.000365515 -0.342003 -0.939699
    outer loop
      vertex 41.4351 -0.0647801 19.4692
      vertex 41.5999 2.71043 18.4591
      vertex 41.5999 -0.000661568 19.4458
    endloop
  endfacet
  facet normal 0.000346023 -0.34204 -0.939685
    outer loop
      vertex 41.4351 -0.0647801 19.4692
      vertex 41.4351 2.77455 18.4357
      vertex 41.5999 2.71043 18.4591
    endloop
  endfacet
  facet normal 0.000457915 -0.34204 -0.939685
    outer loop
      vertex 41.2638 -0.111164 19.486
      vertex 41.4351 2.77455 18.4357
      vertex 41.4351 -0.0647801 19.4692
    endloop
  endfacet
  facet normal 0.00010412 -0.342022 -0.939692
    outer loop
      vertex 41.2638 -0.111164 19.486
      vertex 41.2638 2.82093 18.4188
      vertex 41.4351 2.77455 18.4357
    endloop
  endfacet
  facet normal 8.14455e-05 -0.342022 -0.939692
    outer loop
      vertex 41.088 -0.13923 19.4962
      vertex 41.2638 2.82093 18.4188
      vertex 41.2638 -0.111164 19.486
    endloop
  endfacet
  facet normal -8.76246e-05 -0.342013 -0.939695
    outer loop
      vertex 41.088 -0.13923 19.4962
      vertex 41.088 2.849 18.4086
      vertex 41.2638 2.82093 18.4188
    endloop
  endfacet
  facet normal -0.000425417 -0.342013 -0.939695
    outer loop
      vertex 40.91 -0.148625 19.4997
      vertex 41.088 2.849 18.4086
      vertex 41.088 -0.13923 19.4962
    endloop
  endfacet
  facet normal -9.39323e-05 -0.34203 -0.939689
    outer loop
      vertex 40.91 -0.148625 19.4997
      vertex 40.91 2.85839 18.4052
      vertex 41.088 2.849 18.4086
    endloop
  endfacet
  facet normal 0 -0.34203 -0.939689
    outer loop
      vertex -73.91 -0.148625 19.4997
      vertex 40.91 2.85839 18.4052
      vertex 40.91 -0.148625 19.4997
    endloop
  endfacet
  facet normal 0 -0.34203 -0.939689
    outer loop
      vertex -73.91 -0.148625 19.4997
      vertex -73.91 2.85839 18.4052
      vertex 40.91 2.85839 18.4052
    endloop
  endfacet
  facet normal 0.000424375 -0.34203 -0.939689
    outer loop
      vertex -74.088 -0.13923 19.4962
      vertex -73.91 2.85839 18.4052
      vertex -73.91 -0.148625 19.4997
    endloop
  endfacet
  facet normal 9.28945e-05 -0.342013 -0.939695
    outer loop
      vertex -74.088 -0.13923 19.4962
      vertex -74.088 2.849 18.4086
      vertex -73.91 2.85839 18.4052
    endloop
  endfacet
  facet normal -7.98428e-05 -0.342013 -0.939695
    outer loop
      vertex -74.2638 -0.111164 19.486
      vertex -74.088 2.849 18.4086
      vertex -74.088 -0.13923 19.4962
    endloop
  endfacet
  facet normal 8.92275e-05 -0.342022 -0.939692
    outer loop
      vertex -74.2638 -0.111164 19.486
      vertex -74.2638 2.82093 18.4188
      vertex -74.088 2.849 18.4086
    endloop
  endfacet
  facet normal -0.000452232 -0.342022 -0.939692
    outer loop
      vertex -74.4351 -0.0647801 19.4692
      vertex -74.2638 2.82093 18.4188
      vertex -74.2638 -0.111164 19.486
    endloop
  endfacet
  facet normal -9.84333e-05 -0.34204 -0.939685
    outer loop
      vertex -74.4351 -0.0647801 19.4692
      vertex -74.4351 2.77455 18.4357
      vertex -74.2638 2.82093 18.4188
    endloop
  endfacet
  facet normal 0.00034907 -0.34204 -0.939685
    outer loop
      vertex -74.5999 -0.000661568 19.4458
      vertex -74.4351 2.77455 18.4357
      vertex -74.4351 -0.0647801 19.4692
    endloop
  endfacet
  facet normal -0.000362468 -0.342003 -0.939699
    outer loop
      vertex -74.5999 -0.000661568 19.4458
      vertex -74.5999 2.71043 18.4591
      vertex -74.4351 2.77455 18.4357
    endloop
  endfacet
  facet normal 1.61528e-05 -0.342003 -0.939699
    outer loop
      vertex -74.7559 0.0803863 19.4163
      vertex -74.5999 2.71043 18.4591
      vertex -74.5999 -0.000661568 19.4458
    endloop
  endfacet
  facet normal -1.23574e-05 -0.342001 -0.939699
    outer loop
      vertex -74.7559 0.0803863 19.4163
      vertex -74.7559 2.62938 18.4886
      vertex -74.5999 2.71043 18.4591
    endloop
  endfacet
  facet normal 8.29715e-05 -0.342001 -0.939699
    outer loop
      vertex -74.9014 0.177343 19.381
      vertex -74.7559 2.62938 18.4886
      vertex -74.7559 0.0803863 19.4163
    endloop
  endfacet
  facet normal 0.000590698 -0.342028 -0.93969
    outer loop
      vertex -74.9014 0.177343 19.381
      vertex -74.9014 2.53242 18.5238
      vertex -74.7559 2.62938 18.4886
    endloop
  endfacet
  facet normal -0.000263248 -0.342028 -0.93969
    outer loop
      vertex -75.0343 0.28899 19.3404
      vertex -74.9014 2.53242 18.5238
      vertex -74.9014 0.177343 19.381
    endloop
  endfacet
  facet normal -0.000472233 -0.342017 -0.939694
    outer loop
      vertex -75.0343 0.28899 19.3404
      vertex -75.0343 2.42078 18.5645
      vertex -74.9014 2.53242 18.5238
    endloop
  endfacet
  facet normal 0.000226078 -0.342017 -0.939694
    outer loop
      vertex -75.1531 0.413923 19.2949
      vertex -75.0343 2.42078 18.5645
      vertex -75.0343 0.28899 19.3404
    endloop
  endfacet
  facet normal -0.000234609 -0.341993 -0.939703
    outer loop
      vertex -75.1531 0.413923 19.2949
      vertex -75.1531 2.29584 18.61
      vertex -75.0343 2.42078 18.5645
    endloop
  endfacet
  facet normal -0.000285182 -0.341993 -0.939702
    outer loop
      vertex -75.2563 0.550571 19.2452
      vertex -75.1531 2.29584 18.61
      vertex -75.1531 0.413923 19.2949
    endloop
  endfacet
  facet normal 0.00034082 -0.342026 -0.939691
    outer loop
      vertex -75.2563 0.550571 19.2452
      vertex -75.2563 2.15919 18.6597
      vertex -75.1531 2.29584 18.61
    endloop
  endfacet
  facet normal 0.000272377 -0.342026 -0.939691
    outer loop
      vertex -75.3425 0.697215 19.1918
      vertex -75.2563 2.15919 18.6597
      vertex -75.2563 0.550571 19.2452
    endloop
  endfacet
  facet normal -0.000350754 -0.341993 -0.939702
    outer loop
      vertex -75.3425 0.697215 19.1918
      vertex -75.3425 2.01255 18.7131
      vertex -75.2563 2.15919 18.6597
    endloop
  endfacet
  facet normal -0.000506706 -0.341993 -0.939702
    outer loop
      vertex -75.4108 0.852013 19.1355
      vertex -75.3425 2.01255 18.7131
      vertex -75.3425 0.697215 19.1918
    endloop
  endfacet
  facet normal 0.000674227 -0.342054 -0.93968
    outer loop
      vertex -75.4108 0.852013 19.1355
      vertex -75.4108 1.85775 18.7694
      vertex -75.3425 2.01255 18.7131
    endloop
  endfacet
  facet normal -0.000160606 -0.342055 -0.93968
    outer loop
      vertex -75.4601 1.01302 19.0769
      vertex -75.4108 1.85775 18.7694
      vertex -75.4108 0.852013 19.1355
    endloop
  endfacet
  facet normal 0.000176238 -0.342072 -0.939674
    outer loop
      vertex -75.4601 1.01302 19.0769
      vertex -75.4601 1.69675 18.828
      vertex -75.4108 1.85775 18.7694
    endloop
  endfacet
  facet normal 0.00217154 -0.342071 -0.939672
    outer loop
      vertex -75.49 1.1782 19.0167
      vertex -75.4601 1.69675 18.828
      vertex -75.4601 1.01302 19.0769
    endloop
  endfacet
  facet normal 0.000410097 -0.341982 -0.939706
    outer loop
      vertex -75.49 1.1782 19.0167
      vertex -75.49 1.53157 18.8881
      vertex -75.4601 1.69675 18.828
    endloop
  endfacet
  facet normal -0.00760476 -0.341972 -0.939679
    outer loop
      vertex -75.5 1.34549 18.9559
      vertex -75.49 1.53157 18.8881
      vertex -75.49 1.1782 19.0167
    endloop
  endfacet
  facet normal 0.0498459 -0.344281 -0.937542
    outer loop
      vertex -75.49 1.53157 18.8881
      vertex -75.5 1.34549 18.9559
      vertex -75.5 1.36428 18.949
    endloop
  endfacet
  facet normal -0.0560688 0.938215 -0.341479
    outer loop
      vertex -34.41 13.803 48.4754
      vertex -34.588 9.00536 35.3231
      vertex -34.588 13.7936 48.4788
    endloop
  endfacet
  facet normal -0.0560163 0.938218 -0.341481
    outer loop
      vertex -34.588 9.00536 35.3231
      vertex -34.41 13.803 48.4754
      vertex -34.41 9.01475 35.3197
    endloop
  endfacet
  facet normal 0.960918 -0.260139 0.0946837
    outer loop
      vertex 2.91077 11.7967 49.2056
      vertex 2.96013 7.16938 35.9913
      vertex 2.96013 11.9577 49.147
    endloop
  endfacet
  facet normal 0.960918 -0.260139 0.0946837
    outer loop
      vertex 2.96013 7.16938 35.9913
      vertex 2.91077 11.7967 49.2056
      vertex 2.91077 7.00838 36.0499
    endloop
  endfacet
  facet normal -0.167639 -0.926395 0.337179
    outer loop
      vertex -34.7638 10.8335 49.5562
      vertex -34.588 6.01713 36.4107
      vertex -34.588 10.8054 49.5664
    endloop
  endfacet
  facet normal -0.167485 -0.926419 0.33719
    outer loop
      vertex -34.588 6.01713 36.4107
      vertex -34.7638 10.8335 49.5562
      vertex -34.7638 6.0452 36.4005
    endloop
  endfacet
  facet normal -0.578532 0.766469 -0.278973
    outer loop
      vertex -35.2559 13.574 48.5587
      vertex -35.4013 8.68879 35.4383
      vertex -35.4013 13.4771 48.594
    endloop
  endfacet
  facet normal -0.578708 0.766353 -0.278928
    outer loop
      vertex -35.4013 8.68879 35.4383
      vertex -35.2559 13.574 48.5587
      vertex -35.2559 8.78574 35.403
    endloop
  endfacet
  facet normal 0.0560626 0.938216 -0.34148
    outer loop
      vertex 1.58802 9.00536 35.3231
      vertex 1.41 13.803 48.4754
      vertex 1.58802 13.7936 48.4788
    endloop
  endfacet
  facet normal 0.05601 0.938218 -0.341481
    outer loop
      vertex 1.41 13.803 48.4754
      vertex 1.58802 9.00536 35.3231
      vertex 1.41 9.01475 35.3197
    endloop
  endfacet
  facet normal 0.167136 0.926474 -0.337211
    outer loop
      vertex 1.76381 8.97729 35.3333
      vertex 1.58802 13.7936 48.4788
      vertex 1.76381 13.7656 48.489
    endloop
  endfacet
  facet normal 0.167495 0.926419 -0.337186
    outer loop
      vertex 1.58802 13.7936 48.4788
      vertex 1.76381 8.97729 35.3333
      vertex 1.58802 9.00536 35.3231
    endloop
  endfacet
  facet normal -0.578883 -0.766236 0.278885
    outer loop
      vertex -35.4013 11.122 49.4512
      vertex -35.2559 6.23675 36.3308
      vertex -35.2559 11.025 49.4865
    endloop
  endfacet
  facet normal -0.578743 -0.766329 0.278921
    outer loop
      vertex -35.2559 6.23675 36.3308
      vertex -35.4013 11.122 49.4512
      vertex -35.4013 6.33371 36.2955
    endloop
  endfacet
  facet normal -0.923767 -0.359859 0.130979
    outer loop
      vertex -35.9108 7.00838 36.0499
      vertex -35.8425 11.6419 49.262
      vertex -35.9108 11.7967 49.2056
    endloop
  endfacet
  facet normal -0.923767 -0.359859 0.130979
    outer loop
      vertex -35.8425 11.6419 49.262
      vertex -35.9108 7.00838 36.0499
      vertex -35.8425 6.85358 36.1063
    endloop
  endfacet
  facet normal -0.815639 0.543669 -0.19788
    outer loop
      vertex -35.6531 8.4522 35.5244
      vertex -35.7563 13.1038 48.7299
      vertex -35.6531 13.2405 48.6801
    endloop
  endfacet
  facet normal -0.815533 0.54381 -0.197929
    outer loop
      vertex -35.7563 13.1038 48.7299
      vertex -35.6531 8.4522 35.5244
      vertex -35.7563 8.31556 35.5742
    endloop
  endfacet
  facet normal -0.167127 0.926476 -0.337211
    outer loop
      vertex -34.588 13.7936 48.4788
      vertex -34.7638 8.97729 35.3333
      vertex -34.7638 13.7656 48.489
    endloop
  endfacet
  facet normal -0.167485 0.92642 -0.337186
    outer loop
      vertex -34.7638 8.97729 35.3333
      vertex -34.588 13.7936 48.4788
      vertex -34.588 9.00536 35.3231
    endloop
  endfacet
  facet normal 0.276952 0.902935 -0.328642
    outer loop
      vertex 1.93514 8.93091 35.3502
      vertex 1.76381 13.7656 48.489
      vertex 1.93514 13.7192 48.5059
    endloop
  endfacet
  facet normal 0.276855 0.902961 -0.328653
    outer loop
      vertex 1.76381 13.7656 48.489
      vertex 1.93514 8.93091 35.3502
      vertex 1.76381 8.97729 35.3333
    endloop
  endfacet
  facet normal 0.98587 0.157413 -0.0572936
    outer loop
      vertex 2.99 12.4762 48.9583
      vertex 2.96013 7.85311 35.7425
      vertex 2.96013 12.6414 48.8982
    endloop
  endfacet
  facet normal 0.985867 0.157429 -0.0572994
    outer loop
      vertex 2.96013 7.85311 35.7425
      vertex 2.99 12.4762 48.9583
      vertex 2.99 7.68793 35.8026
    endloop
  endfacet
  facet normal 0.815692 0.543599 -0.197855
    outer loop
      vertex 2.75629 13.1038 48.7299
      vertex 2.65311 8.4522 35.5244
      vertex 2.65311 13.2405 48.6801
    endloop
  endfacet
  facet normal 0.815586 0.54374 -0.197903
    outer loop
      vertex 2.65311 8.4522 35.5244
      vertex 2.75629 13.1038 48.7299
      vertex 2.75629 8.31556 35.5742
    endloop
  endfacet
  facet normal 0.38254 -0.868218 0.316008
    outer loop
      vertex 1.93514 6.09158 36.3836
      vertex 2.09987 10.944 49.516
      vertex 1.93514 10.8799 49.5393
    endloop
  endfacet
  facet normal 0.38263 -0.868183 0.315994
    outer loop
      vertex 2.09987 10.944 49.516
      vertex 1.93514 6.09158 36.3836
      vertex 2.09987 6.1557 36.3603
    endloop
  endfacet
  facet normal 0.985855 -0.157495 0.0573229
    outer loop
      vertex 2.96013 11.9577 49.147
      vertex 2.99 7.33456 35.9312
      vertex 2.99 12.1228 49.0869
    endloop
  endfacet
  facet normal 0.985867 -0.157429 0.0572999
    outer loop
      vertex 2.99 7.33456 35.9312
      vertex 2.96013 11.9577 49.147
      vertex 2.96013 7.16938 35.9913
    endloop
  endfacet
  facet normal -0.0560688 -0.938215 0.341481
    outer loop
      vertex -34.588 10.8054 49.5664
      vertex -34.41 6.00774 36.4141
      vertex -34.41 10.796 49.5698
    endloop
  endfacet
  facet normal -0.0560163 -0.938217 0.341482
    outer loop
      vertex -34.41 6.00774 36.4141
      vertex -34.588 10.8054 49.5664
      vertex -34.588 6.01713 36.4107
    endloop
  endfacet
  facet normal -0.382401 -0.868272 0.316028
    outer loop
      vertex -35.0999 10.944 49.516
      vertex -34.9351 6.09158 36.3836
      vertex -34.9351 10.8799 49.5393
    endloop
  endfacet
  facet normal -0.382491 -0.868237 0.316014
    outer loop
      vertex -34.9351 6.09158 36.3836
      vertex -35.0999 10.944 49.516
      vertex -35.0999 6.1557 36.3603
    endloop
  endfacet
  facet normal -0.998426 0.0526969 -0.0191801
    outer loop
      vertex -35.99 7.68793 35.8026
      vertex -36 12.3089 49.0192
      vertex -35.99 12.4762 48.9583
    endloop
  endfacet
  facet normal -0.998426 0.0526997 -0.019181
    outer loop
      vertex -36 12.3089 49.0192
      vertex -35.99 7.68793 35.8026
      vertex -36 7.52064 35.8635
    endloop
  endfacet
  facet normal -0.923767 0.359859 -0.130978
    outer loop
      vertex -35.8425 8.16891 35.6275
      vertex -35.9108 12.8024 48.8396
      vertex -35.8425 12.9572 48.7832
    endloop
  endfacet
  facet normal -0.92376 0.359876 -0.130984
    outer loop
      vertex -35.9108 12.8024 48.8396
      vertex -35.8425 8.16891 35.6275
      vertex -35.9108 8.01412 35.6839
    endloop
  endfacet
  facet normal -0.382401 0.868272 -0.316027
    outer loop
      vertex -34.9351 13.7192 48.5059
      vertex -35.0999 8.86679 35.3735
      vertex -35.0999 13.6551 48.5292
    endloop
  endfacet
  facet normal -0.382491 0.868238 -0.316013
    outer loop
      vertex -35.0999 8.86679 35.3735
      vertex -34.9351 13.7192 48.5059
      vertex -34.9351 8.93091 35.3502
    endloop
  endfacet
  facet normal -0.276997 0.902923 -0.328638
    outer loop
      vertex -34.7638 13.7656 48.489
      vertex -34.9351 8.93091 35.3502
      vertex -34.9351 13.7192 48.5059
    endloop
  endfacet
  facet normal -0.2769 0.902949 -0.328648
    outer loop
      vertex -34.9351 8.93091 35.3502
      vertex -34.7638 13.7656 48.489
      vertex -34.7638 8.97729 35.3333
    endloop
  endfacet
  facet normal 0.578479 0.766504 -0.278986
    outer loop
      vertex 2.40135 8.68879 35.4383
      vertex 2.25593 13.574 48.5587
      vertex 2.40135 13.4771 48.594
    endloop
  endfacet
  facet normal 0.578655 0.766388 -0.278941
    outer loop
      vertex 2.25593 13.574 48.5587
      vertex 2.40135 8.68879 35.4383
      vertex 2.25593 8.78574 35.403
    endloop
  endfacet
  facet normal 0.998426 -0.052697 0.01918
    outer loop
      vertex 2.99 12.1228 49.0869
      vertex 3 7.50185 35.8703
      vertex 3 12.2901 49.026
    endloop
  endfacet
  facet normal 0.998426 -0.0526997 0.019181
    outer loop
      vertex 3 7.50185 35.8703
      vertex 2.99 12.1228 49.0869
      vertex 2.99 7.33456 35.9312
    endloop
  endfacet
  facet normal 0.875133 0.454702 -0.165496
    outer loop
      vertex 2.84254 12.9572 48.7832
      vertex 2.75629 8.31556 35.5742
      vertex 2.75629 13.1038 48.7299
    endloop
  endfacet
  facet normal 0.875195 0.454596 -0.16546
    outer loop
      vertex 2.75629 8.31556 35.5742
      vertex 2.84254 12.9572 48.7832
      vertex 2.84254 8.16891 35.6275
    endloop
  endfacet
  facet normal 0.923906 0.359544 -0.130864
    outer loop
      vertex 2.91077 12.8024 48.8396
      vertex 2.84254 8.16891 35.6275
      vertex 2.84254 12.9572 48.7832
    endloop
  endfacet
  facet normal 0.923899 0.359562 -0.13087
    outer loop
      vertex 2.84254 8.16891 35.6275
      vertex 2.91077 12.8024 48.8396
      vertex 2.91077 8.01412 35.6839
    endloop
  endfacet
  facet normal 0.998426 0.0526969 -0.0191801
    outer loop
      vertex 3 12.3089 49.0192
      vertex 2.99 7.68793 35.8026
      vertex 2.99 12.4762 48.9583
    endloop
  endfacet
  facet normal 0.998426 0.0526997 -0.019181
    outer loop
      vertex 2.99 7.68793 35.8026
      vertex 3 12.3089 49.0192
      vertex 3 7.52064 35.8635
    endloop
  endfacet
  facet normal 0.483519 -0.822545 0.299383
    outer loop
      vertex 2.09987 6.1557 36.3603
      vertex 2.25593 11.025 49.4865
      vertex 2.09987 10.944 49.516
    endloop
  endfacet
  facet normal 0.48372 -0.822441 0.299342
    outer loop
      vertex 2.25593 11.025 49.4865
      vertex 2.09987 6.1557 36.3603
      vertex 2.25593 6.23675 36.3308
    endloop
  endfacet
  facet normal 0.276952 -0.902935 0.328643
    outer loop
      vertex 1.76381 6.0452 36.4005
      vertex 1.93514 10.8799 49.5393
      vertex 1.76381 10.8335 49.5562
    endloop
  endfacet
  facet normal 0.276855 -0.902961 0.328653
    outer loop
      vertex 1.93514 10.8799 49.5393
      vertex 1.76381 6.0452 36.4005
      vertex 1.93514 6.09158 36.3836
    endloop
  endfacet
  facet normal 0.0560626 -0.938215 0.341481
    outer loop
      vertex 1.41 6.00774 36.4141
      vertex 1.58802 10.8054 49.5664
      vertex 1.41 10.796 49.5698
    endloop
  endfacet
  facet normal 0.05601 -0.938218 0.341482
    outer loop
      vertex 1.58802 10.8054 49.5664
      vertex 1.41 6.00774 36.4141
      vertex 1.58802 6.01713 36.4107
    endloop
  endfacet
  facet normal 0.815516 -0.543833 0.197938
    outer loop
      vertex 2.65311 11.3586 49.3651
      vertex 2.75629 6.70693 36.1596
      vertex 2.75629 11.4952 49.3153
    endloop
  endfacet
  facet normal 0.815586 -0.543739 0.197906
    outer loop
      vertex 2.75629 6.70693 36.1596
      vertex 2.65311 11.3586 49.3651
      vertex 2.65311 6.57029 36.2094
    endloop
  endfacet
  facet normal 0.666173 -0.70082 0.255078
    outer loop
      vertex 2.40135 6.33371 36.2955
      vertex 2.5343 11.2336 49.4106
      vertex 2.40135 11.122 49.4512
    endloop
  endfacet
  facet normal 0.66629 -0.700722 0.25504
    outer loop
      vertex 2.5343 11.2336 49.4106
      vertex 2.40135 6.33371 36.2955
      vertex 2.5343 6.44535 36.2549
    endloop
  endfacet
  facet normal -0.875375 -0.454289 0.165349
    outer loop
      vertex -35.8425 6.85358 36.1063
      vertex -35.7563 11.4952 49.3153
      vertex -35.8425 11.6419 49.262
    endloop
  endfacet
  facet normal -0.875313 -0.454394 0.165386
    outer loop
      vertex -35.7563 11.4952 49.3153
      vertex -35.8425 6.85358 36.1063
      vertex -35.7563 6.70693 36.1596
    endloop
  endfacet
  facet normal -0.276997 -0.902923 0.328638
    outer loop
      vertex -34.9351 10.8799 49.5393
      vertex -34.7638 6.0452 36.4005
      vertex -34.7638 10.8335 49.5562
    endloop
  endfacet
  facet normal -0.2769 -0.902949 0.328649
    outer loop
      vertex -34.7638 6.0452 36.4005
      vertex -34.9351 10.8799 49.5393
      vertex -34.9351 6.09158 36.3836
    endloop
  endfacet
  facet normal -1 0 0
    outer loop
      vertex -36 7.52064 35.8635
      vertex -36 12.2901 49.026
      vertex -36 12.3089 49.0192
    endloop
  endfacet
  facet normal -1 0 0
    outer loop
      vertex -36 12.2901 49.026
      vertex -36 7.52064 35.8635
      vertex -36 7.50185 35.8703
    endloop
  endfacet
  facet normal -0.985842 0.157566 -0.0573495
    outer loop
      vertex -35.9601 7.85311 35.7425
      vertex -35.99 12.4762 48.9583
      vertex -35.9601 12.6414 48.8982
    endloop
  endfacet
  facet normal -0.985839 0.157583 -0.0573553
    outer loop
      vertex -35.99 12.4762 48.9583
      vertex -35.9601 7.85311 35.7425
      vertex -35.99 7.68793 35.8026
    endloop
  endfacet
  facet normal -0.961007 0.259848 -0.0945767
    outer loop
      vertex -35.9108 8.01412 35.6839
      vertex -35.9601 12.6414 48.8982
      vertex -35.9108 12.8024 48.8396
    endloop
  endfacet
  facet normal -0.961011 0.259834 -0.0945721
    outer loop
      vertex -35.9601 12.6414 48.8982
      vertex -35.9108 8.01412 35.6839
      vertex -35.9601 7.85311 35.7425
    endloop
  endfacet
  facet normal -0.875252 0.4545 -0.165423
    outer loop
      vertex -35.7563 8.31556 35.5742
      vertex -35.8425 12.9572 48.7832
      vertex -35.7563 13.1038 48.7299
    endloop
  endfacet
  facet normal -0.875313 0.454394 -0.165386
    outer loop
      vertex -35.8425 12.9572 48.7832
      vertex -35.7563 8.31556 35.5742
      vertex -35.8425 8.16891 35.6275
    endloop
  endfacet
  facet normal -0.484065 0.822262 -0.299277
    outer loop
      vertex -35.0999 13.6551 48.5292
      vertex -35.2559 8.78574 35.403
      vertex -35.2559 13.574 48.5587
    endloop
  endfacet
  facet normal -0.483863 0.822366 -0.299318
    outer loop
      vertex -35.2559 8.78574 35.403
      vertex -35.0999 13.6551 48.5292
      vertex -35.0999 8.86679 35.3735
    endloop
  endfacet
  facet normal -0.745623 0.626181 -0.227912
    outer loop
      vertex -35.5343 8.57714 35.479
      vertex -35.6531 13.2405 48.6801
      vertex -35.5343 13.3654 48.6346
    endloop
  endfacet
  facet normal -0.745631 0.626172 -0.227909
    outer loop
      vertex -35.6531 13.2405 48.6801
      vertex -35.5343 8.57714 35.479
      vertex -35.6531 8.4522 35.5244
    endloop
  endfacet
  facet normal -0.666327 0.700691 -0.255031
    outer loop
      vertex -35.4013 13.4771 48.594
      vertex -35.5343 8.57714 35.479
      vertex -35.5343 13.3654 48.6346
    endloop
  endfacet
  facet normal -0.666287 0.700724 -0.255044
    outer loop
      vertex -35.5343 8.57714 35.479
      vertex -35.4013 13.4771 48.594
      vertex -35.4013 8.68879 35.4383
    endloop
  endfacet
  facet normal 0.38254 0.868218 -0.316007
    outer loop
      vertex 2.09987 8.86679 35.3735
      vertex 1.93514 13.7192 48.5059
      vertex 2.09987 13.6551 48.5292
    endloop
  endfacet
  facet normal 0.38263 0.868184 -0.315993
    outer loop
      vertex 1.93514 13.7192 48.5059
      vertex 2.09987 8.86679 35.3735
      vertex 1.93514 8.93091 35.3502
    endloop
  endfacet
  facet normal 0.483922 0.822336 -0.299304
    outer loop
      vertex 2.25593 8.78574 35.403
      vertex 2.09987 13.6551 48.5292
      vertex 2.25593 13.574 48.5587
    endloop
  endfacet
  facet normal 0.48372 0.82244 -0.299345
    outer loop
      vertex 2.09987 13.6551 48.5292
      vertex 2.25593 8.78574 35.403
      vertex 2.09987 8.86679 35.3735
    endloop
  endfacet
  facet normal 0.57883 -0.766271 0.278898
    outer loop
      vertex 2.25593 6.23675 36.3308
      vertex 2.40135 11.122 49.4512
      vertex 2.25593 11.025 49.4865
    endloop
  endfacet
  facet normal 0.57869 -0.766364 0.278934
    outer loop
      vertex 2.40135 11.122 49.4512
      vertex 2.25593 6.23675 36.3308
      vertex 2.40135 6.33371 36.2955
    endloop
  endfacet
  facet normal 0.167648 -0.926393 0.337179
    outer loop
      vertex 1.58802 6.01713 36.4107
      vertex 1.76381 10.8335 49.5562
      vertex 1.58802 10.8054 49.5664
    endloop
  endfacet
  facet normal 0.167495 -0.926417 0.337189
    outer loop
      vertex 1.76381 10.8335 49.5562
      vertex 1.58802 6.01713 36.4107
      vertex 1.76381 6.0452 36.4005
    endloop
  endfacet
  facet normal 0.923906 -0.359544 0.130864
    outer loop
      vertex 2.84254 11.6419 49.262
      vertex 2.91077 7.00838 36.0499
      vertex 2.91077 11.7967 49.2056
    endloop
  endfacet
  facet normal 0.923906 -0.359544 0.130864
    outer loop
      vertex 2.91077 7.00838 36.0499
      vertex 2.84254 11.6419 49.262
      vertex 2.84254 6.85358 36.1063
    endloop
  endfacet
  facet normal 0.875256 -0.454491 0.165422
    outer loop
      vertex 2.75629 11.4952 49.3153
      vertex 2.84254 6.85358 36.1063
      vertex 2.84254 11.6419 49.262
    endloop
  endfacet
  facet normal 0.875195 -0.454596 0.165459
    outer loop
      vertex 2.84254 6.85358 36.1063
      vertex 2.75629 11.4952 49.3153
      vertex 2.75629 6.70693 36.1596
    endloop
  endfacet
  facet normal 0.745829 -0.625964 0.227834
    outer loop
      vertex 2.5343 11.2336 49.4106
      vertex 2.65311 6.57029 36.2094
      vertex 2.65311 11.3586 49.3651
    endloop
  endfacet
  facet normal 0.745689 -0.626113 0.227885
    outer loop
      vertex 2.65311 6.57029 36.2094
      vertex 2.5343 11.2336 49.4106
      vertex 2.5343 6.44535 36.2549
    endloop
  endfacet
  facet normal -0.998426 -0.052697 0.01918
    outer loop
      vertex -36 7.50185 35.8703
      vertex -35.99 12.1228 49.0869
      vertex -36 12.2901 49.026
    endloop
  endfacet
  facet normal -0.998426 -0.0526997 0.019181
    outer loop
      vertex -35.99 12.1228 49.0869
      vertex -36 7.50185 35.8703
      vertex -35.99 7.33456 35.9312
    endloop
  endfacet
  facet normal -0.961007 -0.259847 0.0945774
    outer loop
      vertex -35.9601 7.16938 35.9913
      vertex -35.9108 11.7967 49.2056
      vertex -35.9601 11.9577 49.147
    endloop
  endfacet
  facet normal -0.961007 -0.259847 0.0945774
    outer loop
      vertex -35.9108 11.7967 49.2056
      vertex -35.9601 7.16938 35.9913
      vertex -35.9108 7.00838 36.0499
    endloop
  endfacet
  facet normal -0.985827 -0.157648 0.0573788
    outer loop
      vertex -35.99 7.33456 35.9312
      vertex -35.9601 11.9577 49.147
      vertex -35.99 12.1228 49.0869
    endloop
  endfacet
  facet normal -0.985839 -0.157583 0.0573558
    outer loop
      vertex -35.9601 11.9577 49.147
      vertex -35.99 7.33456 35.9312
      vertex -35.9601 7.16938 35.9913
    endloop
  endfacet
  facet normal -0.745857 -0.625935 0.227823
    outer loop
      vertex -35.6531 6.57029 36.2094
      vertex -35.5343 11.2336 49.4106
      vertex -35.6531 11.3586 49.3651
    endloop
  endfacet
  facet normal -0.745716 -0.626083 0.227874
    outer loop
      vertex -35.5343 11.2336 49.4106
      vertex -35.6531 6.57029 36.2094
      vertex -35.5343 6.44535 36.2549
    endloop
  endfacet
  facet normal -0.815463 -0.543903 0.197964
    outer loop
      vertex -35.7563 6.70693 36.1596
      vertex -35.6531 11.3586 49.3651
      vertex -35.7563 11.4952 49.3153
    endloop
  endfacet
  facet normal -0.815533 -0.543809 0.197931
    outer loop
      vertex -35.6531 11.3586 49.3651
      vertex -35.7563 6.70693 36.1596
      vertex -35.6531 6.57029 36.2094
    endloop
  endfacet
  facet normal -0.483661 -0.822471 0.299356
    outer loop
      vertex -35.2559 11.025 49.4865
      vertex -35.0999 6.1557 36.3603
      vertex -35.0999 10.944 49.516
    endloop
  endfacet
  facet normal -0.483863 -0.822367 0.299315
    outer loop
      vertex -35.0999 6.1557 36.3603
      vertex -35.2559 11.025 49.4865
      vertex -35.2559 6.23675 36.3308
    endloop
  endfacet
  facet normal 0.960918 0.26014 -0.094683
    outer loop
      vertex 2.96013 12.6414 48.8982
      vertex 2.91077 8.01412 35.6839
      vertex 2.91077 12.8024 48.8396
    endloop
  endfacet
  facet normal 0.960922 0.260126 -0.0946784
    outer loop
      vertex 2.91077 8.01412 35.6839
      vertex 2.96013 12.6414 48.8982
      vertex 2.96013 7.85311 35.7425
    endloop
  endfacet
  facet normal 1 0 0
    outer loop
      vertex 3 12.2901 49.026
      vertex 3 7.52064 35.8635
      vertex 3 12.3089 49.0192
    endloop
  endfacet
  facet normal 1 0 -0
    outer loop
      vertex 3 7.52064 35.8635
      vertex 3 12.2901 49.026
      vertex 3 7.50185 35.8703
    endloop
  endfacet
  facet normal -0.0363904 0.339911 0.939753
    outer loop
      vertex 2.99 12.4762 48.9583
      vertex 3 12.2901 49.026
      vertex 3 12.3089 49.0192
    endloop
  endfacet
  facet normal 0.0019358 0.341956 0.939714
    outer loop
      vertex 2.99 12.4762 48.9583
      vertex 2.99 12.1228 49.0869
      vertex 3 12.2901 49.026
    endloop
  endfacet
  facet normal 0.000478935 0.341957 0.939716
    outer loop
      vertex 2.96013 12.6414 48.8982
      vertex 2.99 12.1228 49.0869
      vertex 2.99 12.4762 48.9583
    endloop
  endfacet
  facet normal 0.000620735 0.341964 0.939713
    outer loop
      vertex 2.96013 12.6414 48.8982
      vertex 2.96013 11.9577 49.147
      vertex 2.99 12.1228 49.0869
    endloop
  endfacet
  facet normal -0.000223321 0.341964 0.939713
    outer loop
      vertex 2.91077 12.8024 48.8396
      vertex 2.96013 11.9577 49.147
      vertex 2.96013 12.6414 48.8982
    endloop
  endfacet
  facet normal 0.000151818 0.341983 0.939706
    outer loop
      vertex 2.91077 12.8024 48.8396
      vertex 2.91077 11.7967 49.2056
      vertex 2.96013 11.9577 49.147
    endloop
  endfacet
  facet normal -0.000885764 0.341983 0.939706
    outer loop
      vertex 2.84254 12.9572 48.7832
      vertex 2.91077 11.7967 49.2056
      vertex 2.91077 12.8024 48.8396
    endloop
  endfacet
  facet normal 0.000677249 0.342064 0.939676
    outer loop
      vertex 2.84254 12.9572 48.7832
      vertex 2.84254 11.6419 49.262
      vertex 2.91077 11.7967 49.2056
    endloop
  endfacet
  facet normal 0.000717236 0.342064 0.939676
    outer loop
      vertex 2.75629 13.1038 48.7299
      vertex 2.84254 11.6419 49.262
      vertex 2.84254 12.9572 48.7832
    endloop
  endfacet
  facet normal -0.000946875 0.341977 0.939708
    outer loop
      vertex 2.75629 13.1038 48.7299
      vertex 2.75629 11.4952 49.3153
      vertex 2.84254 11.6419 49.262
    endloop
  endfacet
  facet normal -0.000476152 0.341978 0.939708
    outer loop
      vertex 2.65311 13.2405 48.6801
      vertex 2.75629 11.4952 49.3153
      vertex 2.75629 13.1038 48.7299
    endloop
  endfacet
  facet normal 0.00071439 0.34204 0.939685
    outer loop
      vertex 2.65311 13.2405 48.6801
      vertex 2.65311 11.3586 49.3651
      vertex 2.75629 11.4952 49.3153
    endloop
  endfacet
  facet normal -0.000293982 0.34204 0.939685
    outer loop
      vertex 2.5343 13.3654 48.6346
      vertex 2.65311 11.3586 49.3651
      vertex 2.65311 13.2405 48.6801
    endloop
  endfacet
  facet normal -1.15012e-05 0.342054 0.93968
    outer loop
      vertex 2.5343 13.3654 48.6346
      vertex 2.5343 11.2336 49.4106
      vertex 2.65311 11.3586 49.3651
    endloop
  endfacet
  facet normal 0.000424778 0.342054 0.93968
    outer loop
      vertex 2.40135 13.4771 48.594
      vertex 2.5343 11.2336 49.4106
      vertex 2.5343 13.3654 48.6346
    endloop
  endfacet
  facet normal -0.000139433 0.342025 0.939691
    outer loop
      vertex 2.40135 13.4771 48.594
      vertex 2.40135 11.122 49.4512
      vertex 2.5343 11.2336 49.4106
    endloop
  endfacet
  facet normal -0.000198513 0.342025 0.939691
    outer loop
      vertex 2.25593 13.574 48.5587
      vertex 2.40135 11.122 49.4512
      vertex 2.40135 13.4771 48.594
    endloop
  endfacet
  facet normal -4.28427e-05 0.342033 0.939688
    outer loop
      vertex 2.25593 13.574 48.5587
      vertex 2.25593 11.025 49.4865
      vertex 2.40135 11.122 49.4512
    endloop
  endfacet
  facet normal 0.000115938 0.342033 0.939688
    outer loop
      vertex 2.09987 13.6551 48.5292
      vertex 2.25593 11.025 49.4865
      vertex 2.25593 13.574 48.5587
    endloop
  endfacet
  facet normal 0.000103609 0.342032 0.939688
    outer loop
      vertex 2.09987 13.6551 48.5292
      vertex 2.09987 10.944 49.516
      vertex 2.25593 11.025 49.4865
    endloop
  endfacet
  facet normal 0.000179374 0.342032 0.939688
    outer loop
      vertex 1.93514 13.7192 48.5059
      vertex 2.09987 10.944 49.516
      vertex 2.09987 13.6551 48.5292
    endloop
  endfacet
  facet normal -0.000171276 0.342014 0.939695
    outer loop
      vertex 1.93514 13.7192 48.5059
      vertex 1.93514 10.8799 49.5393
      vertex 2.09987 10.944 49.516
    endloop
  endfacet
  facet normal -6.64702e-05 0.342014 0.939695
    outer loop
      vertex 1.76381 13.7656 48.489
      vertex 1.93514 10.8799 49.5393
      vertex 1.93514 13.7192 48.5059
    endloop
  endfacet
  facet normal 6.43662e-05 0.342021 0.939692
    outer loop
      vertex 1.76381 13.7656 48.489
      vertex 1.76381 10.8335 49.5562
      vertex 1.93514 10.8799 49.5393
    endloop
  endfacet
  facet normal -4.70727e-05 0.342021 0.939692
    outer loop
      vertex 1.58802 13.7936 48.4788
      vertex 1.76381 10.8335 49.5562
      vertex 1.76381 13.7656 48.489
    endloop
  endfacet
  facet normal -0.000146546 0.342016 0.939694
    outer loop
      vertex 1.58802 13.7936 48.4788
      vertex 1.58802 10.8054 49.5664
      vertex 1.76381 10.8335 49.5562
    endloop
  endfacet
  facet normal 0.000112277 0.342016 0.939694
    outer loop
      vertex 1.41 13.803 48.4754
      vertex 1.58802 10.8054 49.5664
      vertex 1.58802 13.7936 48.4788
    endloop
  endfacet
  facet normal -0.000111576 0.342004 0.939698
    outer loop
      vertex 1.41 13.803 48.4754
      vertex 1.41 10.796 49.5698
      vertex 1.58802 10.8054 49.5664
    endloop
  endfacet
  facet normal -0 0.342004 0.939698
    outer loop
      vertex -34.41 13.803 48.4754
      vertex 1.41 10.796 49.5698
      vertex 1.41 13.803 48.4754
    endloop
  endfacet
  facet normal 0 0.342004 0.939698
    outer loop
      vertex -34.41 13.803 48.4754
      vertex -34.41 10.796 49.5698
      vertex 1.41 10.796 49.5698
    endloop
  endfacet
  facet normal -0.000111588 0.342004 0.939698
    outer loop
      vertex -34.588 13.7936 48.4788
      vertex -34.41 10.796 49.5698
      vertex -34.41 13.803 48.4754
    endloop
  endfacet
  facet normal 0.00011229 0.342016 0.939694
    outer loop
      vertex -34.588 13.7936 48.4788
      vertex -34.588 10.8054 49.5664
      vertex -34.41 10.796 49.5698
    endloop
  endfacet
  facet normal 4.8011e-05 0.342016 0.939694
    outer loop
      vertex -34.7638 13.7656 48.489
      vertex -34.588 10.8054 49.5664
      vertex -34.588 13.7936 48.4788
    endloop
  endfacet
  facet normal 0.000147481 0.342021 0.939692
    outer loop
      vertex -34.7638 13.7656 48.489
      vertex -34.7638 10.8335 49.5562
      vertex -34.588 10.8054 49.5664
    endloop
  endfacet
  facet normal 6.43775e-05 0.342021 0.939692
    outer loop
      vertex -34.9351 13.7192 48.5059
      vertex -34.7638 10.8335 49.5562
      vertex -34.7638 13.7656 48.489
    endloop
  endfacet
  facet normal -6.64818e-05 0.342014 0.939695
    outer loop
      vertex -34.9351 13.7192 48.5059
      vertex -34.9351 10.8799 49.5393
      vertex -34.7638 10.8335 49.5562
    endloop
  endfacet
  facet normal -0.000171204 0.342014 0.939695
    outer loop
      vertex -35.0999 13.6551 48.5292
      vertex -34.9351 10.8799 49.5393
      vertex -34.9351 13.7192 48.5059
    endloop
  endfacet
  facet normal 0.000179298 0.342032 0.939688
    outer loop
      vertex -35.0999 13.6551 48.5292
      vertex -35.0999 10.944 49.516
      vertex -34.9351 10.8799 49.5393
    endloop
  endfacet
  facet normal -0.000115603 0.342032 0.939688
    outer loop
      vertex -35.2559 13.574 48.5587
      vertex -35.0999 10.944 49.516
      vertex -35.0999 13.6551 48.5292
    endloop
  endfacet
  facet normal -0.000103269 0.342033 0.939688
    outer loop
      vertex -35.2559 13.574 48.5587
      vertex -35.2559 11.025 49.4865
      vertex -35.0999 10.944 49.516
    endloop
  endfacet
  facet normal 0.000192387 0.342033 0.939688
    outer loop
      vertex -35.4013 13.4771 48.594
      vertex -35.2559 11.025 49.4865
      vertex -35.2559 13.574 48.5587
    endloop
  endfacet
  facet normal 3.66896e-05 0.342025 0.939691
    outer loop
      vertex -35.4013 13.4771 48.594
      vertex -35.4013 11.122 49.4512
      vertex -35.2559 11.025 49.4865
    endloop
  endfacet
  facet normal -0.000396542 0.342025 0.939691
    outer loop
      vertex -35.5343 13.3654 48.6346
      vertex -35.4013 11.122 49.4512
      vertex -35.4013 13.4771 48.594
    endloop
  endfacet
  facet normal 0.000167435 0.342054 0.93968
    outer loop
      vertex -35.5343 13.3654 48.6346
      vertex -35.5343 11.2336 49.4106
      vertex -35.4013 11.122 49.4512
    endloop
  endfacet
  facet normal 0.000276423 0.342054 0.93968
    outer loop
      vertex -35.6531 13.2405 48.6801
      vertex -35.5343 11.2336 49.4106
      vertex -35.5343 13.3654 48.6346
    endloop
  endfacet
  facet normal -6.09449e-06 0.34204 0.939685
    outer loop
      vertex -35.6531 13.2405 48.6801
      vertex -35.6531 11.3586 49.3651
      vertex -35.5343 11.2336 49.4106
    endloop
  endfacet
  facet normal 0.000382818 0.34204 0.939685
    outer loop
      vertex -35.7563 13.1038 48.7299
      vertex -35.6531 11.3586 49.3651
      vertex -35.6531 13.2405 48.6801
    endloop
  endfacet
  facet normal -0.000807433 0.341977 0.939708
    outer loop
      vertex -35.7563 13.1038 48.7299
      vertex -35.7563 11.4952 49.3153
      vertex -35.6531 11.3586 49.3651
    endloop
  endfacet
  facet normal -0.000550699 0.341978 0.939708
    outer loop
      vertex -35.8425 12.9572 48.7832
      vertex -35.7563 11.4952 49.3153
      vertex -35.7563 13.1038 48.7299
    endloop
  endfacet
  facet normal 0.00111448 0.342064 0.939676
    outer loop
      vertex -35.8425 12.9572 48.7832
      vertex -35.8425 11.6419 49.262
      vertex -35.7563 11.4952 49.3153
    endloop
  endfacet
  facet normal 0.000676554 0.342064 0.939676
    outer loop
      vertex -35.9108 12.8024 48.8396
      vertex -35.8425 11.6419 49.262
      vertex -35.8425 12.9572 48.7832
    endloop
  endfacet
  facet normal -0.000884856 0.341983 0.939706
    outer loop
      vertex -35.9108 12.8024 48.8396
      vertex -35.9108 11.7967 49.2056
      vertex -35.8425 11.6419 49.262
    endloop
  endfacet
  facet normal 0.000152003 0.341983 0.939706
    outer loop
      vertex -35.9601 12.6414 48.8982
      vertex -35.9108 11.7967 49.2056
      vertex -35.9108 12.8024 48.8396
    endloop
  endfacet
  facet normal -0.000223592 0.341964 0.939713
    outer loop
      vertex -35.9601 12.6414 48.8982
      vertex -35.9601 11.9577 49.147
      vertex -35.9108 11.7967 49.2056
    endloop
  endfacet
  facet normal -0.000523579 0.341964 0.939713
    outer loop
      vertex -35.99 12.4762 48.9583
      vertex -35.9601 11.9577 49.147
      vertex -35.9601 12.6414 48.8982
    endloop
  endfacet
  facet normal -0.000665212 0.341956 0.939716
    outer loop
      vertex -35.99 12.4762 48.9583
      vertex -35.99 12.1228 49.0869
      vertex -35.9601 11.9577 49.147
    endloop
  endfacet
  facet normal 0.0019358 0.341956 0.939714
    outer loop
      vertex -36 12.3089 49.0192
      vertex -35.99 12.1228 49.0869
      vertex -35.99 12.4762 48.9583
    endloop
  endfacet
  facet normal -0.0363904 0.339911 0.939753
    outer loop
      vertex -35.99 12.1228 49.0869
      vertex -36 12.3089 49.0192
      vertex -36 12.2901 49.026
    endloop
  endfacet
  facet normal -0.666034 -0.700937 0.255121
    outer loop
      vertex -35.5343 11.2336 49.4106
      vertex -35.4013 6.33371 36.2955
      vertex -35.4013 11.122 49.4512
    endloop
  endfacet
  facet normal -0.666151 -0.700839 0.255083
    outer loop
      vertex -35.4013 6.33371 36.2955
      vertex -35.5343 11.2336 49.4106
      vertex -35.5343 6.44535 36.2549
    endloop
  endfacet
  facet normal 0.666466 0.700574 -0.254989
    outer loop
      vertex 2.5343 8.57714 35.479
      vertex 2.40135 13.4771 48.594
      vertex 2.5343 13.3654 48.6346
    endloop
  endfacet
  facet normal 0.666426 0.700607 -0.255002
    outer loop
      vertex 2.40135 13.4771 48.594
      vertex 2.5343 8.57714 35.479
      vertex 2.40135 8.68879 35.4383
    endloop
  endfacet
  facet normal 0.745595 0.62621 -0.227923
    outer loop
      vertex 2.65311 13.2405 48.6801
      vertex 2.5343 8.57714 35.479
      vertex 2.5343 13.3654 48.6346
    endloop
  endfacet
  facet normal 0.745603 0.626201 -0.227919
    outer loop
      vertex 2.5343 8.57714 35.479
      vertex 2.65311 13.2405 48.6801
      vertex 2.65311 8.4522 35.5244
    endloop
  endfacet
  facet normal -0.923958 0.359426 -0.13082
    outer loop
      vertex -72.726 0.644296 21.8715
      vertex -72.7689 4.87349 33.7941
      vertex -72.726 4.97085 33.7586
    endloop
  endfacet
  facet normal -0.92391 0.359536 -0.130859
    outer loop
      vertex -72.7689 4.87349 33.7941
      vertex -72.726 0.644296 21.8715
      vertex -72.7689 0.546939 21.9069
    endloop
  endfacet
  facet normal 1 0 0
    outer loop
      vertex -36.175 4.28123 34.0096
      vertex -36.175 0.236578 22.0199
      vertex -36.175 4.56313 33.907
    endloop
  endfacet
  facet normal 1 0 -0
    outer loop
      vertex -36.175 0.236578 22.0199
      vertex -36.175 4.28123 34.0096
      vertex -36.175 -0.0453288 22.1225
    endloop
  endfacet
  facet normal 0 -0.939693 0.34202
    outer loop
      vertex -71.825 -0.985021 22.4645
      vertex -70.35 3.34153 34.3516
      vertex -71.825 3.34153 34.3516
    endloop
  endfacet
  facet normal 0 -0.939693 0.34202
    outer loop
      vertex -70.35 3.34153 34.3516
      vertex -71.825 -0.985021 22.4645
      vertex -70.35 -0.985021 22.4645
    endloop
  endfacet
  facet normal 0 -0.939693 0.34202
    outer loop
      vertex -42.15 -0.985021 22.4645
      vertex -37.175 3.34153 34.3516
      vertex -42.15 3.34153 34.3516
    endloop
  endfacet
  facet normal 0 -0.939693 0.34202
    outer loop
      vertex -37.175 3.34153 34.3516
      vertex -42.15 -0.985021 22.4645
      vertex -37.175 -0.985021 22.4645
    endloop
  endfacet
  facet normal 0 -0.939693 0.34202
    outer loop
      vertex -60.65 -0.985021 22.4645
      vertex -51.85 3.34153 34.3516
      vertex -60.65 3.34153 34.3516
    endloop
  endfacet
  facet normal 0 -0.939693 0.34202
    outer loop
      vertex -51.85 3.34153 34.3516
      vertex -60.65 -0.985021 22.4645
      vertex -51.85 -0.985021 22.4645
    endloop
  endfacet
  facet normal 0.666333 -0.700686 0.255029
    outer loop
      vertex -36.5515 -0.78001 22.3899
      vertex -36.4679 3.61676 34.2515
      vertex -36.5515 3.54654 34.277
    endloop
  endfacet
  facet normal 0.666323 -0.700694 0.255032
    outer loop
      vertex -36.4679 3.61676 34.2515
      vertex -36.5515 -0.78001 22.3899
      vertex -36.4679 -0.709792 22.3644
    endloop
  endfacet
  facet normal 0.998421 -0.0527866 0.0192128
    outer loop
      vertex -36.1813 4.17601 34.0479
      vertex -36.175 -0.0453288 22.1225
      vertex -36.175 4.28123 34.0096
    endloop
  endfacet
  facet normal 0.998421 -0.05279 0.019214
    outer loop
      vertex -36.175 -0.0453288 22.1225
      vertex -36.1813 4.17601 34.0479
      vertex -36.1813 -0.150541 22.1608
    endloop
  endfacet
  facet normal 0.961034 -0.25976 0.094545
    outer loop
      vertex -36.2311 3.97086 34.1226
      vertex -36.2001 -0.25443 22.1986
      vertex -36.2001 4.07212 34.0857
    endloop
  endfacet
  facet normal 0.961034 -0.25976 0.094545
    outer loop
      vertex -36.2001 -0.25443 22.1986
      vertex -36.2311 3.97086 34.1226
      vertex -36.2311 -0.35569 22.2355
    endloop
  endfacet
  facet normal 0.985847 -0.157537 0.0573388
    outer loop
      vertex -36.2001 4.07212 34.0857
      vertex -36.1813 -0.150541 22.1608
      vertex -36.1813 4.17601 34.0479
    endloop
  endfacet
  facet normal 0.985847 -0.157538 0.0573392
    outer loop
      vertex -36.1813 -0.150541 22.1608
      vertex -36.2001 4.07212 34.0857
      vertex -36.2001 -0.25443 22.1986
    endloop
  endfacet
  facet normal 0.985847 0.157537 -0.0573388
    outer loop
      vertex -36.1813 4.66834 33.8687
      vertex -36.2001 0.445679 21.9438
      vertex -36.2001 4.77223 33.8309
    endloop
  endfacet
  facet normal 0.985847 0.157538 -0.0573392
    outer loop
      vertex -36.2001 0.445679 21.9438
      vertex -36.1813 4.66834 33.8687
      vertex -36.1813 0.34179 21.9816
    endloop
  endfacet
  facet normal -0.961034 -0.25976 0.094545
    outer loop
      vertex -72.7999 -0.25443 22.1986
      vertex -72.7689 3.97086 34.1226
      vertex -72.7999 4.07212 34.0857
    endloop
  endfacet
  facet normal -0.961034 -0.25976 0.094545
    outer loop
      vertex -72.7689 3.97086 34.1226
      vertex -72.7999 -0.25443 22.1986
      vertex -72.7689 -0.35569 22.2355
    endloop
  endfacet
  facet normal -0.666333 -0.700686 0.255029
    outer loop
      vertex -72.5321 3.61676 34.2515
      vertex -72.4485 -0.78001 22.3899
      vertex -72.4485 3.54654 34.277
    endloop
  endfacet
  facet normal -0.666323 -0.700694 0.255032
    outer loop
      vertex -72.4485 -0.78001 22.3899
      vertex -72.5321 3.61676 34.2515
      vertex -72.5321 -0.709792 22.3644
    endloop
  endfacet
  facet normal 0.923958 0.359426 -0.13082
    outer loop
      vertex -36.2311 4.87349 33.7941
      vertex -36.274 0.644296 21.8715
      vertex -36.274 4.97085 33.7586
    endloop
  endfacet
  facet normal 0.92391 0.359536 -0.130859
    outer loop
      vertex -36.274 0.644296 21.8715
      vertex -36.2311 4.87349 33.7941
      vertex -36.2311 0.546939 21.9069
    endloop
  endfacet
  facet normal -0.276745 -0.902991 0.328662
    outer loop
      vertex -72.1553 3.39427 34.3325
      vertex -72.0475 -0.961461 22.456
      vertex -72.0475 3.36509 34.3431
    endloop
  endfacet
  facet normal -0.276965 -0.902933 0.328638
    outer loop
      vertex -72.0475 -0.961461 22.456
      vertex -72.1553 3.39427 34.3325
      vertex -72.1553 -0.932289 22.4453
    endloop
  endfacet
  facet normal -0.578453 -0.766522 0.278992
    outer loop
      vertex -72.4485 3.54654 34.277
      vertex -72.357 -0.84099 22.4121
      vertex -72.357 3.48557 34.2992
    endloop
  endfacet
  facet normal -0.578509 -0.766485 0.278978
    outer loop
      vertex -72.357 -0.84099 22.4121
      vertex -72.4485 3.54654 34.277
      vertex -72.4485 -0.78001 22.3899
    endloop
  endfacet
  facet normal 0.276745 -0.902991 0.328662
    outer loop
      vertex -36.9525 -0.961461 22.456
      vertex -36.8447 3.39427 34.3325
      vertex -36.9525 3.36509 34.3431
    endloop
  endfacet
  facet normal 0.276965 -0.902933 0.328638
    outer loop
      vertex -36.8447 3.39427 34.3325
      vertex -36.9525 -0.961461 22.456
      vertex -36.8447 -0.932289 22.4453
    endloop
  endfacet
  facet normal 0.382711 -0.868153 0.31598
    outer loop
      vertex -36.8447 -0.932289 22.4453
      vertex -36.7411 3.43459 34.3178
      vertex -36.8447 3.39427 34.3325
    endloop
  endfacet
  facet normal 0.3825 -0.868234 0.316011
    outer loop
      vertex -36.7411 3.43459 34.3178
      vertex -36.8447 -0.932289 22.4453
      vertex -36.7411 -0.891962 22.4307
    endloop
  endfacet
  facet normal 0.745775 -0.626021 0.227854
    outer loop
      vertex -36.4679 3.61676 34.2515
      vertex -36.3932 -0.631217 22.3358
      vertex -36.3932 3.69534 34.2229
    endloop
  endfacet
  facet normal 0.745756 -0.626041 0.22786
    outer loop
      vertex -36.3932 -0.631217 22.3358
      vertex -36.4679 3.61676 34.2515
      vertex -36.4679 -0.709792 22.3644
    endloop
  endfacet
  facet normal 0.874883 0.455126 -0.165652
    outer loop
      vertex -36.274 4.97085 33.7586
      vertex -36.3106 0.706425 21.8489
      vertex -36.3106 5.03298 33.736
    endloop
  endfacet
  facet normal 0.87488 0.455131 -0.165654
    outer loop
      vertex -36.3106 0.706425 21.8489
      vertex -36.274 4.97085 33.7586
      vertex -36.274 0.644296 21.8715
    endloop
  endfacet
  facet normal -0.0559108 -0.938223 0.341485
    outer loop
      vertex -71.937 3.34744 34.3495
      vertex -71.825 -0.985021 22.4645
      vertex -71.825 3.34153 34.3516
    endloop
  endfacet
  facet normal -0.0558941 -0.938224 0.341486
    outer loop
      vertex -71.825 -0.985021 22.4645
      vertex -71.937 3.34744 34.3495
      vertex -71.937 -0.979113 22.4624
    endloop
  endfacet
  facet normal -0.484055 -0.822266 0.299281
    outer loop
      vertex -72.357 3.48557 34.2992
      vertex -72.2589 -0.891962 22.4307
      vertex -72.2589 3.43459 34.3178
    endloop
  endfacet
  facet normal -0.484003 -0.822293 0.299291
    outer loop
      vertex -72.2589 -0.891962 22.4307
      vertex -72.357 3.48557 34.2992
      vertex -72.357 -0.84099 22.4121
    endloop
  endfacet
  facet normal -0.815544 -0.543795 0.197925
    outer loop
      vertex -72.6717 -0.545275 22.3045
      vertex -72.6068 3.69534 34.2229
      vertex -72.6717 3.78128 34.1916
    endloop
  endfacet
  facet normal -0.81555 -0.543788 0.197923
    outer loop
      vertex -72.6068 3.69534 34.2229
      vertex -72.6717 -0.545275 22.3045
      vertex -72.6068 -0.631217 22.3358
    endloop
  endfacet
  facet normal -0.875038 -0.454862 0.165556
    outer loop
      vertex -72.726 -0.453046 22.2709
      vertex -72.6717 3.78128 34.1916
      vertex -72.726 3.87351 34.158
    endloop
  endfacet
  facet normal -0.875036 -0.454865 0.165557
    outer loop
      vertex -72.6717 3.78128 34.1916
      vertex -72.726 -0.453046 22.2709
      vertex -72.6717 -0.545275 22.3045
    endloop
  endfacet
  facet normal 0.0559108 -0.938223 0.341485
    outer loop
      vertex -37.175 -0.985021 22.4645
      vertex -37.063 3.34744 34.3495
      vertex -37.175 3.34153 34.3516
    endloop
  endfacet
  facet normal 0.0558941 -0.938224 0.341486
    outer loop
      vertex -37.063 3.34744 34.3495
      vertex -37.175 -0.985021 22.4645
      vertex -37.063 -0.979113 22.4624
    endloop
  endfacet
  facet normal 0.484055 -0.822266 0.299281
    outer loop
      vertex -36.7411 -0.891962 22.4307
      vertex -36.643 3.48557 34.2992
      vertex -36.7411 3.43459 34.3178
    endloop
  endfacet
  facet normal 0.484003 -0.822293 0.299291
    outer loop
      vertex -36.643 3.48557 34.2992
      vertex -36.7411 -0.891962 22.4307
      vertex -36.643 -0.84099 22.4121
    endloop
  endfacet
  facet normal 0.000117002 -0.342073 -0.939673
    outer loop
      vertex -36.8447 -0.932289 22.4453
      vertex -36.175 -0.0453288 22.1225
      vertex -36.1813 -0.150541 22.1608
    endloop
  endfacet
  facet normal 9.8041e-07 -0.342003 -0.939699
    outer loop
      vertex -36.175 -0.0453288 22.1225
      vertex -37.175 -0.985021 22.4645
      vertex -36.175 0.236578 22.0199
    endloop
  endfacet
  facet normal -0.000109984 -0.341903 -0.939735
    outer loop
      vertex -36.8447 -0.932289 22.4453
      vertex -36.1813 -0.150541 22.1608
      vertex -36.2001 -0.25443 22.1986
    endloop
  endfacet
  facet normal -8.09137e-07 -0.342002 -0.939699
    outer loop
      vertex -36.3106 0.706425 21.8489
      vertex -36.175 0.236578 22.0199
      vertex -37.175 -0.985021 22.4645
    endloop
  endfacet
  facet normal 0.000682568 -0.342568 -0.939493
    outer loop
      vertex -36.8447 -0.932289 22.4453
      vertex -36.2001 -0.25443 22.1986
      vertex -36.2311 -0.35569 22.2355
    endloop
  endfacet
  facet normal -0.000323129 -0.342084 -0.939669
    outer loop
      vertex -36.175 0.236578 22.0199
      vertex -36.3106 0.706425 21.8489
      vertex -36.1813 0.34179 21.9816
    endloop
  endfacet
  facet normal -0.000367444 -0.341581 -0.939852
    outer loop
      vertex -36.8447 -0.932289 22.4453
      vertex -36.2311 -0.35569 22.2355
      vertex -36.274 -0.453046 22.2709
    endloop
  endfacet
  facet normal 0.000409649 -0.341855 -0.939753
    outer loop
      vertex -36.1813 0.34179 21.9816
      vertex -36.3106 0.706425 21.8489
      vertex -36.2001 0.445679 21.9438
    endloop
  endfacet
  facet normal -0.00361437 -0.343358 -0.939198
    outer loop
      vertex -36.2001 0.445679 21.9438
      vertex -36.3106 0.706425 21.8489
      vertex -36.2311 0.546939 21.9069
    endloop
  endfacet
  facet normal 0.00062934 -0.34263 -0.93947
    outer loop
      vertex -36.8447 -0.932289 22.4453
      vertex -36.274 -0.453046 22.2709
      vertex -36.3283 -0.545275 22.3045
    endloop
  endfacet
  facet normal 0.000629359 -0.34263 -0.93947
    outer loop
      vertex -36.8447 -0.932289 22.4453
      vertex -36.3283 -0.545275 22.3045
      vertex -36.3932 -0.631217 22.3358
    endloop
  endfacet
  facet normal 0.00324268 -0.34475 -0.938689
    outer loop
      vertex -36.5515 -0.78001 22.3899
      vertex -36.3932 -0.631217 22.3358
      vertex -36.4679 -0.709792 22.3644
    endloop
  endfacet
  facet normal -0.000993585 -0.340773 -0.940145
    outer loop
      vertex -36.643 -0.84099 22.4121
      vertex -36.3932 -0.631217 22.3358
      vertex -36.5515 -0.78001 22.3899
    endloop
  endfacet
  facet normal -0.00151182 -0.340227 -0.940342
    outer loop
      vertex -36.7411 -0.891962 22.4307
      vertex -36.3932 -0.631217 22.3358
      vertex -36.643 -0.84099 22.4121
    endloop
  endfacet
  facet normal 0.0014578 -0.343726 -0.939069
    outer loop
      vertex -36.8447 -0.932289 22.4453
      vertex -36.3932 -0.631217 22.3358
      vertex -36.7411 -0.891962 22.4307
    endloop
  endfacet
  facet normal -0.000911194 -0.341387 -0.939922
    outer loop
      vertex -36.175 -0.0453288 22.1225
      vertex -36.8447 -0.932289 22.4453
      vertex -36.9525 -0.961461 22.456
    endloop
  endfacet
  facet normal 0.000254431 -0.342261 -0.939605
    outer loop
      vertex -36.175 -0.0453288 22.1225
      vertex -36.9525 -0.961461 22.456
      vertex -37.063 -0.979113 22.4624
    endloop
  endfacet
  facet normal 0.000446257 -0.342422 -0.939546
    outer loop
      vertex -36.175 -0.0453288 22.1225
      vertex -37.063 -0.979113 22.4624
      vertex -37.175 -0.985021 22.4645
    endloop
  endfacet
  facet normal 0.000943774 -0.341354 -0.939934
    outer loop
      vertex -36.2311 0.546939 21.9069
      vertex -36.3106 0.706425 21.8489
      vertex -36.274 0.644296 21.8715
    endloop
  endfacet
  facet normal 0 -0.342002 -0.939699
    outer loop
      vertex -42.15 0.706425 21.8489
      vertex -37.175 -0.985021 22.4645
      vertex -42.15 -0.985021 22.4645
    endloop
  endfacet
  facet normal 0 -0.342002 -0.939699
    outer loop
      vertex -37.175 -0.985021 22.4645
      vertex -42.15 0.706425 21.8489
      vertex -36.3106 0.706425 21.8489
    endloop
  endfacet
  facet normal 0 -0.342002 -0.939699
    outer loop
      vertex -71.825 -0.985021 22.4645
      vertex -70.35 0.706425 21.8489
      vertex -70.35 -0.985021 22.4645
    endloop
  endfacet
  facet normal -0.000446257 -0.342422 -0.939546
    outer loop
      vertex -72.825 -0.0453288 22.1225
      vertex -71.825 -0.985021 22.4645
      vertex -71.937 -0.979113 22.4624
    endloop
  endfacet
  facet normal -0.000254431 -0.342261 -0.939605
    outer loop
      vertex -72.825 -0.0453288 22.1225
      vertex -71.937 -0.979113 22.4624
      vertex -72.0475 -0.961461 22.456
    endloop
  endfacet
  facet normal 0.000911194 -0.341387 -0.939922
    outer loop
      vertex -72.825 -0.0453288 22.1225
      vertex -72.0475 -0.961461 22.456
      vertex -72.1553 -0.932289 22.4453
    endloop
  endfacet
  facet normal -0.000983692 -0.34265 -0.939462
    outer loop
      vertex -72.825 -0.0453288 22.1225
      vertex -72.1553 -0.932289 22.4453
      vertex -72.2589 -0.891962 22.4307
    endloop
  endfacet
  facet normal 0.000655573 -0.341683 -0.939815
    outer loop
      vertex -72.825 -0.0453288 22.1225
      vertex -72.2589 -0.891962 22.4307
      vertex -72.357 -0.84099 22.4121
    endloop
  endfacet
  facet normal 8.21715e-05 -0.341981 -0.939707
    outer loop
      vertex -72.825 -0.0453288 22.1225
      vertex -72.357 -0.84099 22.4121
      vertex -72.4485 -0.78001 22.3899
    endloop
  endfacet
  facet normal -0.0011259 -0.342527 -0.939507
    outer loop
      vertex -72.825 -0.0453288 22.1225
      vertex -72.4485 -0.78001 22.3899
      vertex -72.5321 -0.709792 22.3644
    endloop
  endfacet
  facet normal -0.000128659 -0.342139 -0.939649
    outer loop
      vertex -72.825 -0.0453288 22.1225
      vertex -72.5321 -0.709792 22.3644
      vertex -72.6068 -0.631217 22.3358
    endloop
  endfacet
  facet normal 0.000335089 -0.341987 -0.939705
    outer loop
      vertex -72.825 -0.0453288 22.1225
      vertex -72.6068 -0.631217 22.3358
      vertex -72.6717 -0.545275 22.3045
    endloop
  endfacet
  facet normal -9.8041e-07 -0.342003 -0.939699
    outer loop
      vertex -71.825 -0.985021 22.4645
      vertex -72.825 -0.0453288 22.1225
      vertex -72.825 0.236578 22.0199
    endloop
  endfacet
  facet normal 0.000904069 -0.341832 -0.93976
    outer loop
      vertex -72.825 -0.0453288 22.1225
      vertex -72.6717 -0.545275 22.3045
      vertex -72.726 -0.453046 22.2709
    endloop
  endfacet
  facet normal 8.09137e-07 -0.342002 -0.939699
    outer loop
      vertex -71.825 -0.985021 22.4645
      vertex -72.825 0.236578 22.0199
      vertex -72.6894 0.706425 21.8489
    endloop
  endfacet
  facet normal -0.00172786 -0.342396 -0.939554
    outer loop
      vertex -72.825 -0.0453288 22.1225
      vertex -72.726 -0.453046 22.2709
      vertex -72.7689 -0.35569 22.2355
    endloop
  endfacet
  facet normal 0 -0.342002 -0.939699
    outer loop
      vertex -71.825 -0.985021 22.4645
      vertex -72.6894 0.706425 21.8489
      vertex -70.35 0.706425 21.8489
    endloop
  endfacet
  facet normal 0.00237261 -0.341741 -0.939791
    outer loop
      vertex -72.825 -0.0453288 22.1225
      vertex -72.7689 -0.35569 22.2355
      vertex -72.7999 -0.25443 22.1986
    endloop
  endfacet
  facet normal 0.00125345 -0.342321 -0.939582
    outer loop
      vertex -72.7689 0.546939 21.9069
      vertex -72.6894 0.706425 21.8489
      vertex -72.825 0.236578 22.0199
    endloop
  endfacet
  facet normal -0.00136851 -0.342139 -0.939648
    outer loop
      vertex -72.825 -0.0453288 22.1225
      vertex -72.7999 -0.25443 22.1986
      vertex -72.8187 -0.150541 22.1608
    endloop
  endfacet
  facet normal -0.000943774 -0.341354 -0.939934
    outer loop
      vertex -72.6894 0.706425 21.8489
      vertex -72.7689 0.546939 21.9069
      vertex -72.726 0.644296 21.8715
    endloop
  endfacet
  facet normal -0.00237086 -0.341742 -0.939791
    outer loop
      vertex -72.7689 0.546939 21.9069
      vertex -72.825 0.236578 22.0199
      vertex -72.7999 0.445679 21.9438
    endloop
  endfacet
  facet normal 0.00137388 -0.342139 -0.939648
    outer loop
      vertex -72.7999 0.445679 21.9438
      vertex -72.825 0.236578 22.0199
      vertex -72.8187 0.34179 21.9816
    endloop
  endfacet
  facet normal 0 -0.342002 -0.939699
    outer loop
      vertex -60.65 -0.985021 22.4645
      vertex -51.85 0.706425 21.8489
      vertex -51.85 -0.985021 22.4645
    endloop
  endfacet
  facet normal -0 -0.342002 -0.939699
    outer loop
      vertex -51.85 0.706425 21.8489
      vertex -60.65 -0.985021 22.4645
      vertex -60.65 0.706425 21.8489
    endloop
  endfacet
  facet normal -0.985847 -0.157537 0.0573388
    outer loop
      vertex -72.8187 -0.150541 22.1608
      vertex -72.7999 4.07212 34.0857
      vertex -72.8187 4.17601 34.0479
    endloop
  endfacet
  facet normal -0.985847 -0.157538 0.0573392
    outer loop
      vertex -72.7999 4.07212 34.0857
      vertex -72.8187 -0.150541 22.1608
      vertex -72.7999 -0.25443 22.1986
    endloop
  endfacet
  facet normal -0.985847 0.157537 -0.0573388
    outer loop
      vertex -72.7999 0.445679 21.9438
      vertex -72.8187 4.66834 33.8687
      vertex -72.7999 4.77223 33.8309
    endloop
  endfacet
  facet normal -0.985847 0.157538 -0.0573392
    outer loop
      vertex -72.8187 4.66834 33.8687
      vertex -72.7999 0.445679 21.9438
      vertex -72.8187 0.34179 21.9816
    endloop
  endfacet
  facet normal -0.96101 0.259837 -0.0945721
    outer loop
      vertex -72.7689 0.546939 21.9069
      vertex -72.7999 4.77223 33.8309
      vertex -72.7689 4.87349 33.7941
    endloop
  endfacet
  facet normal -0.961034 0.25976 -0.094545
    outer loop
      vertex -72.7999 4.77223 33.8309
      vertex -72.7689 0.546939 21.9069
      vertex -72.7999 0.445679 21.9438
    endloop
  endfacet
  facet normal -1 0 0
    outer loop
      vertex -72.825 0.236578 22.0199
      vertex -72.825 4.28123 34.0096
      vertex -72.825 4.56313 33.907
    endloop
  endfacet
  facet normal -1 0 0
    outer loop
      vertex -72.825 4.28123 34.0096
      vertex -72.825 0.236578 22.0199
      vertex -72.825 -0.0453288 22.1225
    endloop
  endfacet
  facet normal 0.000361109 0.342092 0.939666
    outer loop
      vertex -36.3106 5.03298 33.736
      vertex -36.175 4.56313 33.907
      vertex -36.1813 4.66834 33.8687
    endloop
  endfacet
  facet normal -1.14004e-05 0.342011 0.939696
    outer loop
      vertex -36.175 4.56313 33.907
      vertex -37.175 3.34153 34.3516
      vertex -36.175 4.28123 34.0096
    endloop
  endfacet
  facet normal -0.000401604 0.341853 0.939753
    outer loop
      vertex -36.3106 5.03298 33.736
      vertex -36.1813 4.66834 33.8687
      vertex -36.2001 4.77223 33.8309
    endloop
  endfacet
  facet normal -0.000452576 0.342425 0.939545
    outer loop
      vertex -37.063 3.34744 34.3495
      vertex -36.175 4.28123 34.0096
      vertex -37.175 3.34153 34.3516
    endloop
  endfacet
  facet normal -0.00423031 0.340417 0.940265
    outer loop
      vertex -36.3106 5.03298 33.736
      vertex -36.2001 4.77223 33.8309
      vertex -36.2311 4.87349 33.7941
    endloop
  endfacet
  facet normal -0.000246727 0.342252 0.939608
    outer loop
      vertex -36.9525 3.36509 34.3431
      vertex -36.175 4.28123 34.0096
      vertex -37.063 3.34744 34.3495
    endloop
  endfacet
  facet normal 0.00551824 0.344704 0.938695
    outer loop
      vertex -36.3106 5.03298 33.736
      vertex -36.2311 4.87349 33.7941
      vertex -36.274 4.97085 33.7586
    endloop
  endfacet
  facet normal -0.000252538 0.342257 0.939606
    outer loop
      vertex -36.8447 3.39427 34.3325
      vertex -36.175 4.28123 34.0096
      vertex -36.9525 3.36509 34.3431
    endloop
  endfacet
  facet normal 2.52854e-06 0.342001 0.9397
    outer loop
      vertex -36.175 4.56313 33.907
      vertex -36.3106 5.03298 33.736
      vertex -37.175 3.34153 34.3516
    endloop
  endfacet
  facet normal 7.19849e-05 0.34204 0.939685
    outer loop
      vertex -36.175 4.28123 34.0096
      vertex -36.8447 3.39427 34.3325
      vertex -36.1813 4.17601 34.0479
    endloop
  endfacet
  facet normal 0.000300205 0.341869 0.939747
    outer loop
      vertex -36.1813 4.17601 34.0479
      vertex -36.8447 3.39427 34.3325
      vertex -36.2001 4.07212 34.0857
    endloop
  endfacet
  facet normal -0.000460578 0.342508 0.939515
    outer loop
      vertex -36.2001 4.07212 34.0857
      vertex -36.8447 3.39427 34.3325
      vertex -36.2311 3.97086 34.1226
    endloop
  endfacet
  facet normal -0.00319226 0.344688 0.938712
    outer loop
      vertex -36.3932 3.69534 34.2229
      vertex -36.5515 3.54654 34.277
      vertex -36.4679 3.61676 34.2515
    endloop
  endfacet
  facet normal 0.00115828 0.340604 0.940206
    outer loop
      vertex -36.3932 3.69534 34.2229
      vertex -36.643 3.48557 34.2992
      vertex -36.5515 3.54654 34.277
    endloop
  endfacet
  facet normal 0.00143235 0.340315 0.94031
    outer loop
      vertex -36.3932 3.69534 34.2229
      vertex -36.7411 3.43459 34.3178
      vertex -36.643 3.48557 34.2992
    endloop
  endfacet
  facet normal 0.000481809 0.341436 0.939905
    outer loop
      vertex -36.3932 3.69534 34.2229
      vertex -36.8447 3.39427 34.3325
      vertex -36.7411 3.43459 34.3178
    endloop
  endfacet
  facet normal -0.000217887 0.342362 0.939568
    outer loop
      vertex -36.3283 3.78128 34.1916
      vertex -36.8447 3.39427 34.3325
      vertex -36.3932 3.69534 34.2229
    endloop
  endfacet
  facet normal -0.000294045 0.342452 0.939535
    outer loop
      vertex -36.274 3.87351 34.158
      vertex -36.8447 3.39427 34.3325
      vertex -36.3283 3.78128 34.1916
    endloop
  endfacet
  facet normal 0.000603674 0.341508 0.939879
    outer loop
      vertex -36.2311 3.97086 34.1226
      vertex -36.8447 3.39427 34.3325
      vertex -36.274 3.87351 34.158
    endloop
  endfacet
  facet normal -0 0.342002 0.939699
    outer loop
      vertex -42.15 5.03298 33.736
      vertex -37.175 3.34153 34.3516
      vertex -36.3106 5.03298 33.736
    endloop
  endfacet
  facet normal 0 0.342002 0.939699
    outer loop
      vertex -37.175 3.34153 34.3516
      vertex -42.15 5.03298 33.736
      vertex -42.15 3.34153 34.3516
    endloop
  endfacet
  facet normal 0 0.342002 0.939699
    outer loop
      vertex -70.35 5.03298 33.736
      vertex -71.825 3.34153 34.3516
      vertex -70.35 3.34153 34.3516
    endloop
  endfacet
  facet normal -0 0.342002 0.939699
    outer loop
      vertex -72.6894 5.03298 33.736
      vertex -71.825 3.34153 34.3516
      vertex -70.35 5.03298 33.736
    endloop
  endfacet
  facet normal -2.52854e-06 0.342001 0.9397
    outer loop
      vertex -72.825 4.56313 33.907
      vertex -71.825 3.34153 34.3516
      vertex -72.6894 5.03298 33.736
    endloop
  endfacet
  facet normal 1.14004e-05 0.342011 0.939696
    outer loop
      vertex -72.825 4.28123 34.0096
      vertex -71.825 3.34153 34.3516
      vertex -72.825 4.56313 33.907
    endloop
  endfacet
  facet normal 0.000452576 0.342425 0.939545
    outer loop
      vertex -71.825 3.34153 34.3516
      vertex -72.825 4.28123 34.0096
      vertex -71.937 3.34744 34.3495
    endloop
  endfacet
  facet normal 0.000246727 0.342252 0.939608
    outer loop
      vertex -71.937 3.34744 34.3495
      vertex -72.825 4.28123 34.0096
      vertex -72.0475 3.36509 34.3431
    endloop
  endfacet
  facet normal 0.000252538 0.342257 0.939606
    outer loop
      vertex -72.0475 3.36509 34.3431
      vertex -72.825 4.28123 34.0096
      vertex -72.1553 3.39427 34.3325
    endloop
  endfacet
  facet normal -0.000274939 0.341905 0.939734
    outer loop
      vertex -72.1553 3.39427 34.3325
      vertex -72.825 4.28123 34.0096
      vertex -72.2589 3.43459 34.3178
    endloop
  endfacet
  facet normal -0.000143073 0.341949 0.939718
    outer loop
      vertex -72.357 3.48557 34.2992
      vertex -72.825 4.28123 34.0096
      vertex -72.4485 3.54654 34.277
    endloop
  endfacet
  facet normal 0.00113424 0.342527 0.939507
    outer loop
      vertex -72.4485 3.54654 34.277
      vertex -72.825 4.28123 34.0096
      vertex -72.5321 3.61676 34.2515
    endloop
  endfacet
  facet normal -0.000615051 0.341704 0.939807
    outer loop
      vertex -72.2589 3.43459 34.3178
      vertex -72.825 4.28123 34.0096
      vertex -72.357 3.48557 34.2992
    endloop
  endfacet
  facet normal -0.00551824 0.344704 0.938695
    outer loop
      vertex -72.7689 4.87349 33.7941
      vertex -72.6894 5.03298 33.736
      vertex -72.726 4.97085 33.7586
    endloop
  endfacet
  facet normal 0.000164492 0.34215 0.939645
    outer loop
      vertex -72.5321 3.61676 34.2515
      vertex -72.825 4.28123 34.0096
      vertex -72.6068 3.69534 34.2229
    endloop
  endfacet
  facet normal 0.00152365 0.341611 0.93984
    outer loop
      vertex -72.6894 5.03298 33.736
      vertex -72.7689 4.87349 33.7941
      vertex -72.825 4.56313 33.907
    endloop
  endfacet
  facet normal -0.000358629 0.341978 0.939708
    outer loop
      vertex -72.6068 3.69534 34.2229
      vertex -72.825 4.28123 34.0096
      vertex -72.6717 3.78128 34.1916
    endloop
  endfacet
  facet normal -0.00262436 0.342273 0.939597
    outer loop
      vertex -72.825 4.56313 33.907
      vertex -72.7689 4.87349 33.7941
      vertex -72.7999 4.77223 33.8309
    endloop
  endfacet
  facet normal -0.000900141 0.341831 0.939761
    outer loop
      vertex -72.6717 3.78128 34.1916
      vertex -72.825 4.28123 34.0096
      vertex -72.726 3.87351 34.158
    endloop
  endfacet
  facet normal -0.00145479 0.342149 0.939644
    outer loop
      vertex -72.825 4.56313 33.907
      vertex -72.7999 4.77223 33.8309
      vertex -72.8187 4.66834 33.8687
    endloop
  endfacet
  facet normal 0.00160934 0.342369 0.939564
    outer loop
      vertex -72.726 3.87351 34.158
      vertex -72.825 4.28123 34.0096
      vertex -72.7689 3.97086 34.1226
    endloop
  endfacet
  facet normal -0.00244991 0.34172 0.939798
    outer loop
      vertex -72.7689 3.97086 34.1226
      vertex -72.825 4.28123 34.0096
      vertex -72.7999 4.07212 34.0857
    endloop
  endfacet
  facet normal 0.00118626 0.342107 0.93966
    outer loop
      vertex -72.7999 4.07212 34.0857
      vertex -72.825 4.28123 34.0096
      vertex -72.8187 4.17601 34.0479
    endloop
  endfacet
  facet normal -0 0.342002 0.939699
    outer loop
      vertex -60.65 5.03298 33.736
      vertex -51.85 3.34153 34.3516
      vertex -51.85 5.03298 33.736
    endloop
  endfacet
  facet normal 0 0.342002 0.939699
    outer loop
      vertex -51.85 3.34153 34.3516
      vertex -60.65 5.03298 33.736
      vertex -60.65 3.34153 34.3516
    endloop
  endfacet
  facet normal 0.998421 0.052791 -0.0192143
    outer loop
      vertex -36.175 4.56313 33.907
      vertex -36.1813 0.34179 21.9816
      vertex -36.1813 4.66834 33.8687
    endloop
  endfacet
  facet normal 0.998421 0.0527901 -0.019214
    outer loop
      vertex -36.1813 0.34179 21.9816
      vertex -36.175 4.56313 33.907
      vertex -36.175 0.236578 22.0199
    endloop
  endfacet
  facet normal 0.96101 0.259837 -0.0945721
    outer loop
      vertex -36.2001 4.77223 33.8309
      vertex -36.2311 0.546939 21.9069
      vertex -36.2311 4.87349 33.7941
    endloop
  endfacet
  facet normal 0.961034 0.25976 -0.094545
    outer loop
      vertex -36.2311 0.546939 21.9069
      vertex -36.2001 4.77223 33.8309
      vertex -36.2001 0.445679 21.9438
    endloop
  endfacet
  facet normal -0.167504 -0.926416 0.337188
    outer loop
      vertex -72.0475 3.36509 34.3431
      vertex -71.937 -0.979113 22.4624
      vertex -71.937 3.34744 34.3495
    endloop
  endfacet
  facet normal -0.167521 -0.926413 0.337187
    outer loop
      vertex -71.937 -0.979113 22.4624
      vertex -72.0475 3.36509 34.3431
      vertex -72.0475 -0.961461 22.456
    endloop
  endfacet
  facet normal -0.382711 -0.868153 0.31598
    outer loop
      vertex -72.2589 3.43459 34.3178
      vertex -72.1553 -0.932289 22.4453
      vertex -72.1553 3.39427 34.3325
    endloop
  endfacet
  facet normal -0.3825 -0.868234 0.316011
    outer loop
      vertex -72.1553 -0.932289 22.4453
      vertex -72.2589 3.43459 34.3178
      vertex -72.2589 -0.891962 22.4307
    endloop
  endfacet
  facet normal -0.745775 -0.626021 0.227854
    outer loop
      vertex -72.6068 -0.631217 22.3358
      vertex -72.5321 3.61676 34.2515
      vertex -72.6068 3.69534 34.2229
    endloop
  endfacet
  facet normal -0.745756 -0.626041 0.22786
    outer loop
      vertex -72.5321 3.61676 34.2515
      vertex -72.6068 -0.631217 22.3358
      vertex -72.5321 -0.709792 22.3644
    endloop
  endfacet
  facet normal -0.923902 -0.359555 0.130867
    outer loop
      vertex -72.7689 -0.35569 22.2355
      vertex -72.726 3.87351 34.158
      vertex -72.7689 3.97086 34.1226
    endloop
  endfacet
  facet normal -0.923909 -0.359538 0.130861
    outer loop
      vertex -72.726 3.87351 34.158
      vertex -72.7689 -0.35569 22.2355
      vertex -72.726 -0.453046 22.2709
    endloop
  endfacet
  facet normal 0.578453 -0.766522 0.278992
    outer loop
      vertex -36.643 -0.84099 22.4121
      vertex -36.5515 3.54654 34.277
      vertex -36.643 3.48557 34.2992
    endloop
  endfacet
  facet normal 0.578509 -0.766485 0.278978
    outer loop
      vertex -36.5515 3.54654 34.277
      vertex -36.643 -0.84099 22.4121
      vertex -36.5515 -0.78001 22.3899
    endloop
  endfacet
  facet normal 0.167504 -0.926416 0.337188
    outer loop
      vertex -37.063 -0.979113 22.4624
      vertex -36.9525 3.36509 34.3431
      vertex -37.063 3.34744 34.3495
    endloop
  endfacet
  facet normal 0.167521 -0.926413 0.337187
    outer loop
      vertex -36.9525 3.36509 34.3431
      vertex -37.063 -0.979113 22.4624
      vertex -36.9525 -0.961461 22.456
    endloop
  endfacet
  facet normal 0.815544 -0.543795 0.197925
    outer loop
      vertex -36.3932 3.69534 34.2229
      vertex -36.3283 -0.545275 22.3045
      vertex -36.3283 3.78128 34.1916
    endloop
  endfacet
  facet normal 0.81555 -0.543788 0.197923
    outer loop
      vertex -36.3283 -0.545275 22.3045
      vertex -36.3932 3.69534 34.2229
      vertex -36.3932 -0.631217 22.3358
    endloop
  endfacet
  facet normal 0.923902 -0.359555 0.130867
    outer loop
      vertex -36.274 3.87351 34.158
      vertex -36.2311 -0.35569 22.2355
      vertex -36.2311 3.97086 34.1226
    endloop
  endfacet
  facet normal 0.923909 -0.359538 0.130861
    outer loop
      vertex -36.2311 -0.35569 22.2355
      vertex -36.274 3.87351 34.158
      vertex -36.274 -0.453046 22.2709
    endloop
  endfacet
  facet normal -0.874883 0.455126 -0.165652
    outer loop
      vertex -72.6894 0.706425 21.8489
      vertex -72.726 4.97085 33.7586
      vertex -72.6894 5.03298 33.736
    endloop
  endfacet
  facet normal -0.87488 0.455131 -0.165654
    outer loop
      vertex -72.726 4.97085 33.7586
      vertex -72.6894 0.706425 21.8489
      vertex -72.726 0.644296 21.8715
    endloop
  endfacet
  facet normal -0.998421 0.052791 -0.0192143
    outer loop
      vertex -72.8187 0.34179 21.9816
      vertex -72.825 4.56313 33.907
      vertex -72.8187 4.66834 33.8687
    endloop
  endfacet
  facet normal -0.998421 0.0527901 -0.019214
    outer loop
      vertex -72.825 4.56313 33.907
      vertex -72.8187 0.34179 21.9816
      vertex -72.825 0.236578 22.0199
    endloop
  endfacet
  facet normal -0.998421 -0.0527866 0.0192128
    outer loop
      vertex -72.825 -0.0453288 22.1225
      vertex -72.8187 4.17601 34.0479
      vertex -72.825 4.28123 34.0096
    endloop
  endfacet
  facet normal -0.998421 -0.05279 0.019214
    outer loop
      vertex -72.8187 4.17601 34.0479
      vertex -72.825 -0.0453288 22.1225
      vertex -72.8187 -0.150541 22.1608
    endloop
  endfacet
  facet normal 0.875038 -0.454862 0.165556
    outer loop
      vertex -36.3283 3.78128 34.1916
      vertex -36.274 -0.453046 22.2709
      vertex -36.274 3.87351 34.158
    endloop
  endfacet
  facet normal 0.875036 -0.454865 0.165557
    outer loop
      vertex -36.274 -0.453046 22.2709
      vertex -36.3283 3.78128 34.1916
      vertex -36.3283 -0.545275 22.3045
    endloop
  endfacet
  facet normal -0.923927 0.359497 -0.130846
    outer loop
      vertex 3.27403 0.644296 21.8715
      vertex 3.23112 4.87349 33.7941
      vertex 3.27403 4.97085 33.7586
    endloop
  endfacet
  facet normal -0.923879 0.359607 -0.130885
    outer loop
      vertex 3.23112 4.87349 33.7941
      vertex 3.27403 0.644296 21.8715
      vertex 3.23112 0.546939 21.9069
    endloop
  endfacet
  facet normal 1 0 0
    outer loop
      vertex 39.825 4.28123 34.0096
      vertex 39.825 0.236578 22.0199
      vertex 39.825 4.56313 33.907
    endloop
  endfacet
  facet normal 1 0 -0
    outer loop
      vertex 39.825 0.236578 22.0199
      vertex 39.825 4.28123 34.0096
      vertex 39.825 -0.0453288 22.1225
    endloop
  endfacet
  facet normal 0 -0.939693 0.34202
    outer loop
      vertex 4.175 -0.985021 22.4645
      vertex 9.15 3.34153 34.3516
      vertex 4.175 3.34153 34.3516
    endloop
  endfacet
  facet normal 0 -0.939693 0.34202
    outer loop
      vertex 9.15 3.34153 34.3516
      vertex 4.175 -0.985021 22.4645
      vertex 9.15 -0.985021 22.4645
    endloop
  endfacet
  facet normal 0 -0.939693 0.34202
    outer loop
      vertex 37.35 -0.985021 22.4645
      vertex 38.825 3.34153 34.3516
      vertex 37.35 3.34153 34.3516
    endloop
  endfacet
  facet normal 0 -0.939693 0.34202
    outer loop
      vertex 38.825 3.34153 34.3516
      vertex 37.35 -0.985021 22.4645
      vertex 38.825 -0.985021 22.4645
    endloop
  endfacet
  facet normal 0 -0.939693 0.34202
    outer loop
      vertex 18.85 -0.985021 22.4645
      vertex 27.65 3.34153 34.3516
      vertex 18.85 3.34153 34.3516
    endloop
  endfacet
  facet normal 0 -0.939693 0.34202
    outer loop
      vertex 27.65 3.34153 34.3516
      vertex 18.85 -0.985021 22.4645
      vertex 27.65 -0.985021 22.4645
    endloop
  endfacet
  facet normal 0.666333 -0.700686 0.255029
    outer loop
      vertex 39.4485 -0.78001 22.3899
      vertex 39.5321 3.61676 34.2515
      vertex 39.4485 3.54654 34.277
    endloop
  endfacet
  facet normal 0.666323 -0.700694 0.255032
    outer loop
      vertex 39.5321 3.61676 34.2515
      vertex 39.4485 -0.78001 22.3899
      vertex 39.5321 -0.709792 22.3644
    endloop
  endfacet
  facet normal 0.998421 -0.0527866 0.0192128
    outer loop
      vertex 39.8187 4.17601 34.0479
      vertex 39.825 -0.0453288 22.1225
      vertex 39.825 4.28123 34.0096
    endloop
  endfacet
  facet normal 0.998421 -0.05279 0.019214
    outer loop
      vertex 39.825 -0.0453288 22.1225
      vertex 39.8187 4.17601 34.0479
      vertex 39.8187 -0.150541 22.1608
    endloop
  endfacet
  facet normal 0.961034 -0.25976 0.094545
    outer loop
      vertex 39.7689 3.97086 34.1226
      vertex 39.7999 -0.25443 22.1986
      vertex 39.7999 4.07212 34.0857
    endloop
  endfacet
  facet normal 0.961034 -0.25976 0.094545
    outer loop
      vertex 39.7999 -0.25443 22.1986
      vertex 39.7689 3.97086 34.1226
      vertex 39.7689 -0.35569 22.2355
    endloop
  endfacet
  facet normal 0.985847 -0.157537 0.0573388
    outer loop
      vertex 39.7999 4.07212 34.0857
      vertex 39.8187 -0.150541 22.1608
      vertex 39.8187 4.17601 34.0479
    endloop
  endfacet
  facet normal 0.985847 -0.157538 0.0573392
    outer loop
      vertex 39.8187 -0.150541 22.1608
      vertex 39.7999 4.07212 34.0857
      vertex 39.7999 -0.25443 22.1986
    endloop
  endfacet
  facet normal 0.985847 0.157537 -0.0573388
    outer loop
      vertex 39.8187 4.66834 33.8687
      vertex 39.7999 0.445679 21.9438
      vertex 39.7999 4.77223 33.8309
    endloop
  endfacet
  facet normal 0.985847 0.157538 -0.0573392
    outer loop
      vertex 39.7999 0.445679 21.9438
      vertex 39.8187 4.66834 33.8687
      vertex 39.8187 0.34179 21.9816
    endloop
  endfacet
  facet normal -0.960915 -0.260147 0.0946858
    outer loop
      vertex 3.20007 -0.25443 22.1986
      vertex 3.23112 3.97086 34.1226
      vertex 3.20007 4.07212 34.0857
    endloop
  endfacet
  facet normal -0.960915 -0.260147 0.0946858
    outer loop
      vertex 3.23112 3.97086 34.1226
      vertex 3.20007 -0.25443 22.1986
      vertex 3.23112 -0.35569 22.2355
    endloop
  endfacet
  facet normal -0.666244 -0.700761 0.255056
    outer loop
      vertex 3.46789 3.61676 34.2515
      vertex 3.55151 -0.78001 22.3899
      vertex 3.55151 3.54654 34.277
    endloop
  endfacet
  facet normal -0.666235 -0.700768 0.255059
    outer loop
      vertex 3.55151 -0.78001 22.3899
      vertex 3.46789 3.61676 34.2515
      vertex 3.46789 -0.709792 22.3644
    endloop
  endfacet
  facet normal 0.923958 0.359426 -0.13082
    outer loop
      vertex 39.7689 4.87349 33.7941
      vertex 39.726 0.644296 21.8715
      vertex 39.726 4.97085 33.7586
    endloop
  endfacet
  facet normal 0.92391 0.359536 -0.130859
    outer loop
      vertex 39.726 0.644296 21.8715
      vertex 39.7689 4.87349 33.7941
      vertex 39.7689 0.546939 21.9069
    endloop
  endfacet
  facet normal -0.27684 -0.902966 0.328653
    outer loop
      vertex 3.84472 3.39427 34.3325
      vertex 3.95248 -0.961461 22.456
      vertex 3.95248 3.36509 34.3431
    endloop
  endfacet
  facet normal -0.27706 -0.902907 0.328629
    outer loop
      vertex 3.95248 -0.961461 22.456
      vertex 3.84472 3.39427 34.3325
      vertex 3.84472 -0.932289 22.4453
    endloop
  endfacet
  facet normal -0.578621 -0.76641 0.278951
    outer loop
      vertex 3.55151 3.54654 34.277
      vertex 3.64297 -0.84099 22.4121
      vertex 3.64297 3.48557 34.2992
    endloop
  endfacet
  facet normal -0.578677 -0.766373 0.278937
    outer loop
      vertex 3.64297 -0.84099 22.4121
      vertex 3.55151 3.54654 34.277
      vertex 3.55151 -0.78001 22.3899
    endloop
  endfacet
  facet normal 0.276745 -0.902991 0.328662
    outer loop
      vertex 39.0475 -0.961461 22.456
      vertex 39.1553 3.39427 34.3325
      vertex 39.0475 3.36509 34.3431
    endloop
  endfacet
  facet normal 0.276965 -0.902933 0.328638
    outer loop
      vertex 39.1553 3.39427 34.3325
      vertex 39.0475 -0.961461 22.456
      vertex 39.1553 -0.932289 22.4453
    endloop
  endfacet
  facet normal 0.382711 -0.868153 0.31598
    outer loop
      vertex 39.1553 -0.932289 22.4453
      vertex 39.2589 3.43459 34.3178
      vertex 39.1553 3.39427 34.3325
    endloop
  endfacet
  facet normal 0.3825 -0.868234 0.316011
    outer loop
      vertex 39.2589 3.43459 34.3178
      vertex 39.1553 -0.932289 22.4453
      vertex 39.2589 -0.891962 22.4307
    endloop
  endfacet
  facet normal 0.745775 -0.626021 0.227854
    outer loop
      vertex 39.5321 3.61676 34.2515
      vertex 39.6068 -0.631217 22.3358
      vertex 39.6068 3.69534 34.2229
    endloop
  endfacet
  facet normal 0.745756 -0.626041 0.22786
    outer loop
      vertex 39.6068 -0.631217 22.3358
      vertex 39.5321 3.61676 34.2515
      vertex 39.5321 -0.709792 22.3644
    endloop
  endfacet
  facet normal 0.923902 -0.359555 0.130867
    outer loop
      vertex 39.726 3.87351 34.158
      vertex 39.7689 -0.35569 22.2355
      vertex 39.7689 3.97086 34.1226
    endloop
  endfacet
  facet normal 0.923909 -0.359538 0.130861
    outer loop
      vertex 39.7689 -0.35569 22.2355
      vertex 39.726 3.87351 34.158
      vertex 39.726 -0.453046 22.2709
    endloop
  endfacet
  facet normal 0.874883 0.455126 -0.165652
    outer loop
      vertex 39.726 4.97085 33.7586
      vertex 39.6894 0.706425 21.8489
      vertex 39.6894 5.03298 33.736
    endloop
  endfacet
  facet normal 0.87488 0.455131 -0.165654
    outer loop
      vertex 39.6894 0.706425 21.8489
      vertex 39.726 4.97085 33.7586
      vertex 39.726 0.644296 21.8715
    endloop
  endfacet
  facet normal -0.0559308 -0.938222 0.341485
    outer loop
      vertex 4.06304 3.34744 34.3495
      vertex 4.175 -0.985021 22.4645
      vertex 4.175 3.34153 34.3516
    endloop
  endfacet
  facet normal -0.0559141 -0.938222 0.341485
    outer loop
      vertex 4.175 -0.985021 22.4645
      vertex 4.06304 3.34744 34.3495
      vertex 4.06304 -0.979113 22.4624
    endloop
  endfacet
  facet normal -0.483866 -0.822365 0.299316
    outer loop
      vertex 3.64297 3.48557 34.2992
      vertex 3.74112 -0.891962 22.4307
      vertex 3.74112 3.43459 34.3178
    endloop
  endfacet
  facet normal -0.483815 -0.822391 0.299327
    outer loop
      vertex 3.74112 -0.891962 22.4307
      vertex 3.64297 3.48557 34.2992
      vertex 3.64297 -0.84099 22.4121
    endloop
  endfacet
  facet normal -0.815586 -0.543739 0.197905
    outer loop
      vertex 3.32828 -0.545275 22.3045
      vertex 3.39317 3.69534 34.2229
      vertex 3.32828 3.78128 34.1916
    endloop
  endfacet
  facet normal -0.815592 -0.543732 0.197903
    outer loop
      vertex 3.39317 3.69534 34.2229
      vertex 3.32828 -0.545275 22.3045
      vertex 3.39317 -0.631217 22.3358
    endloop
  endfacet
  facet normal -0.875227 -0.454541 0.16544
    outer loop
      vertex 3.27403 -0.453046 22.2709
      vertex 3.32828 3.78128 34.1916
      vertex 3.27403 3.87351 34.158
    endloop
  endfacet
  facet normal -0.875225 -0.454544 0.165441
    outer loop
      vertex 3.32828 3.78128 34.1916
      vertex 3.27403 -0.453046 22.2709
      vertex 3.32828 -0.545275 22.3045
    endloop
  endfacet
  facet normal 0.0559108 -0.938223 0.341485
    outer loop
      vertex 38.825 -0.985021 22.4645
      vertex 38.937 3.34744 34.3495
      vertex 38.825 3.34153 34.3516
    endloop
  endfacet
  facet normal 0.0558941 -0.938224 0.341486
    outer loop
      vertex 38.937 3.34744 34.3495
      vertex 38.825 -0.985021 22.4645
      vertex 38.937 -0.979113 22.4624
    endloop
  endfacet
  facet normal 0.484055 -0.822266 0.299281
    outer loop
      vertex 39.2589 -0.891962 22.4307
      vertex 39.357 3.48557 34.2992
      vertex 39.2589 3.43459 34.3178
    endloop
  endfacet
  facet normal 0.484003 -0.822293 0.299291
    outer loop
      vertex 39.357 3.48557 34.2992
      vertex 39.2589 -0.891962 22.4307
      vertex 39.357 -0.84099 22.4121
    endloop
  endfacet
  facet normal 0.000117002 -0.342073 -0.939673
    outer loop
      vertex 39.1553 -0.932289 22.4453
      vertex 39.825 -0.0453288 22.1225
      vertex 39.8187 -0.150541 22.1608
    endloop
  endfacet
  facet normal 9.8041e-07 -0.342003 -0.939699
    outer loop
      vertex 39.825 -0.0453288 22.1225
      vertex 38.825 -0.985021 22.4645
      vertex 39.825 0.236578 22.0199
    endloop
  endfacet
  facet normal -0.000109984 -0.341903 -0.939735
    outer loop
      vertex 39.1553 -0.932289 22.4453
      vertex 39.8187 -0.150541 22.1608
      vertex 39.7999 -0.25443 22.1986
    endloop
  endfacet
  facet normal -8.09137e-07 -0.342002 -0.939699
    outer loop
      vertex 39.6894 0.706425 21.8489
      vertex 39.825 0.236578 22.0199
      vertex 38.825 -0.985021 22.4645
    endloop
  endfacet
  facet normal 0.000682568 -0.342568 -0.939493
    outer loop
      vertex 39.1553 -0.932289 22.4453
      vertex 39.7999 -0.25443 22.1986
      vertex 39.7689 -0.35569 22.2355
    endloop
  endfacet
  facet normal -0.000323129 -0.342084 -0.939669
    outer loop
      vertex 39.825 0.236578 22.0199
      vertex 39.6894 0.706425 21.8489
      vertex 39.8187 0.34179 21.9816
    endloop
  endfacet
  facet normal -0.000367444 -0.341581 -0.939852
    outer loop
      vertex 39.1553 -0.932289 22.4453
      vertex 39.7689 -0.35569 22.2355
      vertex 39.726 -0.453046 22.2709
    endloop
  endfacet
  facet normal 0.000409649 -0.341855 -0.939753
    outer loop
      vertex 39.8187 0.34179 21.9816
      vertex 39.6894 0.706425 21.8489
      vertex 39.7999 0.445679 21.9438
    endloop
  endfacet
  facet normal -0.00361437 -0.343358 -0.939198
    outer loop
      vertex 39.7999 0.445679 21.9438
      vertex 39.6894 0.706425 21.8489
      vertex 39.7689 0.546939 21.9069
    endloop
  endfacet
  facet normal 0.00062934 -0.34263 -0.93947
    outer loop
      vertex 39.1553 -0.932289 22.4453
      vertex 39.726 -0.453046 22.2709
      vertex 39.6717 -0.545275 22.3045
    endloop
  endfacet
  facet normal 0.000629359 -0.34263 -0.93947
    outer loop
      vertex 39.1553 -0.932289 22.4453
      vertex 39.6717 -0.545275 22.3045
      vertex 39.6068 -0.631217 22.3358
    endloop
  endfacet
  facet normal 0.00324268 -0.34475 -0.938689
    outer loop
      vertex 39.4485 -0.78001 22.3899
      vertex 39.6068 -0.631217 22.3358
      vertex 39.5321 -0.709792 22.3644
    endloop
  endfacet
  facet normal -0.000993585 -0.340773 -0.940145
    outer loop
      vertex 39.357 -0.84099 22.4121
      vertex 39.6068 -0.631217 22.3358
      vertex 39.4485 -0.78001 22.3899
    endloop
  endfacet
  facet normal -0.00151182 -0.340227 -0.940342
    outer loop
      vertex 39.2589 -0.891962 22.4307
      vertex 39.6068 -0.631217 22.3358
      vertex 39.357 -0.84099 22.4121
    endloop
  endfacet
  facet normal 0.0014578 -0.343726 -0.939069
    outer loop
      vertex 39.1553 -0.932289 22.4453
      vertex 39.6068 -0.631217 22.3358
      vertex 39.2589 -0.891962 22.4307
    endloop
  endfacet
  facet normal -0.000911194 -0.341387 -0.939922
    outer loop
      vertex 39.825 -0.0453288 22.1225
      vertex 39.1553 -0.932289 22.4453
      vertex 39.0475 -0.961461 22.456
    endloop
  endfacet
  facet normal 0.000254431 -0.342261 -0.939605
    outer loop
      vertex 39.825 -0.0453288 22.1225
      vertex 39.0475 -0.961461 22.456
      vertex 38.937 -0.979113 22.4624
    endloop
  endfacet
  facet normal 0.000446257 -0.342422 -0.939546
    outer loop
      vertex 39.825 -0.0453288 22.1225
      vertex 38.937 -0.979113 22.4624
      vertex 38.825 -0.985021 22.4645
    endloop
  endfacet
  facet normal 0.000943774 -0.341354 -0.939934
    outer loop
      vertex 39.7689 0.546939 21.9069
      vertex 39.6894 0.706425 21.8489
      vertex 39.726 0.644296 21.8715
    endloop
  endfacet
  facet normal 0 -0.342002 -0.939699
    outer loop
      vertex 37.35 0.706425 21.8489
      vertex 38.825 -0.985021 22.4645
      vertex 37.35 -0.985021 22.4645
    endloop
  endfacet
  facet normal 0 -0.342002 -0.939699
    outer loop
      vertex 38.825 -0.985021 22.4645
      vertex 37.35 0.706425 21.8489
      vertex 39.6894 0.706425 21.8489
    endloop
  endfacet
  facet normal 0 -0.342002 -0.939699
    outer loop
      vertex 4.175 -0.985021 22.4645
      vertex 9.15 0.706425 21.8489
      vertex 9.15 -0.985021 22.4645
    endloop
  endfacet
  facet normal -0.000446426 -0.342422 -0.939546
    outer loop
      vertex 3.175 -0.0453288 22.1225
      vertex 4.175 -0.985021 22.4645
      vertex 4.06304 -0.979113 22.4624
    endloop
  endfacet
  facet normal -0.00025427 -0.342261 -0.939605
    outer loop
      vertex 3.175 -0.0453288 22.1225
      vertex 4.06304 -0.979113 22.4624
      vertex 3.95248 -0.961461 22.456
    endloop
  endfacet
  facet normal 0.000911626 -0.341387 -0.939922
    outer loop
      vertex 3.175 -0.0453288 22.1225
      vertex 3.95248 -0.961461 22.456
      vertex 3.84472 -0.932289 22.4453
    endloop
  endfacet
  facet normal -0.000983704 -0.34265 -0.939462
    outer loop
      vertex 3.175 -0.0453288 22.1225
      vertex 3.84472 -0.932289 22.4453
      vertex 3.74112 -0.891962 22.4307
    endloop
  endfacet
  facet normal 0.000655074 -0.341683 -0.939815
    outer loop
      vertex 3.175 -0.0453288 22.1225
      vertex 3.74112 -0.891962 22.4307
      vertex 3.64297 -0.84099 22.4121
    endloop
  endfacet
  facet normal 8.22272e-05 -0.341981 -0.939707
    outer loop
      vertex 3.175 -0.0453288 22.1225
      vertex 3.64297 -0.84099 22.4121
      vertex 3.55151 -0.78001 22.3899
    endloop
  endfacet
  facet normal -0.00112545 -0.342527 -0.939507
    outer loop
      vertex 3.175 -0.0453288 22.1225
      vertex 3.55151 -0.78001 22.3899
      vertex 3.46789 -0.709792 22.3644
    endloop
  endfacet
  facet normal -0.000128591 -0.342139 -0.939649
    outer loop
      vertex 3.175 -0.0453288 22.1225
      vertex 3.46789 -0.709792 22.3644
      vertex 3.39317 -0.631217 22.3358
    endloop
  endfacet
  facet normal 0.000335146 -0.341987 -0.939705
    outer loop
      vertex 3.175 -0.0453288 22.1225
      vertex 3.39317 -0.631217 22.3358
      vertex 3.32828 -0.545275 22.3045
    endloop
  endfacet
  facet normal 0 -0.342002 -0.939699
    outer loop
      vertex 4.175 -0.985021 22.4645
      vertex 3.31057 0.706425 21.8489
      vertex 9.15 0.706425 21.8489
    endloop
  endfacet
  facet normal 0.000905681 -0.341832 -0.939761
    outer loop
      vertex 3.175 -0.0453288 22.1225
      vertex 3.32828 -0.545275 22.3045
      vertex 3.27403 -0.453046 22.2709
    endloop
  endfacet
  facet normal -9.8041e-07 -0.342003 -0.939699
    outer loop
      vertex 4.175 -0.985021 22.4645
      vertex 3.175 -0.0453288 22.1225
      vertex 3.175 0.236578 22.0199
    endloop
  endfacet
  facet normal -0.00172761 -0.342396 -0.939554
    outer loop
      vertex 3.175 -0.0453288 22.1225
      vertex 3.27403 -0.453046 22.2709
      vertex 3.23112 -0.35569 22.2355
    endloop
  endfacet
  facet normal 8.09184e-07 -0.342002 -0.939699
    outer loop
      vertex 4.175 -0.985021 22.4645
      vertex 3.175 0.236578 22.0199
      vertex 3.31057 0.706425 21.8489
    endloop
  endfacet
  facet normal 0.00236451 -0.341743 -0.939791
    outer loop
      vertex 3.175 -0.0453288 22.1225
      vertex 3.23112 -0.35569 22.2355
      vertex 3.20007 -0.25443 22.1986
    endloop
  endfacet
  facet normal 0.00125494 -0.342321 -0.939582
    outer loop
      vertex 3.23112 0.546939 21.9069
      vertex 3.31057 0.706425 21.8489
      vertex 3.175 0.236578 22.0199
    endloop
  endfacet
  facet normal -0.00136961 -0.342139 -0.939649
    outer loop
      vertex 3.175 -0.0453288 22.1225
      vertex 3.20007 -0.25443 22.1986
      vertex 3.18129 -0.150541 22.1608
    endloop
  endfacet
  facet normal -0.000950617 -0.341351 -0.939935
    outer loop
      vertex 3.31057 0.706425 21.8489
      vertex 3.23112 0.546939 21.9069
      vertex 3.27403 0.644296 21.8715
    endloop
  endfacet
  facet normal -0.00236276 -0.341743 -0.93979
    outer loop
      vertex 3.23112 0.546939 21.9069
      vertex 3.175 0.236578 22.0199
      vertex 3.20007 0.445679 21.9438
    endloop
  endfacet
  facet normal 0.00137499 -0.342139 -0.939648
    outer loop
      vertex 3.20007 0.445679 21.9438
      vertex 3.175 0.236578 22.0199
      vertex 3.18129 0.34179 21.9816
    endloop
  endfacet
  facet normal 0 -0.342002 -0.939699
    outer loop
      vertex 18.85 -0.985021 22.4645
      vertex 27.65 0.706425 21.8489
      vertex 27.65 -0.985021 22.4645
    endloop
  endfacet
  facet normal -0 -0.342002 -0.939699
    outer loop
      vertex 27.65 0.706425 21.8489
      vertex 18.85 -0.985021 22.4645
      vertex 18.85 0.706425 21.8489
    endloop
  endfacet
  facet normal -0.985876 -0.157374 0.0572795
    outer loop
      vertex 3.18129 -0.150541 22.1608
      vertex 3.20007 4.07212 34.0857
      vertex 3.18129 4.17601 34.0479
    endloop
  endfacet
  facet normal -0.985876 -0.157375 0.05728
    outer loop
      vertex 3.20007 4.07212 34.0857
      vertex 3.18129 -0.150541 22.1608
      vertex 3.20007 -0.25443 22.1986
    endloop
  endfacet
  facet normal -0.985876 0.157374 -0.0572795
    outer loop
      vertex 3.20007 0.445679 21.9438
      vertex 3.18129 4.66834 33.8687
      vertex 3.20007 4.77223 33.8309
    endloop
  endfacet
  facet normal -0.985876 0.157375 -0.05728
    outer loop
      vertex 3.18129 4.66834 33.8687
      vertex 3.20007 0.445679 21.9438
      vertex 3.18129 0.34179 21.9816
    endloop
  endfacet
  facet normal -0.960892 0.260224 -0.0947129
    outer loop
      vertex 3.23112 0.546939 21.9069
      vertex 3.20007 4.77223 33.8309
      vertex 3.23112 4.87349 33.7941
    endloop
  endfacet
  facet normal -0.960915 0.260147 -0.0946859
    outer loop
      vertex 3.20007 4.77223 33.8309
      vertex 3.23112 0.546939 21.9069
      vertex 3.20007 0.445679 21.9438
    endloop
  endfacet
  facet normal -1 0 0
    outer loop
      vertex 3.175 0.236578 22.0199
      vertex 3.175 4.28123 34.0096
      vertex 3.175 4.56313 33.907
    endloop
  endfacet
  facet normal -1 0 0
    outer loop
      vertex 3.175 4.28123 34.0096
      vertex 3.175 0.236578 22.0199
      vertex 3.175 -0.0453288 22.1225
    endloop
  endfacet
  facet normal 0.000361109 0.342092 0.939666
    outer loop
      vertex 39.6894 5.03298 33.736
      vertex 39.825 4.56313 33.907
      vertex 39.8187 4.66834 33.8687
    endloop
  endfacet
  facet normal -1.14004e-05 0.342011 0.939696
    outer loop
      vertex 39.825 4.56313 33.907
      vertex 38.825 3.34153 34.3516
      vertex 39.825 4.28123 34.0096
    endloop
  endfacet
  facet normal -0.000401604 0.341853 0.939753
    outer loop
      vertex 39.6894 5.03298 33.736
      vertex 39.8187 4.66834 33.8687
      vertex 39.7999 4.77223 33.8309
    endloop
  endfacet
  facet normal -0.000452576 0.342425 0.939545
    outer loop
      vertex 38.937 3.34744 34.3495
      vertex 39.825 4.28123 34.0096
      vertex 38.825 3.34153 34.3516
    endloop
  endfacet
  facet normal -0.00423031 0.340417 0.940265
    outer loop
      vertex 39.6894 5.03298 33.736
      vertex 39.7999 4.77223 33.8309
      vertex 39.7689 4.87349 33.7941
    endloop
  endfacet
  facet normal -0.000246727 0.342252 0.939608
    outer loop
      vertex 39.0475 3.36509 34.3431
      vertex 39.825 4.28123 34.0096
      vertex 38.937 3.34744 34.3495
    endloop
  endfacet
  facet normal 0.00551824 0.344704 0.938695
    outer loop
      vertex 39.6894 5.03298 33.736
      vertex 39.7689 4.87349 33.7941
      vertex 39.726 4.97085 33.7586
    endloop
  endfacet
  facet normal -0.000252538 0.342257 0.939606
    outer loop
      vertex 39.1553 3.39427 34.3325
      vertex 39.825 4.28123 34.0096
      vertex 39.0475 3.36509 34.3431
    endloop
  endfacet
  facet normal 2.52854e-06 0.342001 0.9397
    outer loop
      vertex 39.825 4.56313 33.907
      vertex 39.6894 5.03298 33.736
      vertex 38.825 3.34153 34.3516
    endloop
  endfacet
  facet normal 7.19849e-05 0.34204 0.939685
    outer loop
      vertex 39.825 4.28123 34.0096
      vertex 39.1553 3.39427 34.3325
      vertex 39.8187 4.17601 34.0479
    endloop
  endfacet
  facet normal 0.000300205 0.341869 0.939747
    outer loop
      vertex 39.8187 4.17601 34.0479
      vertex 39.1553 3.39427 34.3325
      vertex 39.7999 4.07212 34.0857
    endloop
  endfacet
  facet normal -0.000460578 0.342508 0.939515
    outer loop
      vertex 39.7999 4.07212 34.0857
      vertex 39.1553 3.39427 34.3325
      vertex 39.7689 3.97086 34.1226
    endloop
  endfacet
  facet normal -0.00319226 0.344688 0.938712
    outer loop
      vertex 39.6068 3.69534 34.2229
      vertex 39.4485 3.54654 34.277
      vertex 39.5321 3.61676 34.2515
    endloop
  endfacet
  facet normal 0.00115828 0.340604 0.940206
    outer loop
      vertex 39.6068 3.69534 34.2229
      vertex 39.357 3.48557 34.2992
      vertex 39.4485 3.54654 34.277
    endloop
  endfacet
  facet normal 0.00143235 0.340315 0.94031
    outer loop
      vertex 39.6068 3.69534 34.2229
      vertex 39.2589 3.43459 34.3178
      vertex 39.357 3.48557 34.2992
    endloop
  endfacet
  facet normal 0.000481809 0.341436 0.939905
    outer loop
      vertex 39.6068 3.69534 34.2229
      vertex 39.1553 3.39427 34.3325
      vertex 39.2589 3.43459 34.3178
    endloop
  endfacet
  facet normal -0.000217887 0.342362 0.939568
    outer loop
      vertex 39.6717 3.78128 34.1916
      vertex 39.1553 3.39427 34.3325
      vertex 39.6068 3.69534 34.2229
    endloop
  endfacet
  facet normal -0.000294045 0.342452 0.939535
    outer loop
      vertex 39.726 3.87351 34.158
      vertex 39.1553 3.39427 34.3325
      vertex 39.6717 3.78128 34.1916
    endloop
  endfacet
  facet normal 0.000603674 0.341508 0.939879
    outer loop
      vertex 39.7689 3.97086 34.1226
      vertex 39.1553 3.39427 34.3325
      vertex 39.726 3.87351 34.158
    endloop
  endfacet
  facet normal -0 0.342002 0.939699
    outer loop
      vertex 37.35 5.03298 33.736
      vertex 38.825 3.34153 34.3516
      vertex 39.6894 5.03298 33.736
    endloop
  endfacet
  facet normal 0 0.342002 0.939699
    outer loop
      vertex 38.825 3.34153 34.3516
      vertex 37.35 5.03298 33.736
      vertex 37.35 3.34153 34.3516
    endloop
  endfacet
  facet normal 0 0.342002 0.939699
    outer loop
      vertex 9.15 5.03298 33.736
      vertex 4.175 3.34153 34.3516
      vertex 9.15 3.34153 34.3516
    endloop
  endfacet
  facet normal -0 0.342002 0.939699
    outer loop
      vertex 3.31057 5.03298 33.736
      vertex 4.175 3.34153 34.3516
      vertex 9.15 5.03298 33.736
    endloop
  endfacet
  facet normal -2.52869e-06 0.342001 0.9397
    outer loop
      vertex 3.175 4.56313 33.907
      vertex 4.175 3.34153 34.3516
      vertex 3.31057 5.03298 33.736
    endloop
  endfacet
  facet normal 1.14004e-05 0.342011 0.939696
    outer loop
      vertex 3.175 4.28123 34.0096
      vertex 4.175 3.34153 34.3516
      vertex 3.175 4.56313 33.907
    endloop
  endfacet
  facet normal 0.000452747 0.342425 0.939545
    outer loop
      vertex 4.175 3.34153 34.3516
      vertex 3.175 4.28123 34.0096
      vertex 4.06304 3.34744 34.3495
    endloop
  endfacet
  facet normal 0.000246571 0.342252 0.939608
    outer loop
      vertex 4.06304 3.34744 34.3495
      vertex 3.175 4.28123 34.0096
      vertex 3.95248 3.36509 34.3431
    endloop
  endfacet
  facet normal 0.000252658 0.342257 0.939606
    outer loop
      vertex 3.95248 3.36509 34.3431
      vertex 3.175 4.28123 34.0096
      vertex 3.84472 3.39427 34.3325
    endloop
  endfacet
  facet normal -0.000274943 0.341905 0.939734
    outer loop
      vertex 3.84472 3.39427 34.3325
      vertex 3.175 4.28123 34.0096
      vertex 3.74112 3.43459 34.3178
    endloop
  endfacet
  facet normal -0.000614583 0.341704 0.939807
    outer loop
      vertex 3.74112 3.43459 34.3178
      vertex 3.175 4.28123 34.0096
      vertex 3.64297 3.48557 34.2992
    endloop
  endfacet
  facet normal -0.00014317 0.341949 0.939718
    outer loop
      vertex 3.64297 3.48557 34.2992
      vertex 3.175 4.28123 34.0096
      vertex 3.55151 3.54654 34.277
    endloop
  endfacet
  facet normal 0.00113378 0.342527 0.939507
    outer loop
      vertex 3.55151 3.54654 34.277
      vertex 3.175 4.28123 34.0096
      vertex 3.46789 3.61676 34.2515
    endloop
  endfacet
  facet normal -0.0055582 0.34472 0.938689
    outer loop
      vertex 3.23112 4.87349 33.7941
      vertex 3.31057 5.03298 33.736
      vertex 3.27403 4.97085 33.7586
    endloop
  endfacet
  facet normal 0.000164405 0.34215 0.939645
    outer loop
      vertex 3.46789 3.61676 34.2515
      vertex 3.175 4.28123 34.0096
      vertex 3.39317 3.69534 34.2229
    endloop
  endfacet
  facet normal 0.00152546 0.341611 0.93984
    outer loop
      vertex 3.31057 5.03298 33.736
      vertex 3.23112 4.87349 33.7941
      vertex 3.175 4.56313 33.907
    endloop
  endfacet
  facet normal -0.00035869 0.341978 0.939708
    outer loop
      vertex 3.39317 3.69534 34.2229
      vertex 3.175 4.28123 34.0096
      vertex 3.32828 3.78128 34.1916
    endloop
  endfacet
  facet normal -0.0026154 0.342271 0.939598
    outer loop
      vertex 3.175 4.56313 33.907
      vertex 3.23112 4.87349 33.7941
      vertex 3.20007 4.77223 33.8309
    endloop
  endfacet
  facet normal -0.000901746 0.341831 0.939761
    outer loop
      vertex 3.32828 3.78128 34.1916
      vertex 3.175 4.28123 34.0096
      vertex 3.27403 3.87351 34.158
    endloop
  endfacet
  facet normal -0.00145596 0.342149 0.939644
    outer loop
      vertex 3.175 4.56313 33.907
      vertex 3.20007 4.77223 33.8309
      vertex 3.18129 4.66834 33.8687
    endloop
  endfacet
  facet normal 0.0016091 0.342369 0.939564
    outer loop
      vertex 3.27403 3.87351 34.158
      vertex 3.175 4.28123 34.0096
      vertex 3.23112 3.97086 34.1226
    endloop
  endfacet
  facet normal -0.00244154 0.341722 0.939798
    outer loop
      vertex 3.23112 3.97086 34.1226
      vertex 3.175 4.28123 34.0096
      vertex 3.20007 4.07212 34.0857
    endloop
  endfacet
  facet normal 0.00118722 0.342107 0.93966
    outer loop
      vertex 3.20007 4.07212 34.0857
      vertex 3.175 4.28123 34.0096
      vertex 3.18129 4.17601 34.0479
    endloop
  endfacet
  facet normal -0 0.342002 0.939699
    outer loop
      vertex 18.85 5.03298 33.736
      vertex 27.65 3.34153 34.3516
      vertex 27.65 5.03298 33.736
    endloop
  endfacet
  facet normal 0 0.342002 0.939699
    outer loop
      vertex 27.65 3.34153 34.3516
      vertex 18.85 5.03298 33.736
      vertex 18.85 3.34153 34.3516
    endloop
  endfacet
  facet normal 0.998421 0.052791 -0.0192143
    outer loop
      vertex 39.825 4.56313 33.907
      vertex 39.8187 0.34179 21.9816
      vertex 39.8187 4.66834 33.8687
    endloop
  endfacet
  facet normal 0.998421 0.0527901 -0.019214
    outer loop
      vertex 39.8187 0.34179 21.9816
      vertex 39.825 4.56313 33.907
      vertex 39.825 0.236578 22.0199
    endloop
  endfacet
  facet normal 0.96101 0.259837 -0.0945721
    outer loop
      vertex 39.7999 4.77223 33.8309
      vertex 39.7689 0.546939 21.9069
      vertex 39.7689 4.87349 33.7941
    endloop
  endfacet
  facet normal 0.961034 0.25976 -0.094545
    outer loop
      vertex 39.7689 0.546939 21.9069
      vertex 39.7999 4.77223 33.8309
      vertex 39.7999 0.445679 21.9438
    endloop
  endfacet
  facet normal -0.167416 -0.92643 0.337193
    outer loop
      vertex 3.95248 3.36509 34.3431
      vertex 4.06304 -0.979113 22.4624
      vertex 4.06304 3.34744 34.3495
    endloop
  endfacet
  facet normal -0.167432 -0.926427 0.337192
    outer loop
      vertex 4.06304 -0.979113 22.4624
      vertex 3.95248 3.36509 34.3431
      vertex 3.95248 -0.961461 22.456
    endloop
  endfacet
  facet normal -0.382711 -0.868153 0.31598
    outer loop
      vertex 3.74112 3.43459 34.3178
      vertex 3.84472 -0.932289 22.4453
      vertex 3.84472 3.39427 34.3325
    endloop
  endfacet
  facet normal -0.3825 -0.868234 0.316011
    outer loop
      vertex 3.84472 -0.932289 22.4453
      vertex 3.74112 3.43459 34.3178
      vertex 3.74112 -0.891962 22.4307
    endloop
  endfacet
  facet normal -0.745686 -0.626115 0.227887
    outer loop
      vertex 3.39317 -0.631217 22.3358
      vertex 3.46789 3.61676 34.2515
      vertex 3.39317 3.69534 34.2229
    endloop
  endfacet
  facet normal -0.745668 -0.626134 0.227894
    outer loop
      vertex 3.46789 3.61676 34.2515
      vertex 3.39317 -0.631217 22.3358
      vertex 3.46789 -0.709792 22.3644
    endloop
  endfacet
  facet normal -0.92387 -0.359626 0.130893
    outer loop
      vertex 3.23112 -0.35569 22.2355
      vertex 3.27403 3.87351 34.158
      vertex 3.23112 3.97086 34.1226
    endloop
  endfacet
  facet normal -0.923877 -0.35961 0.130887
    outer loop
      vertex 3.27403 3.87351 34.158
      vertex 3.23112 -0.35569 22.2355
      vertex 3.27403 -0.453046 22.2709
    endloop
  endfacet
  facet normal 0.578453 -0.766522 0.278992
    outer loop
      vertex 39.357 -0.84099 22.4121
      vertex 39.4485 3.54654 34.277
      vertex 39.357 3.48557 34.2992
    endloop
  endfacet
  facet normal 0.578509 -0.766485 0.278978
    outer loop
      vertex 39.4485 3.54654 34.277
      vertex 39.357 -0.84099 22.4121
      vertex 39.4485 -0.78001 22.3899
    endloop
  endfacet
  facet normal 0.167504 -0.926416 0.337188
    outer loop
      vertex 38.937 -0.979113 22.4624
      vertex 39.0475 3.36509 34.3431
      vertex 38.937 3.34744 34.3495
    endloop
  endfacet
  facet normal 0.167521 -0.926413 0.337187
    outer loop
      vertex 39.0475 3.36509 34.3431
      vertex 38.937 -0.979113 22.4624
      vertex 39.0475 -0.961461 22.456
    endloop
  endfacet
  facet normal 0.815544 -0.543795 0.197925
    outer loop
      vertex 39.6068 3.69534 34.2229
      vertex 39.6717 -0.545275 22.3045
      vertex 39.6717 3.78128 34.1916
    endloop
  endfacet
  facet normal 0.81555 -0.543788 0.197923
    outer loop
      vertex 39.6717 -0.545275 22.3045
      vertex 39.6068 3.69534 34.2229
      vertex 39.6068 -0.631217 22.3358
    endloop
  endfacet
  facet normal -0.875219 0.454554 -0.165444
    outer loop
      vertex 3.31057 0.706425 21.8489
      vertex 3.27403 4.97085 33.7586
      vertex 3.31057 5.03298 33.736
    endloop
  endfacet
  facet normal -0.875216 0.454559 -0.165446
    outer loop
      vertex 3.27403 4.97085 33.7586
      vertex 3.31057 0.706425 21.8489
      vertex 3.27403 0.644296 21.8715
    endloop
  endfacet
  facet normal -0.998426 0.0527075 -0.0191839
    outer loop
      vertex 3.18129 0.34179 21.9816
      vertex 3.175 4.56313 33.907
      vertex 3.18129 4.66834 33.8687
    endloop
  endfacet
  facet normal -0.998426 0.0527066 -0.0191836
    outer loop
      vertex 3.175 4.56313 33.907
      vertex 3.18129 0.34179 21.9816
      vertex 3.175 0.236578 22.0199
    endloop
  endfacet
  facet normal -0.998426 -0.052703 0.0191824
    outer loop
      vertex 3.175 -0.0453288 22.1225
      vertex 3.18129 4.17601 34.0479
      vertex 3.175 4.28123 34.0096
    endloop
  endfacet
  facet normal -0.998426 -0.0527065 0.0191836
    outer loop
      vertex 3.18129 4.17601 34.0479
      vertex 3.175 -0.0453288 22.1225
      vertex 3.18129 -0.150541 22.1608
    endloop
  endfacet
  facet normal 0.875038 -0.454862 0.165556
    outer loop
      vertex 39.6717 3.78128 34.1916
      vertex 39.726 -0.453046 22.2709
      vertex 39.726 3.87351 34.158
    endloop
  endfacet
  facet normal 0.875036 -0.454865 0.165557
    outer loop
      vertex 39.726 -0.453046 22.2709
      vertex 39.6717 3.78128 34.1916
      vertex 39.6717 -0.545275 22.3045
    endloop
  endfacet
  facet normal 0.483619 -0.822493 0.299363
    outer loop
      vertex -0.320373 -0.878934 22.4259
      vertex -0.208484 8.29401 47.4476
      vertex -0.320373 8.2359 47.4687
    endloop
  endfacet
  facet normal 0.483613 -0.822496 0.299364
    outer loop
      vertex -0.208484 8.29401 47.4476
      vertex -0.320373 -0.878934 22.4259
      vertex -0.208484 -0.820825 22.4048
    endloop
  endfacet
  facet normal -0.998413 -0.0529134 0.0192589
    outer loop
      vertex -33.325 0.0862285 22.0746
      vertex -33.3178 9.08112 47.1611
      vertex -33.325 9.20107 47.1174
    endloop
  endfacet
  facet normal -0.998413 -0.0529165 0.01926
    outer loop
      vertex -33.3178 9.08112 47.1611
      vertex -33.325 0.0862285 22.0746
      vertex -33.3178 -0.0337136 22.1183
    endloop
  endfacet
  facet normal -0.74557 -0.626237 0.227932
    outer loop
      vertex -33.0763 -0.581685 22.3177
      vertex -32.9911 8.44358 47.3931
      vertex -33.0763 8.53315 47.3605
    endloop
  endfacet
  facet normal -0.745583 -0.626223 0.227927
    outer loop
      vertex -32.9911 8.44358 47.3931
      vertex -33.0763 -0.581685 22.3177
      vertex -32.9911 -0.671259 22.3503
    endloop
  endfacet
  facet normal -1 0 0
    outer loop
      vertex -33.325 0.105021 22.0678
      vertex -33.325 9.20107 47.1174
      vertex -33.325 9.21986 47.1106
    endloop
  endfacet
  facet normal -1 0 0
    outer loop
      vertex -33.325 9.20107 47.1174
      vertex -33.325 0.105021 22.0678
      vertex -33.325 0.0862285 22.0746
    endloop
  endfacet
  facet normal -0.0392375 -0.339994 -0.939609
    outer loop
      vertex 0.317831 -0.0337136 22.1183
      vertex 0.325 0.105021 22.0678
      vertex 0.325 0.0862285 22.0746
    endloop
  endfacet
  facet normal 0.00065364 -0.342078 -0.939671
    outer loop
      vertex 0.296417 -0.152148 22.1614
      vertex 0.325 0.105021 22.0678
      vertex 0.317831 -0.0337136 22.1183
    endloop
  endfacet
  facet normal 0.0020878 -0.342218 -0.939618
    outer loop
      vertex 0.325 0.105021 22.0678
      vertex 0.296417 -0.152148 22.1614
      vertex 0.317831 0.224963 22.0241
    endloop
  endfacet
  facet normal -0.000664497 -0.342081 -0.93967
    outer loop
      vertex 0.296417 -0.152148 22.1614
      vertex 0.296417 0.343397 21.981
      vertex 0.317831 0.224963 22.0241
    endloop
  endfacet
  facet normal 0.000620666 -0.342081 -0.93967
    outer loop
      vertex 0.261026 -0.267583 22.2034
      vertex 0.296417 0.343397 21.981
      vertex 0.296417 -0.152148 22.1614
    endloop
  endfacet
  facet normal -0.000423414 -0.342028 -0.93969
    outer loop
      vertex 0.261026 -0.267583 22.2034
      vertex 0.261026 0.458832 21.939
      vertex 0.296417 0.343397 21.981
    endloop
  endfacet
  facet normal -5.82572e-05 -0.342028 -0.93969
    outer loop
      vertex 0.212104 -0.37857 22.2438
      vertex 0.261026 0.458832 21.939
      vertex 0.261026 -0.267583 22.2034
    endloop
  endfacet
  facet normal 4.46218e-05 -0.342033 -0.939688
    outer loop
      vertex 0.212104 -0.37857 22.2438
      vertex 0.212104 0.569819 21.8986
      vertex 0.261026 0.458832 21.939
    endloop
  endfacet
  facet normal -0.000458657 -0.342033 -0.939688
    outer loop
      vertex 0.150265 -0.483711 22.2821
      vertex 0.212104 0.569819 21.8986
      vertex 0.212104 -0.37857 22.2438
    endloop
  endfacet
  facet normal -0.000266392 -0.342043 -0.939684
    outer loop
      vertex 0.126506 0.706425 21.8489
      vertex 0.212104 0.569819 21.8986
      vertex 0.150265 -0.483711 22.2821
    endloop
  endfacet
  facet normal 0.0122112 -0.335104 -0.942102
    outer loop
      vertex 0.212104 0.569819 21.8986
      vertex 0.126506 0.706425 21.8489
      vertex 0.150265 0.67496 21.8604
    endloop
  endfacet
  facet normal 0.000764211 -0.342025 -0.939691
    outer loop
      vertex 0.0762873 -0.581685 22.3177
      vertex 0.126506 0.706425 21.8489
      vertex 0.150265 -0.483711 22.2821
    endloop
  endfacet
  facet normal -8.46555e-07 -0.341998 -0.939701
    outer loop
      vertex -0.00889874 -0.671259 22.3503
      vertex 0.126506 0.706425 21.8489
      vertex 0.0762873 -0.581685 22.3177
    endloop
  endfacet
  facet normal -0.000716019 -0.341936 -0.939723
    outer loop
      vertex -0.104222 -0.751308 22.3795
      vertex 0.126506 0.706425 21.8489
      vertex -0.00889874 -0.671259 22.3503
    endloop
  endfacet
  facet normal 3.50813e-05 -0.342041 -0.939685
    outer loop
      vertex -0.208484 -0.820825 22.4048
      vertex 0.126506 0.706425 21.8489
      vertex -0.104222 -0.751308 22.3795
    endloop
  endfacet
  facet normal 0.00048292 -0.342128 -0.939653
    outer loop
      vertex -0.320373 -0.878934 22.4259
      vertex 0.126506 0.706425 21.8489
      vertex -0.208484 -0.820825 22.4048
    endloop
  endfacet
  facet normal -0.000609888 -0.341856 -0.939752
    outer loop
      vertex -0.438482 -0.924906 22.4427
      vertex 0.126506 0.706425 21.8489
      vertex -0.320373 -0.878934 22.4259
    endloop
  endfacet
  facet normal 4.60575e-05 -0.342057 -0.939679
    outer loop
      vertex -0.561327 -0.958163 22.4548
      vertex 0.126506 0.706425 21.8489
      vertex -0.438482 -0.924906 22.4427
    endloop
  endfacet
  facet normal 0.000196768 -0.342112 -0.939659
    outer loop
      vertex -0.687361 -0.978286 22.4621
      vertex 0.126506 0.706425 21.8489
      vertex -0.561327 -0.958163 22.4548
    endloop
  endfacet
  facet normal 0.000388288 -0.342193 -0.939629
    outer loop
      vertex -0.815001 -0.985021 22.4645
      vertex 0.126506 0.706425 21.8489
      vertex -0.687361 -0.978286 22.4621
    endloop
  endfacet
  facet normal 0 -0.342002 -0.939699
    outer loop
      vertex -32.185 -0.985021 22.4645
      vertex 0.126506 0.706425 21.8489
      vertex -0.815001 -0.985021 22.4645
    endloop
  endfacet
  facet normal -0.000388414 -0.342193 -0.939629
    outer loop
      vertex -33.1265 0.706425 21.8489
      vertex -32.185 -0.985021 22.4645
      vertex -32.3126 -0.978286 22.4621
    endloop
  endfacet
  facet normal -0.000196657 -0.342112 -0.939659
    outer loop
      vertex -33.1265 0.706425 21.8489
      vertex -32.3126 -0.978286 22.4621
      vertex -32.4387 -0.958163 22.4548
    endloop
  endfacet
  facet normal -4.60763e-05 -0.342057 -0.939679
    outer loop
      vertex -33.1265 0.706425 21.8489
      vertex -32.4387 -0.958163 22.4548
      vertex -32.5615 -0.924906 22.4427
    endloop
  endfacet
  facet normal 0.000609944 -0.341856 -0.939752
    outer loop
      vertex -33.1265 0.706425 21.8489
      vertex -32.5615 -0.924906 22.4427
      vertex -32.6796 -0.878934 22.4259
    endloop
  endfacet
  facet normal -0.000482868 -0.342128 -0.939653
    outer loop
      vertex -33.1265 0.706425 21.8489
      vertex -32.6796 -0.878934 22.4259
      vertex -32.7915 -0.820825 22.4048
    endloop
  endfacet
  facet normal -3.50665e-05 -0.342041 -0.939685
    outer loop
      vertex -33.1265 0.706425 21.8489
      vertex -32.7915 -0.820825 22.4048
      vertex -32.8958 -0.751308 22.3795
    endloop
  endfacet
  facet normal 0.000716207 -0.341936 -0.939723
    outer loop
      vertex -33.1265 0.706425 21.8489
      vertex -32.8958 -0.751308 22.3795
      vertex -32.9911 -0.671259 22.3503
    endloop
  endfacet
  facet normal 8.46397e-07 -0.341998 -0.939701
    outer loop
      vertex -33.1265 0.706425 21.8489
      vertex -32.9911 -0.671259 22.3503
      vertex -33.0763 -0.581685 22.3177
    endloop
  endfacet
  facet normal 0 -0.342002 -0.939699
    outer loop
      vertex -32.185 -0.985021 22.4645
      vertex -33.1265 0.706425 21.8489
      vertex 0.126506 0.706425 21.8489
    endloop
  endfacet
  facet normal -0.000763953 -0.342025 -0.939691
    outer loop
      vertex -33.1503 -0.483711 22.2821
      vertex -33.1265 0.706425 21.8489
      vertex -33.0763 -0.581685 22.3177
    endloop
  endfacet
  facet normal 0.000434025 -0.342046 -0.939683
    outer loop
      vertex -33.2121 -0.37857 22.2438
      vertex -33.1265 0.706425 21.8489
      vertex -33.1503 -0.483711 22.2821
    endloop
  endfacet
  facet normal 0.000248377 -0.342033 -0.939688
    outer loop
      vertex -33.2121 0.569819 21.8986
      vertex -33.1265 0.706425 21.8489
      vertex -33.2121 -0.37857 22.2438
    endloop
  endfacet
  facet normal -0.0120897 -0.335172 -0.942079
    outer loop
      vertex -33.1265 0.706425 21.8489
      vertex -33.2121 0.569819 21.8986
      vertex -33.1503 0.67496 21.8604
    endloop
  endfacet
  facet normal 4.46419e-05 -0.342033 -0.939688
    outer loop
      vertex -33.261 -0.267583 22.2034
      vertex -33.2121 0.569819 21.8986
      vertex -33.2121 -0.37857 22.2438
    endloop
  endfacet
  facet normal -5.82834e-05 -0.342028 -0.93969
    outer loop
      vertex -33.261 -0.267583 22.2034
      vertex -33.261 0.458832 21.939
      vertex -33.2121 0.569819 21.8986
    endloop
  endfacet
  facet normal -0.000423307 -0.342028 -0.93969
    outer loop
      vertex -33.2964 -0.152148 22.1614
      vertex -33.261 0.458832 21.939
      vertex -33.261 -0.267583 22.2034
    endloop
  endfacet
  facet normal 0.000620508 -0.342081 -0.93967
    outer loop
      vertex -33.2964 -0.152148 22.1614
      vertex -33.2964 0.343397 21.981
      vertex -33.261 0.458832 21.939
    endloop
  endfacet
  facet normal -0.000671326 -0.342081 -0.93967
    outer loop
      vertex -33.3178 -0.0337136 22.1183
      vertex -33.2964 0.343397 21.981
      vertex -33.2964 -0.152148 22.1614
    endloop
  endfacet
  facet normal 0.00207829 -0.342218 -0.939618
    outer loop
      vertex -33.325 0.0862285 22.0746
      vertex -33.2964 0.343397 21.981
      vertex -33.3178 -0.0337136 22.1183
    endloop
  endfacet
  facet normal 0.000648318 -0.342078 -0.939671
    outer loop
      vertex -33.2964 0.343397 21.981
      vertex -33.325 0.0862285 22.0746
      vertex -33.3178 0.224963 22.0241
    endloop
  endfacet
  facet normal -0.0390735 -0.339996 -0.939615
    outer loop
      vertex -33.3178 0.224963 22.0241
      vertex -33.325 0.0862285 22.0746
      vertex -33.325 0.105021 22.0678
    endloop
  endfacet
  facet normal 0.578685 -0.766367 0.278935
    outer loop
      vertex -0.208484 -0.820825 22.4048
      vertex -0.104222 8.36353 47.4223
      vertex -0.208484 8.29401 47.4476
    endloop
  endfacet
  facet normal 0.578671 -0.766377 0.278939
    outer loop
      vertex -0.104222 8.36353 47.4223
      vertex -0.208484 -0.820825 22.4048
      vertex -0.104222 -0.751308 22.3795
    endloop
  endfacet
  facet normal 0.0558901 -0.938224 0.341486
    outer loop
      vertex -0.815001 -0.985021 22.4645
      vertex -0.687361 8.13655 47.5049
      vertex -0.815001 8.12982 47.5073
    endloop
  endfacet
  facet normal 0.0559267 -0.938222 0.341485
    outer loop
      vertex -0.687361 8.13655 47.5049
      vertex -0.815001 -0.985021 22.4645
      vertex -0.687361 -0.978286 22.4621
    endloop
  endfacet
  facet normal -0.578545 -0.766461 0.278969
    outer loop
      vertex -32.8958 8.36353 47.4223
      vertex -32.7915 -0.820825 22.4048
      vertex -32.7915 8.29401 47.4476
    endloop
  endfacet
  facet normal -0.57853 -0.76647 0.278973
    outer loop
      vertex -32.7915 -0.820825 22.4048
      vertex -32.8958 8.36353 47.4223
      vertex -32.8958 -0.751308 22.3795
    endloop
  endfacet
  facet normal 0.666448 -0.700589 0.254994
    outer loop
      vertex -0.104222 -0.751308 22.3795
      vertex -0.00889874 8.44358 47.3931
      vertex -0.104222 8.36353 47.4223
    endloop
  endfacet
  facet normal 0.666444 -0.700593 0.254995
    outer loop
      vertex -0.00889874 8.44358 47.3931
      vertex -0.104222 -0.751308 22.3795
      vertex -0.00889874 -0.671259 22.3503
    endloop
  endfacet
  facet normal 0.276847 -0.902964 0.328652
    outer loop
      vertex -0.561327 -0.958163 22.4548
      vertex -0.438482 8.18993 47.4855
      vertex -0.561327 8.15667 47.4976
    endloop
  endfacet
  facet normal 0.276827 -0.902969 0.328654
    outer loop
      vertex -0.438482 8.18993 47.4855
      vertex -0.561327 -0.958163 22.4548
      vertex -0.438482 -0.924906 22.4427
    endloop
  endfacet
  facet normal -0.666538 -0.700513 0.254966
    outer loop
      vertex -32.9911 8.44358 47.3931
      vertex -32.8958 -0.751308 22.3795
      vertex -32.8958 8.36353 47.4223
    endloop
  endfacet
  facet normal -0.666534 -0.700517 0.254967
    outer loop
      vertex -32.8958 -0.751308 22.3795
      vertex -32.9911 8.44358 47.3931
      vertex -32.9911 -0.671259 22.3503
    endloop
  endfacet
  facet normal -0.87537 -0.454298 0.165351
    outer loop
      vertex -33.2121 -0.37857 22.2438
      vertex -33.1503 8.63113 47.3249
      vertex -33.2121 8.73627 47.2866
    endloop
  endfacet
  facet normal -0.875371 -0.454295 0.16535
    outer loop
      vertex -33.1503 8.63113 47.3249
      vertex -33.2121 -0.37857 22.2438
      vertex -33.1503 -0.483711 22.2821
    endloop
  endfacet
  facet normal -0.985888 -0.15731 0.0572563
    outer loop
      vertex -33.3178 -0.0337136 22.1183
      vertex -33.2964 8.96269 47.2042
      vertex -33.3178 9.08112 47.1611
    endloop
  endfacet
  facet normal -0.985889 -0.157305 0.0572545
    outer loop
      vertex -33.2964 8.96269 47.2042
      vertex -33.3178 -0.0337136 22.1183
      vertex -33.2964 -0.152148 22.1614
    endloop
  endfacet
  facet normal -0.923936 -0.359476 0.130838
    outer loop
      vertex -33.261 -0.267583 22.2034
      vertex -33.2121 8.73627 47.2866
      vertex -33.261 8.84725 47.2462
    endloop
  endfacet
  facet normal -0.923944 -0.359459 0.130832
    outer loop
      vertex -33.2121 8.73627 47.2866
      vertex -33.261 -0.267583 22.2034
      vertex -33.2121 -0.37857 22.2438
    endloop
  endfacet
  facet normal -0.923947 0.359451 -0.13083
    outer loop
      vertex -33.2121 0.569819 21.8986
      vertex -33.261 9.57367 46.9818
      vertex -33.2121 9.68466 46.9414
    endloop
  endfacet
  facet normal -0.923944 0.359459 -0.130832
    outer loop
      vertex -33.261 9.57367 46.9818
      vertex -33.2121 0.569819 21.8986
      vertex -33.261 0.458832 21.939
    endloop
  endfacet
  facet normal 0.745624 -0.62618 0.227911
    outer loop
      vertex -0.00889874 8.44358 47.3931
      vertex 0.0762873 -0.581685 22.3177
      vertex 0.0762873 8.53315 47.3605
    endloop
  endfacet
  facet normal 0.745638 -0.626166 0.227906
    outer loop
      vertex 0.0762873 -0.581685 22.3177
      vertex -0.00889874 8.44358 47.3931
      vertex -0.00889874 -0.671259 22.3503
    endloop
  endfacet
  facet normal 0.960916 0.260144 -0.0946847
    outer loop
      vertex 0.296417 9.45823 47.0238
      vertex 0.261026 0.458832 21.939
      vertex 0.261026 9.57367 46.9818
    endloop
  endfacet
  facet normal 0.960913 0.260153 -0.094688
    outer loop
      vertex 0.261026 0.458832 21.939
      vertex 0.296417 9.45823 47.0238
      vertex 0.296417 0.343397 21.981
    endloop
  endfacet
  facet normal 0.98587 -0.15741 0.0572927
    outer loop
      vertex 0.296417 8.96269 47.2042
      vertex 0.317831 -0.0337136 22.1183
      vertex 0.317831 9.08112 47.1611
    endloop
  endfacet
  facet normal 0.985871 -0.157405 0.0572909
    outer loop
      vertex 0.317831 -0.0337136 22.1183
      vertex 0.296417 8.96269 47.2042
      vertex 0.296417 -0.152148 22.1614
    endloop
  endfacet
  facet normal -0.483582 -0.822512 0.29937
    outer loop
      vertex -32.7915 8.29401 47.4476
      vertex -32.6796 -0.878934 22.4259
      vertex -32.6796 8.2359 47.4687
    endloop
  endfacet
  facet normal -0.483577 -0.822515 0.299371
    outer loop
      vertex -32.6796 -0.878934 22.4259
      vertex -32.7915 8.29401 47.4476
      vertex -32.7915 -0.820825 22.4048
    endloop
  endfacet
  facet normal 0 -0.939692 0.342023
    outer loop
      vertex -25.8 -0.471991 23.8741
      vertex -7.2 1.58013 29.5122
      vertex -25.8 1.58013 29.5122
    endloop
  endfacet
  facet normal 0 -0.939692 0.342023
    outer loop
      vertex -7.2 1.58013 29.5122
      vertex -25.8 -0.471991 23.8741
      vertex -7.2 -0.471991 23.8741
    endloop
  endfacet
  facet normal 0 -0.939694 0.342018
    outer loop
      vertex -23 5.68437 40.7885
      vertex -10 7.73649 46.4267
      vertex -23 7.73649 46.4267
    endloop
  endfacet
  facet normal 0 -0.939694 0.342018
    outer loop
      vertex -10 7.73649 46.4267
      vertex -23 5.68437 40.7885
      vertex -10 5.68437 40.7885
    endloop
  endfacet
  facet normal 0 -0.939686 0.342038
    outer loop
      vertex -23 7.73649 46.4267
      vertex -32.185 8.12982 47.5073
      vertex -29 7.73649 46.4267
    endloop
  endfacet
  facet normal -7.97137e-06 -0.939694 0.342018
    outer loop
      vertex -32.185 8.12982 47.5073
      vertex -29 5.68437 40.7885
      vertex -29 7.73649 46.4267
    endloop
  endfacet
  facet normal 0 -0.939693 0.34202
    outer loop
      vertex -25.8 1.58013 29.5122
      vertex -23 5.68437 40.7885
      vertex -29 5.68437 40.7885
    endloop
  endfacet
  facet normal 0 -0.939693 0.34202
    outer loop
      vertex -23 5.68437 40.7885
      vertex -25.8 1.58013 29.5122
      vertex -10 5.68437 40.7885
    endloop
  endfacet
  facet normal 0 -0.939693 0.34202
    outer loop
      vertex -25.8 1.58013 29.5122
      vertex -29 5.68437 40.7885
      vertex -29 1.58013 29.5122
    endloop
  endfacet
  facet normal -1.57308e-06 -0.939693 0.34202
    outer loop
      vertex -32.185 8.12982 47.5073
      vertex -29 1.58013 29.5122
      vertex -29 5.68437 40.7885
    endloop
  endfacet
  facet normal -1.19525e-06 -0.939693 0.34202
    outer loop
      vertex -32.185 -0.985021 22.4645
      vertex -29 1.58013 29.5122
      vertex -32.185 8.12982 47.5073
    endloop
  endfacet
  facet normal 0 -0.939697 0.342007
    outer loop
      vertex -32.185 -0.985021 22.4645
      vertex -25.8 -0.471991 23.8741
      vertex -29 -0.471991 23.8741
    endloop
  endfacet
  facet normal 0 -0.939697 0.342007
    outer loop
      vertex -25.8 -0.471991 23.8741
      vertex -32.185 -0.985021 22.4645
      vertex -7.2 -0.471991 23.8741
    endloop
  endfacet
  facet normal 0 -0.939697 0.342007
    outer loop
      vertex -0.815001 -0.985021 22.4645
      vertex -7.2 -0.471991 23.8741
      vertex -32.185 -0.985021 22.4645
    endloop
  endfacet
  facet normal -8.12768e-06 -0.939692 0.342023
    outer loop
      vertex -29 1.58013 29.5122
      vertex -32.185 -0.985021 22.4645
      vertex -29 -0.471991 23.8741
    endloop
  endfacet
  facet normal 0 -0.939686 0.342038
    outer loop
      vertex -32.185 8.12982 47.5073
      vertex -23 7.73649 46.4267
      vertex -0.815001 8.12982 47.5073
    endloop
  endfacet
  facet normal 0 -0.939686 0.342038
    outer loop
      vertex -10 7.73649 46.4267
      vertex -0.815001 8.12982 47.5073
      vertex -23 7.73649 46.4267
    endloop
  endfacet
  facet normal 0 -0.939686 0.342038
    outer loop
      vertex -4 7.73649 46.4267
      vertex -0.815001 8.12982 47.5073
      vertex -10 7.73649 46.4267
    endloop
  endfacet
  facet normal 7.97138e-06 -0.939694 0.342018
    outer loop
      vertex -4 5.68437 40.7885
      vertex -0.815001 8.12982 47.5073
      vertex -4 7.73649 46.4267
    endloop
  endfacet
  facet normal 0 -0.939693 0.34202
    outer loop
      vertex -7.2 1.58013 29.5122
      vertex -10 5.68437 40.7885
      vertex -25.8 1.58013 29.5122
    endloop
  endfacet
  facet normal 0 -0.939693 0.34202
    outer loop
      vertex -10 5.68437 40.7885
      vertex -7.2 1.58013 29.5122
      vertex -4 5.68437 40.7885
    endloop
  endfacet
  facet normal 0 -0.939693 0.34202
    outer loop
      vertex -4 1.58013 29.5122
      vertex -4 5.68437 40.7885
      vertex -7.2 1.58013 29.5122
    endloop
  endfacet
  facet normal 1.57308e-06 -0.939693 0.34202
    outer loop
      vertex -4 5.68437 40.7885
      vertex -4 1.58013 29.5122
      vertex -0.815001 8.12982 47.5073
    endloop
  endfacet
  facet normal 8.12768e-06 -0.939692 0.342023
    outer loop
      vertex -0.815001 -0.985021 22.4645
      vertex -4 1.58013 29.5122
      vertex -4 -0.471991 23.8741
    endloop
  endfacet
  facet normal 1.19525e-06 -0.939693 0.34202
    outer loop
      vertex -4 1.58013 29.5122
      vertex -0.815001 -0.985021 22.4645
      vertex -0.815001 8.12982 47.5073
    endloop
  endfacet
  facet normal 0 -0.939697 0.342007
    outer loop
      vertex -7.2 -0.471991 23.8741
      vertex -0.815001 -0.985021 22.4645
      vertex -4 -0.471991 23.8741
    endloop
  endfacet
  facet normal -0.0559076 -0.938223 0.341485
    outer loop
      vertex -32.3126 8.13655 47.5049
      vertex -32.185 -0.985021 22.4645
      vertex -32.185 8.12982 47.5073
    endloop
  endfacet
  facet normal -0.0559442 -0.938221 0.341485
    outer loop
      vertex -32.185 -0.985021 22.4645
      vertex -32.3126 8.13655 47.5049
      vertex -32.3126 -0.978286 22.4621
    endloop
  endfacet
  facet normal -0.276941 -0.902938 0.328643
    outer loop
      vertex -32.5615 8.18993 47.4855
      vertex -32.4387 -0.958163 22.4548
      vertex -32.4387 8.15667 47.4976
    endloop
  endfacet
  facet normal -0.27692 -0.902944 0.328645
    outer loop
      vertex -32.4387 -0.958163 22.4548
      vertex -32.5615 8.18993 47.4855
      vertex -32.5615 -0.924906 22.4427
    endloop
  endfacet
  facet normal 0.382825 -0.868108 0.315965
    outer loop
      vertex -0.438482 -0.924906 22.4427
      vertex -0.320373 8.2359 47.4687
      vertex -0.438482 8.18993 47.4855
    endloop
  endfacet
  facet normal 0.382838 -0.868103 0.315964
    outer loop
      vertex -0.320373 8.2359 47.4687
      vertex -0.438482 -0.924906 22.4427
      vertex -0.320373 -0.878934 22.4259
    endloop
  endfacet
  facet normal 0.167425 -0.926429 0.337193
    outer loop
      vertex -0.687361 -0.978286 22.4621
      vertex -0.561327 8.15667 47.4976
      vertex -0.687361 8.13655 47.5049
    endloop
  endfacet
  facet normal 0.167446 -0.926425 0.337191
    outer loop
      vertex -0.561327 8.15667 47.4976
      vertex -0.687361 -0.978286 22.4621
      vertex -0.561327 -0.958163 22.4548
    endloop
  endfacet
  facet normal -0.81544 -0.543933 0.197976
    outer loop
      vertex -33.1503 -0.483711 22.2821
      vertex -33.0763 8.53315 47.3605
      vertex -33.1503 8.63113 47.3249
    endloop
  endfacet
  facet normal -0.815425 -0.543953 0.197983
    outer loop
      vertex -33.0763 8.53315 47.3605
      vertex -33.1503 -0.483711 22.2821
      vertex -33.0763 -0.581685 22.3177
    endloop
  endfacet
  facet normal -0.960897 -0.260205 0.094707
    outer loop
      vertex -33.2964 -0.152148 22.1614
      vertex -33.261 8.84725 47.2462
      vertex -33.2964 8.96269 47.2042
    endloop
  endfacet
  facet normal -0.960895 -0.260214 0.0947103
    outer loop
      vertex -33.261 8.84725 47.2462
      vertex -33.2964 -0.152148 22.1614
      vertex -33.261 -0.267583 22.2034
    endloop
  endfacet
  facet normal -0.998413 0.0529173 -0.0192603
    outer loop
      vertex -33.3178 0.224963 22.0241
      vertex -33.325 9.21986 47.1106
      vertex -33.3178 9.3398 47.0669
    endloop
  endfacet
  facet normal -0.998413 0.0529165 -0.01926
    outer loop
      vertex -33.325 9.21986 47.1106
      vertex -33.3178 0.224963 22.0241
      vertex -33.325 0.105021 22.0678
    endloop
  endfacet
  facet normal -0.0385807 0.340043 0.939618
    outer loop
      vertex 0.317831 9.3398 47.0669
      vertex 0.325 9.20107 47.1174
      vertex 0.325 9.21986 47.1106
    endloop
  endfacet
  facet normal 0.000643056 0.342088 0.939668
    outer loop
      vertex 0.296417 9.45823 47.0238
      vertex 0.325 9.20107 47.1174
      vertex 0.317831 9.3398 47.0669
    endloop
  endfacet
  facet normal 0.00188419 0.342209 0.939622
    outer loop
      vertex 0.325 9.20107 47.1174
      vertex 0.296417 9.45823 47.0238
      vertex 0.317831 9.08112 47.1611
    endloop
  endfacet
  facet normal -0.000619687 0.342084 0.939669
    outer loop
      vertex 0.296417 9.45823 47.0238
      vertex 0.296417 8.96269 47.2042
      vertex 0.317831 9.08112 47.1611
    endloop
  endfacet
  facet normal 0.000680253 0.342084 0.939669
    outer loop
      vertex 0.261026 9.57367 46.9818
      vertex 0.296417 8.96269 47.2042
      vertex 0.296417 9.45823 47.0238
    endloop
  endfacet
  facet normal -0.000464057 0.342026 0.939691
    outer loop
      vertex 0.261026 9.57367 46.9818
      vertex 0.261026 8.84725 47.2462
      vertex 0.296417 8.96269 47.2042
    endloop
  endfacet
  facet normal -4.26244e-05 0.342026 0.939691
    outer loop
      vertex 0.212104 9.68466 46.9414
      vertex 0.261026 8.84725 47.2462
      vertex 0.261026 9.57367 46.9818
    endloop
  endfacet
  facet normal 9.43797e-05 0.342033 0.939688
    outer loop
      vertex 0.212104 9.68466 46.9414
      vertex 0.212104 8.73627 47.2866
      vertex 0.261026 8.84725 47.2462
    endloop
  endfacet
  facet normal -0.0125117 0.334949 0.942153
    outer loop
      vertex 0.126506 9.82126 46.8917
      vertex 0.212104 9.68466 46.9414
      vertex 0.150265 9.7898 46.9032
    endloop
  endfacet
  facet normal 0.000223832 0.342033 0.939688
    outer loop
      vertex 0.212104 9.68466 46.9414
      vertex 0.126506 9.82126 46.8917
      vertex 0.212104 8.73627 47.2866
    endloop
  endfacet
  facet normal 0.000436299 0.342047 0.939683
    outer loop
      vertex 0.212104 8.73627 47.2866
      vertex 0.126506 9.82126 46.8917
      vertex 0.150265 8.63113 47.3249
    endloop
  endfacet
  facet normal -0.000793461 0.342026 0.93969
    outer loop
      vertex 0.126506 9.82126 46.8917
      vertex 0.0762873 8.53315 47.3605
      vertex 0.150265 8.63113 47.3249
    endloop
  endfacet
  facet normal 1.75919e-05 0.341998 0.939701
    outer loop
      vertex 0.126506 9.82126 46.8917
      vertex -0.00889874 8.44358 47.3931
      vertex 0.0762873 8.53315 47.3605
    endloop
  endfacet
  facet normal 0.0007112 0.341938 0.939722
    outer loop
      vertex 0.126506 9.82126 46.8917
      vertex -0.104222 8.36353 47.4223
      vertex -0.00889874 8.44358 47.3931
    endloop
  endfacet
  facet normal -4.6609e-05 0.342044 0.939684
    outer loop
      vertex 0.126506 9.82126 46.8917
      vertex -0.208484 8.29401 47.4476
      vertex -0.104222 8.36353 47.4223
    endloop
  endfacet
  facet normal -0.00048637 0.342129 0.939653
    outer loop
      vertex 0.126506 9.82126 46.8917
      vertex -0.320373 8.2359 47.4687
      vertex -0.208484 8.29401 47.4476
    endloop
  endfacet
  facet normal 0.000616485 0.341854 0.939753
    outer loop
      vertex 0.126506 9.82126 46.8917
      vertex -0.438482 8.18993 47.4855
      vertex -0.320373 8.2359 47.4687
    endloop
  endfacet
  facet normal -5.53378e-05 0.34206 0.939678
    outer loop
      vertex 0.126506 9.82126 46.8917
      vertex -0.561327 8.15667 47.4976
      vertex -0.438482 8.18993 47.4855
    endloop
  endfacet
  facet normal -0.000187979 0.342108 0.939661
    outer loop
      vertex 0.126506 9.82126 46.8917
      vertex -0.687361 8.13655 47.5049
      vertex -0.561327 8.15667 47.4976
    endloop
  endfacet
  facet normal -0.000374545 0.342188 0.939632
    outer loop
      vertex 0.126506 9.82126 46.8917
      vertex -0.815001 8.12982 47.5073
      vertex -0.687361 8.13655 47.5049
    endloop
  endfacet
  facet normal 0 0.342004 0.939699
    outer loop
      vertex 0.126506 9.82126 46.8917
      vertex -32.185 8.12982 47.5073
      vertex -0.815001 8.12982 47.5073
    endloop
  endfacet
  facet normal -0 0.342004 0.939699
    outer loop
      vertex -33.1265 9.82126 46.8917
      vertex -32.185 8.12982 47.5073
      vertex 0.126506 9.82126 46.8917
    endloop
  endfacet
  facet normal 0.000374666 0.342188 0.939632
    outer loop
      vertex -32.185 8.12982 47.5073
      vertex -33.1265 9.82126 46.8917
      vertex -32.3126 8.13655 47.5049
    endloop
  endfacet
  facet normal 0.000187873 0.342108 0.939661
    outer loop
      vertex -32.3126 8.13655 47.5049
      vertex -33.1265 9.82126 46.8917
      vertex -32.4387 8.15667 47.4976
    endloop
  endfacet
  facet normal 5.53603e-05 0.34206 0.939678
    outer loop
      vertex -32.4387 8.15667 47.4976
      vertex -33.1265 9.82126 46.8917
      vertex -32.5615 8.18993 47.4855
    endloop
  endfacet
  facet normal -0.000616542 0.341854 0.939753
    outer loop
      vertex -32.5615 8.18993 47.4855
      vertex -33.1265 9.82126 46.8917
      vertex -32.6796 8.2359 47.4687
    endloop
  endfacet
  facet normal 0.000486318 0.342129 0.939653
    outer loop
      vertex -32.6796 8.2359 47.4687
      vertex -33.1265 9.82126 46.8917
      vertex -32.7915 8.29401 47.4476
    endloop
  endfacet
  facet normal 4.65893e-05 0.342044 0.939684
    outer loop
      vertex -32.7915 8.29401 47.4476
      vertex -33.1265 9.82126 46.8917
      vertex -32.8958 8.36353 47.4223
    endloop
  endfacet
  facet normal -0.000711387 0.341938 0.939722
    outer loop
      vertex -32.8958 8.36353 47.4223
      vertex -33.1265 9.82126 46.8917
      vertex -32.9911 8.44358 47.3931
    endloop
  endfacet
  facet normal -1.75886e-05 0.341998 0.939701
    outer loop
      vertex -32.9911 8.44358 47.3931
      vertex -33.1265 9.82126 46.8917
      vertex -33.0763 8.53315 47.3605
    endloop
  endfacet
  facet normal 0.0123872 0.335018 0.94213
    outer loop
      vertex -33.2121 9.68466 46.9414
      vertex -33.1265 9.82126 46.8917
      vertex -33.1503 9.7898 46.9032
    endloop
  endfacet
  facet normal 0.000793193 0.342026 0.93969
    outer loop
      vertex -33.1265 9.82126 46.8917
      vertex -33.1503 8.63113 47.3249
      vertex -33.0763 8.53315 47.3605
    endloop
  endfacet
  facet normal -0.000244477 0.342044 0.939684
    outer loop
      vertex -33.1265 9.82126 46.8917
      vertex -33.2121 9.68466 46.9414
      vertex -33.1503 8.63113 47.3249
    endloop
  endfacet
  facet normal -0.000465094 0.342033 0.939688
    outer loop
      vertex -33.2121 9.68466 46.9414
      vertex -33.2121 8.73627 47.2866
      vertex -33.1503 8.63113 47.3249
    endloop
  endfacet
  facet normal 2.44768e-05 0.342033 0.939688
    outer loop
      vertex -33.261 9.57367 46.9818
      vertex -33.2121 8.73627 47.2866
      vertex -33.2121 9.68466 46.9414
    endloop
  endfacet
  facet normal -0.000112587 0.342026 0.939691
    outer loop
      vertex -33.261 9.57367 46.9818
      vertex -33.261 8.84725 47.2462
      vertex -33.2121 8.73627 47.2866
    endloop
  endfacet
  facet normal -0.000463939 0.342026 0.939691
    outer loop
      vertex -33.2964 9.45823 47.0238
      vertex -33.261 8.84725 47.2462
      vertex -33.261 9.57367 46.9818
    endloop
  endfacet
  facet normal 0.00068008 0.342084 0.939669
    outer loop
      vertex -33.2964 9.45823 47.0238
      vertex -33.2964 8.96269 47.2042
      vertex -33.261 8.84725 47.2462
    endloop
  endfacet
  facet normal -0.000620092 0.342084 0.939669
    outer loop
      vertex -33.3178 9.3398 47.0669
      vertex -33.2964 8.96269 47.2042
      vertex -33.2964 9.45823 47.0238
    endloop
  endfacet
  facet normal 0.00212494 0.342221 0.939617
    outer loop
      vertex -33.325 9.21986 47.1106
      vertex -33.2964 8.96269 47.2042
      vertex -33.3178 9.3398 47.0669
    endloop
  endfacet
  facet normal 0.000453336 0.342057 0.939679
    outer loop
      vertex -33.2964 8.96269 47.2042
      vertex -33.325 9.21986 47.1106
      vertex -33.3178 9.08112 47.1611
    endloop
  endfacet
  facet normal -0.0379432 0.340051 0.939641
    outer loop
      vertex -33.3178 9.08112 47.1611
      vertex -33.325 9.21986 47.1106
      vertex -33.325 9.20107 47.1174
    endloop
  endfacet
  facet normal 0.923876 -0.359614 0.130889
    outer loop
      vertex 0.212104 8.73627 47.2866
      vertex 0.261026 -0.267583 22.2034
      vertex 0.261026 8.84725 47.2462
    endloop
  endfacet
  facet normal 0.923883 -0.359597 0.130883
    outer loop
      vertex 0.261026 -0.267583 22.2034
      vertex 0.212104 8.73627 47.2866
      vertex 0.212104 -0.37857 22.2438
    endloop
  endfacet
  facet normal 0.960916 -0.260144 0.0946847
    outer loop
      vertex 0.261026 8.84725 47.2462
      vertex 0.296417 -0.152148 22.1614
      vertex 0.296417 8.96269 47.2042
    endloop
  endfacet
  facet normal 0.960913 -0.260153 0.094688
    outer loop
      vertex 0.296417 -0.152148 22.1614
      vertex 0.261026 8.84725 47.2462
      vertex 0.261026 -0.267583 22.2034
    endloop
  endfacet
  facet normal -0.38285 -0.868098 0.315962
    outer loop
      vertex -32.6796 8.2359 47.4687
      vertex -32.5615 -0.924906 22.4427
      vertex -32.5615 8.18993 47.4855
    endloop
  endfacet
  facet normal -0.382863 -0.868093 0.31596
    outer loop
      vertex -32.5615 -0.924906 22.4427
      vertex -32.6796 8.2359 47.4687
      vertex -32.6796 -0.878934 22.4259
    endloop
  endfacet
  facet normal -0.16734 -0.926442 0.337197
    outer loop
      vertex -32.4387 8.15667 47.4976
      vertex -32.3126 -0.978286 22.4621
      vertex -32.3126 8.13655 47.5049
    endloop
  endfacet
  facet normal -0.167361 -0.926439 0.337196
    outer loop
      vertex -32.3126 -0.978286 22.4621
      vertex -32.4387 8.15667 47.4976
      vertex -32.4387 -0.958163 22.4548
    endloop
  endfacet
  facet normal -0.960897 0.260205 -0.094707
    outer loop
      vertex -33.261 0.458832 21.939
      vertex -33.2964 9.45823 47.0238
      vertex -33.261 9.57367 46.9818
    endloop
  endfacet
  facet normal -0.960895 0.260214 -0.0947103
    outer loop
      vertex -33.2964 9.45823 47.0238
      vertex -33.261 0.458832 21.939
      vertex -33.2964 0.343397 21.981
    endloop
  endfacet
  facet normal -0.985888 0.15731 -0.0572563
    outer loop
      vertex -33.2964 0.343397 21.981
      vertex -33.3178 9.3398 47.0669
      vertex -33.2964 9.45823 47.0238
    endloop
  endfacet
  facet normal -0.985889 0.157306 -0.0572546
    outer loop
      vertex -33.3178 9.3398 47.0669
      vertex -33.2964 0.343397 21.981
      vertex -33.3178 0.224963 22.0241
    endloop
  endfacet
  facet normal 0.875241 -0.454518 0.165431
    outer loop
      vertex 0.150265 8.63113 47.3249
      vertex 0.212104 -0.37857 22.2438
      vertex 0.212104 8.73627 47.2866
    endloop
  endfacet
  facet normal 0.875242 -0.454515 0.16543
    outer loop
      vertex 0.212104 -0.37857 22.2438
      vertex 0.150265 8.63113 47.3249
      vertex 0.150265 -0.483711 22.2821
    endloop
  endfacet
  facet normal 0.98587 0.15741 -0.0572927
    outer loop
      vertex 0.317831 9.3398 47.0669
      vertex 0.296417 0.343397 21.981
      vertex 0.296417 9.45823 47.0238
    endloop
  endfacet
  facet normal 0.985871 0.157406 -0.057291
    outer loop
      vertex 0.296417 0.343397 21.981
      vertex 0.317831 9.3398 47.0669
      vertex 0.317831 0.224963 22.0241
    endloop
  endfacet
  facet normal 0.998427 -0.0526863 0.0191763
    outer loop
      vertex 0.317831 9.08112 47.1611
      vertex 0.325 0.0862285 22.0746
      vertex 0.325 9.20107 47.1174
    endloop
  endfacet
  facet normal 0.998427 -0.0526893 0.0191774
    outer loop
      vertex 0.325 0.0862285 22.0746
      vertex 0.317831 9.08112 47.1611
      vertex 0.317831 -0.0337136 22.1183
    endloop
  endfacet
  facet normal 0.875178 0.454624 -0.16547
    outer loop
      vertex 0.212104 9.68466 46.9414
      vertex 0.150265 0.67496 21.8604
      vertex 0.150265 9.7898 46.9032
    endloop
  endfacet
  facet normal 0.87518 0.454621 -0.165469
    outer loop
      vertex 0.150265 0.67496 21.8604
      vertex 0.212104 9.68466 46.9414
      vertex 0.212104 0.569819 21.8986
    endloop
  endfacet
  facet normal -0.815178 0.54428 -0.198102
    outer loop
      vertex -33.1265 0.706425 21.8489
      vertex -33.1503 9.7898 46.9032
      vertex -33.1265 9.82126 46.8917
    endloop
  endfacet
  facet normal -0.815216 0.54423 -0.198083
    outer loop
      vertex -33.1503 9.7898 46.9032
      vertex -33.1265 0.706425 21.8489
      vertex -33.1503 0.67496 21.8604
    endloop
  endfacet
  facet normal 0.815522 -0.543824 0.197936
    outer loop
      vertex 0.0762873 8.53315 47.3605
      vertex 0.150265 -0.483711 22.2821
      vertex 0.150265 8.63113 47.3249
    endloop
  endfacet
  facet normal 0.815507 -0.543844 0.197943
    outer loop
      vertex 0.150265 -0.483711 22.2821
      vertex 0.0762873 8.53315 47.3605
      vertex 0.0762873 -0.581685 22.3177
    endloop
  endfacet
  facet normal 0.998427 0.0526902 -0.0191777
    outer loop
      vertex 0.325 9.21986 47.1106
      vertex 0.317831 0.224963 22.0241
      vertex 0.317831 9.3398 47.0669
    endloop
  endfacet
  facet normal 0.998427 0.0526894 -0.0191774
    outer loop
      vertex 0.317831 0.224963 22.0241
      vertex 0.325 9.21986 47.1106
      vertex 0.325 0.105021 22.0678
    endloop
  endfacet
  facet normal 1 0 0
    outer loop
      vertex 0.325 9.20107 47.1174
      vertex 0.325 0.105021 22.0678
      vertex 0.325 9.21986 47.1106
    endloop
  endfacet
  facet normal 1 0 -0
    outer loop
      vertex 0.325 0.105021 22.0678
      vertex 0.325 9.20107 47.1174
      vertex 0.325 0.0862285 22.0746
    endloop
  endfacet
  facet normal 0.815649 0.543657 -0.197875
    outer loop
      vertex 0.150265 9.7898 46.9032
      vertex 0.126506 0.706425 21.8489
      vertex 0.126506 9.82126 46.8917
    endloop
  endfacet
  facet normal 0.815687 0.543606 -0.197857
    outer loop
      vertex 0.126506 0.706425 21.8489
      vertex 0.150265 9.7898 46.9032
      vertex 0.150265 0.67496 21.8604
    endloop
  endfacet
  facet normal 0.923886 0.359589 -0.13088
    outer loop
      vertex 0.261026 9.57367 46.9818
      vertex 0.212104 0.569819 21.8986
      vertex 0.212104 9.68466 46.9414
    endloop
  endfacet
  facet normal 0.923883 0.359597 -0.130883
    outer loop
      vertex 0.212104 0.569819 21.8986
      vertex 0.261026 9.57367 46.9818
      vertex 0.261026 0.458832 21.939
    endloop
  endfacet
  facet normal -0.875307 0.454405 -0.16539
    outer loop
      vertex -33.1503 0.67496 21.8604
      vertex -33.2121 9.68466 46.9414
      vertex -33.1503 9.7898 46.9032
    endloop
  endfacet
  facet normal -0.875309 0.454402 -0.165389
    outer loop
      vertex -33.2121 9.68466 46.9414
      vertex -33.1503 0.67496 21.8604
      vertex -33.2121 0.569819 21.8986
    endloop
  endfacet
  facet normal -1 0 0
    outer loop
      vertex -29 5.68437 40.7885
      vertex -29 5.66917 47.1791
      vertex -29 7.73649 46.4267
    endloop
  endfacet
  facet normal -1 0 -0
    outer loop
      vertex -29 5.66917 47.1791
      vertex -29 5.68437 40.7885
      vertex -29 3.61705 41.541
    endloop
  endfacet
  facet normal -0 0.342003 0.939699
    outer loop
      vertex -29 7.73649 46.4267
      vertex -23 5.66917 47.1791
      vertex -23 7.73649 46.4267
    endloop
  endfacet
  facet normal 0 0.342003 0.939699
    outer loop
      vertex -23 5.66917 47.1791
      vertex -29 7.73649 46.4267
      vertex -29 5.66917 47.1791
    endloop
  endfacet
  facet normal 1 0 0
    outer loop
      vertex -23 5.66917 47.1791
      vertex -23 5.68437 40.7885
      vertex -23 7.73649 46.4267
    endloop
  endfacet
  facet normal 1 0 0
    outer loop
      vertex -23 5.68437 40.7885
      vertex -23 5.66917 47.1791
      vertex -23 3.61705 41.541
    endloop
  endfacet
  facet normal 0 -0.342043 -0.939684
    outer loop
      vertex -29 3.61705 41.541
      vertex -23 5.68437 40.7885
      vertex -23 3.61705 41.541
    endloop
  endfacet
  facet normal -0 -0.342043 -0.939684
    outer loop
      vertex -23 5.68437 40.7885
      vertex -29 3.61705 41.541
      vertex -29 5.68437 40.7885
    endloop
  endfacet
  facet normal 0 -0.939692 0.342023
    outer loop
      vertex -29 3.61705 41.541
      vertex -23 5.66917 47.1791
      vertex -29 5.66917 47.1791
    endloop
  endfacet
  facet normal 0 -0.939692 0.342023
    outer loop
      vertex -23 5.66917 47.1791
      vertex -29 3.61705 41.541
      vertex -23 3.61705 41.541
    endloop
  endfacet
  facet normal -1 0 0
    outer loop
      vertex -29 -0.471991 23.8741
      vertex -29 -0.487194 30.2647
      vertex -29 1.58013 29.5122
    endloop
  endfacet
  facet normal -1 0 -0
    outer loop
      vertex -29 -0.487194 30.2647
      vertex -29 -0.471991 23.8741
      vertex -29 -2.53932 24.6265
    endloop
  endfacet
  facet normal -0 0.342042 0.939684
    outer loop
      vertex -29 1.58013 29.5122
      vertex -25.8 -0.487194 30.2647
      vertex -25.8 1.58013 29.5122
    endloop
  endfacet
  facet normal 0 0.342042 0.939684
    outer loop
      vertex -25.8 -0.487194 30.2647
      vertex -29 1.58013 29.5122
      vertex -29 -0.487194 30.2647
    endloop
  endfacet
  facet normal 1 0 0
    outer loop
      vertex -25.8 -0.487194 30.2647
      vertex -25.8 -0.471991 23.8741
      vertex -25.8 1.58013 29.5122
    endloop
  endfacet
  facet normal 1 0 0
    outer loop
      vertex -25.8 -0.471991 23.8741
      vertex -25.8 -0.487194 30.2647
      vertex -25.8 -2.53932 24.6265
    endloop
  endfacet
  facet normal 0 -0.342002 -0.939699
    outer loop
      vertex -29 -2.53932 24.6265
      vertex -25.8 -0.471991 23.8741
      vertex -25.8 -2.53932 24.6265
    endloop
  endfacet
  facet normal -0 -0.342002 -0.939699
    outer loop
      vertex -25.8 -0.471991 23.8741
      vertex -29 -2.53932 24.6265
      vertex -29 -0.471991 23.8741
    endloop
  endfacet
  facet normal 0 -0.939693 0.342019
    outer loop
      vertex -29 -2.53932 24.6265
      vertex -25.8 -0.487194 30.2647
      vertex -29 -0.487194 30.2647
    endloop
  endfacet
  facet normal 0 -0.939693 0.342019
    outer loop
      vertex -25.8 -0.487194 30.2647
      vertex -29 -2.53932 24.6265
      vertex -25.8 -2.53932 24.6265
    endloop
  endfacet
  facet normal -1 0 0
    outer loop
      vertex -10 5.68437 40.7885
      vertex -10 5.66917 47.1791
      vertex -10 7.73649 46.4267
    endloop
  endfacet
  facet normal -1 0 -0
    outer loop
      vertex -10 5.66917 47.1791
      vertex -10 5.68437 40.7885
      vertex -10 3.61705 41.541
    endloop
  endfacet
  facet normal -0 0.342003 0.939699
    outer loop
      vertex -10 7.73649 46.4267
      vertex -4 5.66917 47.1791
      vertex -4 7.73649 46.4267
    endloop
  endfacet
  facet normal 0 0.342003 0.939699
    outer loop
      vertex -4 5.66917 47.1791
      vertex -10 7.73649 46.4267
      vertex -10 5.66917 47.1791
    endloop
  endfacet
  facet normal 1 0 0
    outer loop
      vertex -4 5.66917 47.1791
      vertex -4 5.68437 40.7885
      vertex -4 7.73649 46.4267
    endloop
  endfacet
  facet normal 1 0 0
    outer loop
      vertex -4 5.68437 40.7885
      vertex -4 5.66917 47.1791
      vertex -4 3.61705 41.541
    endloop
  endfacet
  facet normal 0 -0.342043 -0.939684
    outer loop
      vertex -10 3.61705 41.541
      vertex -4 5.68437 40.7885
      vertex -4 3.61705 41.541
    endloop
  endfacet
  facet normal -0 -0.342043 -0.939684
    outer loop
      vertex -4 5.68437 40.7885
      vertex -10 3.61705 41.541
      vertex -10 5.68437 40.7885
    endloop
  endfacet
  facet normal 0 -0.939692 0.342023
    outer loop
      vertex -10 3.61705 41.541
      vertex -4 5.66917 47.1791
      vertex -10 5.66917 47.1791
    endloop
  endfacet
  facet normal 0 -0.939692 0.342023
    outer loop
      vertex -4 5.66917 47.1791
      vertex -10 3.61705 41.541
      vertex -4 3.61705 41.541
    endloop
  endfacet
  facet normal -1 0 0
    outer loop
      vertex -7.2 -0.471991 23.8741
      vertex -7.2 -0.487194 30.2647
      vertex -7.2 1.58013 29.5122
    endloop
  endfacet
  facet normal -1 0 -0
    outer loop
      vertex -7.2 -0.487194 30.2647
      vertex -7.2 -0.471991 23.8741
      vertex -7.2 -2.53932 24.6265
    endloop
  endfacet
  facet normal -0 0.342042 0.939684
    outer loop
      vertex -7.2 1.58013 29.5122
      vertex -4 -0.487194 30.2647
      vertex -4 1.58013 29.5122
    endloop
  endfacet
  facet normal 0 0.342042 0.939684
    outer loop
      vertex -4 -0.487194 30.2647
      vertex -7.2 1.58013 29.5122
      vertex -7.2 -0.487194 30.2647
    endloop
  endfacet
  facet normal 1 0 0
    outer loop
      vertex -4 -0.487194 30.2647
      vertex -4 -0.471991 23.8741
      vertex -4 1.58013 29.5122
    endloop
  endfacet
  facet normal 1 0 0
    outer loop
      vertex -4 -0.471991 23.8741
      vertex -4 -0.487194 30.2647
      vertex -4 -2.53932 24.6265
    endloop
  endfacet
  facet normal 0 -0.342002 -0.939699
    outer loop
      vertex -7.2 -2.53932 24.6265
      vertex -4 -0.471991 23.8741
      vertex -4 -2.53932 24.6265
    endloop
  endfacet
  facet normal -0 -0.342002 -0.939699
    outer loop
      vertex -4 -0.471991 23.8741
      vertex -7.2 -2.53932 24.6265
      vertex -7.2 -0.471991 23.8741
    endloop
  endfacet
  facet normal 0 -0.939693 0.342019
    outer loop
      vertex -7.2 -2.53932 24.6265
      vertex -4 -0.487194 30.2647
      vertex -7.2 -0.487194 30.2647
    endloop
  endfacet
  facet normal 0 -0.939693 0.342019
    outer loop
      vertex -4 -0.487194 30.2647
      vertex -7.2 -2.53932 24.6265
      vertex -4 -2.53932 24.6265
    endloop
  endfacet
  facet normal -0.875279 0.165398 0.454455
    outer loop
      vertex -63.2985 4.71171 25.8362
      vertex -63.1575 2.9196 26.76
      vertex -63.1575 4.79899 26.076
    endloop
  endfacet
  facet normal -0.875279 0.165398 0.454455
    outer loop
      vertex -63.1575 2.9196 26.76
      vertex -63.2985 4.71171 25.8362
      vertex -63.2985 2.83232 26.5202
    endloop
  endfacet
  facet normal -0.167491 0.337172 0.926424
    outer loop
      vertex -65.2089 4.30116 24.7082
      vertex -64.9214 2.43848 25.4381
      vertex -64.9214 4.31786 24.7541
    endloop
  endfacet
  facet normal -0.167189 0.337231 0.926457
    outer loop
      vertex -64.9214 2.43848 25.4381
      vertex -65.2089 4.30116 24.7082
      vertex -65.2089 2.42177 25.3923
    endloop
  endfacet
  facet normal -0.277059 0.328613 0.902913
    outer loop
      vertex -64.9214 4.31786 24.7541
      vertex -64.6413 2.46608 25.514
      vertex -64.6413 4.34547 24.83
    endloop
  endfacet
  facet normal -0.277048 0.328616 0.902915
    outer loop
      vertex -64.6413 2.46608 25.514
      vertex -64.9214 4.31786 24.7541
      vertex -64.9214 2.43848 25.4381
    endloop
  endfacet
  facet normal 0.382514 0.315992 0.868235
    outer loop
      vertex -66.6281 2.50424 25.6188
      vertex -66.3587 4.34547 24.83
      vertex -66.6281 4.38363 24.9348
    endloop
  endfacet
  facet normal 0.382514 0.315992 0.868235
    outer loop
      vertex -66.3587 4.34547 24.83
      vertex -66.6281 2.50424 25.6188
      vertex -66.3587 2.46608 25.514
    endloop
  endfacet
  facet normal 0.923839 0.130928 0.359692
    outer loop
      vertex -67.9541 3.01173 27.0132
      vertex -67.8425 4.79899 26.076
      vertex -67.9541 4.89112 26.3291
    endloop
  endfacet
  facet normal 0.923887 0.130872 0.359591
    outer loop
      vertex -67.8425 4.79899 26.076
      vertex -67.9541 3.01173 27.0132
      vertex -67.8425 2.9196 26.76
    endloop
  endfacet
  facet normal -0.998436 -0.0191231 -0.0525433
    outer loop
      vertex -62.9 5.18482 27.1361
      vertex -62.9163 3.405 28.0936
      vertex -62.9163 5.28438 27.4096
    endloop
  endfacet
  facet normal -0.998436 -0.0191228 -0.0525427
    outer loop
      vertex -62.9163 3.405 28.0936
      vertex -62.9 5.18482 27.1361
      vertex -62.9 3.30543 27.8201
    endloop
  endfacet
  facet normal -0.483625 0.299384 0.822482
    outer loop
      vertex -64.3719 4.38363 24.9348
      vertex -64.1167 2.55248 25.7514
      vertex -64.1167 4.43187 25.0673
    endloop
  endfacet
  facet normal -0.483872 0.299299 0.822367
    outer loop
      vertex -64.1167 2.55248 25.7514
      vertex -64.3719 4.38363 24.9348
      vertex -64.3719 2.50424 25.6188
    endloop
  endfacet
  facet normal 0.998417 0.0192336 0.0528471
    outer loop
      vertex -68.1 3.30543 27.8201
      vertex -68.0836 5.08525 26.8625
      vertex -68.1 5.18482 27.1361
    endloop
  endfacet
  facet normal 0.998417 0.0192339 0.0528477
    outer loop
      vertex -68.0836 5.08525 26.8625
      vertex -68.1 3.30543 27.8201
      vertex -68.0836 3.20587 27.5465
    endloop
  endfacet
  facet normal 0.81565 0.197864 0.543659
    outer loop
      vertex -67.7015 2.83232 26.5202
      vertex -67.5328 4.63038 25.6127
      vertex -67.7015 4.71171 25.8362
    endloop
  endfacet
  facet normal 0.815542 0.197941 0.543793
    outer loop
      vertex -67.5328 4.63038 25.6127
      vertex -67.7015 2.83232 26.5202
      vertex -67.5328 2.75099 26.2968
    endloop
  endfacet
  facet normal 0.167491 0.337172 0.926424
    outer loop
      vertex -66.0786 2.43848 25.4381
      vertex -65.7911 4.30116 24.7082
      vertex -66.0786 4.31786 24.7541
    endloop
  endfacet
  facet normal 0.167189 0.337231 0.926457
    outer loop
      vertex -65.7911 4.30116 24.7082
      vertex -66.0786 2.43848 25.4381
      vertex -65.7911 2.42177 25.3923
    endloop
  endfacet
  facet normal -0.81565 0.197864 0.543659
    outer loop
      vertex -63.4672 4.63038 25.6127
      vertex -63.2985 2.83232 26.5202
      vertex -63.2985 4.71171 25.8362
    endloop
  endfacet
  facet normal -0.815542 0.197941 0.543793
    outer loop
      vertex -63.2985 2.83232 26.5202
      vertex -63.4672 4.63038 25.6127
      vertex -63.4672 2.75099 26.2968
    endloop
  endfacet
  facet normal -0.666233 0.25508 0.700762
    outer loop
      vertex -63.8789 4.48957 25.2259
      vertex -63.6615 2.67664 26.0925
      vertex -63.6615 4.55602 25.4084
    endloop
  endfacet
  facet normal -0.666413 0.254992 0.700624
    outer loop
      vertex -63.6615 2.67664 26.0925
      vertex -63.8789 4.48957 25.2259
      vertex -63.8789 2.61019 25.9099
    endloop
  endfacet
  facet normal 0.05587 0.341511 0.938216
    outer loop
      vertex -65.7911 2.42177 25.3923
      vertex -65.5 4.29557 24.6929
      vertex -65.7911 4.30116 24.7082
    endloop
  endfacet
  facet normal 0.0561913 0.341461 0.938215
    outer loop
      vertex -65.5 4.29557 24.6929
      vertex -65.7911 2.42177 25.3923
      vertex -65.5 2.41618 25.3769
    endloop
  endfacet
  facet normal -0.382514 0.315992 0.868235
    outer loop
      vertex -64.6413 4.34547 24.83
      vertex -64.3719 2.50424 25.6188
      vertex -64.3719 4.38363 24.9348
    endloop
  endfacet
  facet normal -0.382514 0.315992 0.868235
    outer loop
      vertex -64.3719 2.50424 25.6188
      vertex -64.6413 4.34547 24.83
      vertex -64.6413 2.46608 25.514
    endloop
  endfacet
  facet normal -0.578766 0.278901 0.766318
    outer loop
      vertex -64.1167 4.43187 25.0673
      vertex -63.8789 2.61019 25.9099
      vertex -63.8789 4.48957 25.2259
    endloop
  endfacet
  facet normal -0.57856 0.278986 0.766443
    outer loop
      vertex -63.8789 2.61019 25.9099
      vertex -64.1167 4.43187 25.0673
      vertex -64.1167 2.55248 25.7514
    endloop
  endfacet
  facet normal -4.87732e-05 -0.939693 0.342018
    outer loop
      vertex -65.7911 4.30116 24.7082
      vertex -65.5 6.07407 29.5793
      vertex -65.7911 6.06848 29.5639
    endloop
  endfacet
  facet normal 1.26272e-05 -0.939693 0.342018
    outer loop
      vertex -65.7911 4.30116 24.7082
      vertex -65.7911 6.06848 29.5639
      vertex -66.0786 6.05177 29.518
    endloop
  endfacet
  facet normal -6.86561e-05 -0.939693 0.342019
    outer loop
      vertex -65.5 4.29557 24.6929
      vertex -65.5 6.07407 29.5793
      vertex -65.7911 4.30116 24.7082
    endloop
  endfacet
  facet normal -8.45976e-05 -0.939693 0.342019
    outer loop
      vertex -66.0786 4.31786 24.7541
      vertex -66.0786 6.05177 29.518
      vertex -66.3587 6.02417 29.4421
    endloop
  endfacet
  facet normal 4.8836e-05 -0.939693 0.342019
    outer loop
      vertex -65.5 6.07407 29.5793
      vertex -65.5 4.29557 24.6929
      vertex -65.2089 6.06848 29.5639
    endloop
  endfacet
  facet normal 5.29222e-05 -0.93969 0.342026
    outer loop
      vertex -66.3587 4.34547 24.83
      vertex -66.3587 6.02417 29.4421
      vertex -66.6281 5.98601 29.3373
    endloop
  endfacet
  facet normal 6.87185e-05 -0.939693 0.342018
    outer loop
      vertex -65.2089 4.30116 24.7082
      vertex -65.2089 6.06848 29.5639
      vertex -65.5 4.29557 24.6929
    endloop
  endfacet
  facet normal 5.12285e-05 -0.939693 0.34202
    outer loop
      vertex -66.6281 4.38363 24.9348
      vertex -66.6281 5.98601 29.3373
      vertex -66.8833 5.93777 29.2048
    endloop
  endfacet
  facet normal -1.26272e-05 -0.939693 0.342018
    outer loop
      vertex -65.2089 6.06848 29.5639
      vertex -65.2089 4.30116 24.7082
      vertex -64.9214 6.05177 29.518
    endloop
  endfacet
  facet normal -5.78918e-05 -0.939695 0.342015
    outer loop
      vertex -66.8833 4.43187 25.0673
      vertex -66.8833 5.93777 29.2048
      vertex -67.1211 5.88006 29.0462
    endloop
  endfacet
  facet normal -2.01294e-05 -0.939693 0.342019
    outer loop
      vertex -64.9214 4.31786 24.7541
      vertex -64.9214 6.05177 29.518
      vertex -65.2089 4.30116 24.7082
    endloop
  endfacet
  facet normal 0.000106785 -0.939691 0.342023
    outer loop
      vertex -66.8833 4.43187 25.0673
      vertex -67.1211 5.88006 29.0462
      vertex -67.3385 5.81361 28.8637
    endloop
  endfacet
  facet normal 8.45976e-05 -0.939693 0.342019
    outer loop
      vertex -64.9214 6.05177 29.518
      vertex -64.9214 4.31786 24.7541
      vertex -64.6413 6.02417 29.4421
    endloop
  endfacet
  facet normal -3.87041e-05 -0.939694 0.342016
    outer loop
      vertex -67.1211 4.48957 25.2259
      vertex -67.3385 5.81361 28.8637
      vertex -67.5328 5.73926 28.6594
    endloop
  endfacet
  facet normal -5.32813e-05 -0.93969 0.342026
    outer loop
      vertex -64.6413 4.34547 24.83
      vertex -64.6413 6.02417 29.4421
      vertex -64.9214 4.31786 24.7541
    endloop
  endfacet
  facet normal -8.28197e-05 -0.939696 0.342011
    outer loop
      vertex -67.1211 4.48957 25.2259
      vertex -67.5328 5.73926 28.6594
      vertex -67.7015 5.65793 28.4359
    endloop
  endfacet
  facet normal -5.29222e-05 -0.93969 0.342026
    outer loop
      vertex -64.6413 6.02417 29.4421
      vertex -64.6413 4.34547 24.83
      vertex -64.3719 5.98601 29.3373
    endloop
  endfacet
  facet normal -6.23719e-06 -0.939692 0.342023
    outer loop
      vertex -67.1211 4.48957 25.2259
      vertex -67.7015 5.65793 28.4359
      vertex -67.8425 5.57065 28.1961
    endloop
  endfacet
  facet normal 5.54419e-05 -0.939693 0.34202
    outer loop
      vertex -64.3719 4.38363 24.9348
      vertex -64.3719 5.98601 29.3373
      vertex -64.6413 4.34547 24.83
    endloop
  endfacet
  facet normal 4.23687e-05 -0.939688 0.342034
    outer loop
      vertex -67.1211 4.48957 25.2259
      vertex -67.8425 5.57065 28.1961
      vertex -67.9541 5.47852 27.943
    endloop
  endfacet
  facet normal -5.12285e-05 -0.939693 0.34202
    outer loop
      vertex -64.3719 5.98601 29.3373
      vertex -64.3719 4.38363 24.9348
      vertex -64.1167 5.93777 29.2048
    endloop
  endfacet
  facet normal -8.1443e-05 -0.9397 0.342
    outer loop
      vertex -67.1211 4.48957 25.2259
      vertex -67.9541 5.47852 27.943
      vertex -68.0348 5.3827 27.6797
    endloop
  endfacet
  facet normal 5.78918e-05 -0.939695 0.342015
    outer loop
      vertex -64.1167 5.93777 29.2048
      vertex -64.1167 4.43187 25.0673
      vertex -63.8789 5.88006 29.0462
    endloop
  endfacet
  facet normal 5.94852e-05 -0.939683 0.342046
    outer loop
      vertex -67.1211 4.48957 25.2259
      vertex -68.0348 5.3827 27.6797
      vertex -68.0836 5.28438 27.4096
    endloop
  endfacet
  facet normal -0.000106785 -0.939691 0.342023
    outer loop
      vertex -63.8789 5.88006 29.0462
      vertex -64.1167 4.43187 25.0673
      vertex -63.6615 5.81361 28.8637
    endloop
  endfacet
  facet normal 8.99816e-05 -0.939679 0.342058
    outer loop
      vertex -67.1211 4.48957 25.2259
      vertex -68.0836 5.28438 27.4096
      vertex -68.1 5.18482 27.1361
    endloop
  endfacet
  facet normal -0.000103727 -0.939692 0.342023
    outer loop
      vertex -63.8789 4.48957 25.2259
      vertex -63.6615 5.81361 28.8637
      vertex -64.1167 4.43187 25.0673
    endloop
  endfacet
  facet normal -8.65645e-05 -0.939708 0.341978
    outer loop
      vertex -67.1211 4.48957 25.2259
      vertex -68.1 5.18482 27.1361
      vertex -68.0836 5.08525 26.8625
    endloop
  endfacet
  facet normal 2.01294e-05 -0.939693 0.342019
    outer loop
      vertex -66.0786 6.05177 29.518
      vertex -66.0786 4.31786 24.7541
      vertex -65.7911 4.30116 24.7082
    endloop
  endfacet
  facet normal 5.10267e-06 -0.93969 0.342026
    outer loop
      vertex -67.1211 4.48957 25.2259
      vertex -68.0836 5.08525 26.8625
      vertex -68.0348 4.98694 26.5924
    endloop
  endfacet
  facet normal 3.87041e-05 -0.939694 0.342016
    outer loop
      vertex -63.6615 5.81361 28.8637
      vertex -63.8789 4.48957 25.2259
      vertex -63.4672 5.73926 28.6594
    endloop
  endfacet
  facet normal -0.000140568 -0.939722 0.34194
    outer loop
      vertex -67.1211 4.48957 25.2259
      vertex -68.0348 4.98694 26.5924
      vertex -67.9541 4.89112 26.3291
    endloop
  endfacet
  facet normal 8.28197e-05 -0.939696 0.342011
    outer loop
      vertex -63.4672 5.73926 28.6594
      vertex -63.8789 4.48957 25.2259
      vertex -63.2985 5.65793 28.4359
    endloop
  endfacet
  facet normal 0.000232243 -0.939649 0.34214
    outer loop
      vertex -67.7015 4.71171 25.8362
      vertex -67.9541 4.89112 26.3291
      vertex -67.8425 4.79899 26.076
    endloop
  endfacet
  facet normal 0.000372315 -0.939626 0.342204
    outer loop
      vertex -67.5328 4.63038 25.6127
      vertex -67.9541 4.89112 26.3291
      vertex -67.7015 4.71171 25.8362
    endloop
  endfacet
  facet normal -4.10729e-05 -0.939704 0.341989
    outer loop
      vertex -67.3385 4.55602 25.4084
      vertex -67.9541 4.89112 26.3291
      vertex -67.5328 4.63038 25.6127
    endloop
  endfacet
  facet normal -0.000232243 -0.939649 0.34214
    outer loop
      vertex -63.0459 4.89112 26.3291
      vertex -63.2985 4.71171 25.8362
      vertex -63.1575 4.79899 26.076
    endloop
  endfacet
  facet normal -0.000265028 -0.939752 0.341857
    outer loop
      vertex -67.1211 4.48957 25.2259
      vertex -67.9541 4.89112 26.3291
      vertex -67.3385 4.55602 25.4084
    endloop
  endfacet
  facet normal -0.000372315 -0.939626 0.342204
    outer loop
      vertex -63.0459 4.89112 26.3291
      vertex -63.4672 4.63038 25.6127
      vertex -63.2985 4.71171 25.8362
    endloop
  endfacet
  facet normal 0.000103727 -0.939692 0.342023
    outer loop
      vertex -67.3385 5.81361 28.8637
      vertex -67.1211 4.48957 25.2259
      vertex -66.8833 4.43187 25.0673
    endloop
  endfacet
  facet normal 4.10729e-05 -0.939704 0.341989
    outer loop
      vertex -63.0459 4.89112 26.3291
      vertex -63.6615 4.55602 25.4084
      vertex -63.4672 4.63038 25.6127
    endloop
  endfacet
  facet normal -5.45097e-05 -0.939695 0.342015
    outer loop
      vertex -66.8833 5.93777 29.2048
      vertex -66.8833 4.43187 25.0673
      vertex -66.6281 4.38363 24.9348
    endloop
  endfacet
  facet normal 0.000265028 -0.939752 0.341857
    outer loop
      vertex -63.0459 4.89112 26.3291
      vertex -63.8789 4.48957 25.2259
      vertex -63.6615 4.55602 25.4084
    endloop
  endfacet
  facet normal -5.54419e-05 -0.939693 0.34202
    outer loop
      vertex -66.6281 5.98601 29.3373
      vertex -66.6281 4.38363 24.9348
      vertex -66.3587 4.34547 24.83
    endloop
  endfacet
  facet normal 0.000140568 -0.939722 0.34194
    outer loop
      vertex -62.9652 4.98694 26.5924
      vertex -63.8789 4.48957 25.2259
      vertex -63.0459 4.89112 26.3291
    endloop
  endfacet
  facet normal 5.32813e-05 -0.93969 0.342026
    outer loop
      vertex -66.3587 6.02417 29.4421
      vertex -66.3587 4.34547 24.83
      vertex -66.0786 4.31786 24.7541
    endloop
  endfacet
  facet normal -5.10654e-06 -0.93969 0.342026
    outer loop
      vertex -62.9163 5.08525 26.8625
      vertex -63.8789 4.48957 25.2259
      vertex -62.9652 4.98694 26.5924
    endloop
  endfacet
  facet normal 8.1443e-05 -0.9397 0.342
    outer loop
      vertex -63.0459 5.47852 27.943
      vertex -63.8789 4.48957 25.2259
      vertex -62.9652 5.3827 27.6797
    endloop
  endfacet
  facet normal 8.64946e-05 -0.939708 0.341978
    outer loop
      vertex -62.9 5.18482 27.1361
      vertex -63.8789 4.48957 25.2259
      vertex -62.9163 5.08525 26.8625
    endloop
  endfacet
  facet normal -5.94454e-05 -0.939683 0.342046
    outer loop
      vertex -62.9652 5.3827 27.6797
      vertex -63.8789 4.48957 25.2259
      vertex -62.9163 5.28438 27.4096
    endloop
  endfacet
  facet normal -9.00391e-05 -0.939679 0.342058
    outer loop
      vertex -62.9163 5.28438 27.4096
      vertex -63.8789 4.48957 25.2259
      vertex -62.9 5.18482 27.1361
    endloop
  endfacet
  facet normal -4.23687e-05 -0.939688 0.342034
    outer loop
      vertex -63.1575 5.57065 28.1961
      vertex -63.8789 4.48957 25.2259
      vertex -63.0459 5.47852 27.943
    endloop
  endfacet
  facet normal 6.23719e-06 -0.939692 0.342023
    outer loop
      vertex -63.2985 5.65793 28.4359
      vertex -63.8789 4.48957 25.2259
      vertex -63.1575 5.57065 28.1961
    endloop
  endfacet
  facet normal 5.45097e-05 -0.939695 0.342015
    outer loop
      vertex -64.1167 4.43187 25.0673
      vertex -64.1167 5.93777 29.2048
      vertex -64.3719 4.38363 24.9348
    endloop
  endfacet
  facet normal 0.960938 0.0946544 0.260076
    outer loop
      vertex -68.0348 3.10756 27.2764
      vertex -67.9541 4.89112 26.3291
      vertex -68.0348 4.98694 26.5924
    endloop
  endfacet
  facet normal 0.960914 0.0946945 0.260149
    outer loop
      vertex -67.9541 4.89112 26.3291
      vertex -68.0348 3.10756 27.2764
      vertex -67.9541 3.01173 27.0132
    endloop
  endfacet
  facet normal 0.985892 0.0572453 0.157289
    outer loop
      vertex -68.0836 3.20587 27.5465
      vertex -68.0348 4.98694 26.5924
      vertex -68.0836 5.08525 26.8625
    endloop
  endfacet
  facet normal 0.985892 0.0572453 0.157289
    outer loop
      vertex -68.0348 4.98694 26.5924
      vertex -68.0836 3.20587 27.5465
      vertex -68.0348 3.10756 27.2764
    endloop
  endfacet
  facet normal 0.875279 0.165398 0.454455
    outer loop
      vertex -67.8425 2.9196 26.76
      vertex -67.7015 4.71171 25.8362
      vertex -67.8425 4.79899 26.076
    endloop
  endfacet
  facet normal 0.875279 0.165398 0.454455
    outer loop
      vertex -67.7015 4.71171 25.8362
      vertex -67.8425 2.9196 26.76
      vertex -67.7015 2.83232 26.5202
    endloop
  endfacet
  facet normal 0.277059 0.328613 0.902913
    outer loop
      vertex -66.3587 2.46608 25.514
      vertex -66.0786 4.31786 24.7541
      vertex -66.3587 4.34547 24.83
    endloop
  endfacet
  facet normal 0.277048 0.328616 0.902915
    outer loop
      vertex -66.0786 4.31786 24.7541
      vertex -66.3587 2.46608 25.514
      vertex -66.0786 2.43848 25.4381
    endloop
  endfacet
  facet normal 0.578766 0.278901 0.766318
    outer loop
      vertex -67.1211 2.61019 25.9099
      vertex -66.8833 4.43187 25.0673
      vertex -67.1211 4.48957 25.2259
    endloop
  endfacet
  facet normal 0.57856 0.278986 0.766443
    outer loop
      vertex -66.8833 4.43187 25.0673
      vertex -67.1211 2.61019 25.9099
      vertex -66.8833 2.55248 25.7514
    endloop
  endfacet
  facet normal 0.666233 0.25508 0.700762
    outer loop
      vertex -67.3385 2.67664 26.0925
      vertex -67.1211 4.48957 25.2259
      vertex -67.3385 4.55602 25.4084
    endloop
  endfacet
  facet normal 0.666413 0.254992 0.700624
    outer loop
      vertex -67.1211 4.48957 25.2259
      vertex -67.3385 2.67664 26.0925
      vertex -67.1211 2.61019 25.9099
    endloop
  endfacet
  facet normal 0.483625 0.299384 0.822482
    outer loop
      vertex -66.8833 2.55248 25.7514
      vertex -66.6281 4.38363 24.9348
      vertex -66.8833 4.43187 25.0673
    endloop
  endfacet
  facet normal 0.483872 0.299299 0.822367
    outer loop
      vertex -66.6281 4.38363 24.9348
      vertex -66.8833 2.55248 25.7514
      vertex -66.6281 2.50424 25.6188
    endloop
  endfacet
  facet normal 0.745627 0.227927 0.626171
    outer loop
      vertex -67.5328 2.75099 26.2968
      vertex -67.3385 4.55602 25.4084
      vertex -67.5328 4.63038 25.6127
    endloop
  endfacet
  facet normal 0.745622 0.22793 0.626176
    outer loop
      vertex -67.3385 4.55602 25.4084
      vertex -67.5328 2.75099 26.2968
      vertex -67.3385 2.67664 26.0925
    endloop
  endfacet
  facet normal -0.998437 0.0191167 0.0525258
    outer loop
      vertex -62.9163 5.08525 26.8625
      vertex -62.9 3.30543 27.8201
      vertex -62.9 5.18482 27.1361
    endloop
  endfacet
  facet normal -0.998437 0.019117 0.0525264
    outer loop
      vertex -62.9 3.30543 27.8201
      vertex -62.9163 5.08525 26.8625
      vertex -62.9163 3.20587 27.5465
    endloop
  endfacet
  facet normal -0.985836 -0.0573658 -0.157598
    outer loop
      vertex -62.9163 5.28438 27.4096
      vertex -62.9652 3.50331 28.3638
      vertex -62.9652 5.3827 27.6797
    endloop
  endfacet
  facet normal -0.985844 -0.0573411 -0.157552
    outer loop
      vertex -62.9652 3.50331 28.3638
      vertex -62.9163 5.28438 27.4096
      vertex -62.9163 3.405 28.0936
    endloop
  endfacet
  facet normal -0.0561913 -0.341461 -0.938215
    outer loop
      vertex -65.5 4.19468 30.2633
      vertex -65.2089 6.06848 29.5639
      vertex -65.2089 4.18909 30.2479
    endloop
  endfacet
  facet normal -0.0561913 -0.341461 -0.938215
    outer loop
      vertex -65.2089 6.06848 29.5639
      vertex -65.5 4.19468 30.2633
      vertex -65.5 6.07407 29.5793
    endloop
  endfacet
  facet normal 0.960938 -0.094654 -0.260076
    outer loop
      vertex -67.9541 3.59913 28.627
      vertex -68.0348 5.3827 27.6797
      vertex -67.9541 5.47852 27.943
    endloop
  endfacet
  facet normal 0.960913 -0.0946955 -0.260152
    outer loop
      vertex -68.0348 5.3827 27.6797
      vertex -67.9541 3.59913 28.627
      vertex -68.0348 3.50331 28.3638
    endloop
  endfacet
  facet normal 0.875279 -0.165419 -0.454448
    outer loop
      vertex -67.7015 3.77854 29.12
      vertex -67.8425 5.57065 28.1961
      vertex -67.7015 5.65793 28.4359
    endloop
  endfacet
  facet normal 0.875279 -0.165419 -0.454448
    outer loop
      vertex -67.8425 5.57065 28.1961
      vertex -67.7015 3.77854 29.12
      vertex -67.8425 3.69126 28.8802
    endloop
  endfacet
  facet normal -0.167491 -0.337172 -0.926424
    outer loop
      vertex -65.2089 4.18909 30.2479
      vertex -64.9214 6.05177 29.518
      vertex -64.9214 4.17239 30.202
    endloop
  endfacet
  facet normal -0.167502 -0.33717 -0.926423
    outer loop
      vertex -64.9214 6.05177 29.518
      vertex -65.2089 4.18909 30.2479
      vertex -65.2089 6.06848 29.5639
    endloop
  endfacet
  facet normal -0.923839 0.130928 0.359692
    outer loop
      vertex -63.1575 4.79899 26.076
      vertex -63.0459 3.01173 27.0132
      vertex -63.0459 4.89112 26.3291
    endloop
  endfacet
  facet normal -0.923887 0.130872 0.359591
    outer loop
      vertex -63.0459 3.01173 27.0132
      vertex -63.1575 4.79899 26.076
      vertex -63.1575 2.9196 26.76
    endloop
  endfacet
  facet normal -0.960938 0.0946544 0.260076
    outer loop
      vertex -63.0459 4.89112 26.3291
      vertex -62.9652 3.10756 27.2764
      vertex -62.9652 4.98694 26.5924
    endloop
  endfacet
  facet normal -0.960914 0.0946945 0.260149
    outer loop
      vertex -62.9652 3.10756 27.2764
      vertex -63.0459 4.89112 26.3291
      vertex -63.0459 3.01173 27.0132
    endloop
  endfacet
  facet normal -0.985835 0.0573593 0.157602
    outer loop
      vertex -62.9652 4.98694 26.5924
      vertex -62.9163 3.20587 27.5465
      vertex -62.9163 5.08525 26.8625
    endloop
  endfacet
  facet normal -0.985835 0.0573593 0.157602
    outer loop
      vertex -62.9163 3.20587 27.5465
      vertex -62.9652 4.98694 26.5924
      vertex -62.9652 3.10756 27.2764
    endloop
  endfacet
  facet normal -0.745627 0.227927 0.626171
    outer loop
      vertex -63.6615 4.55602 25.4084
      vertex -63.4672 2.75099 26.2968
      vertex -63.4672 4.63038 25.6127
    endloop
  endfacet
  facet normal -0.745622 0.22793 0.626176
    outer loop
      vertex -63.4672 2.75099 26.2968
      vertex -63.6615 4.55602 25.4084
      vertex -63.6615 2.67664 26.0925
    endloop
  endfacet
  facet normal -0.05587 0.341511 0.938216
    outer loop
      vertex -65.5 4.29557 24.6929
      vertex -65.2089 2.42177 25.3923
      vertex -65.2089 4.30116 24.7082
    endloop
  endfacet
  facet normal -0.0561913 0.341461 0.938215
    outer loop
      vertex -65.2089 2.42177 25.3923
      vertex -65.5 4.29557 24.6929
      vertex -65.5 2.41618 25.3769
    endloop
  endfacet
  facet normal -0.745622 -0.2279 -0.626187
    outer loop
      vertex -63.4672 5.73926 28.6594
      vertex -63.6615 3.93423 29.5477
      vertex -63.6615 5.81361 28.8637
    endloop
  endfacet
  facet normal -0.745627 -0.227897 -0.626181
    outer loop
      vertex -63.6615 3.93423 29.5477
      vertex -63.4672 5.73926 28.6594
      vertex -63.4672 3.85987 29.3434
    endloop
  endfacet
  facet normal -0.81565 -0.197864 -0.543659
    outer loop
      vertex -63.2985 5.65793 28.4359
      vertex -63.4672 3.85987 29.3434
      vertex -63.4672 5.73926 28.6594
    endloop
  endfacet
  facet normal -0.815542 -0.197941 -0.543793
    outer loop
      vertex -63.4672 3.85987 29.3434
      vertex -63.2985 5.65793 28.4359
      vertex -63.2985 3.77854 29.12
    endloop
  endfacet
  facet normal -0.923839 -0.130928 -0.359692
    outer loop
      vertex -63.0459 5.47852 27.943
      vertex -63.1575 3.69126 28.8802
      vertex -63.1575 5.57065 28.1961
    endloop
  endfacet
  facet normal -0.923887 -0.130872 -0.359591
    outer loop
      vertex -63.1575 3.69126 28.8802
      vertex -63.0459 5.47852 27.943
      vertex -63.0459 3.59913 28.627
    endloop
  endfacet
  facet normal 0.998416 -0.0192401 -0.0528647
    outer loop
      vertex -68.0836 3.405 28.0936
      vertex -68.1 5.18482 27.1361
      vertex -68.0836 5.28438 27.4096
    endloop
  endfacet
  facet normal 0.998416 -0.0192398 -0.0528641
    outer loop
      vertex -68.1 5.18482 27.1361
      vertex -68.0836 3.405 28.0936
      vertex -68.1 3.30543 27.8201
    endloop
  endfacet
  facet normal 0.923839 -0.130928 -0.359692
    outer loop
      vertex -67.8425 3.69126 28.8802
      vertex -67.9541 5.47852 27.943
      vertex -67.8425 5.57065 28.1961
    endloop
  endfacet
  facet normal 0.923887 -0.130872 -0.359591
    outer loop
      vertex -67.9541 5.47852 27.943
      vertex -67.8425 3.69126 28.8802
      vertex -67.9541 3.59913 28.627
    endloop
  endfacet
  facet normal -4.91457e-05 0.939691 -0.342025
    outer loop
      vertex -65.2089 2.42177 25.3923
      vertex -65.5 4.19468 30.2633
      vertex -65.2089 4.18909 30.2479
    endloop
  endfacet
  facet normal -2.11823e-05 0.939691 -0.342025
    outer loop
      vertex -65.2089 2.42177 25.3923
      vertex -65.2089 4.18909 30.2479
      vertex -64.9214 4.17239 30.202
    endloop
  endfacet
  facet normal 4.8836e-05 0.939693 -0.342019
    outer loop
      vertex -65.5 2.41618 25.3769
      vertex -65.5 4.19468 30.2633
      vertex -65.2089 2.42177 25.3923
    endloop
  endfacet
  facet normal 7.10568e-05 0.939693 -0.342019
    outer loop
      vertex -64.9214 2.43848 25.4381
      vertex -64.9214 4.17239 30.202
      vertex -64.6413 4.14478 30.1262
    endloop
  endfacet
  facet normal 4.8836e-05 0.939693 -0.342019
    outer loop
      vertex -65.5 4.19468 30.2633
      vertex -65.5 2.41618 25.3769
      vertex -65.7911 4.18909 30.2479
    endloop
  endfacet
  facet normal -7.11489e-05 0.939693 -0.34202
    outer loop
      vertex -64.6413 2.46608 25.514
      vertex -64.6413 4.14478 30.1262
      vertex -64.3719 4.10662 30.0213
    endloop
  endfacet
  facet normal -4.91457e-05 0.939691 -0.342025
    outer loop
      vertex -65.7911 2.42177 25.3923
      vertex -65.7911 4.18909 30.2479
      vertex -65.5 2.41618 25.3769
    endloop
  endfacet
  facet normal 5.12285e-05 0.939693 -0.34202
    outer loop
      vertex -64.3719 2.50424 25.6188
      vertex -64.3719 4.10662 30.0213
      vertex -64.1167 4.05838 29.8888
    endloop
  endfacet
  facet normal 2.11823e-05 0.939691 -0.342025
    outer loop
      vertex -65.7911 4.18909 30.2479
      vertex -65.7911 2.42177 25.3923
      vertex -66.0786 4.17239 30.202
    endloop
  endfacet
  facet normal 4.09067e-05 0.939692 -0.342022
    outer loop
      vertex -64.1167 2.55248 25.7514
      vertex -64.1167 4.05838 29.8888
      vertex -63.8789 4.00068 29.7303
    endloop
  endfacet
  facet normal 0.000131519 0.939693 -0.342019
    outer loop
      vertex -66.0786 2.43848 25.4381
      vertex -66.0786 4.17239 30.202
      vertex -65.7911 2.42177 25.3923
    endloop
  endfacet
  facet normal -4.49089e-05 0.939694 -0.342018
    outer loop
      vertex -64.1167 2.55248 25.7514
      vertex -63.8789 4.00068 29.7303
      vertex -63.6615 3.93423 29.5477
    endloop
  endfacet
  facet normal -7.10568e-05 0.939693 -0.342019
    outer loop
      vertex -66.0786 4.17239 30.202
      vertex -66.0786 2.43848 25.4381
      vertex -66.3587 4.14478 30.1262
    endloop
  endfacet
  facet normal 6.79966e-06 0.939693 -0.342018
    outer loop
      vertex -63.8789 2.61019 25.9099
      vertex -63.6615 3.93423 29.5477
      vertex -63.4672 3.85987 29.3434
    endloop
  endfacet
  facet normal -8.48204e-05 0.939693 -0.34202
    outer loop
      vertex -66.3587 2.46608 25.514
      vertex -66.3587 4.14478 30.1262
      vertex -66.0786 2.43848 25.4381
    endloop
  endfacet
  facet normal 9.52605e-05 0.93969 -0.342027
    outer loop
      vertex -63.8789 2.61019 25.9099
      vertex -63.4672 3.85987 29.3434
      vertex -63.2985 3.77854 29.12
    endloop
  endfacet
  facet normal 7.11489e-05 0.939693 -0.34202
    outer loop
      vertex -66.3587 4.14478 30.1262
      vertex -66.3587 2.46608 25.514
      vertex -66.6281 4.10662 30.0213
    endloop
  endfacet
  facet normal 1.14293e-05 0.939695 -0.342014
    outer loop
      vertex -63.8789 2.61019 25.9099
      vertex -63.2985 3.77854 29.12
      vertex -63.1575 3.69126 28.8802
    endloop
  endfacet
  facet normal 5.54419e-05 0.939693 -0.34202
    outer loop
      vertex -66.6281 2.50424 25.6188
      vertex -66.6281 4.10662 30.0213
      vertex -66.3587 2.46608 25.514
    endloop
  endfacet
  facet normal -0.000133761 0.939706 -0.341983
    outer loop
      vertex -63.8789 2.61019 25.9099
      vertex -63.1575 3.69126 28.8802
      vertex -63.0459 3.59913 28.627
    endloop
  endfacet
  facet normal -5.12285e-05 0.939693 -0.34202
    outer loop
      vertex -66.6281 4.10662 30.0213
      vertex -66.6281 2.50424 25.6188
      vertex -66.8833 4.05838 29.8888
    endloop
  endfacet
  facet normal 0.000136102 0.93968 -0.342056
    outer loop
      vertex -63.8789 2.61019 25.9099
      vertex -63.0459 3.59913 28.627
      vertex -62.9652 3.50331 28.3638
    endloop
  endfacet
  facet normal -4.09067e-05 0.939692 -0.342022
    outer loop
      vertex -66.8833 4.05838 29.8888
      vertex -66.8833 2.55248 25.7514
      vertex -67.1211 4.00068 29.7303
    endloop
  endfacet
  facet normal -0.000200084 0.93972 -0.341945
    outer loop
      vertex -63.8789 2.61019 25.9099
      vertex -62.9652 3.50331 28.3638
      vertex -62.9163 3.405 28.0936
    endloop
  endfacet
  facet normal 4.49089e-05 0.939694 -0.342018
    outer loop
      vertex -67.1211 4.00068 29.7303
      vertex -66.8833 2.55248 25.7514
      vertex -67.3385 3.93423 29.5477
    endloop
  endfacet
  facet normal 0.000158696 0.939669 -0.342085
    outer loop
      vertex -63.8789 2.61019 25.9099
      vertex -62.9163 3.405 28.0936
      vertex -62.9 3.30543 27.8201
    endloop
  endfacet
  facet normal 8.72233e-05 0.939695 -0.342013
    outer loop
      vertex -67.1211 2.61019 25.9099
      vertex -67.3385 3.93423 29.5477
      vertex -66.8833 2.55248 25.7514
    endloop
  endfacet
  facet normal -0.000151473 0.93972 -0.341945
    outer loop
      vertex -63.8789 2.61019 25.9099
      vertex -62.9 3.30543 27.8201
      vertex -62.9163 3.20587 27.5465
    endloop
  endfacet
  facet normal -0.000131519 0.939693 -0.342019
    outer loop
      vertex -64.9214 4.17239 30.202
      vertex -64.9214 2.43848 25.4381
      vertex -65.2089 2.42177 25.3923
    endloop
  endfacet
  facet normal 5.10654e-06 0.93969 -0.342026
    outer loop
      vertex -63.8789 2.61019 25.9099
      vertex -62.9163 3.20587 27.5465
      vertex -62.9652 3.10756 27.2764
    endloop
  endfacet
  facet normal -6.79966e-06 0.939693 -0.342018
    outer loop
      vertex -67.3385 3.93423 29.5477
      vertex -67.1211 2.61019 25.9099
      vertex -67.5328 3.85987 29.3434
    endloop
  endfacet
  facet normal 0.000316873 0.939623 -0.34221
    outer loop
      vertex -63.8789 2.61019 25.9099
      vertex -62.9652 3.10756 27.2764
      vertex -63.0459 3.01173 27.0132
    endloop
  endfacet
  facet normal -9.52605e-05 0.93969 -0.342027
    outer loop
      vertex -67.5328 3.85987 29.3434
      vertex -67.1211 2.61019 25.9099
      vertex -67.7015 3.77854 29.12
    endloop
  endfacet
  facet normal -0.000685665 0.939822 -0.341664
    outer loop
      vertex -63.2985 2.83232 26.5202
      vertex -63.0459 3.01173 27.0132
      vertex -63.1575 2.9196 26.76
    endloop
  endfacet
  facet normal -0.000544655 0.939799 -0.341728
    outer loop
      vertex -63.4672 2.75099 26.2968
      vertex -63.0459 3.01173 27.0132
      vertex -63.2985 2.83232 26.5202
    endloop
  endfacet
  facet normal 8.56459e-05 0.93968 -0.342055
    outer loop
      vertex -63.6615 2.67664 26.0925
      vertex -63.0459 3.01173 27.0132
      vertex -63.4672 2.75099 26.2968
    endloop
  endfacet
  facet normal 0.000685665 0.939822 -0.341664
    outer loop
      vertex -67.9541 3.01173 27.0132
      vertex -67.7015 2.83232 26.5202
      vertex -67.8425 2.9196 26.76
    endloop
  endfacet
  facet normal 7.40917e-05 0.939682 -0.342048
    outer loop
      vertex -63.8789 2.61019 25.9099
      vertex -63.0459 3.01173 27.0132
      vertex -63.6615 2.67664 26.0925
    endloop
  endfacet
  facet normal 0.000544655 0.939799 -0.341728
    outer loop
      vertex -67.9541 3.01173 27.0132
      vertex -67.5328 2.75099 26.2968
      vertex -67.7015 2.83232 26.5202
    endloop
  endfacet
  facet normal -8.72233e-05 0.939695 -0.342013
    outer loop
      vertex -63.6615 3.93423 29.5477
      vertex -63.8789 2.61019 25.9099
      vertex -64.1167 2.55248 25.7514
    endloop
  endfacet
  facet normal -8.56459e-05 0.93968 -0.342055
    outer loop
      vertex -67.9541 3.01173 27.0132
      vertex -67.3385 2.67664 26.0925
      vertex -67.5328 2.75099 26.2968
    endloop
  endfacet
  facet normal 8.38035e-05 0.939692 -0.342022
    outer loop
      vertex -64.1167 4.05838 29.8888
      vertex -64.1167 2.55248 25.7514
      vertex -64.3719 2.50424 25.6188
    endloop
  endfacet
  facet normal -7.40917e-05 0.939682 -0.342048
    outer loop
      vertex -67.9541 3.01173 27.0132
      vertex -67.1211 2.61019 25.9099
      vertex -67.3385 2.67664 26.0925
    endloop
  endfacet
  facet normal -5.54419e-05 0.939693 -0.34202
    outer loop
      vertex -64.3719 4.10662 30.0213
      vertex -64.3719 2.50424 25.6188
      vertex -64.6413 2.46608 25.514
    endloop
  endfacet
  facet normal -0.000316873 0.939623 -0.34221
    outer loop
      vertex -68.0348 3.10756 27.2764
      vertex -67.1211 2.61019 25.9099
      vertex -67.9541 3.01173 27.0132
    endloop
  endfacet
  facet normal 8.48204e-05 0.939693 -0.34202
    outer loop
      vertex -64.6413 4.14478 30.1262
      vertex -64.6413 2.46608 25.514
      vertex -64.9214 2.43848 25.4381
    endloop
  endfacet
  facet normal -5.10267e-06 0.93969 -0.342026
    outer loop
      vertex -68.0836 3.20587 27.5465
      vertex -67.1211 2.61019 25.9099
      vertex -68.0348 3.10756 27.2764
    endloop
  endfacet
  facet normal -0.000136102 0.93968 -0.342056
    outer loop
      vertex -67.9541 3.59913 28.627
      vertex -67.1211 2.61019 25.9099
      vertex -68.0348 3.50331 28.3638
    endloop
  endfacet
  facet normal 0.000151595 0.93972 -0.341945
    outer loop
      vertex -68.1 3.30543 27.8201
      vertex -67.1211 2.61019 25.9099
      vertex -68.0836 3.20587 27.5465
    endloop
  endfacet
  facet normal 0.000200218 0.93972 -0.341945
    outer loop
      vertex -68.0348 3.50331 28.3638
      vertex -67.1211 2.61019 25.9099
      vertex -68.0836 3.405 28.0936
    endloop
  endfacet
  facet normal -0.000158595 0.939669 -0.342085
    outer loop
      vertex -68.0836 3.405 28.0936
      vertex -67.1211 2.61019 25.9099
      vertex -68.1 3.30543 27.8201
    endloop
  endfacet
  facet normal 0.000133761 0.939706 -0.341983
    outer loop
      vertex -67.8425 3.69126 28.8802
      vertex -67.1211 2.61019 25.9099
      vertex -67.9541 3.59913 28.627
    endloop
  endfacet
  facet normal -1.14293e-05 0.939695 -0.342014
    outer loop
      vertex -67.7015 3.77854 29.12
      vertex -67.1211 2.61019 25.9099
      vertex -67.8425 3.69126 28.8802
    endloop
  endfacet
  facet normal -8.38035e-05 0.939692 -0.342022
    outer loop
      vertex -66.8833 2.55248 25.7514
      vertex -66.8833 4.05838 29.8888
      vertex -66.6281 2.50424 25.6188
    endloop
  endfacet
  facet normal -0.382789 -0.315953 -0.868128
    outer loop
      vertex -64.6413 4.14478 30.1262
      vertex -64.3719 5.98601 29.3373
      vertex -64.3719 4.10662 30.0213
    endloop
  endfacet
  facet normal -0.382514 -0.316033 -0.86822
    outer loop
      vertex -64.3719 5.98601 29.3373
      vertex -64.6413 4.14478 30.1262
      vertex -64.6413 6.02417 29.4421
    endloop
  endfacet
  facet normal -0.276761 -0.328685 -0.902978
    outer loop
      vertex -64.9214 4.17239 30.202
      vertex -64.6413 6.02417 29.4421
      vertex -64.6413 4.14478 30.1262
    endloop
  endfacet
  facet normal -0.277048 -0.328616 -0.902915
    outer loop
      vertex -64.6413 6.02417 29.4421
      vertex -64.9214 4.17239 30.202
      vertex -64.9214 6.05177 29.518
    endloop
  endfacet
  facet normal -0.666413 -0.254992 -0.700624
    outer loop
      vertex -63.8789 4.00068 29.7303
      vertex -63.6615 5.81361 28.8637
      vertex -63.6615 3.93423 29.5477
    endloop
  endfacet
  facet normal -0.666233 -0.25508 -0.700762
    outer loop
      vertex -63.6615 5.81361 28.8637
      vertex -63.8789 4.00068 29.7303
      vertex -63.8789 5.88006 29.0462
    endloop
  endfacet
  facet normal -0.960938 -0.094654 -0.260076
    outer loop
      vertex -62.9652 5.3827 27.6797
      vertex -63.0459 3.59913 28.627
      vertex -63.0459 5.47852 27.943
    endloop
  endfacet
  facet normal -0.960913 -0.0946955 -0.260152
    outer loop
      vertex -63.0459 3.59913 28.627
      vertex -62.9652 5.3827 27.6797
      vertex -62.9652 3.50331 28.3638
    endloop
  endfacet
  facet normal -0.875279 -0.165419 -0.454448
    outer loop
      vertex -63.1575 5.57065 28.1961
      vertex -63.2985 3.77854 29.12
      vertex -63.2985 5.65793 28.4359
    endloop
  endfacet
  facet normal -0.875279 -0.165419 -0.454448
    outer loop
      vertex -63.2985 3.77854 29.12
      vertex -63.1575 5.57065 28.1961
      vertex -63.1575 3.69126 28.8802
    endloop
  endfacet
  facet normal 0.167491 -0.337172 -0.926424
    outer loop
      vertex -66.0786 6.05177 29.518
      vertex -65.7911 4.18909 30.2479
      vertex -66.0786 4.17239 30.202
    endloop
  endfacet
  facet normal 0.167502 -0.33717 -0.926423
    outer loop
      vertex -65.7911 4.18909 30.2479
      vertex -66.0786 6.05177 29.518
      vertex -65.7911 6.06848 29.5639
    endloop
  endfacet
  facet normal 0.0561913 -0.341461 -0.938215
    outer loop
      vertex -65.7911 6.06848 29.5639
      vertex -65.5 4.19468 30.2633
      vertex -65.7911 4.18909 30.2479
    endloop
  endfacet
  facet normal 0.0561913 -0.341461 -0.938215
    outer loop
      vertex -65.5 4.19468 30.2633
      vertex -65.7911 6.06848 29.5639
      vertex -65.5 6.07407 29.5793
    endloop
  endfacet
  facet normal 0.745622 -0.2279 -0.626187
    outer loop
      vertex -67.3385 3.93423 29.5477
      vertex -67.5328 5.73926 28.6594
      vertex -67.3385 5.81361 28.8637
    endloop
  endfacet
  facet normal 0.745627 -0.227897 -0.626181
    outer loop
      vertex -67.5328 5.73926 28.6594
      vertex -67.3385 3.93423 29.5477
      vertex -67.5328 3.85987 29.3434
    endloop
  endfacet
  facet normal 0.666413 -0.254992 -0.700624
    outer loop
      vertex -67.3385 5.81361 28.8637
      vertex -67.1211 4.00068 29.7303
      vertex -67.3385 3.93423 29.5477
    endloop
  endfacet
  facet normal 0.666233 -0.25508 -0.700762
    outer loop
      vertex -67.1211 4.00068 29.7303
      vertex -67.3385 5.81361 28.8637
      vertex -67.1211 5.88006 29.0462
    endloop
  endfacet
  facet normal 0.985892 -0.0572517 -0.157285
    outer loop
      vertex -68.0348 3.50331 28.3638
      vertex -68.0836 5.28438 27.4096
      vertex -68.0348 5.3827 27.6797
    endloop
  endfacet
  facet normal 0.985901 -0.0572271 -0.157239
    outer loop
      vertex -68.0836 5.28438 27.4096
      vertex -68.0348 3.50331 28.3638
      vertex -68.0836 3.405 28.0936
    endloop
  endfacet
  facet normal -0.578552 -0.278989 -0.766448
    outer loop
      vertex -64.1167 4.05838 29.8888
      vertex -63.8789 5.88006 29.0462
      vertex -63.8789 4.00068 29.7303
    endloop
  endfacet
  facet normal -0.578774 -0.278898 -0.766313
    outer loop
      vertex -63.8789 5.88006 29.0462
      vertex -64.1167 4.05838 29.8888
      vertex -64.1167 5.93777 29.2048
    endloop
  endfacet
  facet normal -0.483625 -0.299346 -0.822496
    outer loop
      vertex -64.3719 4.10662 30.0213
      vertex -64.1167 5.93777 29.2048
      vertex -64.1167 4.05838 29.8888
    endloop
  endfacet
  facet normal -0.483625 -0.299346 -0.822496
    outer loop
      vertex -64.1167 5.93777 29.2048
      vertex -64.3719 4.10662 30.0213
      vertex -64.3719 5.98601 29.3373
    endloop
  endfacet
  facet normal 0.578552 -0.278989 -0.766448
    outer loop
      vertex -67.1211 5.88006 29.0462
      vertex -66.8833 4.05838 29.8888
      vertex -67.1211 4.00068 29.7303
    endloop
  endfacet
  facet normal 0.578774 -0.278898 -0.766313
    outer loop
      vertex -66.8833 4.05838 29.8888
      vertex -67.1211 5.88006 29.0462
      vertex -66.8833 5.93777 29.2048
    endloop
  endfacet
  facet normal 0.382789 -0.315953 -0.868128
    outer loop
      vertex -66.6281 5.98601 29.3373
      vertex -66.3587 4.14478 30.1262
      vertex -66.6281 4.10662 30.0213
    endloop
  endfacet
  facet normal 0.382514 -0.316033 -0.86822
    outer loop
      vertex -66.3587 4.14478 30.1262
      vertex -66.6281 5.98601 29.3373
      vertex -66.3587 6.02417 29.4421
    endloop
  endfacet
  facet normal 0.81565 -0.197864 -0.543659
    outer loop
      vertex -67.5328 3.85987 29.3434
      vertex -67.7015 5.65793 28.4359
      vertex -67.5328 5.73926 28.6594
    endloop
  endfacet
  facet normal 0.815542 -0.197941 -0.543793
    outer loop
      vertex -67.7015 5.65793 28.4359
      vertex -67.5328 3.85987 29.3434
      vertex -67.7015 3.77854 29.12
    endloop
  endfacet
  facet normal 0.483625 -0.299346 -0.822496
    outer loop
      vertex -66.8833 5.93777 29.2048
      vertex -66.6281 4.10662 30.0213
      vertex -66.8833 4.05838 29.8888
    endloop
  endfacet
  facet normal 0.483625 -0.299346 -0.822496
    outer loop
      vertex -66.6281 4.10662 30.0213
      vertex -66.8833 5.93777 29.2048
      vertex -66.6281 5.98601 29.3373
    endloop
  endfacet
  facet normal 0.276761 -0.328685 -0.902978
    outer loop
      vertex -66.3587 6.02417 29.4421
      vertex -66.0786 4.17239 30.202
      vertex -66.3587 4.14478 30.1262
    endloop
  endfacet
  facet normal 0.277048 -0.328616 -0.902915
    outer loop
      vertex -66.0786 4.17239 30.202
      vertex -66.3587 6.02417 29.4421
      vertex -66.0786 6.05177 29.518
    endloop
  endfacet
  facet normal -0.875279 0.165398 0.454455
    outer loop
      vertex -44.7985 4.71171 25.8362
      vertex -44.6575 2.9196 26.76
      vertex -44.6575 4.79899 26.076
    endloop
  endfacet
  facet normal -0.875279 0.165398 0.454455
    outer loop
      vertex -44.6575 2.9196 26.76
      vertex -44.7985 4.71171 25.8362
      vertex -44.7985 2.83232 26.5202
    endloop
  endfacet
  facet normal -0.277059 0.328613 0.902913
    outer loop
      vertex -46.4214 4.31786 24.7541
      vertex -46.1413 2.46608 25.514
      vertex -46.1413 4.34547 24.83
    endloop
  endfacet
  facet normal -0.277048 0.328616 0.902915
    outer loop
      vertex -46.1413 2.46608 25.514
      vertex -46.4214 4.31786 24.7541
      vertex -46.4214 2.43848 25.4381
    endloop
  endfacet
  facet normal 0.382514 0.315992 0.868235
    outer loop
      vertex -48.1281 2.50424 25.6188
      vertex -47.8587 4.34547 24.83
      vertex -48.1281 4.38363 24.9348
    endloop
  endfacet
  facet normal 0.382514 0.315992 0.868235
    outer loop
      vertex -47.8587 4.34547 24.83
      vertex -48.1281 2.50424 25.6188
      vertex -47.8587 2.46608 25.514
    endloop
  endfacet
  facet normal 0.923839 0.130928 0.359692
    outer loop
      vertex -49.4541 3.01173 27.0132
      vertex -49.3425 4.79899 26.076
      vertex -49.4541 4.89112 26.3291
    endloop
  endfacet
  facet normal 0.923887 0.130872 0.359591
    outer loop
      vertex -49.3425 4.79899 26.076
      vertex -49.4541 3.01173 27.0132
      vertex -49.3425 2.9196 26.76
    endloop
  endfacet
  facet normal -0.05587 0.341511 0.938216
    outer loop
      vertex -47 4.29557 24.6929
      vertex -46.7089 2.42177 25.3923
      vertex -46.7089 4.30116 24.7082
    endloop
  endfacet
  facet normal -0.0561913 0.341461 0.938215
    outer loop
      vertex -46.7089 2.42177 25.3923
      vertex -47 4.29557 24.6929
      vertex -47 2.41618 25.3769
    endloop
  endfacet
  facet normal -0.483625 0.299384 0.822482
    outer loop
      vertex -45.8719 4.38363 24.9348
      vertex -45.6167 2.55248 25.7514
      vertex -45.6167 4.43187 25.0673
    endloop
  endfacet
  facet normal -0.483872 0.299299 0.822367
    outer loop
      vertex -45.6167 2.55248 25.7514
      vertex -45.8719 4.38363 24.9348
      vertex -45.8719 2.50424 25.6188
    endloop
  endfacet
  facet normal 0.998437 0.0191167 0.0525258
    outer loop
      vertex -49.6 3.30543 27.8201
      vertex -49.5837 5.08525 26.8625
      vertex -49.6 5.18482 27.1361
    endloop
  endfacet
  facet normal 0.998437 0.019117 0.0525264
    outer loop
      vertex -49.5837 5.08525 26.8625
      vertex -49.6 3.30543 27.8201
      vertex -49.5837 3.20587 27.5465
    endloop
  endfacet
  facet normal 0.81565 0.197864 0.543659
    outer loop
      vertex -49.2015 2.83232 26.5202
      vertex -49.0328 4.63038 25.6127
      vertex -49.2015 4.71171 25.8362
    endloop
  endfacet
  facet normal 0.815542 0.197941 0.543793
    outer loop
      vertex -49.0328 4.63038 25.6127
      vertex -49.2015 2.83232 26.5202
      vertex -49.0328 2.75099 26.2968
    endloop
  endfacet
  facet normal 0.167491 0.337172 0.926424
    outer loop
      vertex -47.5786 2.43848 25.4381
      vertex -47.2911 4.30116 24.7082
      vertex -47.5786 4.31786 24.7541
    endloop
  endfacet
  facet normal 0.167189 0.337231 0.926457
    outer loop
      vertex -47.2911 4.30116 24.7082
      vertex -47.5786 2.43848 25.4381
      vertex -47.2911 2.42177 25.3923
    endloop
  endfacet
  facet normal -0.81565 0.197864 0.543659
    outer loop
      vertex -44.9672 4.63038 25.6127
      vertex -44.7985 2.83232 26.5202
      vertex -44.7985 4.71171 25.8362
    endloop
  endfacet
  facet normal -0.815542 0.197941 0.543793
    outer loop
      vertex -44.7985 2.83232 26.5202
      vertex -44.9672 4.63038 25.6127
      vertex -44.9672 2.75099 26.2968
    endloop
  endfacet
  facet normal -0.666233 0.25508 0.700762
    outer loop
      vertex -45.3789 4.48957 25.2259
      vertex -45.1615 2.67664 26.0925
      vertex -45.1615 4.55602 25.4084
    endloop
  endfacet
  facet normal -0.666413 0.254992 0.700624
    outer loop
      vertex -45.1615 2.67664 26.0925
      vertex -45.3789 4.48957 25.2259
      vertex -45.3789 2.61019 25.9099
    endloop
  endfacet
  facet normal -0.745627 0.227927 0.626171
    outer loop
      vertex -45.1615 4.55602 25.4084
      vertex -44.9672 2.75099 26.2968
      vertex -44.9672 4.63038 25.6127
    endloop
  endfacet
  facet normal -0.745622 0.22793 0.626176
    outer loop
      vertex -44.9672 2.75099 26.2968
      vertex -45.1615 4.55602 25.4084
      vertex -45.1615 2.67664 26.0925
    endloop
  endfacet
  facet normal 0.05587 0.341511 0.938216
    outer loop
      vertex -47.2911 2.42177 25.3923
      vertex -47 4.29557 24.6929
      vertex -47.2911 4.30116 24.7082
    endloop
  endfacet
  facet normal 0.0561913 0.341461 0.938215
    outer loop
      vertex -47 4.29557 24.6929
      vertex -47.2911 2.42177 25.3923
      vertex -47 2.41618 25.3769
    endloop
  endfacet
  facet normal -0.167491 0.337172 0.926424
    outer loop
      vertex -46.7089 4.30116 24.7082
      vertex -46.4214 2.43848 25.4381
      vertex -46.4214 4.31786 24.7541
    endloop
  endfacet
  facet normal -0.167189 0.337231 0.926457
    outer loop
      vertex -46.4214 2.43848 25.4381
      vertex -46.7089 4.30116 24.7082
      vertex -46.7089 2.42177 25.3923
    endloop
  endfacet
  facet normal -0.382514 0.315992 0.868235
    outer loop
      vertex -46.1413 4.34547 24.83
      vertex -45.8719 2.50424 25.6188
      vertex -45.8719 4.38363 24.9348
    endloop
  endfacet
  facet normal -0.382514 0.315992 0.868235
    outer loop
      vertex -45.8719 2.50424 25.6188
      vertex -46.1413 4.34547 24.83
      vertex -46.1413 2.46608 25.514
    endloop
  endfacet
  facet normal -0.578766 0.278901 0.766318
    outer loop
      vertex -45.6167 4.43187 25.0673
      vertex -45.3789 2.61019 25.9099
      vertex -45.3789 4.48957 25.2259
    endloop
  endfacet
  facet normal -0.57856 0.278986 0.766443
    outer loop
      vertex -45.3789 2.61019 25.9099
      vertex -45.6167 4.43187 25.0673
      vertex -45.6167 2.55248 25.7514
    endloop
  endfacet
  facet normal -4.87732e-05 -0.939693 0.342018
    outer loop
      vertex -47.2911 4.30116 24.7082
      vertex -47 6.07407 29.5793
      vertex -47.2911 6.06848 29.5639
    endloop
  endfacet
  facet normal 1.26272e-05 -0.939693 0.342018
    outer loop
      vertex -47.2911 4.30116 24.7082
      vertex -47.2911 6.06848 29.5639
      vertex -47.5786 6.05177 29.518
    endloop
  endfacet
  facet normal -6.86561e-05 -0.939693 0.342019
    outer loop
      vertex -47 4.29557 24.6929
      vertex -47 6.07407 29.5793
      vertex -47.2911 4.30116 24.7082
    endloop
  endfacet
  facet normal -8.45976e-05 -0.939693 0.342019
    outer loop
      vertex -47.5786 4.31786 24.7541
      vertex -47.5786 6.05177 29.518
      vertex -47.8587 6.02417 29.4421
    endloop
  endfacet
  facet normal 4.8836e-05 -0.939693 0.342019
    outer loop
      vertex -47 6.07407 29.5793
      vertex -47 4.29557 24.6929
      vertex -46.7089 6.06848 29.5639
    endloop
  endfacet
  facet normal 5.29222e-05 -0.93969 0.342026
    outer loop
      vertex -47.8587 4.34547 24.83
      vertex -47.8587 6.02417 29.4421
      vertex -48.1281 5.98601 29.3373
    endloop
  endfacet
  facet normal 6.87185e-05 -0.939693 0.342018
    outer loop
      vertex -46.7089 4.30116 24.7082
      vertex -46.7089 6.06848 29.5639
      vertex -47 4.29557 24.6929
    endloop
  endfacet
  facet normal 5.12285e-05 -0.939693 0.34202
    outer loop
      vertex -48.1281 4.38363 24.9348
      vertex -48.1281 5.98601 29.3373
      vertex -48.3833 5.93777 29.2048
    endloop
  endfacet
  facet normal -1.26272e-05 -0.939693 0.342018
    outer loop
      vertex -46.7089 6.06848 29.5639
      vertex -46.7089 4.30116 24.7082
      vertex -46.4214 6.05177 29.518
    endloop
  endfacet
  facet normal -5.78918e-05 -0.939695 0.342015
    outer loop
      vertex -48.3833 4.43187 25.0673
      vertex -48.3833 5.93777 29.2048
      vertex -48.6211 5.88006 29.0462
    endloop
  endfacet
  facet normal -2.01294e-05 -0.939693 0.342019
    outer loop
      vertex -46.4214 4.31786 24.7541
      vertex -46.4214 6.05177 29.518
      vertex -46.7089 4.30116 24.7082
    endloop
  endfacet
  facet normal 0.000106785 -0.939691 0.342023
    outer loop
      vertex -48.3833 4.43187 25.0673
      vertex -48.6211 5.88006 29.0462
      vertex -48.8385 5.81361 28.8637
    endloop
  endfacet
  facet normal 8.45976e-05 -0.939693 0.342019
    outer loop
      vertex -46.4214 6.05177 29.518
      vertex -46.4214 4.31786 24.7541
      vertex -46.1413 6.02417 29.4421
    endloop
  endfacet
  facet normal -3.87041e-05 -0.939694 0.342016
    outer loop
      vertex -48.6211 4.48957 25.2259
      vertex -48.8385 5.81361 28.8637
      vertex -49.0328 5.73926 28.6594
    endloop
  endfacet
  facet normal -5.32813e-05 -0.93969 0.342026
    outer loop
      vertex -46.1413 4.34547 24.83
      vertex -46.1413 6.02417 29.4421
      vertex -46.4214 4.31786 24.7541
    endloop
  endfacet
  facet normal -8.28197e-05 -0.939696 0.342011
    outer loop
      vertex -48.6211 4.48957 25.2259
      vertex -49.0328 5.73926 28.6594
      vertex -49.2015 5.65793 28.4359
    endloop
  endfacet
  facet normal -5.29222e-05 -0.93969 0.342026
    outer loop
      vertex -46.1413 6.02417 29.4421
      vertex -46.1413 4.34547 24.83
      vertex -45.8719 5.98601 29.3373
    endloop
  endfacet
  facet normal -6.23719e-06 -0.939692 0.342023
    outer loop
      vertex -48.6211 4.48957 25.2259
      vertex -49.2015 5.65793 28.4359
      vertex -49.3425 5.57065 28.1961
    endloop
  endfacet
  facet normal 5.54419e-05 -0.939693 0.34202
    outer loop
      vertex -45.8719 4.38363 24.9348
      vertex -45.8719 5.98601 29.3373
      vertex -46.1413 4.34547 24.83
    endloop
  endfacet
  facet normal 4.23687e-05 -0.939688 0.342034
    outer loop
      vertex -48.6211 4.48957 25.2259
      vertex -49.3425 5.57065 28.1961
      vertex -49.4541 5.47852 27.943
    endloop
  endfacet
  facet normal -5.12285e-05 -0.939693 0.34202
    outer loop
      vertex -45.8719 5.98601 29.3373
      vertex -45.8719 4.38363 24.9348
      vertex -45.6167 5.93777 29.2048
    endloop
  endfacet
  facet normal -8.1443e-05 -0.9397 0.342
    outer loop
      vertex -48.6211 4.48957 25.2259
      vertex -49.4541 5.47852 27.943
      vertex -49.5348 5.3827 27.6797
    endloop
  endfacet
  facet normal 5.78918e-05 -0.939695 0.342015
    outer loop
      vertex -45.6167 5.93777 29.2048
      vertex -45.6167 4.43187 25.0673
      vertex -45.3789 5.88006 29.0462
    endloop
  endfacet
  facet normal 5.94454e-05 -0.939683 0.342046
    outer loop
      vertex -48.6211 4.48957 25.2259
      vertex -49.5348 5.3827 27.6797
      vertex -49.5837 5.28438 27.4096
    endloop
  endfacet
  facet normal -0.000106785 -0.939691 0.342023
    outer loop
      vertex -45.3789 5.88006 29.0462
      vertex -45.6167 4.43187 25.0673
      vertex -45.1615 5.81361 28.8637
    endloop
  endfacet
  facet normal 9.00391e-05 -0.939679 0.342058
    outer loop
      vertex -48.6211 4.48957 25.2259
      vertex -49.5837 5.28438 27.4096
      vertex -49.6 5.18482 27.1361
    endloop
  endfacet
  facet normal -0.000103727 -0.939692 0.342023
    outer loop
      vertex -45.3789 4.48957 25.2259
      vertex -45.1615 5.81361 28.8637
      vertex -45.6167 4.43187 25.0673
    endloop
  endfacet
  facet normal -8.64946e-05 -0.939708 0.341978
    outer loop
      vertex -48.6211 4.48957 25.2259
      vertex -49.6 5.18482 27.1361
      vertex -49.5837 5.08525 26.8625
    endloop
  endfacet
  facet normal 2.01294e-05 -0.939693 0.342019
    outer loop
      vertex -47.5786 6.05177 29.518
      vertex -47.5786 4.31786 24.7541
      vertex -47.2911 4.30116 24.7082
    endloop
  endfacet
  facet normal 5.10654e-06 -0.93969 0.342026
    outer loop
      vertex -48.6211 4.48957 25.2259
      vertex -49.5837 5.08525 26.8625
      vertex -49.5348 4.98694 26.5924
    endloop
  endfacet
  facet normal 3.87041e-05 -0.939694 0.342016
    outer loop
      vertex -45.1615 5.81361 28.8637
      vertex -45.3789 4.48957 25.2259
      vertex -44.9672 5.73926 28.6594
    endloop
  endfacet
  facet normal -0.000140568 -0.939722 0.34194
    outer loop
      vertex -48.6211 4.48957 25.2259
      vertex -49.5348 4.98694 26.5924
      vertex -49.4541 4.89112 26.3291
    endloop
  endfacet
  facet normal 8.28197e-05 -0.939696 0.342011
    outer loop
      vertex -44.9672 5.73926 28.6594
      vertex -45.3789 4.48957 25.2259
      vertex -44.7985 5.65793 28.4359
    endloop
  endfacet
  facet normal 0.000232243 -0.939649 0.34214
    outer loop
      vertex -49.2015 4.71171 25.8362
      vertex -49.4541 4.89112 26.3291
      vertex -49.3425 4.79899 26.076
    endloop
  endfacet
  facet normal 0.000372315 -0.939626 0.342204
    outer loop
      vertex -49.0328 4.63038 25.6127
      vertex -49.4541 4.89112 26.3291
      vertex -49.2015 4.71171 25.8362
    endloop
  endfacet
  facet normal -4.10729e-05 -0.939704 0.341989
    outer loop
      vertex -48.8385 4.55602 25.4084
      vertex -49.4541 4.89112 26.3291
      vertex -49.0328 4.63038 25.6127
    endloop
  endfacet
  facet normal -0.000232243 -0.939649 0.34214
    outer loop
      vertex -44.5459 4.89112 26.3291
      vertex -44.7985 4.71171 25.8362
      vertex -44.6575 4.79899 26.076
    endloop
  endfacet
  facet normal -0.000265028 -0.939752 0.341857
    outer loop
      vertex -48.6211 4.48957 25.2259
      vertex -49.4541 4.89112 26.3291
      vertex -48.8385 4.55602 25.4084
    endloop
  endfacet
  facet normal -0.000372315 -0.939626 0.342204
    outer loop
      vertex -44.5459 4.89112 26.3291
      vertex -44.9672 4.63038 25.6127
      vertex -44.7985 4.71171 25.8362
    endloop
  endfacet
  facet normal 0.000103727 -0.939692 0.342023
    outer loop
      vertex -48.8385 5.81361 28.8637
      vertex -48.6211 4.48957 25.2259
      vertex -48.3833 4.43187 25.0673
    endloop
  endfacet
  facet normal 4.10729e-05 -0.939704 0.341989
    outer loop
      vertex -44.5459 4.89112 26.3291
      vertex -45.1615 4.55602 25.4084
      vertex -44.9672 4.63038 25.6127
    endloop
  endfacet
  facet normal -5.45097e-05 -0.939695 0.342015
    outer loop
      vertex -48.3833 5.93777 29.2048
      vertex -48.3833 4.43187 25.0673
      vertex -48.1281 4.38363 24.9348
    endloop
  endfacet
  facet normal 0.000265028 -0.939752 0.341857
    outer loop
      vertex -44.5459 4.89112 26.3291
      vertex -45.3789 4.48957 25.2259
      vertex -45.1615 4.55602 25.4084
    endloop
  endfacet
  facet normal -5.54419e-05 -0.939693 0.34202
    outer loop
      vertex -48.1281 5.98601 29.3373
      vertex -48.1281 4.38363 24.9348
      vertex -47.8587 4.34547 24.83
    endloop
  endfacet
  facet normal 0.000140568 -0.939722 0.34194
    outer loop
      vertex -44.4652 4.98694 26.5924
      vertex -45.3789 4.48957 25.2259
      vertex -44.5459 4.89112 26.3291
    endloop
  endfacet
  facet normal 5.32813e-05 -0.93969 0.342026
    outer loop
      vertex -47.8587 6.02417 29.4421
      vertex -47.8587 4.34547 24.83
      vertex -47.5786 4.31786 24.7541
    endloop
  endfacet
  facet normal -5.10654e-06 -0.93969 0.342026
    outer loop
      vertex -44.4163 5.08525 26.8625
      vertex -45.3789 4.48957 25.2259
      vertex -44.4652 4.98694 26.5924
    endloop
  endfacet
  facet normal 8.1443e-05 -0.9397 0.342
    outer loop
      vertex -44.5459 5.47852 27.943
      vertex -45.3789 4.48957 25.2259
      vertex -44.4652 5.3827 27.6797
    endloop
  endfacet
  facet normal 8.64946e-05 -0.939708 0.341978
    outer loop
      vertex -44.4 5.18482 27.1361
      vertex -45.3789 4.48957 25.2259
      vertex -44.4163 5.08525 26.8625
    endloop
  endfacet
  facet normal -5.94454e-05 -0.939683 0.342046
    outer loop
      vertex -44.4652 5.3827 27.6797
      vertex -45.3789 4.48957 25.2259
      vertex -44.4163 5.28438 27.4096
    endloop
  endfacet
  facet normal -9.00391e-05 -0.939679 0.342058
    outer loop
      vertex -44.4163 5.28438 27.4096
      vertex -45.3789 4.48957 25.2259
      vertex -44.4 5.18482 27.1361
    endloop
  endfacet
  facet normal -4.23687e-05 -0.939688 0.342034
    outer loop
      vertex -44.6575 5.57065 28.1961
      vertex -45.3789 4.48957 25.2259
      vertex -44.5459 5.47852 27.943
    endloop
  endfacet
  facet normal 6.23719e-06 -0.939692 0.342023
    outer loop
      vertex -44.7985 5.65793 28.4359
      vertex -45.3789 4.48957 25.2259
      vertex -44.6575 5.57065 28.1961
    endloop
  endfacet
  facet normal 5.45097e-05 -0.939695 0.342015
    outer loop
      vertex -45.6167 4.43187 25.0673
      vertex -45.6167 5.93777 29.2048
      vertex -45.8719 4.38363 24.9348
    endloop
  endfacet
  facet normal 0.960938 0.0946544 0.260076
    outer loop
      vertex -49.5348 3.10756 27.2764
      vertex -49.4541 4.89112 26.3291
      vertex -49.5348 4.98694 26.5924
    endloop
  endfacet
  facet normal 0.960914 0.0946945 0.260149
    outer loop
      vertex -49.4541 4.89112 26.3291
      vertex -49.5348 3.10756 27.2764
      vertex -49.4541 3.01173 27.0132
    endloop
  endfacet
  facet normal 0.985835 0.0573593 0.157602
    outer loop
      vertex -49.5837 3.20587 27.5465
      vertex -49.5348 4.98694 26.5924
      vertex -49.5837 5.08525 26.8625
    endloop
  endfacet
  facet normal 0.985835 0.0573593 0.157602
    outer loop
      vertex -49.5348 4.98694 26.5924
      vertex -49.5837 3.20587 27.5465
      vertex -49.5348 3.10756 27.2764
    endloop
  endfacet
  facet normal 0.875279 0.165398 0.454455
    outer loop
      vertex -49.3425 2.9196 26.76
      vertex -49.2015 4.71171 25.8362
      vertex -49.3425 4.79899 26.076
    endloop
  endfacet
  facet normal 0.875279 0.165398 0.454455
    outer loop
      vertex -49.2015 4.71171 25.8362
      vertex -49.3425 2.9196 26.76
      vertex -49.2015 2.83232 26.5202
    endloop
  endfacet
  facet normal 0.277059 0.328613 0.902913
    outer loop
      vertex -47.8587 2.46608 25.514
      vertex -47.5786 4.31786 24.7541
      vertex -47.8587 4.34547 24.83
    endloop
  endfacet
  facet normal 0.277048 0.328616 0.902915
    outer loop
      vertex -47.5786 4.31786 24.7541
      vertex -47.8587 2.46608 25.514
      vertex -47.5786 2.43848 25.4381
    endloop
  endfacet
  facet normal 0.578766 0.278901 0.766318
    outer loop
      vertex -48.6211 2.61019 25.9099
      vertex -48.3833 4.43187 25.0673
      vertex -48.6211 4.48957 25.2259
    endloop
  endfacet
  facet normal 0.57856 0.278986 0.766443
    outer loop
      vertex -48.3833 4.43187 25.0673
      vertex -48.6211 2.61019 25.9099
      vertex -48.3833 2.55248 25.7514
    endloop
  endfacet
  facet normal 0.666233 0.25508 0.700762
    outer loop
      vertex -48.8385 2.67664 26.0925
      vertex -48.6211 4.48957 25.2259
      vertex -48.8385 4.55602 25.4084
    endloop
  endfacet
  facet normal 0.666413 0.254992 0.700624
    outer loop
      vertex -48.6211 4.48957 25.2259
      vertex -48.8385 2.67664 26.0925
      vertex -48.6211 2.61019 25.9099
    endloop
  endfacet
  facet normal 0.483625 0.299384 0.822482
    outer loop
      vertex -48.3833 2.55248 25.7514
      vertex -48.1281 4.38363 24.9348
      vertex -48.3833 4.43187 25.0673
    endloop
  endfacet
  facet normal 0.483872 0.299299 0.822367
    outer loop
      vertex -48.1281 4.38363 24.9348
      vertex -48.3833 2.55248 25.7514
      vertex -48.1281 2.50424 25.6188
    endloop
  endfacet
  facet normal 0.745627 0.227927 0.626171
    outer loop
      vertex -49.0328 2.75099 26.2968
      vertex -48.8385 4.55602 25.4084
      vertex -49.0328 4.63038 25.6127
    endloop
  endfacet
  facet normal 0.745622 0.22793 0.626176
    outer loop
      vertex -48.8385 4.55602 25.4084
      vertex -49.0328 2.75099 26.2968
      vertex -48.8385 2.67664 26.0925
    endloop
  endfacet
  facet normal -0.998437 0.0191167 0.0525258
    outer loop
      vertex -44.4163 5.08525 26.8625
      vertex -44.4 3.30543 27.8201
      vertex -44.4 5.18482 27.1361
    endloop
  endfacet
  facet normal -0.998437 0.019117 0.0525264
    outer loop
      vertex -44.4 3.30543 27.8201
      vertex -44.4163 5.08525 26.8625
      vertex -44.4163 3.20587 27.5465
    endloop
  endfacet
  facet normal -0.998436 -0.0191231 -0.0525433
    outer loop
      vertex -44.4 5.18482 27.1361
      vertex -44.4163 3.405 28.0936
      vertex -44.4163 5.28438 27.4096
    endloop
  endfacet
  facet normal -0.998436 -0.0191228 -0.0525427
    outer loop
      vertex -44.4163 3.405 28.0936
      vertex -44.4 5.18482 27.1361
      vertex -44.4 3.30543 27.8201
    endloop
  endfacet
  facet normal -0.985836 -0.0573658 -0.157598
    outer loop
      vertex -44.4163 5.28438 27.4096
      vertex -44.4652 3.50331 28.3638
      vertex -44.4652 5.3827 27.6797
    endloop
  endfacet
  facet normal -0.985844 -0.0573411 -0.157552
    outer loop
      vertex -44.4652 3.50331 28.3638
      vertex -44.4163 5.28438 27.4096
      vertex -44.4163 3.405 28.0936
    endloop
  endfacet
  facet normal -0.0561913 -0.341461 -0.938215
    outer loop
      vertex -47 4.19468 30.2633
      vertex -46.7089 6.06848 29.5639
      vertex -46.7089 4.18909 30.2479
    endloop
  endfacet
  facet normal -0.0561913 -0.341461 -0.938215
    outer loop
      vertex -46.7089 6.06848 29.5639
      vertex -47 4.19468 30.2633
      vertex -47 6.07407 29.5793
    endloop
  endfacet
  facet normal 0.960938 -0.094654 -0.260076
    outer loop
      vertex -49.4541 3.59913 28.627
      vertex -49.5348 5.3827 27.6797
      vertex -49.4541 5.47852 27.943
    endloop
  endfacet
  facet normal 0.960913 -0.0946955 -0.260152
    outer loop
      vertex -49.5348 5.3827 27.6797
      vertex -49.4541 3.59913 28.627
      vertex -49.5348 3.50331 28.3638
    endloop
  endfacet
  facet normal 0.875279 -0.165419 -0.454448
    outer loop
      vertex -49.2015 3.77854 29.12
      vertex -49.3425 5.57065 28.1961
      vertex -49.2015 5.65793 28.4359
    endloop
  endfacet
  facet normal 0.875279 -0.165419 -0.454448
    outer loop
      vertex -49.3425 5.57065 28.1961
      vertex -49.2015 3.77854 29.12
      vertex -49.3425 3.69126 28.8802
    endloop
  endfacet
  facet normal -0.167491 -0.337172 -0.926424
    outer loop
      vertex -46.7089 4.18909 30.2479
      vertex -46.4214 6.05177 29.518
      vertex -46.4214 4.17239 30.202
    endloop
  endfacet
  facet normal -0.167502 -0.33717 -0.926423
    outer loop
      vertex -46.4214 6.05177 29.518
      vertex -46.7089 4.18909 30.2479
      vertex -46.7089 6.06848 29.5639
    endloop
  endfacet
  facet normal -0.923839 0.130928 0.359692
    outer loop
      vertex -44.6575 4.79899 26.076
      vertex -44.5459 3.01173 27.0132
      vertex -44.5459 4.89112 26.3291
    endloop
  endfacet
  facet normal -0.923887 0.130872 0.359591
    outer loop
      vertex -44.5459 3.01173 27.0132
      vertex -44.6575 4.79899 26.076
      vertex -44.6575 2.9196 26.76
    endloop
  endfacet
  facet normal -0.960938 0.0946544 0.260076
    outer loop
      vertex -44.5459 4.89112 26.3291
      vertex -44.4652 3.10756 27.2764
      vertex -44.4652 4.98694 26.5924
    endloop
  endfacet
  facet normal -0.960914 0.0946945 0.260149
    outer loop
      vertex -44.4652 3.10756 27.2764
      vertex -44.5459 4.89112 26.3291
      vertex -44.5459 3.01173 27.0132
    endloop
  endfacet
  facet normal -0.985835 0.0573593 0.157602
    outer loop
      vertex -44.4652 4.98694 26.5924
      vertex -44.4163 3.20587 27.5465
      vertex -44.4163 5.08525 26.8625
    endloop
  endfacet
  facet normal -0.985835 0.0573593 0.157602
    outer loop
      vertex -44.4163 3.20587 27.5465
      vertex -44.4652 4.98694 26.5924
      vertex -44.4652 3.10756 27.2764
    endloop
  endfacet
  facet normal -0.745622 -0.2279 -0.626187
    outer loop
      vertex -44.9672 5.73926 28.6594
      vertex -45.1615 3.93423 29.5477
      vertex -45.1615 5.81361 28.8637
    endloop
  endfacet
  facet normal -0.745627 -0.227897 -0.626181
    outer loop
      vertex -45.1615 3.93423 29.5477
      vertex -44.9672 5.73926 28.6594
      vertex -44.9672 3.85987 29.3434
    endloop
  endfacet
  facet normal -0.81565 -0.197864 -0.543659
    outer loop
      vertex -44.7985 5.65793 28.4359
      vertex -44.9672 3.85987 29.3434
      vertex -44.9672 5.73926 28.6594
    endloop
  endfacet
  facet normal -0.815542 -0.197941 -0.543793
    outer loop
      vertex -44.9672 3.85987 29.3434
      vertex -44.7985 5.65793 28.4359
      vertex -44.7985 3.77854 29.12
    endloop
  endfacet
  facet normal -0.923839 -0.130928 -0.359692
    outer loop
      vertex -44.5459 5.47852 27.943
      vertex -44.6575 3.69126 28.8802
      vertex -44.6575 5.57065 28.1961
    endloop
  endfacet
  facet normal -0.923887 -0.130872 -0.359591
    outer loop
      vertex -44.6575 3.69126 28.8802
      vertex -44.5459 5.47852 27.943
      vertex -44.5459 3.59913 28.627
    endloop
  endfacet
  facet normal -0.875279 -0.165419 -0.454448
    outer loop
      vertex -44.6575 5.57065 28.1961
      vertex -44.7985 3.77854 29.12
      vertex -44.7985 5.65793 28.4359
    endloop
  endfacet
  facet normal -0.875279 -0.165419 -0.454448
    outer loop
      vertex -44.7985 3.77854 29.12
      vertex -44.6575 5.57065 28.1961
      vertex -44.6575 3.69126 28.8802
    endloop
  endfacet
  facet normal 0.923839 -0.130928 -0.359692
    outer loop
      vertex -49.3425 3.69126 28.8802
      vertex -49.4541 5.47852 27.943
      vertex -49.3425 5.57065 28.1961
    endloop
  endfacet
  facet normal 0.923887 -0.130872 -0.359591
    outer loop
      vertex -49.4541 5.47852 27.943
      vertex -49.3425 3.69126 28.8802
      vertex -49.4541 3.59913 28.627
    endloop
  endfacet
  facet normal -4.91457e-05 0.939691 -0.342025
    outer loop
      vertex -46.7089 2.42177 25.3923
      vertex -47 4.19468 30.2633
      vertex -46.7089 4.18909 30.2479
    endloop
  endfacet
  facet normal -2.11823e-05 0.939691 -0.342025
    outer loop
      vertex -46.7089 2.42177 25.3923
      vertex -46.7089 4.18909 30.2479
      vertex -46.4214 4.17239 30.202
    endloop
  endfacet
  facet normal 4.8836e-05 0.939693 -0.342019
    outer loop
      vertex -47 2.41618 25.3769
      vertex -47 4.19468 30.2633
      vertex -46.7089 2.42177 25.3923
    endloop
  endfacet
  facet normal 7.10568e-05 0.939693 -0.342019
    outer loop
      vertex -46.4214 2.43848 25.4381
      vertex -46.4214 4.17239 30.202
      vertex -46.1413 4.14478 30.1262
    endloop
  endfacet
  facet normal 4.8836e-05 0.939693 -0.342019
    outer loop
      vertex -47 4.19468 30.2633
      vertex -47 2.41618 25.3769
      vertex -47.2911 4.18909 30.2479
    endloop
  endfacet
  facet normal -7.11489e-05 0.939693 -0.34202
    outer loop
      vertex -46.1413 2.46608 25.514
      vertex -46.1413 4.14478 30.1262
      vertex -45.8719 4.10662 30.0213
    endloop
  endfacet
  facet normal -4.91457e-05 0.939691 -0.342025
    outer loop
      vertex -47.2911 2.42177 25.3923
      vertex -47.2911 4.18909 30.2479
      vertex -47 2.41618 25.3769
    endloop
  endfacet
  facet normal 5.12285e-05 0.939693 -0.34202
    outer loop
      vertex -45.8719 2.50424 25.6188
      vertex -45.8719 4.10662 30.0213
      vertex -45.6167 4.05838 29.8888
    endloop
  endfacet
  facet normal 2.11823e-05 0.939691 -0.342025
    outer loop
      vertex -47.2911 4.18909 30.2479
      vertex -47.2911 2.42177 25.3923
      vertex -47.5786 4.17239 30.202
    endloop
  endfacet
  facet normal 4.09067e-05 0.939692 -0.342022
    outer loop
      vertex -45.6167 2.55248 25.7514
      vertex -45.6167 4.05838 29.8888
      vertex -45.3789 4.00068 29.7303
    endloop
  endfacet
  facet normal 0.000131519 0.939693 -0.342019
    outer loop
      vertex -47.5786 2.43848 25.4381
      vertex -47.5786 4.17239 30.202
      vertex -47.2911 2.42177 25.3923
    endloop
  endfacet
  facet normal -4.49089e-05 0.939694 -0.342018
    outer loop
      vertex -45.6167 2.55248 25.7514
      vertex -45.3789 4.00068 29.7303
      vertex -45.1615 3.93423 29.5477
    endloop
  endfacet
  facet normal -7.10568e-05 0.939693 -0.342019
    outer loop
      vertex -47.5786 4.17239 30.202
      vertex -47.5786 2.43848 25.4381
      vertex -47.8587 4.14478 30.1262
    endloop
  endfacet
  facet normal 6.79966e-06 0.939693 -0.342018
    outer loop
      vertex -45.3789 2.61019 25.9099
      vertex -45.1615 3.93423 29.5477
      vertex -44.9672 3.85987 29.3434
    endloop
  endfacet
  facet normal -8.48204e-05 0.939693 -0.34202
    outer loop
      vertex -47.8587 2.46608 25.514
      vertex -47.8587 4.14478 30.1262
      vertex -47.5786 2.43848 25.4381
    endloop
  endfacet
  facet normal 9.52605e-05 0.93969 -0.342027
    outer loop
      vertex -45.3789 2.61019 25.9099
      vertex -44.9672 3.85987 29.3434
      vertex -44.7985 3.77854 29.12
    endloop
  endfacet
  facet normal 7.11489e-05 0.939693 -0.34202
    outer loop
      vertex -47.8587 4.14478 30.1262
      vertex -47.8587 2.46608 25.514
      vertex -48.1281 4.10662 30.0213
    endloop
  endfacet
  facet normal 1.14293e-05 0.939695 -0.342014
    outer loop
      vertex -45.3789 2.61019 25.9099
      vertex -44.7985 3.77854 29.12
      vertex -44.6575 3.69126 28.8802
    endloop
  endfacet
  facet normal 5.54419e-05 0.939693 -0.34202
    outer loop
      vertex -48.1281 2.50424 25.6188
      vertex -48.1281 4.10662 30.0213
      vertex -47.8587 2.46608 25.514
    endloop
  endfacet
  facet normal -0.000133761 0.939706 -0.341983
    outer loop
      vertex -45.3789 2.61019 25.9099
      vertex -44.6575 3.69126 28.8802
      vertex -44.5459 3.59913 28.627
    endloop
  endfacet
  facet normal -5.12285e-05 0.939693 -0.34202
    outer loop
      vertex -48.1281 4.10662 30.0213
      vertex -48.1281 2.50424 25.6188
      vertex -48.3833 4.05838 29.8888
    endloop
  endfacet
  facet normal 0.000136102 0.93968 -0.342056
    outer loop
      vertex -45.3789 2.61019 25.9099
      vertex -44.5459 3.59913 28.627
      vertex -44.4652 3.50331 28.3638
    endloop
  endfacet
  facet normal -4.09067e-05 0.939692 -0.342022
    outer loop
      vertex -48.3833 4.05838 29.8888
      vertex -48.3833 2.55248 25.7514
      vertex -48.6211 4.00068 29.7303
    endloop
  endfacet
  facet normal -0.000200084 0.93972 -0.341945
    outer loop
      vertex -45.3789 2.61019 25.9099
      vertex -44.4652 3.50331 28.3638
      vertex -44.4163 3.405 28.0936
    endloop
  endfacet
  facet normal 4.49089e-05 0.939694 -0.342018
    outer loop
      vertex -48.6211 4.00068 29.7303
      vertex -48.3833 2.55248 25.7514
      vertex -48.8385 3.93423 29.5477
    endloop
  endfacet
  facet normal 0.000158696 0.939669 -0.342085
    outer loop
      vertex -45.3789 2.61019 25.9099
      vertex -44.4163 3.405 28.0936
      vertex -44.4 3.30543 27.8201
    endloop
  endfacet
  facet normal 8.72233e-05 0.939695 -0.342013
    outer loop
      vertex -48.6211 2.61019 25.9099
      vertex -48.8385 3.93423 29.5477
      vertex -48.3833 2.55248 25.7514
    endloop
  endfacet
  facet normal -0.000151473 0.93972 -0.341945
    outer loop
      vertex -45.3789 2.61019 25.9099
      vertex -44.4 3.30543 27.8201
      vertex -44.4163 3.20587 27.5465
    endloop
  endfacet
  facet normal -0.000131519 0.939693 -0.342019
    outer loop
      vertex -46.4214 4.17239 30.202
      vertex -46.4214 2.43848 25.4381
      vertex -46.7089 2.42177 25.3923
    endloop
  endfacet
  facet normal 5.10654e-06 0.93969 -0.342026
    outer loop
      vertex -45.3789 2.61019 25.9099
      vertex -44.4163 3.20587 27.5465
      vertex -44.4652 3.10756 27.2764
    endloop
  endfacet
  facet normal -6.79966e-06 0.939693 -0.342018
    outer loop
      vertex -48.8385 3.93423 29.5477
      vertex -48.6211 2.61019 25.9099
      vertex -49.0328 3.85987 29.3434
    endloop
  endfacet
  facet normal 0.000316873 0.939623 -0.34221
    outer loop
      vertex -45.3789 2.61019 25.9099
      vertex -44.4652 3.10756 27.2764
      vertex -44.5459 3.01173 27.0132
    endloop
  endfacet
  facet normal -9.52605e-05 0.93969 -0.342027
    outer loop
      vertex -49.0328 3.85987 29.3434
      vertex -48.6211 2.61019 25.9099
      vertex -49.2015 3.77854 29.12
    endloop
  endfacet
  facet normal -0.000685665 0.939822 -0.341664
    outer loop
      vertex -44.7985 2.83232 26.5202
      vertex -44.5459 3.01173 27.0132
      vertex -44.6575 2.9196 26.76
    endloop
  endfacet
  facet normal -0.000544655 0.939799 -0.341728
    outer loop
      vertex -44.9672 2.75099 26.2968
      vertex -44.5459 3.01173 27.0132
      vertex -44.7985 2.83232 26.5202
    endloop
  endfacet
  facet normal 8.56459e-05 0.93968 -0.342055
    outer loop
      vertex -45.1615 2.67664 26.0925
      vertex -44.5459 3.01173 27.0132
      vertex -44.9672 2.75099 26.2968
    endloop
  endfacet
  facet normal 0.000685665 0.939822 -0.341664
    outer loop
      vertex -49.4541 3.01173 27.0132
      vertex -49.2015 2.83232 26.5202
      vertex -49.3425 2.9196 26.76
    endloop
  endfacet
  facet normal 7.40917e-05 0.939682 -0.342048
    outer loop
      vertex -45.3789 2.61019 25.9099
      vertex -44.5459 3.01173 27.0132
      vertex -45.1615 2.67664 26.0925
    endloop
  endfacet
  facet normal 0.000544655 0.939799 -0.341728
    outer loop
      vertex -49.4541 3.01173 27.0132
      vertex -49.0328 2.75099 26.2968
      vertex -49.2015 2.83232 26.5202
    endloop
  endfacet
  facet normal -8.72233e-05 0.939695 -0.342013
    outer loop
      vertex -45.1615 3.93423 29.5477
      vertex -45.3789 2.61019 25.9099
      vertex -45.6167 2.55248 25.7514
    endloop
  endfacet
  facet normal -8.56459e-05 0.93968 -0.342055
    outer loop
      vertex -49.4541 3.01173 27.0132
      vertex -48.8385 2.67664 26.0925
      vertex -49.0328 2.75099 26.2968
    endloop
  endfacet
  facet normal 8.38035e-05 0.939692 -0.342022
    outer loop
      vertex -45.6167 4.05838 29.8888
      vertex -45.6167 2.55248 25.7514
      vertex -45.8719 2.50424 25.6188
    endloop
  endfacet
  facet normal -7.40917e-05 0.939682 -0.342048
    outer loop
      vertex -49.4541 3.01173 27.0132
      vertex -48.6211 2.61019 25.9099
      vertex -48.8385 2.67664 26.0925
    endloop
  endfacet
  facet normal -5.54419e-05 0.939693 -0.34202
    outer loop
      vertex -45.8719 4.10662 30.0213
      vertex -45.8719 2.50424 25.6188
      vertex -46.1413 2.46608 25.514
    endloop
  endfacet
  facet normal -0.000316873 0.939623 -0.34221
    outer loop
      vertex -49.5348 3.10756 27.2764
      vertex -48.6211 2.61019 25.9099
      vertex -49.4541 3.01173 27.0132
    endloop
  endfacet
  facet normal 8.48204e-05 0.939693 -0.34202
    outer loop
      vertex -46.1413 4.14478 30.1262
      vertex -46.1413 2.46608 25.514
      vertex -46.4214 2.43848 25.4381
    endloop
  endfacet
  facet normal -5.10654e-06 0.93969 -0.342026
    outer loop
      vertex -49.5837 3.20587 27.5465
      vertex -48.6211 2.61019 25.9099
      vertex -49.5348 3.10756 27.2764
    endloop
  endfacet
  facet normal -0.000136102 0.93968 -0.342056
    outer loop
      vertex -49.4541 3.59913 28.627
      vertex -48.6211 2.61019 25.9099
      vertex -49.5348 3.50331 28.3638
    endloop
  endfacet
  facet normal 0.000151473 0.93972 -0.341945
    outer loop
      vertex -49.6 3.30543 27.8201
      vertex -48.6211 2.61019 25.9099
      vertex -49.5837 3.20587 27.5465
    endloop
  endfacet
  facet normal 0.000200084 0.93972 -0.341945
    outer loop
      vertex -49.5348 3.50331 28.3638
      vertex -48.6211 2.61019 25.9099
      vertex -49.5837 3.405 28.0936
    endloop
  endfacet
  facet normal -0.000158696 0.939669 -0.342085
    outer loop
      vertex -49.5837 3.405 28.0936
      vertex -48.6211 2.61019 25.9099
      vertex -49.6 3.30543 27.8201
    endloop
  endfacet
  facet normal 0.000133761 0.939706 -0.341983
    outer loop
      vertex -49.3425 3.69126 28.8802
      vertex -48.6211 2.61019 25.9099
      vertex -49.4541 3.59913 28.627
    endloop
  endfacet
  facet normal -1.14293e-05 0.939695 -0.342014
    outer loop
      vertex -49.2015 3.77854 29.12
      vertex -48.6211 2.61019 25.9099
      vertex -49.3425 3.69126 28.8802
    endloop
  endfacet
  facet normal -8.38035e-05 0.939692 -0.342022
    outer loop
      vertex -48.3833 2.55248 25.7514
      vertex -48.3833 4.05838 29.8888
      vertex -48.1281 2.50424 25.6188
    endloop
  endfacet
  facet normal -0.382789 -0.315953 -0.868128
    outer loop
      vertex -46.1413 4.14478 30.1262
      vertex -45.8719 5.98601 29.3373
      vertex -45.8719 4.10662 30.0213
    endloop
  endfacet
  facet normal -0.382514 -0.316033 -0.86822
    outer loop
      vertex -45.8719 5.98601 29.3373
      vertex -46.1413 4.14478 30.1262
      vertex -46.1413 6.02417 29.4421
    endloop
  endfacet
  facet normal -0.276761 -0.328685 -0.902978
    outer loop
      vertex -46.4214 4.17239 30.202
      vertex -46.1413 6.02417 29.4421
      vertex -46.1413 4.14478 30.1262
    endloop
  endfacet
  facet normal -0.277048 -0.328616 -0.902915
    outer loop
      vertex -46.1413 6.02417 29.4421
      vertex -46.4214 4.17239 30.202
      vertex -46.4214 6.05177 29.518
    endloop
  endfacet
  facet normal -0.666413 -0.254992 -0.700624
    outer loop
      vertex -45.3789 4.00068 29.7303
      vertex -45.1615 5.81361 28.8637
      vertex -45.1615 3.93423 29.5477
    endloop
  endfacet
  facet normal -0.666233 -0.25508 -0.700762
    outer loop
      vertex -45.1615 5.81361 28.8637
      vertex -45.3789 4.00068 29.7303
      vertex -45.3789 5.88006 29.0462
    endloop
  endfacet
  facet normal -0.960938 -0.094654 -0.260076
    outer loop
      vertex -44.4652 5.3827 27.6797
      vertex -44.5459 3.59913 28.627
      vertex -44.5459 5.47852 27.943
    endloop
  endfacet
  facet normal -0.960913 -0.0946955 -0.260152
    outer loop
      vertex -44.5459 3.59913 28.627
      vertex -44.4652 5.3827 27.6797
      vertex -44.4652 3.50331 28.3638
    endloop
  endfacet
  facet normal 0.167491 -0.337172 -0.926424
    outer loop
      vertex -47.5786 6.05177 29.518
      vertex -47.2911 4.18909 30.2479
      vertex -47.5786 4.17239 30.202
    endloop
  endfacet
  facet normal 0.167502 -0.33717 -0.926423
    outer loop
      vertex -47.2911 4.18909 30.2479
      vertex -47.5786 6.05177 29.518
      vertex -47.2911 6.06848 29.5639
    endloop
  endfacet
  facet normal 0.0561913 -0.341461 -0.938215
    outer loop
      vertex -47.2911 6.06848 29.5639
      vertex -47 4.19468 30.2633
      vertex -47.2911 4.18909 30.2479
    endloop
  endfacet
  facet normal 0.0561913 -0.341461 -0.938215
    outer loop
      vertex -47 4.19468 30.2633
      vertex -47.2911 6.06848 29.5639
      vertex -47 6.07407 29.5793
    endloop
  endfacet
  facet normal 0.745622 -0.2279 -0.626187
    outer loop
      vertex -48.8385 3.93423 29.5477
      vertex -49.0328 5.73926 28.6594
      vertex -48.8385 5.81361 28.8637
    endloop
  endfacet
  facet normal 0.745627 -0.227897 -0.626181
    outer loop
      vertex -49.0328 5.73926 28.6594
      vertex -48.8385 3.93423 29.5477
      vertex -49.0328 3.85987 29.3434
    endloop
  endfacet
  facet normal 0.666413 -0.254992 -0.700624
    outer loop
      vertex -48.8385 5.81361 28.8637
      vertex -48.6211 4.00068 29.7303
      vertex -48.8385 3.93423 29.5477
    endloop
  endfacet
  facet normal 0.666233 -0.25508 -0.700762
    outer loop
      vertex -48.6211 4.00068 29.7303
      vertex -48.8385 5.81361 28.8637
      vertex -48.6211 5.88006 29.0462
    endloop
  endfacet
  facet normal 0.985836 -0.0573658 -0.157598
    outer loop
      vertex -49.5348 3.50331 28.3638
      vertex -49.5837 5.28438 27.4096
      vertex -49.5348 5.3827 27.6797
    endloop
  endfacet
  facet normal 0.985844 -0.0573411 -0.157552
    outer loop
      vertex -49.5837 5.28438 27.4096
      vertex -49.5348 3.50331 28.3638
      vertex -49.5837 3.405 28.0936
    endloop
  endfacet
  facet normal 0.998436 -0.0191231 -0.0525433
    outer loop
      vertex -49.5837 3.405 28.0936
      vertex -49.6 5.18482 27.1361
      vertex -49.5837 5.28438 27.4096
    endloop
  endfacet
  facet normal 0.998436 -0.0191228 -0.0525427
    outer loop
      vertex -49.6 5.18482 27.1361
      vertex -49.5837 3.405 28.0936
      vertex -49.6 3.30543 27.8201
    endloop
  endfacet
  facet normal -0.578552 -0.278989 -0.766448
    outer loop
      vertex -45.6167 4.05838 29.8888
      vertex -45.3789 5.88006 29.0462
      vertex -45.3789 4.00068 29.7303
    endloop
  endfacet
  facet normal -0.578774 -0.278898 -0.766313
    outer loop
      vertex -45.3789 5.88006 29.0462
      vertex -45.6167 4.05838 29.8888
      vertex -45.6167 5.93777 29.2048
    endloop
  endfacet
  facet normal -0.483625 -0.299346 -0.822496
    outer loop
      vertex -45.8719 4.10662 30.0213
      vertex -45.6167 5.93777 29.2048
      vertex -45.6167 4.05838 29.8888
    endloop
  endfacet
  facet normal -0.483625 -0.299346 -0.822496
    outer loop
      vertex -45.6167 5.93777 29.2048
      vertex -45.8719 4.10662 30.0213
      vertex -45.8719 5.98601 29.3373
    endloop
  endfacet
  facet normal 0.382789 -0.315953 -0.868128
    outer loop
      vertex -48.1281 5.98601 29.3373
      vertex -47.8587 4.14478 30.1262
      vertex -48.1281 4.10662 30.0213
    endloop
  endfacet
  facet normal 0.382514 -0.316033 -0.86822
    outer loop
      vertex -47.8587 4.14478 30.1262
      vertex -48.1281 5.98601 29.3373
      vertex -47.8587 6.02417 29.4421
    endloop
  endfacet
  facet normal 0.81565 -0.197864 -0.543659
    outer loop
      vertex -49.0328 3.85987 29.3434
      vertex -49.2015 5.65793 28.4359
      vertex -49.0328 5.73926 28.6594
    endloop
  endfacet
  facet normal 0.815542 -0.197941 -0.543793
    outer loop
      vertex -49.2015 5.65793 28.4359
      vertex -49.0328 3.85987 29.3434
      vertex -49.2015 3.77854 29.12
    endloop
  endfacet
  facet normal 0.483625 -0.299346 -0.822496
    outer loop
      vertex -48.3833 5.93777 29.2048
      vertex -48.1281 4.10662 30.0213
      vertex -48.3833 4.05838 29.8888
    endloop
  endfacet
  facet normal 0.483625 -0.299346 -0.822496
    outer loop
      vertex -48.1281 4.10662 30.0213
      vertex -48.3833 5.93777 29.2048
      vertex -48.1281 5.98601 29.3373
    endloop
  endfacet
  facet normal 0.578552 -0.278989 -0.766448
    outer loop
      vertex -48.6211 5.88006 29.0462
      vertex -48.3833 4.05838 29.8888
      vertex -48.6211 4.00068 29.7303
    endloop
  endfacet
  facet normal 0.578774 -0.278898 -0.766313
    outer loop
      vertex -48.3833 4.05838 29.8888
      vertex -48.6211 5.88006 29.0462
      vertex -48.3833 5.93777 29.2048
    endloop
  endfacet
  facet normal 0.276761 -0.328685 -0.902978
    outer loop
      vertex -47.8587 6.02417 29.4421
      vertex -47.5786 4.17239 30.202
      vertex -47.8587 4.14478 30.1262
    endloop
  endfacet
  facet normal 0.277048 -0.328616 -0.902915
    outer loop
      vertex -47.5786 4.17239 30.202
      vertex -47.8587 6.02417 29.4421
      vertex -47.5786 6.05177 29.518
    endloop
  endfacet
  facet normal -0.875279 0.165398 0.454455
    outer loop
      vertex 16.2015 4.71171 25.8362
      vertex 16.3425 2.9196 26.76
      vertex 16.3425 4.79899 26.076
    endloop
  endfacet
  facet normal -0.875279 0.165398 0.454455
    outer loop
      vertex 16.3425 2.9196 26.76
      vertex 16.2015 4.71171 25.8362
      vertex 16.2015 2.83232 26.5202
    endloop
  endfacet
  facet normal -0.277059 0.328613 0.902913
    outer loop
      vertex 14.5786 4.31786 24.7541
      vertex 14.8587 2.46608 25.514
      vertex 14.8587 4.34547 24.83
    endloop
  endfacet
  facet normal -0.277048 0.328616 0.902915
    outer loop
      vertex 14.8587 2.46608 25.514
      vertex 14.5786 4.31786 24.7541
      vertex 14.5786 2.43848 25.4381
    endloop
  endfacet
  facet normal 0.382514 0.315992 0.868235
    outer loop
      vertex 12.8719 2.50424 25.6188
      vertex 13.1413 4.34547 24.83
      vertex 12.8719 4.38363 24.9348
    endloop
  endfacet
  facet normal 0.382514 0.315992 0.868235
    outer loop
      vertex 13.1413 4.34547 24.83
      vertex 12.8719 2.50424 25.6188
      vertex 13.1413 2.46608 25.514
    endloop
  endfacet
  facet normal 0.923839 0.130928 0.359692
    outer loop
      vertex 11.5459 3.01173 27.0132
      vertex 11.6575 4.79899 26.076
      vertex 11.5459 4.89112 26.3291
    endloop
  endfacet
  facet normal 0.923887 0.130872 0.359591
    outer loop
      vertex 11.6575 4.79899 26.076
      vertex 11.5459 3.01173 27.0132
      vertex 11.6575 2.9196 26.76
    endloop
  endfacet
  facet normal -0.998436 -0.0191231 -0.0525433
    outer loop
      vertex 16.6 5.18482 27.1361
      vertex 16.5837 3.405 28.0936
      vertex 16.5837 5.28438 27.4096
    endloop
  endfacet
  facet normal -0.998436 -0.0191228 -0.0525427
    outer loop
      vertex 16.5837 3.405 28.0936
      vertex 16.6 5.18482 27.1361
      vertex 16.6 3.30543 27.8201
    endloop
  endfacet
  facet normal -0.985835 0.0573593 0.157602
    outer loop
      vertex 16.5348 4.98694 26.5924
      vertex 16.5837 3.20587 27.5465
      vertex 16.5837 5.08525 26.8625
    endloop
  endfacet
  facet normal -0.985835 0.0573593 0.157602
    outer loop
      vertex 16.5837 3.20587 27.5465
      vertex 16.5348 4.98694 26.5924
      vertex 16.5348 3.10756 27.2764
    endloop
  endfacet
  facet normal -0.05587 0.341511 0.938216
    outer loop
      vertex 14 4.29557 24.6929
      vertex 14.2911 2.42177 25.3923
      vertex 14.2911 4.30116 24.7082
    endloop
  endfacet
  facet normal -0.0561913 0.341461 0.938215
    outer loop
      vertex 14.2911 2.42177 25.3923
      vertex 14 4.29557 24.6929
      vertex 14 2.41618 25.3769
    endloop
  endfacet
  facet normal -0.483625 0.299384 0.822482
    outer loop
      vertex 15.1281 4.38363 24.9348
      vertex 15.3833 2.55248 25.7514
      vertex 15.3833 4.43187 25.0673
    endloop
  endfacet
  facet normal -0.483872 0.299299 0.822367
    outer loop
      vertex 15.3833 2.55248 25.7514
      vertex 15.1281 4.38363 24.9348
      vertex 15.1281 2.50424 25.6188
    endloop
  endfacet
  facet normal 0.998437 0.0191167 0.0525258
    outer loop
      vertex 11.4 3.30543 27.8201
      vertex 11.4163 5.08525 26.8625
      vertex 11.4 5.18482 27.1361
    endloop
  endfacet
  facet normal 0.998437 0.019117 0.0525264
    outer loop
      vertex 11.4163 5.08525 26.8625
      vertex 11.4 3.30543 27.8201
      vertex 11.4163 3.20587 27.5465
    endloop
  endfacet
  facet normal 0.81565 0.197864 0.543659
    outer loop
      vertex 11.7985 2.83232 26.5202
      vertex 11.9672 4.63038 25.6127
      vertex 11.7985 4.71171 25.8362
    endloop
  endfacet
  facet normal 0.815542 0.197941 0.543793
    outer loop
      vertex 11.9672 4.63038 25.6127
      vertex 11.7985 2.83232 26.5202
      vertex 11.9672 2.75099 26.2968
    endloop
  endfacet
  facet normal 0.167491 0.337172 0.926424
    outer loop
      vertex 13.4214 2.43848 25.4381
      vertex 13.7089 4.30116 24.7082
      vertex 13.4214 4.31786 24.7541
    endloop
  endfacet
  facet normal 0.167189 0.337231 0.926457
    outer loop
      vertex 13.7089 4.30116 24.7082
      vertex 13.4214 2.43848 25.4381
      vertex 13.7089 2.42177 25.3923
    endloop
  endfacet
  facet normal -0.81565 0.197864 0.543659
    outer loop
      vertex 16.0328 4.63038 25.6127
      vertex 16.2015 2.83232 26.5202
      vertex 16.2015 4.71171 25.8362
    endloop
  endfacet
  facet normal -0.815542 0.197941 0.543793
    outer loop
      vertex 16.2015 2.83232 26.5202
      vertex 16.0328 4.63038 25.6127
      vertex 16.0328 2.75099 26.2968
    endloop
  endfacet
  facet normal -0.666233 0.25508 0.700762
    outer loop
      vertex 15.6211 4.48957 25.2259
      vertex 15.8385 2.67664 26.0925
      vertex 15.8385 4.55602 25.4084
    endloop
  endfacet
  facet normal -0.666413 0.254992 0.700624
    outer loop
      vertex 15.8385 2.67664 26.0925
      vertex 15.6211 4.48957 25.2259
      vertex 15.6211 2.61019 25.9099
    endloop
  endfacet
  facet normal -0.745627 0.227927 0.626171
    outer loop
      vertex 15.8385 4.55602 25.4084
      vertex 16.0328 2.75099 26.2968
      vertex 16.0328 4.63038 25.6127
    endloop
  endfacet
  facet normal -0.745622 0.22793 0.626176
    outer loop
      vertex 16.0328 2.75099 26.2968
      vertex 15.8385 4.55602 25.4084
      vertex 15.8385 2.67664 26.0925
    endloop
  endfacet
  facet normal 0.05587 0.341511 0.938216
    outer loop
      vertex 13.7089 2.42177 25.3923
      vertex 14 4.29557 24.6929
      vertex 13.7089 4.30116 24.7082
    endloop
  endfacet
  facet normal 0.0561913 0.341461 0.938215
    outer loop
      vertex 14 4.29557 24.6929
      vertex 13.7089 2.42177 25.3923
      vertex 14 2.41618 25.3769
    endloop
  endfacet
  facet normal -0.167491 0.337172 0.926424
    outer loop
      vertex 14.2911 4.30116 24.7082
      vertex 14.5786 2.43848 25.4381
      vertex 14.5786 4.31786 24.7541
    endloop
  endfacet
  facet normal -0.167189 0.337231 0.926457
    outer loop
      vertex 14.5786 2.43848 25.4381
      vertex 14.2911 4.30116 24.7082
      vertex 14.2911 2.42177 25.3923
    endloop
  endfacet
  facet normal -0.382514 0.315992 0.868235
    outer loop
      vertex 14.8587 4.34547 24.83
      vertex 15.1281 2.50424 25.6188
      vertex 15.1281 4.38363 24.9348
    endloop
  endfacet
  facet normal -0.382514 0.315992 0.868235
    outer loop
      vertex 15.1281 2.50424 25.6188
      vertex 14.8587 4.34547 24.83
      vertex 14.8587 2.46608 25.514
    endloop
  endfacet
  facet normal -0.578766 0.278901 0.766318
    outer loop
      vertex 15.3833 4.43187 25.0673
      vertex 15.6211 2.61019 25.9099
      vertex 15.6211 4.48957 25.2259
    endloop
  endfacet
  facet normal -0.57856 0.278986 0.766443
    outer loop
      vertex 15.6211 2.61019 25.9099
      vertex 15.3833 4.43187 25.0673
      vertex 15.3833 2.55248 25.7514
    endloop
  endfacet
  facet normal -4.87732e-05 -0.939693 0.342018
    outer loop
      vertex 13.7089 4.30116 24.7082
      vertex 14 6.07407 29.5793
      vertex 13.7089 6.06848 29.5639
    endloop
  endfacet
  facet normal 1.26272e-05 -0.939693 0.342018
    outer loop
      vertex 13.7089 4.30116 24.7082
      vertex 13.7089 6.06848 29.5639
      vertex 13.4214 6.05177 29.518
    endloop
  endfacet
  facet normal -6.86561e-05 -0.939693 0.342019
    outer loop
      vertex 14 4.29557 24.6929
      vertex 14 6.07407 29.5793
      vertex 13.7089 4.30116 24.7082
    endloop
  endfacet
  facet normal -8.45976e-05 -0.939693 0.342019
    outer loop
      vertex 13.4214 4.31786 24.7541
      vertex 13.4214 6.05177 29.518
      vertex 13.1413 6.02417 29.4421
    endloop
  endfacet
  facet normal 4.8836e-05 -0.939693 0.342019
    outer loop
      vertex 14 6.07407 29.5793
      vertex 14 4.29557 24.6929
      vertex 14.2911 6.06848 29.5639
    endloop
  endfacet
  facet normal 5.29222e-05 -0.93969 0.342026
    outer loop
      vertex 13.1413 4.34547 24.83
      vertex 13.1413 6.02417 29.4421
      vertex 12.8719 5.98601 29.3373
    endloop
  endfacet
  facet normal 6.87185e-05 -0.939693 0.342018
    outer loop
      vertex 14.2911 4.30116 24.7082
      vertex 14.2911 6.06848 29.5639
      vertex 14 4.29557 24.6929
    endloop
  endfacet
  facet normal 5.12285e-05 -0.939693 0.34202
    outer loop
      vertex 12.8719 4.38363 24.9348
      vertex 12.8719 5.98601 29.3373
      vertex 12.6167 5.93777 29.2048
    endloop
  endfacet
  facet normal -1.26272e-05 -0.939693 0.342018
    outer loop
      vertex 14.2911 6.06848 29.5639
      vertex 14.2911 4.30116 24.7082
      vertex 14.5786 6.05177 29.518
    endloop
  endfacet
  facet normal -5.78918e-05 -0.939695 0.342015
    outer loop
      vertex 12.6167 4.43187 25.0673
      vertex 12.6167 5.93777 29.2048
      vertex 12.3789 5.88006 29.0462
    endloop
  endfacet
  facet normal -2.01294e-05 -0.939693 0.342019
    outer loop
      vertex 14.5786 4.31786 24.7541
      vertex 14.5786 6.05177 29.518
      vertex 14.2911 4.30116 24.7082
    endloop
  endfacet
  facet normal 0.000106785 -0.939691 0.342023
    outer loop
      vertex 12.6167 4.43187 25.0673
      vertex 12.3789 5.88006 29.0462
      vertex 12.1615 5.81361 28.8637
    endloop
  endfacet
  facet normal 8.45976e-05 -0.939693 0.342019
    outer loop
      vertex 14.5786 6.05177 29.518
      vertex 14.5786 4.31786 24.7541
      vertex 14.8587 6.02417 29.4421
    endloop
  endfacet
  facet normal -3.87041e-05 -0.939694 0.342016
    outer loop
      vertex 12.3789 4.48957 25.2259
      vertex 12.1615 5.81361 28.8637
      vertex 11.9672 5.73926 28.6594
    endloop
  endfacet
  facet normal -5.32813e-05 -0.93969 0.342026
    outer loop
      vertex 14.8587 4.34547 24.83
      vertex 14.8587 6.02417 29.4421
      vertex 14.5786 4.31786 24.7541
    endloop
  endfacet
  facet normal -8.28197e-05 -0.939696 0.342011
    outer loop
      vertex 12.3789 4.48957 25.2259
      vertex 11.9672 5.73926 28.6594
      vertex 11.7985 5.65793 28.4359
    endloop
  endfacet
  facet normal -5.29222e-05 -0.93969 0.342026
    outer loop
      vertex 14.8587 6.02417 29.4421
      vertex 14.8587 4.34547 24.83
      vertex 15.1281 5.98601 29.3373
    endloop
  endfacet
  facet normal -6.23719e-06 -0.939692 0.342023
    outer loop
      vertex 12.3789 4.48957 25.2259
      vertex 11.7985 5.65793 28.4359
      vertex 11.6575 5.57065 28.1961
    endloop
  endfacet
  facet normal 5.54419e-05 -0.939693 0.34202
    outer loop
      vertex 15.1281 4.38363 24.9348
      vertex 15.1281 5.98601 29.3373
      vertex 14.8587 4.34547 24.83
    endloop
  endfacet
  facet normal 4.23687e-05 -0.939688 0.342034
    outer loop
      vertex 12.3789 4.48957 25.2259
      vertex 11.6575 5.57065 28.1961
      vertex 11.5459 5.47852 27.943
    endloop
  endfacet
  facet normal -5.12285e-05 -0.939693 0.34202
    outer loop
      vertex 15.1281 5.98601 29.3373
      vertex 15.1281 4.38363 24.9348
      vertex 15.3833 5.93777 29.2048
    endloop
  endfacet
  facet normal -8.1443e-05 -0.9397 0.342
    outer loop
      vertex 12.3789 4.48957 25.2259
      vertex 11.5459 5.47852 27.943
      vertex 11.4652 5.3827 27.6797
    endloop
  endfacet
  facet normal 5.78918e-05 -0.939695 0.342015
    outer loop
      vertex 15.3833 5.93777 29.2048
      vertex 15.3833 4.43187 25.0673
      vertex 15.6211 5.88006 29.0462
    endloop
  endfacet
  facet normal 5.94454e-05 -0.939683 0.342046
    outer loop
      vertex 12.3789 4.48957 25.2259
      vertex 11.4652 5.3827 27.6797
      vertex 11.4163 5.28438 27.4096
    endloop
  endfacet
  facet normal -0.000106785 -0.939691 0.342023
    outer loop
      vertex 15.6211 5.88006 29.0462
      vertex 15.3833 4.43187 25.0673
      vertex 15.8385 5.81361 28.8637
    endloop
  endfacet
  facet normal 9.00391e-05 -0.939679 0.342058
    outer loop
      vertex 12.3789 4.48957 25.2259
      vertex 11.4163 5.28438 27.4096
      vertex 11.4 5.18482 27.1361
    endloop
  endfacet
  facet normal -0.000103727 -0.939692 0.342023
    outer loop
      vertex 15.6211 4.48957 25.2259
      vertex 15.8385 5.81361 28.8637
      vertex 15.3833 4.43187 25.0673
    endloop
  endfacet
  facet normal -8.64946e-05 -0.939708 0.341978
    outer loop
      vertex 12.3789 4.48957 25.2259
      vertex 11.4 5.18482 27.1361
      vertex 11.4163 5.08525 26.8625
    endloop
  endfacet
  facet normal 2.01294e-05 -0.939693 0.342019
    outer loop
      vertex 13.4214 6.05177 29.518
      vertex 13.4214 4.31786 24.7541
      vertex 13.7089 4.30116 24.7082
    endloop
  endfacet
  facet normal 5.10654e-06 -0.93969 0.342026
    outer loop
      vertex 12.3789 4.48957 25.2259
      vertex 11.4163 5.08525 26.8625
      vertex 11.4652 4.98694 26.5924
    endloop
  endfacet
  facet normal 3.87041e-05 -0.939694 0.342016
    outer loop
      vertex 15.8385 5.81361 28.8637
      vertex 15.6211 4.48957 25.2259
      vertex 16.0328 5.73926 28.6594
    endloop
  endfacet
  facet normal -0.000140568 -0.939722 0.34194
    outer loop
      vertex 12.3789 4.48957 25.2259
      vertex 11.4652 4.98694 26.5924
      vertex 11.5459 4.89112 26.3291
    endloop
  endfacet
  facet normal 8.28197e-05 -0.939696 0.342011
    outer loop
      vertex 16.0328 5.73926 28.6594
      vertex 15.6211 4.48957 25.2259
      vertex 16.2015 5.65793 28.4359
    endloop
  endfacet
  facet normal 0.000232243 -0.939649 0.34214
    outer loop
      vertex 11.7985 4.71171 25.8362
      vertex 11.5459 4.89112 26.3291
      vertex 11.6575 4.79899 26.076
    endloop
  endfacet
  facet normal 0.000372315 -0.939626 0.342204
    outer loop
      vertex 11.9672 4.63038 25.6127
      vertex 11.5459 4.89112 26.3291
      vertex 11.7985 4.71171 25.8362
    endloop
  endfacet
  facet normal -4.10729e-05 -0.939704 0.341989
    outer loop
      vertex 12.1615 4.55602 25.4084
      vertex 11.5459 4.89112 26.3291
      vertex 11.9672 4.63038 25.6127
    endloop
  endfacet
  facet normal -0.000232243 -0.939649 0.34214
    outer loop
      vertex 16.4541 4.89112 26.3291
      vertex 16.2015 4.71171 25.8362
      vertex 16.3425 4.79899 26.076
    endloop
  endfacet
  facet normal -0.000265028 -0.939752 0.341857
    outer loop
      vertex 12.3789 4.48957 25.2259
      vertex 11.5459 4.89112 26.3291
      vertex 12.1615 4.55602 25.4084
    endloop
  endfacet
  facet normal -0.000372315 -0.939626 0.342204
    outer loop
      vertex 16.4541 4.89112 26.3291
      vertex 16.0328 4.63038 25.6127
      vertex 16.2015 4.71171 25.8362
    endloop
  endfacet
  facet normal 0.000103727 -0.939692 0.342023
    outer loop
      vertex 12.1615 5.81361 28.8637
      vertex 12.3789 4.48957 25.2259
      vertex 12.6167 4.43187 25.0673
    endloop
  endfacet
  facet normal 4.10729e-05 -0.939704 0.341989
    outer loop
      vertex 16.4541 4.89112 26.3291
      vertex 15.8385 4.55602 25.4084
      vertex 16.0328 4.63038 25.6127
    endloop
  endfacet
  facet normal -5.45097e-05 -0.939695 0.342015
    outer loop
      vertex 12.6167 5.93777 29.2048
      vertex 12.6167 4.43187 25.0673
      vertex 12.8719 4.38363 24.9348
    endloop
  endfacet
  facet normal 0.000265028 -0.939752 0.341857
    outer loop
      vertex 16.4541 4.89112 26.3291
      vertex 15.6211 4.48957 25.2259
      vertex 15.8385 4.55602 25.4084
    endloop
  endfacet
  facet normal -5.54419e-05 -0.939693 0.34202
    outer loop
      vertex 12.8719 5.98601 29.3373
      vertex 12.8719 4.38363 24.9348
      vertex 13.1413 4.34547 24.83
    endloop
  endfacet
  facet normal 0.000140568 -0.939722 0.34194
    outer loop
      vertex 16.5348 4.98694 26.5924
      vertex 15.6211 4.48957 25.2259
      vertex 16.4541 4.89112 26.3291
    endloop
  endfacet
  facet normal 5.32813e-05 -0.93969 0.342026
    outer loop
      vertex 13.1413 6.02417 29.4421
      vertex 13.1413 4.34547 24.83
      vertex 13.4214 4.31786 24.7541
    endloop
  endfacet
  facet normal -5.10654e-06 -0.93969 0.342026
    outer loop
      vertex 16.5837 5.08525 26.8625
      vertex 15.6211 4.48957 25.2259
      vertex 16.5348 4.98694 26.5924
    endloop
  endfacet
  facet normal 8.1443e-05 -0.9397 0.342
    outer loop
      vertex 16.4541 5.47852 27.943
      vertex 15.6211 4.48957 25.2259
      vertex 16.5348 5.3827 27.6797
    endloop
  endfacet
  facet normal 8.64946e-05 -0.939708 0.341978
    outer loop
      vertex 16.6 5.18482 27.1361
      vertex 15.6211 4.48957 25.2259
      vertex 16.5837 5.08525 26.8625
    endloop
  endfacet
  facet normal -5.94454e-05 -0.939683 0.342046
    outer loop
      vertex 16.5348 5.3827 27.6797
      vertex 15.6211 4.48957 25.2259
      vertex 16.5837 5.28438 27.4096
    endloop
  endfacet
  facet normal -9.00391e-05 -0.939679 0.342058
    outer loop
      vertex 16.5837 5.28438 27.4096
      vertex 15.6211 4.48957 25.2259
      vertex 16.6 5.18482 27.1361
    endloop
  endfacet
  facet normal -4.23687e-05 -0.939688 0.342034
    outer loop
      vertex 16.3425 5.57065 28.1961
      vertex 15.6211 4.48957 25.2259
      vertex 16.4541 5.47852 27.943
    endloop
  endfacet
  facet normal 6.23719e-06 -0.939692 0.342023
    outer loop
      vertex 16.2015 5.65793 28.4359
      vertex 15.6211 4.48957 25.2259
      vertex 16.3425 5.57065 28.1961
    endloop
  endfacet
  facet normal 5.45097e-05 -0.939695 0.342015
    outer loop
      vertex 15.3833 4.43187 25.0673
      vertex 15.3833 5.93777 29.2048
      vertex 15.1281 4.38363 24.9348
    endloop
  endfacet
  facet normal 0.960938 0.0946544 0.260076
    outer loop
      vertex 11.4652 3.10756 27.2764
      vertex 11.5459 4.89112 26.3291
      vertex 11.4652 4.98694 26.5924
    endloop
  endfacet
  facet normal 0.960914 0.0946945 0.260149
    outer loop
      vertex 11.5459 4.89112 26.3291
      vertex 11.4652 3.10756 27.2764
      vertex 11.5459 3.01173 27.0132
    endloop
  endfacet
  facet normal 0.985835 0.0573593 0.157602
    outer loop
      vertex 11.4163 3.20587 27.5465
      vertex 11.4652 4.98694 26.5924
      vertex 11.4163 5.08525 26.8625
    endloop
  endfacet
  facet normal 0.985835 0.0573593 0.157602
    outer loop
      vertex 11.4652 4.98694 26.5924
      vertex 11.4163 3.20587 27.5465
      vertex 11.4652 3.10756 27.2764
    endloop
  endfacet
  facet normal 0.875279 0.165398 0.454455
    outer loop
      vertex 11.6575 2.9196 26.76
      vertex 11.7985 4.71171 25.8362
      vertex 11.6575 4.79899 26.076
    endloop
  endfacet
  facet normal 0.875279 0.165398 0.454455
    outer loop
      vertex 11.7985 4.71171 25.8362
      vertex 11.6575 2.9196 26.76
      vertex 11.7985 2.83232 26.5202
    endloop
  endfacet
  facet normal 0.277059 0.328613 0.902913
    outer loop
      vertex 13.1413 2.46608 25.514
      vertex 13.4214 4.31786 24.7541
      vertex 13.1413 4.34547 24.83
    endloop
  endfacet
  facet normal 0.277048 0.328616 0.902915
    outer loop
      vertex 13.4214 4.31786 24.7541
      vertex 13.1413 2.46608 25.514
      vertex 13.4214 2.43848 25.4381
    endloop
  endfacet
  facet normal 0.578766 0.278901 0.766318
    outer loop
      vertex 12.3789 2.61019 25.9099
      vertex 12.6167 4.43187 25.0673
      vertex 12.3789 4.48957 25.2259
    endloop
  endfacet
  facet normal 0.57856 0.278986 0.766443
    outer loop
      vertex 12.6167 4.43187 25.0673
      vertex 12.3789 2.61019 25.9099
      vertex 12.6167 2.55248 25.7514
    endloop
  endfacet
  facet normal 0.666233 0.25508 0.700762
    outer loop
      vertex 12.1615 2.67664 26.0925
      vertex 12.3789 4.48957 25.2259
      vertex 12.1615 4.55602 25.4084
    endloop
  endfacet
  facet normal 0.666413 0.254992 0.700624
    outer loop
      vertex 12.3789 4.48957 25.2259
      vertex 12.1615 2.67664 26.0925
      vertex 12.3789 2.61019 25.9099
    endloop
  endfacet
  facet normal 0.483625 0.299384 0.822482
    outer loop
      vertex 12.6167 2.55248 25.7514
      vertex 12.8719 4.38363 24.9348
      vertex 12.6167 4.43187 25.0673
    endloop
  endfacet
  facet normal 0.483872 0.299299 0.822367
    outer loop
      vertex 12.8719 4.38363 24.9348
      vertex 12.6167 2.55248 25.7514
      vertex 12.8719 2.50424 25.6188
    endloop
  endfacet
  facet normal 0.745627 0.227927 0.626171
    outer loop
      vertex 11.9672 2.75099 26.2968
      vertex 12.1615 4.55602 25.4084
      vertex 11.9672 4.63038 25.6127
    endloop
  endfacet
  facet normal 0.745622 0.22793 0.626176
    outer loop
      vertex 12.1615 4.55602 25.4084
      vertex 11.9672 2.75099 26.2968
      vertex 12.1615 2.67664 26.0925
    endloop
  endfacet
  facet normal -0.998437 0.0191167 0.0525258
    outer loop
      vertex 16.5837 5.08525 26.8625
      vertex 16.6 3.30543 27.8201
      vertex 16.6 5.18482 27.1361
    endloop
  endfacet
  facet normal -0.998437 0.019117 0.0525264
    outer loop
      vertex 16.6 3.30543 27.8201
      vertex 16.5837 5.08525 26.8625
      vertex 16.5837 3.20587 27.5465
    endloop
  endfacet
  facet normal -0.985836 -0.0573658 -0.157598
    outer loop
      vertex 16.5837 5.28438 27.4096
      vertex 16.5348 3.50331 28.3638
      vertex 16.5348 5.3827 27.6797
    endloop
  endfacet
  facet normal -0.985844 -0.0573411 -0.157552
    outer loop
      vertex 16.5348 3.50331 28.3638
      vertex 16.5837 5.28438 27.4096
      vertex 16.5837 3.405 28.0936
    endloop
  endfacet
  facet normal -0.0561913 -0.341461 -0.938215
    outer loop
      vertex 14 4.19468 30.2633
      vertex 14.2911 6.06848 29.5639
      vertex 14.2911 4.18909 30.2479
    endloop
  endfacet
  facet normal -0.0561913 -0.341461 -0.938215
    outer loop
      vertex 14.2911 6.06848 29.5639
      vertex 14 4.19468 30.2633
      vertex 14 6.07407 29.5793
    endloop
  endfacet
  facet normal 0.960938 -0.094654 -0.260076
    outer loop
      vertex 11.5459 3.59913 28.627
      vertex 11.4652 5.3827 27.6797
      vertex 11.5459 5.47852 27.943
    endloop
  endfacet
  facet normal 0.960913 -0.0946955 -0.260152
    outer loop
      vertex 11.4652 5.3827 27.6797
      vertex 11.5459 3.59913 28.627
      vertex 11.4652 3.50331 28.3638
    endloop
  endfacet
  facet normal 0.875279 -0.165419 -0.454448
    outer loop
      vertex 11.7985 3.77854 29.12
      vertex 11.6575 5.57065 28.1961
      vertex 11.7985 5.65793 28.4359
    endloop
  endfacet
  facet normal 0.875279 -0.165419 -0.454448
    outer loop
      vertex 11.6575 5.57065 28.1961
      vertex 11.7985 3.77854 29.12
      vertex 11.6575 3.69126 28.8802
    endloop
  endfacet
  facet normal -0.167491 -0.337172 -0.926424
    outer loop
      vertex 14.2911 4.18909 30.2479
      vertex 14.5786 6.05177 29.518
      vertex 14.5786 4.17239 30.202
    endloop
  endfacet
  facet normal -0.167502 -0.33717 -0.926423
    outer loop
      vertex 14.5786 6.05177 29.518
      vertex 14.2911 4.18909 30.2479
      vertex 14.2911 6.06848 29.5639
    endloop
  endfacet
  facet normal -0.923839 0.130928 0.359692
    outer loop
      vertex 16.3425 4.79899 26.076
      vertex 16.4541 3.01173 27.0132
      vertex 16.4541 4.89112 26.3291
    endloop
  endfacet
  facet normal -0.923887 0.130872 0.359591
    outer loop
      vertex 16.4541 3.01173 27.0132
      vertex 16.3425 4.79899 26.076
      vertex 16.3425 2.9196 26.76
    endloop
  endfacet
  facet normal -0.960938 0.0946544 0.260076
    outer loop
      vertex 16.4541 4.89112 26.3291
      vertex 16.5348 3.10756 27.2764
      vertex 16.5348 4.98694 26.5924
    endloop
  endfacet
  facet normal -0.960914 0.0946945 0.260149
    outer loop
      vertex 16.5348 3.10756 27.2764
      vertex 16.4541 4.89112 26.3291
      vertex 16.4541 3.01173 27.0132
    endloop
  endfacet
  facet normal -0.745622 -0.2279 -0.626187
    outer loop
      vertex 16.0328 5.73926 28.6594
      vertex 15.8385 3.93423 29.5477
      vertex 15.8385 5.81361 28.8637
    endloop
  endfacet
  facet normal -0.745627 -0.227897 -0.626181
    outer loop
      vertex 15.8385 3.93423 29.5477
      vertex 16.0328 5.73926 28.6594
      vertex 16.0328 3.85987 29.3434
    endloop
  endfacet
  facet normal -0.81565 -0.197864 -0.543659
    outer loop
      vertex 16.2015 5.65793 28.4359
      vertex 16.0328 3.85987 29.3434
      vertex 16.0328 5.73926 28.6594
    endloop
  endfacet
  facet normal -0.815542 -0.197941 -0.543793
    outer loop
      vertex 16.0328 3.85987 29.3434
      vertex 16.2015 5.65793 28.4359
      vertex 16.2015 3.77854 29.12
    endloop
  endfacet
  facet normal -0.923839 -0.130928 -0.359692
    outer loop
      vertex 16.4541 5.47852 27.943
      vertex 16.3425 3.69126 28.8802
      vertex 16.3425 5.57065 28.1961
    endloop
  endfacet
  facet normal -0.923887 -0.130872 -0.359591
    outer loop
      vertex 16.3425 3.69126 28.8802
      vertex 16.4541 5.47852 27.943
      vertex 16.4541 3.59913 28.627
    endloop
  endfacet
  facet normal -0.875279 -0.165419 -0.454448
    outer loop
      vertex 16.3425 5.57065 28.1961
      vertex 16.2015 3.77854 29.12
      vertex 16.2015 5.65793 28.4359
    endloop
  endfacet
  facet normal -0.875279 -0.165419 -0.454448
    outer loop
      vertex 16.2015 3.77854 29.12
      vertex 16.3425 5.57065 28.1961
      vertex 16.3425 3.69126 28.8802
    endloop
  endfacet
  facet normal 0.923839 -0.130928 -0.359692
    outer loop
      vertex 11.6575 3.69126 28.8802
      vertex 11.5459 5.47852 27.943
      vertex 11.6575 5.57065 28.1961
    endloop
  endfacet
  facet normal 0.923887 -0.130872 -0.359591
    outer loop
      vertex 11.5459 5.47852 27.943
      vertex 11.6575 3.69126 28.8802
      vertex 11.5459 3.59913 28.627
    endloop
  endfacet
  facet normal -4.91457e-05 0.939691 -0.342025
    outer loop
      vertex 14.2911 2.42177 25.3923
      vertex 14 4.19468 30.2633
      vertex 14.2911 4.18909 30.2479
    endloop
  endfacet
  facet normal -2.11823e-05 0.939691 -0.342025
    outer loop
      vertex 14.2911 2.42177 25.3923
      vertex 14.2911 4.18909 30.2479
      vertex 14.5786 4.17239 30.202
    endloop
  endfacet
  facet normal 4.8836e-05 0.939693 -0.342019
    outer loop
      vertex 14 2.41618 25.3769
      vertex 14 4.19468 30.2633
      vertex 14.2911 2.42177 25.3923
    endloop
  endfacet
  facet normal 7.10568e-05 0.939693 -0.342019
    outer loop
      vertex 14.5786 2.43848 25.4381
      vertex 14.5786 4.17239 30.202
      vertex 14.8587 4.14478 30.1262
    endloop
  endfacet
  facet normal 4.8836e-05 0.939693 -0.342019
    outer loop
      vertex 14 4.19468 30.2633
      vertex 14 2.41618 25.3769
      vertex 13.7089 4.18909 30.2479
    endloop
  endfacet
  facet normal -7.11489e-05 0.939693 -0.34202
    outer loop
      vertex 14.8587 2.46608 25.514
      vertex 14.8587 4.14478 30.1262
      vertex 15.1281 4.10662 30.0213
    endloop
  endfacet
  facet normal -4.91457e-05 0.939691 -0.342025
    outer loop
      vertex 13.7089 2.42177 25.3923
      vertex 13.7089 4.18909 30.2479
      vertex 14 2.41618 25.3769
    endloop
  endfacet
  facet normal 5.12285e-05 0.939693 -0.34202
    outer loop
      vertex 15.1281 2.50424 25.6188
      vertex 15.1281 4.10662 30.0213
      vertex 15.3833 4.05838 29.8888
    endloop
  endfacet
  facet normal 2.11823e-05 0.939691 -0.342025
    outer loop
      vertex 13.7089 4.18909 30.2479
      vertex 13.7089 2.42177 25.3923
      vertex 13.4214 4.17239 30.202
    endloop
  endfacet
  facet normal 4.09067e-05 0.939692 -0.342022
    outer loop
      vertex 15.3833 2.55248 25.7514
      vertex 15.3833 4.05838 29.8888
      vertex 15.6211 4.00068 29.7303
    endloop
  endfacet
  facet normal 0.000131519 0.939693 -0.342019
    outer loop
      vertex 13.4214 2.43848 25.4381
      vertex 13.4214 4.17239 30.202
      vertex 13.7089 2.42177 25.3923
    endloop
  endfacet
  facet normal -4.49089e-05 0.939694 -0.342018
    outer loop
      vertex 15.3833 2.55248 25.7514
      vertex 15.6211 4.00068 29.7303
      vertex 15.8385 3.93423 29.5477
    endloop
  endfacet
  facet normal -7.10568e-05 0.939693 -0.342019
    outer loop
      vertex 13.4214 4.17239 30.202
      vertex 13.4214 2.43848 25.4381
      vertex 13.1413 4.14478 30.1262
    endloop
  endfacet
  facet normal 6.79966e-06 0.939693 -0.342018
    outer loop
      vertex 15.6211 2.61019 25.9099
      vertex 15.8385 3.93423 29.5477
      vertex 16.0328 3.85987 29.3434
    endloop
  endfacet
  facet normal -8.48204e-05 0.939693 -0.34202
    outer loop
      vertex 13.1413 2.46608 25.514
      vertex 13.1413 4.14478 30.1262
      vertex 13.4214 2.43848 25.4381
    endloop
  endfacet
  facet normal 9.52605e-05 0.93969 -0.342027
    outer loop
      vertex 15.6211 2.61019 25.9099
      vertex 16.0328 3.85987 29.3434
      vertex 16.2015 3.77854 29.12
    endloop
  endfacet
  facet normal 7.11489e-05 0.939693 -0.34202
    outer loop
      vertex 13.1413 4.14478 30.1262
      vertex 13.1413 2.46608 25.514
      vertex 12.8719 4.10662 30.0213
    endloop
  endfacet
  facet normal 1.14293e-05 0.939695 -0.342014
    outer loop
      vertex 15.6211 2.61019 25.9099
      vertex 16.2015 3.77854 29.12
      vertex 16.3425 3.69126 28.8802
    endloop
  endfacet
  facet normal 5.54419e-05 0.939693 -0.34202
    outer loop
      vertex 12.8719 2.50424 25.6188
      vertex 12.8719 4.10662 30.0213
      vertex 13.1413 2.46608 25.514
    endloop
  endfacet
  facet normal -0.000133761 0.939706 -0.341983
    outer loop
      vertex 15.6211 2.61019 25.9099
      vertex 16.3425 3.69126 28.8802
      vertex 16.4541 3.59913 28.627
    endloop
  endfacet
  facet normal -5.12285e-05 0.939693 -0.34202
    outer loop
      vertex 12.8719 4.10662 30.0213
      vertex 12.8719 2.50424 25.6188
      vertex 12.6167 4.05838 29.8888
    endloop
  endfacet
  facet normal 0.000136102 0.93968 -0.342056
    outer loop
      vertex 15.6211 2.61019 25.9099
      vertex 16.4541 3.59913 28.627
      vertex 16.5348 3.50331 28.3638
    endloop
  endfacet
  facet normal -4.09067e-05 0.939692 -0.342022
    outer loop
      vertex 12.6167 4.05838 29.8888
      vertex 12.6167 2.55248 25.7514
      vertex 12.3789 4.00068 29.7303
    endloop
  endfacet
  facet normal -0.000200084 0.93972 -0.341945
    outer loop
      vertex 15.6211 2.61019 25.9099
      vertex 16.5348 3.50331 28.3638
      vertex 16.5837 3.405 28.0936
    endloop
  endfacet
  facet normal 4.49089e-05 0.939694 -0.342018
    outer loop
      vertex 12.3789 4.00068 29.7303
      vertex 12.6167 2.55248 25.7514
      vertex 12.1615 3.93423 29.5477
    endloop
  endfacet
  facet normal 0.000158696 0.939669 -0.342085
    outer loop
      vertex 15.6211 2.61019 25.9099
      vertex 16.5837 3.405 28.0936
      vertex 16.6 3.30543 27.8201
    endloop
  endfacet
  facet normal 8.72233e-05 0.939695 -0.342013
    outer loop
      vertex 12.3789 2.61019 25.9099
      vertex 12.1615 3.93423 29.5477
      vertex 12.6167 2.55248 25.7514
    endloop
  endfacet
  facet normal -0.000151473 0.93972 -0.341945
    outer loop
      vertex 15.6211 2.61019 25.9099
      vertex 16.6 3.30543 27.8201
      vertex 16.5837 3.20587 27.5465
    endloop
  endfacet
  facet normal -0.000131519 0.939693 -0.342019
    outer loop
      vertex 14.5786 4.17239 30.202
      vertex 14.5786 2.43848 25.4381
      vertex 14.2911 2.42177 25.3923
    endloop
  endfacet
  facet normal 5.10654e-06 0.93969 -0.342026
    outer loop
      vertex 15.6211 2.61019 25.9099
      vertex 16.5837 3.20587 27.5465
      vertex 16.5348 3.10756 27.2764
    endloop
  endfacet
  facet normal -6.79966e-06 0.939693 -0.342018
    outer loop
      vertex 12.1615 3.93423 29.5477
      vertex 12.3789 2.61019 25.9099
      vertex 11.9672 3.85987 29.3434
    endloop
  endfacet
  facet normal 0.000316873 0.939623 -0.34221
    outer loop
      vertex 15.6211 2.61019 25.9099
      vertex 16.5348 3.10756 27.2764
      vertex 16.4541 3.01173 27.0132
    endloop
  endfacet
  facet normal -9.52605e-05 0.93969 -0.342027
    outer loop
      vertex 11.9672 3.85987 29.3434
      vertex 12.3789 2.61019 25.9099
      vertex 11.7985 3.77854 29.12
    endloop
  endfacet
  facet normal -0.000685665 0.939822 -0.341664
    outer loop
      vertex 16.2015 2.83232 26.5202
      vertex 16.4541 3.01173 27.0132
      vertex 16.3425 2.9196 26.76
    endloop
  endfacet
  facet normal -0.000544655 0.939799 -0.341728
    outer loop
      vertex 16.0328 2.75099 26.2968
      vertex 16.4541 3.01173 27.0132
      vertex 16.2015 2.83232 26.5202
    endloop
  endfacet
  facet normal 8.56459e-05 0.93968 -0.342055
    outer loop
      vertex 15.8385 2.67664 26.0925
      vertex 16.4541 3.01173 27.0132
      vertex 16.0328 2.75099 26.2968
    endloop
  endfacet
  facet normal 0.000685665 0.939822 -0.341664
    outer loop
      vertex 11.5459 3.01173 27.0132
      vertex 11.7985 2.83232 26.5202
      vertex 11.6575 2.9196 26.76
    endloop
  endfacet
  facet normal 7.40917e-05 0.939682 -0.342048
    outer loop
      vertex 15.6211 2.61019 25.9099
      vertex 16.4541 3.01173 27.0132
      vertex 15.8385 2.67664 26.0925
    endloop
  endfacet
  facet normal 0.000544655 0.939799 -0.341728
    outer loop
      vertex 11.5459 3.01173 27.0132
      vertex 11.9672 2.75099 26.2968
      vertex 11.7985 2.83232 26.5202
    endloop
  endfacet
  facet normal -8.72233e-05 0.939695 -0.342013
    outer loop
      vertex 15.8385 3.93423 29.5477
      vertex 15.6211 2.61019 25.9099
      vertex 15.3833 2.55248 25.7514
    endloop
  endfacet
  facet normal -8.56459e-05 0.93968 -0.342055
    outer loop
      vertex 11.5459 3.01173 27.0132
      vertex 12.1615 2.67664 26.0925
      vertex 11.9672 2.75099 26.2968
    endloop
  endfacet
  facet normal 8.38035e-05 0.939692 -0.342022
    outer loop
      vertex 15.3833 4.05838 29.8888
      vertex 15.3833 2.55248 25.7514
      vertex 15.1281 2.50424 25.6188
    endloop
  endfacet
  facet normal -7.40917e-05 0.939682 -0.342048
    outer loop
      vertex 11.5459 3.01173 27.0132
      vertex 12.3789 2.61019 25.9099
      vertex 12.1615 2.67664 26.0925
    endloop
  endfacet
  facet normal -5.54419e-05 0.939693 -0.34202
    outer loop
      vertex 15.1281 4.10662 30.0213
      vertex 15.1281 2.50424 25.6188
      vertex 14.8587 2.46608 25.514
    endloop
  endfacet
  facet normal -0.000316873 0.939623 -0.34221
    outer loop
      vertex 11.4652 3.10756 27.2764
      vertex 12.3789 2.61019 25.9099
      vertex 11.5459 3.01173 27.0132
    endloop
  endfacet
  facet normal 8.48204e-05 0.939693 -0.34202
    outer loop
      vertex 14.8587 4.14478 30.1262
      vertex 14.8587 2.46608 25.514
      vertex 14.5786 2.43848 25.4381
    endloop
  endfacet
  facet normal -5.10654e-06 0.93969 -0.342026
    outer loop
      vertex 11.4163 3.20587 27.5465
      vertex 12.3789 2.61019 25.9099
      vertex 11.4652 3.10756 27.2764
    endloop
  endfacet
  facet normal -0.000136102 0.93968 -0.342056
    outer loop
      vertex 11.5459 3.59913 28.627
      vertex 12.3789 2.61019 25.9099
      vertex 11.4652 3.50331 28.3638
    endloop
  endfacet
  facet normal 0.000151473 0.93972 -0.341945
    outer loop
      vertex 11.4 3.30543 27.8201
      vertex 12.3789 2.61019 25.9099
      vertex 11.4163 3.20587 27.5465
    endloop
  endfacet
  facet normal 0.000200084 0.93972 -0.341945
    outer loop
      vertex 11.4652 3.50331 28.3638
      vertex 12.3789 2.61019 25.9099
      vertex 11.4163 3.405 28.0936
    endloop
  endfacet
  facet normal -0.000158696 0.939669 -0.342085
    outer loop
      vertex 11.4163 3.405 28.0936
      vertex 12.3789 2.61019 25.9099
      vertex 11.4 3.30543 27.8201
    endloop
  endfacet
  facet normal 0.000133761 0.939706 -0.341983
    outer loop
      vertex 11.6575 3.69126 28.8802
      vertex 12.3789 2.61019 25.9099
      vertex 11.5459 3.59913 28.627
    endloop
  endfacet
  facet normal -1.14293e-05 0.939695 -0.342014
    outer loop
      vertex 11.7985 3.77854 29.12
      vertex 12.3789 2.61019 25.9099
      vertex 11.6575 3.69126 28.8802
    endloop
  endfacet
  facet normal -8.38035e-05 0.939692 -0.342022
    outer loop
      vertex 12.6167 2.55248 25.7514
      vertex 12.6167 4.05838 29.8888
      vertex 12.8719 2.50424 25.6188
    endloop
  endfacet
  facet normal -0.382789 -0.315953 -0.868128
    outer loop
      vertex 14.8587 4.14478 30.1262
      vertex 15.1281 5.98601 29.3373
      vertex 15.1281 4.10662 30.0213
    endloop
  endfacet
  facet normal -0.382514 -0.316033 -0.86822
    outer loop
      vertex 15.1281 5.98601 29.3373
      vertex 14.8587 4.14478 30.1262
      vertex 14.8587 6.02417 29.4421
    endloop
  endfacet
  facet normal -0.276761 -0.328685 -0.902978
    outer loop
      vertex 14.5786 4.17239 30.202
      vertex 14.8587 6.02417 29.4421
      vertex 14.8587 4.14478 30.1262
    endloop
  endfacet
  facet normal -0.277048 -0.328616 -0.902915
    outer loop
      vertex 14.8587 6.02417 29.4421
      vertex 14.5786 4.17239 30.202
      vertex 14.5786 6.05177 29.518
    endloop
  endfacet
  facet normal -0.666413 -0.254992 -0.700624
    outer loop
      vertex 15.6211 4.00068 29.7303
      vertex 15.8385 5.81361 28.8637
      vertex 15.8385 3.93423 29.5477
    endloop
  endfacet
  facet normal -0.666233 -0.25508 -0.700762
    outer loop
      vertex 15.8385 5.81361 28.8637
      vertex 15.6211 4.00068 29.7303
      vertex 15.6211 5.88006 29.0462
    endloop
  endfacet
  facet normal -0.960938 -0.094654 -0.260076
    outer loop
      vertex 16.5348 5.3827 27.6797
      vertex 16.4541 3.59913 28.627
      vertex 16.4541 5.47852 27.943
    endloop
  endfacet
  facet normal -0.960913 -0.0946955 -0.260152
    outer loop
      vertex 16.4541 3.59913 28.627
      vertex 16.5348 5.3827 27.6797
      vertex 16.5348 3.50331 28.3638
    endloop
  endfacet
  facet normal 0.167491 -0.337172 -0.926424
    outer loop
      vertex 13.4214 6.05177 29.518
      vertex 13.7089 4.18909 30.2479
      vertex 13.4214 4.17239 30.202
    endloop
  endfacet
  facet normal 0.167502 -0.33717 -0.926423
    outer loop
      vertex 13.7089 4.18909 30.2479
      vertex 13.4214 6.05177 29.518
      vertex 13.7089 6.06848 29.5639
    endloop
  endfacet
  facet normal 0.745622 -0.2279 -0.626187
    outer loop
      vertex 12.1615 3.93423 29.5477
      vertex 11.9672 5.73926 28.6594
      vertex 12.1615 5.81361 28.8637
    endloop
  endfacet
  facet normal 0.745627 -0.227897 -0.626181
    outer loop
      vertex 11.9672 5.73926 28.6594
      vertex 12.1615 3.93423 29.5477
      vertex 11.9672 3.85987 29.3434
    endloop
  endfacet
  facet normal 0.666413 -0.254992 -0.700624
    outer loop
      vertex 12.1615 5.81361 28.8637
      vertex 12.3789 4.00068 29.7303
      vertex 12.1615 3.93423 29.5477
    endloop
  endfacet
  facet normal 0.666233 -0.25508 -0.700762
    outer loop
      vertex 12.3789 4.00068 29.7303
      vertex 12.1615 5.81361 28.8637
      vertex 12.3789 5.88006 29.0462
    endloop
  endfacet
  facet normal 0.985836 -0.0573658 -0.157598
    outer loop
      vertex 11.4652 3.50331 28.3638
      vertex 11.4163 5.28438 27.4096
      vertex 11.4652 5.3827 27.6797
    endloop
  endfacet
  facet normal 0.985844 -0.0573411 -0.157552
    outer loop
      vertex 11.4163 5.28438 27.4096
      vertex 11.4652 3.50331 28.3638
      vertex 11.4163 3.405 28.0936
    endloop
  endfacet
  facet normal 0.998436 -0.0191231 -0.0525433
    outer loop
      vertex 11.4163 3.405 28.0936
      vertex 11.4 5.18482 27.1361
      vertex 11.4163 5.28438 27.4096
    endloop
  endfacet
  facet normal 0.998436 -0.0191228 -0.0525427
    outer loop
      vertex 11.4 5.18482 27.1361
      vertex 11.4163 3.405 28.0936
      vertex 11.4 3.30543 27.8201
    endloop
  endfacet
  facet normal -0.578552 -0.278989 -0.766448
    outer loop
      vertex 15.3833 4.05838 29.8888
      vertex 15.6211 5.88006 29.0462
      vertex 15.6211 4.00068 29.7303
    endloop
  endfacet
  facet normal -0.578774 -0.278898 -0.766313
    outer loop
      vertex 15.6211 5.88006 29.0462
      vertex 15.3833 4.05838 29.8888
      vertex 15.3833 5.93777 29.2048
    endloop
  endfacet
  facet normal -0.483625 -0.299346 -0.822496
    outer loop
      vertex 15.1281 4.10662 30.0213
      vertex 15.3833 5.93777 29.2048
      vertex 15.3833 4.05838 29.8888
    endloop
  endfacet
  facet normal -0.483625 -0.299346 -0.822496
    outer loop
      vertex 15.3833 5.93777 29.2048
      vertex 15.1281 4.10662 30.0213
      vertex 15.1281 5.98601 29.3373
    endloop
  endfacet
  facet normal 0.382789 -0.315953 -0.868128
    outer loop
      vertex 12.8719 5.98601 29.3373
      vertex 13.1413 4.14478 30.1262
      vertex 12.8719 4.10662 30.0213
    endloop
  endfacet
  facet normal 0.382514 -0.316033 -0.86822
    outer loop
      vertex 13.1413 4.14478 30.1262
      vertex 12.8719 5.98601 29.3373
      vertex 13.1413 6.02417 29.4421
    endloop
  endfacet
  facet normal 0.0561913 -0.341461 -0.938215
    outer loop
      vertex 13.7089 6.06848 29.5639
      vertex 14 4.19468 30.2633
      vertex 13.7089 4.18909 30.2479
    endloop
  endfacet
  facet normal 0.0561913 -0.341461 -0.938215
    outer loop
      vertex 14 4.19468 30.2633
      vertex 13.7089 6.06848 29.5639
      vertex 14 6.07407 29.5793
    endloop
  endfacet
  facet normal 0.81565 -0.197864 -0.543659
    outer loop
      vertex 11.9672 3.85987 29.3434
      vertex 11.7985 5.65793 28.4359
      vertex 11.9672 5.73926 28.6594
    endloop
  endfacet
  facet normal 0.815542 -0.197941 -0.543793
    outer loop
      vertex 11.7985 5.65793 28.4359
      vertex 11.9672 3.85987 29.3434
      vertex 11.7985 3.77854 29.12
    endloop
  endfacet
  facet normal 0.483625 -0.299346 -0.822496
    outer loop
      vertex 12.6167 5.93777 29.2048
      vertex 12.8719 4.10662 30.0213
      vertex 12.6167 4.05838 29.8888
    endloop
  endfacet
  facet normal 0.483625 -0.299346 -0.822496
    outer loop
      vertex 12.8719 4.10662 30.0213
      vertex 12.6167 5.93777 29.2048
      vertex 12.8719 5.98601 29.3373
    endloop
  endfacet
  facet normal 0.578552 -0.278989 -0.766448
    outer loop
      vertex 12.3789 5.88006 29.0462
      vertex 12.6167 4.05838 29.8888
      vertex 12.3789 4.00068 29.7303
    endloop
  endfacet
  facet normal 0.578774 -0.278898 -0.766313
    outer loop
      vertex 12.6167 4.05838 29.8888
      vertex 12.3789 5.88006 29.0462
      vertex 12.6167 5.93777 29.2048
    endloop
  endfacet
  facet normal 0.276761 -0.328685 -0.902978
    outer loop
      vertex 13.1413 6.02417 29.4421
      vertex 13.4214 4.17239 30.202
      vertex 13.1413 4.14478 30.1262
    endloop
  endfacet
  facet normal 0.277048 -0.328616 -0.902915
    outer loop
      vertex 13.4214 4.17239 30.202
      vertex 13.1413 6.02417 29.4421
      vertex 13.4214 6.05177 29.518
    endloop
  endfacet
  facet normal -0.875279 0.165398 0.454455
    outer loop
      vertex 34.7015 4.71171 25.8362
      vertex 34.8425 2.9196 26.76
      vertex 34.8425 4.79899 26.076
    endloop
  endfacet
  facet normal -0.875279 0.165398 0.454455
    outer loop
      vertex 34.8425 2.9196 26.76
      vertex 34.7015 4.71171 25.8362
      vertex 34.7015 2.83232 26.5202
    endloop
  endfacet
  facet normal -0.277059 0.328613 0.902913
    outer loop
      vertex 33.0786 4.31786 24.7541
      vertex 33.3587 2.46608 25.514
      vertex 33.3587 4.34547 24.83
    endloop
  endfacet
  facet normal -0.277048 0.328616 0.902915
    outer loop
      vertex 33.3587 2.46608 25.514
      vertex 33.0786 4.31786 24.7541
      vertex 33.0786 2.43848 25.4381
    endloop
  endfacet
  facet normal 0.382514 0.315992 0.868235
    outer loop
      vertex 31.3719 2.50424 25.6188
      vertex 31.6413 4.34547 24.83
      vertex 31.3719 4.38363 24.9348
    endloop
  endfacet
  facet normal 0.382514 0.315992 0.868235
    outer loop
      vertex 31.6413 4.34547 24.83
      vertex 31.3719 2.50424 25.6188
      vertex 31.6413 2.46608 25.514
    endloop
  endfacet
  facet normal 0.923839 0.130928 0.359692
    outer loop
      vertex 30.0459 3.01173 27.0132
      vertex 30.1575 4.79899 26.076
      vertex 30.0459 4.89112 26.3291
    endloop
  endfacet
  facet normal 0.923887 0.130872 0.359591
    outer loop
      vertex 30.1575 4.79899 26.076
      vertex 30.0459 3.01173 27.0132
      vertex 30.1575 2.9196 26.76
    endloop
  endfacet
  facet normal -0.998436 -0.0191231 -0.0525433
    outer loop
      vertex 35.1 5.18482 27.1361
      vertex 35.0837 3.405 28.0936
      vertex 35.0837 5.28438 27.4096
    endloop
  endfacet
  facet normal -0.998436 -0.0191228 -0.0525427
    outer loop
      vertex 35.0837 3.405 28.0936
      vertex 35.1 5.18482 27.1361
      vertex 35.1 3.30543 27.8201
    endloop
  endfacet
  facet normal -0.382789 -0.315953 -0.868128
    outer loop
      vertex 33.3587 4.14478 30.1262
      vertex 33.6281 5.98601 29.3373
      vertex 33.6281 4.10662 30.0213
    endloop
  endfacet
  facet normal -0.382514 -0.316033 -0.86822
    outer loop
      vertex 33.6281 5.98601 29.3373
      vertex 33.3587 4.14478 30.1262
      vertex 33.3587 6.02417 29.4421
    endloop
  endfacet
  facet normal -0.05587 0.341511 0.938216
    outer loop
      vertex 32.5 4.29557 24.6929
      vertex 32.7911 2.42177 25.3923
      vertex 32.7911 4.30116 24.7082
    endloop
  endfacet
  facet normal -0.0561913 0.341461 0.938215
    outer loop
      vertex 32.7911 2.42177 25.3923
      vertex 32.5 4.29557 24.6929
      vertex 32.5 2.41618 25.3769
    endloop
  endfacet
  facet normal 0.998437 0.0191167 0.0525258
    outer loop
      vertex 29.9 3.30543 27.8201
      vertex 29.9163 5.08525 26.8625
      vertex 29.9 5.18482 27.1361
    endloop
  endfacet
  facet normal 0.998437 0.019117 0.0525264
    outer loop
      vertex 29.9163 5.08525 26.8625
      vertex 29.9 3.30543 27.8201
      vertex 29.9163 3.20587 27.5465
    endloop
  endfacet
  facet normal 0.985835 0.0573593 0.157602
    outer loop
      vertex 29.9163 3.20587 27.5465
      vertex 29.9652 4.98694 26.5924
      vertex 29.9163 5.08525 26.8625
    endloop
  endfacet
  facet normal 0.985835 0.0573593 0.157602
    outer loop
      vertex 29.9652 4.98694 26.5924
      vertex 29.9163 3.20587 27.5465
      vertex 29.9652 3.10756 27.2764
    endloop
  endfacet
  facet normal 0.81565 0.197864 0.543659
    outer loop
      vertex 30.2985 2.83232 26.5202
      vertex 30.4672 4.63038 25.6127
      vertex 30.2985 4.71171 25.8362
    endloop
  endfacet
  facet normal 0.815542 0.197941 0.543793
    outer loop
      vertex 30.4672 4.63038 25.6127
      vertex 30.2985 2.83232 26.5202
      vertex 30.4672 2.75099 26.2968
    endloop
  endfacet
  facet normal 0.167491 0.337172 0.926424
    outer loop
      vertex 31.9214 2.43848 25.4381
      vertex 32.2089 4.30116 24.7082
      vertex 31.9214 4.31786 24.7541
    endloop
  endfacet
  facet normal 0.167189 0.337231 0.926457
    outer loop
      vertex 32.2089 4.30116 24.7082
      vertex 31.9214 2.43848 25.4381
      vertex 32.2089 2.42177 25.3923
    endloop
  endfacet
  facet normal 0.666233 0.25508 0.700762
    outer loop
      vertex 30.6615 2.67664 26.0925
      vertex 30.8789 4.48957 25.2259
      vertex 30.6615 4.55602 25.4084
    endloop
  endfacet
  facet normal 0.666413 0.254992 0.700624
    outer loop
      vertex 30.8789 4.48957 25.2259
      vertex 30.6615 2.67664 26.0925
      vertex 30.8789 2.61019 25.9099
    endloop
  endfacet
  facet normal -0.985836 -0.0573658 -0.157598
    outer loop
      vertex 35.0837 5.28438 27.4096
      vertex 35.0348 3.50331 28.3638
      vertex 35.0348 5.3827 27.6797
    endloop
  endfacet
  facet normal -0.985844 -0.0573411 -0.157552
    outer loop
      vertex 35.0348 3.50331 28.3638
      vertex 35.0837 5.28438 27.4096
      vertex 35.0837 3.405 28.0936
    endloop
  endfacet
  facet normal 0.167491 -0.337172 -0.926424
    outer loop
      vertex 31.9214 6.05177 29.518
      vertex 32.2089 4.18909 30.2479
      vertex 31.9214 4.17239 30.202
    endloop
  endfacet
  facet normal 0.167502 -0.33717 -0.926423
    outer loop
      vertex 32.2089 4.18909 30.2479
      vertex 31.9214 6.05177 29.518
      vertex 32.2089 6.06848 29.5639
    endloop
  endfacet
  facet normal -0.276761 -0.328685 -0.902978
    outer loop
      vertex 33.0786 4.17239 30.202
      vertex 33.3587 6.02417 29.4421
      vertex 33.3587 4.14478 30.1262
    endloop
  endfacet
  facet normal -0.277048 -0.328616 -0.902915
    outer loop
      vertex 33.3587 6.02417 29.4421
      vertex 33.0786 4.17239 30.202
      vertex 33.0786 6.05177 29.518
    endloop
  endfacet
  facet normal -0.81565 0.197864 0.543659
    outer loop
      vertex 34.5328 4.63038 25.6127
      vertex 34.7015 2.83232 26.5202
      vertex 34.7015 4.71171 25.8362
    endloop
  endfacet
  facet normal -0.815542 0.197941 0.543793
    outer loop
      vertex 34.7015 2.83232 26.5202
      vertex 34.5328 4.63038 25.6127
      vertex 34.5328 2.75099 26.2968
    endloop
  endfacet
  facet normal -0.666233 0.25508 0.700762
    outer loop
      vertex 34.1211 4.48957 25.2259
      vertex 34.3385 2.67664 26.0925
      vertex 34.3385 4.55602 25.4084
    endloop
  endfacet
  facet normal -0.666413 0.254992 0.700624
    outer loop
      vertex 34.3385 2.67664 26.0925
      vertex 34.1211 4.48957 25.2259
      vertex 34.1211 2.61019 25.9099
    endloop
  endfacet
  facet normal 0.05587 0.341511 0.938216
    outer loop
      vertex 32.2089 2.42177 25.3923
      vertex 32.5 4.29557 24.6929
      vertex 32.2089 4.30116 24.7082
    endloop
  endfacet
  facet normal 0.0561913 0.341461 0.938215
    outer loop
      vertex 32.5 4.29557 24.6929
      vertex 32.2089 2.42177 25.3923
      vertex 32.5 2.41618 25.3769
    endloop
  endfacet
  facet normal -0.167491 0.337172 0.926424
    outer loop
      vertex 32.7911 4.30116 24.7082
      vertex 33.0786 2.43848 25.4381
      vertex 33.0786 4.31786 24.7541
    endloop
  endfacet
  facet normal -0.167189 0.337231 0.926457
    outer loop
      vertex 33.0786 2.43848 25.4381
      vertex 32.7911 4.30116 24.7082
      vertex 32.7911 2.42177 25.3923
    endloop
  endfacet
  facet normal -0.578766 0.278901 0.766318
    outer loop
      vertex 33.8833 4.43187 25.0673
      vertex 34.1211 2.61019 25.9099
      vertex 34.1211 4.48957 25.2259
    endloop
  endfacet
  facet normal -0.57856 0.278986 0.766443
    outer loop
      vertex 34.1211 2.61019 25.9099
      vertex 33.8833 4.43187 25.0673
      vertex 33.8833 2.55248 25.7514
    endloop
  endfacet
  facet normal -0.483625 0.299384 0.822482
    outer loop
      vertex 33.6281 4.38363 24.9348
      vertex 33.8833 2.55248 25.7514
      vertex 33.8833 4.43187 25.0673
    endloop
  endfacet
  facet normal -0.483872 0.299299 0.822367
    outer loop
      vertex 33.8833 2.55248 25.7514
      vertex 33.6281 4.38363 24.9348
      vertex 33.6281 2.50424 25.6188
    endloop
  endfacet
  facet normal 0.960938 0.0946544 0.260076
    outer loop
      vertex 29.9652 3.10756 27.2764
      vertex 30.0459 4.89112 26.3291
      vertex 29.9652 4.98694 26.5924
    endloop
  endfacet
  facet normal 0.960914 0.0946945 0.260149
    outer loop
      vertex 30.0459 4.89112 26.3291
      vertex 29.9652 3.10756 27.2764
      vertex 30.0459 3.01173 27.0132
    endloop
  endfacet
  facet normal -4.87732e-05 -0.939693 0.342018
    outer loop
      vertex 32.2089 4.30116 24.7082
      vertex 32.5 6.07407 29.5793
      vertex 32.2089 6.06848 29.5639
    endloop
  endfacet
  facet normal 1.26272e-05 -0.939693 0.342018
    outer loop
      vertex 32.2089 4.30116 24.7082
      vertex 32.2089 6.06848 29.5639
      vertex 31.9214 6.05177 29.518
    endloop
  endfacet
  facet normal -6.86561e-05 -0.939693 0.342019
    outer loop
      vertex 32.5 4.29557 24.6929
      vertex 32.5 6.07407 29.5793
      vertex 32.2089 4.30116 24.7082
    endloop
  endfacet
  facet normal -8.45976e-05 -0.939693 0.342019
    outer loop
      vertex 31.9214 4.31786 24.7541
      vertex 31.9214 6.05177 29.518
      vertex 31.6413 6.02417 29.4421
    endloop
  endfacet
  facet normal 4.8836e-05 -0.939693 0.342019
    outer loop
      vertex 32.5 6.07407 29.5793
      vertex 32.5 4.29557 24.6929
      vertex 32.7911 6.06848 29.5639
    endloop
  endfacet
  facet normal 5.29222e-05 -0.93969 0.342026
    outer loop
      vertex 31.6413 4.34547 24.83
      vertex 31.6413 6.02417 29.4421
      vertex 31.3719 5.98601 29.3373
    endloop
  endfacet
  facet normal 6.87185e-05 -0.939693 0.342018
    outer loop
      vertex 32.7911 4.30116 24.7082
      vertex 32.7911 6.06848 29.5639
      vertex 32.5 4.29557 24.6929
    endloop
  endfacet
  facet normal 5.12285e-05 -0.939693 0.34202
    outer loop
      vertex 31.3719 4.38363 24.9348
      vertex 31.3719 5.98601 29.3373
      vertex 31.1167 5.93777 29.2048
    endloop
  endfacet
  facet normal -1.26272e-05 -0.939693 0.342018
    outer loop
      vertex 32.7911 6.06848 29.5639
      vertex 32.7911 4.30116 24.7082
      vertex 33.0786 6.05177 29.518
    endloop
  endfacet
  facet normal -5.78918e-05 -0.939695 0.342015
    outer loop
      vertex 31.1167 4.43187 25.0673
      vertex 31.1167 5.93777 29.2048
      vertex 30.8789 5.88006 29.0462
    endloop
  endfacet
  facet normal -2.01294e-05 -0.939693 0.342019
    outer loop
      vertex 33.0786 4.31786 24.7541
      vertex 33.0786 6.05177 29.518
      vertex 32.7911 4.30116 24.7082
    endloop
  endfacet
  facet normal 0.000106785 -0.939691 0.342023
    outer loop
      vertex 31.1167 4.43187 25.0673
      vertex 30.8789 5.88006 29.0462
      vertex 30.6615 5.81361 28.8637
    endloop
  endfacet
  facet normal 8.45976e-05 -0.939693 0.342019
    outer loop
      vertex 33.0786 6.05177 29.518
      vertex 33.0786 4.31786 24.7541
      vertex 33.3587 6.02417 29.4421
    endloop
  endfacet
  facet normal -3.87041e-05 -0.939694 0.342016
    outer loop
      vertex 30.8789 4.48957 25.2259
      vertex 30.6615 5.81361 28.8637
      vertex 30.4672 5.73926 28.6594
    endloop
  endfacet
  facet normal -5.32813e-05 -0.93969 0.342026
    outer loop
      vertex 33.3587 4.34547 24.83
      vertex 33.3587 6.02417 29.4421
      vertex 33.0786 4.31786 24.7541
    endloop
  endfacet
  facet normal -8.28197e-05 -0.939696 0.342011
    outer loop
      vertex 30.8789 4.48957 25.2259
      vertex 30.4672 5.73926 28.6594
      vertex 30.2985 5.65793 28.4359
    endloop
  endfacet
  facet normal -5.29222e-05 -0.93969 0.342026
    outer loop
      vertex 33.3587 6.02417 29.4421
      vertex 33.3587 4.34547 24.83
      vertex 33.6281 5.98601 29.3373
    endloop
  endfacet
  facet normal -6.23719e-06 -0.939692 0.342023
    outer loop
      vertex 30.8789 4.48957 25.2259
      vertex 30.2985 5.65793 28.4359
      vertex 30.1575 5.57065 28.1961
    endloop
  endfacet
  facet normal 5.54419e-05 -0.939693 0.34202
    outer loop
      vertex 33.6281 4.38363 24.9348
      vertex 33.6281 5.98601 29.3373
      vertex 33.3587 4.34547 24.83
    endloop
  endfacet
  facet normal 4.23687e-05 -0.939688 0.342034
    outer loop
      vertex 30.8789 4.48957 25.2259
      vertex 30.1575 5.57065 28.1961
      vertex 30.0459 5.47852 27.943
    endloop
  endfacet
  facet normal -5.12285e-05 -0.939693 0.34202
    outer loop
      vertex 33.6281 5.98601 29.3373
      vertex 33.6281 4.38363 24.9348
      vertex 33.8833 5.93777 29.2048
    endloop
  endfacet
  facet normal -8.1443e-05 -0.9397 0.342
    outer loop
      vertex 30.8789 4.48957 25.2259
      vertex 30.0459 5.47852 27.943
      vertex 29.9652 5.3827 27.6797
    endloop
  endfacet
  facet normal 5.78918e-05 -0.939695 0.342015
    outer loop
      vertex 33.8833 5.93777 29.2048
      vertex 33.8833 4.43187 25.0673
      vertex 34.1211 5.88006 29.0462
    endloop
  endfacet
  facet normal 5.94454e-05 -0.939683 0.342046
    outer loop
      vertex 30.8789 4.48957 25.2259
      vertex 29.9652 5.3827 27.6797
      vertex 29.9163 5.28438 27.4096
    endloop
  endfacet
  facet normal -0.000106785 -0.939691 0.342023
    outer loop
      vertex 34.1211 5.88006 29.0462
      vertex 33.8833 4.43187 25.0673
      vertex 34.3385 5.81361 28.8637
    endloop
  endfacet
  facet normal 9.00391e-05 -0.939679 0.342058
    outer loop
      vertex 30.8789 4.48957 25.2259
      vertex 29.9163 5.28438 27.4096
      vertex 29.9 5.18482 27.1361
    endloop
  endfacet
  facet normal -0.000103727 -0.939692 0.342023
    outer loop
      vertex 34.1211 4.48957 25.2259
      vertex 34.3385 5.81361 28.8637
      vertex 33.8833 4.43187 25.0673
    endloop
  endfacet
  facet normal -8.64946e-05 -0.939708 0.341978
    outer loop
      vertex 30.8789 4.48957 25.2259
      vertex 29.9 5.18482 27.1361
      vertex 29.9163 5.08525 26.8625
    endloop
  endfacet
  facet normal 2.01294e-05 -0.939693 0.342019
    outer loop
      vertex 31.9214 6.05177 29.518
      vertex 31.9214 4.31786 24.7541
      vertex 32.2089 4.30116 24.7082
    endloop
  endfacet
  facet normal 5.10654e-06 -0.93969 0.342026
    outer loop
      vertex 30.8789 4.48957 25.2259
      vertex 29.9163 5.08525 26.8625
      vertex 29.9652 4.98694 26.5924
    endloop
  endfacet
  facet normal 3.87041e-05 -0.939694 0.342016
    outer loop
      vertex 34.3385 5.81361 28.8637
      vertex 34.1211 4.48957 25.2259
      vertex 34.5328 5.73926 28.6594
    endloop
  endfacet
  facet normal -0.000140568 -0.939722 0.34194
    outer loop
      vertex 30.8789 4.48957 25.2259
      vertex 29.9652 4.98694 26.5924
      vertex 30.0459 4.89112 26.3291
    endloop
  endfacet
  facet normal 8.28197e-05 -0.939696 0.342011
    outer loop
      vertex 34.5328 5.73926 28.6594
      vertex 34.1211 4.48957 25.2259
      vertex 34.7015 5.65793 28.4359
    endloop
  endfacet
  facet normal 0.000232243 -0.939649 0.34214
    outer loop
      vertex 30.2985 4.71171 25.8362
      vertex 30.0459 4.89112 26.3291
      vertex 30.1575 4.79899 26.076
    endloop
  endfacet
  facet normal 0.000372315 -0.939626 0.342204
    outer loop
      vertex 30.4672 4.63038 25.6127
      vertex 30.0459 4.89112 26.3291
      vertex 30.2985 4.71171 25.8362
    endloop
  endfacet
  facet normal -4.10729e-05 -0.939704 0.341989
    outer loop
      vertex 30.6615 4.55602 25.4084
      vertex 30.0459 4.89112 26.3291
      vertex 30.4672 4.63038 25.6127
    endloop
  endfacet
  facet normal -0.000232243 -0.939649 0.34214
    outer loop
      vertex 34.9541 4.89112 26.3291
      vertex 34.7015 4.71171 25.8362
      vertex 34.8425 4.79899 26.076
    endloop
  endfacet
  facet normal -0.000265028 -0.939752 0.341857
    outer loop
      vertex 30.8789 4.48957 25.2259
      vertex 30.0459 4.89112 26.3291
      vertex 30.6615 4.55602 25.4084
    endloop
  endfacet
  facet normal -0.000372315 -0.939626 0.342204
    outer loop
      vertex 34.9541 4.89112 26.3291
      vertex 34.5328 4.63038 25.6127
      vertex 34.7015 4.71171 25.8362
    endloop
  endfacet
  facet normal 0.000103727 -0.939692 0.342023
    outer loop
      vertex 30.6615 5.81361 28.8637
      vertex 30.8789 4.48957 25.2259
      vertex 31.1167 4.43187 25.0673
    endloop
  endfacet
  facet normal 4.10729e-05 -0.939704 0.341989
    outer loop
      vertex 34.9541 4.89112 26.3291
      vertex 34.3385 4.55602 25.4084
      vertex 34.5328 4.63038 25.6127
    endloop
  endfacet
  facet normal -5.45097e-05 -0.939695 0.342015
    outer loop
      vertex 31.1167 5.93777 29.2048
      vertex 31.1167 4.43187 25.0673
      vertex 31.3719 4.38363 24.9348
    endloop
  endfacet
  facet normal 0.000265028 -0.939752 0.341857
    outer loop
      vertex 34.9541 4.89112 26.3291
      vertex 34.1211 4.48957 25.2259
      vertex 34.3385 4.55602 25.4084
    endloop
  endfacet
  facet normal -5.54419e-05 -0.939693 0.34202
    outer loop
      vertex 31.3719 5.98601 29.3373
      vertex 31.3719 4.38363 24.9348
      vertex 31.6413 4.34547 24.83
    endloop
  endfacet
  facet normal 0.000140568 -0.939722 0.34194
    outer loop
      vertex 35.0348 4.98694 26.5924
      vertex 34.1211 4.48957 25.2259
      vertex 34.9541 4.89112 26.3291
    endloop
  endfacet
  facet normal 5.32813e-05 -0.93969 0.342026
    outer loop
      vertex 31.6413 6.02417 29.4421
      vertex 31.6413 4.34547 24.83
      vertex 31.9214 4.31786 24.7541
    endloop
  endfacet
  facet normal -5.10654e-06 -0.93969 0.342026
    outer loop
      vertex 35.0837 5.08525 26.8625
      vertex 34.1211 4.48957 25.2259
      vertex 35.0348 4.98694 26.5924
    endloop
  endfacet
  facet normal 8.1443e-05 -0.9397 0.342
    outer loop
      vertex 34.9541 5.47852 27.943
      vertex 34.1211 4.48957 25.2259
      vertex 35.0348 5.3827 27.6797
    endloop
  endfacet
  facet normal 8.64946e-05 -0.939708 0.341978
    outer loop
      vertex 35.1 5.18482 27.1361
      vertex 34.1211 4.48957 25.2259
      vertex 35.0837 5.08525 26.8625
    endloop
  endfacet
  facet normal -5.94454e-05 -0.939683 0.342046
    outer loop
      vertex 35.0348 5.3827 27.6797
      vertex 34.1211 4.48957 25.2259
      vertex 35.0837 5.28438 27.4096
    endloop
  endfacet
  facet normal -9.00391e-05 -0.939679 0.342058
    outer loop
      vertex 35.0837 5.28438 27.4096
      vertex 34.1211 4.48957 25.2259
      vertex 35.1 5.18482 27.1361
    endloop
  endfacet
  facet normal -4.23687e-05 -0.939688 0.342034
    outer loop
      vertex 34.8425 5.57065 28.1961
      vertex 34.1211 4.48957 25.2259
      vertex 34.9541 5.47852 27.943
    endloop
  endfacet
  facet normal 6.23719e-06 -0.939692 0.342023
    outer loop
      vertex 34.7015 5.65793 28.4359
      vertex 34.1211 4.48957 25.2259
      vertex 34.8425 5.57065 28.1961
    endloop
  endfacet
  facet normal 5.45097e-05 -0.939695 0.342015
    outer loop
      vertex 33.8833 4.43187 25.0673
      vertex 33.8833 5.93777 29.2048
      vertex 33.6281 4.38363 24.9348
    endloop
  endfacet
  facet normal 0.875279 0.165398 0.454455
    outer loop
      vertex 30.1575 2.9196 26.76
      vertex 30.2985 4.71171 25.8362
      vertex 30.1575 4.79899 26.076
    endloop
  endfacet
  facet normal 0.875279 0.165398 0.454455
    outer loop
      vertex 30.2985 4.71171 25.8362
      vertex 30.1575 2.9196 26.76
      vertex 30.2985 2.83232 26.5202
    endloop
  endfacet
  facet normal 0.483625 0.299384 0.822482
    outer loop
      vertex 31.1167 2.55248 25.7514
      vertex 31.3719 4.38363 24.9348
      vertex 31.1167 4.43187 25.0673
    endloop
  endfacet
  facet normal 0.483872 0.299299 0.822367
    outer loop
      vertex 31.3719 4.38363 24.9348
      vertex 31.1167 2.55248 25.7514
      vertex 31.3719 2.50424 25.6188
    endloop
  endfacet
  facet normal 0.578766 0.278901 0.766318
    outer loop
      vertex 30.8789 2.61019 25.9099
      vertex 31.1167 4.43187 25.0673
      vertex 30.8789 4.48957 25.2259
    endloop
  endfacet
  facet normal 0.57856 0.278986 0.766443
    outer loop
      vertex 31.1167 4.43187 25.0673
      vertex 30.8789 2.61019 25.9099
      vertex 31.1167 2.55248 25.7514
    endloop
  endfacet
  facet normal 0.745627 0.227927 0.626171
    outer loop
      vertex 30.4672 2.75099 26.2968
      vertex 30.6615 4.55602 25.4084
      vertex 30.4672 4.63038 25.6127
    endloop
  endfacet
  facet normal 0.745622 0.22793 0.626176
    outer loop
      vertex 30.6615 4.55602 25.4084
      vertex 30.4672 2.75099 26.2968
      vertex 30.6615 2.67664 26.0925
    endloop
  endfacet
  facet normal -0.998437 0.0191167 0.0525258
    outer loop
      vertex 35.0837 5.08525 26.8625
      vertex 35.1 3.30543 27.8201
      vertex 35.1 5.18482 27.1361
    endloop
  endfacet
  facet normal -0.998437 0.019117 0.0525264
    outer loop
      vertex 35.1 3.30543 27.8201
      vertex 35.0837 5.08525 26.8625
      vertex 35.0837 3.20587 27.5465
    endloop
  endfacet
  facet normal 0.960938 -0.094654 -0.260076
    outer loop
      vertex 30.0459 3.59913 28.627
      vertex 29.9652 5.3827 27.6797
      vertex 30.0459 5.47852 27.943
    endloop
  endfacet
  facet normal 0.960913 -0.0946955 -0.260152
    outer loop
      vertex 29.9652 5.3827 27.6797
      vertex 30.0459 3.59913 28.627
      vertex 29.9652 3.50331 28.3638
    endloop
  endfacet
  facet normal -0.167491 -0.337172 -0.926424
    outer loop
      vertex 32.7911 4.18909 30.2479
      vertex 33.0786 6.05177 29.518
      vertex 33.0786 4.17239 30.202
    endloop
  endfacet
  facet normal -0.167502 -0.33717 -0.926423
    outer loop
      vertex 33.0786 6.05177 29.518
      vertex 32.7911 4.18909 30.2479
      vertex 32.7911 6.06848 29.5639
    endloop
  endfacet
  facet normal -0.923839 0.130928 0.359692
    outer loop
      vertex 34.8425 4.79899 26.076
      vertex 34.9541 3.01173 27.0132
      vertex 34.9541 4.89112 26.3291
    endloop
  endfacet
  facet normal -0.923887 0.130872 0.359591
    outer loop
      vertex 34.9541 3.01173 27.0132
      vertex 34.8425 4.79899 26.076
      vertex 34.8425 2.9196 26.76
    endloop
  endfacet
  facet normal -0.960938 0.0946544 0.260076
    outer loop
      vertex 34.9541 4.89112 26.3291
      vertex 35.0348 3.10756 27.2764
      vertex 35.0348 4.98694 26.5924
    endloop
  endfacet
  facet normal -0.960914 0.0946945 0.260149
    outer loop
      vertex 35.0348 3.10756 27.2764
      vertex 34.9541 4.89112 26.3291
      vertex 34.9541 3.01173 27.0132
    endloop
  endfacet
  facet normal -0.985835 0.0573593 0.157602
    outer loop
      vertex 35.0348 4.98694 26.5924
      vertex 35.0837 3.20587 27.5465
      vertex 35.0837 5.08525 26.8625
    endloop
  endfacet
  facet normal -0.985835 0.0573593 0.157602
    outer loop
      vertex 35.0837 3.20587 27.5465
      vertex 35.0348 4.98694 26.5924
      vertex 35.0348 3.10756 27.2764
    endloop
  endfacet
  facet normal -0.745627 0.227927 0.626171
    outer loop
      vertex 34.3385 4.55602 25.4084
      vertex 34.5328 2.75099 26.2968
      vertex 34.5328 4.63038 25.6127
    endloop
  endfacet
  facet normal -0.745622 0.22793 0.626176
    outer loop
      vertex 34.5328 2.75099 26.2968
      vertex 34.3385 4.55602 25.4084
      vertex 34.3385 2.67664 26.0925
    endloop
  endfacet
  facet normal -0.382514 0.315992 0.868235
    outer loop
      vertex 33.3587 4.34547 24.83
      vertex 33.6281 2.50424 25.6188
      vertex 33.6281 4.38363 24.9348
    endloop
  endfacet
  facet normal -0.382514 0.315992 0.868235
    outer loop
      vertex 33.6281 2.50424 25.6188
      vertex 33.3587 4.34547 24.83
      vertex 33.3587 2.46608 25.514
    endloop
  endfacet
  facet normal 0.277059 0.328613 0.902913
    outer loop
      vertex 31.6413 2.46608 25.514
      vertex 31.9214 4.31786 24.7541
      vertex 31.6413 4.34547 24.83
    endloop
  endfacet
  facet normal 0.277048 0.328616 0.902915
    outer loop
      vertex 31.9214 4.31786 24.7541
      vertex 31.6413 2.46608 25.514
      vertex 31.9214 2.43848 25.4381
    endloop
  endfacet
  facet normal -0.960938 -0.094654 -0.260076
    outer loop
      vertex 35.0348 5.3827 27.6797
      vertex 34.9541 3.59913 28.627
      vertex 34.9541 5.47852 27.943
    endloop
  endfacet
  facet normal -0.960913 -0.0946955 -0.260152
    outer loop
      vertex 34.9541 3.59913 28.627
      vertex 35.0348 5.3827 27.6797
      vertex 35.0348 3.50331 28.3638
    endloop
  endfacet
  facet normal -0.666413 -0.254992 -0.700624
    outer loop
      vertex 34.1211 4.00068 29.7303
      vertex 34.3385 5.81361 28.8637
      vertex 34.3385 3.93423 29.5477
    endloop
  endfacet
  facet normal -0.666233 -0.25508 -0.700762
    outer loop
      vertex 34.3385 5.81361 28.8637
      vertex 34.1211 4.00068 29.7303
      vertex 34.1211 5.88006 29.0462
    endloop
  endfacet
  facet normal -0.923839 -0.130928 -0.359692
    outer loop
      vertex 34.9541 5.47852 27.943
      vertex 34.8425 3.69126 28.8802
      vertex 34.8425 5.57065 28.1961
    endloop
  endfacet
  facet normal -0.923887 -0.130872 -0.359591
    outer loop
      vertex 34.8425 3.69126 28.8802
      vertex 34.9541 5.47852 27.943
      vertex 34.9541 3.59913 28.627
    endloop
  endfacet
  facet normal -0.81565 -0.197864 -0.543659
    outer loop
      vertex 34.7015 5.65793 28.4359
      vertex 34.5328 3.85987 29.3434
      vertex 34.5328 5.73926 28.6594
    endloop
  endfacet
  facet normal -0.815542 -0.197941 -0.543793
    outer loop
      vertex 34.5328 3.85987 29.3434
      vertex 34.7015 5.65793 28.4359
      vertex 34.7015 3.77854 29.12
    endloop
  endfacet
  facet normal 0.0561913 -0.341461 -0.938215
    outer loop
      vertex 32.2089 6.06848 29.5639
      vertex 32.5 4.19468 30.2633
      vertex 32.2089 4.18909 30.2479
    endloop
  endfacet
  facet normal 0.0561913 -0.341461 -0.938215
    outer loop
      vertex 32.5 4.19468 30.2633
      vertex 32.2089 6.06848 29.5639
      vertex 32.5 6.07407 29.5793
    endloop
  endfacet
  facet normal 0.998436 -0.0191231 -0.0525433
    outer loop
      vertex 29.9163 3.405 28.0936
      vertex 29.9 5.18482 27.1361
      vertex 29.9163 5.28438 27.4096
    endloop
  endfacet
  facet normal 0.998436 -0.0191228 -0.0525427
    outer loop
      vertex 29.9 5.18482 27.1361
      vertex 29.9163 3.405 28.0936
      vertex 29.9 3.30543 27.8201
    endloop
  endfacet
  facet normal 0.923839 -0.130928 -0.359692
    outer loop
      vertex 30.1575 3.69126 28.8802
      vertex 30.0459 5.47852 27.943
      vertex 30.1575 5.57065 28.1961
    endloop
  endfacet
  facet normal 0.923887 -0.130872 -0.359591
    outer loop
      vertex 30.0459 5.47852 27.943
      vertex 30.1575 3.69126 28.8802
      vertex 30.0459 3.59913 28.627
    endloop
  endfacet
  facet normal 0.745622 -0.2279 -0.626187
    outer loop
      vertex 30.6615 3.93423 29.5477
      vertex 30.4672 5.73926 28.6594
      vertex 30.6615 5.81361 28.8637
    endloop
  endfacet
  facet normal 0.745627 -0.227897 -0.626181
    outer loop
      vertex 30.4672 5.73926 28.6594
      vertex 30.6615 3.93423 29.5477
      vertex 30.4672 3.85987 29.3434
    endloop
  endfacet
  facet normal -0.483625 -0.299346 -0.822496
    outer loop
      vertex 33.6281 4.10662 30.0213
      vertex 33.8833 5.93777 29.2048
      vertex 33.8833 4.05838 29.8888
    endloop
  endfacet
  facet normal -0.483625 -0.299346 -0.822496
    outer loop
      vertex 33.8833 5.93777 29.2048
      vertex 33.6281 4.10662 30.0213
      vertex 33.6281 5.98601 29.3373
    endloop
  endfacet
  facet normal -0.875279 -0.165419 -0.454448
    outer loop
      vertex 34.8425 5.57065 28.1961
      vertex 34.7015 3.77854 29.12
      vertex 34.7015 5.65793 28.4359
    endloop
  endfacet
  facet normal -0.875279 -0.165419 -0.454448
    outer loop
      vertex 34.7015 3.77854 29.12
      vertex 34.8425 5.57065 28.1961
      vertex 34.8425 3.69126 28.8802
    endloop
  endfacet
  facet normal -0.0561913 -0.341461 -0.938215
    outer loop
      vertex 32.5 4.19468 30.2633
      vertex 32.7911 6.06848 29.5639
      vertex 32.7911 4.18909 30.2479
    endloop
  endfacet
  facet normal -0.0561913 -0.341461 -0.938215
    outer loop
      vertex 32.7911 6.06848 29.5639
      vertex 32.5 4.19468 30.2633
      vertex 32.5 6.07407 29.5793
    endloop
  endfacet
  facet normal -4.91457e-05 0.939691 -0.342025
    outer loop
      vertex 32.7911 2.42177 25.3923
      vertex 32.5 4.19468 30.2633
      vertex 32.7911 4.18909 30.2479
    endloop
  endfacet
  facet normal -2.11823e-05 0.939691 -0.342025
    outer loop
      vertex 32.7911 2.42177 25.3923
      vertex 32.7911 4.18909 30.2479
      vertex 33.0786 4.17239 30.202
    endloop
  endfacet
  facet normal 4.8836e-05 0.939693 -0.342019
    outer loop
      vertex 32.5 2.41618 25.3769
      vertex 32.5 4.19468 30.2633
      vertex 32.7911 2.42177 25.3923
    endloop
  endfacet
  facet normal 7.10568e-05 0.939693 -0.342019
    outer loop
      vertex 33.0786 2.43848 25.4381
      vertex 33.0786 4.17239 30.202
      vertex 33.3587 4.14478 30.1262
    endloop
  endfacet
  facet normal 4.8836e-05 0.939693 -0.342019
    outer loop
      vertex 32.5 4.19468 30.2633
      vertex 32.5 2.41618 25.3769
      vertex 32.2089 4.18909 30.2479
    endloop
  endfacet
  facet normal -7.11489e-05 0.939693 -0.34202
    outer loop
      vertex 33.3587 2.46608 25.514
      vertex 33.3587 4.14478 30.1262
      vertex 33.6281 4.10662 30.0213
    endloop
  endfacet
  facet normal -4.91457e-05 0.939691 -0.342025
    outer loop
      vertex 32.2089 2.42177 25.3923
      vertex 32.2089 4.18909 30.2479
      vertex 32.5 2.41618 25.3769
    endloop
  endfacet
  facet normal 5.12285e-05 0.939693 -0.34202
    outer loop
      vertex 33.6281 2.50424 25.6188
      vertex 33.6281 4.10662 30.0213
      vertex 33.8833 4.05838 29.8888
    endloop
  endfacet
  facet normal 2.11823e-05 0.939691 -0.342025
    outer loop
      vertex 32.2089 4.18909 30.2479
      vertex 32.2089 2.42177 25.3923
      vertex 31.9214 4.17239 30.202
    endloop
  endfacet
  facet normal 4.09067e-05 0.939692 -0.342022
    outer loop
      vertex 33.8833 2.55248 25.7514
      vertex 33.8833 4.05838 29.8888
      vertex 34.1211 4.00068 29.7303
    endloop
  endfacet
  facet normal 0.000131519 0.939693 -0.342019
    outer loop
      vertex 31.9214 2.43848 25.4381
      vertex 31.9214 4.17239 30.202
      vertex 32.2089 2.42177 25.3923
    endloop
  endfacet
  facet normal -4.49089e-05 0.939694 -0.342018
    outer loop
      vertex 33.8833 2.55248 25.7514
      vertex 34.1211 4.00068 29.7303
      vertex 34.3385 3.93423 29.5477
    endloop
  endfacet
  facet normal -7.10568e-05 0.939693 -0.342019
    outer loop
      vertex 31.9214 4.17239 30.202
      vertex 31.9214 2.43848 25.4381
      vertex 31.6413 4.14478 30.1262
    endloop
  endfacet
  facet normal 6.79966e-06 0.939693 -0.342018
    outer loop
      vertex 34.1211 2.61019 25.9099
      vertex 34.3385 3.93423 29.5477
      vertex 34.5328 3.85987 29.3434
    endloop
  endfacet
  facet normal -8.48204e-05 0.939693 -0.34202
    outer loop
      vertex 31.6413 2.46608 25.514
      vertex 31.6413 4.14478 30.1262
      vertex 31.9214 2.43848 25.4381
    endloop
  endfacet
  facet normal 9.52605e-05 0.93969 -0.342027
    outer loop
      vertex 34.1211 2.61019 25.9099
      vertex 34.5328 3.85987 29.3434
      vertex 34.7015 3.77854 29.12
    endloop
  endfacet
  facet normal 7.11489e-05 0.939693 -0.34202
    outer loop
      vertex 31.6413 4.14478 30.1262
      vertex 31.6413 2.46608 25.514
      vertex 31.3719 4.10662 30.0213
    endloop
  endfacet
  facet normal 1.14293e-05 0.939695 -0.342014
    outer loop
      vertex 34.1211 2.61019 25.9099
      vertex 34.7015 3.77854 29.12
      vertex 34.8425 3.69126 28.8802
    endloop
  endfacet
  facet normal 5.54419e-05 0.939693 -0.34202
    outer loop
      vertex 31.3719 2.50424 25.6188
      vertex 31.3719 4.10662 30.0213
      vertex 31.6413 2.46608 25.514
    endloop
  endfacet
  facet normal -0.000133761 0.939706 -0.341983
    outer loop
      vertex 34.1211 2.61019 25.9099
      vertex 34.8425 3.69126 28.8802
      vertex 34.9541 3.59913 28.627
    endloop
  endfacet
  facet normal -5.12285e-05 0.939693 -0.34202
    outer loop
      vertex 31.3719 4.10662 30.0213
      vertex 31.3719 2.50424 25.6188
      vertex 31.1167 4.05838 29.8888
    endloop
  endfacet
  facet normal 0.000136102 0.93968 -0.342056
    outer loop
      vertex 34.1211 2.61019 25.9099
      vertex 34.9541 3.59913 28.627
      vertex 35.0348 3.50331 28.3638
    endloop
  endfacet
  facet normal -4.09067e-05 0.939692 -0.342022
    outer loop
      vertex 31.1167 4.05838 29.8888
      vertex 31.1167 2.55248 25.7514
      vertex 30.8789 4.00068 29.7303
    endloop
  endfacet
  facet normal -0.000200084 0.93972 -0.341945
    outer loop
      vertex 34.1211 2.61019 25.9099
      vertex 35.0348 3.50331 28.3638
      vertex 35.0837 3.405 28.0936
    endloop
  endfacet
  facet normal 4.49089e-05 0.939694 -0.342018
    outer loop
      vertex 30.8789 4.00068 29.7303
      vertex 31.1167 2.55248 25.7514
      vertex 30.6615 3.93423 29.5477
    endloop
  endfacet
  facet normal 0.000158696 0.939669 -0.342085
    outer loop
      vertex 34.1211 2.61019 25.9099
      vertex 35.0837 3.405 28.0936
      vertex 35.1 3.30543 27.8201
    endloop
  endfacet
  facet normal 8.72233e-05 0.939695 -0.342013
    outer loop
      vertex 30.8789 2.61019 25.9099
      vertex 30.6615 3.93423 29.5477
      vertex 31.1167 2.55248 25.7514
    endloop
  endfacet
  facet normal -0.000151473 0.93972 -0.341945
    outer loop
      vertex 34.1211 2.61019 25.9099
      vertex 35.1 3.30543 27.8201
      vertex 35.0837 3.20587 27.5465
    endloop
  endfacet
  facet normal -0.000131519 0.939693 -0.342019
    outer loop
      vertex 33.0786 4.17239 30.202
      vertex 33.0786 2.43848 25.4381
      vertex 32.7911 2.42177 25.3923
    endloop
  endfacet
  facet normal 5.10654e-06 0.93969 -0.342026
    outer loop
      vertex 34.1211 2.61019 25.9099
      vertex 35.0837 3.20587 27.5465
      vertex 35.0348 3.10756 27.2764
    endloop
  endfacet
  facet normal -6.79966e-06 0.939693 -0.342018
    outer loop
      vertex 30.6615 3.93423 29.5477
      vertex 30.8789 2.61019 25.9099
      vertex 30.4672 3.85987 29.3434
    endloop
  endfacet
  facet normal 0.000316873 0.939623 -0.34221
    outer loop
      vertex 34.1211 2.61019 25.9099
      vertex 35.0348 3.10756 27.2764
      vertex 34.9541 3.01173 27.0132
    endloop
  endfacet
  facet normal -9.52605e-05 0.93969 -0.342027
    outer loop
      vertex 30.4672 3.85987 29.3434
      vertex 30.8789 2.61019 25.9099
      vertex 30.2985 3.77854 29.12
    endloop
  endfacet
  facet normal -0.000685665 0.939822 -0.341664
    outer loop
      vertex 34.7015 2.83232 26.5202
      vertex 34.9541 3.01173 27.0132
      vertex 34.8425 2.9196 26.76
    endloop
  endfacet
  facet normal -0.000544655 0.939799 -0.341728
    outer loop
      vertex 34.5328 2.75099 26.2968
      vertex 34.9541 3.01173 27.0132
      vertex 34.7015 2.83232 26.5202
    endloop
  endfacet
  facet normal 8.56459e-05 0.93968 -0.342055
    outer loop
      vertex 34.3385 2.67664 26.0925
      vertex 34.9541 3.01173 27.0132
      vertex 34.5328 2.75099 26.2968
    endloop
  endfacet
  facet normal 0.000685665 0.939822 -0.341664
    outer loop
      vertex 30.0459 3.01173 27.0132
      vertex 30.2985 2.83232 26.5202
      vertex 30.1575 2.9196 26.76
    endloop
  endfacet
  facet normal 7.40917e-05 0.939682 -0.342048
    outer loop
      vertex 34.1211 2.61019 25.9099
      vertex 34.9541 3.01173 27.0132
      vertex 34.3385 2.67664 26.0925
    endloop
  endfacet
  facet normal 0.000544655 0.939799 -0.341728
    outer loop
      vertex 30.0459 3.01173 27.0132
      vertex 30.4672 2.75099 26.2968
      vertex 30.2985 2.83232 26.5202
    endloop
  endfacet
  facet normal -8.72233e-05 0.939695 -0.342013
    outer loop
      vertex 34.3385 3.93423 29.5477
      vertex 34.1211 2.61019 25.9099
      vertex 33.8833 2.55248 25.7514
    endloop
  endfacet
  facet normal -8.56459e-05 0.93968 -0.342055
    outer loop
      vertex 30.0459 3.01173 27.0132
      vertex 30.6615 2.67664 26.0925
      vertex 30.4672 2.75099 26.2968
    endloop
  endfacet
  facet normal 8.38035e-05 0.939692 -0.342022
    outer loop
      vertex 33.8833 4.05838 29.8888
      vertex 33.8833 2.55248 25.7514
      vertex 33.6281 2.50424 25.6188
    endloop
  endfacet
  facet normal -7.40917e-05 0.939682 -0.342048
    outer loop
      vertex 30.0459 3.01173 27.0132
      vertex 30.8789 2.61019 25.9099
      vertex 30.6615 2.67664 26.0925
    endloop
  endfacet
  facet normal -5.54419e-05 0.939693 -0.34202
    outer loop
      vertex 33.6281 4.10662 30.0213
      vertex 33.6281 2.50424 25.6188
      vertex 33.3587 2.46608 25.514
    endloop
  endfacet
  facet normal -0.000316873 0.939623 -0.34221
    outer loop
      vertex 29.9652 3.10756 27.2764
      vertex 30.8789 2.61019 25.9099
      vertex 30.0459 3.01173 27.0132
    endloop
  endfacet
  facet normal 8.48204e-05 0.939693 -0.34202
    outer loop
      vertex 33.3587 4.14478 30.1262
      vertex 33.3587 2.46608 25.514
      vertex 33.0786 2.43848 25.4381
    endloop
  endfacet
  facet normal -5.10654e-06 0.93969 -0.342026
    outer loop
      vertex 29.9163 3.20587 27.5465
      vertex 30.8789 2.61019 25.9099
      vertex 29.9652 3.10756 27.2764
    endloop
  endfacet
  facet normal -0.000136102 0.93968 -0.342056
    outer loop
      vertex 30.0459 3.59913 28.627
      vertex 30.8789 2.61019 25.9099
      vertex 29.9652 3.50331 28.3638
    endloop
  endfacet
  facet normal 0.000151473 0.93972 -0.341945
    outer loop
      vertex 29.9 3.30543 27.8201
      vertex 30.8789 2.61019 25.9099
      vertex 29.9163 3.20587 27.5465
    endloop
  endfacet
  facet normal 0.000200084 0.93972 -0.341945
    outer loop
      vertex 29.9652 3.50331 28.3638
      vertex 30.8789 2.61019 25.9099
      vertex 29.9163 3.405 28.0936
    endloop
  endfacet
  facet normal -0.000158696 0.939669 -0.342085
    outer loop
      vertex 29.9163 3.405 28.0936
      vertex 30.8789 2.61019 25.9099
      vertex 29.9 3.30543 27.8201
    endloop
  endfacet
  facet normal 0.000133761 0.939706 -0.341983
    outer loop
      vertex 30.1575 3.69126 28.8802
      vertex 30.8789 2.61019 25.9099
      vertex 30.0459 3.59913 28.627
    endloop
  endfacet
  facet normal -1.14293e-05 0.939695 -0.342014
    outer loop
      vertex 30.2985 3.77854 29.12
      vertex 30.8789 2.61019 25.9099
      vertex 30.1575 3.69126 28.8802
    endloop
  endfacet
  facet normal -8.38035e-05 0.939692 -0.342022
    outer loop
      vertex 31.1167 2.55248 25.7514
      vertex 31.1167 4.05838 29.8888
      vertex 31.3719 2.50424 25.6188
    endloop
  endfacet
  facet normal 0.985836 -0.0573658 -0.157598
    outer loop
      vertex 29.9652 3.50331 28.3638
      vertex 29.9163 5.28438 27.4096
      vertex 29.9652 5.3827 27.6797
    endloop
  endfacet
  facet normal 0.985844 -0.0573411 -0.157552
    outer loop
      vertex 29.9163 5.28438 27.4096
      vertex 29.9652 3.50331 28.3638
      vertex 29.9163 3.405 28.0936
    endloop
  endfacet
  facet normal 0.666413 -0.254992 -0.700624
    outer loop
      vertex 30.6615 5.81361 28.8637
      vertex 30.8789 4.00068 29.7303
      vertex 30.6615 3.93423 29.5477
    endloop
  endfacet
  facet normal 0.666233 -0.25508 -0.700762
    outer loop
      vertex 30.8789 4.00068 29.7303
      vertex 30.6615 5.81361 28.8637
      vertex 30.8789 5.88006 29.0462
    endloop
  endfacet
  facet normal 0.875279 -0.165419 -0.454448
    outer loop
      vertex 30.2985 3.77854 29.12
      vertex 30.1575 5.57065 28.1961
      vertex 30.2985 5.65793 28.4359
    endloop
  endfacet
  facet normal 0.875279 -0.165419 -0.454448
    outer loop
      vertex 30.1575 5.57065 28.1961
      vertex 30.2985 3.77854 29.12
      vertex 30.1575 3.69126 28.8802
    endloop
  endfacet
  facet normal -0.578552 -0.278989 -0.766448
    outer loop
      vertex 33.8833 4.05838 29.8888
      vertex 34.1211 5.88006 29.0462
      vertex 34.1211 4.00068 29.7303
    endloop
  endfacet
  facet normal -0.578774 -0.278898 -0.766313
    outer loop
      vertex 34.1211 5.88006 29.0462
      vertex 33.8833 4.05838 29.8888
      vertex 33.8833 5.93777 29.2048
    endloop
  endfacet
  facet normal -0.745622 -0.2279 -0.626187
    outer loop
      vertex 34.5328 5.73926 28.6594
      vertex 34.3385 3.93423 29.5477
      vertex 34.3385 5.81361 28.8637
    endloop
  endfacet
  facet normal -0.745627 -0.227897 -0.626181
    outer loop
      vertex 34.3385 3.93423 29.5477
      vertex 34.5328 5.73926 28.6594
      vertex 34.5328 3.85987 29.3434
    endloop
  endfacet
  facet normal 0.382789 -0.315953 -0.868128
    outer loop
      vertex 31.3719 5.98601 29.3373
      vertex 31.6413 4.14478 30.1262
      vertex 31.3719 4.10662 30.0213
    endloop
  endfacet
  facet normal 0.382514 -0.316033 -0.86822
    outer loop
      vertex 31.6413 4.14478 30.1262
      vertex 31.3719 5.98601 29.3373
      vertex 31.6413 6.02417 29.4421
    endloop
  endfacet
  facet normal 0.276761 -0.328685 -0.902978
    outer loop
      vertex 31.6413 6.02417 29.4421
      vertex 31.9214 4.17239 30.202
      vertex 31.6413 4.14478 30.1262
    endloop
  endfacet
  facet normal 0.277048 -0.328616 -0.902915
    outer loop
      vertex 31.9214 4.17239 30.202
      vertex 31.6413 6.02417 29.4421
      vertex 31.9214 6.05177 29.518
    endloop
  endfacet
  facet normal 0.81565 -0.197864 -0.543659
    outer loop
      vertex 30.4672 3.85987 29.3434
      vertex 30.2985 5.65793 28.4359
      vertex 30.4672 5.73926 28.6594
    endloop
  endfacet
  facet normal 0.815542 -0.197941 -0.543793
    outer loop
      vertex 30.2985 5.65793 28.4359
      vertex 30.4672 3.85987 29.3434
      vertex 30.2985 3.77854 29.12
    endloop
  endfacet
  facet normal 0.483625 -0.299346 -0.822496
    outer loop
      vertex 31.1167 5.93777 29.2048
      vertex 31.3719 4.10662 30.0213
      vertex 31.1167 4.05838 29.8888
    endloop
  endfacet
  facet normal 0.483625 -0.299346 -0.822496
    outer loop
      vertex 31.3719 4.10662 30.0213
      vertex 31.1167 5.93777 29.2048
      vertex 31.3719 5.98601 29.3373
    endloop
  endfacet
  facet normal 0.578552 -0.278989 -0.766448
    outer loop
      vertex 30.8789 5.88006 29.0462
      vertex 31.1167 4.05838 29.8888
      vertex 30.8789 4.00068 29.7303
    endloop
  endfacet
  facet normal 0.578774 -0.278898 -0.766313
    outer loop
      vertex 31.1167 4.05838 29.8888
      vertex 30.8789 5.88006 29.0462
      vertex 31.1167 5.93777 29.2048
    endloop
  endfacet
  facet normal 1 0 0
    outer loop
      vertex -70.35 3.34153 34.3516
      vertex -70.35 -0.985021 22.4645
      vertex -70.35 0.706425 21.8489
    endloop
  endfacet
  facet normal 1 0 0
    outer loop
      vertex -70.35 5.03298 33.736
      vertex -70.35 5.54169 34.9875
      vertex -70.35 5.49471 35.0046
    endloop
  endfacet
  facet normal 1 0 0
    outer loop
      vertex -70.35 0.706425 21.8489
      vertex -70.35 5.03298 33.736
      vertex -70.35 3.34153 34.3516
    endloop
  endfacet
  facet normal 1 0 0
    outer loop
      vertex -70.35 0.411389 20.8921
      vertex -70.35 5.03298 33.736
      vertex -70.35 0.706425 21.8489
    endloop
  endfacet
  facet normal 1 -0 0
    outer loop
      vertex -70.35 5.03298 33.736
      vertex -70.35 0.411389 20.8921
      vertex -70.35 5.54169 34.9875
    endloop
  endfacet
  facet normal 1 0 -0
    outer loop
      vertex -70.35 0.411389 20.8921
      vertex -70.35 0.706425 21.8489
      vertex -70.35 0.364405 20.9092
    endloop
  endfacet
  facet normal 0 -0.342032 -0.939688
    outer loop
      vertex -70.35 5.49471 35.0046
      vertex -60.65 5.54169 34.9875
      vertex -60.65 5.49471 35.0046
    endloop
  endfacet
  facet normal -0 -0.342032 -0.939688
    outer loop
      vertex -60.65 5.54169 34.9875
      vertex -70.35 5.49471 35.0046
      vertex -70.35 5.54169 34.9875
    endloop
  endfacet
  facet normal -1 -0 0
    outer loop
      vertex -60.65 5.54169 34.9875
      vertex -60.65 5.03298 33.736
      vertex -60.65 5.49471 35.0046
    endloop
  endfacet
  facet normal -1 -0 0
    outer loop
      vertex -60.65 5.03298 33.736
      vertex -60.65 0.706425 21.8489
      vertex -60.65 3.34153 34.3516
    endloop
  endfacet
  facet normal -1 0 0
    outer loop
      vertex -60.65 0.411389 20.8921
      vertex -60.65 5.03298 33.736
      vertex -60.65 5.54169 34.9875
    endloop
  endfacet
  facet normal -1 0 0
    outer loop
      vertex -60.65 5.03298 33.736
      vertex -60.65 0.411389 20.8921
      vertex -60.65 0.706425 21.8489
    endloop
  endfacet
  facet normal -1 0 0
    outer loop
      vertex -60.65 0.706425 21.8489
      vertex -60.65 0.411389 20.8921
      vertex -60.65 0.364405 20.9092
    endloop
  endfacet
  facet normal -1 0 0
    outer loop
      vertex -60.65 3.34153 34.3516
      vertex -60.65 0.706425 21.8489
      vertex -60.65 -0.985021 22.4645
    endloop
  endfacet
  facet normal -0 0.342006 0.939698
    outer loop
      vertex -70.35 0.411389 20.8921
      vertex -60.65 0.364405 20.9092
      vertex -60.65 0.411389 20.8921
    endloop
  endfacet
  facet normal 0 0.342006 0.939698
    outer loop
      vertex -60.65 0.364405 20.9092
      vertex -70.35 0.411389 20.8921
      vertex -70.35 0.364405 20.9092
    endloop
  endfacet
  facet normal 0 -0.939693 0.34202
    outer loop
      vertex -70.35 0.411389 20.8921
      vertex -60.65 5.54169 34.9875
      vertex -70.35 5.54169 34.9875
    endloop
  endfacet
  facet normal 0 -0.939693 0.34202
    outer loop
      vertex -60.65 5.54169 34.9875
      vertex -70.35 0.411389 20.8921
      vertex -60.65 0.411389 20.8921
    endloop
  endfacet
  facet normal 1 0 0
    outer loop
      vertex -51.85 3.34153 34.3516
      vertex -51.85 -0.985021 22.4645
      vertex -51.85 0.706425 21.8489
    endloop
  endfacet
  facet normal 1 0 0
    outer loop
      vertex -51.85 5.03298 33.736
      vertex -51.85 5.54169 34.9875
      vertex -51.85 5.49471 35.0046
    endloop
  endfacet
  facet normal 1 0 0
    outer loop
      vertex -51.85 0.706425 21.8489
      vertex -51.85 5.03298 33.736
      vertex -51.85 3.34153 34.3516
    endloop
  endfacet
  facet normal 1 0 0
    outer loop
      vertex -51.85 0.411389 20.8921
      vertex -51.85 5.03298 33.736
      vertex -51.85 0.706425 21.8489
    endloop
  endfacet
  facet normal 1 -0 0
    outer loop
      vertex -51.85 5.03298 33.736
      vertex -51.85 0.411389 20.8921
      vertex -51.85 5.54169 34.9875
    endloop
  endfacet
  facet normal 1 0 -0
    outer loop
      vertex -51.85 0.411389 20.8921
      vertex -51.85 0.706425 21.8489
      vertex -51.85 0.364405 20.9092
    endloop
  endfacet
  facet normal 0 -0.342032 -0.939688
    outer loop
      vertex -51.85 5.49471 35.0046
      vertex -42.15 5.54169 34.9875
      vertex -42.15 5.49471 35.0046
    endloop
  endfacet
  facet normal -0 -0.342032 -0.939688
    outer loop
      vertex -42.15 5.54169 34.9875
      vertex -51.85 5.49471 35.0046
      vertex -51.85 5.54169 34.9875
    endloop
  endfacet
  facet normal -1 -0 0
    outer loop
      vertex -42.15 5.54169 34.9875
      vertex -42.15 5.03298 33.736
      vertex -42.15 5.49471 35.0046
    endloop
  endfacet
  facet normal -1 -0 0
    outer loop
      vertex -42.15 5.03298 33.736
      vertex -42.15 0.706425 21.8489
      vertex -42.15 3.34153 34.3516
    endloop
  endfacet
  facet normal -1 0 0
    outer loop
      vertex -42.15 0.411389 20.8921
      vertex -42.15 5.03298 33.736
      vertex -42.15 5.54169 34.9875
    endloop
  endfacet
  facet normal -1 0 0
    outer loop
      vertex -42.15 5.03298 33.736
      vertex -42.15 0.411389 20.8921
      vertex -42.15 0.706425 21.8489
    endloop
  endfacet
  facet normal -1 0 0
    outer loop
      vertex -42.15 0.706425 21.8489
      vertex -42.15 0.411389 20.8921
      vertex -42.15 0.364405 20.9092
    endloop
  endfacet
  facet normal -1 0 0
    outer loop
      vertex -42.15 3.34153 34.3516
      vertex -42.15 0.706425 21.8489
      vertex -42.15 -0.985021 22.4645
    endloop
  endfacet
  facet normal 0 -0.939693 0.34202
    outer loop
      vertex -51.85 0.411389 20.8921
      vertex -42.15 5.54169 34.9875
      vertex -51.85 5.54169 34.9875
    endloop
  endfacet
  facet normal 0 -0.939693 0.34202
    outer loop
      vertex -42.15 5.54169 34.9875
      vertex -51.85 0.411389 20.8921
      vertex -42.15 0.411389 20.8921
    endloop
  endfacet
  facet normal -0 0.342006 0.939698
    outer loop
      vertex -51.85 0.411389 20.8921
      vertex -42.15 0.364405 20.9092
      vertex -42.15 0.411389 20.8921
    endloop
  endfacet
  facet normal 0 0.342006 0.939698
    outer loop
      vertex -42.15 0.364405 20.9092
      vertex -51.85 0.411389 20.8921
      vertex -51.85 0.364405 20.9092
    endloop
  endfacet
  facet normal 1 0 0
    outer loop
      vertex 9.15 3.34153 34.3516
      vertex 9.15 -0.985021 22.4645
      vertex 9.15 0.706425 21.8489
    endloop
  endfacet
  facet normal 1 0 0
    outer loop
      vertex 9.15 5.03298 33.736
      vertex 9.15 5.54169 34.9875
      vertex 9.15 5.49471 35.0046
    endloop
  endfacet
  facet normal 1 0 0
    outer loop
      vertex 9.15 0.706425 21.8489
      vertex 9.15 5.03298 33.736
      vertex 9.15 3.34153 34.3516
    endloop
  endfacet
  facet normal 1 0 0
    outer loop
      vertex 9.15 0.411389 20.8921
      vertex 9.15 5.03298 33.736
      vertex 9.15 0.706425 21.8489
    endloop
  endfacet
  facet normal 1 -0 0
    outer loop
      vertex 9.15 5.03298 33.736
      vertex 9.15 0.411389 20.8921
      vertex 9.15 5.54169 34.9875
    endloop
  endfacet
  facet normal 1 0 -0
    outer loop
      vertex 9.15 0.411389 20.8921
      vertex 9.15 0.706425 21.8489
      vertex 9.15 0.364405 20.9092
    endloop
  endfacet
  facet normal 0 -0.342032 -0.939688
    outer loop
      vertex 9.15 5.49471 35.0046
      vertex 18.85 5.54169 34.9875
      vertex 18.85 5.49471 35.0046
    endloop
  endfacet
  facet normal -0 -0.342032 -0.939688
    outer loop
      vertex 18.85 5.54169 34.9875
      vertex 9.15 5.49471 35.0046
      vertex 9.15 5.54169 34.9875
    endloop
  endfacet
  facet normal -1 -0 0
    outer loop
      vertex 18.85 5.54169 34.9875
      vertex 18.85 5.03298 33.736
      vertex 18.85 5.49471 35.0046
    endloop
  endfacet
  facet normal -1 -0 0
    outer loop
      vertex 18.85 5.03298 33.736
      vertex 18.85 0.706425 21.8489
      vertex 18.85 3.34153 34.3516
    endloop
  endfacet
  facet normal -1 0 0
    outer loop
      vertex 18.85 0.411389 20.8921
      vertex 18.85 5.03298 33.736
      vertex 18.85 5.54169 34.9875
    endloop
  endfacet
  facet normal -1 0 0
    outer loop
      vertex 18.85 5.03298 33.736
      vertex 18.85 0.411389 20.8921
      vertex 18.85 0.706425 21.8489
    endloop
  endfacet
  facet normal -1 0 0
    outer loop
      vertex 18.85 0.706425 21.8489
      vertex 18.85 0.411389 20.8921
      vertex 18.85 0.364405 20.9092
    endloop
  endfacet
  facet normal -1 0 0
    outer loop
      vertex 18.85 3.34153 34.3516
      vertex 18.85 0.706425 21.8489
      vertex 18.85 -0.985021 22.4645
    endloop
  endfacet
  facet normal 0 -0.939693 0.34202
    outer loop
      vertex 9.15 0.411389 20.8921
      vertex 18.85 5.54169 34.9875
      vertex 9.15 5.54169 34.9875
    endloop
  endfacet
  facet normal 0 -0.939693 0.34202
    outer loop
      vertex 18.85 5.54169 34.9875
      vertex 9.15 0.411389 20.8921
      vertex 18.85 0.411389 20.8921
    endloop
  endfacet
  facet normal -0 0.342006 0.939698
    outer loop
      vertex 9.15 0.411389 20.8921
      vertex 18.85 0.364405 20.9092
      vertex 18.85 0.411389 20.8921
    endloop
  endfacet
  facet normal 0 0.342006 0.939698
    outer loop
      vertex 18.85 0.364405 20.9092
      vertex 9.15 0.411389 20.8921
      vertex 9.15 0.364405 20.9092
    endloop
  endfacet
  facet normal 1 0 0
    outer loop
      vertex 27.65 3.34153 34.3516
      vertex 27.65 -0.985021 22.4645
      vertex 27.65 0.706425 21.8489
    endloop
  endfacet
  facet normal 1 0 0
    outer loop
      vertex 27.65 5.03298 33.736
      vertex 27.65 5.54169 34.9875
      vertex 27.65 5.49471 35.0046
    endloop
  endfacet
  facet normal 1 0 0
    outer loop
      vertex 27.65 0.706425 21.8489
      vertex 27.65 5.03298 33.736
      vertex 27.65 3.34153 34.3516
    endloop
  endfacet
  facet normal 1 0 0
    outer loop
      vertex 27.65 0.411389 20.8921
      vertex 27.65 5.03298 33.736
      vertex 27.65 0.706425 21.8489
    endloop
  endfacet
  facet normal 1 -0 0
    outer loop
      vertex 27.65 5.03298 33.736
      vertex 27.65 0.411389 20.8921
      vertex 27.65 5.54169 34.9875
    endloop
  endfacet
  facet normal 1 0 -0
    outer loop
      vertex 27.65 0.411389 20.8921
      vertex 27.65 0.706425 21.8489
      vertex 27.65 0.364405 20.9092
    endloop
  endfacet
  facet normal 0 -0.342032 -0.939688
    outer loop
      vertex 27.65 5.49471 35.0046
      vertex 37.35 5.54169 34.9875
      vertex 37.35 5.49471 35.0046
    endloop
  endfacet
  facet normal -0 -0.342032 -0.939688
    outer loop
      vertex 37.35 5.54169 34.9875
      vertex 27.65 5.49471 35.0046
      vertex 27.65 5.54169 34.9875
    endloop
  endfacet
  facet normal -1 -0 0
    outer loop
      vertex 37.35 5.54169 34.9875
      vertex 37.35 5.03298 33.736
      vertex 37.35 5.49471 35.0046
    endloop
  endfacet
  facet normal -1 -0 0
    outer loop
      vertex 37.35 5.03298 33.736
      vertex 37.35 0.706425 21.8489
      vertex 37.35 3.34153 34.3516
    endloop
  endfacet
  facet normal -1 0 0
    outer loop
      vertex 37.35 0.411389 20.8921
      vertex 37.35 5.03298 33.736
      vertex 37.35 5.54169 34.9875
    endloop
  endfacet
  facet normal -1 0 0
    outer loop
      vertex 37.35 5.03298 33.736
      vertex 37.35 0.411389 20.8921
      vertex 37.35 0.706425 21.8489
    endloop
  endfacet
  facet normal -1 0 0
    outer loop
      vertex 37.35 0.706425 21.8489
      vertex 37.35 0.411389 20.8921
      vertex 37.35 0.364405 20.9092
    endloop
  endfacet
  facet normal -1 0 0
    outer loop
      vertex 37.35 3.34153 34.3516
      vertex 37.35 0.706425 21.8489
      vertex 37.35 -0.985021 22.4645
    endloop
  endfacet
  facet normal 0 -0.939693 0.34202
    outer loop
      vertex 27.65 0.411389 20.8921
      vertex 37.35 5.54169 34.9875
      vertex 27.65 5.54169 34.9875
    endloop
  endfacet
  facet normal 0 -0.939693 0.34202
    outer loop
      vertex 37.35 5.54169 34.9875
      vertex 27.65 0.411389 20.8921
      vertex 37.35 0.411389 20.8921
    endloop
  endfacet
  facet normal -0 0.342006 0.939698
    outer loop
      vertex 27.65 0.411389 20.8921
      vertex 37.35 0.364405 20.9092
      vertex 37.35 0.411389 20.8921
    endloop
  endfacet
  facet normal 0 0.342006 0.939698
    outer loop
      vertex 37.35 0.364405 20.9092
      vertex 27.65 0.411389 20.8921
      vertex 27.65 0.364405 20.9092
    endloop
  endfacet
endsolid OpenSCAD_Model
