solid OpenSCAD_Model
  facet normal -0.382778 0.800071 -0.461917
    outer loop
      vertex -74.4351 11.9882 31.5952
      vertex -74.5999 2.92915 16.0409
      vertex -74.5999 11.9291 31.6294
    endloop
  endfacet
  facet normal -0.382497 0.80017 -0.461978
    outer loop
      vertex -74.5999 2.92915 16.0409
      vertex -74.4351 11.9882 31.5952
      vertex -74.4351 2.98824 16.0068
    endloop
  endfacet
  facet normal 0 0.866025 -0.500001
    outer loop
      vertex 40.91 3.06551 15.9622
      vertex 1.41 12.0655 31.5506
      vertex 40.91 12.0655 31.5506
    endloop
  endfacet
  facet normal 0 0.866025 -0.500001
    outer loop
      vertex 1.41 12.0655 31.5506
      vertex 40.91 3.06551 15.9622
      vertex -34.41 12.0655 31.5506
    endloop
  endfacet
  facet normal 0 0.866025 -0.500001
    outer loop
      vertex -73.91 3.06551 15.9622
      vertex -34.41 12.0655 31.5506
      vertex 40.91 3.06551 15.9622
    endloop
  endfacet
  facet normal 0 0.866025 -0.500001
    outer loop
      vertex -34.41 12.0655 31.5506
      vertex -73.91 3.06551 15.9622
      vertex -73.91 12.0655 31.5506
    endloop
  endfacet
  facet normal 0 0.866026 -0.499999
    outer loop
      vertex 1.41 12.0655 31.5506
      vertex -34.41 19.0655 43.675
      vertex 1.41 19.0655 43.675
    endloop
  endfacet
  facet normal 0 0.866026 -0.499999
    outer loop
      vertex -34.41 19.0655 43.675
      vertex 1.41 12.0655 31.5506
      vertex -34.41 12.0655 31.5506
    endloop
  endfacet
  facet normal -0.578454 -0.706431 0.407857
    outer loop
      vertex -74.9014 9.59464 32.9772
      vertex -74.7559 0.505287 17.4403
      vertex -74.7559 9.50529 33.0288
    endloop
  endfacet
  facet normal -0.578473 -0.706419 0.40785
    outer loop
      vertex -74.7559 0.505287 17.4403
      vertex -74.9014 9.59464 32.9772
      vertex -74.9014 0.594643 17.3887
    endloop
  endfacet
  facet normal -0.961022 -0.239431 0.138236
    outer loop
      vertex -75.4601 1.3648 16.9441
      vertex -75.4108 10.2164 32.6182
      vertex -75.4601 10.3648 32.5325
    endloop
  endfacet
  facet normal -0.960993 -0.239518 0.138285
    outer loop
      vertex -75.4108 10.2164 32.6182
      vertex -75.4601 1.3648 16.9441
      vertex -75.4108 1.21642 17.0297
    endloop
  endfacet
  facet normal 0 -0.866019 0.500011
    outer loop
      vertex -60.65 1.04423 18.8612
      vertex -51.85 1.54423 19.7272
      vertex -60.65 1.54423 19.7272
    endloop
  endfacet
  facet normal 0 -0.866019 0.500011
    outer loop
      vertex -51.85 1.54423 19.7272
      vertex -60.65 1.04423 18.8612
      vertex -51.85 1.04423 18.8612
    endloop
  endfacet
  facet normal 0 -0.866019 0.500011
    outer loop
      vertex 18.85 1.04423 18.8612
      vertex 27.65 1.54423 19.7272
      vertex 18.85 1.54423 19.7272
    endloop
  endfacet
  facet normal 0 -0.866019 0.500011
    outer loop
      vertex 27.65 1.54423 19.7272
      vertex 18.85 1.04423 18.8612
      vertex 27.65 1.04423 18.8612
    endloop
  endfacet
  facet normal 0 -0.866019 0.500011
    outer loop
      vertex 37.35 1.54423 19.7272
      vertex 37.35 1.04423 18.8612
      vertex 39.6894 1.54423 19.7272
    endloop
  endfacet
  facet normal 0 -0.866019 0.500011
    outer loop
      vertex -42.15 1.04423 18.8612
      vertex -36.3106 1.54423 19.7272
      vertex -42.15 1.54423 19.7272
    endloop
  endfacet
  facet normal 0 -0.866019 0.500011
    outer loop
      vertex -36.3106 1.54423 19.7272
      vertex -42.15 1.04423 18.8612
      vertex -33.1265 1.54423 19.7272
    endloop
  endfacet
  facet normal 0 -0.866019 0.500011
    outer loop
      vertex -33.1265 1.54423 19.7272
      vertex -42.15 1.04423 18.8612
      vertex 0.126506 1.54423 19.7272
    endloop
  endfacet
  facet normal 0 -0.866019 0.500011
    outer loop
      vertex 9.15 1.04423 18.8612
      vertex 0.126506 1.54423 19.7272
      vertex -42.15 1.04423 18.8612
    endloop
  endfacet
  facet normal 0 -0.866019 0.500011
    outer loop
      vertex 0.126506 1.54423 19.7272
      vertex 9.15 1.04423 18.8612
      vertex 3.31057 1.54423 19.7272
    endloop
  endfacet
  facet normal 0 -0.866019 0.500011
    outer loop
      vertex 3.31057 1.54423 19.7272
      vertex 9.15 1.04423 18.8612
      vertex 9.15 1.54423 19.7272
    endloop
  endfacet
  facet normal 0 -0.866019 0.500011
    outer loop
      vertex 18.85 7.86923 30.6825
      vertex 27.65 8.54423 31.8516
      vertex 18.85 8.54423 31.8516
    endloop
  endfacet
  facet normal 0 -0.866019 0.500011
    outer loop
      vertex 27.65 8.54423 31.8516
      vertex 18.85 7.86923 30.6825
      vertex 27.65 7.86923 30.6825
    endloop
  endfacet
  facet normal 0 -0.866019 0.500011
    outer loop
      vertex -60.65 7.86923 30.6825
      vertex -51.85 8.54423 31.8516
      vertex -60.65 8.54423 31.8516
    endloop
  endfacet
  facet normal 0 -0.866019 0.500011
    outer loop
      vertex -51.85 8.54423 31.8516
      vertex -60.65 7.86923 30.6825
      vertex -51.85 7.86923 30.6825
    endloop
  endfacet
  facet normal 0 -0.866019 0.500011
    outer loop
      vertex -60.65 8.54423 31.8516
      vertex -73.91 9.29423 33.1506
      vertex -70.35 8.54423 31.8516
    endloop
  endfacet
  facet normal -2.40339e-16 -0.866019 0.500011
    outer loop
      vertex -73.91 9.29423 33.1506
      vertex -72.6894 7.86923 30.6825
      vertex -70.35 8.54423 31.8516
    endloop
  endfacet
  facet normal -2.58313e-05 -0.866025 0.500001
    outer loop
      vertex -73.91 0.294229 17.5622
      vertex -72.6894 7.86923 30.6825
      vertex -73.91 9.29423 33.1506
    endloop
  endfacet
  facet normal 0 -0.866019 0.500011
    outer loop
      vertex -72.6894 1.54423 19.7272
      vertex -70.35 1.04423 18.8612
      vertex -70.35 1.54423 19.7272
    endloop
  endfacet
  facet normal 0 -0.866019 0.500012
    outer loop
      vertex -73.91 0.294229 17.5622
      vertex -60.65 1.04423 18.8612
      vertex -70.35 1.04423 18.8612
    endloop
  endfacet
  facet normal 0 -0.866019 0.500012
    outer loop
      vertex -60.65 1.04423 18.8612
      vertex -73.91 0.294229 17.5622
      vertex -51.85 1.04423 18.8612
    endloop
  endfacet
  facet normal 0 -0.866019 0.500012
    outer loop
      vertex -51.85 1.04423 18.8612
      vertex -73.91 0.294229 17.5622
      vertex -42.15 1.04423 18.8612
    endloop
  endfacet
  facet normal 0 -0.866019 0.500012
    outer loop
      vertex -42.15 1.04423 18.8612
      vertex -73.91 0.294229 17.5622
      vertex 9.15 1.04423 18.8612
    endloop
  endfacet
  facet normal 0 -0.866019 0.500012
    outer loop
      vertex 40.91 0.294229 17.5622
      vertex 9.15 1.04423 18.8612
      vertex -73.91 0.294229 17.5622
    endloop
  endfacet
  facet normal 0 -0.866019 0.500012
    outer loop
      vertex 9.15 1.04423 18.8612
      vertex 40.91 0.294229 17.5622
      vertex 18.85 1.04423 18.8612
    endloop
  endfacet
  facet normal 0 -0.866019 0.500012
    outer loop
      vertex 18.85 1.04423 18.8612
      vertex 40.91 0.294229 17.5622
      vertex 27.65 1.04423 18.8612
    endloop
  endfacet
  facet normal 1.22508e-07 -0.866019 0.500011
    outer loop
      vertex -72.6894 1.54423 19.7272
      vertex -73.91 0.294229 17.5622
      vertex -70.35 1.04423 18.8612
    endloop
  endfacet
  facet normal 3.30915e-05 -0.866027 0.499997
    outer loop
      vertex -72.6894 7.86923 30.6825
      vertex -73.91 0.294229 17.5622
      vertex -72.6894 1.54423 19.7272
    endloop
  endfacet
  facet normal 0 -0.866028 0.499996
    outer loop
      vertex -34.41 16.2942 45.275
      vertex -33.1265 14.8692 42.8068
      vertex 1.41 16.2942 45.275
    endloop
  endfacet
  facet normal 3.11391e-06 -0.866027 0.499997
    outer loop
      vertex -34.41 9.29423 33.1506
      vertex -33.1265 14.8692 42.8068
      vertex -34.41 16.2942 45.275
    endloop
  endfacet
  facet normal 0 -0.866019 0.500011
    outer loop
      vertex -51.85 8.54423 31.8516
      vertex -73.91 9.29423 33.1506
      vertex -60.65 8.54423 31.8516
    endloop
  endfacet
  facet normal 0 -0.866019 0.500011
    outer loop
      vertex -73.91 9.29423 33.1506
      vertex -51.85 8.54423 31.8516
      vertex -34.41 9.29423 33.1506
    endloop
  endfacet
  facet normal 0 -0.866019 0.500011
    outer loop
      vertex -42.15 8.54423 31.8516
      vertex -34.41 9.29423 33.1506
      vertex -51.85 8.54423 31.8516
    endloop
  endfacet
  facet normal 0 -0.866019 0.500011
    outer loop
      vertex -36.3106 7.86923 30.6825
      vertex -42.15 8.54423 31.8516
      vertex -42.15 7.86923 30.6825
    endloop
  endfacet
  facet normal 1.04042e-16 -0.866019 0.500011
    outer loop
      vertex -42.15 8.54423 31.8516
      vertex -36.3106 7.86923 30.6825
      vertex -34.41 9.29423 33.1506
    endloop
  endfacet
  facet normal 0 -0.866027 0.499997
    outer loop
      vertex -33.1265 1.54423 19.7272
      vertex -36.3106 7.86923 30.6825
      vertex -36.3106 1.54423 19.7272
    endloop
  endfacet
  facet normal -1.45504e-05 -0.866026 0.499999
    outer loop
      vertex -34.41 9.29423 33.1506
      vertex -33.1265 1.54423 19.7272
      vertex -33.1265 14.8692 42.8068
    endloop
  endfacet
  facet normal 1.72116e-05 -0.866025 0.500001
    outer loop
      vertex -36.3106 7.86923 30.6825
      vertex -33.1265 1.54423 19.7272
      vertex -34.41 9.29423 33.1506
    endloop
  endfacet
  facet normal 0 -0.866028 0.499996
    outer loop
      vertex 0.126506 14.8692 42.8068
      vertex 1.41 16.2942 45.275
      vertex -33.1265 14.8692 42.8068
    endloop
  endfacet
  facet normal -3.11393e-06 -0.866027 0.499997
    outer loop
      vertex 0.126506 14.8692 42.8068
      vertex 1.41 9.29423 33.1506
      vertex 1.41 16.2942 45.275
    endloop
  endfacet
  facet normal 0 -0.866019 0.500011
    outer loop
      vertex 18.85 8.54423 31.8516
      vertex 1.41 9.29423 33.1506
      vertex 9.15 8.54423 31.8516
    endloop
  endfacet
  facet normal -1.04042e-16 -0.866019 0.500011
    outer loop
      vertex 1.41 9.29423 33.1506
      vertex 3.31057 7.86923 30.6825
      vertex 9.15 8.54423 31.8516
    endloop
  endfacet
  facet normal 1.45505e-05 -0.866026 0.499999
    outer loop
      vertex 0.126506 1.54423 19.7272
      vertex 1.41 9.29423 33.1506
      vertex 0.126506 14.8692 42.8068
    endloop
  endfacet
  facet normal -1.72118e-05 -0.866025 0.500001
    outer loop
      vertex 0.126506 1.54423 19.7272
      vertex 3.31057 7.86923 30.6825
      vertex 1.41 9.29423 33.1506
    endloop
  endfacet
  facet normal 0 -0.866027 0.499997
    outer loop
      vertex 3.31057 7.86923 30.6825
      vertex 0.126506 1.54423 19.7272
      vertex 3.31057 1.54423 19.7272
    endloop
  endfacet
  facet normal 0 -0.866019 0.500011
    outer loop
      vertex 1.41 9.29423 33.1506
      vertex 18.85 8.54423 31.8516
      vertex 40.91 9.29423 33.1506
    endloop
  endfacet
  facet normal 0 -0.866019 0.500011
    outer loop
      vertex 27.65 8.54423 31.8516
      vertex 40.91 9.29423 33.1506
      vertex 18.85 8.54423 31.8516
    endloop
  endfacet
  facet normal 0 -0.866019 0.500011
    outer loop
      vertex 37.35 8.54423 31.8516
      vertex 40.91 9.29423 33.1506
      vertex 27.65 8.54423 31.8516
    endloop
  endfacet
  facet normal 0 -0.866019 0.500011
    outer loop
      vertex 39.6894 7.86923 30.6825
      vertex 37.35 8.54423 31.8516
      vertex 37.35 7.86923 30.6825
    endloop
  endfacet
  facet normal 2.40339e-16 -0.866019 0.500011
    outer loop
      vertex 37.35 8.54423 31.8516
      vertex 39.6894 7.86923 30.6825
      vertex 40.91 9.29423 33.1506
    endloop
  endfacet
  facet normal -3.30915e-05 -0.866027 0.499997
    outer loop
      vertex 40.91 0.294229 17.5622
      vertex 39.6894 7.86923 30.6825
      vertex 39.6894 1.54423 19.7272
    endloop
  endfacet
  facet normal 2.58313e-05 -0.866025 0.500001
    outer loop
      vertex 39.6894 7.86923 30.6825
      vertex 40.91 0.294229 17.5622
      vertex 40.91 9.29423 33.1506
    endloop
  endfacet
  facet normal -1.22508e-07 -0.866019 0.500011
    outer loop
      vertex 37.35 1.04423 18.8612
      vertex 40.91 0.294229 17.5622
      vertex 39.6894 1.54423 19.7272
    endloop
  endfacet
  facet normal 0 -0.866019 0.500012
    outer loop
      vertex 27.65 1.04423 18.8612
      vertex 40.91 0.294229 17.5622
      vertex 37.35 1.04423 18.8612
    endloop
  endfacet
  facet normal 0 -0.866019 0.500011
    outer loop
      vertex -70.35 8.54423 31.8516
      vertex -72.6894 7.86923 30.6825
      vertex -70.35 7.86923 30.6825
    endloop
  endfacet
  facet normal 0 -0.866019 0.500011
    outer loop
      vertex 9.15 8.54423 31.8516
      vertex 3.31057 7.86923 30.6825
      vertex 9.15 7.86923 30.6825
    endloop
  endfacet
  facet normal 2.17814e-05 0.500444 0.865769
    outer loop
      vertex -36 10.6885 32.3456
      vertex -73.91 12.0655 31.5506
      vertex -36 10.6712 32.3556
    endloop
  endfacet
  facet normal -5.32116e-06 0.499885 0.866092
    outer loop
      vertex -35.99 10.8427 32.2566
      vertex -73.91 12.0655 31.5506
      vertex -36 10.6885 32.3456
    endloop
  endfacet
  facet normal 4.61011e-06 0.500116 0.865959
    outer loop
      vertex -35.9601 10.9949 32.1687
      vertex -73.91 12.0655 31.5506
      vertex -35.99 10.8427 32.2566
    endloop
  endfacet
  facet normal -1.25989e-05 0.499658 0.866223
    outer loop
      vertex -35.9108 11.1433 32.0831
      vertex -73.91 12.0655 31.5506
      vertex -35.9601 10.9949 32.1687
    endloop
  endfacet
  facet normal 2.41542e-07 0.500055 0.865994
    outer loop
      vertex -35.8425 11.286 32.0007
      vertex -73.91 12.0655 31.5506
      vertex -35.9108 11.1433 32.0831
    endloop
  endfacet
  facet normal -1.24831e-06 0.5 0.866025
    outer loop
      vertex -35.7563 11.4211 31.9227
      vertex -73.91 12.0655 31.5506
      vertex -35.8425 11.286 32.0007
    endloop
  endfacet
  facet normal -6.5257e-06 0.499766 0.86616
    outer loop
      vertex -35.6531 11.5471 31.85
      vertex -73.91 12.0655 31.5506
      vertex -35.7563 11.4211 31.9227
    endloop
  endfacet
  facet normal 2.45511e-06 0.500263 0.865873
    outer loop
      vertex -35.5343 11.6622 31.7835
      vertex -73.91 12.0655 31.5506
      vertex -35.6531 11.5471 31.85
    endloop
  endfacet
  facet normal -2.0318e-06 0.499943 0.866058
    outer loop
      vertex -35.4013 11.7651 31.7241
      vertex -73.91 12.0655 31.5506
      vertex -35.5343 11.6622 31.7835
    endloop
  endfacet
  facet normal -2.54881e-06 0.499893 0.866087
    outer loop
      vertex -35.2559 11.8545 31.6725
      vertex -73.91 12.0655 31.5506
      vertex -35.4013 11.7651 31.7241
    endloop
  endfacet
  facet normal 1.0688e-07 0.500258 0.865876
    outer loop
      vertex -35.0999 11.9291 31.6294
      vertex -73.91 12.0655 31.5506
      vertex -35.2559 11.8545 31.6725
    endloop
  endfacet
  facet normal 2.9148e-06 0.500857 0.86553
    outer loop
      vertex -34.9351 11.9882 31.5952
      vertex -73.91 12.0655 31.5506
      vertex -35.0999 11.9291 31.6294
    endloop
  endfacet
  facet normal -3.7642e-06 0.49833 0.866987
    outer loop
      vertex -34.7638 12.031 31.5706
      vertex -73.91 12.0655 31.5506
      vertex -34.9351 11.9882 31.5952
    endloop
  endfacet
  facet normal -4.24211e-07 0.50117 0.865349
    outer loop
      vertex -34.588 12.0569 31.5556
      vertex -73.91 12.0655 31.5506
      vertex -34.7638 12.031 31.5706
    endloop
  endfacet
  facet normal -0 0.50262 0.864507
    outer loop
      vertex -73.91 12.0655 31.5506
      vertex -34.588 12.0569 31.5556
      vertex -34.41 12.0655 31.5506
    endloop
  endfacet
  facet normal 6.30607e-08 0.500002 0.866025
    outer loop
      vertex -73.91 9.29423 33.1506
      vertex -36 10.6712 32.3556
      vertex -73.91 12.0655 31.5506
    endloop
  endfacet
  facet normal 5.71582e-06 0.499885 0.866092
    outer loop
      vertex -36 10.6712 32.3556
      vertex -73.91 9.29423 33.1506
      vertex -35.99 10.517 32.4446
    endloop
  endfacet
  facet normal -4.21694e-06 0.500116 0.865959
    outer loop
      vertex -35.99 10.517 32.4446
      vertex -73.91 9.29423 33.1506
      vertex -35.9601 10.3648 32.5325
    endloop
  endfacet
  facet normal -3.32234e-06 0.500092 0.865972
    outer loop
      vertex -35.9601 10.3648 32.5325
      vertex -73.91 9.29423 33.1506
      vertex -35.9108 10.2164 32.6182
    endloop
  endfacet
  facet normal -1.05146e-05 0.500314 0.865844
    outer loop
      vertex -35.9108 10.2164 32.6182
      vertex -73.91 9.29423 33.1506
      vertex -35.8425 10.0738 32.7006
    endloop
  endfacet
  facet normal 4.82465e-06 0.499752 0.866168
    outer loop
      vertex -35.8425 10.0738 32.7006
      vertex -73.91 9.29423 33.1506
      vertex -35.7563 9.93861 32.7786
    endloop
  endfacet
  facet normal -8.28494e-08 0.49997 0.866042
    outer loop
      vertex -35.7563 9.93861 32.7786
      vertex -73.91 9.29423 33.1506
      vertex -35.6531 9.81268 32.8513
    endloop
  endfacet
  facet normal -3.00955e-06 0.500132 0.865949
    outer loop
      vertex -35.6531 9.81268 32.8513
      vertex -73.91 9.29423 33.1506
      vertex -35.5343 9.69754 32.9178
    endloop
  endfacet
  facet normal -3.23271e-07 0.499941 0.86606
    outer loop
      vertex -35.5343 9.69754 32.9178
      vertex -73.91 9.29423 33.1506
      vertex -35.4013 9.59464 32.9772
    endloop
  endfacet
  facet normal -1.9549e-06 0.500098 0.865969
    outer loop
      vertex -35.4013 9.59464 32.9772
      vertex -73.91 9.29423 33.1506
      vertex -35.2559 9.50529 33.0288
    endloop
  endfacet
  facet normal 5.26156e-07 0.499757 0.866166
    outer loop
      vertex -35.2559 9.50529 33.0288
      vertex -73.91 9.29423 33.1506
      vertex -35.0999 9.43059 33.0719
    endloop
  endfacet
  facet normal 1.89625e-07 0.499829 0.866124
    outer loop
      vertex -35.0999 9.43059 33.0719
      vertex -73.91 9.29423 33.1506
      vertex -34.9351 9.3715 33.106
    endloop
  endfacet
  facet normal -9.89392e-07 0.500275 0.865867
    outer loop
      vertex -34.9351 9.3715 33.106
      vertex -73.91 9.29423 33.1506
      vertex -34.7638 9.32875 33.1307
    endloop
  endfacet
  facet normal 0 0.500011 0.866019
    outer loop
      vertex -34.588 9.30289 33.1456
      vertex -73.91 9.29423 33.1506
      vertex -34.41 9.29423 33.1506
    endloop
  endfacet
  facet normal 2.26318e-07 0.49924 0.866464
    outer loop
      vertex -34.7638 9.32875 33.1307
      vertex -73.91 9.29423 33.1506
      vertex -34.588 9.30289 33.1456
    endloop
  endfacet
  facet normal 0.000169154 0.500002 0.866025
    outer loop
      vertex -74.088 12.0569 31.5556
      vertex -73.91 9.29423 33.1506
      vertex -73.91 12.0655 31.5506
    endloop
  endfacet
  facet normal -1.14831e-06 0.499993 0.866029
    outer loop
      vertex -74.088 12.0569 31.5556
      vertex -74.088 9.30289 33.1456
      vertex -73.91 9.29423 33.1506
    endloop
  endfacet
  facet normal 0.000231016 0.499993 0.866029
    outer loop
      vertex -74.2638 12.031 31.5706
      vertex -74.088 9.30289 33.1456
      vertex -74.088 12.0569 31.5556
    endloop
  endfacet
  facet normal 0.000147046 0.499989 0.866032
    outer loop
      vertex -74.2638 12.031 31.5706
      vertex -74.2638 9.32875 33.1307
      vertex -74.088 9.30289 33.1456
    endloop
  endfacet
  facet normal -0.000555527 0.499989 0.866031
    outer loop
      vertex -74.4351 11.9882 31.5952
      vertex -74.2638 9.32875 33.1307
      vertex -74.2638 12.031 31.5706
    endloop
  endfacet
  facet normal -8.84681e-05 0.500012 0.866019
    outer loop
      vertex -74.4351 11.9882 31.5952
      vertex -74.4351 9.3715 33.106
      vertex -74.2638 9.32875 33.1307
    endloop
  endfacet
  facet normal 0.000407392 0.500012 0.866019
    outer loop
      vertex -74.5999 11.9291 31.6294
      vertex -74.4351 9.3715 33.106
      vertex -74.4351 11.9882 31.5952
    endloop
  endfacet
  facet normal 8.02058e-05 0.499996 0.866028
    outer loop
      vertex -74.5999 11.9291 31.6294
      vertex -74.5999 9.43059 33.0719
      vertex -74.4351 9.3715 33.106
    endloop
  endfacet
  facet normal 0.000167267 0.499996 0.866028
    outer loop
      vertex -74.7559 11.8545 31.6725
      vertex -74.5999 9.43059 33.0719
      vertex -74.5999 11.9291 31.6294
    endloop
  endfacet
  facet normal 0.000152797 0.499995 0.866028
    outer loop
      vertex -74.7559 11.8545 31.6725
      vertex -74.7559 9.50529 33.0288
      vertex -74.5999 9.43059 33.0719
    endloop
  endfacet
  facet normal -8.61037e-05 0.499995 0.866028
    outer loop
      vertex -74.9014 11.7651 31.7241
      vertex -74.7559 9.50529 33.0288
      vertex -74.7559 11.8545 31.6725
    endloop
  endfacet
  facet normal -8.57001e-05 0.499995 0.866028
    outer loop
      vertex -74.9014 11.7651 31.7241
      vertex -74.9014 9.59464 32.9772
      vertex -74.7559 9.50529 33.0288
    endloop
  endfacet
  facet normal -5.60411e-05 0.499995 0.866028
    outer loop
      vertex -75.0343 11.6622 31.7835
      vertex -74.9014 9.59464 32.9772
      vertex -74.9014 11.7651 31.7241
    endloop
  endfacet
  facet normal 6.19112e-05 0.500001 0.866025
    outer loop
      vertex -75.0343 11.6622 31.7835
      vertex -75.0343 9.69754 32.9178
      vertex -74.9014 9.59464 32.9772
    endloop
  endfacet
  facet normal 0.000341213 0.500001 0.866025
    outer loop
      vertex -75.1531 11.5471 31.85
      vertex -75.0343 9.69754 32.9178
      vertex -75.0343 11.6622 31.7835
    endloop
  endfacet
  facet normal -0.000206993 0.499975 0.86604
    outer loop
      vertex -75.1531 11.5471 31.85
      vertex -75.1531 9.81268 32.8513
      vertex -75.0343 9.69754 32.9178
    endloop
  endfacet
  facet normal -0.000345783 0.499975 0.86604
    outer loop
      vertex -75.2563 11.4211 31.9227
      vertex -75.1531 9.81268 32.8513
      vertex -75.1531 11.5471 31.85
    endloop
  endfacet
  facet normal 3.659e-05 0.499993 0.866029
    outer loop
      vertex -75.2563 11.4211 31.9227
      vertex -75.2563 9.93861 32.7786
      vertex -75.1531 9.81268 32.8513
    endloop
  endfacet
  facet normal 1.44349e-05 0.499993 0.866029
    outer loop
      vertex -75.3425 11.286 32.0007
      vertex -75.2563 9.93861 32.7786
      vertex -75.2563 11.4211 31.9227
    endloop
  endfacet
  facet normal 0.00056259 0.500019 0.866014
    outer loop
      vertex -75.3425 11.286 32.0007
      vertex -75.3425 10.0738 32.7006
      vertex -75.2563 9.93861 32.7786
    endloop
  endfacet
  facet normal 9.98926e-05 0.500019 0.866014
    outer loop
      vertex -75.4108 11.1433 32.0831
      vertex -75.3425 10.0738 32.7006
      vertex -75.3425 11.286 32.0007
    endloop
  endfacet
  facet normal -0.000975384 0.499968 0.866044
    outer loop
      vertex -75.4108 11.1433 32.0831
      vertex -75.4108 10.2164 32.6182
      vertex -75.3425 10.0738 32.7006
    endloop
  endfacet
  facet normal -0.00125464 0.499967 0.866043
    outer loop
      vertex -75.4601 10.9949 32.1687
      vertex -75.4108 10.2164 32.6182
      vertex -75.4108 11.1433 32.0831
    endloop
  endfacet
  facet normal -0.000324786 0.500012 0.866018
    outer loop
      vertex -75.4601 10.9949 32.1687
      vertex -75.4601 10.3648 32.5325
      vertex -75.4108 10.2164 32.6182
    endloop
  endfacet
  facet normal 0.000709271 0.500012 0.866018
    outer loop
      vertex -75.49 10.8427 32.2566
      vertex -75.4601 10.3648 32.5325
      vertex -75.4601 10.9949 32.1687
    endloop
  endfacet
  facet normal -0.00137225 0.499914 0.866074
    outer loop
      vertex -75.49 10.8427 32.2566
      vertex -75.49 10.517 32.4446
      vertex -75.4601 10.3648 32.5325
    endloop
  endfacet
  facet normal -0.000611597 0.499914 0.866075
    outer loop
      vertex -75.5 10.6885 32.3456
      vertex -75.49 10.517 32.4446
      vertex -75.49 10.8427 32.2566
    endloop
  endfacet
  facet normal 0.0115095 0.500411 0.865711
    outer loop
      vertex -75.49 10.517 32.4446
      vertex -75.5 10.6885 32.3456
      vertex -75.5 10.6712 32.3556
    endloop
  endfacet
  facet normal 0.0115095 0.500411 0.865711
    outer loop
      vertex 42.49 10.8427 32.2566
      vertex 42.5 10.6712 32.3556
      vertex 42.5 10.6885 32.3456
    endloop
  endfacet
  facet normal -0.000611597 0.499914 0.866075
    outer loop
      vertex 42.49 10.8427 32.2566
      vertex 42.49 10.517 32.4446
      vertex 42.5 10.6712 32.3556
    endloop
  endfacet
  facet normal -0.00137225 0.499914 0.866074
    outer loop
      vertex 42.4601 10.9949 32.1687
      vertex 42.49 10.517 32.4446
      vertex 42.49 10.8427 32.2566
    endloop
  endfacet
  facet normal 0.000709271 0.500012 0.866018
    outer loop
      vertex 42.4601 10.9949 32.1687
      vertex 42.4601 10.3648 32.5325
      vertex 42.49 10.517 32.4446
    endloop
  endfacet
  facet normal 0.00143184 0.500011 0.866018
    outer loop
      vertex 42.4108 11.1433 32.0831
      vertex 42.4601 10.3648 32.5325
      vertex 42.4601 10.9949 32.1687
    endloop
  endfacet
  facet normal 0.000502044 0.499968 0.866044
    outer loop
      vertex 42.4108 11.1433 32.0831
      vertex 42.4108 10.2164 32.6182
      vertex 42.4601 10.3648 32.5325
    endloop
  endfacet
  facet normal -0.000243367 0.499968 0.866044
    outer loop
      vertex 42.3425 11.286 32.0007
      vertex 42.4108 10.2164 32.6182
      vertex 42.4108 11.1433 32.0831
    endloop
  endfacet
  facet normal 0.000831985 0.500019 0.866014
    outer loop
      vertex 42.3425 11.286 32.0007
      vertex 42.3425 10.0738 32.7006
      vertex 42.4108 10.2164 32.6182
    endloop
  endfacet
  facet normal 4.05277e-05 0.500019 0.866014
    outer loop
      vertex 42.2563 11.4211 31.9227
      vertex 42.3425 10.0738 32.7006
      vertex 42.3425 11.286 32.0007
    endloop
  endfacet
  facet normal -0.000507599 0.499993 0.866029
    outer loop
      vertex 42.2563 11.4211 31.9227
      vertex 42.2563 9.93861 32.7786
      vertex 42.3425 10.0738 32.7006
    endloop
  endfacet
  facet normal 0.000375733 0.499993 0.866029
    outer loop
      vertex 42.1531 11.5471 31.85
      vertex 42.2563 9.93861 32.7786
      vertex 42.2563 11.4211 31.9227
    endloop
  endfacet
  facet normal -6.65283e-06 0.499975 0.86604
    outer loop
      vertex 42.1531 11.5471 31.85
      vertex 42.1531 9.81268 32.8513
      vertex 42.2563 9.93861 32.7786
    endloop
  endfacet
  facet normal -0.000375335 0.499975 0.86604
    outer loop
      vertex 42.0343 11.6622 31.7835
      vertex 42.1531 9.81268 32.8513
      vertex 42.1531 11.5471 31.85
    endloop
  endfacet
  facet normal 0.000172862 0.500001 0.866025
    outer loop
      vertex 42.0343 11.6622 31.7835
      vertex 42.0343 9.69754 32.9178
      vertex 42.1531 9.81268 32.8513
    endloop
  endfacet
  facet normal 6.18646e-05 0.500001 0.866025
    outer loop
      vertex 41.9013 11.7651 31.7241
      vertex 42.0343 9.69754 32.9178
      vertex 42.0343 11.6622 31.7835
    endloop
  endfacet
  facet normal -5.59989e-05 0.499995 0.866028
    outer loop
      vertex 41.9013 11.7651 31.7241
      vertex 41.9013 9.59464 32.9772
      vertex 42.0343 9.69754 32.9178
    endloop
  endfacet
  facet normal 8.61789e-05 0.499995 0.866028
    outer loop
      vertex 41.7559 11.8545 31.6725
      vertex 41.9013 9.59464 32.9772
      vertex 41.9013 11.7651 31.7241
    endloop
  endfacet
  facet normal 8.5775e-05 0.499995 0.866028
    outer loop
      vertex 41.7559 11.8545 31.6725
      vertex 41.7559 9.50529 33.0288
      vertex 41.9013 9.59464 32.9772
    endloop
  endfacet
  facet normal -0.000167713 0.499995 0.866028
    outer loop
      vertex 41.5999 11.9291 31.6294
      vertex 41.7559 9.50529 33.0288
      vertex 41.7559 11.8545 31.6725
    endloop
  endfacet
  facet normal -0.000153243 0.499996 0.866028
    outer loop
      vertex 41.5999 11.9291 31.6294
      vertex 41.5999 9.43059 33.0719
      vertex 41.7559 9.50529 33.0288
    endloop
  endfacet
  facet normal -0.000414957 0.499996 0.866028
    outer loop
      vertex 41.4351 11.9882 31.5952
      vertex 41.5999 9.43059 33.0719
      vertex 41.5999 11.9291 31.6294
    endloop
  endfacet
  facet normal -8.77642e-05 0.500012 0.866019
    outer loop
      vertex 41.4351 11.9882 31.5952
      vertex 41.4351 9.3715 33.106
      vertex 41.5999 9.43059 33.0719
    endloop
  endfacet
  facet normal 0.000563035 0.500012 0.866018
    outer loop
      vertex 41.2638 12.031 31.5706
      vertex 41.4351 9.3715 33.106
      vertex 41.4351 11.9882 31.5952
    endloop
  endfacet
  facet normal 9.59772e-05 0.499989 0.866032
    outer loop
      vertex 41.2638 12.031 31.5706
      vertex 41.2638 9.32875 33.1307
      vertex 41.4351 9.3715 33.106
    endloop
  endfacet
  facet normal -0.000231814 0.499989 0.866032
    outer loop
      vertex 41.088 12.0569 31.5556
      vertex 41.2638 9.32875 33.1307
      vertex 41.2638 12.031 31.5706
    endloop
  endfacet
  facet normal -0.000147841 0.499993 0.866029
    outer loop
      vertex 41.088 12.0569 31.5556
      vertex 41.088 9.30289 33.1456
      vertex 41.2638 9.32875 33.1307
    endloop
  endfacet
  facet normal -0.000169685 0.499993 0.866029
    outer loop
      vertex 40.91 12.0655 31.5506
      vertex 41.088 9.30289 33.1456
      vertex 41.088 12.0569 31.5556
    endloop
  endfacet
  facet normal 6.14468e-07 0.500002 0.866025
    outer loop
      vertex 40.91 12.0655 31.5506
      vertex 40.91 9.29423 33.1506
      vertex 41.088 9.30289 33.1456
    endloop
  endfacet
  facet normal -3.32614e-07 0.500002 0.866025
    outer loop
      vertex 40.91 12.0655 31.5506
      vertex 3 10.6885 32.3456
      vertex 40.91 9.29423 33.1506
    endloop
  endfacet
  facet normal 5.32116e-06 0.499885 0.866092
    outer loop
      vertex 40.91 12.0655 31.5506
      vertex 2.99 10.8427 32.2566
      vertex 3 10.6885 32.3456
    endloop
  endfacet
  facet normal -4.61014e-06 0.500116 0.865959
    outer loop
      vertex 40.91 12.0655 31.5506
      vertex 2.96013 10.9949 32.1687
      vertex 2.99 10.8427 32.2566
    endloop
  endfacet
  facet normal 1.25988e-05 0.499658 0.866223
    outer loop
      vertex 40.91 12.0655 31.5506
      vertex 2.91077 11.1433 32.0831
      vertex 2.96013 10.9949 32.1687
    endloop
  endfacet
  facet normal -2.41544e-07 0.500055 0.865994
    outer loop
      vertex 40.91 12.0655 31.5506
      vertex 2.84254 11.286 32.0007
      vertex 2.91077 11.1433 32.0831
    endloop
  endfacet
  facet normal 1.2483e-06 0.5 0.866025
    outer loop
      vertex 40.91 12.0655 31.5506
      vertex 2.75629 11.4211 31.9227
      vertex 2.84254 11.286 32.0007
    endloop
  endfacet
  facet normal 6.52572e-06 0.499766 0.86616
    outer loop
      vertex 40.91 12.0655 31.5506
      vertex 2.65311 11.5471 31.85
      vertex 2.75629 11.4211 31.9227
    endloop
  endfacet
  facet normal -2.45511e-06 0.500263 0.865873
    outer loop
      vertex 40.91 12.0655 31.5506
      vertex 2.5343 11.6622 31.7835
      vertex 2.65311 11.5471 31.85
    endloop
  endfacet
  facet normal 2.03181e-06 0.499943 0.866058
    outer loop
      vertex 40.91 12.0655 31.5506
      vertex 2.40135 11.7651 31.7241
      vertex 2.5343 11.6622 31.7835
    endloop
  endfacet
  facet normal 2.54881e-06 0.499893 0.866087
    outer loop
      vertex 40.91 12.0655 31.5506
      vertex 2.25593 11.8545 31.6725
      vertex 2.40135 11.7651 31.7241
    endloop
  endfacet
  facet normal -1.06879e-07 0.500258 0.865876
    outer loop
      vertex 40.91 12.0655 31.5506
      vertex 2.09987 11.9291 31.6294
      vertex 2.25593 11.8545 31.6725
    endloop
  endfacet
  facet normal -2.91481e-06 0.500857 0.86553
    outer loop
      vertex 40.91 12.0655 31.5506
      vertex 1.93514 11.9882 31.5952
      vertex 2.09987 11.9291 31.6294
    endloop
  endfacet
  facet normal 3.7642e-06 0.49833 0.866987
    outer loop
      vertex 40.91 12.0655 31.5506
      vertex 1.76381 12.031 31.5706
      vertex 1.93514 11.9882 31.5952
    endloop
  endfacet
  facet normal 4.24211e-07 0.50117 0.865349
    outer loop
      vertex 40.91 12.0655 31.5506
      vertex 1.58802 12.0569 31.5556
      vertex 1.76381 12.031 31.5706
    endloop
  endfacet
  facet normal 0 0.50262 0.864507
    outer loop
      vertex 1.58802 12.0569 31.5556
      vertex 40.91 12.0655 31.5506
      vertex 1.41 12.0655 31.5506
    endloop
  endfacet
  facet normal 2.13854e-05 0.500444 0.865769
    outer loop
      vertex 3 10.6712 32.3556
      vertex 40.91 9.29423 33.1506
      vertex 3 10.6885 32.3456
    endloop
  endfacet
  facet normal -5.71582e-06 0.499885 0.866092
    outer loop
      vertex 2.99 10.517 32.4446
      vertex 40.91 9.29423 33.1506
      vertex 3 10.6712 32.3556
    endloop
  endfacet
  facet normal 4.21696e-06 0.500116 0.865959
    outer loop
      vertex 2.96013 10.3648 32.5325
      vertex 40.91 9.29423 33.1506
      vertex 2.99 10.517 32.4446
    endloop
  endfacet
  facet normal 3.32231e-06 0.500092 0.865972
    outer loop
      vertex 2.91077 10.2164 32.6182
      vertex 40.91 9.29423 33.1506
      vertex 2.96013 10.3648 32.5325
    endloop
  endfacet
  facet normal 1.05147e-05 0.500314 0.865844
    outer loop
      vertex 2.84254 10.0738 32.7006
      vertex 40.91 9.29423 33.1506
      vertex 2.91077 10.2164 32.6182
    endloop
  endfacet
  facet normal -4.82462e-06 0.499752 0.866168
    outer loop
      vertex 2.75629 9.93861 32.7786
      vertex 40.91 9.29423 33.1506
      vertex 2.84254 10.0738 32.7006
    endloop
  endfacet
  facet normal 8.28496e-08 0.49997 0.866042
    outer loop
      vertex 2.65311 9.81268 32.8513
      vertex 40.91 9.29423 33.1506
      vertex 2.75629 9.93861 32.7786
    endloop
  endfacet
  facet normal 3.00955e-06 0.500132 0.865949
    outer loop
      vertex 2.5343 9.69754 32.9178
      vertex 40.91 9.29423 33.1506
      vertex 2.65311 9.81268 32.8513
    endloop
  endfacet
  facet normal 3.23273e-07 0.499941 0.86606
    outer loop
      vertex 2.40135 9.59464 32.9772
      vertex 40.91 9.29423 33.1506
      vertex 2.5343 9.69754 32.9178
    endloop
  endfacet
  facet normal 1.9549e-06 0.500098 0.865969
    outer loop
      vertex 2.25593 9.50529 33.0288
      vertex 40.91 9.29423 33.1506
      vertex 2.40135 9.59464 32.9772
    endloop
  endfacet
  facet normal -5.26154e-07 0.499757 0.866166
    outer loop
      vertex 2.09987 9.43059 33.0719
      vertex 40.91 9.29423 33.1506
      vertex 2.25593 9.50529 33.0288
    endloop
  endfacet
  facet normal -1.89625e-07 0.499829 0.866124
    outer loop
      vertex 1.93514 9.3715 33.106
      vertex 40.91 9.29423 33.1506
      vertex 2.09987 9.43059 33.0719
    endloop
  endfacet
  facet normal 9.89392e-07 0.500275 0.865867
    outer loop
      vertex 1.76381 9.32875 33.1307
      vertex 40.91 9.29423 33.1506
      vertex 1.93514 9.3715 33.106
    endloop
  endfacet
  facet normal -2.26318e-07 0.49924 0.866464
    outer loop
      vertex 1.58802 9.30289 33.1456
      vertex 40.91 9.29423 33.1506
      vertex 1.76381 9.32875 33.1307
    endloop
  endfacet
  facet normal 0 0.500011 0.866019
    outer loop
      vertex 40.91 9.29423 33.1506
      vertex 1.58802 9.30289 33.1456
      vertex 1.41 9.29423 33.1506
    endloop
  endfacet
  facet normal -0.815489 -0.501232 0.289386
    outer loop
      vertex -75.2563 0.938612 17.1901
      vertex -75.1531 9.81268 32.8513
      vertex -75.2563 9.93861 32.7786
    endloop
  endfacet
  facet normal -0.815593 -0.501105 0.289314
    outer loop
      vertex -75.1531 9.81268 32.8513
      vertex -75.2563 0.938612 17.1901
      vertex -75.1531 0.812676 17.2629
    endloop
  endfacet
  facet normal 0.875369 -0.418685 0.241728
    outer loop
      vertex 42.2563 9.93861 32.7786
      vertex 42.3425 1.07376 17.1121
      vertex 42.3425 10.0738 32.7006
    endloop
  endfacet
  facet normal 0.875321 -0.41876 0.241771
    outer loop
      vertex 42.3425 1.07376 17.1121
      vertex 42.2563 9.93861 32.7786
      vertex 42.2563 0.938612 17.1901
    endloop
  endfacet
  facet normal -0.0557995 0.864674 -0.499224
    outer loop
      vertex -73.91 12.0655 31.5506
      vertex -74.088 3.05685 15.9672
      vertex -74.088 12.0569 31.5556
    endloop
  endfacet
  facet normal -0.0560901 0.864661 -0.499214
    outer loop
      vertex -74.088 3.05685 15.9672
      vertex -73.91 12.0655 31.5506
      vertex -73.91 3.06551 15.9622
    endloop
  endfacet
  facet normal 0.382778 0.800071 -0.461917
    outer loop
      vertex 41.5999 2.92915 16.0409
      vertex 41.4351 11.9882 31.5952
      vertex 41.5999 11.9291 31.6294
    endloop
  endfacet
  facet normal 0.382497 0.80017 -0.461978
    outer loop
      vertex 41.4351 11.9882 31.5952
      vertex 41.5999 2.92915 16.0409
      vertex 41.4351 2.98824 16.0068
    endloop
  endfacet
  facet normal 1 0 0
    outer loop
      vertex 42.5 10.6712 32.3556
      vertex 42.5 1.68853 16.7572
      vertex 42.5 10.6885 32.3456
    endloop
  endfacet
  facet normal 1 0 -0
    outer loop
      vertex 42.5 1.68853 16.7572
      vertex 42.5 10.6712 32.3556
      vertex 42.5 1.67121 16.7672
    endloop
  endfacet
  facet normal -1 0 0
    outer loop
      vertex -75.5 1.68853 16.7572
      vertex -75.5 10.6712 32.3556
      vertex -75.5 10.6885 32.3456
    endloop
  endfacet
  facet normal -1 0 0
    outer loop
      vertex -75.5 10.6712 32.3556
      vertex -75.5 1.68853 16.7572
      vertex -75.5 1.67121 16.7672
    endloop
  endfacet
  facet normal 0.00110002 -0.500011 -0.866019
    outer loop
      vertex 42.49 1.51704 16.8562
      vertex 42.5 1.68853 16.7572
      vertex 42.5 1.67121 16.7672
    endloop
  endfacet
  facet normal -5.8506e-05 -0.49996 -0.866048
    outer loop
      vertex 42.49 1.51704 16.8562
      vertex 42.49 1.8427 16.6682
      vertex 42.5 1.68853 16.7572
    endloop
  endfacet
  facet normal -0.000390811 -0.49996 -0.866048
    outer loop
      vertex 42.4601 1.3648 16.9441
      vertex 42.49 1.8427 16.6682
      vertex 42.49 1.51704 16.8562
    endloop
  endfacet
  facet normal 0.00020197 -0.499988 -0.866032
    outer loop
      vertex 42.4601 1.3648 16.9441
      vertex 42.4601 1.99494 16.5803
      vertex 42.49 1.8427 16.6682
    endloop
  endfacet
  facet normal 0.00113349 -0.499988 -0.866032
    outer loop
      vertex 42.4108 1.21642 17.0297
      vertex 42.4601 1.99494 16.5803
      vertex 42.4601 1.3648 16.9441
    endloop
  endfacet
  facet normal 0.000704871 -0.499968 -0.866044
    outer loop
      vertex 42.4108 1.21642 17.0297
      vertex 42.4108 2.14332 16.4946
      vertex 42.4601 1.99494 16.5803
    endloop
  endfacet
  facet normal -0.000536174 -0.499968 -0.866044
    outer loop
      vertex 42.3425 1.07376 17.1121
      vertex 42.4108 2.14332 16.4946
      vertex 42.4108 1.21642 17.0297
    endloop
  endfacet
  facet normal 0.000409963 -0.500013 -0.866018
    outer loop
      vertex 42.3425 1.07376 17.1121
      vertex 42.3425 2.28598 16.4122
      vertex 42.4108 2.14332 16.4946
    endloop
  endfacet
  facet normal 0.000306028 -0.500013 -0.866018
    outer loop
      vertex 42.2563 0.938612 17.1901
      vertex 42.3425 2.28598 16.4122
      vertex 42.3425 1.07376 17.1121
    endloop
  endfacet
  facet normal -0.00026078 -0.499986 -0.866034
    outer loop
      vertex 42.2563 0.938612 17.1901
      vertex 42.2563 2.42113 16.3342
      vertex 42.3425 2.28598 16.4122
    endloop
  endfacet
  facet normal -0.000785044 -0.499986 -0.866033
    outer loop
      vertex 42.1531 0.812676 17.2629
      vertex 42.2563 2.42113 16.3342
      vertex 42.2563 0.938612 17.1901
    endloop
  endfacet
  facet normal -8.02455e-05 -0.50002 -0.866014
    outer loop
      vertex 42.1531 0.812676 17.2629
      vertex 42.1531 2.54706 16.2615
      vertex 42.2563 2.42113 16.3342
    endloop
  endfacet
  facet normal 0.000576224 -0.50002 -0.866014
    outer loop
      vertex 42.0343 0.697537 17.3293
      vertex 42.1531 2.54706 16.2615
      vertex 42.1531 0.812676 17.2629
    endloop
  endfacet
  facet normal 0.000173602 -0.5 -0.866025
    outer loop
      vertex 42.0343 0.697537 17.3293
      vertex 42.0343 2.6622 16.195
      vertex 42.1531 2.54706 16.2615
    endloop
  endfacet
  facet normal 3.87176e-05 -0.5 -0.866025
    outer loop
      vertex 41.9013 0.594643 17.3887
      vertex 42.0343 2.6622 16.195
      vertex 42.0343 0.697537 17.3293
    endloop
  endfacet
  facet normal -5.65336e-05 -0.499996 -0.866028
    outer loop
      vertex 41.9013 0.594643 17.3887
      vertex 41.9013 2.7651 16.1356
      vertex 42.0343 2.6622 16.195
    endloop
  endfacet
  facet normal -6.47017e-05 -0.499996 -0.866028
    outer loop
      vertex 41.7559 0.505287 17.4403
      vertex 41.9013 2.7651 16.1356
      vertex 41.9013 0.594643 17.3887
    endloop
  endfacet
  facet normal 7.96273e-05 -0.500003 -0.866024
    outer loop
      vertex 41.7559 0.505287 17.4403
      vertex 41.7559 2.85445 16.084
      vertex 41.9013 2.7651 16.1356
    endloop
  endfacet
  facet normal 0.000138355 -0.500003 -0.866024
    outer loop
      vertex 41.5999 0.430593 17.4834
      vertex 41.7559 2.85445 16.084
      vertex 41.7559 0.505287 17.4403
    endloop
  endfacet
  facet normal -0.00014874 -0.499989 -0.866032
    outer loop
      vertex 41.5999 0.430593 17.4834
      vertex 41.5999 2.92915 16.0409
      vertex 41.7559 2.85445 16.084
    endloop
  endfacet
  facet normal -0.000442603 -0.499989 -0.866032
    outer loop
      vertex 41.4351 0.371501 17.5176
      vertex 41.5999 2.92915 16.0409
      vertex 41.5999 0.430593 17.4834
    endloop
  endfacet
  facet normal -8.50925e-05 -0.500006 -0.866022
    outer loop
      vertex 41.4351 0.371501 17.5176
      vertex 41.4351 2.98824 16.0068
      vertex 41.5999 2.92915 16.0409
    endloop
  endfacet
  facet normal 0.000409393 -0.500006 -0.866022
    outer loop
      vertex 41.2638 0.328753 17.5422
      vertex 41.4351 2.98824 16.0068
      vertex 41.4351 0.371501 17.5176
    endloop
  endfacet
  facet normal 9.53768e-05 -0.499991 -0.866031
    outer loop
      vertex 41.2638 0.328753 17.5422
      vertex 41.2638 3.03099 15.9821
      vertex 41.4351 2.98824 16.0068
    endloop
  endfacet
  facet normal -0.000328159 -0.499991 -0.866031
    outer loop
      vertex 41.088 0.302887 17.5572
      vertex 41.2638 3.03099 15.9821
      vertex 41.2638 0.328753 17.5422
    endloop
  endfacet
  facet normal -0.000149096 -0.5 -0.866026
    outer loop
      vertex 41.088 0.302887 17.5572
      vertex 41.088 3.05685 15.9672
      vertex 41.2638 3.03099 15.9821
    endloop
  endfacet
  facet normal -6.35114e-06 -0.5 -0.866026
    outer loop
      vertex 40.91 0.294229 17.5622
      vertex 41.088 3.05685 15.9672
      vertex 41.088 0.302887 17.5572
    endloop
  endfacet
  facet normal 7.11025e-07 -0.5 -0.866025
    outer loop
      vertex 40.91 0.294229 17.5622
      vertex 40.91 3.06551 15.9622
      vertex 41.088 3.05685 15.9672
    endloop
  endfacet
  facet normal 0 -0.5 -0.866025
    outer loop
      vertex -73.91 0.294229 17.5622
      vertex 40.91 3.06551 15.9622
      vertex 40.91 0.294229 17.5622
    endloop
  endfacet
  facet normal 0 -0.5 -0.866025
    outer loop
      vertex -73.91 0.294229 17.5622
      vertex -73.91 3.06551 15.9622
      vertex 40.91 3.06551 15.9622
    endloop
  endfacet
  facet normal 6.329e-06 -0.5 -0.866025
    outer loop
      vertex -74.088 0.302887 17.5572
      vertex -73.91 3.06551 15.9622
      vertex -73.91 0.294229 17.5622
    endloop
  endfacet
  facet normal -7.33163e-07 -0.5 -0.866026
    outer loop
      vertex -74.088 0.302887 17.5572
      vertex -74.088 3.05685 15.9672
      vertex -73.91 3.06551 15.9622
    endloop
  endfacet
  facet normal 0.000326459 -0.5 -0.866026
    outer loop
      vertex -74.2638 0.328753 17.5422
      vertex -74.088 3.05685 15.9672
      vertex -74.088 0.302887 17.5572
    endloop
  endfacet
  facet normal 0.0001474 -0.499991 -0.866031
    outer loop
      vertex -74.2638 0.328753 17.5422
      vertex -74.2638 3.03099 15.9821
      vertex -74.088 3.05685 15.9672
    endloop
  endfacet
  facet normal -0.000404349 -0.499991 -0.866031
    outer loop
      vertex -74.4351 0.371501 17.5176
      vertex -74.2638 3.03099 15.9821
      vertex -74.2638 0.328753 17.5422
    endloop
  endfacet
  facet normal -9.03282e-05 -0.500006 -0.866022
    outer loop
      vertex -74.4351 0.371501 17.5176
      vertex -74.4351 2.98824 16.0068
      vertex -74.2638 3.03099 15.9821
    endloop
  endfacet
  facet normal 0.000434338 -0.500006 -0.866022
    outer loop
      vertex -74.5999 0.430593 17.4834
      vertex -74.4351 2.98824 16.0068
      vertex -74.4351 0.371501 17.5176
    endloop
  endfacet
  facet normal 7.68338e-05 -0.499989 -0.866032
    outer loop
      vertex -74.5999 0.430593 17.4834
      vertex -74.5999 2.92915 16.0409
      vertex -74.4351 2.98824 16.0068
    endloop
  endfacet
  facet normal -0.000129509 -0.499989 -0.866032
    outer loop
      vertex -74.7559 0.505287 17.4403
      vertex -74.5999 2.92915 16.0409
      vertex -74.5999 0.430593 17.4834
    endloop
  endfacet
  facet normal 0.000157586 -0.500003 -0.866024
    outer loop
      vertex -74.7559 0.505287 17.4403
      vertex -74.7559 2.85445 16.084
      vertex -74.5999 2.92915 16.0409
    endloop
  endfacet
  facet normal 5.89539e-05 -0.500003 -0.866024
    outer loop
      vertex -74.9014 0.594643 17.3887
      vertex -74.7559 2.85445 16.084
      vertex -74.7559 0.505287 17.4403
    endloop
  endfacet
  facet normal -8.52756e-05 -0.499996 -0.866028
    outer loop
      vertex -74.9014 0.594643 17.3887
      vertex -74.9014 2.7651 16.1356
      vertex -74.7559 2.85445 16.084
    endloop
  endfacet
  facet normal -3.4003e-05 -0.499996 -0.866028
    outer loop
      vertex -75.0343 0.697537 17.3293
      vertex -74.9014 2.7651 16.1356
      vertex -74.9014 0.594643 17.3887
    endloop
  endfacet
  facet normal 6.13201e-05 -0.5 -0.866025
    outer loop
      vertex -75.0343 0.697537 17.3293
      vertex -75.0343 2.6622 16.195
      vertex -74.9014 2.7651 16.1356
    endloop
  endfacet
  facet normal -0.000551166 -0.5 -0.866025
    outer loop
      vertex -75.1531 0.812676 17.2629
      vertex -75.0343 2.6622 16.195
      vertex -75.0343 0.697537 17.3293
    endloop
  endfacet
  facet normal -0.000148535 -0.50002 -0.866014
    outer loop
      vertex -75.1531 0.812676 17.2629
      vertex -75.1531 2.54706 16.2615
      vertex -75.0343 2.6622 16.195
    endloop
  endfacet
  facet normal 0.000729844 -0.50002 -0.866014
    outer loop
      vertex -75.2563 0.938612 17.1901
      vertex -75.1531 2.54706 16.2615
      vertex -75.1531 0.812676 17.2629
    endloop
  endfacet
  facet normal 2.5067e-05 -0.499986 -0.866034
    outer loop
      vertex -75.2563 0.938612 17.1901
      vertex -75.2563 2.42113 16.3342
      vertex -75.1531 2.54706 16.2615
    endloop
  endfacet
  facet normal -0.000249179 -0.499986 -0.866034
    outer loop
      vertex -75.3425 1.07376 17.1121
      vertex -75.2563 2.42113 16.3342
      vertex -75.2563 0.938612 17.1901
    endloop
  endfacet
  facet normal 0.000317629 -0.500013 -0.866018
    outer loop
      vertex -75.3425 1.07376 17.1121
      vertex -75.3425 2.28598 16.4122
      vertex -75.2563 2.42113 16.3342
    endloop
  endfacet
  facet normal 0.000409963 -0.500013 -0.866018
    outer loop
      vertex -75.4108 1.21642 17.0297
      vertex -75.3425 2.28598 16.4122
      vertex -75.3425 1.07376 17.1121
    endloop
  endfacet
  facet normal -0.000536174 -0.499968 -0.866044
    outer loop
      vertex -75.4108 1.21642 17.0297
      vertex -75.4108 2.14332 16.4946
      vertex -75.3425 2.28598 16.4122
    endloop
  endfacet
  facet normal -0.00105181 -0.499968 -0.866044
    outer loop
      vertex -75.4601 1.3648 16.9441
      vertex -75.4108 2.14332 16.4946
      vertex -75.4108 1.21642 17.0297
    endloop
  endfacet
  facet normal -0.000623168 -0.499988 -0.866032
    outer loop
      vertex -75.4601 1.3648 16.9441
      vertex -75.4601 1.99494 16.5803
      vertex -75.4108 2.14332 16.4946
    endloop
  endfacet
  facet normal 0.00020197 -0.499988 -0.866032
    outer loop
      vertex -75.49 1.51704 16.8562
      vertex -75.4601 1.99494 16.5803
      vertex -75.4601 1.3648 16.9441
    endloop
  endfacet
  facet normal -0.000390811 -0.49996 -0.866048
    outer loop
      vertex -75.49 1.51704 16.8562
      vertex -75.49 1.8427 16.6682
      vertex -75.4601 1.99494 16.5803
    endloop
  endfacet
  facet normal -5.8506e-05 -0.49996 -0.866048
    outer loop
      vertex -75.5 1.67121 16.7672
      vertex -75.49 1.8427 16.6682
      vertex -75.49 1.51704 16.8562
    endloop
  endfacet
  facet normal 0.00110002 -0.500011 -0.866019
    outer loop
      vertex -75.49 1.8427 16.6682
      vertex -75.5 1.67121 16.7672
      vertex -75.5 1.68853 16.7572
    endloop
  endfacet
  facet normal -0.998426 -0.0485653 0.0280393
    outer loop
      vertex -75.5 1.67121 16.7672
      vertex -75.49 10.517 32.4446
      vertex -75.5 10.6712 32.3556
    endloop
  endfacet
  facet normal -0.998426 -0.0485724 0.0280433
    outer loop
      vertex -75.49 10.517 32.4446
      vertex -75.5 1.67121 16.7672
      vertex -75.49 1.51704 16.8562
    endloop
  endfacet
  facet normal -0.923719 -0.33175 0.191535
    outer loop
      vertex -75.4108 1.21642 17.0297
      vertex -75.3425 10.0738 32.7006
      vertex -75.4108 10.2164 32.6182
    endloop
  endfacet
  facet normal -0.923762 -0.33166 0.191484
    outer loop
      vertex -75.3425 10.0738 32.7006
      vertex -75.4108 1.21642 17.0297
      vertex -75.3425 1.07376 17.1121
    endloop
  endfacet
  facet normal -0.382497 -0.800169 0.46198
    outer loop
      vertex -74.5999 9.43059 33.0719
      vertex -74.4351 0.371501 17.5176
      vertex -74.4351 9.3715 33.106
    endloop
  endfacet
  facet normal -0.382745 -0.800082 0.461926
    outer loop
      vertex -74.4351 0.371501 17.5176
      vertex -74.5999 9.43059 33.0719
      vertex -74.5999 0.430593 17.4834
    endloop
  endfacet
  facet normal -0.276949 -0.832151 0.480441
    outer loop
      vertex -74.4351 9.3715 33.106
      vertex -74.2638 0.328753 17.5422
      vertex -74.2638 9.32875 33.1307
    endloop
  endfacet
  facet normal -0.276681 -0.832217 0.480482
    outer loop
      vertex -74.2638 0.328753 17.5422
      vertex -74.4351 9.3715 33.106
      vertex -74.4351 0.371501 17.5176
    endloop
  endfacet
  facet normal -0.745709 -0.577008 0.333137
    outer loop
      vertex -75.1531 0.812676 17.2629
      vertex -75.0343 9.69754 32.9178
      vertex -75.1531 9.81268 32.8513
    endloop
  endfacet
  facet normal -0.745582 -0.577131 0.333206
    outer loop
      vertex -75.0343 9.69754 32.9178
      vertex -75.1531 0.812676 17.2629
      vertex -75.0343 0.697537 17.3293
    endloop
  endfacet
  facet normal -0.167374 -0.853808 0.492948
    outer loop
      vertex -74.2638 9.32875 33.1307
      vertex -74.088 0.302887 17.5572
      vertex -74.088 9.30289 33.1456
    endloop
  endfacet
  facet normal -0.167675 -0.853765 0.49292
    outer loop
      vertex -74.088 0.302887 17.5572
      vertex -74.2638 9.32875 33.1307
      vertex -74.2638 0.328753 17.5422
    endloop
  endfacet
  facet normal 0.382497 -0.800169 0.46198
    outer loop
      vertex 41.4351 0.371501 17.5176
      vertex 41.5999 9.43059 33.0719
      vertex 41.4351 9.3715 33.106
    endloop
  endfacet
  facet normal 0.382745 -0.800082 0.461926
    outer loop
      vertex 41.5999 9.43059 33.0719
      vertex 41.4351 0.371501 17.5176
      vertex 41.5999 0.430593 17.4834
    endloop
  endfacet
  facet normal -0.0560901 -0.864661 0.499214
    outer loop
      vertex -74.088 9.30289 33.1456
      vertex -73.91 0.294229 17.5622
      vertex -73.91 9.29423 33.1506
    endloop
  endfacet
  facet normal -0.0560804 -0.864662 0.499215
    outer loop
      vertex -73.91 0.294229 17.5622
      vertex -74.088 9.30289 33.1456
      vertex -74.088 0.302887 17.5572
    endloop
  endfacet
  facet normal -0.985836 0.145241 -0.0838548
    outer loop
      vertex -75.4601 1.99494 16.5803
      vertex -75.49 10.8427 32.2566
      vertex -75.4601 10.9949 32.1687
    endloop
  endfacet
  facet normal -0.985842 0.145213 -0.083839
    outer loop
      vertex -75.49 10.8427 32.2566
      vertex -75.4601 1.99494 16.5803
      vertex -75.49 1.8427 16.6682
    endloop
  endfacet
  facet normal -0.48345 0.758094 -0.437687
    outer loop
      vertex -74.5999 11.9291 31.6294
      vertex -74.7559 2.85445 16.084
      vertex -74.7559 11.8545 31.6725
    endloop
  endfacet
  facet normal -0.483822 0.757918 -0.437581
    outer loop
      vertex -74.7559 2.85445 16.084
      vertex -74.5999 11.9291 31.6294
      vertex -74.5999 2.92915 16.0409
    endloop
  endfacet
  facet normal -0.276914 0.832159 -0.480447
    outer loop
      vertex -74.2638 12.031 31.5706
      vertex -74.4351 2.98824 16.0068
      vertex -74.4351 11.9882 31.5952
    endloop
  endfacet
  facet normal -0.276949 0.832151 -0.480442
    outer loop
      vertex -74.4351 2.98824 16.0068
      vertex -74.2638 12.031 31.5706
      vertex -74.2638 3.03099 15.9821
    endloop
  endfacet
  facet normal 0.666215 0.645847 -0.372879
    outer loop
      vertex 42.0343 11.6622 31.7835
      vertex 41.9013 2.7651 16.1356
      vertex 41.9013 11.7651 31.7241
    endloop
  endfacet
  facet normal 0.666215 0.645847 -0.372879
    outer loop
      vertex 41.9013 2.7651 16.1356
      vertex 42.0343 11.6622 31.7835
      vertex 42.0343 2.6622 16.195
    endloop
  endfacet
  facet normal 0.961001 0.239496 -0.138272
    outer loop
      vertex 42.4601 10.9949 32.1687
      vertex 42.4108 2.14332 16.4946
      vertex 42.4108 11.1433 32.0831
    endloop
  endfacet
  facet normal 0.961015 0.239454 -0.138249
    outer loop
      vertex 42.4108 2.14332 16.4946
      vertex 42.4601 10.9949 32.1687
      vertex 42.4601 1.99494 16.5803
    endloop
  endfacet
  facet normal 0.875267 0.418846 -0.241819
    outer loop
      vertex 42.3425 11.286 32.0007
      vertex 42.2563 2.42113 16.3342
      vertex 42.2563 11.4211 31.9227
    endloop
  endfacet
  facet normal 0.875323 0.418756 -0.241769
    outer loop
      vertex 42.2563 2.42113 16.3342
      vertex 42.3425 11.286 32.0007
      vertex 42.3425 2.28598 16.4122
    endloop
  endfacet
  facet normal -0.998426 0.0485653 -0.0280393
    outer loop
      vertex -75.49 1.8427 16.6682
      vertex -75.5 10.6885 32.3456
      vertex -75.49 10.8427 32.2566
    endloop
  endfacet
  facet normal -0.998426 0.0485724 -0.0280433
    outer loop
      vertex -75.5 10.6885 32.3456
      vertex -75.49 1.8427 16.6682
      vertex -75.5 1.68853 16.7572
    endloop
  endfacet
  facet normal -0.985836 -0.145241 0.0838548
    outer loop
      vertex -75.49 1.51704 16.8562
      vertex -75.4601 10.3648 32.5325
      vertex -75.49 10.517 32.4446
    endloop
  endfacet
  facet normal -0.985842 -0.145213 0.083839
    outer loop
      vertex -75.4601 10.3648 32.5325
      vertex -75.49 1.51704 16.8562
      vertex -75.4601 1.3648 16.9441
    endloop
  endfacet
  facet normal -0.875369 -0.418685 0.241728
    outer loop
      vertex -75.3425 1.07376 17.1121
      vertex -75.2563 9.93861 32.7786
      vertex -75.3425 10.0738 32.7006
    endloop
  endfacet
  facet normal -0.875321 -0.41876 0.241771
    outer loop
      vertex -75.2563 9.93861 32.7786
      vertex -75.3425 1.07376 17.1121
      vertex -75.2563 0.938612 17.1901
    endloop
  endfacet
  facet normal -0.483822 -0.757917 0.437582
    outer loop
      vertex -74.7559 9.50529 33.0288
      vertex -74.5999 0.430593 17.4834
      vertex -74.5999 9.43059 33.0719
    endloop
  endfacet
  facet normal -0.483799 -0.757928 0.437589
    outer loop
      vertex -74.5999 0.430593 17.4834
      vertex -74.7559 9.50529 33.0288
      vertex -74.7559 0.505287 17.4403
    endloop
  endfacet
  facet normal -0.666494 -0.645631 0.372754
    outer loop
      vertex -75.0343 0.697537 17.3293
      vertex -74.9014 9.59464 32.9772
      vertex -75.0343 9.69754 32.9178
    endloop
  endfacet
  facet normal -0.666478 -0.645644 0.372762
    outer loop
      vertex -74.9014 9.59464 32.9772
      vertex -75.0343 0.697537 17.3293
      vertex -74.9014 0.594643 17.3887
    endloop
  endfacet
  facet normal 0.998426 -0.0485653 0.0280393
    outer loop
      vertex 42.49 10.517 32.4446
      vertex 42.5 1.67121 16.7672
      vertex 42.5 10.6712 32.3556
    endloop
  endfacet
  facet normal 0.998426 -0.0485724 0.0280433
    outer loop
      vertex 42.5 1.67121 16.7672
      vertex 42.49 10.517 32.4446
      vertex 42.49 1.51704 16.8562
    endloop
  endfacet
  facet normal -0.815603 0.501092 -0.289306
    outer loop
      vertex -75.1531 2.54706 16.2615
      vertex -75.2563 11.4211 31.9227
      vertex -75.1531 11.5471 31.85
    endloop
  endfacet
  facet normal -0.815489 0.501232 -0.289385
    outer loop
      vertex -75.2563 11.4211 31.9227
      vertex -75.1531 2.54706 16.2615
      vertex -75.2563 2.42113 16.3342
    endloop
  endfacet
  facet normal -0.875267 0.418846 -0.241819
    outer loop
      vertex -75.2563 2.42113 16.3342
      vertex -75.3425 11.286 32.0007
      vertex -75.2563 11.4211 31.9227
    endloop
  endfacet
  facet normal -0.875323 0.418756 -0.241769
    outer loop
      vertex -75.3425 11.286 32.0007
      vertex -75.2563 2.42113 16.3342
      vertex -75.3425 2.28598 16.4122
    endloop
  endfacet
  facet normal -0.167836 0.853741 -0.492907
    outer loop
      vertex -74.088 12.0569 31.5556
      vertex -74.2638 3.03099 15.9821
      vertex -74.2638 12.031 31.5706
    endloop
  endfacet
  facet normal -0.167374 0.853807 -0.49295
    outer loop
      vertex -74.2638 3.03099 15.9821
      vertex -74.088 12.0569 31.5556
      vertex -74.088 3.05685 15.9672
    endloop
  endfacet
  facet normal 0.57888 0.706169 -0.407706
    outer loop
      vertex 41.9013 2.7651 16.1356
      vertex 41.7559 11.8545 31.6725
      vertex 41.9013 11.7651 31.7241
    endloop
  endfacet
  facet normal 0.578718 0.706267 -0.407765
    outer loop
      vertex 41.7559 11.8545 31.6725
      vertex 41.9013 2.7651 16.1356
      vertex 41.7559 2.85445 16.084
    endloop
  endfacet
  facet normal 0.745623 0.577092 -0.333183
    outer loop
      vertex 42.1531 11.5471 31.85
      vertex 42.0343 2.6622 16.195
      vertex 42.0343 11.6622 31.7835
    endloop
  endfacet
  facet normal 0.745709 0.577008 -0.333136
    outer loop
      vertex 42.0343 2.6622 16.195
      vertex 42.1531 11.5471 31.85
      vertex 42.1531 2.54706 16.2615
    endloop
  endfacet
  facet normal 0.48345 0.758094 -0.437687
    outer loop
      vertex 41.7559 2.85445 16.084
      vertex 41.5999 11.9291 31.6294
      vertex 41.7559 11.8545 31.6725
    endloop
  endfacet
  facet normal 0.483822 0.757918 -0.437581
    outer loop
      vertex 41.5999 11.9291 31.6294
      vertex 41.7559 2.85445 16.084
      vertex 41.5999 2.92915 16.0409
    endloop
  endfacet
  facet normal 0.276914 0.832159 -0.480447
    outer loop
      vertex 41.4351 2.98824 16.0068
      vertex 41.2638 12.031 31.5706
      vertex 41.4351 11.9882 31.5952
    endloop
  endfacet
  facet normal 0.276949 0.832151 -0.480442
    outer loop
      vertex 41.2638 12.031 31.5706
      vertex 41.4351 2.98824 16.0068
      vertex 41.2638 3.03099 15.9821
    endloop
  endfacet
  facet normal 0.0557995 0.864674 -0.499224
    outer loop
      vertex 41.088 3.05685 15.9672
      vertex 40.91 12.0655 31.5506
      vertex 41.088 12.0569 31.5556
    endloop
  endfacet
  facet normal 0.0560901 0.864661 -0.499214
    outer loop
      vertex 40.91 12.0655 31.5506
      vertex 41.088 3.05685 15.9672
      vertex 40.91 3.06551 15.9622
    endloop
  endfacet
  facet normal 0.167836 0.853741 -0.492907
    outer loop
      vertex 41.2638 3.03099 15.9821
      vertex 41.088 12.0569 31.5556
      vertex 41.2638 12.031 31.5706
    endloop
  endfacet
  facet normal 0.167374 0.853807 -0.49295
    outer loop
      vertex 41.088 12.0569 31.5556
      vertex 41.2638 3.03099 15.9821
      vertex 41.088 3.05685 15.9672
    endloop
  endfacet
  facet normal 0.998426 0.0485653 -0.0280393
    outer loop
      vertex 42.5 10.6885 32.3456
      vertex 42.49 1.8427 16.6682
      vertex 42.49 10.8427 32.2566
    endloop
  endfacet
  facet normal 0.998426 0.0485724 -0.0280433
    outer loop
      vertex 42.49 1.8427 16.6682
      vertex 42.5 10.6885 32.3456
      vertex 42.5 1.68853 16.7572
    endloop
  endfacet
  facet normal 0.815603 0.501092 -0.289306
    outer loop
      vertex 42.2563 11.4211 31.9227
      vertex 42.1531 2.54706 16.2615
      vertex 42.1531 11.5471 31.85
    endloop
  endfacet
  facet normal 0.815489 0.501232 -0.289385
    outer loop
      vertex 42.1531 2.54706 16.2615
      vertex 42.2563 11.4211 31.9227
      vertex 42.2563 2.42113 16.3342
    endloop
  endfacet
  facet normal 0.0560901 -0.864661 0.499214
    outer loop
      vertex 40.91 0.294229 17.5622
      vertex 41.088 9.30289 33.1456
      vertex 40.91 9.29423 33.1506
    endloop
  endfacet
  facet normal 0.0560804 -0.864662 0.499215
    outer loop
      vertex 41.088 9.30289 33.1456
      vertex 40.91 0.294229 17.5622
      vertex 41.088 0.302887 17.5572
    endloop
  endfacet
  facet normal 0.276949 -0.832151 0.480441
    outer loop
      vertex 41.2638 0.328753 17.5422
      vertex 41.4351 9.3715 33.106
      vertex 41.2638 9.32875 33.1307
    endloop
  endfacet
  facet normal 0.276681 -0.832217 0.480482
    outer loop
      vertex 41.4351 9.3715 33.106
      vertex 41.2638 0.328753 17.5422
      vertex 41.4351 0.371501 17.5176
    endloop
  endfacet
  facet normal 0.483822 -0.757917 0.437582
    outer loop
      vertex 41.5999 0.430593 17.4834
      vertex 41.7559 9.50529 33.0288
      vertex 41.5999 9.43059 33.0719
    endloop
  endfacet
  facet normal 0.483799 -0.757928 0.437589
    outer loop
      vertex 41.7559 9.50529 33.0288
      vertex 41.5999 0.430593 17.4834
      vertex 41.7559 0.505287 17.4403
    endloop
  endfacet
  facet normal 0.961022 -0.239431 0.138236
    outer loop
      vertex 42.4108 10.2164 32.6182
      vertex 42.4601 1.3648 16.9441
      vertex 42.4601 10.3648 32.5325
    endloop
  endfacet
  facet normal 0.960993 -0.239518 0.138285
    outer loop
      vertex 42.4601 1.3648 16.9441
      vertex 42.4108 10.2164 32.6182
      vertex 42.4108 1.21642 17.0297
    endloop
  endfacet
  facet normal 0.923719 -0.33175 0.191535
    outer loop
      vertex 42.3425 10.0738 32.7006
      vertex 42.4108 1.21642 17.0297
      vertex 42.4108 10.2164 32.6182
    endloop
  endfacet
  facet normal 0.923762 -0.33166 0.191484
    outer loop
      vertex 42.4108 1.21642 17.0297
      vertex 42.3425 10.0738 32.7006
      vertex 42.3425 1.07376 17.1121
    endloop
  endfacet
  facet normal 0.985836 -0.145241 0.0838548
    outer loop
      vertex 42.4601 10.3648 32.5325
      vertex 42.49 1.51704 16.8562
      vertex 42.49 10.517 32.4446
    endloop
  endfacet
  facet normal 0.985842 -0.145213 0.083839
    outer loop
      vertex 42.49 1.51704 16.8562
      vertex 42.4601 10.3648 32.5325
      vertex 42.4601 1.3648 16.9441
    endloop
  endfacet
  facet normal 0.666215 -0.645847 0.372879
    outer loop
      vertex 41.9013 9.59464 32.9772
      vertex 42.0343 0.697537 17.3293
      vertex 42.0343 9.69754 32.9178
    endloop
  endfacet
  facet normal 0.666199 -0.64586 0.372886
    outer loop
      vertex 42.0343 0.697537 17.3293
      vertex 41.9013 9.59464 32.9772
      vertex 41.9013 0.594643 17.3887
    endloop
  endfacet
  facet normal 0.815489 -0.501232 0.289386
    outer loop
      vertex 42.1531 9.81268 32.8513
      vertex 42.2563 0.938612 17.1901
      vertex 42.2563 9.93861 32.7786
    endloop
  endfacet
  facet normal 0.815593 -0.501105 0.289314
    outer loop
      vertex 42.2563 0.938612 17.1901
      vertex 42.1531 9.81268 32.8513
      vertex 42.1531 0.812676 17.2629
    endloop
  endfacet
  facet normal -0.92379 0.331601 -0.19145
    outer loop
      vertex -75.3425 2.28598 16.4122
      vertex -75.4108 11.1433 32.0831
      vertex -75.3425 11.286 32.0007
    endloop
  endfacet
  facet normal -0.923762 0.331661 -0.191483
    outer loop
      vertex -75.4108 11.1433 32.0831
      vertex -75.3425 2.28598 16.4122
      vertex -75.4108 2.14332 16.4946
    endloop
  endfacet
  facet normal -0.961001 0.239496 -0.138272
    outer loop
      vertex -75.4108 2.14332 16.4946
      vertex -75.4601 10.9949 32.1687
      vertex -75.4108 11.1433 32.0831
    endloop
  endfacet
  facet normal -0.961015 0.239454 -0.138249
    outer loop
      vertex -75.4601 10.9949 32.1687
      vertex -75.4108 2.14332 16.4946
      vertex -75.4601 1.99494 16.5803
    endloop
  endfacet
  facet normal -0.666494 0.645631 -0.372754
    outer loop
      vertex -74.9014 2.7651 16.1356
      vertex -75.0343 11.6622 31.7835
      vertex -74.9014 11.7651 31.7241
    endloop
  endfacet
  facet normal -0.666494 0.645631 -0.372754
    outer loop
      vertex -75.0343 11.6622 31.7835
      vertex -74.9014 2.7651 16.1356
      vertex -75.0343 2.6622 16.195
    endloop
  endfacet
  facet normal -0.578615 0.706331 -0.4078
    outer loop
      vertex -74.7559 11.8545 31.6725
      vertex -74.9014 2.7651 16.1356
      vertex -74.9014 11.7651 31.7241
    endloop
  endfacet
  facet normal -0.578454 0.70643 -0.407859
    outer loop
      vertex -74.9014 2.7651 16.1356
      vertex -74.7559 11.8545 31.6725
      vertex -74.7559 2.85445 16.084
    endloop
  endfacet
  facet normal 0.92379 0.331601 -0.19145
    outer loop
      vertex 42.4108 11.1433 32.0831
      vertex 42.3425 2.28598 16.4122
      vertex 42.3425 11.286 32.0007
    endloop
  endfacet
  facet normal 0.923762 0.331661 -0.191483
    outer loop
      vertex 42.3425 2.28598 16.4122
      vertex 42.4108 11.1433 32.0831
      vertex 42.4108 2.14332 16.4946
    endloop
  endfacet
  facet normal 0.985836 0.145241 -0.0838548
    outer loop
      vertex 42.49 10.8427 32.2566
      vertex 42.4601 1.99494 16.5803
      vertex 42.4601 10.9949 32.1687
    endloop
  endfacet
  facet normal 0.985842 0.145213 -0.083839
    outer loop
      vertex 42.4601 1.99494 16.5803
      vertex 42.49 10.8427 32.2566
      vertex 42.49 1.8427 16.6682
    endloop
  endfacet
  facet normal 0.167374 -0.853808 0.492948
    outer loop
      vertex 41.088 0.302887 17.5572
      vertex 41.2638 9.32875 33.1307
      vertex 41.088 9.30289 33.1456
    endloop
  endfacet
  facet normal 0.167675 -0.853765 0.49292
    outer loop
      vertex 41.2638 9.32875 33.1307
      vertex 41.088 0.302887 17.5572
      vertex 41.2638 0.328753 17.5422
    endloop
  endfacet
  facet normal 0.578718 -0.706268 0.407763
    outer loop
      vertex 41.7559 0.505287 17.4403
      vertex 41.9013 9.59464 32.9772
      vertex 41.7559 9.50529 33.0288
    endloop
  endfacet
  facet normal 0.578738 -0.706256 0.407756
    outer loop
      vertex 41.9013 9.59464 32.9772
      vertex 41.7559 0.505287 17.4403
      vertex 41.9013 0.594643 17.3887
    endloop
  endfacet
  facet normal 0.745709 -0.577008 0.333137
    outer loop
      vertex 42.0343 9.69754 32.9178
      vertex 42.1531 0.812676 17.2629
      vertex 42.1531 9.81268 32.8513
    endloop
  endfacet
  facet normal 0.745582 -0.577131 0.333206
    outer loop
      vertex 42.1531 0.812676 17.2629
      vertex 42.0343 9.69754 32.9178
      vertex 42.0343 0.697537 17.3293
    endloop
  endfacet
  facet normal -0.745623 0.577092 -0.333183
    outer loop
      vertex -75.0343 2.6622 16.195
      vertex -75.1531 11.5471 31.85
      vertex -75.0343 11.6622 31.7835
    endloop
  endfacet
  facet normal -0.745709 0.577008 -0.333136
    outer loop
      vertex -75.1531 11.5471 31.85
      vertex -75.0343 2.6622 16.195
      vertex -75.1531 2.54706 16.2615
    endloop
  endfacet
  facet normal 0.666355 0.645738 -0.372819
    outer loop
      vertex 2.5343 18.6622 43.9078
      vertex 2.40135 11.7651 31.7241
      vertex 2.40135 18.7651 43.8484
    endloop
  endfacet
  facet normal 0.666355 0.645738 -0.372819
    outer loop
      vertex 2.40135 11.7651 31.7241
      vertex 2.5343 18.6622 43.9078
      vertex 2.5343 11.6622 31.7835
    endloop
  endfacet
  facet normal -0.666215 -0.645847 0.372879
    outer loop
      vertex -35.5343 9.69754 32.9178
      vertex -35.4013 16.5946 45.1015
      vertex -35.5343 16.6975 45.0421
    endloop
  endfacet
  facet normal -0.666215 -0.645847 0.372879
    outer loop
      vertex -35.4013 16.5946 45.1015
      vertex -35.5343 9.69754 32.9178
      vertex -35.4013 9.59464 32.9772
    endloop
  endfacet
  facet normal 0.960933 0.2397 -0.138392
    outer loop
      vertex 2.96013 17.9949 44.2931
      vertex 2.91077 11.1433 32.0831
      vertex 2.91077 18.1433 44.2074
    endloop
  endfacet
  facet normal 0.960911 0.239765 -0.138428
    outer loop
      vertex 2.91077 11.1433 32.0831
      vertex 2.96013 17.9949 44.2931
      vertex 2.96013 10.9949 32.1687
    endloop
  endfacet
  facet normal 0.960933 -0.239701 0.138391
    outer loop
      vertex 2.91077 17.2164 44.7426
      vertex 2.96013 10.3648 32.5325
      vertex 2.96013 17.3648 44.6569
    endloop
  endfacet
  facet normal 0.960933 -0.239701 0.138391
    outer loop
      vertex 2.96013 10.3648 32.5325
      vertex 2.91077 17.2164 44.7426
      vertex 2.91077 10.2164 32.6182
    endloop
  endfacet
  facet normal 0.483894 -0.757882 0.437563
    outer loop
      vertex 2.09987 9.43059 33.0719
      vertex 2.25593 16.5053 45.1531
      vertex 2.09987 16.4306 45.1963
    endloop
  endfacet
  facet normal 0.483679 -0.757984 0.437625
    outer loop
      vertex 2.25593 16.5053 45.1531
      vertex 2.09987 9.43059 33.0719
      vertex 2.25593 9.50529 33.0288
    endloop
  endfacet
  facet normal -0.48345 0.758094 -0.437688
    outer loop
      vertex -35.0999 18.9291 43.7537
      vertex -35.2559 11.8545 31.6725
      vertex -35.2559 18.8545 43.7968
    endloop
  endfacet
  facet normal -0.48345 0.758094 -0.437688
    outer loop
      vertex -35.2559 11.8545 31.6725
      vertex -35.0999 18.9291 43.7537
      vertex -35.0999 11.9291 31.6294
    endloop
  endfacet
  facet normal 0.998426 0.0485654 -0.0280391
    outer loop
      vertex 3 17.6885 44.47
      vertex 2.99 10.8427 32.2566
      vertex 2.99 17.8427 44.381
    endloop
  endfacet
  facet normal 0.998426 0.0485654 -0.0280391
    outer loop
      vertex 2.99 10.8427 32.2566
      vertex 3 17.6885 44.47
      vertex 3 10.6885 32.3456
    endloop
  endfacet
  facet normal 0.483307 0.758162 -0.437727
    outer loop
      vertex 2.25593 11.8545 31.6725
      vertex 2.09987 18.9291 43.7537
      vertex 2.25593 18.8545 43.7968
    endloop
  endfacet
  facet normal 0.483307 0.758162 -0.437727
    outer loop
      vertex 2.09987 18.9291 43.7537
      vertex 2.25593 11.8545 31.6725
      vertex 2.09987 11.9291 31.6294
    endloop
  endfacet
  facet normal 0.167572 0.853779 -0.492932
    outer loop
      vertex 1.76381 12.031 31.5706
      vertex 1.58802 19.0569 43.68
      vertex 1.76381 19.031 43.6949
    endloop
  endfacet
  facet normal 0.167845 0.85374 -0.492905
    outer loop
      vertex 1.58802 19.0569 43.68
      vertex 1.76381 12.031 31.5706
      vertex 1.58802 12.0569 31.5556
    endloop
  endfacet
  facet normal 0.666355 -0.645739 0.372817
    outer loop
      vertex 2.40135 16.5946 45.1015
      vertex 2.5343 9.69754 32.9178
      vertex 2.5343 16.6975 45.0421
    endloop
  endfacet
  facet normal 0.666355 -0.645739 0.372817
    outer loop
      vertex 2.5343 9.69754 32.9178
      vertex 2.40135 16.5946 45.1015
      vertex 2.40135 9.59464 32.9772
    endloop
  endfacet
  facet normal -0.961022 0.239431 -0.138236
    outer loop
      vertex -35.9108 11.1433 32.0831
      vertex -35.9601 17.9949 44.2931
      vertex -35.9108 18.1433 44.2074
    endloop
  endfacet
  facet normal -0.961001 0.239496 -0.138273
    outer loop
      vertex -35.9601 17.9949 44.2931
      vertex -35.9108 11.1433 32.0831
      vertex -35.9601 10.9949 32.1687
    endloop
  endfacet
  facet normal 0.985864 0.145099 -0.0837729
    outer loop
      vertex 2.99 17.8427 44.381
      vertex 2.96013 10.9949 32.1687
      vertex 2.96013 17.9949 44.2931
    endloop
  endfacet
  facet normal 0.985864 0.145099 -0.0837729
    outer loop
      vertex 2.96013 10.9949 32.1687
      vertex 2.99 17.8427 44.381
      vertex 2.99 10.8427 32.2566
    endloop
  endfacet
  facet normal 1 0 0
    outer loop
      vertex 3 17.6712 44.48
      vertex 3 10.6885 32.3456
      vertex 3 17.6885 44.47
    endloop
  endfacet
  facet normal 1 0 -0
    outer loop
      vertex 3 10.6885 32.3456
      vertex 3 17.6712 44.48
      vertex 3 10.6712 32.3556
    endloop
  endfacet
  facet normal 0.875213 0.418928 -0.241869
    outer loop
      vertex 2.84254 18.286 44.1251
      vertex 2.75629 11.4211 31.9227
      vertex 2.75629 18.4211 44.047
    endloop
  endfacet
  facet normal 0.875148 0.419032 -0.241927
    outer loop
      vertex 2.75629 11.4211 31.9227
      vertex 2.84254 18.286 44.1251
      vertex 2.84254 11.286 32.0007
    endloop
  endfacet
  facet normal 0.815656 0.501028 -0.28927
    outer loop
      vertex 2.75629 18.4211 44.047
      vertex 2.65311 11.5471 31.85
      vertex 2.65311 18.5471 43.9743
    endloop
  endfacet
  facet normal 0.815656 0.501028 -0.28927
    outer loop
      vertex 2.65311 11.5471 31.85
      vertex 2.75629 18.4211 44.047
      vertex 2.75629 11.4211 31.9227
    endloop
  endfacet
  facet normal 0.923888 0.331397 -0.191331
    outer loop
      vertex 2.91077 18.1433 44.2074
      vertex 2.84254 11.286 32.0007
      vertex 2.84254 18.286 44.1251
    endloop
  endfacet
  facet normal 0.923929 0.33131 -0.191283
    outer loop
      vertex 2.84254 11.286 32.0007
      vertex 2.91077 18.1433 44.2074
      vertex 2.91077 11.1433 32.0831
    endloop
  endfacet
  facet normal 0.745595 0.577118 -0.333201
    outer loop
      vertex 2.65311 18.5471 43.9743
      vertex 2.5343 11.6622 31.7835
      vertex 2.5343 18.6622 43.9078
    endloop
  endfacet
  facet normal 0.745595 0.577118 -0.333201
    outer loop
      vertex 2.5343 11.6622 31.7835
      vertex 2.65311 18.5471 43.9743
      vertex 2.65311 11.5471 31.85
    endloop
  endfacet
  facet normal 0.0557933 0.864677 -0.49922
    outer loop
      vertex 1.58802 12.0569 31.5556
      vertex 1.41 19.0655 43.675
      vertex 1.58802 19.0569 43.68
    endloop
  endfacet
  facet normal 0.0557933 0.864677 -0.49922
    outer loop
      vertex 1.41 19.0655 43.675
      vertex 1.58802 12.0569 31.5556
      vertex 1.41 12.0655 31.5506
    endloop
  endfacet
  facet normal 0.578827 0.7062 -0.407727
    outer loop
      vertex 2.40135 11.7651 31.7241
      vertex 2.25593 18.8545 43.7968
      vertex 2.40135 18.7651 43.8484
    endloop
  endfacet
  facet normal 0.578827 0.7062 -0.407727
    outer loop
      vertex 2.25593 18.8545 43.7968
      vertex 2.40135 11.7651 31.7241
      vertex 2.25593 11.8545 31.6725
    endloop
  endfacet
  facet normal 0.382677 0.800104 -0.461943
    outer loop
      vertex 2.09987 11.9291 31.6294
      vertex 1.93514 18.9882 43.7196
      vertex 2.09987 18.9291 43.7537
    endloop
  endfacet
  facet normal 0.382917 0.80002 -0.46189
    outer loop
      vertex 1.93514 18.9882 43.7196
      vertex 2.09987 11.9291 31.6294
      vertex 1.93514 11.9882 31.5952
    endloop
  endfacet
  facet normal 0.277128 0.832106 -0.480415
    outer loop
      vertex 1.93514 11.9882 31.5952
      vertex 1.76381 19.031 43.6949
      vertex 1.93514 18.9882 43.7196
    endloop
  endfacet
  facet normal 0.27687 0.832169 -0.480455
    outer loop
      vertex 1.76381 19.031 43.6949
      vertex 1.93514 11.9882 31.5952
      vertex 1.76381 12.031 31.5706
    endloop
  endfacet
  facet normal 0.0562775 -0.864655 0.499205
    outer loop
      vertex 1.41 9.29423 33.1506
      vertex 1.58802 16.3029 45.27
      vertex 1.41 16.2942 45.275
    endloop
  endfacet
  facet normal 0.0560838 -0.864663 0.499212
    outer loop
      vertex 1.58802 16.3029 45.27
      vertex 1.41 9.29423 33.1506
      vertex 1.58802 9.30289 33.1456
    endloop
  endfacet
  facet normal 0.382677 -0.800106 0.46194
    outer loop
      vertex 1.93514 9.3715 33.106
      vertex 2.09987 16.4306 45.1963
      vertex 1.93514 16.3715 45.2304
    endloop
  endfacet
  facet normal 0.382636 -0.800121 0.461949
    outer loop
      vertex 2.09987 16.4306 45.1963
      vertex 1.93514 9.3715 33.106
      vertex 2.09987 9.43059 33.0719
    endloop
  endfacet
  facet normal 0.27668 -0.832217 0.480482
    outer loop
      vertex 1.76381 9.32875 33.1307
      vertex 1.93514 16.3715 45.2304
      vertex 1.76381 16.3288 45.2551
    endloop
  endfacet
  facet normal 0.276904 -0.832162 0.480447
    outer loop
      vertex 1.93514 16.3715 45.2304
      vertex 1.76381 9.32875 33.1307
      vertex 1.93514 9.3715 33.106
    endloop
  endfacet
  facet normal 0.875327 -0.41875 0.241767
    outer loop
      vertex 2.75629 16.9386 44.903
      vertex 2.84254 10.0738 32.7006
      vertex 2.84254 17.0738 44.8249
    endloop
  endfacet
  facet normal 0.87525 -0.418872 0.241834
    outer loop
      vertex 2.84254 10.0738 32.7006
      vertex 2.75629 16.9386 44.903
      vertex 2.75629 9.93861 32.7786
    endloop
  endfacet
  facet normal 0.923817 -0.331545 0.191417
    outer loop
      vertex 2.84254 17.0738 44.8249
      vertex 2.91077 10.2164 32.6182
      vertex 2.91077 17.2164 44.7426
    endloop
  endfacet
  facet normal 0.923858 -0.331459 0.191369
    outer loop
      vertex 2.91077 10.2164 32.6182
      vertex 2.84254 17.0738 44.8249
      vertex 2.84254 10.0738 32.7006
    endloop
  endfacet
  facet normal -0.875332 0.418742 -0.241762
    outer loop
      vertex -35.7563 11.4211 31.9227
      vertex -35.8425 18.286 44.1251
      vertex -35.7563 18.4211 44.047
    endloop
  endfacet
  facet normal -0.875267 0.418846 -0.24182
    outer loop
      vertex -35.8425 18.286 44.1251
      vertex -35.7563 11.4211 31.9227
      vertex -35.8425 11.286 32.0007
    endloop
  endfacet
  facet normal -0.484037 -0.757814 0.437523
    outer loop
      vertex -35.2559 16.5053 45.1531
      vertex -35.0999 9.43059 33.0719
      vertex -35.0999 16.4306 45.1963
    endloop
  endfacet
  facet normal -0.483822 -0.757915 0.437585
    outer loop
      vertex -35.0999 9.43059 33.0719
      vertex -35.2559 16.5053 45.1531
      vertex -35.2559 9.50529 33.0288
    endloop
  endfacet
  facet normal -0.578557 -0.706366 0.407823
    outer loop
      vertex -35.4013 16.5946 45.1015
      vertex -35.2559 9.50529 33.0288
      vertex -35.2559 16.5053 45.1531
    endloop
  endfacet
  facet normal -0.578718 -0.706268 0.407763
    outer loop
      vertex -35.2559 9.50529 33.0288
      vertex -35.4013 16.5946 45.1015
      vertex -35.4013 9.59464 32.9772
    endloop
  endfacet
  facet normal -0.382538 0.800154 -0.461971
    outer loop
      vertex -34.9351 18.9882 43.7196
      vertex -35.0999 11.9291 31.6294
      vertex -35.0999 18.9291 43.7537
    endloop
  endfacet
  facet normal -0.382778 0.80007 -0.461919
    outer loop
      vertex -35.0999 11.9291 31.6294
      vertex -34.9351 18.9882 43.7196
      vertex -34.9351 11.9882 31.5952
    endloop
  endfacet
  facet normal 0.167572 -0.85378 0.492929
    outer loop
      vertex 1.58802 9.30289 33.1456
      vertex 1.76381 16.3288 45.2551
      vertex 1.58802 16.3029 45.27
    endloop
  endfacet
  facet normal 0.167384 -0.853807 0.492947
    outer loop
      vertex 1.76381 16.3288 45.2551
      vertex 1.58802 9.30289 33.1456
      vertex 1.76381 9.32875 33.1307
    endloop
  endfacet
  facet normal 0.578504 -0.706398 0.407842
    outer loop
      vertex 2.25593 9.50529 33.0288
      vertex 2.40135 16.5946 45.1015
      vertex 2.25593 16.5053 45.1531
    endloop
  endfacet
  facet normal 0.578665 -0.7063 0.407782
    outer loop
      vertex 2.40135 16.5946 45.1015
      vertex 2.25593 9.50529 33.0288
      vertex 2.40135 9.59464 32.9772
    endloop
  endfacet
  facet normal 0.998426 -0.0485654 0.0280391
    outer loop
      vertex 2.99 17.517 44.569
      vertex 3 10.6712 32.3556
      vertex 3 17.6712 44.48
    endloop
  endfacet
  facet normal 0.998426 -0.0485654 0.0280391
    outer loop
      vertex 3 10.6712 32.3556
      vertex 2.99 17.517 44.569
      vertex 2.99 10.517 32.4446
    endloop
  endfacet
  facet normal 0.985864 -0.145099 0.0837729
    outer loop
      vertex 2.96013 17.3648 44.6569
      vertex 2.99 10.517 32.4446
      vertex 2.99 17.517 44.569
    endloop
  endfacet
  facet normal 0.985864 -0.145099 0.0837729
    outer loop
      vertex 2.99 10.517 32.4446
      vertex 2.96013 17.3648 44.6569
      vertex 2.96013 10.3648 32.5325
    endloop
  endfacet
  facet normal 0.815493 -0.501227 0.289382
    outer loop
      vertex 2.65311 16.8127 44.9757
      vertex 2.75629 9.93861 32.7786
      vertex 2.75629 16.9386 44.903
    endloop
  endfacet
  facet normal 0.815542 -0.501167 0.289349
    outer loop
      vertex 2.75629 9.93861 32.7786
      vertex 2.65311 16.8127 44.9757
      vertex 2.65311 9.81268 32.8513
    endloop
  endfacet
  facet normal 0.745686 -0.577031 0.333148
    outer loop
      vertex 2.5343 16.6975 45.0421
      vertex 2.65311 9.81268 32.8513
      vertex 2.65311 16.8127 44.9757
    endloop
  endfacet
  facet normal 0.745681 -0.577035 0.333151
    outer loop
      vertex 2.65311 9.81268 32.8513
      vertex 2.5343 16.6975 45.0421
      vertex 2.5343 9.69754 32.9178
    endloop
  endfacet
  facet normal -0.923749 0.331687 -0.191499
    outer loop
      vertex -35.8425 11.286 32.0007
      vertex -35.9108 18.1433 44.2074
      vertex -35.8425 18.286 44.1251
    endloop
  endfacet
  facet normal -0.92379 0.3316 -0.19145
    outer loop
      vertex -35.9108 18.1433 44.2074
      vertex -35.8425 11.286 32.0007
      vertex -35.9108 11.1433 32.0831
    endloop
  endfacet
  facet normal -0.998426 0.0485654 -0.0280391
    outer loop
      vertex -35.99 10.8427 32.2566
      vertex -36 17.6885 44.47
      vertex -35.99 17.8427 44.381
    endloop
  endfacet
  facet normal -0.998426 0.0485654 -0.0280391
    outer loop
      vertex -36 17.6885 44.47
      vertex -35.99 10.8427 32.2566
      vertex -36 10.6885 32.3456
    endloop
  endfacet
  facet normal -0.985836 0.145241 -0.0838546
    outer loop
      vertex -35.9601 10.9949 32.1687
      vertex -35.99 17.8427 44.381
      vertex -35.9601 17.9949 44.2931
    endloop
  endfacet
  facet normal -0.985836 0.145241 -0.0838546
    outer loop
      vertex -35.99 17.8427 44.381
      vertex -35.9601 10.9949 32.1687
      vertex -35.99 10.8427 32.2566
    endloop
  endfacet
  facet normal -0.985836 -0.145241 0.0838546
    outer loop
      vertex -35.99 10.517 32.4446
      vertex -35.9601 17.3648 44.6569
      vertex -35.99 17.517 44.569
    endloop
  endfacet
  facet normal -0.985836 -0.145241 0.0838546
    outer loop
      vertex -35.9601 17.3648 44.6569
      vertex -35.99 10.517 32.4446
      vertex -35.9601 10.3648 32.5325
    endloop
  endfacet
  facet normal -0.81544 -0.501292 0.289419
    outer loop
      vertex -35.7563 9.93861 32.7786
      vertex -35.6531 16.8127 44.9757
      vertex -35.7563 16.9386 44.903
    endloop
  endfacet
  facet normal -0.815489 -0.501232 0.289386
    outer loop
      vertex -35.6531 16.8127 44.9757
      vertex -35.7563 9.93861 32.7786
      vertex -35.6531 9.81268 32.8513
    endloop
  endfacet
  facet normal -0.276725 -0.832206 0.480476
    outer loop
      vertex -34.9351 16.3715 45.2304
      vertex -34.7638 9.32875 33.1307
      vertex -34.7638 16.3288 45.2551
    endloop
  endfacet
  facet normal -0.276949 -0.832151 0.480441
    outer loop
      vertex -34.7638 9.32875 33.1307
      vertex -34.9351 16.3715 45.2304
      vertex -34.9351 9.3715 33.106
    endloop
  endfacet
  facet normal -0.382538 -0.800156 0.461969
    outer loop
      vertex -35.0999 16.4306 45.1963
      vertex -34.9351 9.3715 33.106
      vertex -34.9351 16.3715 45.2304
    endloop
  endfacet
  facet normal -0.382497 -0.80017 0.461978
    outer loop
      vertex -34.9351 9.3715 33.106
      vertex -35.0999 16.4306 45.1963
      vertex -35.0999 9.43059 33.0719
    endloop
  endfacet
  facet normal -0.0562838 -0.864654 0.499204
    outer loop
      vertex -34.588 16.3029 45.27
      vertex -34.41 9.29423 33.1506
      vertex -34.41 16.2942 45.275
    endloop
  endfacet
  facet normal -0.0560901 -0.864663 0.499212
    outer loop
      vertex -34.41 9.29423 33.1506
      vertex -34.588 16.3029 45.27
      vertex -34.588 9.30289 33.1456
    endloop
  endfacet
  facet normal -0.167563 -0.853781 0.49293
    outer loop
      vertex -34.7638 16.3288 45.2551
      vertex -34.588 9.30289 33.1456
      vertex -34.588 16.3029 45.27
    endloop
  endfacet
  facet normal -0.167374 -0.853808 0.492948
    outer loop
      vertex -34.588 9.30289 33.1456
      vertex -34.7638 16.3288 45.2551
      vertex -34.7638 9.32875 33.1307
    endloop
  endfacet
  facet normal -0.57888 0.706168 -0.407708
    outer loop
      vertex -35.2559 18.8545 43.7968
      vertex -35.4013 11.7651 31.7241
      vertex -35.4013 18.7651 43.8484
    endloop
  endfacet
  facet normal -0.57888 0.706168 -0.407708
    outer loop
      vertex -35.4013 11.7651 31.7241
      vertex -35.2559 18.8545 43.7968
      vertex -35.2559 11.8545 31.6725
    endloop
  endfacet
  facet normal -0.167563 0.85378 -0.492932
    outer loop
      vertex -34.588 19.0569 43.68
      vertex -34.7638 12.031 31.5706
      vertex -34.7638 19.031 43.6949
    endloop
  endfacet
  facet normal -0.167836 0.853742 -0.492906
    outer loop
      vertex -34.7638 12.031 31.5706
      vertex -34.588 19.0569 43.68
      vertex -34.588 12.0569 31.5556
    endloop
  endfacet
  facet normal -0.277173 0.832095 -0.480409
    outer loop
      vertex -34.7638 19.031 43.6949
      vertex -34.9351 11.9882 31.5952
      vertex -34.9351 18.9882 43.7196
    endloop
  endfacet
  facet normal -0.276914 0.832158 -0.480449
    outer loop
      vertex -34.9351 11.9882 31.5952
      vertex -34.7638 19.031 43.6949
      vertex -34.7638 12.031 31.5706
    endloop
  endfacet
  facet normal -1 0 0
    outer loop
      vertex -36 10.6885 32.3456
      vertex -36 17.6712 44.48
      vertex -36 17.6885 44.47
    endloop
  endfacet
  facet normal -1 0 0
    outer loop
      vertex -36 17.6712 44.48
      vertex -36 10.6885 32.3456
      vertex -36 10.6712 32.3556
    endloop
  endfacet
  facet normal 0.0115095 0.500411 0.865711
    outer loop
      vertex 2.99 17.8427 44.381
      vertex 3 17.6712 44.48
      vertex 3 17.6885 44.47
    endloop
  endfacet
  facet normal -0.000611597 0.499914 0.866075
    outer loop
      vertex 2.99 17.8427 44.381
      vertex 2.99 17.517 44.569
      vertex 3 17.6712 44.48
    endloop
  endfacet
  facet normal -0.00137362 0.499914 0.866074
    outer loop
      vertex 2.96013 17.9949 44.2931
      vertex 2.99 17.517 44.569
      vertex 2.99 17.8427 44.381
    endloop
  endfacet
  facet normal 0.000709984 0.500012 0.866018
    outer loop
      vertex 2.96013 17.9949 44.2931
      vertex 2.96013 17.3648 44.6569
      vertex 2.99 17.517 44.569
    endloop
  endfacet
  facet normal -0.000324391 0.500012 0.866018
    outer loop
      vertex 2.91077 18.1433 44.2074
      vertex 2.96013 17.3648 44.6569
      vertex 2.96013 17.9949 44.2931
    endloop
  endfacet
  facet normal 0.000220515 0.500038 0.866004
    outer loop
      vertex 2.91077 18.1433 44.2074
      vertex 2.91077 17.2164 44.7426
      vertex 2.96013 17.3648 44.6569
    endloop
  endfacet
  facet normal 0.00122104 0.500037 0.866003
    outer loop
      vertex 2.84254 18.286 44.1251
      vertex 2.91077 17.2164 44.7426
      vertex 2.91077 18.1433 44.2074
    endloop
  endfacet
  facet normal -0.000287117 0.499966 0.866045
    outer loop
      vertex 2.84254 18.286 44.1251
      vertex 2.84254 17.0738 44.8249
      vertex 2.91077 17.2164 44.7426
    endloop
  endfacet
  facet normal -0.00107551 0.499965 0.866045
    outer loop
      vertex 2.75629 18.4211 44.047
      vertex 2.84254 17.0738 44.8249
      vertex 2.84254 18.286 44.1251
    endloop
  endfacet
  facet normal 0.000352523 0.500034 0.866006
    outer loop
      vertex 2.75629 18.4211 44.047
      vertex 2.75629 16.9386 44.903
      vertex 2.84254 17.0738 44.8249
    endloop
  endfacet
  facet normal 0.000443011 0.500034 0.866006
    outer loop
      vertex 2.65311 18.5471 43.9743
      vertex 2.75629 16.9386 44.903
      vertex 2.75629 18.4211 44.047
    endloop
  endfacet
  facet normal 7.07503e-05 0.500016 0.866016
    outer loop
      vertex 2.65311 18.5471 43.9743
      vertex 2.65311 16.8127 44.9757
      vertex 2.75629 16.9386 44.903
    endloop
  endfacet
  facet normal -0.000321335 0.500016 0.866016
    outer loop
      vertex 2.5343 18.6622 43.9078
      vertex 2.65311 16.8127 44.9757
      vertex 2.65311 18.5471 43.9743
    endloop
  endfacet
  facet normal -0.000798706 0.499993 0.866029
    outer loop
      vertex 2.5343 18.6622 43.9078
      vertex 2.5343 16.6975 45.0421
      vertex 2.65311 16.8127 44.9757
    endloop
  endfacet
  facet normal 5.40094e-05 0.499993 0.866029
    outer loop
      vertex 2.40135 18.7651 43.8484
      vertex 2.5343 16.6975 45.0421
      vertex 2.5343 18.6622 43.9078
    endloop
  endfacet
  facet normal -4.88885e-05 0.499988 0.866032
    outer loop
      vertex 2.40135 18.7651 43.8484
      vertex 2.40135 16.5946 45.1015
      vertex 2.5343 16.6975 45.0421
    endloop
  endfacet
  facet normal 8.05026e-05 0.499988 0.866032
    outer loop
      vertex 2.25593 18.8545 43.7968
      vertex 2.40135 16.5946 45.1015
      vertex 2.40135 18.7651 43.8484
    endloop
  endfacet
  facet normal 0.00025637 0.499997 0.866027
    outer loop
      vertex 2.25593 18.8545 43.7968
      vertex 2.25593 16.5053 45.1531
      vertex 2.40135 16.5946 45.1015
    endloop
  endfacet
  facet normal -0.000166631 0.499997 0.866027
    outer loop
      vertex 2.09987 18.9291 43.7537
      vertex 2.25593 16.5053 45.1531
      vertex 2.25593 18.8545 43.7968
    endloop
  endfacet
  facet normal 0.000384192 0.500023 0.866012
    outer loop
      vertex 2.09987 18.9291 43.7537
      vertex 2.09987 16.4306 45.1963
      vertex 2.25593 16.5053 45.1531
    endloop
  endfacet
  facet normal 0.000123744 0.500023 0.866012
    outer loop
      vertex 1.93514 18.9882 43.7196
      vertex 2.09987 16.4306 45.1963
      vertex 2.09987 18.9291 43.7537
    endloop
  endfacet
  facet normal -0.000118155 0.500012 0.866019
    outer loop
      vertex 1.93514 18.9882 43.7196
      vertex 1.93514 16.3715 45.2304
      vertex 2.09987 16.4306 45.1963
    endloop
  endfacet
  facet normal 5.74681e-05 0.500012 0.866019
    outer loop
      vertex 1.76381 19.031 43.6949
      vertex 1.93514 16.3715 45.2304
      vertex 1.93514 18.9882 43.7196
    endloop
  endfacet
  facet normal 0.000231577 0.50002 0.866014
    outer loop
      vertex 1.76381 19.031 43.6949
      vertex 1.76381 16.3288 45.2551
      vertex 1.93514 16.3715 45.2304
    endloop
  endfacet
  facet normal 0.000266903 0.50002 0.866014
    outer loop
      vertex 1.58802 19.0569 43.68
      vertex 1.76381 16.3288 45.2551
      vertex 1.76381 19.031 43.6949
    endloop
  endfacet
  facet normal -0.000261888 0.499995 0.866028
    outer loop
      vertex 1.58802 19.0569 43.68
      vertex 1.58802 16.3029 45.27
      vertex 1.76381 16.3288 45.2551
    endloop
  endfacet
  facet normal -0.000169578 0.499995 0.866028
    outer loop
      vertex 1.41 19.0655 43.675
      vertex 1.58802 16.3029 45.27
      vertex 1.58802 19.0569 43.68
    endloop
  endfacet
  facet normal -0.000111469 0.499997 0.866027
    outer loop
      vertex 1.41 19.0655 43.675
      vertex 1.41 16.2942 45.275
      vertex 1.58802 16.3029 45.27
    endloop
  endfacet
  facet normal -0 0.499997 0.866027
    outer loop
      vertex -34.41 19.0655 43.675
      vertex 1.41 16.2942 45.275
      vertex 1.41 19.0655 43.675
    endloop
  endfacet
  facet normal 0 0.499997 0.866027
    outer loop
      vertex -34.41 19.0655 43.675
      vertex -34.41 16.2942 45.275
      vertex 1.41 16.2942 45.275
    endloop
  endfacet
  facet normal 0.000169416 0.499997 0.866027
    outer loop
      vertex -34.588 19.0569 43.68
      vertex -34.41 16.2942 45.275
      vertex -34.41 19.0655 43.675
    endloop
  endfacet
  facet normal 0.000111298 0.499995 0.866028
    outer loop
      vertex -34.588 19.0569 43.68
      vertex -34.588 16.3029 45.27
      vertex -34.41 16.2942 45.275
    endloop
  endfacet
  facet normal -0.000261873 0.499995 0.866028
    outer loop
      vertex -34.7638 19.031 43.6949
      vertex -34.588 16.3029 45.27
      vertex -34.588 19.0569 43.68
    endloop
  endfacet
  facet normal 0.000266888 0.50002 0.866014
    outer loop
      vertex -34.7638 19.031 43.6949
      vertex -34.7638 16.3288 45.2551
      vertex -34.588 16.3029 45.27
    endloop
  endfacet
  facet normal -6.02803e-05 0.50002 0.866014
    outer loop
      vertex -34.9351 18.9882 43.7196
      vertex -34.7638 16.3288 45.2551
      vertex -34.7638 19.031 43.6949
    endloop
  endfacet
  facet normal -0.000234414 0.500012 0.866019
    outer loop
      vertex -34.9351 18.9882 43.7196
      vertex -34.9351 16.3715 45.2304
      vertex -34.7638 16.3288 45.2551
    endloop
  endfacet
  facet normal -0.000118105 0.500012 0.866019
    outer loop
      vertex -35.0999 18.9291 43.7537
      vertex -34.9351 16.3715 45.2304
      vertex -34.9351 18.9882 43.7196
    endloop
  endfacet
  facet normal 0.000123691 0.500023 0.866012
    outer loop
      vertex -35.0999 18.9291 43.7537
      vertex -35.0999 16.4306 45.1963
      vertex -34.9351 16.3715 45.2304
    endloop
  endfacet
  facet normal 0.000149732 0.500023 0.866012
    outer loop
      vertex -35.2559 18.8545 43.7968
      vertex -35.0999 16.4306 45.1963
      vertex -35.0999 18.9291 43.7537
    endloop
  endfacet
  facet normal -0.00040133 0.499997 0.866027
    outer loop
      vertex -35.2559 18.8545 43.7968
      vertex -35.2559 16.5053 45.1531
      vertex -35.0999 16.4306 45.1963
    endloop
  endfacet
  facet normal -8.74714e-05 0.499997 0.866027
    outer loop
      vertex -35.4013 18.7651 43.8484
      vertex -35.2559 16.5053 45.1531
      vertex -35.2559 18.8545 43.7968
    endloop
  endfacet
  facet normal -0.000263357 0.499988 0.866032
    outer loop
      vertex -35.4013 18.7651 43.8484
      vertex -35.4013 16.5946 45.1015
      vertex -35.2559 16.5053 45.1531
    endloop
  endfacet
  facet normal -4.88701e-05 0.499988 0.866032
    outer loop
      vertex -35.5343 18.6622 43.9078
      vertex -35.4013 16.5946 45.1015
      vertex -35.4013 18.7651 43.8484
    endloop
  endfacet
  facet normal 5.39891e-05 0.499993 0.866029
    outer loop
      vertex -35.5343 18.6622 43.9078
      vertex -35.5343 16.6975 45.0421
      vertex -35.4013 16.5946 45.1015
    endloop
  endfacet
  facet normal 0.000351077 0.499993 0.866029
    outer loop
      vertex -35.6531 18.5471 43.9743
      vertex -35.5343 16.6975 45.0421
      vertex -35.5343 18.6622 43.9078
    endloop
  endfacet
  facet normal 0.000828497 0.500016 0.866016
    outer loop
      vertex -35.6531 18.5471 43.9743
      vertex -35.6531 16.8127 44.9757
      vertex -35.5343 16.6975 45.0421
    endloop
  endfacet
  facet normal -0.000413775 0.500016 0.866016
    outer loop
      vertex -35.7563 18.4211 44.047
      vertex -35.6531 16.8127 44.9757
      vertex -35.6531 18.5471 43.9743
    endloop
  endfacet
  facet normal -4.16039e-05 0.500034 0.866006
    outer loop
      vertex -35.7563 18.4211 44.047
      vertex -35.7563 16.9386 44.903
      vertex -35.6531 16.8127 44.9757
    endloop
  endfacet
  facet normal 0.000932813 0.500034 0.866005
    outer loop
      vertex -35.8425 18.286 44.1251
      vertex -35.7563 16.9386 44.903
      vertex -35.7563 18.4211 44.047
    endloop
  endfacet
  facet normal -0.00049613 0.499966 0.866045
    outer loop
      vertex -35.8425 18.286 44.1251
      vertex -35.8425 17.0738 44.8249
      vertex -35.7563 16.9386 44.903
    endloop
  endfacet
  facet normal -0.00101884 0.499965 0.866045
    outer loop
      vertex -35.9108 18.1433 44.2074
      vertex -35.8425 17.0738 44.8249
      vertex -35.8425 18.286 44.1251
    endloop
  endfacet
  facet normal 0.000487669 0.500038 0.866003
    outer loop
      vertex -35.9108 18.1433 44.2074
      vertex -35.9108 17.2164 44.7426
      vertex -35.8425 17.0738 44.8249
    endloop
  endfacet
  facet normal 0.000220783 0.500038 0.866004
    outer loop
      vertex -35.9601 17.9949 44.2931
      vertex -35.9108 17.2164 44.7426
      vertex -35.9108 18.1433 44.2074
    endloop
  endfacet
  facet normal -0.000324786 0.500012 0.866018
    outer loop
      vertex -35.9601 17.9949 44.2931
      vertex -35.9601 17.3648 44.6569
      vertex -35.9108 17.2164 44.7426
    endloop
  endfacet
  facet normal 0.000709271 0.500012 0.866018
    outer loop
      vertex -35.99 17.8427 44.381
      vertex -35.9601 17.3648 44.6569
      vertex -35.9601 17.9949 44.2931
    endloop
  endfacet
  facet normal -0.00137225 0.499914 0.866074
    outer loop
      vertex -35.99 17.8427 44.381
      vertex -35.99 17.517 44.569
      vertex -35.9601 17.3648 44.6569
    endloop
  endfacet
  facet normal -0.000611597 0.499914 0.866075
    outer loop
      vertex -36 17.6885 44.47
      vertex -35.99 17.517 44.569
      vertex -35.99 17.8427 44.381
    endloop
  endfacet
  facet normal 0.0115095 0.500411 0.865711
    outer loop
      vertex -35.99 17.517 44.569
      vertex -36 17.6885 44.47
      vertex -36 17.6712 44.48
    endloop
  endfacet
  facet normal -0.745714 -0.577004 0.333133
    outer loop
      vertex -35.6531 9.81268 32.8513
      vertex -35.5343 16.6975 45.0421
      vertex -35.6531 16.8127 44.9757
    endloop
  endfacet
  facet normal -0.745709 -0.577008 0.333136
    outer loop
      vertex -35.5343 16.6975 45.0421
      vertex -35.6531 9.81268 32.8513
      vertex -35.5343 9.69754 32.9178
    endloop
  endfacet
  facet normal -0.0557995 0.864677 -0.49922
    outer loop
      vertex -34.41 19.0655 43.675
      vertex -34.588 12.0569 31.5556
      vertex -34.588 19.0569 43.68
    endloop
  endfacet
  facet normal -0.0557995 0.864677 -0.49922
    outer loop
      vertex -34.588 12.0569 31.5556
      vertex -34.41 19.0655 43.675
      vertex -34.41 12.0655 31.5506
    endloop
  endfacet
  facet normal -0.815603 0.501092 -0.289307
    outer loop
      vertex -35.6531 11.5471 31.85
      vertex -35.7563 18.4211 44.047
      vertex -35.6531 18.5471 43.9743
    endloop
  endfacet
  facet normal -0.815603 0.501092 -0.289307
    outer loop
      vertex -35.7563 18.4211 44.047
      vertex -35.6531 11.5471 31.85
      vertex -35.7563 11.4211 31.9227
    endloop
  endfacet
  facet normal -0.745623 0.577091 -0.333185
    outer loop
      vertex -35.5343 11.6622 31.7835
      vertex -35.6531 18.5471 43.9743
      vertex -35.5343 18.6622 43.9078
    endloop
  endfacet
  facet normal -0.745623 0.577091 -0.333185
    outer loop
      vertex -35.6531 18.5471 43.9743
      vertex -35.5343 11.6622 31.7835
      vertex -35.6531 11.5471 31.85
    endloop
  endfacet
  facet normal -0.666215 0.645846 -0.372881
    outer loop
      vertex -35.4013 11.7651 31.7241
      vertex -35.5343 18.6622 43.9078
      vertex -35.4013 18.7651 43.8484
    endloop
  endfacet
  facet normal -0.666215 0.645846 -0.372881
    outer loop
      vertex -35.5343 18.6622 43.9078
      vertex -35.4013 11.7651 31.7241
      vertex -35.5343 11.6622 31.7835
    endloop
  endfacet
  facet normal -0.998426 -0.0485654 0.0280391
    outer loop
      vertex -36 10.6712 32.3556
      vertex -35.99 17.517 44.569
      vertex -36 17.6712 44.48
    endloop
  endfacet
  facet normal -0.998426 -0.0485654 0.0280391
    outer loop
      vertex -35.99 17.517 44.569
      vertex -36 10.6712 32.3556
      vertex -35.99 10.517 32.4446
    endloop
  endfacet
  facet normal -0.961022 -0.239431 0.138235
    outer loop
      vertex -35.9601 10.3648 32.5325
      vertex -35.9108 17.2164 44.7426
      vertex -35.9601 17.3648 44.6569
    endloop
  endfacet
  facet normal -0.961022 -0.239431 0.138235
    outer loop
      vertex -35.9108 17.2164 44.7426
      vertex -35.9601 10.3648 32.5325
      vertex -35.9108 10.2164 32.6182
    endloop
  endfacet
  facet normal -0.875446 -0.418564 0.241659
    outer loop
      vertex -35.8425 10.0738 32.7006
      vertex -35.7563 16.9386 44.903
      vertex -35.8425 17.0738 44.8249
    endloop
  endfacet
  facet normal -0.875369 -0.418685 0.241727
    outer loop
      vertex -35.7563 16.9386 44.903
      vertex -35.8425 10.0738 32.7006
      vertex -35.7563 9.93861 32.7786
    endloop
  endfacet
  facet normal -0.923678 -0.331836 0.191585
    outer loop
      vertex -35.9108 10.2164 32.6182
      vertex -35.8425 17.0738 44.8249
      vertex -35.9108 17.2164 44.7426
    endloop
  endfacet
  facet normal -0.923719 -0.331749 0.191536
    outer loop
      vertex -35.8425 17.0738 44.8249
      vertex -35.9108 10.2164 32.6182
      vertex -35.8425 10.0738 32.7006
    endloop
  endfacet
  facet normal -0.99842 -0.0486681 0.0280983
    outer loop
      vertex -72.825 0.851409 20.1272
      vertex -72.8187 7.07944 31.1384
      vertex -72.825 7.17641 31.0825
    endloop
  endfacet
  facet normal -0.998421 -0.0486486 0.0280873
    outer loop
      vertex -72.8187 7.07944 31.1384
      vertex -72.825 0.851409 20.1272
      vertex -72.8187 0.754445 20.1832
    endloop
  endfacet
  facet normal 0.000226434 -0.50013 -0.86595
    outer loop
      vertex -36.4679 0.239036 20.4808
      vertex -36.175 0.851409 20.1272
      vertex -36.1813 0.754445 20.1832
    endloop
  endfacet
  facet normal 0.000246104 -0.500198 -0.865911
    outer loop
      vertex -36.9525 0.00709631 20.6147
      vertex -36.175 0.851409 20.1272
      vertex -36.8447 0.033982 20.5992
    endloop
  endfacet
  facet normal 0.00041004 -0.500207 -0.865906
    outer loop
      vertex -36.4679 0.239036 20.4808
      vertex -36.1813 0.754445 20.1832
      vertex -36.2001 0.6587 20.2385
    endloop
  endfacet
  facet normal -6.39222e-05 -0.499983 -0.866035
    outer loop
      vertex -37.063 -0.00917156 20.6241
      vertex -36.175 0.851409 20.1272
      vertex -36.9525 0.00709631 20.6147
    endloop
  endfacet
  facet normal 0.000575865 -0.500286 -0.86586
    outer loop
      vertex -36.4679 0.239036 20.4808
      vertex -36.2001 0.6587 20.2385
      vertex -36.2311 0.565378 20.2924
    endloop
  endfacet
  facet normal -0.000475127 -0.499754 -0.866167
    outer loop
      vertex -36.175 0.851409 20.1272
      vertex -36.7411 0.071147 20.5777
      vertex -36.8447 0.033982 20.5992
    endloop
  endfacet
  facet normal 6.1427e-05 -0.500006 -0.866022
    outer loop
      vertex -36.4679 0.239036 20.4808
      vertex -36.2311 0.565378 20.2924
      vertex -36.274 0.475654 20.3442
    endloop
  endfacet
  facet normal 0.000312707 -0.500183 -0.86592
    outer loop
      vertex -36.175 0.851409 20.1272
      vertex -36.643 0.118124 20.5506
      vertex -36.7411 0.071147 20.5777
    endloop
  endfacet
  facet normal 0.003839 -0.49862 -0.866812
    outer loop
      vertex -36.2311 1.39725 19.8121
      vertex -36.3106 1.54423 19.7272
      vertex -36.274 1.48697 19.7603
    endloop
  endfacet
  facet normal 0.0016867 -0.501004 -0.865443
    outer loop
      vertex -36.4679 0.239036 20.4808
      vertex -36.274 0.475654 20.3442
      vertex -36.3283 0.390655 20.3933
    endloop
  endfacet
  facet normal -0.000969685 -0.49917 -0.866503
    outer loop
      vertex -36.4679 0.239036 20.4808
      vertex -36.3283 0.390655 20.3933
      vertex -36.3932 0.311451 20.439
    endloop
  endfacet
  facet normal -0.000534064 -0.499857 -0.866108
    outer loop
      vertex -36.175 0.851409 20.1272
      vertex -36.4679 0.239036 20.4808
      vertex -36.5515 0.174322 20.5182
    endloop
  endfacet
  facet normal 0.000759771 -0.500397 -0.865796
    outer loop
      vertex -36.175 0.851409 20.1272
      vertex -36.5515 0.174322 20.5182
      vertex -36.643 0.118124 20.5506
    endloop
  endfacet
  facet normal -4.88055e-05 -0.499995 -0.866028
    outer loop
      vertex -36.175 0.851409 20.1272
      vertex -37.063 -0.00917156 20.6241
      vertex -36.175 1.11122 19.9772
    endloop
  endfacet
  facet normal 0.00035391 -0.500234 -0.86589
    outer loop
      vertex -37.175 -0.0146168 20.6272
      vertex -36.175 1.11122 19.9772
      vertex -37.063 -0.00917156 20.6241
    endloop
  endfacet
  facet normal 3.99244e-06 -0.500001 -0.866025
    outer loop
      vertex -36.3106 1.54423 19.7272
      vertex -36.175 1.11122 19.9772
      vertex -37.175 -0.0146168 20.6272
    endloop
  endfacet
  facet normal 0.000452165 -0.499998 -0.866026
    outer loop
      vertex -36.2001 1.30392 19.866
      vertex -36.3106 1.54423 19.7272
      vertex -36.2311 1.39725 19.8121
    endloop
  endfacet
  facet normal -6.15717e-05 -0.500175 -0.865924
    outer loop
      vertex -36.1813 1.20818 19.9213
      vertex -36.3106 1.54423 19.7272
      vertex -36.2001 1.30392 19.866
    endloop
  endfacet
  facet normal 0.00288873 -0.499322 -0.866412
    outer loop
      vertex -36.175 1.11122 19.9772
      vertex -36.3106 1.54423 19.7272
      vertex -36.1813 1.20818 19.9213
    endloop
  endfacet
  facet normal 0 -0.5 -0.866026
    outer loop
      vertex -42.15 1.54423 19.7272
      vertex -37.175 -0.0146168 20.6272
      vertex -42.15 -0.0146168 20.6272
    endloop
  endfacet
  facet normal 0 -0.5 -0.866026
    outer loop
      vertex -37.175 -0.0146168 20.6272
      vertex -42.15 1.54423 19.7272
      vertex -36.3106 1.54423 19.7272
    endloop
  endfacet
  facet normal 0 -0.5 -0.866026
    outer loop
      vertex -71.825 -0.0146168 20.6272
      vertex -70.35 1.54423 19.7272
      vertex -70.35 -0.0146168 20.6272
    endloop
  endfacet
  facet normal -0.00035391 -0.500234 -0.86589
    outer loop
      vertex -72.825 1.11122 19.9772
      vertex -71.825 -0.0146168 20.6272
      vertex -71.937 -0.00917156 20.6241
    endloop
  endfacet
  facet normal 6.39222e-05 -0.499983 -0.866035
    outer loop
      vertex -72.825 0.851409 20.1272
      vertex -71.937 -0.00917156 20.6241
      vertex -72.0475 0.00709631 20.6147
    endloop
  endfacet
  facet normal -0.000246104 -0.500198 -0.865911
    outer loop
      vertex -72.825 0.851409 20.1272
      vertex -72.0475 0.00709631 20.6147
      vertex -72.1553 0.033982 20.5992
    endloop
  endfacet
  facet normal 0.000475127 -0.499754 -0.866167
    outer loop
      vertex -72.825 0.851409 20.1272
      vertex -72.1553 0.033982 20.5992
      vertex -72.2589 0.071147 20.5777
    endloop
  endfacet
  facet normal -0.000312707 -0.500183 -0.86592
    outer loop
      vertex -72.825 0.851409 20.1272
      vertex -72.2589 0.071147 20.5777
      vertex -72.357 0.118124 20.5506
    endloop
  endfacet
  facet normal -0.000759771 -0.500397 -0.865796
    outer loop
      vertex -72.825 0.851409 20.1272
      vertex -72.357 0.118124 20.5506
      vertex -72.4485 0.174322 20.5182
    endloop
  endfacet
  facet normal 0.000534064 -0.499857 -0.866108
    outer loop
      vertex -72.825 0.851409 20.1272
      vertex -72.4485 0.174322 20.5182
      vertex -72.5321 0.239036 20.4808
    endloop
  endfacet
  facet normal -0.000308926 -0.50016 -0.865933
    outer loop
      vertex -72.825 0.851409 20.1272
      vertex -72.5321 0.239036 20.4808
      vertex -72.6068 0.311451 20.439
    endloop
  endfacet
  facet normal -0.00096164 -0.500357 -0.865818
    outer loop
      vertex -72.825 0.851409 20.1272
      vertex -72.6068 0.311451 20.439
      vertex -72.6717 0.390655 20.3933
    endloop
  endfacet
  facet normal 0 -0.5 -0.866026
    outer loop
      vertex -71.825 -0.0146168 20.6272
      vertex -72.6894 1.54423 19.7272
      vertex -70.35 1.54423 19.7272
    endloop
  endfacet
  facet normal 0.000345829 -0.500031 -0.866007
    outer loop
      vertex -72.825 0.851409 20.1272
      vertex -72.6717 0.390655 20.3933
      vertex -72.726 0.475654 20.3442
    endloop
  endfacet
  facet normal 4.88055e-05 -0.499995 -0.866028
    outer loop
      vertex -71.937 -0.00917156 20.6241
      vertex -72.825 0.851409 20.1272
      vertex -72.825 1.11122 19.9772
    endloop
  endfacet
  facet normal -0.000717741 -0.500241 -0.865886
    outer loop
      vertex -72.825 0.851409 20.1272
      vertex -72.726 0.475654 20.3442
      vertex -72.7689 0.565378 20.2924
    endloop
  endfacet
  facet normal -3.99244e-06 -0.500001 -0.866025
    outer loop
      vertex -71.825 -0.0146168 20.6272
      vertex -72.825 1.11122 19.9772
      vertex -72.6894 1.54423 19.7272
    endloop
  endfacet
  facet normal 6.59313e-05 -0.500126 -0.865952
    outer loop
      vertex -72.825 0.851409 20.1272
      vertex -72.7689 0.565378 20.2924
      vertex -72.7999 0.6587 20.2385
    endloop
  endfacet
  facet normal -0.00104875 -0.499756 -0.866166
    outer loop
      vertex -72.7689 1.39725 19.8121
      vertex -72.6894 1.54423 19.7272
      vertex -72.825 1.11122 19.9772
    endloop
  endfacet
  facet normal 0.000276318 -0.500106 -0.865964
    outer loop
      vertex -72.825 0.851409 20.1272
      vertex -72.7999 0.6587 20.2385
      vertex -72.8187 0.754445 20.1832
    endloop
  endfacet
  facet normal -0.003839 -0.49862 -0.866812
    outer loop
      vertex -72.6894 1.54423 19.7272
      vertex -72.7689 1.39725 19.8121
      vertex -72.726 1.48697 19.7603
    endloop
  endfacet
  facet normal -0.00196431 -0.49962 -0.866242
    outer loop
      vertex -72.7689 1.39725 19.8121
      vertex -72.825 1.11122 19.9772
      vertex -72.7999 1.30392 19.866
    endloop
  endfacet
  facet normal -0.00712002 -0.499105 -0.866512
    outer loop
      vertex -72.7999 1.30392 19.866
      vertex -72.825 1.11122 19.9772
      vertex -72.8187 1.20818 19.9213
    endloop
  endfacet
  facet normal 0 -0.5 -0.866026
    outer loop
      vertex -60.65 -0.0146168 20.6272
      vertex -51.85 1.54423 19.7272
      vertex -51.85 -0.0146168 20.6272
    endloop
  endfacet
  facet normal -0 -0.5 -0.866026
    outer loop
      vertex -51.85 1.54423 19.7272
      vertex -60.65 -0.0146168 20.6272
      vertex -60.65 1.54423 19.7272
    endloop
  endfacet
  facet normal 0.961029 -0.239409 0.138223
    outer loop
      vertex -36.2311 6.89038 31.2476
      vertex -36.2001 0.6587 20.2385
      vertex -36.2001 6.9837 31.1937
    endloop
  endfacet
  facet normal 0.961031 -0.239406 0.138221
    outer loop
      vertex -36.2001 0.6587 20.2385
      vertex -36.2311 6.89038 31.2476
      vertex -36.2311 0.565378 20.2924
    endloop
  endfacet
  facet normal 0 0.499999 0.866026
    outer loop
      vertex -70.35 7.86923 30.6825
      vertex -71.825 6.31038 31.5825
      vertex -70.35 6.31038 31.5825
    endloop
  endfacet
  facet normal -0 0.499999 0.866026
    outer loop
      vertex -72.6894 7.86923 30.6825
      vertex -71.825 6.31038 31.5825
      vertex -70.35 7.86923 30.6825
    endloop
  endfacet
  facet normal 5.17538e-06 0.500001 0.866025
    outer loop
      vertex -72.825 7.43622 30.9325
      vertex -71.825 6.31038 31.5825
      vertex -72.6894 7.86923 30.6825
    endloop
  endfacet
  facet normal -0.000432134 0.49971 0.866193
    outer loop
      vertex -71.825 6.31038 31.5825
      vertex -72.825 7.43622 30.9325
      vertex -71.937 6.31583 31.5793
    endloop
  endfacet
  facet normal 5.02699e-05 0.499997 0.866027
    outer loop
      vertex -72.825 7.17641 31.0825
      vertex -71.937 6.31583 31.5793
      vertex -72.825 7.43622 30.9325
    endloop
  endfacet
  facet normal -6.9977e-05 0.499904 0.866081
    outer loop
      vertex -71.937 6.31583 31.5793
      vertex -72.825 7.17641 31.0825
      vertex -72.0475 6.3321 31.5699
    endloop
  endfacet
  facet normal 0.000179168 0.500076 0.865982
    outer loop
      vertex -72.0475 6.3321 31.5699
      vertex -72.825 7.17641 31.0825
      vertex -72.1553 6.35898 31.5544
    endloop
  endfacet
  facet normal -0.000495774 0.499661 0.866221
    outer loop
      vertex -72.1553 6.35898 31.5544
      vertex -72.825 7.17641 31.0825
      vertex -72.2589 6.39615 31.5329
    endloop
  endfacet
  facet normal 0.000177558 0.500027 0.86601
    outer loop
      vertex -72.2589 6.39615 31.5329
      vertex -72.825 7.17641 31.0825
      vertex -72.357 6.44312 31.5058
    endloop
  endfacet
  facet normal 0.0006551 0.500256 0.865877
    outer loop
      vertex -72.357 6.44312 31.5058
      vertex -72.825 7.17641 31.0825
      vertex -72.4485 6.49932 31.4734
    endloop
  endfacet
  facet normal -0.000648025 0.499712 0.866191
    outer loop
      vertex -72.4485 6.49932 31.4734
      vertex -72.825 7.17641 31.0825
      vertex -72.5321 6.56404 31.436
    endloop
  endfacet
  facet normal -0.005549 0.501982 0.86486
    outer loop
      vertex -72.7689 7.72225 30.7673
      vertex -72.6894 7.86923 30.6825
      vertex -72.726 7.81197 30.7155
    endloop
  endfacet
  facet normal -4.62413e-06 0.499943 0.866058
    outer loop
      vertex -72.5321 6.56404 31.436
      vertex -72.825 7.17641 31.0825
      vertex -72.6068 6.63645 31.3942
    endloop
  endfacet
  facet normal -0.00153834 0.500363 0.865814
    outer loop
      vertex -72.6894 7.86923 30.6825
      vertex -72.7689 7.72225 30.7673
      vertex -72.825 7.43622 30.9325
    endloop
  endfacet
  facet normal 0.000662385 0.500145 0.865941
    outer loop
      vertex -72.6068 6.63645 31.3942
      vertex -72.825 7.17641 31.0825
      vertex -72.6717 6.71566 31.3485
    endloop
  endfacet
  facet normal -0.000262082 0.500176 0.865924
    outer loop
      vertex -72.825 7.43622 30.9325
      vertex -72.7689 7.72225 30.7673
      vertex -72.7999 7.62892 30.8212
    endloop
  endfacet
  facet normal -0.00111871 0.499701 0.866197
    outer loop
      vertex -72.6717 6.71566 31.3485
      vertex -72.825 7.17641 31.0825
      vertex -72.726 6.80065 31.2994
    endloop
  endfacet
  facet normal 0.000318072 0.500119 0.865956
    outer loop
      vertex -72.825 7.43622 30.9325
      vertex -72.7999 7.62892 30.8212
      vertex -72.8187 7.53318 30.8765
    endloop
  endfacet
  facet normal -0.0002311 0.499876 0.866097
    outer loop
      vertex -72.726 6.80065 31.2994
      vertex -72.825 7.17641 31.0825
      vertex -72.7689 6.89038 31.2476
    endloop
  endfacet
  facet normal -0.0023579 0.499562 0.866275
    outer loop
      vertex -72.7689 6.89038 31.2476
      vertex -72.825 7.17641 31.0825
      vertex -72.7999 6.9837 31.1937
    endloop
  endfacet
  facet normal -0.007512 0.499045 0.866543
    outer loop
      vertex -72.7999 6.9837 31.1937
      vertex -72.825 7.17641 31.0825
      vertex -72.8187 7.07944 31.1384
    endloop
  endfacet
  facet normal 0.00071137 0.500169 0.865927
    outer loop
      vertex -36.3106 7.86923 30.6825
      vertex -36.175 7.43622 30.9325
      vertex -36.1813 7.53318 30.8765
    endloop
  endfacet
  facet normal 1.66666e-06 0.499997 0.866027
    outer loop
      vertex -36.175 7.43622 30.9325
      vertex -37.175 6.31038 31.5825
      vertex -36.175 7.17641 31.0825
    endloop
  endfacet
  facet normal 0.0014291 0.500376 0.865807
    outer loop
      vertex -36.3106 7.86923 30.6825
      vertex -36.1813 7.53318 30.8765
      vertex -36.2001 7.62892 30.8212
    endloop
  endfacet
  facet normal -0.000179168 0.500076 0.865982
    outer loop
      vertex -36.8447 6.35898 31.5544
      vertex -36.175 7.17641 31.0825
      vertex -36.9525 6.3321 31.5699
    endloop
  endfacet
  facet normal 0.0023695 0.500699 0.865618
    outer loop
      vertex -36.3106 7.86923 30.6825
      vertex -36.2001 7.62892 30.8212
      vertex -36.2311 7.72225 30.7673
    endloop
  endfacet
  facet normal -0.000177558 0.500027 0.86601
    outer loop
      vertex -36.643 6.44312 31.5058
      vertex -36.175 7.17641 31.0825
      vertex -36.7411 6.39615 31.5329
    endloop
  endfacet
  facet normal 0.005549 0.501982 0.86486
    outer loop
      vertex -36.3106 7.86923 30.6825
      vertex -36.2311 7.72225 30.7673
      vertex -36.274 7.81197 30.7155
    endloop
  endfacet
  facet normal -5.17538e-06 0.500001 0.866025
    outer loop
      vertex -36.175 7.43622 30.9325
      vertex -36.3106 7.86923 30.6825
      vertex -37.175 6.31038 31.5825
    endloop
  endfacet
  facet normal 0.000648025 0.499712 0.866191
    outer loop
      vertex -36.4679 6.56404 31.436
      vertex -36.175 7.17641 31.0825
      vertex -36.5515 6.49932 31.4734
    endloop
  endfacet
  facet normal -0.000458372 0.500234 0.86589
    outer loop
      vertex -36.1813 7.07944 31.1384
      vertex -36.4679 6.56404 31.436
      vertex -36.2001 6.9837 31.1937
    endloop
  endfacet
  facet normal -0.0018865 0.501139 0.865365
    outer loop
      vertex -36.274 6.80065 31.2994
      vertex -36.4679 6.56404 31.436
      vertex -36.3283 6.71566 31.3485
    endloop
  endfacet
  facet normal 0.00131038 0.498932 0.86664
    outer loop
      vertex -36.3283 6.71566 31.3485
      vertex -36.4679 6.56404 31.436
      vertex -36.3932 6.63645 31.3942
    endloop
  endfacet
  facet normal 8.60322e-05 0.499928 0.866067
    outer loop
      vertex -36.2311 6.89038 31.2476
      vertex -36.4679 6.56404 31.436
      vertex -36.274 6.80065 31.2994
    endloop
  endfacet
  facet normal -0.000595319 0.500299 0.865852
    outer loop
      vertex -36.2001 6.9837 31.1937
      vertex -36.4679 6.56404 31.436
      vertex -36.2311 6.89038 31.2476
    endloop
  endfacet
  facet normal 0.0016736 0.499344 0.866402
    outer loop
      vertex -36.175 7.17641 31.0825
      vertex -36.4679 6.56404 31.436
      vertex -36.1813 7.07944 31.1384
    endloop
  endfacet
  facet normal -0.0006551 0.500256 0.865877
    outer loop
      vertex -36.5515 6.49932 31.4734
      vertex -36.175 7.17641 31.0825
      vertex -36.643 6.44312 31.5058
    endloop
  endfacet
  facet normal 0.000495774 0.499661 0.866221
    outer loop
      vertex -36.7411 6.39615 31.5329
      vertex -36.175 7.17641 31.0825
      vertex -36.8447 6.35898 31.5544
    endloop
  endfacet
  facet normal 6.9977e-05 0.499904 0.866081
    outer loop
      vertex -36.175 7.17641 31.0825
      vertex -37.063 6.31583 31.5793
      vertex -36.9525 6.3321 31.5699
    endloop
  endfacet
  facet normal 0.000438075 0.499619 0.866245
    outer loop
      vertex -36.175 7.17641 31.0825
      vertex -37.175 6.31038 31.5825
      vertex -37.063 6.31583 31.5793
    endloop
  endfacet
  facet normal -0 0.499999 0.866026
    outer loop
      vertex -42.15 7.86923 30.6825
      vertex -37.175 6.31038 31.5825
      vertex -36.3106 7.86923 30.6825
    endloop
  endfacet
  facet normal 0 0.499999 0.866026
    outer loop
      vertex -37.175 6.31038 31.5825
      vertex -42.15 7.86923 30.6825
      vertex -42.15 6.31038 31.5825
    endloop
  endfacet
  facet normal -0 0.499999 0.866026
    outer loop
      vertex -60.65 7.86923 30.6825
      vertex -51.85 6.31038 31.5825
      vertex -51.85 7.86923 30.6825
    endloop
  endfacet
  facet normal 0 0.499999 0.866026
    outer loop
      vertex -51.85 6.31038 31.5825
      vertex -60.65 7.86923 30.6825
      vertex -60.65 6.31038 31.5825
    endloop
  endfacet
  facet normal 0.92393 -0.331308 0.191281
    outer loop
      vertex -36.274 6.80065 31.2994
      vertex -36.2311 0.565378 20.2924
      vertex -36.2311 6.89038 31.2476
    endloop
  endfacet
  facet normal 0.923923 -0.331322 0.191289
    outer loop
      vertex -36.2311 0.565378 20.2924
      vertex -36.274 6.80065 31.2994
      vertex -36.274 0.475654 20.3442
    endloop
  endfacet
  facet normal -0.666543 -0.645593 0.372734
    outer loop
      vertex -72.5321 0.239036 20.4808
      vertex -72.4485 6.49932 31.4734
      vertex -72.5321 6.56404 31.436
    endloop
  endfacet
  facet normal -0.666517 -0.645613 0.372745
    outer loop
      vertex -72.4485 6.49932 31.4734
      vertex -72.5321 0.239036 20.4808
      vertex -72.4485 0.174322 20.5182
    endloop
  endfacet
  facet normal 0 -0.866027 0.499997
    outer loop
      vertex -71.825 -0.0146168 20.6272
      vertex -70.35 6.31038 31.5825
      vertex -71.825 6.31038 31.5825
    endloop
  endfacet
  facet normal 0 -0.866027 0.499997
    outer loop
      vertex -70.35 6.31038 31.5825
      vertex -71.825 -0.0146168 20.6272
      vertex -70.35 -0.0146168 20.6272
    endloop
  endfacet
  facet normal 0 -0.866027 0.499997
    outer loop
      vertex -42.15 -0.0146168 20.6272
      vertex -37.175 6.31038 31.5825
      vertex -42.15 6.31038 31.5825
    endloop
  endfacet
  facet normal 0 -0.866027 0.499997
    outer loop
      vertex -37.175 6.31038 31.5825
      vertex -42.15 -0.0146168 20.6272
      vertex -37.175 -0.0146168 20.6272
    endloop
  endfacet
  facet normal 0 -0.866027 0.499997
    outer loop
      vertex -60.65 -0.0146168 20.6272
      vertex -51.85 6.31038 31.5825
      vertex -60.65 6.31038 31.5825
    endloop
  endfacet
  facet normal 0 -0.866027 0.499997
    outer loop
      vertex -51.85 6.31038 31.5825
      vertex -60.65 -0.0146168 20.6272
      vertex -51.85 -0.0146168 20.6272
    endloop
  endfacet
  facet normal -1 0 0
    outer loop
      vertex -72.825 1.11122 19.9772
      vertex -72.825 7.17641 31.0825
      vertex -72.825 7.43622 30.9325
    endloop
  endfacet
  facet normal -1 0 0
    outer loop
      vertex -72.825 7.17641 31.0825
      vertex -72.825 1.11122 19.9772
      vertex -72.825 0.851409 20.1272
    endloop
  endfacet
  facet normal 0.98585 0.145174 -0.0838163
    outer loop
      vertex -36.1813 7.53318 30.8765
      vertex -36.2001 1.30392 19.866
      vertex -36.2001 7.62892 30.8212
    endloop
  endfacet
  facet normal 0.98585 0.145174 -0.0838163
    outer loop
      vertex -36.2001 1.30392 19.866
      vertex -36.1813 7.53318 30.8765
      vertex -36.1813 1.20818 19.9213
    endloop
  endfacet
  facet normal 0.98585 -0.145174 0.0838162
    outer loop
      vertex -36.2001 6.9837 31.1937
      vertex -36.1813 0.754445 20.1832
      vertex -36.1813 7.07944 31.1384
    endloop
  endfacet
  facet normal 0.985851 -0.145168 0.0838131
    outer loop
      vertex -36.1813 0.754445 20.1832
      vertex -36.2001 6.9837 31.1937
      vertex -36.2001 0.6587 20.2385
    endloop
  endfacet
  facet normal 0.382894 -0.800027 0.461897
    outer loop
      vertex -36.8447 0.033982 20.5992
      vertex -36.7411 6.39615 31.5329
      vertex -36.8447 6.35898 31.5544
    endloop
  endfacet
  facet normal 0.382861 -0.800039 0.461904
    outer loop
      vertex -36.7411 6.39615 31.5329
      vertex -36.8447 0.033982 20.5992
      vertex -36.7411 0.071147 20.5777
    endloop
  endfacet
  facet normal 0.483782 -0.757935 0.437595
    outer loop
      vertex -36.7411 0.071147 20.5777
      vertex -36.643 6.44312 31.5058
      vertex -36.7411 6.39615 31.5329
    endloop
  endfacet
  facet normal 0.483824 -0.757915 0.437583
    outer loop
      vertex -36.643 6.44312 31.5058
      vertex -36.7411 0.071147 20.5777
      vertex -36.643 0.118124 20.5506
    endloop
  endfacet
  facet normal 0.74572 -0.576998 0.33313
    outer loop
      vertex -36.4679 6.56404 31.436
      vertex -36.3932 0.311451 20.439
      vertex -36.3932 6.63645 31.3942
    endloop
  endfacet
  facet normal 0.745737 -0.576981 0.333121
    outer loop
      vertex -36.3932 0.311451 20.439
      vertex -36.4679 6.56404 31.436
      vertex -36.4679 0.239036 20.4808
    endloop
  endfacet
  facet normal -0.998421 0.0486501 -0.0280882
    outer loop
      vertex -72.8187 1.20818 19.9213
      vertex -72.825 7.43622 30.9325
      vertex -72.8187 7.53318 30.8765
    endloop
  endfacet
  facet normal -0.998419 0.0486719 -0.0281005
    outer loop
      vertex -72.825 7.43622 30.9325
      vertex -72.8187 1.20818 19.9213
      vertex -72.825 1.11122 19.9772
    endloop
  endfacet
  facet normal -0.961035 0.239392 -0.138213
    outer loop
      vertex -72.7689 1.39725 19.8121
      vertex -72.7999 7.62892 30.8212
      vertex -72.7689 7.72225 30.7673
    endloop
  endfacet
  facet normal -0.961035 0.239392 -0.138213
    outer loop
      vertex -72.7999 7.62892 30.8212
      vertex -72.7689 1.39725 19.8121
      vertex -72.7999 1.30392 19.866
    endloop
  endfacet
  facet normal 1 0 0
    outer loop
      vertex -36.175 7.17641 31.0825
      vertex -36.175 1.11122 19.9772
      vertex -36.175 7.43622 30.9325
    endloop
  endfacet
  facet normal 1 0 -0
    outer loop
      vertex -36.175 1.11122 19.9772
      vertex -36.175 7.17641 31.0825
      vertex -36.175 0.851409 20.1272
    endloop
  endfacet
  facet normal 0.99842 -0.0486681 0.0280983
    outer loop
      vertex -36.1813 7.07944 31.1384
      vertex -36.175 0.851409 20.1272
      vertex -36.175 7.17641 31.0825
    endloop
  endfacet
  facet normal 0.998421 -0.0486486 0.0280873
    outer loop
      vertex -36.175 0.851409 20.1272
      vertex -36.1813 7.07944 31.1384
      vertex -36.1813 0.754445 20.1832
    endloop
  endfacet
  facet normal 0.0563375 -0.864652 0.499203
    outer loop
      vertex -37.175 -0.0146168 20.6272
      vertex -37.063 6.31583 31.5793
      vertex -37.175 6.31038 31.5825
    endloop
  endfacet
  facet normal 0.0558566 -0.864673 0.49922
    outer loop
      vertex -37.063 6.31583 31.5793
      vertex -37.175 -0.0146168 20.6272
      vertex -37.063 -0.00917156 20.6241
    endloop
  endfacet
  facet normal 0.167641 -0.853769 0.492925
    outer loop
      vertex -37.063 -0.00917156 20.6241
      vertex -36.9525 6.3321 31.5699
      vertex -37.063 6.31583 31.5793
    endloop
  endfacet
  facet normal 0.167625 -0.853771 0.492926
    outer loop
      vertex -36.9525 6.3321 31.5699
      vertex -37.063 -0.00917156 20.6241
      vertex -36.9525 0.00709631 20.6147
    endloop
  endfacet
  facet normal 0.276606 -0.832236 0.480493
    outer loop
      vertex -36.9525 0.00709631 20.6147
      vertex -36.8447 6.35898 31.5544
      vertex -36.9525 6.3321 31.5699
    endloop
  endfacet
  facet normal 0.276647 -0.832226 0.480486
    outer loop
      vertex -36.8447 6.35898 31.5544
      vertex -36.9525 0.00709631 20.6147
      vertex -36.8447 0.033982 20.5992
    endloop
  endfacet
  facet normal 0.578362 -0.706486 0.40789
    outer loop
      vertex -36.643 0.118124 20.5506
      vertex -36.5515 6.49932 31.4734
      vertex -36.643 6.44312 31.5058
    endloop
  endfacet
  facet normal 0.578352 -0.706492 0.407894
    outer loop
      vertex -36.5515 6.49932 31.4734
      vertex -36.643 0.118124 20.5506
      vertex -36.5515 0.174322 20.5182
    endloop
  endfacet
  facet normal 0.875025 -0.419223 0.242039
    outer loop
      vertex -36.3283 6.71566 31.3485
      vertex -36.274 0.475654 20.3442
      vertex -36.274 6.80065 31.2994
    endloop
  endfacet
  facet normal 0.875042 -0.419197 0.242024
    outer loop
      vertex -36.274 0.475654 20.3442
      vertex -36.3283 6.71566 31.3485
      vertex -36.3283 0.390655 20.3933
    endloop
  endfacet
  facet normal -0.0563375 -0.864652 0.499203
    outer loop
      vertex -71.937 6.31583 31.5793
      vertex -71.825 -0.0146168 20.6272
      vertex -71.825 6.31038 31.5825
    endloop
  endfacet
  facet normal -0.0558566 -0.864673 0.49922
    outer loop
      vertex -71.825 -0.0146168 20.6272
      vertex -71.937 6.31583 31.5793
      vertex -71.937 -0.00917156 20.6241
    endloop
  endfacet
  facet normal 0.666543 -0.645593 0.372734
    outer loop
      vertex -36.5515 6.49932 31.4734
      vertex -36.4679 0.239036 20.4808
      vertex -36.4679 6.56404 31.436
    endloop
  endfacet
  facet normal 0.666517 -0.645613 0.372745
    outer loop
      vertex -36.4679 0.239036 20.4808
      vertex -36.5515 6.49932 31.4734
      vertex -36.5515 0.174322 20.5182
    endloop
  endfacet
  facet normal 0.815501 -0.501217 0.289379
    outer loop
      vertex -36.3932 6.63645 31.3942
      vertex -36.3283 0.390655 20.3933
      vertex -36.3283 6.71566 31.3485
    endloop
  endfacet
  facet normal 0.815485 -0.501236 0.289389
    outer loop
      vertex -36.3283 0.390655 20.3933
      vertex -36.3932 6.63645 31.3942
      vertex -36.3932 0.311451 20.439
    endloop
  endfacet
  facet normal -0.98585 -0.145174 0.0838162
    outer loop
      vertex -72.8187 0.754445 20.1832
      vertex -72.7999 6.9837 31.1937
      vertex -72.8187 7.07944 31.1384
    endloop
  endfacet
  facet normal -0.985851 -0.145168 0.0838131
    outer loop
      vertex -72.7999 6.9837 31.1937
      vertex -72.8187 0.754445 20.1832
      vertex -72.7999 0.6587 20.2385
    endloop
  endfacet
  facet normal -0.875025 -0.419223 0.242039
    outer loop
      vertex -72.726 0.475654 20.3442
      vertex -72.6717 6.71566 31.3485
      vertex -72.726 6.80065 31.2994
    endloop
  endfacet
  facet normal -0.875042 -0.419197 0.242024
    outer loop
      vertex -72.6717 6.71566 31.3485
      vertex -72.726 0.475654 20.3442
      vertex -72.6717 0.390655 20.3933
    endloop
  endfacet
  facet normal -0.578362 -0.706486 0.40789
    outer loop
      vertex -72.4485 6.49932 31.4734
      vertex -72.357 0.118124 20.5506
      vertex -72.357 6.44312 31.5058
    endloop
  endfacet
  facet normal -0.578352 -0.706492 0.407894
    outer loop
      vertex -72.357 0.118124 20.5506
      vertex -72.4485 6.49932 31.4734
      vertex -72.4485 0.174322 20.5182
    endloop
  endfacet
  facet normal -0.276606 -0.832236 0.480493
    outer loop
      vertex -72.1553 6.35898 31.5544
      vertex -72.0475 0.00709631 20.6147
      vertex -72.0475 6.3321 31.5699
    endloop
  endfacet
  facet normal -0.276647 -0.832226 0.480486
    outer loop
      vertex -72.0475 0.00709631 20.6147
      vertex -72.1553 6.35898 31.5544
      vertex -72.1553 0.033982 20.5992
    endloop
  endfacet
  facet normal -0.98585 0.145174 -0.0838163
    outer loop
      vertex -72.7999 1.30392 19.866
      vertex -72.8187 7.53318 30.8765
      vertex -72.7999 7.62892 30.8212
    endloop
  endfacet
  facet normal -0.98585 0.145174 -0.0838163
    outer loop
      vertex -72.8187 7.53318 30.8765
      vertex -72.7999 1.30392 19.866
      vertex -72.8187 1.20818 19.9213
    endloop
  endfacet
  facet normal -0.923919 0.331331 -0.191295
    outer loop
      vertex -72.726 1.48697 19.7603
      vertex -72.7689 7.72225 30.7673
      vertex -72.726 7.81197 30.7155
    endloop
  endfacet
  facet normal -0.923919 0.331331 -0.191295
    outer loop
      vertex -72.7689 7.72225 30.7673
      vertex -72.726 1.48697 19.7603
      vertex -72.7689 1.39725 19.8121
    endloop
  endfacet
  facet normal -0.874808 0.419564 -0.242234
    outer loop
      vertex -72.6894 1.54423 19.7272
      vertex -72.726 7.81197 30.7155
      vertex -72.6894 7.86923 30.6825
    endloop
  endfacet
  facet normal -0.874963 0.41932 -0.242095
    outer loop
      vertex -72.726 7.81197 30.7155
      vertex -72.6894 1.54423 19.7272
      vertex -72.726 1.48697 19.7603
    endloop
  endfacet
  facet normal 0.998421 0.0486501 -0.0280882
    outer loop
      vertex -36.175 7.43622 30.9325
      vertex -36.1813 1.20818 19.9213
      vertex -36.1813 7.53318 30.8765
    endloop
  endfacet
  facet normal 0.998419 0.0486719 -0.0281005
    outer loop
      vertex -36.1813 1.20818 19.9213
      vertex -36.175 7.43622 30.9325
      vertex -36.175 1.11122 19.9772
    endloop
  endfacet
  facet normal -0.74572 -0.576998 0.33313
    outer loop
      vertex -72.6068 0.311451 20.439
      vertex -72.5321 6.56404 31.436
      vertex -72.6068 6.63645 31.3942
    endloop
  endfacet
  facet normal -0.745737 -0.576981 0.333121
    outer loop
      vertex -72.5321 6.56404 31.436
      vertex -72.6068 0.311451 20.439
      vertex -72.5321 0.239036 20.4808
    endloop
  endfacet
  facet normal -0.92393 -0.331308 0.191281
    outer loop
      vertex -72.7689 0.565378 20.2924
      vertex -72.726 6.80065 31.2994
      vertex -72.7689 6.89038 31.2476
    endloop
  endfacet
  facet normal -0.923923 -0.331322 0.191289
    outer loop
      vertex -72.726 6.80065 31.2994
      vertex -72.7689 0.565378 20.2924
      vertex -72.726 0.475654 20.3442
    endloop
  endfacet
  facet normal -0.961029 -0.239409 0.138223
    outer loop
      vertex -72.7999 0.6587 20.2385
      vertex -72.7689 6.89038 31.2476
      vertex -72.7999 6.9837 31.1937
    endloop
  endfacet
  facet normal -0.961031 -0.239406 0.138221
    outer loop
      vertex -72.7689 6.89038 31.2476
      vertex -72.7999 0.6587 20.2385
      vertex -72.7689 0.565378 20.2924
    endloop
  endfacet
  facet normal -0.483782 -0.757935 0.437595
    outer loop
      vertex -72.357 6.44312 31.5058
      vertex -72.2589 0.071147 20.5777
      vertex -72.2589 6.39615 31.5329
    endloop
  endfacet
  facet normal -0.483824 -0.757915 0.437583
    outer loop
      vertex -72.2589 0.071147 20.5777
      vertex -72.357 6.44312 31.5058
      vertex -72.357 0.118124 20.5506
    endloop
  endfacet
  facet normal -0.167641 -0.853769 0.492925
    outer loop
      vertex -72.0475 6.3321 31.5699
      vertex -71.937 -0.00917156 20.6241
      vertex -71.937 6.31583 31.5793
    endloop
  endfacet
  facet normal -0.167625 -0.853771 0.492926
    outer loop
      vertex -71.937 -0.00917156 20.6241
      vertex -72.0475 6.3321 31.5699
      vertex -72.0475 0.00709631 20.6147
    endloop
  endfacet
  facet normal 0.874808 0.419564 -0.242234
    outer loop
      vertex -36.274 7.81197 30.7155
      vertex -36.3106 1.54423 19.7272
      vertex -36.3106 7.86923 30.6825
    endloop
  endfacet
  facet normal 0.874963 0.41932 -0.242095
    outer loop
      vertex -36.3106 1.54423 19.7272
      vertex -36.274 7.81197 30.7155
      vertex -36.274 1.48697 19.7603
    endloop
  endfacet
  facet normal 0.923919 0.331331 -0.191295
    outer loop
      vertex -36.2311 7.72225 30.7673
      vertex -36.274 1.48697 19.7603
      vertex -36.274 7.81197 30.7155
    endloop
  endfacet
  facet normal 0.923919 0.331331 -0.191295
    outer loop
      vertex -36.274 1.48697 19.7603
      vertex -36.2311 7.72225 30.7673
      vertex -36.2311 1.39725 19.8121
    endloop
  endfacet
  facet normal -0.815501 -0.501217 0.289379
    outer loop
      vertex -72.6717 0.390655 20.3933
      vertex -72.6068 6.63645 31.3942
      vertex -72.6717 6.71566 31.3485
    endloop
  endfacet
  facet normal -0.815485 -0.501236 0.289389
    outer loop
      vertex -72.6068 6.63645 31.3942
      vertex -72.6717 0.390655 20.3933
      vertex -72.6068 0.311451 20.439
    endloop
  endfacet
  facet normal -0.382894 -0.800027 0.461897
    outer loop
      vertex -72.2589 6.39615 31.5329
      vertex -72.1553 0.033982 20.5992
      vertex -72.1553 6.35898 31.5544
    endloop
  endfacet
  facet normal -0.382861 -0.800039 0.461904
    outer loop
      vertex -72.1553 0.033982 20.5992
      vertex -72.2589 6.39615 31.5329
      vertex -72.2589 0.071147 20.5777
    endloop
  endfacet
  facet normal 0.961035 0.239392 -0.138213
    outer loop
      vertex -36.2001 7.62892 30.8212
      vertex -36.2311 1.39725 19.8121
      vertex -36.2311 7.72225 30.7673
    endloop
  endfacet
  facet normal 0.961035 0.239392 -0.138213
    outer loop
      vertex -36.2311 1.39725 19.8121
      vertex -36.2001 7.62892 30.8212
      vertex -36.2001 1.30392 19.866
    endloop
  endfacet
  facet normal -0.998425 -0.0485911 0.0280539
    outer loop
      vertex 3.175 0.851409 20.1272
      vertex 3.18129 7.07944 31.1384
      vertex 3.175 7.17641 31.0825
    endloop
  endfacet
  facet normal -0.998426 -0.0485716 0.0280429
    outer loop
      vertex 3.18129 7.07944 31.1384
      vertex 3.175 0.851409 20.1272
      vertex 3.18129 0.754445 20.1832
    endloop
  endfacet
  facet normal 0 -0.5 -0.866026
    outer loop
      vertex 4.175 -0.0146168 20.6272
      vertex 9.15 1.54423 19.7272
      vertex 9.15 -0.0146168 20.6272
    endloop
  endfacet
  facet normal -0.000354042 -0.500235 -0.86589
    outer loop
      vertex 3.175 1.11122 19.9772
      vertex 4.175 -0.0146168 20.6272
      vertex 4.06304 -0.00917156 20.6241
    endloop
  endfacet
  facet normal 6.38818e-05 -0.499983 -0.866035
    outer loop
      vertex 3.175 0.851409 20.1272
      vertex 4.06304 -0.00917156 20.6241
      vertex 3.95248 0.00709631 20.6147
    endloop
  endfacet
  facet normal -0.000246221 -0.500198 -0.865911
    outer loop
      vertex 3.175 0.851409 20.1272
      vertex 3.95248 0.00709631 20.6147
      vertex 3.84472 0.033982 20.5992
    endloop
  endfacet
  facet normal 0.000475133 -0.499754 -0.866167
    outer loop
      vertex 3.175 0.851409 20.1272
      vertex 3.84472 0.033982 20.5992
      vertex 3.74112 0.071147 20.5777
    endloop
  endfacet
  facet normal -0.000312469 -0.500183 -0.86592
    outer loop
      vertex 3.175 0.851409 20.1272
      vertex 3.74112 0.071147 20.5777
      vertex 3.64297 0.118124 20.5506
    endloop
  endfacet
  facet normal -0.000760286 -0.500397 -0.865796
    outer loop
      vertex 3.175 0.851409 20.1272
      vertex 3.64297 0.118124 20.5506
      vertex 3.55151 0.174322 20.5182
    endloop
  endfacet
  facet normal 0.000533851 -0.499858 -0.866107
    outer loop
      vertex 3.175 0.851409 20.1272
      vertex 3.55151 0.174322 20.5182
      vertex 3.46789 0.239036 20.4808
    endloop
  endfacet
  facet normal -0.000308763 -0.50016 -0.865933
    outer loop
      vertex 3.175 0.851409 20.1272
      vertex 3.46789 0.239036 20.4808
      vertex 3.39317 0.311451 20.439
    endloop
  endfacet
  facet normal -0.000961804 -0.500357 -0.865818
    outer loop
      vertex 3.175 0.851409 20.1272
      vertex 3.39317 0.311451 20.439
      vertex 3.32828 0.390655 20.3933
    endloop
  endfacet
  facet normal 0 -0.5 -0.866026
    outer loop
      vertex 4.175 -0.0146168 20.6272
      vertex 3.31057 1.54423 19.7272
      vertex 9.15 1.54423 19.7272
    endloop
  endfacet
  facet normal 0.000346446 -0.500031 -0.866007
    outer loop
      vertex 3.175 0.851409 20.1272
      vertex 3.32828 0.390655 20.3933
      vertex 3.27403 0.475654 20.3442
    endloop
  endfacet
  facet normal 4.88033e-05 -0.499995 -0.866028
    outer loop
      vertex 4.06304 -0.00917156 20.6241
      vertex 3.175 0.851409 20.1272
      vertex 3.175 1.11122 19.9772
    endloop
  endfacet
  facet normal -0.000717636 -0.500242 -0.865886
    outer loop
      vertex 3.175 0.851409 20.1272
      vertex 3.27403 0.475654 20.3442
      vertex 3.23112 0.565378 20.2924
    endloop
  endfacet
  facet normal -3.99267e-06 -0.500001 -0.866025
    outer loop
      vertex 4.175 -0.0146168 20.6272
      vertex 3.175 1.11122 19.9772
      vertex 3.31057 1.54423 19.7272
    endloop
  endfacet
  facet normal 6.57063e-05 -0.500126 -0.865952
    outer loop
      vertex 3.175 0.851409 20.1272
      vertex 3.23112 0.565378 20.2924
      vertex 3.20007 0.6587 20.2385
    endloop
  endfacet
  facet normal -0.00105 -0.499755 -0.866166
    outer loop
      vertex 3.23112 1.39725 19.8121
      vertex 3.31057 1.54423 19.7272
      vertex 3.175 1.11122 19.9772
    endloop
  endfacet
  facet normal 0.000276541 -0.500106 -0.865964
    outer loop
      vertex 3.175 0.851409 20.1272
      vertex 3.20007 0.6587 20.2385
      vertex 3.18129 0.754445 20.1832
    endloop
  endfacet
  facet normal -0.00386687 -0.49861 -0.866818
    outer loop
      vertex 3.31057 1.54423 19.7272
      vertex 3.23112 1.39725 19.8121
      vertex 3.27403 1.48697 19.7603
    endloop
  endfacet
  facet normal -0.0019576 -0.499621 -0.866242
    outer loop
      vertex 3.23112 1.39725 19.8121
      vertex 3.175 1.11122 19.9772
      vertex 3.20007 1.30392 19.866
    endloop
  endfacet
  facet normal -0.00712575 -0.499105 -0.866512
    outer loop
      vertex 3.20007 1.30392 19.866
      vertex 3.175 1.11122 19.9772
      vertex 3.18129 1.20818 19.9213
    endloop
  endfacet
  facet normal 0.000226434 -0.50013 -0.86595
    outer loop
      vertex 39.5321 0.239036 20.4808
      vertex 39.825 0.851409 20.1272
      vertex 39.8187 0.754445 20.1832
    endloop
  endfacet
  facet normal 0.000246104 -0.500198 -0.865911
    outer loop
      vertex 39.0475 0.00709631 20.6147
      vertex 39.825 0.851409 20.1272
      vertex 39.1553 0.033982 20.5992
    endloop
  endfacet
  facet normal 0.00041004 -0.500207 -0.865906
    outer loop
      vertex 39.5321 0.239036 20.4808
      vertex 39.8187 0.754445 20.1832
      vertex 39.7999 0.6587 20.2385
    endloop
  endfacet
  facet normal -6.39222e-05 -0.499983 -0.866035
    outer loop
      vertex 38.937 -0.00917156 20.6241
      vertex 39.825 0.851409 20.1272
      vertex 39.0475 0.00709631 20.6147
    endloop
  endfacet
  facet normal 0.000575865 -0.500286 -0.86586
    outer loop
      vertex 39.5321 0.239036 20.4808
      vertex 39.7999 0.6587 20.2385
      vertex 39.7689 0.565378 20.2924
    endloop
  endfacet
  facet normal -0.000475127 -0.499754 -0.866167
    outer loop
      vertex 39.825 0.851409 20.1272
      vertex 39.2589 0.071147 20.5777
      vertex 39.1553 0.033982 20.5992
    endloop
  endfacet
  facet normal 6.1427e-05 -0.500006 -0.866022
    outer loop
      vertex 39.5321 0.239036 20.4808
      vertex 39.7689 0.565378 20.2924
      vertex 39.726 0.475654 20.3442
    endloop
  endfacet
  facet normal 0.000312707 -0.500183 -0.86592
    outer loop
      vertex 39.825 0.851409 20.1272
      vertex 39.357 0.118124 20.5506
      vertex 39.2589 0.071147 20.5777
    endloop
  endfacet
  facet normal 0.003839 -0.49862 -0.866812
    outer loop
      vertex 39.7689 1.39725 19.8121
      vertex 39.6894 1.54423 19.7272
      vertex 39.726 1.48697 19.7603
    endloop
  endfacet
  facet normal 0.0016867 -0.501004 -0.865443
    outer loop
      vertex 39.5321 0.239036 20.4808
      vertex 39.726 0.475654 20.3442
      vertex 39.6717 0.390655 20.3933
    endloop
  endfacet
  facet normal -0.000969685 -0.49917 -0.866503
    outer loop
      vertex 39.5321 0.239036 20.4808
      vertex 39.6717 0.390655 20.3933
      vertex 39.6068 0.311451 20.439
    endloop
  endfacet
  facet normal -0.000534064 -0.499857 -0.866108
    outer loop
      vertex 39.825 0.851409 20.1272
      vertex 39.5321 0.239036 20.4808
      vertex 39.4485 0.174322 20.5182
    endloop
  endfacet
  facet normal 0.000759771 -0.500397 -0.865796
    outer loop
      vertex 39.825 0.851409 20.1272
      vertex 39.4485 0.174322 20.5182
      vertex 39.357 0.118124 20.5506
    endloop
  endfacet
  facet normal -4.88055e-05 -0.499995 -0.866028
    outer loop
      vertex 39.825 0.851409 20.1272
      vertex 38.937 -0.00917156 20.6241
      vertex 39.825 1.11122 19.9772
    endloop
  endfacet
  facet normal 0.00035391 -0.500234 -0.86589
    outer loop
      vertex 38.825 -0.0146168 20.6272
      vertex 39.825 1.11122 19.9772
      vertex 38.937 -0.00917156 20.6241
    endloop
  endfacet
  facet normal 3.99244e-06 -0.500001 -0.866025
    outer loop
      vertex 39.6894 1.54423 19.7272
      vertex 39.825 1.11122 19.9772
      vertex 38.825 -0.0146168 20.6272
    endloop
  endfacet
  facet normal 0.000452165 -0.499998 -0.866026
    outer loop
      vertex 39.7999 1.30392 19.866
      vertex 39.6894 1.54423 19.7272
      vertex 39.7689 1.39725 19.8121
    endloop
  endfacet
  facet normal -6.15717e-05 -0.500175 -0.865924
    outer loop
      vertex 39.8187 1.20818 19.9213
      vertex 39.6894 1.54423 19.7272
      vertex 39.7999 1.30392 19.866
    endloop
  endfacet
  facet normal 0.00288873 -0.499322 -0.866412
    outer loop
      vertex 39.825 1.11122 19.9772
      vertex 39.6894 1.54423 19.7272
      vertex 39.8187 1.20818 19.9213
    endloop
  endfacet
  facet normal 0 -0.5 -0.866026
    outer loop
      vertex 37.35 1.54423 19.7272
      vertex 38.825 -0.0146168 20.6272
      vertex 37.35 -0.0146168 20.6272
    endloop
  endfacet
  facet normal 0 -0.5 -0.866026
    outer loop
      vertex 38.825 -0.0146168 20.6272
      vertex 37.35 1.54423 19.7272
      vertex 39.6894 1.54423 19.7272
    endloop
  endfacet
  facet normal 0 -0.5 -0.866026
    outer loop
      vertex 18.85 -0.0146168 20.6272
      vertex 27.65 1.54423 19.7272
      vertex 27.65 -0.0146168 20.6272
    endloop
  endfacet
  facet normal -0 -0.5 -0.866026
    outer loop
      vertex 27.65 1.54423 19.7272
      vertex 18.85 -0.0146168 20.6272
      vertex 18.85 1.54423 19.7272
    endloop
  endfacet
  facet normal -1 0 0
    outer loop
      vertex 3.175 1.11122 19.9772
      vertex 3.175 7.17641 31.0825
      vertex 3.175 7.43622 30.9325
    endloop
  endfacet
  facet normal -1 0 0
    outer loop
      vertex 3.175 7.17641 31.0825
      vertex 3.175 1.11122 19.9772
      vertex 3.175 0.851409 20.1272
    endloop
  endfacet
  facet normal 1 0 0
    outer loop
      vertex 39.825 7.17641 31.0825
      vertex 39.825 1.11122 19.9772
      vertex 39.825 7.43622 30.9325
    endloop
  endfacet
  facet normal 1 0 -0
    outer loop
      vertex 39.825 1.11122 19.9772
      vertex 39.825 7.17641 31.0825
      vertex 39.825 0.851409 20.1272
    endloop
  endfacet
  facet normal 0.666543 -0.645593 0.372734
    outer loop
      vertex 39.4485 6.49932 31.4734
      vertex 39.5321 0.239036 20.4808
      vertex 39.5321 6.56404 31.436
    endloop
  endfacet
  facet normal 0.666517 -0.645613 0.372745
    outer loop
      vertex 39.5321 0.239036 20.4808
      vertex 39.4485 6.49932 31.4734
      vertex 39.4485 0.174322 20.5182
    endloop
  endfacet
  facet normal 0 0.499999 0.866026
    outer loop
      vertex 9.15 7.86923 30.6825
      vertex 4.175 6.31038 31.5825
      vertex 9.15 6.31038 31.5825
    endloop
  endfacet
  facet normal -0 0.499999 0.866026
    outer loop
      vertex 3.31057 7.86923 30.6825
      vertex 4.175 6.31038 31.5825
      vertex 9.15 7.86923 30.6825
    endloop
  endfacet
  facet normal 5.17568e-06 0.500001 0.866025
    outer loop
      vertex 3.175 7.43622 30.9325
      vertex 4.175 6.31038 31.5825
      vertex 3.31057 7.86923 30.6825
    endloop
  endfacet
  facet normal -0.000432295 0.49971 0.866193
    outer loop
      vertex 4.175 6.31038 31.5825
      vertex 3.175 7.43622 30.9325
      vertex 4.06304 6.31583 31.5793
    endloop
  endfacet
  facet normal 5.02677e-05 0.499997 0.866027
    outer loop
      vertex 3.175 7.17641 31.0825
      vertex 4.06304 6.31583 31.5793
      vertex 3.175 7.43622 30.9325
    endloop
  endfacet
  facet normal -6.99327e-05 0.499904 0.866081
    outer loop
      vertex 4.06304 6.31583 31.5793
      vertex 3.175 7.17641 31.0825
      vertex 3.95248 6.3321 31.5699
    endloop
  endfacet
  facet normal 0.000179253 0.500076 0.865982
    outer loop
      vertex 3.95248 6.3321 31.5699
      vertex 3.175 7.17641 31.0825
      vertex 3.84472 6.35898 31.5544
    endloop
  endfacet
  facet normal -0.00049578 0.499661 0.866221
    outer loop
      vertex 3.84472 6.35898 31.5544
      vertex 3.175 7.17641 31.0825
      vertex 3.74112 6.39615 31.5329
    endloop
  endfacet
  facet normal 0.000177422 0.500027 0.86601
    outer loop
      vertex 3.74112 6.39615 31.5329
      vertex 3.175 7.17641 31.0825
      vertex 3.64297 6.44312 31.5058
    endloop
  endfacet
  facet normal 0.000655544 0.500256 0.865877
    outer loop
      vertex 3.64297 6.44312 31.5058
      vertex 3.175 7.17641 31.0825
      vertex 3.55151 6.49932 31.4734
    endloop
  endfacet
  facet normal -0.000647766 0.499712 0.866191
    outer loop
      vertex 3.55151 6.49932 31.4734
      vertex 3.175 7.17641 31.0825
      vertex 3.46789 6.56404 31.436
    endloop
  endfacet
  facet normal -0.00558918 0.501997 0.864852
    outer loop
      vertex 3.23112 7.72225 30.7673
      vertex 3.31057 7.86923 30.6825
      vertex 3.27403 7.81197 30.7155
    endloop
  endfacet
  facet normal -4.62168e-06 0.499943 0.866058
    outer loop
      vertex 3.46789 6.56404 31.436
      vertex 3.175 7.17641 31.0825
      vertex 3.39317 6.63645 31.3942
    endloop
  endfacet
  facet normal -0.00154018 0.500363 0.865814
    outer loop
      vertex 3.31057 7.86923 30.6825
      vertex 3.23112 7.72225 30.7673
      vertex 3.175 7.43622 30.9325
    endloop
  endfacet
  facet normal 0.000662498 0.500145 0.865941
    outer loop
      vertex 3.39317 6.63645 31.3942
      vertex 3.175 7.17641 31.0825
      vertex 3.32828 6.71566 31.3485
    endloop
  endfacet
  facet normal -0.000261188 0.500176 0.865924
    outer loop
      vertex 3.175 7.43622 30.9325
      vertex 3.23112 7.72225 30.7673
      vertex 3.20007 7.62892 30.8212
    endloop
  endfacet
  facet normal -0.00112071 0.4997 0.866198
    outer loop
      vertex 3.32828 6.71566 31.3485
      vertex 3.175 7.17641 31.0825
      vertex 3.27403 6.80065 31.2994
    endloop
  endfacet
  facet normal 0.000318329 0.500119 0.865956
    outer loop
      vertex 3.175 7.43622 30.9325
      vertex 3.20007 7.62892 30.8212
      vertex 3.18129 7.53318 30.8765
    endloop
  endfacet
  facet normal -0.000231066 0.499876 0.866097
    outer loop
      vertex 3.27403 6.80065 31.2994
      vertex 3.175 7.17641 31.0825
      vertex 3.23112 6.89038 31.2476
    endloop
  endfacet
  facet normal -0.00234985 0.499563 0.866274
    outer loop
      vertex 3.23112 6.89038 31.2476
      vertex 3.175 7.17641 31.0825
      vertex 3.20007 6.9837 31.1937
    endloop
  endfacet
  facet normal -0.00751805 0.499046 0.866543
    outer loop
      vertex 3.20007 6.9837 31.1937
      vertex 3.175 7.17641 31.0825
      vertex 3.18129 7.07944 31.1384
    endloop
  endfacet
  facet normal 0.00071137 0.500169 0.865927
    outer loop
      vertex 39.6894 7.86923 30.6825
      vertex 39.825 7.43622 30.9325
      vertex 39.8187 7.53318 30.8765
    endloop
  endfacet
  facet normal 1.66666e-06 0.499997 0.866027
    outer loop
      vertex 39.825 7.43622 30.9325
      vertex 38.825 6.31038 31.5825
      vertex 39.825 7.17641 31.0825
    endloop
  endfacet
  facet normal 0.0014291 0.500376 0.865807
    outer loop
      vertex 39.6894 7.86923 30.6825
      vertex 39.8187 7.53318 30.8765
      vertex 39.7999 7.62892 30.8212
    endloop
  endfacet
  facet normal -0.000179168 0.500076 0.865982
    outer loop
      vertex 39.1553 6.35898 31.5544
      vertex 39.825 7.17641 31.0825
      vertex 39.0475 6.3321 31.5699
    endloop
  endfacet
  facet normal 0.0023695 0.500699 0.865618
    outer loop
      vertex 39.6894 7.86923 30.6825
      vertex 39.7999 7.62892 30.8212
      vertex 39.7689 7.72225 30.7673
    endloop
  endfacet
  facet normal -0.000177558 0.500027 0.86601
    outer loop
      vertex 39.357 6.44312 31.5058
      vertex 39.825 7.17641 31.0825
      vertex 39.2589 6.39615 31.5329
    endloop
  endfacet
  facet normal 0.005549 0.501982 0.86486
    outer loop
      vertex 39.6894 7.86923 30.6825
      vertex 39.7689 7.72225 30.7673
      vertex 39.726 7.81197 30.7155
    endloop
  endfacet
  facet normal -5.17538e-06 0.500001 0.866025
    outer loop
      vertex 39.825 7.43622 30.9325
      vertex 39.6894 7.86923 30.6825
      vertex 38.825 6.31038 31.5825
    endloop
  endfacet
  facet normal 0.000648025 0.499712 0.866191
    outer loop
      vertex 39.5321 6.56404 31.436
      vertex 39.825 7.17641 31.0825
      vertex 39.4485 6.49932 31.4734
    endloop
  endfacet
  facet normal -0.000458372 0.500234 0.86589
    outer loop
      vertex 39.8187 7.07944 31.1384
      vertex 39.5321 6.56404 31.436
      vertex 39.7999 6.9837 31.1937
    endloop
  endfacet
  facet normal -0.0018865 0.501139 0.865365
    outer loop
      vertex 39.726 6.80065 31.2994
      vertex 39.5321 6.56404 31.436
      vertex 39.6717 6.71566 31.3485
    endloop
  endfacet
  facet normal 0.00131038 0.498932 0.86664
    outer loop
      vertex 39.6717 6.71566 31.3485
      vertex 39.5321 6.56404 31.436
      vertex 39.6068 6.63645 31.3942
    endloop
  endfacet
  facet normal 8.60322e-05 0.499928 0.866067
    outer loop
      vertex 39.7689 6.89038 31.2476
      vertex 39.5321 6.56404 31.436
      vertex 39.726 6.80065 31.2994
    endloop
  endfacet
  facet normal -0.000595319 0.500299 0.865852
    outer loop
      vertex 39.7999 6.9837 31.1937
      vertex 39.5321 6.56404 31.436
      vertex 39.7689 6.89038 31.2476
    endloop
  endfacet
  facet normal 0.0016736 0.499344 0.866402
    outer loop
      vertex 39.825 7.17641 31.0825
      vertex 39.5321 6.56404 31.436
      vertex 39.8187 7.07944 31.1384
    endloop
  endfacet
  facet normal -0.0006551 0.500256 0.865877
    outer loop
      vertex 39.4485 6.49932 31.4734
      vertex 39.825 7.17641 31.0825
      vertex 39.357 6.44312 31.5058
    endloop
  endfacet
  facet normal 0.000495774 0.499661 0.866221
    outer loop
      vertex 39.2589 6.39615 31.5329
      vertex 39.825 7.17641 31.0825
      vertex 39.1553 6.35898 31.5544
    endloop
  endfacet
  facet normal 6.9977e-05 0.499904 0.866081
    outer loop
      vertex 39.825 7.17641 31.0825
      vertex 38.937 6.31583 31.5793
      vertex 39.0475 6.3321 31.5699
    endloop
  endfacet
  facet normal 0.000438075 0.499619 0.866245
    outer loop
      vertex 39.825 7.17641 31.0825
      vertex 38.825 6.31038 31.5825
      vertex 38.937 6.31583 31.5793
    endloop
  endfacet
  facet normal -0 0.499999 0.866026
    outer loop
      vertex 37.35 7.86923 30.6825
      vertex 38.825 6.31038 31.5825
      vertex 39.6894 7.86923 30.6825
    endloop
  endfacet
  facet normal 0 0.499999 0.866026
    outer loop
      vertex 38.825 6.31038 31.5825
      vertex 37.35 7.86923 30.6825
      vertex 37.35 6.31038 31.5825
    endloop
  endfacet
  facet normal -0 0.499999 0.866026
    outer loop
      vertex 18.85 7.86923 30.6825
      vertex 27.65 6.31038 31.5825
      vertex 27.65 7.86923 30.6825
    endloop
  endfacet
  facet normal 0 0.499999 0.866026
    outer loop
      vertex 27.65 6.31038 31.5825
      vertex 18.85 7.86923 30.6825
      vertex 18.85 6.31038 31.5825
    endloop
  endfacet
  facet normal 0 -0.866027 0.499997
    outer loop
      vertex 4.175 -0.0146168 20.6272
      vertex 9.15 6.31038 31.5825
      vertex 4.175 6.31038 31.5825
    endloop
  endfacet
  facet normal 0 -0.866027 0.499997
    outer loop
      vertex 9.15 6.31038 31.5825
      vertex 4.175 -0.0146168 20.6272
      vertex 9.15 -0.0146168 20.6272
    endloop
  endfacet
  facet normal 0 -0.866027 0.499997
    outer loop
      vertex 37.35 -0.0146168 20.6272
      vertex 38.825 6.31038 31.5825
      vertex 37.35 6.31038 31.5825
    endloop
  endfacet
  facet normal 0 -0.866027 0.499997
    outer loop
      vertex 38.825 6.31038 31.5825
      vertex 37.35 -0.0146168 20.6272
      vertex 38.825 -0.0146168 20.6272
    endloop
  endfacet
  facet normal 0 -0.866027 0.499997
    outer loop
      vertex 18.85 -0.0146168 20.6272
      vertex 27.65 6.31038 31.5825
      vertex 18.85 6.31038 31.5825
    endloop
  endfacet
  facet normal 0 -0.866027 0.499997
    outer loop
      vertex 27.65 6.31038 31.5825
      vertex 18.85 -0.0146168 20.6272
      vertex 27.65 -0.0146168 20.6272
    endloop
  endfacet
  facet normal 0.382894 -0.800027 0.461897
    outer loop
      vertex 39.1553 0.033982 20.5992
      vertex 39.2589 6.39615 31.5329
      vertex 39.1553 6.35898 31.5544
    endloop
  endfacet
  facet normal 0.382861 -0.800039 0.461904
    outer loop
      vertex 39.2589 6.39615 31.5329
      vertex 39.1553 0.033982 20.5992
      vertex 39.2589 0.071147 20.5777
    endloop
  endfacet
  facet normal 0.483782 -0.757935 0.437595
    outer loop
      vertex 39.2589 0.071147 20.5777
      vertex 39.357 6.44312 31.5058
      vertex 39.2589 6.39615 31.5329
    endloop
  endfacet
  facet normal 0.483824 -0.757915 0.437583
    outer loop
      vertex 39.357 6.44312 31.5058
      vertex 39.2589 0.071147 20.5777
      vertex 39.357 0.118124 20.5506
    endloop
  endfacet
  facet normal -0.167552 -0.853782 0.492932
    outer loop
      vertex 3.95248 6.3321 31.5699
      vertex 4.06304 -0.00917156 20.6241
      vertex 4.06304 6.31583 31.5793
    endloop
  endfacet
  facet normal -0.167536 -0.853784 0.492934
    outer loop
      vertex 4.06304 -0.00917156 20.6241
      vertex 3.95248 6.3321 31.5699
      vertex 3.95248 0.00709631 20.6147
    endloop
  endfacet
  facet normal -0.998426 0.0485731 -0.0280438
    outer loop
      vertex 3.18129 1.20818 19.9213
      vertex 3.175 7.43622 30.9325
      vertex 3.18129 7.53318 30.8765
    endloop
  endfacet
  facet normal -0.998424 0.0485949 -0.028056
    outer loop
      vertex 3.175 7.43622 30.9325
      vertex 3.18129 1.20818 19.9213
      vertex 3.175 1.11122 19.9772
    endloop
  endfacet
  facet normal 0.0563375 -0.864652 0.499203
    outer loop
      vertex 38.825 -0.0146168 20.6272
      vertex 38.937 6.31583 31.5793
      vertex 38.825 6.31038 31.5825
    endloop
  endfacet
  facet normal 0.0558566 -0.864673 0.49922
    outer loop
      vertex 38.937 6.31583 31.5793
      vertex 38.825 -0.0146168 20.6272
      vertex 38.937 -0.00917156 20.6241
    endloop
  endfacet
  facet normal 0.276606 -0.832236 0.480493
    outer loop
      vertex 39.0475 0.00709631 20.6147
      vertex 39.1553 6.35898 31.5544
      vertex 39.0475 6.3321 31.5699
    endloop
  endfacet
  facet normal 0.276647 -0.832226 0.480486
    outer loop
      vertex 39.1553 6.35898 31.5544
      vertex 39.0475 0.00709631 20.6147
      vertex 39.1553 0.033982 20.5992
    endloop
  endfacet
  facet normal 0.578362 -0.706486 0.40789
    outer loop
      vertex 39.357 0.118124 20.5506
      vertex 39.4485 6.49932 31.4734
      vertex 39.357 6.44312 31.5058
    endloop
  endfacet
  facet normal 0.578352 -0.706492 0.407894
    outer loop
      vertex 39.4485 6.49932 31.4734
      vertex 39.357 0.118124 20.5506
      vertex 39.4485 0.174322 20.5182
    endloop
  endfacet
  facet normal 0.74572 -0.576998 0.33313
    outer loop
      vertex 39.5321 6.56404 31.436
      vertex 39.6068 0.311451 20.439
      vertex 39.6068 6.63645 31.3942
    endloop
  endfacet
  facet normal 0.745737 -0.576981 0.333121
    outer loop
      vertex 39.6068 0.311451 20.439
      vertex 39.5321 6.56404 31.436
      vertex 39.5321 0.239036 20.4808
    endloop
  endfacet
  facet normal 0.98585 -0.145174 0.0838162
    outer loop
      vertex 39.7999 6.9837 31.1937
      vertex 39.8187 0.754445 20.1832
      vertex 39.8187 7.07944 31.1384
    endloop
  endfacet
  facet normal 0.985851 -0.145168 0.0838131
    outer loop
      vertex 39.8187 0.754445 20.1832
      vertex 39.7999 6.9837 31.1937
      vertex 39.7999 0.6587 20.2385
    endloop
  endfacet
  facet normal -0.0563576 -0.864651 0.499202
    outer loop
      vertex 4.06304 6.31583 31.5793
      vertex 4.175 -0.0146168 20.6272
      vertex 4.175 6.31038 31.5825
    endloop
  endfacet
  facet normal -0.0558764 -0.864672 0.49922
    outer loop
      vertex 4.175 -0.0146168 20.6272
      vertex 4.06304 6.31583 31.5793
      vertex 4.06304 -0.00917156 20.6241
    endloop
  endfacet
  facet normal -0.985879 0.145024 -0.0837296
    outer loop
      vertex 3.20007 1.30392 19.866
      vertex 3.18129 7.53318 30.8765
      vertex 3.20007 7.62892 30.8212
    endloop
  endfacet
  facet normal -0.985879 0.145024 -0.0837296
    outer loop
      vertex 3.18129 7.53318 30.8765
      vertex 3.20007 1.30392 19.866
      vertex 3.18129 1.20818 19.9213
    endloop
  endfacet
  facet normal 0.98585 0.145174 -0.0838163
    outer loop
      vertex 39.8187 7.53318 30.8765
      vertex 39.7999 1.30392 19.866
      vertex 39.7999 7.62892 30.8212
    endloop
  endfacet
  facet normal 0.98585 0.145174 -0.0838163
    outer loop
      vertex 39.7999 1.30392 19.866
      vertex 39.8187 7.53318 30.8765
      vertex 39.8187 1.20818 19.9213
    endloop
  endfacet
  facet normal 0.167641 -0.853769 0.492925
    outer loop
      vertex 38.937 -0.00917156 20.6241
      vertex 39.0475 6.3321 31.5699
      vertex 38.937 6.31583 31.5793
    endloop
  endfacet
  facet normal 0.167625 -0.853771 0.492926
    outer loop
      vertex 39.0475 6.3321 31.5699
      vertex 38.937 -0.00917156 20.6241
      vertex 39.0475 0.00709631 20.6147
    endloop
  endfacet
  facet normal 0.815501 -0.501217 0.289379
    outer loop
      vertex 39.6068 6.63645 31.3942
      vertex 39.6717 0.390655 20.3933
      vertex 39.6717 6.71566 31.3485
    endloop
  endfacet
  facet normal 0.815485 -0.501236 0.289389
    outer loop
      vertex 39.6717 0.390655 20.3933
      vertex 39.6068 6.63645 31.3942
      vertex 39.6068 0.311451 20.439
    endloop
  endfacet
  facet normal 0.875025 -0.419223 0.242039
    outer loop
      vertex 39.6717 6.71566 31.3485
      vertex 39.726 0.475654 20.3442
      vertex 39.726 6.80065 31.2994
    endloop
  endfacet
  facet normal 0.875042 -0.419197 0.242024
    outer loop
      vertex 39.726 0.475654 20.3442
      vertex 39.6717 6.71566 31.3485
      vertex 39.6717 0.390655 20.3933
    endloop
  endfacet
  facet normal 0.99842 -0.0486681 0.0280983
    outer loop
      vertex 39.8187 7.07944 31.1384
      vertex 39.825 0.851409 20.1272
      vertex 39.825 7.17641 31.0825
    endloop
  endfacet
  facet normal 0.998421 -0.0486486 0.0280873
    outer loop
      vertex 39.825 0.851409 20.1272
      vertex 39.8187 7.07944 31.1384
      vertex 39.8187 0.754445 20.1832
    endloop
  endfacet
  facet normal -0.960911 -0.239766 0.138429
    outer loop
      vertex 3.20007 0.6587 20.2385
      vertex 3.23112 6.89038 31.2476
      vertex 3.20007 6.9837 31.1937
    endloop
  endfacet
  facet normal -0.960912 -0.239762 0.138427
    outer loop
      vertex 3.23112 6.89038 31.2476
      vertex 3.20007 0.6587 20.2385
      vertex 3.23112 0.565378 20.2924
    endloop
  endfacet
  facet normal -0.483593 -0.758025 0.437647
    outer loop
      vertex 3.64297 6.44312 31.5058
      vertex 3.74112 0.071147 20.5777
      vertex 3.74112 6.39615 31.5329
    endloop
  endfacet
  facet normal -0.483635 -0.758006 0.437635
    outer loop
      vertex 3.74112 0.071147 20.5777
      vertex 3.64297 6.44312 31.5058
      vertex 3.64297 0.118124 20.5506
    endloop
  endfacet
  facet normal -0.578531 -0.706383 0.407831
    outer loop
      vertex 3.55151 6.49932 31.4734
      vertex 3.64297 0.118124 20.5506
      vertex 3.64297 6.44312 31.5058
    endloop
  endfacet
  facet normal -0.57852 -0.706389 0.407834
    outer loop
      vertex 3.64297 0.118124 20.5506
      vertex 3.55151 6.49932 31.4734
      vertex 3.55151 0.174322 20.5182
    endloop
  endfacet
  facet normal 0.92393 -0.331308 0.191281
    outer loop
      vertex 39.726 6.80065 31.2994
      vertex 39.7689 0.565378 20.2924
      vertex 39.7689 6.89038 31.2476
    endloop
  endfacet
  facet normal 0.923923 -0.331322 0.191289
    outer loop
      vertex 39.7689 0.565378 20.2924
      vertex 39.726 6.80065 31.2994
      vertex 39.726 0.475654 20.3442
    endloop
  endfacet
  facet normal -0.745631 -0.577084 0.33318
    outer loop
      vertex 3.39317 0.311451 20.439
      vertex 3.46789 6.56404 31.436
      vertex 3.39317 6.63645 31.3942
    endloop
  endfacet
  facet normal -0.745648 -0.577067 0.333171
    outer loop
      vertex 3.46789 6.56404 31.436
      vertex 3.39317 0.311451 20.439
      vertex 3.46789 0.239036 20.4808
    endloop
  endfacet
  facet normal -0.985879 -0.145024 0.0837295
    outer loop
      vertex 3.18129 0.754445 20.1832
      vertex 3.20007 6.9837 31.1937
      vertex 3.18129 7.07944 31.1384
    endloop
  endfacet
  facet normal -0.98588 -0.145018 0.0837264
    outer loop
      vertex 3.20007 6.9837 31.1937
      vertex 3.18129 0.754445 20.1832
      vertex 3.20007 0.6587 20.2385
    endloop
  endfacet
  facet normal -0.276701 -0.832212 0.480479
    outer loop
      vertex 3.84472 6.35898 31.5544
      vertex 3.95248 0.00709631 20.6147
      vertex 3.95248 6.3321 31.5699
    endloop
  endfacet
  facet normal -0.276741 -0.832202 0.480473
    outer loop
      vertex 3.95248 0.00709631 20.6147
      vertex 3.84472 6.35898 31.5544
      vertex 3.84472 0.033982 20.5992
    endloop
  endfacet
  facet normal -0.960917 0.239748 -0.138419
    outer loop
      vertex 3.23112 1.39725 19.8121
      vertex 3.20007 7.62892 30.8212
      vertex 3.23112 7.72225 30.7673
    endloop
  endfacet
  facet normal -0.960917 0.239748 -0.138419
    outer loop
      vertex 3.20007 7.62892 30.8212
      vertex 3.23112 1.39725 19.8121
      vertex 3.20007 1.30392 19.866
    endloop
  endfacet
  facet normal -0.923887 0.331397 -0.191333
    outer loop
      vertex 3.27403 1.48697 19.7603
      vertex 3.23112 7.72225 30.7673
      vertex 3.27403 7.81197 30.7155
    endloop
  endfacet
  facet normal -0.923887 0.331397 -0.191333
    outer loop
      vertex 3.23112 7.72225 30.7673
      vertex 3.27403 1.48697 19.7603
      vertex 3.23112 1.39725 19.8121
    endloop
  endfacet
  facet normal 0.923919 0.331331 -0.191295
    outer loop
      vertex 39.7689 7.72225 30.7673
      vertex 39.726 1.48697 19.7603
      vertex 39.726 7.81197 30.7155
    endloop
  endfacet
  facet normal 0.923919 0.331331 -0.191295
    outer loop
      vertex 39.726 1.48697 19.7603
      vertex 39.7689 7.72225 30.7673
      vertex 39.7689 1.39725 19.8121
    endloop
  endfacet
  facet normal 0.998421 0.0486501 -0.0280882
    outer loop
      vertex 39.825 7.43622 30.9325
      vertex 39.8187 1.20818 19.9213
      vertex 39.8187 7.53318 30.8765
    endloop
  endfacet
  facet normal 0.998419 0.0486719 -0.0281005
    outer loop
      vertex 39.8187 1.20818 19.9213
      vertex 39.825 7.43622 30.9325
      vertex 39.825 1.11122 19.9772
    endloop
  endfacet
  facet normal 0.961029 -0.239409 0.138223
    outer loop
      vertex 39.7689 6.89038 31.2476
      vertex 39.7999 0.6587 20.2385
      vertex 39.7999 6.9837 31.1937
    endloop
  endfacet
  facet normal 0.961031 -0.239406 0.138221
    outer loop
      vertex 39.7999 0.6587 20.2385
      vertex 39.7689 6.89038 31.2476
      vertex 39.7689 0.565378 20.2924
    endloop
  endfacet
  facet normal -0.666454 -0.645661 0.372774
    outer loop
      vertex 3.46789 0.239036 20.4808
      vertex 3.55151 6.49932 31.4734
      vertex 3.46789 6.56404 31.436
    endloop
  endfacet
  facet normal -0.666429 -0.645681 0.372785
    outer loop
      vertex 3.55151 6.49932 31.4734
      vertex 3.46789 0.239036 20.4808
      vertex 3.55151 0.174322 20.5182
    endloop
  endfacet
  facet normal -0.875214 -0.418927 0.241868
    outer loop
      vertex 3.27403 0.475654 20.3442
      vertex 3.32828 6.71566 31.3485
      vertex 3.27403 6.80065 31.2994
    endloop
  endfacet
  facet normal -0.87523 -0.418902 0.241854
    outer loop
      vertex 3.32828 6.71566 31.3485
      vertex 3.27403 0.475654 20.3442
      vertex 3.32828 0.390655 20.3933
    endloop
  endfacet
  facet normal -0.815543 -0.501166 0.289349
    outer loop
      vertex 3.32828 0.390655 20.3933
      vertex 3.39317 6.63645 31.3942
      vertex 3.32828 6.71566 31.3485
    endloop
  endfacet
  facet normal -0.815527 -0.501185 0.28936
    outer loop
      vertex 3.39317 6.63645 31.3942
      vertex 3.32828 0.390655 20.3933
      vertex 3.39317 0.311451 20.439
    endloop
  endfacet
  facet normal -0.923899 -0.331374 0.191319
    outer loop
      vertex 3.23112 0.565378 20.2924
      vertex 3.27403 6.80065 31.2994
      vertex 3.23112 6.89038 31.2476
    endloop
  endfacet
  facet normal -0.923892 -0.331388 0.191327
    outer loop
      vertex 3.27403 6.80065 31.2994
      vertex 3.23112 0.565378 20.2924
      vertex 3.27403 0.475654 20.3442
    endloop
  endfacet
  facet normal -0.382894 -0.800027 0.461897
    outer loop
      vertex 3.74112 6.39615 31.5329
      vertex 3.84472 0.033982 20.5992
      vertex 3.84472 6.35898 31.5544
    endloop
  endfacet
  facet normal -0.382861 -0.800039 0.461904
    outer loop
      vertex 3.84472 0.033982 20.5992
      vertex 3.74112 6.39615 31.5329
      vertex 3.74112 0.071147 20.5777
    endloop
  endfacet
  facet normal -0.875144 0.419038 -0.24193
    outer loop
      vertex 3.31057 1.54423 19.7272
      vertex 3.27403 7.81197 30.7155
      vertex 3.31057 7.86923 30.6825
    endloop
  endfacet
  facet normal -0.875299 0.418794 -0.241791
    outer loop
      vertex 3.27403 7.81197 30.7155
      vertex 3.31057 1.54423 19.7272
      vertex 3.27403 1.48697 19.7603
    endloop
  endfacet
  facet normal 0.874808 0.419564 -0.242234
    outer loop
      vertex 39.726 7.81197 30.7155
      vertex 39.6894 1.54423 19.7272
      vertex 39.6894 7.86923 30.6825
    endloop
  endfacet
  facet normal 0.874963 0.41932 -0.242095
    outer loop
      vertex 39.6894 1.54423 19.7272
      vertex 39.726 7.81197 30.7155
      vertex 39.726 1.48697 19.7603
    endloop
  endfacet
  facet normal 0.961035 0.239392 -0.138213
    outer loop
      vertex 39.7999 7.62892 30.8212
      vertex 39.7689 1.39725 19.8121
      vertex 39.7689 7.72225 30.7673
    endloop
  endfacet
  facet normal 0.961035 0.239392 -0.138213
    outer loop
      vertex 39.7689 1.39725 19.8121
      vertex 39.7999 7.62892 30.8212
      vertex 39.7999 1.30392 19.866
    endloop
  endfacet
  facet normal -0.00947112 -0.499989 -0.86598
    outer loop
      vertex 0.317831 0.862113 20.1211
      vertex 0.325 0.989972 20.0472
      vertex 0.325 0.972652 20.0572
    endloop
  endfacet
  facet normal 0.00486691 -0.500608 -0.865661
    outer loop
      vertex 0.296417 0.752964 20.1841
      vertex 0.325 0.989972 20.0472
      vertex 0.317831 0.862113 20.1211
    endloop
  endfacet
  facet normal -0.00205728 -0.499987 -0.866031
    outer loop
      vertex 0.325 0.989972 20.0472
      vertex 0.296417 0.752964 20.1841
      vertex 0.317831 1.10051 19.9834
    endloop
  endfacet
  facet normal -0.000974683 -0.500037 -0.866003
    outer loop
      vertex 0.296417 0.752964 20.1841
      vertex 0.296417 1.20966 19.9204
      vertex 0.317831 1.10051 19.9834
    endloop
  endfacet
  facet normal 0.000688702 -0.500037 -0.866003
    outer loop
      vertex 0.261026 0.646578 20.2455
      vertex 0.296417 1.20966 19.9204
      vertex 0.296417 0.752964 20.1841
    endloop
  endfacet
  facet normal -0.000517364 -0.499981 -0.866036
    outer loop
      vertex 0.261026 0.646578 20.2455
      vertex 0.261026 1.31605 19.859
      vertex 0.296417 1.20966 19.9204
    endloop
  endfacet
  facet normal -0.000852929 -0.499981 -0.866036
    outer loop
      vertex 0.212104 0.544292 20.3046
      vertex 0.261026 1.31605 19.859
      vertex 0.261026 0.646578 20.2455
    endloop
  endfacet
  facet normal 0.000707418 -0.500055 -0.865993
    outer loop
      vertex 0.212104 0.544292 20.3046
      vertex 0.212104 1.41833 19.7999
      vertex 0.261026 1.31605 19.859
    endloop
  endfacet
  facet normal 0.000732156 -0.500055 -0.865993
    outer loop
      vertex 0.150265 0.447394 20.3605
      vertex 0.212104 1.41833 19.7999
      vertex 0.212104 0.544292 20.3046
    endloop
  endfacet
  facet normal 7.15251e-05 -0.500023 -0.866012
    outer loop
      vertex 0.126506 1.54423 19.7272
      vertex 0.212104 1.41833 19.7999
      vertex 0.150265 0.447394 20.3605
    endloop
  endfacet
  facet normal 0.0116501 -0.494074 -0.869342
    outer loop
      vertex 0.212104 1.41833 19.7999
      vertex 0.126506 1.54423 19.7272
      vertex 0.150265 1.51523 19.744
    endloop
  endfacet
  facet normal 0.000395484 -0.500018 -0.866015
    outer loop
      vertex 0.0762873 0.3571 20.4126
      vertex 0.126506 1.54423 19.7272
      vertex 0.150265 0.447394 20.3605
    endloop
  endfacet
  facet normal -0.000401489 -0.499993 -0.866029
    outer loop
      vertex -0.00889874 0.274548 20.4603
      vertex 0.126506 1.54423 19.7272
      vertex 0.0762873 0.3571 20.4126
    endloop
  endfacet
  facet normal -4.26366e-05 -0.500022 -0.866013
    outer loop
      vertex -0.104222 0.200775 20.5029
      vertex 0.126506 1.54423 19.7272
      vertex -0.00889874 0.274548 20.4603
    endloop
  endfacet
  facet normal -7.11079e-05 -0.500018 -0.866015
    outer loop
      vertex -0.208484 0.136707 20.5399
      vertex 0.126506 1.54423 19.7272
      vertex -0.104222 0.200775 20.5029
    endloop
  endfacet
  facet normal 0.000186559 -0.500064 -0.865989
    outer loop
      vertex -0.320373 0.083154 20.5708
      vertex 0.126506 1.54423 19.7272
      vertex -0.208484 0.136707 20.5399
    endloop
  endfacet
  facet normal -0.000307499 -0.499951 -0.866054
    outer loop
      vertex -0.438482 0.0407858 20.5953
      vertex 0.126506 1.54423 19.7272
      vertex -0.320373 0.083154 20.5708
    endloop
  endfacet
  facet normal 0.000755509 -0.50025 -0.865881
    outer loop
      vertex -0.561327 0.0101365 20.6129
      vertex 0.126506 1.54423 19.7272
      vertex -0.438482 0.0407858 20.5953
    endloop
  endfacet
  facet normal -0.000682212 -0.499767 -0.86616
    outer loop
      vertex -0.687361 -0.00840925 20.6237
      vertex 0.126506 1.54423 19.7272
      vertex -0.561327 0.0101365 20.6129
    endloop
  endfacet
  facet normal 0.000586574 -0.500265 -0.865872
    outer loop
      vertex -0.815001 -0.0146168 20.6272
      vertex 0.126506 1.54423 19.7272
      vertex -0.687361 -0.00840925 20.6237
    endloop
  endfacet
  facet normal 0 -0.5 -0.866026
    outer loop
      vertex -32.185 -0.0146168 20.6272
      vertex 0.126506 1.54423 19.7272
      vertex -0.815001 -0.0146168 20.6272
    endloop
  endfacet
  facet normal -0.000586763 -0.500265 -0.865872
    outer loop
      vertex -33.1265 1.54423 19.7272
      vertex -32.185 -0.0146168 20.6272
      vertex -32.3126 -0.00840925 20.6237
    endloop
  endfacet
  facet normal 0.000681827 -0.499767 -0.86616
    outer loop
      vertex -33.1265 1.54423 19.7272
      vertex -32.3126 -0.00840925 20.6237
      vertex -32.4387 0.0101365 20.6129
    endloop
  endfacet
  facet normal -0.000755816 -0.50025 -0.865881
    outer loop
      vertex -33.1265 1.54423 19.7272
      vertex -32.4387 0.0101365 20.6129
      vertex -32.5615 0.0407858 20.5953
    endloop
  endfacet
  facet normal 0.000307527 -0.49995 -0.866054
    outer loop
      vertex -33.1265 1.54423 19.7272
      vertex -32.5615 0.0407858 20.5953
      vertex -32.6796 0.083154 20.5708
    endloop
  endfacet
  facet normal -0.000186539 -0.500064 -0.865989
    outer loop
      vertex -33.1265 1.54423 19.7272
      vertex -32.6796 0.083154 20.5708
      vertex -32.7915 0.136707 20.5399
    endloop
  endfacet
  facet normal 7.1078e-05 -0.500018 -0.866015
    outer loop
      vertex -33.1265 1.54423 19.7272
      vertex -32.7915 0.136707 20.5399
      vertex -32.8958 0.200775 20.5029
    endloop
  endfacet
  facet normal 4.26478e-05 -0.500022 -0.866013
    outer loop
      vertex -33.1265 1.54423 19.7272
      vertex -32.8958 0.200775 20.5029
      vertex -32.9911 0.274548 20.4603
    endloop
  endfacet
  facet normal 0.000401414 -0.499993 -0.866029
    outer loop
      vertex -33.1265 1.54423 19.7272
      vertex -32.9911 0.274548 20.4603
      vertex -33.0763 0.3571 20.4126
    endloop
  endfacet
  facet normal 0 -0.5 -0.866026
    outer loop
      vertex -32.185 -0.0146168 20.6272
      vertex -33.1265 1.54423 19.7272
      vertex 0.126506 1.54423 19.7272
    endloop
  endfacet
  facet normal -0.00039535 -0.500018 -0.866015
    outer loop
      vertex -33.1503 0.447394 20.3605
      vertex -33.1265 1.54423 19.7272
      vertex -33.0763 0.3571 20.4126
    endloop
  endfacet
  facet normal -0.000647079 -0.500014 -0.866017
    outer loop
      vertex -33.2121 0.544292 20.3046
      vertex -33.1265 1.54423 19.7272
      vertex -33.1503 0.447394 20.3605
    endloop
  endfacet
  facet normal -9.63712e-06 -0.500055 -0.865994
    outer loop
      vertex -33.2121 1.41833 19.7999
      vertex -33.1265 1.54423 19.7272
      vertex -33.2121 0.544292 20.3046
    endloop
  endfacet
  facet normal -0.011534 -0.494134 -0.869309
    outer loop
      vertex -33.1265 1.54423 19.7272
      vertex -33.2121 1.41833 19.7999
      vertex -33.1503 1.51523 19.744
    endloop
  endfacet
  facet normal 0.00064638 -0.500055 -0.865994
    outer loop
      vertex -33.261 0.646578 20.2455
      vertex -33.2121 1.41833 19.7999
      vertex -33.2121 0.544292 20.3046
    endloop
  endfacet
  facet normal -0.000914659 -0.499981 -0.866036
    outer loop
      vertex -33.261 0.646578 20.2455
      vertex -33.261 1.31605 19.859
      vertex -33.2121 1.41833 19.7999
    endloop
  endfacet
  facet normal -0.000460738 -0.499981 -0.866036
    outer loop
      vertex -33.2964 0.752964 20.1841
      vertex -33.261 1.31605 19.859
      vertex -33.261 0.646578 20.2455
    endloop
  endfacet
  facet normal 0.000745028 -0.500037 -0.866003
    outer loop
      vertex -33.2964 0.752964 20.1841
      vertex -33.2964 1.20966 19.9204
      vertex -33.261 1.31605 19.859
    endloop
  endfacet
  facet normal -0.000951955 -0.500037 -0.866003
    outer loop
      vertex -33.3178 0.862113 20.1211
      vertex -33.2964 1.20966 19.9204
      vertex -33.2964 0.752964 20.1841
    endloop
  endfacet
  facet normal 0.00410459 -0.500267 -0.865862
    outer loop
      vertex -33.325 0.972652 20.0572
      vertex -33.2964 1.20966 19.9204
      vertex -33.3178 0.862113 20.1211
    endloop
  endfacet
  facet normal 9.5921e-05 -0.499908 -0.866078
    outer loop
      vertex -33.2964 1.20966 19.9204
      vertex -33.325 0.972652 20.0572
      vertex -33.3178 1.10051 19.9834
    endloop
  endfacet
  facet normal 0.00252783 -0.500009 -0.866016
    outer loop
      vertex -33.3178 1.10051 19.9834
      vertex -33.325 0.972652 20.0572
      vertex -33.325 0.989972 20.0472
    endloop
  endfacet
  facet normal -0.998414 -0.0487576 0.0281503
    outer loop
      vertex -33.325 0.972652 20.0572
      vertex -33.3178 14.1871 43.2006
      vertex -33.325 14.2977 43.1368
    endloop
  endfacet
  facet normal -0.998414 -0.0487587 0.0281509
    outer loop
      vertex -33.3178 14.1871 43.2006
      vertex -33.325 0.972652 20.0572
      vertex -33.3178 0.862113 20.1211
    endloop
  endfacet
  facet normal 0.0560802 -0.864662 0.499213
    outer loop
      vertex -0.815001 -0.0146168 20.6272
      vertex -0.687361 13.3166 43.7032
      vertex -0.815001 13.3104 43.7068
    endloop
  endfacet
  facet normal 0.0557413 -0.864678 0.499224
    outer loop
      vertex -0.687361 13.3166 43.7032
      vertex -0.815001 -0.0146168 20.6272
      vertex -0.687361 -0.00840925 20.6237
    endloop
  endfacet
  facet normal -1 0 0
    outer loop
      vertex -33.325 0.989972 20.0472
      vertex -33.325 14.2977 43.1368
      vertex -33.325 14.315 43.1268
    endloop
  endfacet
  facet normal -1 0 0
    outer loop
      vertex -33.325 14.2977 43.1368
      vertex -33.325 0.989972 20.0472
      vertex -33.325 0.972652 20.0572
    endloop
  endfacet
  facet normal 0.875276 -0.41883 0.241813
    outer loop
      vertex 0.150265 13.7724 43.4401
      vertex 0.212104 0.544292 20.3046
      vertex 0.212104 13.8693 43.3841
    endloop
  endfacet
  facet normal 0.875181 -0.418979 0.241898
    outer loop
      vertex 0.212104 0.544292 20.3046
      vertex 0.150265 13.7724 43.4401
      vertex 0.150265 0.447394 20.3605
    endloop
  endfacet
  facet normal 0.00879531 0.500425 0.865735
    outer loop
      vertex 0.317831 14.4255 43.063
      vertex 0.325 14.2977 43.1368
      vertex 0.325 14.315 43.1268
    endloop
  endfacet
  facet normal 0.00335039 0.500213 0.865896
    outer loop
      vertex 0.296417 14.5347 43
      vertex 0.325 14.2977 43.1368
      vertex 0.317831 14.4255 43.063
    endloop
  endfacet
  facet normal -0.00168944 0.499759 0.866163
    outer loop
      vertex 0.325 14.2977 43.1368
      vertex 0.296417 14.5347 43
      vertex 0.317831 14.1871 43.2006
    endloop
  endfacet
  facet normal 0.00425925 0.50003 0.865998
    outer loop
      vertex 0.296417 14.5347 43
      vertex 0.296417 14.078 43.2637
      vertex 0.317831 14.1871 43.2006
    endloop
  endfacet
  facet normal -0.000539543 0.500034 0.866005
    outer loop
      vertex 0.261026 14.641 42.9386
      vertex 0.296417 14.078 43.2637
      vertex 0.296417 14.5347 43
    endloop
  endfacet
  facet normal -0.000820292 0.500021 0.866013
    outer loop
      vertex 0.261026 14.641 42.9386
      vertex 0.261026 13.9716 43.3251
      vertex 0.296417 14.078 43.2637
    endloop
  endfacet
  facet normal -0.00059738 0.500021 0.866013
    outer loop
      vertex 0.212104 14.7433 42.8795
      vertex 0.261026 13.9716 43.3251
      vertex 0.261026 14.641 42.9386
    endloop
  endfacet
  facet normal -0.00110548 0.499997 0.866027
    outer loop
      vertex 0.212104 14.7433 42.8795
      vertex 0.212104 13.8693 43.3841
      vertex 0.261026 13.9716 43.3251
    endloop
  endfacet
  facet normal -0.0116501 0.494074 0.869342
    outer loop
      vertex 0.126506 14.8692 42.8068
      vertex 0.212104 14.7433 42.8795
      vertex 0.150265 14.8402 42.8236
    endloop
  endfacet
  facet normal -0.0001234 0.499997 0.866027
    outer loop
      vertex 0.212104 14.7433 42.8795
      vertex 0.126506 14.8692 42.8068
      vertex 0.212104 13.8693 43.3841
    endloop
  endfacet
  facet normal 0.000667213 0.500048 0.865998
    outer loop
      vertex 0.212104 13.8693 43.3841
      vertex 0.126506 14.8692 42.8068
      vertex 0.150265 13.7724 43.4401
    endloop
  endfacet
  facet normal -0.000454507 0.500029 0.866008
    outer loop
      vertex 0.126506 14.8692 42.8068
      vertex 0.0762873 13.6821 43.4922
      vertex 0.150265 13.7724 43.4401
    endloop
  endfacet
  facet normal 9.49281e-05 0.500012 0.866018
    outer loop
      vertex 0.126506 14.8692 42.8068
      vertex -0.00889874 13.5995 43.5399
      vertex 0.0762873 13.6821 43.4922
    endloop
  endfacet
  facet normal 0.000465956 0.499982 0.866035
    outer loop
      vertex 0.126506 14.8692 42.8068
      vertex -0.104222 13.5258 43.5825
      vertex -0.00889874 13.5995 43.5399
    endloop
  endfacet
  facet normal -0.00104311 0.500176 0.865923
    outer loop
      vertex 0.126506 14.8692 42.8068
      vertex -0.208484 13.4617 43.6194
      vertex -0.104222 13.5258 43.5825
    endloop
  endfacet
  facet normal 0.000983043 0.499815 0.866132
    outer loop
      vertex 0.126506 14.8692 42.8068
      vertex -0.320373 13.4082 43.6504
      vertex -0.208484 13.4617 43.6194
    endloop
  endfacet
  facet normal -0.000677804 0.500196 0.865912
    outer loop
      vertex 0.126506 14.8692 42.8068
      vertex -0.438482 13.3658 43.6748
      vertex -0.320373 13.4082 43.6504
    endloop
  endfacet
  facet normal -0.00019365 0.50006 0.865991
    outer loop
      vertex 0.126506 14.8692 42.8068
      vertex -0.561327 13.3351 43.6925
      vertex -0.438482 13.3658 43.6748
    endloop
  endfacet
  facet normal 0.000141063 0.499947 0.866056
    outer loop
      vertex 0.126506 14.8692 42.8068
      vertex -0.687361 13.3166 43.7032
      vertex -0.561327 13.3351 43.6925
    endloop
  endfacet
  facet normal 0.000142065 0.499947 0.866056
    outer loop
      vertex 0.126506 14.8692 42.8068
      vertex -0.815001 13.3104 43.7068
      vertex -0.687361 13.3166 43.7032
    endloop
  endfacet
  facet normal 0 0.500011 0.866019
    outer loop
      vertex 0.126506 14.8692 42.8068
      vertex -32.185 13.3104 43.7068
      vertex -0.815001 13.3104 43.7068
    endloop
  endfacet
  facet normal -0 0.500011 0.866019
    outer loop
      vertex -33.1265 14.8692 42.8068
      vertex -32.185 13.3104 43.7068
      vertex 0.126506 14.8692 42.8068
    endloop
  endfacet
  facet normal -0.000142111 0.499947 0.866056
    outer loop
      vertex -32.185 13.3104 43.7068
      vertex -33.1265 14.8692 42.8068
      vertex -32.3126 13.3166 43.7032
    endloop
  endfacet
  facet normal -0.000140984 0.499947 0.866056
    outer loop
      vertex -32.3126 13.3166 43.7032
      vertex -33.1265 14.8692 42.8068
      vertex -32.4387 13.3351 43.6925
    endloop
  endfacet
  facet normal 0.000193729 0.50006 0.865991
    outer loop
      vertex -32.4387 13.3351 43.6925
      vertex -33.1265 14.8692 42.8068
      vertex -32.5615 13.3658 43.6748
    endloop
  endfacet
  facet normal 0.000677866 0.500196 0.865912
    outer loop
      vertex -32.5615 13.3658 43.6748
      vertex -33.1265 14.8692 42.8068
      vertex -32.6796 13.4082 43.6504
    endloop
  endfacet
  facet normal -0.000982938 0.499815 0.866132
    outer loop
      vertex -32.6796 13.4082 43.6504
      vertex -33.1265 14.8692 42.8068
      vertex -32.7915 13.4617 43.6194
    endloop
  endfacet
  facet normal 0.00104267 0.500176 0.865923
    outer loop
      vertex -32.7915 13.4617 43.6194
      vertex -33.1265 14.8692 42.8068
      vertex -32.8958 13.5258 43.5825
    endloop
  endfacet
  facet normal -0.000466078 0.499982 0.866036
    outer loop
      vertex -32.8958 13.5258 43.5825
      vertex -33.1265 14.8692 42.8068
      vertex -32.9911 13.5995 43.5399
    endloop
  endfacet
  facet normal -9.49104e-05 0.500012 0.866018
    outer loop
      vertex -32.9911 13.5995 43.5399
      vertex -33.1265 14.8692 42.8068
      vertex -33.0763 13.6821 43.4922
    endloop
  endfacet
  facet normal 0.011534 0.494134 0.869309
    outer loop
      vertex -33.2121 14.7433 42.8795
      vertex -33.1265 14.8692 42.8068
      vertex -33.1503 14.8402 42.8236
    endloop
  endfacet
  facet normal 0.000454353 0.500029 0.866008
    outer loop
      vertex -33.1265 14.8692 42.8068
      vertex -33.1503 13.7724 43.4401
      vertex -33.0763 13.6821 43.4922
    endloop
  endfacet
  facet normal 4.65923e-05 0.500036 0.866005
    outer loop
      vertex -33.1265 14.8692 42.8068
      vertex -33.2121 14.7433 42.8795
      vertex -33.1503 13.7724 43.4401
    endloop
  endfacet
  facet normal -0.000773782 0.499997 0.866027
    outer loop
      vertex -33.2121 14.7433 42.8795
      vertex -33.2121 13.8693 43.3841
      vertex -33.1503 13.7724 43.4401
    endloop
  endfacet
  facet normal 0.000665043 0.499997 0.866027
    outer loop
      vertex -33.261 14.641 42.9386
      vertex -33.2121 13.8693 43.3841
      vertex -33.2121 14.7433 42.8795
    endloop
  endfacet
  facet normal 0.00117334 0.500021 0.866013
    outer loop
      vertex -33.261 14.641 42.9386
      vertex -33.261 13.9716 43.3251
      vertex -33.2121 13.8693 43.3841
    endloop
  endfacet
  facet normal 0.000592405 0.500021 0.866013
    outer loop
      vertex -33.2964 14.5347 43
      vertex -33.261 13.9716 43.3251
      vertex -33.261 14.641 42.9386
    endloop
  endfacet
  facet normal 0.00087312 0.500034 0.866005
    outer loop
      vertex -33.2964 14.5347 43
      vertex -33.2964 14.078 43.2637
      vertex -33.261 13.9716 43.3251
    endloop
  endfacet
  facet normal -0.00212129 0.500033 0.866004
    outer loop
      vertex -33.3178 14.4255 43.063
      vertex -33.2964 14.078 43.2637
      vertex -33.2964 14.5347 43
    endloop
  endfacet
  facet normal -0.00121889 0.500076 0.865981
    outer loop
      vertex -33.325 14.315 43.1268
      vertex -33.2964 14.078 43.2637
      vertex -33.3178 14.4255 43.063
    endloop
  endfacet
  facet normal -0.00839451 0.499409 0.866326
    outer loop
      vertex -33.2964 14.078 43.2637
      vertex -33.325 14.315 43.1268
      vertex -33.3178 14.1871 43.2006
    endloop
  endfacet
  facet normal 0.0157065 0.500383 0.865662
    outer loop
      vertex -33.3178 14.1871 43.2006
      vertex -33.325 14.315 43.1268
      vertex -33.325 14.2977 43.1368
    endloop
  endfacet
  facet normal 0 -0.866023 0.500003
    outer loop
      vertex -25.8 0.735383 21.9263
      vertex -7.2 3.73538 27.1224
      vertex -25.8 3.73538 27.1224
    endloop
  endfacet
  facet normal 0 -0.866023 0.500003
    outer loop
      vertex -7.2 3.73538 27.1224
      vertex -25.8 0.735383 21.9263
      vertex -7.2 0.735383 21.9263
    endloop
  endfacet
  facet normal 0 -0.866026 0.499999
    outer loop
      vertex -23 9.73538 37.5147
      vertex -10 12.7354 42.7109
      vertex -23 12.7354 42.7109
    endloop
  endfacet
  facet normal 0 -0.866026 0.499999
    outer loop
      vertex -10 12.7354 42.7109
      vertex -23 9.73538 37.5147
      vertex -10 9.73538 37.5147
    endloop
  endfacet
  facet normal 0 -0.866019 0.500011
    outer loop
      vertex -23 12.7354 42.7109
      vertex -32.185 13.3104 43.7068
      vertex -29 12.7354 42.7109
    endloop
  endfacet
  facet normal -4.97547e-06 -0.866026 0.499999
    outer loop
      vertex -32.185 13.3104 43.7068
      vertex -29 9.73538 37.5147
      vertex -29 12.7354 42.7109
    endloop
  endfacet
  facet normal 0 -0.866025 0.5
    outer loop
      vertex -25.8 3.73538 27.1224
      vertex -23 9.73538 37.5147
      vertex -29 9.73538 37.5147
    endloop
  endfacet
  facet normal 0 -0.866025 0.5
    outer loop
      vertex -23 9.73538 37.5147
      vertex -25.8 3.73538 27.1224
      vertex -10 9.73538 37.5147
    endloop
  endfacet
  facet normal 0 -0.866025 0.5
    outer loop
      vertex -25.8 3.73538 27.1224
      vertex -29 9.73538 37.5147
      vertex -29 3.73538 27.1224
    endloop
  endfacet
  facet normal -2.1022e-06 -0.866025 0.5
    outer loop
      vertex -32.185 13.3104 43.7068
      vertex -29 3.73538 27.1224
      vertex -29 9.73538 37.5147
    endloop
  endfacet
  facet normal -2.62692e-06 -0.866025 0.5
    outer loop
      vertex -32.185 -0.0146168 20.6272
      vertex -29 3.73538 27.1224
      vertex -32.185 13.3104 43.7068
    endloop
  endfacet
  facet normal 0 -0.866036 0.499982
    outer loop
      vertex -32.185 -0.0146168 20.6272
      vertex -25.8 0.735383 21.9263
      vertex -29 0.735383 21.9263
    endloop
  endfacet
  facet normal 0 -0.866036 0.499982
    outer loop
      vertex -25.8 0.735383 21.9263
      vertex -32.185 -0.0146168 20.6272
      vertex -7.2 0.735383 21.9263
    endloop
  endfacet
  facet normal 0 -0.866036 0.499982
    outer loop
      vertex -0.815001 -0.0146168 20.6272
      vertex -7.2 0.735383 21.9263
      vertex -32.185 -0.0146168 20.6272
    endloop
  endfacet
  facet normal -1.16245e-05 -0.866023 0.500003
    outer loop
      vertex -29 3.73538 27.1224
      vertex -32.185 -0.0146168 20.6272
      vertex -29 0.735383 21.9263
    endloop
  endfacet
  facet normal 0 -0.866019 0.500011
    outer loop
      vertex -32.185 13.3104 43.7068
      vertex -23 12.7354 42.7109
      vertex -0.815001 13.3104 43.7068
    endloop
  endfacet
  facet normal 0 -0.866019 0.500011
    outer loop
      vertex -10 12.7354 42.7109
      vertex -0.815001 13.3104 43.7068
      vertex -23 12.7354 42.7109
    endloop
  endfacet
  facet normal 0 -0.866019 0.500011
    outer loop
      vertex -4 12.7354 42.7109
      vertex -0.815001 13.3104 43.7068
      vertex -10 12.7354 42.7109
    endloop
  endfacet
  facet normal 4.97547e-06 -0.866026 0.499999
    outer loop
      vertex -4 9.73538 37.5147
      vertex -0.815001 13.3104 43.7068
      vertex -4 12.7354 42.7109
    endloop
  endfacet
  facet normal 0 -0.866025 0.5
    outer loop
      vertex -7.2 3.73538 27.1224
      vertex -10 9.73538 37.5147
      vertex -25.8 3.73538 27.1224
    endloop
  endfacet
  facet normal 0 -0.866025 0.5
    outer loop
      vertex -10 9.73538 37.5147
      vertex -7.2 3.73538 27.1224
      vertex -4 9.73538 37.5147
    endloop
  endfacet
  facet normal 0 -0.866025 0.5
    outer loop
      vertex -4 3.73538 27.1224
      vertex -4 9.73538 37.5147
      vertex -7.2 3.73538 27.1224
    endloop
  endfacet
  facet normal 2.1022e-06 -0.866025 0.5
    outer loop
      vertex -4 9.73538 37.5147
      vertex -4 3.73538 27.1224
      vertex -0.815001 13.3104 43.7068
    endloop
  endfacet
  facet normal 1.16245e-05 -0.866023 0.500003
    outer loop
      vertex -0.815001 -0.0146168 20.6272
      vertex -4 3.73538 27.1224
      vertex -4 0.735383 21.9263
    endloop
  endfacet
  facet normal 2.62692e-06 -0.866025 0.5
    outer loop
      vertex -4 3.73538 27.1224
      vertex -0.815001 -0.0146168 20.6272
      vertex -0.815001 13.3104 43.7068
    endloop
  endfacet
  facet normal 0 -0.866036 0.499982
    outer loop
      vertex -7.2 0.735383 21.9263
      vertex -0.815001 -0.0146168 20.6272
      vertex -4 0.735383 21.9263
    endloop
  endfacet
  facet normal -0.875405 -0.418628 0.241696
    outer loop
      vertex -33.2121 0.544292 20.3046
      vertex -33.1503 13.7724 43.4401
      vertex -33.2121 13.8693 43.3841
    endloop
  endfacet
  facet normal -0.87531 -0.418777 0.241781
    outer loop
      vertex -33.1503 13.7724 43.4401
      vertex -33.2121 0.544292 20.3046
      vertex -33.1503 0.447394 20.3605
    endloop
  endfacet
  facet normal -0.985889 -0.144973 0.0837003
    outer loop
      vertex -33.3178 0.862113 20.1211
      vertex -33.2964 14.078 43.2637
      vertex -33.3178 14.1871 43.2006
    endloop
  endfacet
  facet normal -0.985887 -0.144981 0.0837051
    outer loop
      vertex -33.2964 14.078 43.2637
      vertex -33.3178 0.862113 20.1211
      vertex -33.2964 0.752964 20.1841
    endloop
  endfacet
  facet normal 0.167183 -0.853836 0.492964
    outer loop
      vertex -0.687361 -0.00840925 20.6237
      vertex -0.561327 13.3351 43.6925
      vertex -0.687361 13.3166 43.7032
    endloop
  endfacet
  facet normal 0.167864 -0.853737 0.492904
    outer loop
      vertex -0.561327 13.3351 43.6925
      vertex -0.687361 -0.00840925 20.6237
      vertex -0.561327 0.0101365 20.6129
    endloop
  endfacet
  facet normal -0.960899 -0.239802 0.13845
    outer loop
      vertex -33.2964 0.752964 20.1841
      vertex -33.261 13.9716 43.3251
      vertex -33.2964 14.078 43.2637
    endloop
  endfacet
  facet normal -0.960891 -0.239824 0.138463
    outer loop
      vertex -33.261 13.9716 43.3251
      vertex -33.2964 0.752964 20.1841
      vertex -33.261 0.646578 20.2455
    endloop
  endfacet
  facet normal -0.923925 -0.331319 0.191287
    outer loop
      vertex -33.261 0.646578 20.2455
      vertex -33.2121 13.8693 43.3841
      vertex -33.261 13.9716 43.3251
    endloop
  endfacet
  facet normal -0.923968 -0.331228 0.191235
    outer loop
      vertex -33.2121 13.8693 43.3841
      vertex -33.261 0.646578 20.2455
      vertex -33.2121 0.544292 20.3046
    endloop
  endfacet
  facet normal -0.998412 0.0487906 -0.0281692
    outer loop
      vertex -33.3178 1.10051 19.9834
      vertex -33.325 14.315 43.1268
      vertex -33.3178 14.4255 43.063
    endloop
  endfacet
  facet normal -0.998413 0.0487781 -0.0281621
    outer loop
      vertex -33.325 14.315 43.1268
      vertex -33.3178 1.10051 19.9834
      vertex -33.325 0.989972 20.0472
    endloop
  endfacet
  facet normal -0.960847 0.239959 -0.13854
    outer loop
      vertex -33.261 1.31605 19.859
      vertex -33.2964 14.5347 43
      vertex -33.261 14.641 42.9386
    endloop
  endfacet
  facet normal -0.960894 0.239818 -0.138459
    outer loop
      vertex -33.2964 14.5347 43
      vertex -33.261 1.31605 19.859
      vertex -33.2964 1.20966 19.9204
    endloop
  endfacet
  facet normal -0.815331 0.501425 -0.289497
    outer loop
      vertex -33.1265 1.54423 19.7272
      vertex -33.1503 14.8402 42.8236
      vertex -33.1265 14.8692 42.8068
    endloop
  endfacet
  facet normal -0.815331 0.501425 -0.289497
    outer loop
      vertex -33.1503 14.8402 42.8236
      vertex -33.1265 1.54423 19.7272
      vertex -33.1503 1.51523 19.744
    endloop
  endfacet
  facet normal 0.745852 -0.57687 0.333056
    outer loop
      vertex -0.00889874 13.5995 43.5399
      vertex 0.0762873 0.3571 20.4126
      vertex 0.0762873 13.6821 43.4922
    endloop
  endfacet
  facet normal 0.745708 -0.57701 0.333135
    outer loop
      vertex 0.0762873 0.3571 20.4126
      vertex -0.00889874 13.5995 43.5399
      vertex -0.00889874 0.274548 20.4603
    endloop
  endfacet
  facet normal 0.48368 -0.757984 0.437623
    outer loop
      vertex -0.320373 0.083154 20.5708
      vertex -0.208484 13.4617 43.6194
      vertex -0.320373 13.4082 43.6504
    endloop
  endfacet
  facet normal 0.483655 -0.757996 0.43763
    outer loop
      vertex -0.208484 13.4617 43.6194
      vertex -0.320373 0.083154 20.5708
      vertex -0.208484 0.136707 20.5399
    endloop
  endfacet
  facet normal 0.382664 -0.800109 0.461945
    outer loop
      vertex -0.438482 0.0407858 20.5953
      vertex -0.320373 13.4082 43.6504
      vertex -0.438482 13.3658 43.6748
    endloop
  endfacet
  facet normal 0.382814 -0.800056 0.461914
    outer loop
      vertex -0.320373 13.4082 43.6504
      vertex -0.438482 0.0407858 20.5953
      vertex -0.320373 0.083154 20.5708
    endloop
  endfacet
  facet normal -0.666176 -0.645878 0.372896
    outer loop
      vertex -32.9911 0.274548 20.4603
      vertex -32.8958 13.5258 43.5825
      vertex -32.9911 13.5995 43.5399
    endloop
  endfacet
  facet normal -0.666451 -0.645664 0.372775
    outer loop
      vertex -32.8958 13.5258 43.5825
      vertex -32.9911 0.274548 20.4603
      vertex -32.8958 0.200775 20.5029
    endloop
  endfacet
  facet normal -0.483643 -0.758001 0.437633
    outer loop
      vertex -32.7915 13.4617 43.6194
      vertex -32.6796 0.083154 20.5708
      vertex -32.6796 13.4082 43.6504
    endloop
  endfacet
  facet normal -0.483619 -0.758013 0.43764
    outer loop
      vertex -32.6796 0.083154 20.5708
      vertex -32.7915 13.4617 43.6194
      vertex -32.7915 0.136707 20.5399
    endloop
  endfacet
  facet normal -0.875313 0.418772 -0.241777
    outer loop
      vertex -33.1503 1.51523 19.744
      vertex -33.2121 14.7433 42.8795
      vertex -33.1503 14.8402 42.8236
    endloop
  endfacet
  facet normal -0.875313 0.418772 -0.241777
    outer loop
      vertex -33.2121 14.7433 42.8795
      vertex -33.1503 1.51523 19.744
      vertex -33.2121 1.41833 19.7999
    endloop
  endfacet
  facet normal -0.985897 0.144932 -0.0836767
    outer loop
      vertex -33.2964 1.20966 19.9204
      vertex -33.3178 14.4255 43.063
      vertex -33.2964 14.5347 43
    endloop
  endfacet
  facet normal -0.985888 0.14498 -0.0837044
    outer loop
      vertex -33.3178 14.4255 43.063
      vertex -33.2964 1.20966 19.9204
      vertex -33.3178 1.10051 19.9834
    endloop
  endfacet
  facet normal 0.815802 0.50085 -0.289165
    outer loop
      vertex 0.150265 14.8402 42.8236
      vertex 0.126506 1.54423 19.7272
      vertex 0.126506 14.8692 42.8068
    endloop
  endfacet
  facet normal 0.815802 0.50085 -0.289165
    outer loop
      vertex 0.126506 1.54423 19.7272
      vertex 0.150265 14.8402 42.8236
      vertex 0.150265 1.51523 19.744
    endloop
  endfacet
  facet normal 0.815535 -0.501175 0.289353
    outer loop
      vertex 0.0762873 13.6821 43.4922
      vertex 0.150265 0.447394 20.3605
      vertex 0.150265 13.7724 43.4401
    endloop
  endfacet
  facet normal 0.815522 -0.501192 0.289363
    outer loop
      vertex 0.150265 0.447394 20.3605
      vertex 0.0762873 13.6821 43.4922
      vertex 0.0762873 0.3571 20.4126
    endloop
  endfacet
  facet normal 0.57859 -0.706346 0.40781
    outer loop
      vertex -0.208484 0.136707 20.5399
      vertex -0.104222 13.5258 43.5825
      vertex -0.208484 13.4617 43.6194
    endloop
  endfacet
  facet normal 0.578706 -0.706275 0.407768
    outer loop
      vertex -0.104222 13.5258 43.5825
      vertex -0.208484 0.136707 20.5399
      vertex -0.104222 0.200775 20.5029
    endloop
  endfacet
  facet normal 0.277167 -0.832097 0.480409
    outer loop
      vertex -0.561327 0.0101365 20.6129
      vertex -0.438482 13.3658 43.6748
      vertex -0.561327 13.3351 43.6925
    endloop
  endfacet
  facet normal 0.276489 -0.832264 0.48051
    outer loop
      vertex -0.438482 13.3658 43.6748
      vertex -0.561327 0.0101365 20.6129
      vertex -0.438482 0.0407858 20.5953
    endloop
  endfacet
  facet normal -0.815453 -0.501276 0.289411
    outer loop
      vertex -33.1503 0.447394 20.3605
      vertex -33.0763 13.6821 43.4922
      vertex -33.1503 13.7724 43.4401
    endloop
  endfacet
  facet normal -0.815439 -0.501292 0.289421
    outer loop
      vertex -33.0763 13.6821 43.4922
      vertex -33.1503 0.447394 20.3605
      vertex -33.0763 0.3571 20.4126
    endloop
  endfacet
  facet normal -0.0560977 -0.864662 0.499213
    outer loop
      vertex -32.3126 13.3166 43.7032
      vertex -32.185 -0.0146168 20.6272
      vertex -32.185 13.3104 43.7068
    endloop
  endfacet
  facet normal -0.0557587 -0.864677 0.499224
    outer loop
      vertex -32.185 -0.0146168 20.6272
      vertex -32.3126 13.3166 43.7032
      vertex -32.3126 -0.00840925 20.6237
    endloop
  endfacet
  facet normal -0.923982 0.3312 -0.191218
    outer loop
      vertex -33.2121 1.41833 19.7999
      vertex -33.261 14.641 42.9386
      vertex -33.2121 14.7433 42.8795
    endloop
  endfacet
  facet normal -0.923962 0.331241 -0.191241
    outer loop
      vertex -33.261 14.641 42.9386
      vertex -33.2121 1.41833 19.7999
      vertex -33.261 1.31605 19.859
    endloop
  endfacet
  facet normal 0.985879 0.145024 -0.0837299
    outer loop
      vertex 0.317831 14.4255 43.063
      vertex 0.296417 1.20966 19.9204
      vertex 0.296417 14.5347 43
    endloop
  endfacet
  facet normal 0.985869 0.145073 -0.0837576
    outer loop
      vertex 0.296417 1.20966 19.9204
      vertex 0.317831 14.4255 43.063
      vertex 0.317831 1.10051 19.9834
    endloop
  endfacet
  facet normal 0.923921 0.331327 -0.191291
    outer loop
      vertex 0.261026 14.641 42.9386
      vertex 0.212104 1.41833 19.7999
      vertex 0.212104 14.7433 42.8795
    endloop
  endfacet
  facet normal 0.923901 0.331369 -0.191315
    outer loop
      vertex 0.212104 1.41833 19.7999
      vertex 0.261026 14.641 42.9386
      vertex 0.261026 1.31605 19.859
    endloop
  endfacet
  facet normal 0.985871 -0.145065 0.0837535
    outer loop
      vertex 0.296417 14.078 43.2637
      vertex 0.317831 0.862113 20.1211
      vertex 0.317831 14.1871 43.2006
    endloop
  endfacet
  facet normal 0.985869 -0.145073 0.0837584
    outer loop
      vertex 0.317831 0.862113 20.1211
      vertex 0.296417 14.078 43.2637
      vertex 0.296417 0.752964 20.1841
    endloop
  endfacet
  facet normal 0.666086 -0.645948 0.372936
    outer loop
      vertex -0.104222 13.5258 43.5825
      vertex -0.00889874 0.274548 20.4603
      vertex -0.00889874 13.5995 43.5399
    endloop
  endfacet
  facet normal 0.666361 -0.645734 0.372815
    outer loop
      vertex -0.00889874 0.274548 20.4603
      vertex -0.104222 13.5258 43.5825
      vertex -0.104222 0.200775 20.5029
    endloop
  endfacet
  facet normal -0.745798 -0.576922 0.333086
    outer loop
      vertex -33.0763 0.3571 20.4126
      vertex -32.9911 13.5995 43.5399
      vertex -33.0763 13.6821 43.4922
    endloop
  endfacet
  facet normal -0.745654 -0.577063 0.333166
    outer loop
      vertex -32.9911 13.5995 43.5399
      vertex -33.0763 0.3571 20.4126
      vertex -32.9911 0.274548 20.4603
    endloop
  endfacet
  facet normal -0.57845 -0.706432 0.40786
    outer loop
      vertex -32.8958 13.5258 43.5825
      vertex -32.7915 0.136707 20.5399
      vertex -32.7915 13.4617 43.6194
    endloop
  endfacet
  facet normal -0.578566 -0.706361 0.407818
    outer loop
      vertex -32.7915 0.136707 20.5399
      vertex -32.8958 13.5258 43.5825
      vertex -32.8958 0.200775 20.5029
    endloop
  endfacet
  facet normal 0.998425 0.0485812 -0.0280483
    outer loop
      vertex 0.325 14.315 43.1268
      vertex 0.317831 1.10051 19.9834
      vertex 0.317831 14.4255 43.063
    endloop
  endfacet
  facet normal 0.998426 0.0485687 -0.0280412
    outer loop
      vertex 0.317831 1.10051 19.9834
      vertex 0.325 14.315 43.1268
      vertex 0.325 0.989972 20.0472
    endloop
  endfacet
  facet normal 0.875184 0.418975 -0.241894
    outer loop
      vertex 0.212104 14.7433 42.8795
      vertex 0.150265 1.51523 19.744
      vertex 0.150265 14.8402 42.8236
    endloop
  endfacet
  facet normal 0.875184 0.418975 -0.241894
    outer loop
      vertex 0.150265 1.51523 19.744
      vertex 0.212104 14.7433 42.8795
      vertex 0.212104 1.41833 19.7999
    endloop
  endfacet
  facet normal 0.923864 -0.331446 0.191361
    outer loop
      vertex 0.212104 13.8693 43.3841
      vertex 0.261026 0.646578 20.2455
      vertex 0.261026 13.9716 43.3251
    endloop
  endfacet
  facet normal 0.923907 -0.331355 0.191309
    outer loop
      vertex 0.261026 0.646578 20.2455
      vertex 0.212104 13.8693 43.3841
      vertex 0.212104 0.544292 20.3046
    endloop
  endfacet
  facet normal 0.998427 -0.0485483 0.0280295
    outer loop
      vertex 0.317831 14.1871 43.2006
      vertex 0.325 0.972652 20.0572
      vertex 0.325 14.2977 43.1368
    endloop
  endfacet
  facet normal 0.998427 -0.0485494 0.0280301
    outer loop
      vertex 0.325 0.972652 20.0572
      vertex 0.317831 14.1871 43.2006
      vertex 0.317831 0.862113 20.1211
    endloop
  endfacet
  facet normal 1 0 0
    outer loop
      vertex 0.325 14.2977 43.1368
      vertex 0.325 0.989972 20.0472
      vertex 0.325 14.315 43.1268
    endloop
  endfacet
  facet normal 1 0 -0
    outer loop
      vertex 0.325 0.989972 20.0472
      vertex 0.325 14.2977 43.1368
      vertex 0.325 0.972652 20.0572
    endloop
  endfacet
  facet normal -0.382689 -0.8001 0.46194
    outer loop
      vertex -32.6796 13.4082 43.6504
      vertex -32.5615 0.0407858 20.5953
      vertex -32.5615 13.3658 43.6748
    endloop
  endfacet
  facet normal -0.382839 -0.800047 0.461908
    outer loop
      vertex -32.5615 0.0407858 20.5953
      vertex -32.6796 13.4082 43.6504
      vertex -32.6796 0.083154 20.5708
    endloop
  endfacet
  facet normal -0.277261 -0.832073 0.480396
    outer loop
      vertex -32.5615 13.3658 43.6748
      vertex -32.4387 0.0101365 20.6129
      vertex -32.4387 13.3351 43.6925
    endloop
  endfacet
  facet normal -0.276583 -0.832241 0.480497
    outer loop
      vertex -32.4387 0.0101365 20.6129
      vertex -32.5615 13.3658 43.6748
      vertex -32.5615 0.0407858 20.5953
    endloop
  endfacet
  facet normal 0.960865 0.239903 -0.138507
    outer loop
      vertex 0.296417 14.5347 43
      vertex 0.261026 1.31605 19.859
      vertex 0.261026 14.641 42.9386
    endloop
  endfacet
  facet normal 0.960912 0.239762 -0.138427
    outer loop
      vertex 0.261026 1.31605 19.859
      vertex 0.296417 14.5347 43
      vertex 0.296417 1.20966 19.9204
    endloop
  endfacet
  facet normal 0.960917 -0.239746 0.138418
    outer loop
      vertex 0.261026 13.9716 43.3251
      vertex 0.296417 0.752964 20.1841
      vertex 0.296417 14.078 43.2637
    endloop
  endfacet
  facet normal 0.96091 -0.239768 0.13843
    outer loop
      vertex 0.296417 0.752964 20.1841
      vertex 0.261026 13.9716 43.3251
      vertex 0.261026 0.646578 20.2455
    endloop
  endfacet
  facet normal -0.167098 -0.853849 0.492972
    outer loop
      vertex -32.4387 13.3351 43.6925
      vertex -32.3126 -0.00840925 20.6237
      vertex -32.3126 13.3166 43.7032
    endloop
  endfacet
  facet normal -0.167779 -0.85375 0.492911
    outer loop
      vertex -32.3126 -0.00840925 20.6237
      vertex -32.4387 13.3351 43.6925
      vertex -32.4387 0.0101365 20.6129
    endloop
  endfacet
  facet normal -1 0 0
    outer loop
      vertex -29 9.73538 37.5147
      vertex -29 10.8301 43.8109
      vertex -29 12.7354 42.7109
    endloop
  endfacet
  facet normal -1 0 0
    outer loop
      vertex -29 10.8301 43.8109
      vertex -29 9.73538 37.5147
      vertex -29 7.83013 38.6147
    endloop
  endfacet
  facet normal -0 0.499991 0.86603
    outer loop
      vertex -29 12.7354 42.7109
      vertex -23 10.8301 43.8109
      vertex -23 12.7354 42.7109
    endloop
  endfacet
  facet normal 0 0.499991 0.86603
    outer loop
      vertex -23 10.8301 43.8109
      vertex -29 12.7354 42.7109
      vertex -29 10.8301 43.8109
    endloop
  endfacet
  facet normal 1 0 0
    outer loop
      vertex -23 10.8301 43.8109
      vertex -23 9.73538 37.5147
      vertex -23 12.7354 42.7109
    endloop
  endfacet
  facet normal 1 0 -0
    outer loop
      vertex -23 9.73538 37.5147
      vertex -23 10.8301 43.8109
      vertex -23 7.83013 38.6147
    endloop
  endfacet
  facet normal 0 -0.500001 -0.866025
    outer loop
      vertex -29 7.83013 38.6147
      vertex -23 9.73538 37.5147
      vertex -23 7.83013 38.6147
    endloop
  endfacet
  facet normal -0 -0.500001 -0.866025
    outer loop
      vertex -23 9.73538 37.5147
      vertex -29 7.83013 38.6147
      vertex -29 9.73538 37.5147
    endloop
  endfacet
  facet normal 0 -0.86603 0.499993
    outer loop
      vertex -29 7.83013 38.6147
      vertex -23 10.8301 43.8109
      vertex -29 10.8301 43.8109
    endloop
  endfacet
  facet normal 0 -0.86603 0.499993
    outer loop
      vertex -23 10.8301 43.8109
      vertex -29 7.83013 38.6147
      vertex -23 7.83013 38.6147
    endloop
  endfacet
  facet normal -1 0 0
    outer loop
      vertex -29 0.735383 21.9263
      vertex -29 1.83013 28.2224
      vertex -29 3.73538 27.1224
    endloop
  endfacet
  facet normal -1 0 0
    outer loop
      vertex -29 1.83013 28.2224
      vertex -29 0.735383 21.9263
      vertex -29 -1.16987 23.0263
    endloop
  endfacet
  facet normal -0 0.500001 0.866025
    outer loop
      vertex -29 3.73538 27.1224
      vertex -25.8 1.83013 28.2224
      vertex -25.8 3.73538 27.1224
    endloop
  endfacet
  facet normal 0 0.500001 0.866025
    outer loop
      vertex -25.8 1.83013 28.2224
      vertex -29 3.73538 27.1224
      vertex -29 1.83013 28.2224
    endloop
  endfacet
  facet normal 1 0 0
    outer loop
      vertex -25.8 1.83013 28.2224
      vertex -25.8 0.735383 21.9263
      vertex -25.8 3.73538 27.1224
    endloop
  endfacet
  facet normal 1 0 -0
    outer loop
      vertex -25.8 0.735383 21.9263
      vertex -25.8 1.83013 28.2224
      vertex -25.8 -1.16987 23.0263
    endloop
  endfacet
  facet normal 0 -0.500001 -0.866025
    outer loop
      vertex -29 -1.16987 23.0263
      vertex -25.8 0.735383 21.9263
      vertex -25.8 -1.16987 23.0263
    endloop
  endfacet
  facet normal -0 -0.500001 -0.866025
    outer loop
      vertex -25.8 0.735383 21.9263
      vertex -29 -1.16987 23.0263
      vertex -29 0.735383 21.9263
    endloop
  endfacet
  facet normal 0 -0.866023 0.500004
    outer loop
      vertex -29 -1.16987 23.0263
      vertex -25.8 1.83013 28.2224
      vertex -29 1.83013 28.2224
    endloop
  endfacet
  facet normal 0 -0.866023 0.500004
    outer loop
      vertex -25.8 1.83013 28.2224
      vertex -29 -1.16987 23.0263
      vertex -25.8 -1.16987 23.0263
    endloop
  endfacet
  facet normal -1 0 0
    outer loop
      vertex -10 9.73538 37.5147
      vertex -10 10.8301 43.8109
      vertex -10 12.7354 42.7109
    endloop
  endfacet
  facet normal -1 0 0
    outer loop
      vertex -10 10.8301 43.8109
      vertex -10 9.73538 37.5147
      vertex -10 7.83013 38.6147
    endloop
  endfacet
  facet normal -0 0.499991 0.86603
    outer loop
      vertex -10 12.7354 42.7109
      vertex -4 10.8301 43.8109
      vertex -4 12.7354 42.7109
    endloop
  endfacet
  facet normal 0 0.499991 0.86603
    outer loop
      vertex -4 10.8301 43.8109
      vertex -10 12.7354 42.7109
      vertex -10 10.8301 43.8109
    endloop
  endfacet
  facet normal 1 0 0
    outer loop
      vertex -4 10.8301 43.8109
      vertex -4 9.73538 37.5147
      vertex -4 12.7354 42.7109
    endloop
  endfacet
  facet normal 1 0 -0
    outer loop
      vertex -4 9.73538 37.5147
      vertex -4 10.8301 43.8109
      vertex -4 7.83013 38.6147
    endloop
  endfacet
  facet normal 0 -0.500001 -0.866025
    outer loop
      vertex -10 7.83013 38.6147
      vertex -4 9.73538 37.5147
      vertex -4 7.83013 38.6147
    endloop
  endfacet
  facet normal -0 -0.500001 -0.866025
    outer loop
      vertex -4 9.73538 37.5147
      vertex -10 7.83013 38.6147
      vertex -10 9.73538 37.5147
    endloop
  endfacet
  facet normal 0 -0.86603 0.499993
    outer loop
      vertex -10 7.83013 38.6147
      vertex -4 10.8301 43.8109
      vertex -10 10.8301 43.8109
    endloop
  endfacet
  facet normal 0 -0.86603 0.499993
    outer loop
      vertex -4 10.8301 43.8109
      vertex -10 7.83013 38.6147
      vertex -4 7.83013 38.6147
    endloop
  endfacet
  facet normal -1 0 0
    outer loop
      vertex -7.2 0.735383 21.9263
      vertex -7.2 1.83013 28.2224
      vertex -7.2 3.73538 27.1224
    endloop
  endfacet
  facet normal -1 0 0
    outer loop
      vertex -7.2 1.83013 28.2224
      vertex -7.2 0.735383 21.9263
      vertex -7.2 -1.16987 23.0263
    endloop
  endfacet
  facet normal -0 0.500001 0.866025
    outer loop
      vertex -7.2 3.73538 27.1224
      vertex -4 1.83013 28.2224
      vertex -4 3.73538 27.1224
    endloop
  endfacet
  facet normal 0 0.500001 0.866025
    outer loop
      vertex -4 1.83013 28.2224
      vertex -7.2 3.73538 27.1224
      vertex -7.2 1.83013 28.2224
    endloop
  endfacet
  facet normal 1 0 0
    outer loop
      vertex -4 1.83013 28.2224
      vertex -4 0.735383 21.9263
      vertex -4 3.73538 27.1224
    endloop
  endfacet
  facet normal 1 0 -0
    outer loop
      vertex -4 0.735383 21.9263
      vertex -4 1.83013 28.2224
      vertex -4 -1.16987 23.0263
    endloop
  endfacet
  facet normal 0 -0.500001 -0.866025
    outer loop
      vertex -7.2 -1.16987 23.0263
      vertex -4 0.735383 21.9263
      vertex -4 -1.16987 23.0263
    endloop
  endfacet
  facet normal -0 -0.500001 -0.866025
    outer loop
      vertex -4 0.735383 21.9263
      vertex -7.2 -1.16987 23.0263
      vertex -7.2 0.735383 21.9263
    endloop
  endfacet
  facet normal 0 -0.866023 0.500004
    outer loop
      vertex -7.2 -1.16987 23.0263
      vertex -4 1.83013 28.2224
      vertex -7.2 1.83013 28.2224
    endloop
  endfacet
  facet normal 0 -0.866023 0.500004
    outer loop
      vertex -4 1.83013 28.2224
      vertex -7.2 -1.16987 23.0263
      vertex -4 -1.16987 23.0263
    endloop
  endfacet
  facet normal -0.875277 0.241811 0.418829
    outer loop
      vertex -63.2985 6.18105 22.9584
      vertex -63.1575 4.57659 24.1794
      vertex -63.1575 6.30864 23.1794
    endloop
  endfacet
  facet normal -0.875277 0.241811 0.418829
    outer loop
      vertex -63.1575 4.57659 24.1794
      vertex -63.2985 6.18105 22.9584
      vertex -63.2985 4.449 23.9584
    endloop
  endfacet
  facet normal -0.276898 0.48045 0.832163
    outer loop
      vertex -64.9214 5.60528 21.9612
      vertex -64.6413 3.91359 23.0311
      vertex -64.6413 5.64564 22.0311
    endloop
  endfacet
  facet normal -0.276898 0.48045 0.832163
    outer loop
      vertex -64.6413 3.91359 23.0311
      vertex -64.9214 5.60528 21.9612
      vertex -64.9214 3.87323 22.9612
    endloop
  endfacet
  facet normal 0.382578 0.461962 0.800141
    outer loop
      vertex -66.6281 3.96938 23.1277
      vertex -66.3587 5.64564 22.0311
      vertex -66.6281 5.70143 22.1277
    endloop
  endfacet
  facet normal 0.382578 0.461962 0.800141
    outer loop
      vertex -66.3587 5.64564 22.0311
      vertex -66.6281 3.96938 23.1277
      vertex -66.3587 3.91359 23.0311
    endloop
  endfacet
  facet normal 0.923861 0.191365 0.331453
    outer loop
      vertex -67.9541 4.71128 24.4127
      vertex -67.8425 6.30864 23.1794
      vertex -67.9541 6.44333 23.4127
    endloop
  endfacet
  facet normal 0.923861 0.191365 0.331453
    outer loop
      vertex -67.8425 6.30864 23.1794
      vertex -67.9541 4.71128 24.4127
      vertex -67.8425 4.57659 24.1794
    endloop
  endfacet
  facet normal -0.985834 0.0838621 0.145254
    outer loop
      vertex -62.9652 6.58341 23.6554
      vertex -62.9163 4.99508 24.9043
      vertex -62.9163 6.72714 23.9043
    endloop
  endfacet
  facet normal -0.985833 0.0838639 0.145256
    outer loop
      vertex -62.9163 4.99508 24.9043
      vertex -62.9652 6.58341 23.6554
      vertex -62.9652 4.85136 24.6554
    endloop
  endfacet
  facet normal -0.0561892 0.49921 0.864657
    outer loop
      vertex -65.5 5.57269 21.9047
      vertex -65.2089 3.84881 22.9189
      vertex -65.2089 5.58086 21.9189
    endloop
  endfacet
  facet normal -0.0561892 0.49921 0.864657
    outer loop
      vertex -65.2089 3.84881 22.9189
      vertex -65.5 5.57269 21.9047
      vertex -65.5 3.84064 22.9047
    endloop
  endfacet
  facet normal -0.483835 0.43758 0.75791
    outer loop
      vertex -64.3719 5.70143 22.1277
      vertex -64.1167 4.0399 23.2499
      vertex -64.1167 5.77195 22.2499
    endloop
  endfacet
  facet normal -0.483835 0.43758 0.75791
    outer loop
      vertex -64.1167 4.0399 23.2499
      vertex -64.3719 5.70143 22.1277
      vertex -64.3719 3.96938 23.1277
    endloop
  endfacet
  facet normal 0.998417 0.0281244 0.0487129
    outer loop
      vertex -68.1 5.14064 25.1564
      vertex -68.0836 6.72714 23.9043
      vertex -68.1 6.87269 24.1564
    endloop
  endfacet
  facet normal 0.998417 0.0281238 0.0487121
    outer loop
      vertex -68.0836 6.72714 23.9043
      vertex -68.1 5.14064 25.1564
      vertex -68.0836 4.99508 24.9043
    endloop
  endfacet
  facet normal 0.815566 0.289332 0.501138
    outer loop
      vertex -67.7015 4.449 23.9584
      vertex -67.5328 6.06215 22.7525
      vertex -67.7015 6.18105 22.9584
    endloop
  endfacet
  facet normal 0.815566 0.289332 0.501138
    outer loop
      vertex -67.5328 6.06215 22.7525
      vertex -67.7015 4.449 23.9584
      vertex -67.5328 4.3301 23.7525
    endloop
  endfacet
  facet normal 0.167488 0.492937 0.853792
    outer loop
      vertex -66.0786 3.87323 22.9612
      vertex -65.7911 5.58086 21.9189
      vertex -66.0786 5.60528 21.9612
    endloop
  endfacet
  facet normal 0.167488 0.492937 0.853792
    outer loop
      vertex -65.7911 5.58086 21.9189
      vertex -66.0786 3.87323 22.9612
      vertex -65.7911 3.84881 22.9189
    endloop
  endfacet
  facet normal -0.815566 0.289332 0.501138
    outer loop
      vertex -63.4672 6.06215 22.7525
      vertex -63.2985 4.449 23.9584
      vertex -63.2985 6.18105 22.9584
    endloop
  endfacet
  facet normal -0.815566 0.289332 0.501138
    outer loop
      vertex -63.2985 4.449 23.9584
      vertex -63.4672 6.06215 22.7525
      vertex -63.4672 4.3301 23.7525
    endloop
  endfacet
  facet normal -0.666261 0.37286 0.645811
    outer loop
      vertex -63.8789 5.85631 22.396
      vertex -63.6615 4.2214 23.5642
      vertex -63.6615 5.95345 22.5642
    endloop
  endfacet
  facet normal -0.666261 0.37286 0.645811
    outer loop
      vertex -63.6615 4.2214 23.5642
      vertex -63.8789 5.85631 22.396
      vertex -63.8789 4.12426 23.396
    endloop
  endfacet
  facet normal 0.0561892 0.49921 0.864657
    outer loop
      vertex -65.7911 3.84881 22.9189
      vertex -65.5 5.57269 21.9047
      vertex -65.7911 5.58086 21.9189
    endloop
  endfacet
  facet normal 0.0561892 0.49921 0.864657
    outer loop
      vertex -65.5 5.57269 21.9047
      vertex -65.7911 3.84881 22.9189
      vertex -65.5 3.84064 22.9047
    endloop
  endfacet
  facet normal -0.167488 0.492937 0.853792
    outer loop
      vertex -65.2089 5.58086 21.9189
      vertex -64.9214 3.87323 22.9612
      vertex -64.9214 5.60528 21.9612
    endloop
  endfacet
  facet normal -0.167488 0.492937 0.853792
    outer loop
      vertex -64.9214 3.87323 22.9612
      vertex -65.2089 5.58086 21.9189
      vertex -65.2089 3.84881 22.9189
    endloop
  endfacet
  facet normal -0.382578 0.461962 0.800141
    outer loop
      vertex -64.6413 5.64564 22.0311
      vertex -64.3719 3.96938 23.1277
      vertex -64.3719 5.70143 22.1277
    endloop
  endfacet
  facet normal -0.382578 0.461962 0.800141
    outer loop
      vertex -64.3719 3.96938 23.1277
      vertex -64.6413 5.64564 22.0311
      vertex -64.6413 3.91359 23.0311
    endloop
  endfacet
  facet normal -0.578622 0.407798 0.706327
    outer loop
      vertex -64.1167 5.77195 22.2499
      vertex -63.8789 4.12426 23.396
      vertex -63.8789 5.85631 22.396
    endloop
  endfacet
  facet normal -0.578622 0.407798 0.706327
    outer loop
      vertex -63.8789 4.12426 23.396
      vertex -64.1167 5.77195 22.2499
      vertex -64.1167 4.0399 23.2499
    endloop
  endfacet
  facet normal -8.4045e-05 -0.866029 0.499994
    outer loop
      vertex -65.5 5.57269 21.9047
      vertex -65.5 8.17269 26.4081
      vertex -65.7911 8.16452 26.3939
    endloop
  endfacet
  facet normal -6.27223e-06 -0.866024 0.500003
    outer loop
      vertex -65.7911 5.58086 21.9189
      vertex -65.7911 8.16452 26.3939
      vertex -66.0786 8.1401 26.3516
    endloop
  endfacet
  facet normal 8.4045e-05 -0.866029 0.499994
    outer loop
      vertex -65.5 8.17269 26.4081
      vertex -65.5 5.57269 21.9047
      vertex -65.2089 8.16452 26.3939
    endloop
  endfacet
  facet normal 8.89157e-06 -0.866024 0.500003
    outer loop
      vertex -66.0786 5.60528 21.9612
      vertex -66.0786 8.1401 26.3516
      vertex -66.3587 8.09974 26.2817
    endloop
  endfacet
  facet normal -8.45779e-05 -0.866024 0.500003
    outer loop
      vertex -65.2089 5.58086 21.9189
      vertex -65.2089 8.16452 26.3939
      vertex -65.5 5.57269 21.9047
    endloop
  endfacet
  facet normal 5.66559e-05 -0.866024 0.500002
    outer loop
      vertex -66.3587 5.64564 22.0311
      vertex -66.3587 8.09974 26.2817
      vertex -66.6281 8.04395 26.1851
    endloop
  endfacet
  facet normal 6.27223e-06 -0.866024 0.500003
    outer loop
      vertex -65.2089 8.16452 26.3939
      vertex -65.2089 5.58086 21.9189
      vertex -64.9214 8.1401 26.3516
    endloop
  endfacet
  facet normal -0.000107137 -0.866027 0.499997
    outer loop
      vertex -66.6281 5.70143 22.1277
      vertex -66.6281 8.04395 26.1851
      vertex -66.8833 7.97343 26.0629
    endloop
  endfacet
  facet normal -6.39309e-06 -0.866024 0.500003
    outer loop
      vertex -64.9214 5.60528 21.9612
      vertex -64.9214 8.1401 26.3516
      vertex -65.2089 5.58086 21.9189
    endloop
  endfacet
  facet normal 2.71746e-05 -0.866021 0.500007
    outer loop
      vertex -66.8833 5.77195 22.2499
      vertex -66.8833 7.97343 26.0629
      vertex -67.1211 7.88907 25.9168
    endloop
  endfacet
  facet normal -8.89157e-06 -0.866024 0.500003
    outer loop
      vertex -64.9214 8.1401 26.3516
      vertex -64.9214 5.60528 21.9612
      vertex -64.6413 8.09974 26.2817
    endloop
  endfacet
  facet normal 0.00011346 -0.866023 0.500005
    outer loop
      vertex -67.1211 5.85631 22.396
      vertex -67.1211 7.88907 25.9168
      vertex -67.3385 7.79193 25.7486
    endloop
  endfacet
  facet normal 9.18401e-06 -0.866024 0.500002
    outer loop
      vertex -64.6413 5.64564 22.0311
      vertex -64.6413 8.09974 26.2817
      vertex -64.9214 5.60528 21.9612
    endloop
  endfacet
  facet normal -5.80928e-05 -0.866029 0.499993
    outer loop
      vertex -67.3385 5.95345 22.5642
      vertex -67.3385 7.79193 25.7486
      vertex -67.5328 7.68323 25.5603
    endloop
  endfacet
  facet normal -5.66559e-05 -0.866024 0.500002
    outer loop
      vertex -64.6413 8.09974 26.2817
      vertex -64.6413 5.64564 22.0311
      vertex -64.3719 8.04395 26.1851
    endloop
  endfacet
  facet normal 0.000122584 -0.866026 0.499999
    outer loop
      vertex -67.5328 6.06215 22.7525
      vertex -67.5328 7.68323 25.5603
      vertex -67.7015 7.56433 25.3544
    endloop
  endfacet
  facet normal 5.93539e-05 -0.866027 0.499997
    outer loop
      vertex -64.3719 5.70143 22.1277
      vertex -64.3719 8.04395 26.1851
      vertex -64.6413 5.64564 22.0311
    endloop
  endfacet
  facet normal -1.14835e-05 -0.86603 0.499993
    outer loop
      vertex -67.5328 6.06215 22.7525
      vertex -67.7015 7.56433 25.3544
      vertex -67.8425 7.43674 25.1334
    endloop
  endfacet
  facet normal 0.000107137 -0.866027 0.499997
    outer loop
      vertex -64.3719 8.04395 26.1851
      vertex -64.3719 5.70143 22.1277
      vertex -64.1167 7.97343 26.0629
    endloop
  endfacet
  facet normal -2.15917e-05 -0.86603 0.499992
    outer loop
      vertex -67.5328 6.06215 22.7525
      vertex -67.8425 7.43674 25.1334
      vertex -67.9541 7.30205 24.9001
    endloop
  endfacet
  facet normal -0.000114003 -0.866021 0.500007
    outer loop
      vertex -64.1167 5.77195 22.2499
      vertex -64.1167 7.97343 26.0629
      vertex -64.3719 5.70143 22.1277
    endloop
  endfacet
  facet normal -0.000276327 -0.866052 0.499954
    outer loop
      vertex -67.5328 6.06215 22.7525
      vertex -67.9541 7.30205 24.9001
      vertex -68.0348 7.16197 24.6574
    endloop
  endfacet
  facet normal 8.45779e-05 -0.866024 0.500003
    outer loop
      vertex -65.7911 8.16452 26.3939
      vertex -65.7911 5.58086 21.9189
      vertex -65.5 5.57269 21.9047
    endloop
  endfacet
  facet normal 0.000183126 -0.865999 0.500045
    outer loop
      vertex -67.5328 6.06215 22.7525
      vertex -68.0348 7.16197 24.6574
      vertex -68.0836 7.01824 24.4085
    endloop
  endfacet
  facet normal -2.71746e-05 -0.866021 0.500007
    outer loop
      vertex -64.1167 7.97343 26.0629
      vertex -64.1167 5.77195 22.2499
      vertex -63.8789 7.88907 25.9168
    endloop
  endfacet
  facet normal 2.66566e-06 -0.866025 0.5
    outer loop
      vertex -67.5328 6.06215 22.7525
      vertex -68.0836 7.01824 24.4085
      vertex -68.1 6.87269 24.1564
    endloop
  endfacet
  facet normal 2.94299e-05 -0.866023 0.500005
    outer loop
      vertex -63.8789 5.85631 22.396
      vertex -63.8789 7.88907 25.9168
      vertex -64.1167 5.77195 22.2499
    endloop
  endfacet
  facet normal 3.68883e-06 -0.866025 0.5
    outer loop
      vertex -67.5328 6.06215 22.7525
      vertex -68.1 6.87269 24.1564
      vertex -68.0836 6.72714 23.9043
    endloop
  endfacet
  facet normal -0.00011346 -0.866023 0.500005
    outer loop
      vertex -63.8789 7.88907 25.9168
      vertex -63.8789 5.85631 22.396
      vertex -63.6615 7.79193 25.7486
    endloop
  endfacet
  facet normal 0.00034476 -0.865955 0.500122
    outer loop
      vertex -67.5328 6.06215 22.7525
      vertex -68.0836 6.72714 23.9043
      vertex -68.0348 6.58341 23.6554
    endloop
  endfacet
  facet normal 0.000125447 -0.866029 0.499993
    outer loop
      vertex -63.6615 5.95345 22.5642
      vertex -63.6615 7.79193 25.7486
      vertex -63.8789 5.85631 22.396
    endloop
  endfacet
  facet normal -0.000558388 -0.866172 0.499746
    outer loop
      vertex -67.5328 6.06215 22.7525
      vertex -68.0348 6.58341 23.6554
      vertex -67.9541 6.44333 23.4127
    endloop
  endfacet
  facet normal 5.80928e-05 -0.866029 0.499993
    outer loop
      vertex -63.6615 7.79193 25.7486
      vertex -63.6615 5.95345 22.5642
      vertex -63.4672 7.68323 25.5603
    endloop
  endfacet
  facet normal -2.70384e-05 -0.86604 0.499974
    outer loop
      vertex -67.7015 6.18105 22.9584
      vertex -67.9541 6.44333 23.4127
      vertex -67.8425 6.30864 23.1794
    endloop
  endfacet
  facet normal -6.58843e-05 -0.866026 0.499999
    outer loop
      vertex -63.4672 6.06215 22.7525
      vertex -63.4672 7.68323 25.5603
      vertex -63.6615 5.95345 22.5642
    endloop
  endfacet
  facet normal -0.000450758 -0.866142 0.499797
    outer loop
      vertex -67.5328 6.06215 22.7525
      vertex -67.9541 6.44333 23.4127
      vertex -67.7015 6.18105 22.9584
    endloop
  endfacet
  facet normal 6.39309e-06 -0.866024 0.500003
    outer loop
      vertex -66.0786 8.1401 26.3516
      vertex -66.0786 5.60528 21.9612
      vertex -65.7911 5.58086 21.9189
    endloop
  endfacet
  facet normal 6.58843e-05 -0.866026 0.499999
    outer loop
      vertex -67.5328 7.68323 25.5603
      vertex -67.5328 6.06215 22.7525
      vertex -67.3385 5.95345 22.5642
    endloop
  endfacet
  facet normal 1.14835e-05 -0.86603 0.499993
    outer loop
      vertex -63.2985 7.56433 25.3544
      vertex -63.4672 6.06215 22.7525
      vertex -63.1575 7.43674 25.1334
    endloop
  endfacet
  facet normal -0.000125447 -0.866029 0.499993
    outer loop
      vertex -67.3385 7.79193 25.7486
      vertex -67.3385 5.95345 22.5642
      vertex -67.1211 5.85631 22.396
    endloop
  endfacet
  facet normal -9.18401e-06 -0.866024 0.500002
    outer loop
      vertex -66.3587 8.09974 26.2817
      vertex -66.3587 5.64564 22.0311
      vertex -66.0786 5.60528 21.9612
    endloop
  endfacet
  facet normal -2.94299e-05 -0.866023 0.500005
    outer loop
      vertex -67.1211 7.88907 25.9168
      vertex -67.1211 5.85631 22.396
      vertex -66.8833 5.77195 22.2499
    endloop
  endfacet
  facet normal 0.000114003 -0.866021 0.500007
    outer loop
      vertex -66.8833 7.97343 26.0629
      vertex -66.8833 5.77195 22.2499
      vertex -66.6281 5.70143 22.1277
    endloop
  endfacet
  facet normal -5.93539e-05 -0.866027 0.499997
    outer loop
      vertex -66.6281 8.04395 26.1851
      vertex -66.6281 5.70143 22.1277
      vertex -66.3587 5.64564 22.0311
    endloop
  endfacet
  facet normal -3.68452e-06 -0.866025 0.5
    outer loop
      vertex -62.9 6.87269 24.1564
      vertex -63.4672 6.06215 22.7525
      vertex -62.9163 6.72714 23.9043
    endloop
  endfacet
  facet normal 2.15917e-05 -0.86603 0.499992
    outer loop
      vertex -63.1575 7.43674 25.1334
      vertex -63.4672 6.06215 22.7525
      vertex -63.0459 7.30205 24.9001
    endloop
  endfacet
  facet normal -0.000345145 -0.865955 0.500123
    outer loop
      vertex -62.9163 6.72714 23.9043
      vertex -63.4672 6.06215 22.7525
      vertex -62.9652 6.58341 23.6554
    endloop
  endfacet
  facet normal -2.66791e-06 -0.866025 0.5
    outer loop
      vertex -62.9163 7.01824 24.4085
      vertex -63.4672 6.06215 22.7525
      vertex -62.9 6.87269 24.1564
    endloop
  endfacet
  facet normal 0.000558388 -0.866172 0.499746
    outer loop
      vertex -62.9652 6.58341 23.6554
      vertex -63.4672 6.06215 22.7525
      vertex -63.0459 6.44333 23.4127
    endloop
  endfacet
  facet normal 0.000450758 -0.866142 0.499797
    outer loop
      vertex -63.0459 6.44333 23.4127
      vertex -63.4672 6.06215 22.7525
      vertex -63.2985 6.18105 22.9584
    endloop
  endfacet
  facet normal 2.70384e-05 -0.86604 0.499974
    outer loop
      vertex -63.0459 6.44333 23.4127
      vertex -63.2985 6.18105 22.9584
      vertex -63.1575 6.30864 23.1794
    endloop
  endfacet
  facet normal -0.000182966 -0.865999 0.500045
    outer loop
      vertex -62.9652 7.16197 24.6574
      vertex -63.4672 6.06215 22.7525
      vertex -62.9163 7.01824 24.4085
    endloop
  endfacet
  facet normal 0.000276327 -0.866052 0.499954
    outer loop
      vertex -63.0459 7.30205 24.9001
      vertex -63.4672 6.06215 22.7525
      vertex -62.9652 7.16197 24.6574
    endloop
  endfacet
  facet normal -0.000122584 -0.866026 0.499999
    outer loop
      vertex -63.4672 7.68323 25.5603
      vertex -63.4672 6.06215 22.7525
      vertex -63.2985 7.56433 25.3544
    endloop
  endfacet
  facet normal 0.960946 0.138368 0.239661
    outer loop
      vertex -68.0348 4.85136 24.6554
      vertex -67.9541 6.44333 23.4127
      vertex -68.0348 6.58341 23.6554
    endloop
  endfacet
  facet normal 0.960946 0.138368 0.239661
    outer loop
      vertex -67.9541 6.44333 23.4127
      vertex -68.0348 4.85136 24.6554
      vertex -67.9541 4.71128 24.4127
    endloop
  endfacet
  facet normal 0.985891 0.0836954 0.144965
    outer loop
      vertex -68.0836 4.99508 24.9043
      vertex -68.0348 6.58341 23.6554
      vertex -68.0836 6.72714 23.9043
    endloop
  endfacet
  facet normal 0.98589 0.0836972 0.144968
    outer loop
      vertex -68.0348 6.58341 23.6554
      vertex -68.0836 4.99508 24.9043
      vertex -68.0348 4.85136 24.6554
    endloop
  endfacet
  facet normal 0.875277 0.241811 0.418829
    outer loop
      vertex -67.8425 4.57659 24.1794
      vertex -67.7015 6.18105 22.9584
      vertex -67.8425 6.30864 23.1794
    endloop
  endfacet
  facet normal 0.875277 0.241811 0.418829
    outer loop
      vertex -67.7015 6.18105 22.9584
      vertex -67.8425 4.57659 24.1794
      vertex -67.7015 4.449 23.9584
    endloop
  endfacet
  facet normal 0.276898 0.48045 0.832163
    outer loop
      vertex -66.3587 3.91359 23.0311
      vertex -66.0786 5.60528 21.9612
      vertex -66.3587 5.64564 22.0311
    endloop
  endfacet
  facet normal 0.276898 0.48045 0.832163
    outer loop
      vertex -66.0786 5.60528 21.9612
      vertex -66.3587 3.91359 23.0311
      vertex -66.0786 3.87323 22.9612
    endloop
  endfacet
  facet normal 0.578622 0.407798 0.706327
    outer loop
      vertex -67.1211 4.12426 23.396
      vertex -66.8833 5.77195 22.2499
      vertex -67.1211 5.85631 22.396
    endloop
  endfacet
  facet normal 0.578622 0.407798 0.706327
    outer loop
      vertex -66.8833 5.77195 22.2499
      vertex -67.1211 4.12426 23.396
      vertex -66.8833 4.0399 23.2499
    endloop
  endfacet
  facet normal 0.666261 0.37286 0.645811
    outer loop
      vertex -67.3385 4.2214 23.5642
      vertex -67.1211 5.85631 22.396
      vertex -67.3385 5.95345 22.5642
    endloop
  endfacet
  facet normal 0.666261 0.37286 0.645811
    outer loop
      vertex -67.1211 5.85631 22.396
      vertex -67.3385 4.2214 23.5642
      vertex -67.1211 4.12426 23.396
    endloop
  endfacet
  facet normal 0.483835 0.43758 0.75791
    outer loop
      vertex -66.8833 4.0399 23.2499
      vertex -66.6281 5.70143 22.1277
      vertex -66.8833 5.77195 22.2499
    endloop
  endfacet
  facet normal 0.483835 0.43758 0.75791
    outer loop
      vertex -66.6281 5.70143 22.1277
      vertex -66.8833 4.0399 23.2499
      vertex -66.6281 3.96938 23.1277
    endloop
  endfacet
  facet normal 0.745643 0.333173 0.577072
    outer loop
      vertex -67.5328 4.3301 23.7525
      vertex -67.3385 5.95345 22.5642
      vertex -67.5328 6.06215 22.7525
    endloop
  endfacet
  facet normal 0.745643 0.333173 0.577072
    outer loop
      vertex -67.3385 5.95345 22.5642
      vertex -67.5328 4.3301 23.7525
      vertex -67.3385 4.2214 23.5642
    endloop
  endfacet
  facet normal -0.998436 0.0279535 0.0484168
    outer loop
      vertex -62.9163 6.72714 23.9043
      vertex -62.9 5.14064 25.1564
      vertex -62.9 6.87269 24.1564
    endloop
  endfacet
  facet normal -0.998436 0.0279529 0.0484161
    outer loop
      vertex -62.9 5.14064 25.1564
      vertex -62.9163 6.72714 23.9043
      vertex -62.9163 4.99508 24.9043
    endloop
  endfacet
  facet normal -0.998436 -0.0279535 -0.0484168
    outer loop
      vertex -62.9 6.87269 24.1564
      vertex -62.9163 5.28619 25.4085
      vertex -62.9163 7.01824 24.4085
    endloop
  endfacet
  facet normal -0.998436 -0.0279535 -0.0484168
    outer loop
      vertex -62.9163 5.28619 25.4085
      vertex -62.9 6.87269 24.1564
      vertex -62.9 5.14064 25.1564
    endloop
  endfacet
  facet normal -0.985834 -0.0838625 -0.145254
    outer loop
      vertex -62.9163 7.01824 24.4085
      vertex -62.9652 5.42992 25.6574
      vertex -62.9652 7.16197 24.6574
    endloop
  endfacet
  facet normal -0.985834 -0.0838625 -0.145254
    outer loop
      vertex -62.9652 5.42992 25.6574
      vertex -62.9163 7.01824 24.4085
      vertex -62.9163 5.28619 25.4085
    endloop
  endfacet
  facet normal -0.0562063 -0.499208 -0.864658
    outer loop
      vertex -65.5 6.44064 27.4081
      vertex -65.2089 8.16452 26.3939
      vertex -65.2089 6.43246 27.3939
    endloop
  endfacet
  facet normal -0.0561892 -0.49921 -0.864657
    outer loop
      vertex -65.2089 8.16452 26.3939
      vertex -65.5 6.44064 27.4081
      vertex -65.5 8.17269 26.4081
    endloop
  endfacet
  facet normal 0.960946 -0.138368 -0.239661
    outer loop
      vertex -67.9541 5.57 25.9001
      vertex -68.0348 7.16197 24.6574
      vertex -67.9541 7.30205 24.9001
    endloop
  endfacet
  facet normal 0.960946 -0.138368 -0.239661
    outer loop
      vertex -68.0348 7.16197 24.6574
      vertex -67.9541 5.57 25.9001
      vertex -68.0348 5.42992 25.6574
    endloop
  endfacet
  facet normal 0.875277 -0.241811 -0.418829
    outer loop
      vertex -67.7015 5.83228 26.3544
      vertex -67.8425 7.43674 25.1334
      vertex -67.7015 7.56433 25.3544
    endloop
  endfacet
  facet normal 0.875277 -0.241811 -0.418829
    outer loop
      vertex -67.8425 7.43674 25.1334
      vertex -67.7015 5.83228 26.3544
      vertex -67.8425 5.70469 26.1334
    endloop
  endfacet
  facet normal -0.167488 -0.492935 -0.853793
    outer loop
      vertex -65.2089 6.43246 27.3939
      vertex -64.9214 8.1401 26.3516
      vertex -64.9214 6.40804 27.3516
    endloop
  endfacet
  facet normal -0.167488 -0.492935 -0.853793
    outer loop
      vertex -64.9214 8.1401 26.3516
      vertex -65.2089 6.43246 27.3939
      vertex -65.2089 8.16452 26.3939
    endloop
  endfacet
  facet normal -0.923861 0.191365 0.331453
    outer loop
      vertex -63.1575 6.30864 23.1794
      vertex -63.0459 4.71128 24.4127
      vertex -63.0459 6.44333 23.4127
    endloop
  endfacet
  facet normal -0.923861 0.191365 0.331453
    outer loop
      vertex -63.0459 4.71128 24.4127
      vertex -63.1575 6.30864 23.1794
      vertex -63.1575 4.57659 24.1794
    endloop
  endfacet
  facet normal -0.960946 0.138368 0.239661
    outer loop
      vertex -63.0459 6.44333 23.4127
      vertex -62.9652 4.85136 24.6554
      vertex -62.9652 6.58341 23.6554
    endloop
  endfacet
  facet normal -0.960946 0.138368 0.239661
    outer loop
      vertex -62.9652 4.85136 24.6554
      vertex -63.0459 6.44333 23.4127
      vertex -63.0459 4.71128 24.4127
    endloop
  endfacet
  facet normal -0.745643 0.333173 0.577072
    outer loop
      vertex -63.6615 5.95345 22.5642
      vertex -63.4672 4.3301 23.7525
      vertex -63.4672 6.06215 22.7525
    endloop
  endfacet
  facet normal -0.745643 0.333173 0.577072
    outer loop
      vertex -63.4672 4.3301 23.7525
      vertex -63.6615 5.95345 22.5642
      vertex -63.6615 4.2214 23.5642
    endloop
  endfacet
  facet normal -0.815566 -0.289331 -0.501139
    outer loop
      vertex -63.2985 7.56433 25.3544
      vertex -63.4672 5.95117 26.5603
      vertex -63.4672 7.68323 25.5603
    endloop
  endfacet
  facet normal -0.81556 -0.289336 -0.501145
    outer loop
      vertex -63.4672 5.95117 26.5603
      vertex -63.2985 7.56433 25.3544
      vertex -63.2985 5.83228 26.3544
    endloop
  endfacet
  facet normal -0.923861 -0.191365 -0.331453
    outer loop
      vertex -63.0459 7.30205 24.9001
      vertex -63.1575 5.70469 26.1334
      vertex -63.1575 7.43674 25.1334
    endloop
  endfacet
  facet normal -0.923861 -0.191365 -0.331453
    outer loop
      vertex -63.1575 5.70469 26.1334
      vertex -63.0459 7.30205 24.9001
      vertex -63.0459 5.57 25.9001
    endloop
  endfacet
  facet normal -0.875277 -0.241811 -0.418829
    outer loop
      vertex -63.1575 7.43674 25.1334
      vertex -63.2985 5.83228 26.3544
      vertex -63.2985 7.56433 25.3544
    endloop
  endfacet
  facet normal -0.875277 -0.241811 -0.418829
    outer loop
      vertex -63.2985 5.83228 26.3544
      vertex -63.1575 7.43674 25.1334
      vertex -63.1575 5.70469 26.1334
    endloop
  endfacet
  facet normal 0.998417 -0.0281244 -0.0487129
    outer loop
      vertex -68.0836 5.28619 25.4085
      vertex -68.1 6.87269 24.1564
      vertex -68.0836 7.01824 24.4085
    endloop
  endfacet
  facet normal 0.998417 -0.0281244 -0.0487129
    outer loop
      vertex -68.1 6.87269 24.1564
      vertex -68.0836 5.28619 25.4085
      vertex -68.1 5.14064 25.1564
    endloop
  endfacet
  facet normal 0.923861 -0.191365 -0.331453
    outer loop
      vertex -67.8425 5.70469 26.1334
      vertex -67.9541 7.30205 24.9001
      vertex -67.8425 7.43674 25.1334
    endloop
  endfacet
  facet normal 0.923861 -0.191365 -0.331453
    outer loop
      vertex -67.9541 7.30205 24.9001
      vertex -67.8425 5.70469 26.1334
      vertex -67.9541 5.57 25.9001
    endloop
  endfacet
  facet normal -5.42948e-05 0.866029 -0.499994
    outer loop
      vertex -65.5 3.84064 22.9047
      vertex -65.5 6.44064 27.4081
      vertex -65.2089 6.43246 27.3939
    endloop
  endfacet
  facet normal -5.9875e-06 0.866025 -0.500001
    outer loop
      vertex -65.2089 3.84881 22.9189
      vertex -65.2089 6.43246 27.3939
      vertex -64.9214 6.40804 27.3516
    endloop
  endfacet
  facet normal 5.42948e-05 0.866029 -0.499994
    outer loop
      vertex -65.5 6.44064 27.4081
      vertex -65.5 3.84064 22.9047
      vertex -65.7911 6.43246 27.3939
    endloop
  endfacet
  facet normal -2.15346e-05 0.866024 -0.500002
    outer loop
      vertex -64.9214 3.87323 22.9612
      vertex -64.9214 6.40804 27.3516
      vertex -64.6413 6.36769 27.2817
    endloop
  endfacet
  facet normal -8.44836e-05 0.866025 -0.500001
    outer loop
      vertex -65.7911 3.84881 22.9189
      vertex -65.7911 6.43246 27.3939
      vertex -65.5 3.84064 22.9047
    endloop
  endfacet
  facet normal 5.66559e-05 0.866024 -0.500002
    outer loop
      vertex -64.6413 3.91359 23.0311
      vertex -64.6413 6.36769 27.2817
      vertex -64.3719 6.3119 27.1851
    endloop
  endfacet
  facet normal 5.9875e-06 0.866025 -0.500001
    outer loop
      vertex -65.7911 6.43246 27.3939
      vertex -65.7911 3.84881 22.9189
      vertex -66.0786 6.40804 27.3516
    endloop
  endfacet
  facet normal -0.000107137 0.866027 -0.499997
    outer loop
      vertex -64.3719 3.96938 23.1277
      vertex -64.3719 6.3119 27.1851
      vertex -64.1167 6.24138 27.0629
    endloop
  endfacet
  facet normal -6.10287e-06 0.866024 -0.500002
    outer loop
      vertex -66.0786 3.87323 22.9612
      vertex -66.0786 6.40804 27.3516
      vertex -65.7911 3.84881 22.9189
    endloop
  endfacet
  facet normal 2.71746e-05 0.866021 -0.500007
    outer loop
      vertex -64.1167 4.0399 23.2499
      vertex -64.1167 6.24138 27.0629
      vertex -63.8789 6.15702 26.9168
    endloop
  endfacet
  facet normal 2.15346e-05 0.866024 -0.500002
    outer loop
      vertex -66.0786 6.40804 27.3516
      vertex -66.0786 3.87323 22.9612
      vertex -66.3587 6.36769 27.2817
    endloop
  endfacet
  facet normal 0.00011346 0.866023 -0.500005
    outer loop
      vertex -63.8789 4.12426 23.396
      vertex -63.8789 6.15702 26.9168
      vertex -63.6615 6.05988 26.7486
    endloop
  endfacet
  facet normal 9.18401e-06 0.866024 -0.500002
    outer loop
      vertex -66.3587 3.91359 23.0311
      vertex -66.3587 6.36769 27.2817
      vertex -66.0786 3.87323 22.9612
    endloop
  endfacet
  facet normal -1.3521e-05 0.866029 -0.499993
    outer loop
      vertex -63.6615 4.2214 23.5642
      vertex -63.6615 6.05988 26.7486
      vertex -63.4672 5.95117 26.5603
    endloop
  endfacet
  facet normal -5.66559e-05 0.866024 -0.500002
    outer loop
      vertex -66.3587 6.36769 27.2817
      vertex -66.3587 3.91359 23.0311
      vertex -66.6281 6.3119 27.1851
    endloop
  endfacet
  facet normal 7.50138e-05 0.866027 -0.499997
    outer loop
      vertex -63.4672 4.3301 23.7525
      vertex -63.4672 5.95117 26.5603
      vertex -63.2985 5.83228 26.3544
    endloop
  endfacet
  facet normal 5.93539e-05 0.866027 -0.499997
    outer loop
      vertex -66.6281 3.96938 23.1277
      vertex -66.6281 6.3119 27.1851
      vertex -66.3587 3.91359 23.0311
    endloop
  endfacet
  facet normal -1.14835e-05 0.86603 -0.499993
    outer loop
      vertex -63.4672 4.3301 23.7525
      vertex -63.2985 5.83228 26.3544
      vertex -63.1575 5.70469 26.1334
    endloop
  endfacet
  facet normal 0.000107137 0.866027 -0.499997
    outer loop
      vertex -66.6281 6.3119 27.1851
      vertex -66.6281 3.96938 23.1277
      vertex -66.8833 6.24138 27.0629
    endloop
  endfacet
  facet normal -2.15917e-05 0.86603 -0.499992
    outer loop
      vertex -63.4672 4.3301 23.7525
      vertex -63.1575 5.70469 26.1334
      vertex -63.0459 5.57 25.9001
    endloop
  endfacet
  facet normal -0.000114003 0.866021 -0.500007
    outer loop
      vertex -66.8833 4.0399 23.2499
      vertex -66.8833 6.24138 27.0629
      vertex -66.6281 3.96938 23.1277
    endloop
  endfacet
  facet normal -0.000276327 0.866052 -0.499954
    outer loop
      vertex -63.4672 4.3301 23.7525
      vertex -63.0459 5.57 25.9001
      vertex -62.9652 5.42992 25.6574
    endloop
  endfacet
  facet normal 8.44836e-05 0.866025 -0.500001
    outer loop
      vertex -65.2089 6.43246 27.3939
      vertex -65.2089 3.84881 22.9189
      vertex -65.5 3.84064 22.9047
    endloop
  endfacet
  facet normal 0.000182966 0.865999 -0.500045
    outer loop
      vertex -63.4672 4.3301 23.7525
      vertex -62.9652 5.42992 25.6574
      vertex -62.9163 5.28619 25.4085
    endloop
  endfacet
  facet normal -2.71746e-05 0.866021 -0.500007
    outer loop
      vertex -66.8833 6.24138 27.0629
      vertex -66.8833 4.0399 23.2499
      vertex -67.1211 6.15702 26.9168
    endloop
  endfacet
  facet normal 2.66791e-06 0.866025 -0.5
    outer loop
      vertex -63.4672 4.3301 23.7525
      vertex -62.9163 5.28619 25.4085
      vertex -62.9 5.14064 25.1564
    endloop
  endfacet
  facet normal 2.94299e-05 0.866023 -0.500005
    outer loop
      vertex -67.1211 4.12426 23.396
      vertex -67.1211 6.15702 26.9168
      vertex -66.8833 4.0399 23.2499
    endloop
  endfacet
  facet normal 0.000104909 0.866008 -0.500031
    outer loop
      vertex -63.4672 4.3301 23.7525
      vertex -62.9 5.14064 25.1564
      vertex -62.9163 4.99508 24.9043
    endloop
  endfacet
  facet normal -0.00011346 0.866023 -0.500005
    outer loop
      vertex -67.1211 6.15702 26.9168
      vertex -67.1211 4.12426 23.396
      vertex -67.3385 6.05988 26.7486
    endloop
  endfacet
  facet normal 0.000248381 0.865978 -0.500082
    outer loop
      vertex -63.4672 4.3301 23.7525
      vertex -62.9163 4.99508 24.9043
      vertex -62.9652 4.85136 24.6554
    endloop
  endfacet
  facet normal 0.000125447 0.866029 -0.499993
    outer loop
      vertex -67.3385 4.2214 23.5642
      vertex -67.3385 6.05988 26.7486
      vertex -67.1211 4.12426 23.396
    endloop
  endfacet
  facet normal -0.000558388 0.866172 -0.499746
    outer loop
      vertex -63.4672 4.3301 23.7525
      vertex -62.9652 4.85136 24.6554
      vertex -63.0459 4.71128 24.4127
    endloop
  endfacet
  facet normal 1.3521e-05 0.866029 -0.499993
    outer loop
      vertex -67.3385 6.05988 26.7486
      vertex -67.3385 4.2214 23.5642
      vertex -67.5328 5.95117 26.5603
    endloop
  endfacet
  facet normal -2.70384e-05 0.86604 -0.499974
    outer loop
      vertex -63.2985 4.449 23.9584
      vertex -63.0459 4.71128 24.4127
      vertex -63.1575 4.57659 24.1794
    endloop
  endfacet
  facet normal -6.28953e-05 0.866027 -0.499997
    outer loop
      vertex -67.5328 4.3301 23.7525
      vertex -67.5328 5.95117 26.5603
      vertex -67.3385 4.2214 23.5642
    endloop
  endfacet
  facet normal -0.000450758 0.866142 -0.499797
    outer loop
      vertex -63.4672 4.3301 23.7525
      vertex -63.0459 4.71128 24.4127
      vertex -63.2985 4.449 23.9584
    endloop
  endfacet
  facet normal 6.10287e-06 0.866024 -0.500002
    outer loop
      vertex -64.9214 6.40804 27.3516
      vertex -64.9214 3.87323 22.9612
      vertex -65.2089 3.84881 22.9189
    endloop
  endfacet
  facet normal 6.28953e-05 0.866027 -0.499997
    outer loop
      vertex -63.4672 5.95117 26.5603
      vertex -63.4672 4.3301 23.7525
      vertex -63.6615 4.2214 23.5642
    endloop
  endfacet
  facet normal 1.14835e-05 0.86603 -0.499993
    outer loop
      vertex -67.7015 5.83228 26.3544
      vertex -67.5328 4.3301 23.7525
      vertex -67.8425 5.70469 26.1334
    endloop
  endfacet
  facet normal -0.000125447 0.866029 -0.499993
    outer loop
      vertex -63.6615 6.05988 26.7486
      vertex -63.6615 4.2214 23.5642
      vertex -63.8789 4.12426 23.396
    endloop
  endfacet
  facet normal -9.18401e-06 0.866024 -0.500002
    outer loop
      vertex -64.6413 6.36769 27.2817
      vertex -64.6413 3.91359 23.0311
      vertex -64.9214 3.87323 22.9612
    endloop
  endfacet
  facet normal -2.94299e-05 0.866023 -0.500005
    outer loop
      vertex -63.8789 6.15702 26.9168
      vertex -63.8789 4.12426 23.396
      vertex -64.1167 4.0399 23.2499
    endloop
  endfacet
  facet normal 0.000114003 0.866021 -0.500007
    outer loop
      vertex -64.1167 6.24138 27.0629
      vertex -64.1167 4.0399 23.2499
      vertex -64.3719 3.96938 23.1277
    endloop
  endfacet
  facet normal -5.93539e-05 0.866027 -0.499997
    outer loop
      vertex -64.3719 6.3119 27.1851
      vertex -64.3719 3.96938 23.1277
      vertex -64.6413 3.91359 23.0311
    endloop
  endfacet
  facet normal -0.000105032 0.866008 -0.500031
    outer loop
      vertex -68.1 5.14064 25.1564
      vertex -67.5328 4.3301 23.7525
      vertex -68.0836 4.99508 24.9043
    endloop
  endfacet
  facet normal 2.15917e-05 0.86603 -0.499992
    outer loop
      vertex -67.8425 5.70469 26.1334
      vertex -67.5328 4.3301 23.7525
      vertex -67.9541 5.57 25.9001
    endloop
  endfacet
  facet normal -0.000248104 0.865978 -0.500082
    outer loop
      vertex -68.0836 4.99508 24.9043
      vertex -67.5328 4.3301 23.7525
      vertex -68.0348 4.85136 24.6554
    endloop
  endfacet
  facet normal -2.66566e-06 0.866025 -0.5
    outer loop
      vertex -68.0836 5.28619 25.4085
      vertex -67.5328 4.3301 23.7525
      vertex -68.1 5.14064 25.1564
    endloop
  endfacet
  facet normal 0.000558388 0.866172 -0.499746
    outer loop
      vertex -68.0348 4.85136 24.6554
      vertex -67.5328 4.3301 23.7525
      vertex -67.9541 4.71128 24.4127
    endloop
  endfacet
  facet normal 0.000450758 0.866142 -0.499797
    outer loop
      vertex -67.9541 4.71128 24.4127
      vertex -67.5328 4.3301 23.7525
      vertex -67.7015 4.449 23.9584
    endloop
  endfacet
  facet normal 2.70384e-05 0.86604 -0.499974
    outer loop
      vertex -67.9541 4.71128 24.4127
      vertex -67.7015 4.449 23.9584
      vertex -67.8425 4.57659 24.1794
    endloop
  endfacet
  facet normal -0.000183126 0.865999 -0.500045
    outer loop
      vertex -68.0348 5.42992 25.6574
      vertex -67.5328 4.3301 23.7525
      vertex -68.0836 5.28619 25.4085
    endloop
  endfacet
  facet normal 0.000276327 0.866052 -0.499954
    outer loop
      vertex -67.9541 5.57 25.9001
      vertex -67.5328 4.3301 23.7525
      vertex -68.0348 5.42992 25.6574
    endloop
  endfacet
  facet normal -7.50138e-05 0.866027 -0.499997
    outer loop
      vertex -67.5328 5.95117 26.5603
      vertex -67.5328 4.3301 23.7525
      vertex -67.7015 5.83228 26.3544
    endloop
  endfacet
  facet normal -0.382578 -0.461962 -0.800141
    outer loop
      vertex -64.6413 6.36769 27.2817
      vertex -64.3719 8.04395 26.1851
      vertex -64.3719 6.3119 27.1851
    endloop
  endfacet
  facet normal -0.382578 -0.461962 -0.800141
    outer loop
      vertex -64.3719 8.04395 26.1851
      vertex -64.6413 6.36769 27.2817
      vertex -64.6413 8.09974 26.2817
    endloop
  endfacet
  facet normal -0.276882 -0.480452 -0.832167
    outer loop
      vertex -64.9214 6.40804 27.3516
      vertex -64.6413 8.09974 26.2817
      vertex -64.6413 6.36769 27.2817
    endloop
  endfacet
  facet normal -0.276898 -0.480448 -0.832164
    outer loop
      vertex -64.6413 8.09974 26.2817
      vertex -64.9214 6.40804 27.3516
      vertex -64.9214 8.1401 26.3516
    endloop
  endfacet
  facet normal -0.666261 -0.37286 -0.645811
    outer loop
      vertex -63.6615 7.79193 25.7486
      vertex -63.8789 6.15702 26.9168
      vertex -63.8789 7.88907 25.9168
    endloop
  endfacet
  facet normal -0.666261 -0.37286 -0.645811
    outer loop
      vertex -63.8789 6.15702 26.9168
      vertex -63.6615 7.79193 25.7486
      vertex -63.6615 6.05988 26.7486
    endloop
  endfacet
  facet normal -0.960946 -0.138368 -0.239661
    outer loop
      vertex -62.9652 7.16197 24.6574
      vertex -63.0459 5.57 25.9001
      vertex -63.0459 7.30205 24.9001
    endloop
  endfacet
  facet normal -0.960946 -0.138368 -0.239661
    outer loop
      vertex -63.0459 5.57 25.9001
      vertex -62.9652 7.16197 24.6574
      vertex -62.9652 5.42992 25.6574
    endloop
  endfacet
  facet normal 0.167488 -0.492935 -0.853793
    outer loop
      vertex -66.0786 8.1401 26.3516
      vertex -65.7911 6.43246 27.3939
      vertex -66.0786 6.40804 27.3516
    endloop
  endfacet
  facet normal 0.167488 -0.492935 -0.853793
    outer loop
      vertex -65.7911 6.43246 27.3939
      vertex -66.0786 8.1401 26.3516
      vertex -65.7911 8.16452 26.3939
    endloop
  endfacet
  facet normal 0.745643 -0.333173 -0.577072
    outer loop
      vertex -67.3385 6.05988 26.7486
      vertex -67.5328 7.68323 25.5603
      vertex -67.3385 7.79193 25.7486
    endloop
  endfacet
  facet normal 0.745651 -0.333167 -0.577065
    outer loop
      vertex -67.5328 7.68323 25.5603
      vertex -67.3385 6.05988 26.7486
      vertex -67.5328 5.95117 26.5603
    endloop
  endfacet
  facet normal 0.666261 -0.37286 -0.645811
    outer loop
      vertex -67.1211 6.15702 26.9168
      vertex -67.3385 7.79193 25.7486
      vertex -67.1211 7.88907 25.9168
    endloop
  endfacet
  facet normal 0.666261 -0.37286 -0.645811
    outer loop
      vertex -67.3385 7.79193 25.7486
      vertex -67.1211 6.15702 26.9168
      vertex -67.3385 6.05988 26.7486
    endloop
  endfacet
  facet normal 0.985891 -0.0836958 -0.144965
    outer loop
      vertex -68.0348 5.42992 25.6574
      vertex -68.0836 7.01824 24.4085
      vertex -68.0348 7.16197 24.6574
    endloop
  endfacet
  facet normal 0.985891 -0.0836958 -0.144965
    outer loop
      vertex -68.0836 7.01824 24.4085
      vertex -68.0348 5.42992 25.6574
      vertex -68.0836 5.28619 25.4085
    endloop
  endfacet
  facet normal -0.745643 -0.333173 -0.577072
    outer loop
      vertex -63.4672 7.68323 25.5603
      vertex -63.6615 6.05988 26.7486
      vertex -63.6615 7.79193 25.7486
    endloop
  endfacet
  facet normal -0.745651 -0.333167 -0.577065
    outer loop
      vertex -63.6615 6.05988 26.7486
      vertex -63.4672 7.68323 25.5603
      vertex -63.4672 5.95117 26.5603
    endloop
  endfacet
  facet normal -0.578622 -0.407798 -0.706327
    outer loop
      vertex -64.1167 6.24138 27.0629
      vertex -63.8789 7.88907 25.9168
      vertex -63.8789 6.15702 26.9168
    endloop
  endfacet
  facet normal -0.578622 -0.407798 -0.706327
    outer loop
      vertex -63.8789 7.88907 25.9168
      vertex -64.1167 6.24138 27.0629
      vertex -64.1167 7.97343 26.0629
    endloop
  endfacet
  facet normal -0.483835 -0.43758 -0.75791
    outer loop
      vertex -64.3719 6.3119 27.1851
      vertex -64.1167 7.97343 26.0629
      vertex -64.1167 6.24138 27.0629
    endloop
  endfacet
  facet normal -0.483835 -0.43758 -0.75791
    outer loop
      vertex -64.1167 7.97343 26.0629
      vertex -64.3719 6.3119 27.1851
      vertex -64.3719 8.04395 26.1851
    endloop
  endfacet
  facet normal 0.382578 -0.461962 -0.800141
    outer loop
      vertex -66.6281 8.04395 26.1851
      vertex -66.3587 6.36769 27.2817
      vertex -66.6281 6.3119 27.1851
    endloop
  endfacet
  facet normal 0.382578 -0.461962 -0.800141
    outer loop
      vertex -66.3587 6.36769 27.2817
      vertex -66.6281 8.04395 26.1851
      vertex -66.3587 8.09974 26.2817
    endloop
  endfacet
  facet normal 0.0562063 -0.499208 -0.864658
    outer loop
      vertex -65.7911 8.16452 26.3939
      vertex -65.5 6.44064 27.4081
      vertex -65.7911 6.43246 27.3939
    endloop
  endfacet
  facet normal 0.0561892 -0.49921 -0.864657
    outer loop
      vertex -65.5 6.44064 27.4081
      vertex -65.7911 8.16452 26.3939
      vertex -65.5 8.17269 26.4081
    endloop
  endfacet
  facet normal 0.815566 -0.289331 -0.501139
    outer loop
      vertex -67.5328 5.95117 26.5603
      vertex -67.7015 7.56433 25.3544
      vertex -67.5328 7.68323 25.5603
    endloop
  endfacet
  facet normal 0.81556 -0.289336 -0.501145
    outer loop
      vertex -67.7015 7.56433 25.3544
      vertex -67.5328 5.95117 26.5603
      vertex -67.7015 5.83228 26.3544
    endloop
  endfacet
  facet normal 0.483835 -0.43758 -0.75791
    outer loop
      vertex -66.8833 7.97343 26.0629
      vertex -66.6281 6.3119 27.1851
      vertex -66.8833 6.24138 27.0629
    endloop
  endfacet
  facet normal 0.483835 -0.43758 -0.75791
    outer loop
      vertex -66.6281 6.3119 27.1851
      vertex -66.8833 7.97343 26.0629
      vertex -66.6281 8.04395 26.1851
    endloop
  endfacet
  facet normal 0.578622 -0.407798 -0.706327
    outer loop
      vertex -67.1211 7.88907 25.9168
      vertex -66.8833 6.24138 27.0629
      vertex -67.1211 6.15702 26.9168
    endloop
  endfacet
  facet normal 0.578622 -0.407798 -0.706327
    outer loop
      vertex -66.8833 6.24138 27.0629
      vertex -67.1211 7.88907 25.9168
      vertex -66.8833 7.97343 26.0629
    endloop
  endfacet
  facet normal 0.276882 -0.480452 -0.832167
    outer loop
      vertex -66.3587 8.09974 26.2817
      vertex -66.0786 6.40804 27.3516
      vertex -66.3587 6.36769 27.2817
    endloop
  endfacet
  facet normal 0.276898 -0.480448 -0.832164
    outer loop
      vertex -66.0786 6.40804 27.3516
      vertex -66.3587 8.09974 26.2817
      vertex -66.0786 8.1401 26.3516
    endloop
  endfacet
  facet normal -0.998436 0.0279535 0.0484168
    outer loop
      vertex -44.4163 6.72714 23.9043
      vertex -44.4 5.14064 25.1564
      vertex -44.4 6.87269 24.1564
    endloop
  endfacet
  facet normal -0.998436 0.0279529 0.0484161
    outer loop
      vertex -44.4 5.14064 25.1564
      vertex -44.4163 6.72714 23.9043
      vertex -44.4163 4.99508 24.9043
    endloop
  endfacet
  facet normal 0.998436 0.0279535 0.0484168
    outer loop
      vertex -49.6 5.14064 25.1564
      vertex -49.5837 6.72714 23.9043
      vertex -49.6 6.87269 24.1564
    endloop
  endfacet
  facet normal 0.998436 0.0279529 0.0484161
    outer loop
      vertex -49.5837 6.72714 23.9043
      vertex -49.6 5.14064 25.1564
      vertex -49.5837 4.99508 24.9043
    endloop
  endfacet
  facet normal 0.0561892 0.49921 0.864657
    outer loop
      vertex -47.2911 3.84881 22.9189
      vertex -47 5.57269 21.9047
      vertex -47.2911 5.58086 21.9189
    endloop
  endfacet
  facet normal 0.0561892 0.49921 0.864657
    outer loop
      vertex -47 5.57269 21.9047
      vertex -47.2911 3.84881 22.9189
      vertex -47 3.84064 22.9047
    endloop
  endfacet
  facet normal -0.666261 0.37286 0.645811
    outer loop
      vertex -45.3789 5.85631 22.396
      vertex -45.1615 4.2214 23.5642
      vertex -45.1615 5.95345 22.5642
    endloop
  endfacet
  facet normal -0.666261 0.37286 0.645811
    outer loop
      vertex -45.1615 4.2214 23.5642
      vertex -45.3789 5.85631 22.396
      vertex -45.3789 4.12426 23.396
    endloop
  endfacet
  facet normal 0.745643 0.333173 0.577072
    outer loop
      vertex -49.0328 4.3301 23.7525
      vertex -48.8385 5.95345 22.5642
      vertex -49.0328 6.06215 22.7525
    endloop
  endfacet
  facet normal 0.745643 0.333173 0.577072
    outer loop
      vertex -48.8385 5.95345 22.5642
      vertex -49.0328 4.3301 23.7525
      vertex -48.8385 4.2214 23.5642
    endloop
  endfacet
  facet normal 0.382578 0.461962 0.800141
    outer loop
      vertex -48.1281 3.96938 23.1277
      vertex -47.8587 5.64564 22.0311
      vertex -48.1281 5.70143 22.1277
    endloop
  endfacet
  facet normal 0.382578 0.461962 0.800141
    outer loop
      vertex -47.8587 5.64564 22.0311
      vertex -48.1281 3.96938 23.1277
      vertex -47.8587 3.91359 23.0311
    endloop
  endfacet
  facet normal -0.923861 0.191365 0.331453
    outer loop
      vertex -44.6575 6.30864 23.1794
      vertex -44.5459 4.71128 24.4127
      vertex -44.5459 6.44333 23.4127
    endloop
  endfacet
  facet normal -0.923861 0.191365 0.331453
    outer loop
      vertex -44.5459 4.71128 24.4127
      vertex -44.6575 6.30864 23.1794
      vertex -44.6575 4.57659 24.1794
    endloop
  endfacet
  facet normal -0.985834 0.0838621 0.145254
    outer loop
      vertex -44.4652 6.58341 23.6554
      vertex -44.4163 4.99508 24.9043
      vertex -44.4163 6.72714 23.9043
    endloop
  endfacet
  facet normal -0.985833 0.0838639 0.145256
    outer loop
      vertex -44.4163 4.99508 24.9043
      vertex -44.4652 6.58341 23.6554
      vertex -44.4652 4.85136 24.6554
    endloop
  endfacet
  facet normal -0.276898 0.48045 0.832163
    outer loop
      vertex -46.4214 5.60528 21.9612
      vertex -46.1413 3.91359 23.0311
      vertex -46.1413 5.64564 22.0311
    endloop
  endfacet
  facet normal -0.276898 0.48045 0.832163
    outer loop
      vertex -46.1413 3.91359 23.0311
      vertex -46.4214 5.60528 21.9612
      vertex -46.4214 3.87323 22.9612
    endloop
  endfacet
  facet normal -0.167488 0.492937 0.853792
    outer loop
      vertex -46.7089 5.58086 21.9189
      vertex -46.4214 3.87323 22.9612
      vertex -46.4214 5.60528 21.9612
    endloop
  endfacet
  facet normal -0.167488 0.492937 0.853792
    outer loop
      vertex -46.4214 3.87323 22.9612
      vertex -46.7089 5.58086 21.9189
      vertex -46.7089 3.84881 22.9189
    endloop
  endfacet
  facet normal 0.923861 0.191365 0.331453
    outer loop
      vertex -49.4541 4.71128 24.4127
      vertex -49.3425 6.30864 23.1794
      vertex -49.4541 6.44333 23.4127
    endloop
  endfacet
  facet normal 0.923861 0.191365 0.331453
    outer loop
      vertex -49.3425 6.30864 23.1794
      vertex -49.4541 4.71128 24.4127
      vertex -49.3425 4.57659 24.1794
    endloop
  endfacet
  facet normal 0.875277 0.241811 0.418829
    outer loop
      vertex -49.3425 4.57659 24.1794
      vertex -49.2015 6.18105 22.9584
      vertex -49.3425 6.30864 23.1794
    endloop
  endfacet
  facet normal 0.875277 0.241811 0.418829
    outer loop
      vertex -49.2015 6.18105 22.9584
      vertex -49.3425 4.57659 24.1794
      vertex -49.2015 4.449 23.9584
    endloop
  endfacet
  facet normal 0.985834 0.0838621 0.145254
    outer loop
      vertex -49.5837 4.99508 24.9043
      vertex -49.5348 6.58341 23.6554
      vertex -49.5837 6.72714 23.9043
    endloop
  endfacet
  facet normal 0.985833 0.0838639 0.145256
    outer loop
      vertex -49.5348 6.58341 23.6554
      vertex -49.5837 4.99508 24.9043
      vertex -49.5348 4.85136 24.6554
    endloop
  endfacet
  facet normal 0.167488 0.492937 0.853792
    outer loop
      vertex -47.5786 3.87323 22.9612
      vertex -47.2911 5.58086 21.9189
      vertex -47.5786 5.60528 21.9612
    endloop
  endfacet
  facet normal 0.167488 0.492937 0.853792
    outer loop
      vertex -47.2911 5.58086 21.9189
      vertex -47.5786 3.87323 22.9612
      vertex -47.2911 3.84881 22.9189
    endloop
  endfacet
  facet normal 0.0562063 -0.499208 -0.864658
    outer loop
      vertex -47.2911 8.16452 26.3939
      vertex -47 6.44064 27.4081
      vertex -47.2911 6.43246 27.3939
    endloop
  endfacet
  facet normal 0.0561892 -0.49921 -0.864657
    outer loop
      vertex -47 6.44064 27.4081
      vertex -47.2911 8.16452 26.3939
      vertex -47 8.17269 26.4081
    endloop
  endfacet
  facet normal -0.167488 -0.492935 -0.853793
    outer loop
      vertex -46.7089 6.43246 27.3939
      vertex -46.4214 8.1401 26.3516
      vertex -46.4214 6.40804 27.3516
    endloop
  endfacet
  facet normal -0.167488 -0.492935 -0.853793
    outer loop
      vertex -46.4214 8.1401 26.3516
      vertex -46.7089 6.43246 27.3939
      vertex -46.7089 8.16452 26.3939
    endloop
  endfacet
  facet normal -0.960946 0.138368 0.239661
    outer loop
      vertex -44.5459 6.44333 23.4127
      vertex -44.4652 4.85136 24.6554
      vertex -44.4652 6.58341 23.6554
    endloop
  endfacet
  facet normal -0.960946 0.138368 0.239661
    outer loop
      vertex -44.4652 4.85136 24.6554
      vertex -44.5459 6.44333 23.4127
      vertex -44.5459 4.71128 24.4127
    endloop
  endfacet
  facet normal -0.815566 0.289332 0.501138
    outer loop
      vertex -44.9672 6.06215 22.7525
      vertex -44.7985 4.449 23.9584
      vertex -44.7985 6.18105 22.9584
    endloop
  endfacet
  facet normal -0.815566 0.289332 0.501138
    outer loop
      vertex -44.7985 4.449 23.9584
      vertex -44.9672 6.06215 22.7525
      vertex -44.9672 4.3301 23.7525
    endloop
  endfacet
  facet normal -0.745643 0.333173 0.577072
    outer loop
      vertex -45.1615 5.95345 22.5642
      vertex -44.9672 4.3301 23.7525
      vertex -44.9672 6.06215 22.7525
    endloop
  endfacet
  facet normal -0.745643 0.333173 0.577072
    outer loop
      vertex -44.9672 4.3301 23.7525
      vertex -45.1615 5.95345 22.5642
      vertex -45.1615 4.2214 23.5642
    endloop
  endfacet
  facet normal -0.875277 0.241811 0.418829
    outer loop
      vertex -44.7985 6.18105 22.9584
      vertex -44.6575 4.57659 24.1794
      vertex -44.6575 6.30864 23.1794
    endloop
  endfacet
  facet normal -0.875277 0.241811 0.418829
    outer loop
      vertex -44.6575 4.57659 24.1794
      vertex -44.7985 6.18105 22.9584
      vertex -44.7985 4.449 23.9584
    endloop
  endfacet
  facet normal -0.578622 0.407798 0.706327
    outer loop
      vertex -45.6167 5.77195 22.2499
      vertex -45.3789 4.12426 23.396
      vertex -45.3789 5.85631 22.396
    endloop
  endfacet
  facet normal -0.578622 0.407798 0.706327
    outer loop
      vertex -45.3789 4.12426 23.396
      vertex -45.6167 5.77195 22.2499
      vertex -45.6167 4.0399 23.2499
    endloop
  endfacet
  facet normal -0.483835 0.43758 0.75791
    outer loop
      vertex -45.8719 5.70143 22.1277
      vertex -45.6167 4.0399 23.2499
      vertex -45.6167 5.77195 22.2499
    endloop
  endfacet
  facet normal -0.483835 0.43758 0.75791
    outer loop
      vertex -45.6167 4.0399 23.2499
      vertex -45.8719 5.70143 22.1277
      vertex -45.8719 3.96938 23.1277
    endloop
  endfacet
  facet normal 0.960946 0.138368 0.239661
    outer loop
      vertex -49.5348 4.85136 24.6554
      vertex -49.4541 6.44333 23.4127
      vertex -49.5348 6.58341 23.6554
    endloop
  endfacet
  facet normal 0.960946 0.138368 0.239661
    outer loop
      vertex -49.4541 6.44333 23.4127
      vertex -49.5348 4.85136 24.6554
      vertex -49.4541 4.71128 24.4127
    endloop
  endfacet
  facet normal -8.4045e-05 -0.866029 0.499994
    outer loop
      vertex -47 5.57269 21.9047
      vertex -47 8.17269 26.4081
      vertex -47.2911 8.16452 26.3939
    endloop
  endfacet
  facet normal -6.27223e-06 -0.866024 0.500003
    outer loop
      vertex -47.2911 5.58086 21.9189
      vertex -47.2911 8.16452 26.3939
      vertex -47.5786 8.1401 26.3516
    endloop
  endfacet
  facet normal 8.4045e-05 -0.866029 0.499994
    outer loop
      vertex -47 8.17269 26.4081
      vertex -47 5.57269 21.9047
      vertex -46.7089 8.16452 26.3939
    endloop
  endfacet
  facet normal 8.89157e-06 -0.866024 0.500003
    outer loop
      vertex -47.5786 5.60528 21.9612
      vertex -47.5786 8.1401 26.3516
      vertex -47.8587 8.09974 26.2817
    endloop
  endfacet
  facet normal -8.45779e-05 -0.866024 0.500003
    outer loop
      vertex -46.7089 5.58086 21.9189
      vertex -46.7089 8.16452 26.3939
      vertex -47 5.57269 21.9047
    endloop
  endfacet
  facet normal 5.66559e-05 -0.866024 0.500002
    outer loop
      vertex -47.8587 5.64564 22.0311
      vertex -47.8587 8.09974 26.2817
      vertex -48.1281 8.04395 26.1851
    endloop
  endfacet
  facet normal 6.27223e-06 -0.866024 0.500003
    outer loop
      vertex -46.7089 8.16452 26.3939
      vertex -46.7089 5.58086 21.9189
      vertex -46.4214 8.1401 26.3516
    endloop
  endfacet
  facet normal -0.000107137 -0.866027 0.499997
    outer loop
      vertex -48.1281 5.70143 22.1277
      vertex -48.1281 8.04395 26.1851
      vertex -48.3833 7.97343 26.0629
    endloop
  endfacet
  facet normal -6.39309e-06 -0.866024 0.500003
    outer loop
      vertex -46.4214 5.60528 21.9612
      vertex -46.4214 8.1401 26.3516
      vertex -46.7089 5.58086 21.9189
    endloop
  endfacet
  facet normal 2.71746e-05 -0.866021 0.500007
    outer loop
      vertex -48.3833 5.77195 22.2499
      vertex -48.3833 7.97343 26.0629
      vertex -48.6211 7.88907 25.9168
    endloop
  endfacet
  facet normal -8.89157e-06 -0.866024 0.500003
    outer loop
      vertex -46.4214 8.1401 26.3516
      vertex -46.4214 5.60528 21.9612
      vertex -46.1413 8.09974 26.2817
    endloop
  endfacet
  facet normal 0.00011346 -0.866023 0.500005
    outer loop
      vertex -48.6211 5.85631 22.396
      vertex -48.6211 7.88907 25.9168
      vertex -48.8385 7.79193 25.7486
    endloop
  endfacet
  facet normal 9.18401e-06 -0.866024 0.500002
    outer loop
      vertex -46.1413 5.64564 22.0311
      vertex -46.1413 8.09974 26.2817
      vertex -46.4214 5.60528 21.9612
    endloop
  endfacet
  facet normal -5.80928e-05 -0.866029 0.499993
    outer loop
      vertex -48.8385 5.95345 22.5642
      vertex -48.8385 7.79193 25.7486
      vertex -49.0328 7.68323 25.5603
    endloop
  endfacet
  facet normal -5.66559e-05 -0.866024 0.500002
    outer loop
      vertex -46.1413 8.09974 26.2817
      vertex -46.1413 5.64564 22.0311
      vertex -45.8719 8.04395 26.1851
    endloop
  endfacet
  facet normal 0.000122584 -0.866026 0.499999
    outer loop
      vertex -49.0328 6.06215 22.7525
      vertex -49.0328 7.68323 25.5603
      vertex -49.2015 7.56433 25.3544
    endloop
  endfacet
  facet normal 5.93539e-05 -0.866027 0.499997
    outer loop
      vertex -45.8719 5.70143 22.1277
      vertex -45.8719 8.04395 26.1851
      vertex -46.1413 5.64564 22.0311
    endloop
  endfacet
  facet normal -1.14835e-05 -0.86603 0.499993
    outer loop
      vertex -49.0328 6.06215 22.7525
      vertex -49.2015 7.56433 25.3544
      vertex -49.3425 7.43674 25.1334
    endloop
  endfacet
  facet normal 0.000107137 -0.866027 0.499997
    outer loop
      vertex -45.8719 8.04395 26.1851
      vertex -45.8719 5.70143 22.1277
      vertex -45.6167 7.97343 26.0629
    endloop
  endfacet
  facet normal -2.15917e-05 -0.86603 0.499992
    outer loop
      vertex -49.0328 6.06215 22.7525
      vertex -49.3425 7.43674 25.1334
      vertex -49.4541 7.30205 24.9001
    endloop
  endfacet
  facet normal -0.000114003 -0.866021 0.500007
    outer loop
      vertex -45.6167 5.77195 22.2499
      vertex -45.6167 7.97343 26.0629
      vertex -45.8719 5.70143 22.1277
    endloop
  endfacet
  facet normal -0.000276327 -0.866052 0.499954
    outer loop
      vertex -49.0328 6.06215 22.7525
      vertex -49.4541 7.30205 24.9001
      vertex -49.5348 7.16197 24.6574
    endloop
  endfacet
  facet normal 8.45779e-05 -0.866024 0.500003
    outer loop
      vertex -47.2911 8.16452 26.3939
      vertex -47.2911 5.58086 21.9189
      vertex -47 5.57269 21.9047
    endloop
  endfacet
  facet normal 0.000182966 -0.865999 0.500045
    outer loop
      vertex -49.0328 6.06215 22.7525
      vertex -49.5348 7.16197 24.6574
      vertex -49.5837 7.01824 24.4085
    endloop
  endfacet
  facet normal -2.71746e-05 -0.866021 0.500007
    outer loop
      vertex -45.6167 7.97343 26.0629
      vertex -45.6167 5.77195 22.2499
      vertex -45.3789 7.88907 25.9168
    endloop
  endfacet
  facet normal 2.66791e-06 -0.866025 0.5
    outer loop
      vertex -49.0328 6.06215 22.7525
      vertex -49.5837 7.01824 24.4085
      vertex -49.6 6.87269 24.1564
    endloop
  endfacet
  facet normal 2.94299e-05 -0.866023 0.500005
    outer loop
      vertex -45.3789 5.85631 22.396
      vertex -45.3789 7.88907 25.9168
      vertex -45.6167 5.77195 22.2499
    endloop
  endfacet
  facet normal 3.68452e-06 -0.866025 0.5
    outer loop
      vertex -49.0328 6.06215 22.7525
      vertex -49.6 6.87269 24.1564
      vertex -49.5837 6.72714 23.9043
    endloop
  endfacet
  facet normal -0.00011346 -0.866023 0.500005
    outer loop
      vertex -45.3789 7.88907 25.9168
      vertex -45.3789 5.85631 22.396
      vertex -45.1615 7.79193 25.7486
    endloop
  endfacet
  facet normal 0.000345145 -0.865955 0.500123
    outer loop
      vertex -49.0328 6.06215 22.7525
      vertex -49.5837 6.72714 23.9043
      vertex -49.5348 6.58341 23.6554
    endloop
  endfacet
  facet normal 0.000125447 -0.866029 0.499993
    outer loop
      vertex -45.1615 5.95345 22.5642
      vertex -45.1615 7.79193 25.7486
      vertex -45.3789 5.85631 22.396
    endloop
  endfacet
  facet normal -0.000558388 -0.866172 0.499746
    outer loop
      vertex -49.0328 6.06215 22.7525
      vertex -49.5348 6.58341 23.6554
      vertex -49.4541 6.44333 23.4127
    endloop
  endfacet
  facet normal 5.80928e-05 -0.866029 0.499993
    outer loop
      vertex -45.1615 7.79193 25.7486
      vertex -45.1615 5.95345 22.5642
      vertex -44.9672 7.68323 25.5603
    endloop
  endfacet
  facet normal -2.70384e-05 -0.86604 0.499974
    outer loop
      vertex -49.2015 6.18105 22.9584
      vertex -49.4541 6.44333 23.4127
      vertex -49.3425 6.30864 23.1794
    endloop
  endfacet
  facet normal -6.58843e-05 -0.866026 0.499999
    outer loop
      vertex -44.9672 6.06215 22.7525
      vertex -44.9672 7.68323 25.5603
      vertex -45.1615 5.95345 22.5642
    endloop
  endfacet
  facet normal -0.000450758 -0.866142 0.499797
    outer loop
      vertex -49.0328 6.06215 22.7525
      vertex -49.4541 6.44333 23.4127
      vertex -49.2015 6.18105 22.9584
    endloop
  endfacet
  facet normal 6.39309e-06 -0.866024 0.500003
    outer loop
      vertex -47.5786 8.1401 26.3516
      vertex -47.5786 5.60528 21.9612
      vertex -47.2911 5.58086 21.9189
    endloop
  endfacet
  facet normal 6.58843e-05 -0.866026 0.499999
    outer loop
      vertex -49.0328 7.68323 25.5603
      vertex -49.0328 6.06215 22.7525
      vertex -48.8385 5.95345 22.5642
    endloop
  endfacet
  facet normal 1.14835e-05 -0.86603 0.499993
    outer loop
      vertex -44.7985 7.56433 25.3544
      vertex -44.9672 6.06215 22.7525
      vertex -44.6575 7.43674 25.1334
    endloop
  endfacet
  facet normal -0.000125447 -0.866029 0.499993
    outer loop
      vertex -48.8385 7.79193 25.7486
      vertex -48.8385 5.95345 22.5642
      vertex -48.6211 5.85631 22.396
    endloop
  endfacet
  facet normal -9.18401e-06 -0.866024 0.500002
    outer loop
      vertex -47.8587 8.09974 26.2817
      vertex -47.8587 5.64564 22.0311
      vertex -47.5786 5.60528 21.9612
    endloop
  endfacet
  facet normal -2.94299e-05 -0.866023 0.500005
    outer loop
      vertex -48.6211 7.88907 25.9168
      vertex -48.6211 5.85631 22.396
      vertex -48.3833 5.77195 22.2499
    endloop
  endfacet
  facet normal 0.000114003 -0.866021 0.500007
    outer loop
      vertex -48.3833 7.97343 26.0629
      vertex -48.3833 5.77195 22.2499
      vertex -48.1281 5.70143 22.1277
    endloop
  endfacet
  facet normal -5.93539e-05 -0.866027 0.499997
    outer loop
      vertex -48.1281 8.04395 26.1851
      vertex -48.1281 5.70143 22.1277
      vertex -47.8587 5.64564 22.0311
    endloop
  endfacet
  facet normal -3.68452e-06 -0.866025 0.5
    outer loop
      vertex -44.4 6.87269 24.1564
      vertex -44.9672 6.06215 22.7525
      vertex -44.4163 6.72714 23.9043
    endloop
  endfacet
  facet normal 2.15917e-05 -0.86603 0.499992
    outer loop
      vertex -44.6575 7.43674 25.1334
      vertex -44.9672 6.06215 22.7525
      vertex -44.5459 7.30205 24.9001
    endloop
  endfacet
  facet normal -0.000345145 -0.865955 0.500123
    outer loop
      vertex -44.4163 6.72714 23.9043
      vertex -44.9672 6.06215 22.7525
      vertex -44.4652 6.58341 23.6554
    endloop
  endfacet
  facet normal -2.66791e-06 -0.866025 0.5
    outer loop
      vertex -44.4163 7.01824 24.4085
      vertex -44.9672 6.06215 22.7525
      vertex -44.4 6.87269 24.1564
    endloop
  endfacet
  facet normal 0.000558388 -0.866172 0.499746
    outer loop
      vertex -44.4652 6.58341 23.6554
      vertex -44.9672 6.06215 22.7525
      vertex -44.5459 6.44333 23.4127
    endloop
  endfacet
  facet normal 0.000450758 -0.866142 0.499797
    outer loop
      vertex -44.5459 6.44333 23.4127
      vertex -44.9672 6.06215 22.7525
      vertex -44.7985 6.18105 22.9584
    endloop
  endfacet
  facet normal 2.70384e-05 -0.86604 0.499974
    outer loop
      vertex -44.5459 6.44333 23.4127
      vertex -44.7985 6.18105 22.9584
      vertex -44.6575 6.30864 23.1794
    endloop
  endfacet
  facet normal -0.000182966 -0.865999 0.500045
    outer loop
      vertex -44.4652 7.16197 24.6574
      vertex -44.9672 6.06215 22.7525
      vertex -44.4163 7.01824 24.4085
    endloop
  endfacet
  facet normal 0.000276327 -0.866052 0.499954
    outer loop
      vertex -44.5459 7.30205 24.9001
      vertex -44.9672 6.06215 22.7525
      vertex -44.4652 7.16197 24.6574
    endloop
  endfacet
  facet normal -0.000122584 -0.866026 0.499999
    outer loop
      vertex -44.9672 7.68323 25.5603
      vertex -44.9672 6.06215 22.7525
      vertex -44.7985 7.56433 25.3544
    endloop
  endfacet
  facet normal 0.578622 0.407798 0.706327
    outer loop
      vertex -48.6211 4.12426 23.396
      vertex -48.3833 5.77195 22.2499
      vertex -48.6211 5.85631 22.396
    endloop
  endfacet
  facet normal 0.578622 0.407798 0.706327
    outer loop
      vertex -48.3833 5.77195 22.2499
      vertex -48.6211 4.12426 23.396
      vertex -48.3833 4.0399 23.2499
    endloop
  endfacet
  facet normal -0.998436 -0.0279535 -0.0484168
    outer loop
      vertex -44.4 6.87269 24.1564
      vertex -44.4163 5.28619 25.4085
      vertex -44.4163 7.01824 24.4085
    endloop
  endfacet
  facet normal -0.998436 -0.0279535 -0.0484168
    outer loop
      vertex -44.4163 5.28619 25.4085
      vertex -44.4 6.87269 24.1564
      vertex -44.4 5.14064 25.1564
    endloop
  endfacet
  facet normal -0.985834 -0.0838625 -0.145254
    outer loop
      vertex -44.4163 7.01824 24.4085
      vertex -44.4652 5.42992 25.6574
      vertex -44.4652 7.16197 24.6574
    endloop
  endfacet
  facet normal -0.985834 -0.0838625 -0.145254
    outer loop
      vertex -44.4652 5.42992 25.6574
      vertex -44.4163 7.01824 24.4085
      vertex -44.4163 5.28619 25.4085
    endloop
  endfacet
  facet normal 0.923861 -0.191365 -0.331453
    outer loop
      vertex -49.3425 5.70469 26.1334
      vertex -49.4541 7.30205 24.9001
      vertex -49.3425 7.43674 25.1334
    endloop
  endfacet
  facet normal 0.923861 -0.191365 -0.331453
    outer loop
      vertex -49.4541 7.30205 24.9001
      vertex -49.3425 5.70469 26.1334
      vertex -49.4541 5.57 25.9001
    endloop
  endfacet
  facet normal -0.382578 -0.461962 -0.800141
    outer loop
      vertex -46.1413 6.36769 27.2817
      vertex -45.8719 8.04395 26.1851
      vertex -45.8719 6.3119 27.1851
    endloop
  endfacet
  facet normal -0.382578 -0.461962 -0.800141
    outer loop
      vertex -45.8719 8.04395 26.1851
      vertex -46.1413 6.36769 27.2817
      vertex -46.1413 8.09974 26.2817
    endloop
  endfacet
  facet normal -0.276882 -0.480452 -0.832167
    outer loop
      vertex -46.4214 6.40804 27.3516
      vertex -46.1413 8.09974 26.2817
      vertex -46.1413 6.36769 27.2817
    endloop
  endfacet
  facet normal -0.276898 -0.480448 -0.832164
    outer loop
      vertex -46.1413 8.09974 26.2817
      vertex -46.4214 6.40804 27.3516
      vertex -46.4214 8.1401 26.3516
    endloop
  endfacet
  facet normal -0.0561892 0.49921 0.864657
    outer loop
      vertex -47 5.57269 21.9047
      vertex -46.7089 3.84881 22.9189
      vertex -46.7089 5.58086 21.9189
    endloop
  endfacet
  facet normal -0.0561892 0.49921 0.864657
    outer loop
      vertex -46.7089 3.84881 22.9189
      vertex -47 5.57269 21.9047
      vertex -47 3.84064 22.9047
    endloop
  endfacet
  facet normal -0.382578 0.461962 0.800141
    outer loop
      vertex -46.1413 5.64564 22.0311
      vertex -45.8719 3.96938 23.1277
      vertex -45.8719 5.70143 22.1277
    endloop
  endfacet
  facet normal -0.382578 0.461962 0.800141
    outer loop
      vertex -45.8719 3.96938 23.1277
      vertex -46.1413 5.64564 22.0311
      vertex -46.1413 3.91359 23.0311
    endloop
  endfacet
  facet normal 0.815566 0.289332 0.501138
    outer loop
      vertex -49.2015 4.449 23.9584
      vertex -49.0328 6.06215 22.7525
      vertex -49.2015 6.18105 22.9584
    endloop
  endfacet
  facet normal 0.815566 0.289332 0.501138
    outer loop
      vertex -49.0328 6.06215 22.7525
      vertex -49.2015 4.449 23.9584
      vertex -49.0328 4.3301 23.7525
    endloop
  endfacet
  facet normal 0.666261 0.37286 0.645811
    outer loop
      vertex -48.8385 4.2214 23.5642
      vertex -48.6211 5.85631 22.396
      vertex -48.8385 5.95345 22.5642
    endloop
  endfacet
  facet normal 0.666261 0.37286 0.645811
    outer loop
      vertex -48.6211 5.85631 22.396
      vertex -48.8385 4.2214 23.5642
      vertex -48.6211 4.12426 23.396
    endloop
  endfacet
  facet normal 0.483835 0.43758 0.75791
    outer loop
      vertex -48.3833 4.0399 23.2499
      vertex -48.1281 5.70143 22.1277
      vertex -48.3833 5.77195 22.2499
    endloop
  endfacet
  facet normal 0.483835 0.43758 0.75791
    outer loop
      vertex -48.1281 5.70143 22.1277
      vertex -48.3833 4.0399 23.2499
      vertex -48.1281 3.96938 23.1277
    endloop
  endfacet
  facet normal 0.276898 0.48045 0.832163
    outer loop
      vertex -47.8587 3.91359 23.0311
      vertex -47.5786 5.60528 21.9612
      vertex -47.8587 5.64564 22.0311
    endloop
  endfacet
  facet normal 0.276898 0.48045 0.832163
    outer loop
      vertex -47.5786 5.60528 21.9612
      vertex -47.8587 3.91359 23.0311
      vertex -47.5786 3.87323 22.9612
    endloop
  endfacet
  facet normal -0.666261 -0.37286 -0.645811
    outer loop
      vertex -45.1615 7.79193 25.7486
      vertex -45.3789 6.15702 26.9168
      vertex -45.3789 7.88907 25.9168
    endloop
  endfacet
  facet normal -0.666261 -0.37286 -0.645811
    outer loop
      vertex -45.3789 6.15702 26.9168
      vertex -45.1615 7.79193 25.7486
      vertex -45.1615 6.05988 26.7486
    endloop
  endfacet
  facet normal -0.923861 -0.191365 -0.331453
    outer loop
      vertex -44.5459 7.30205 24.9001
      vertex -44.6575 5.70469 26.1334
      vertex -44.6575 7.43674 25.1334
    endloop
  endfacet
  facet normal -0.923861 -0.191365 -0.331453
    outer loop
      vertex -44.6575 5.70469 26.1334
      vertex -44.5459 7.30205 24.9001
      vertex -44.5459 5.57 25.9001
    endloop
  endfacet
  facet normal -0.815566 -0.289331 -0.501139
    outer loop
      vertex -44.7985 7.56433 25.3544
      vertex -44.9672 5.95117 26.5603
      vertex -44.9672 7.68323 25.5603
    endloop
  endfacet
  facet normal -0.81556 -0.289336 -0.501145
    outer loop
      vertex -44.9672 5.95117 26.5603
      vertex -44.7985 7.56433 25.3544
      vertex -44.7985 5.83228 26.3544
    endloop
  endfacet
  facet normal 0.745643 -0.333173 -0.577072
    outer loop
      vertex -48.8385 6.05988 26.7486
      vertex -49.0328 7.68323 25.5603
      vertex -48.8385 7.79193 25.7486
    endloop
  endfacet
  facet normal 0.745651 -0.333167 -0.577065
    outer loop
      vertex -49.0328 7.68323 25.5603
      vertex -48.8385 6.05988 26.7486
      vertex -49.0328 5.95117 26.5603
    endloop
  endfacet
  facet normal 0.960946 -0.138368 -0.239661
    outer loop
      vertex -49.4541 5.57 25.9001
      vertex -49.5348 7.16197 24.6574
      vertex -49.4541 7.30205 24.9001
    endloop
  endfacet
  facet normal 0.960946 -0.138368 -0.239661
    outer loop
      vertex -49.5348 7.16197 24.6574
      vertex -49.4541 5.57 25.9001
      vertex -49.5348 5.42992 25.6574
    endloop
  endfacet
  facet normal 0.998436 -0.0279535 -0.0484168
    outer loop
      vertex -49.5837 5.28619 25.4085
      vertex -49.6 6.87269 24.1564
      vertex -49.5837 7.01824 24.4085
    endloop
  endfacet
  facet normal 0.998436 -0.0279535 -0.0484168
    outer loop
      vertex -49.6 6.87269 24.1564
      vertex -49.5837 5.28619 25.4085
      vertex -49.6 5.14064 25.1564
    endloop
  endfacet
  facet normal -0.483835 -0.43758 -0.75791
    outer loop
      vertex -45.8719 6.3119 27.1851
      vertex -45.6167 7.97343 26.0629
      vertex -45.6167 6.24138 27.0629
    endloop
  endfacet
  facet normal -0.483835 -0.43758 -0.75791
    outer loop
      vertex -45.6167 7.97343 26.0629
      vertex -45.8719 6.3119 27.1851
      vertex -45.8719 8.04395 26.1851
    endloop
  endfacet
  facet normal -0.960946 -0.138368 -0.239661
    outer loop
      vertex -44.4652 7.16197 24.6574
      vertex -44.5459 5.57 25.9001
      vertex -44.5459 7.30205 24.9001
    endloop
  endfacet
  facet normal -0.960946 -0.138368 -0.239661
    outer loop
      vertex -44.5459 5.57 25.9001
      vertex -44.4652 7.16197 24.6574
      vertex -44.4652 5.42992 25.6574
    endloop
  endfacet
  facet normal -0.875277 -0.241811 -0.418829
    outer loop
      vertex -44.6575 7.43674 25.1334
      vertex -44.7985 5.83228 26.3544
      vertex -44.7985 7.56433 25.3544
    endloop
  endfacet
  facet normal -0.875277 -0.241811 -0.418829
    outer loop
      vertex -44.7985 5.83228 26.3544
      vertex -44.6575 7.43674 25.1334
      vertex -44.6575 5.70469 26.1334
    endloop
  endfacet
  facet normal -0.0562063 -0.499208 -0.864658
    outer loop
      vertex -47 6.44064 27.4081
      vertex -46.7089 8.16452 26.3939
      vertex -46.7089 6.43246 27.3939
    endloop
  endfacet
  facet normal -0.0561892 -0.49921 -0.864657
    outer loop
      vertex -46.7089 8.16452 26.3939
      vertex -47 6.44064 27.4081
      vertex -47 8.17269 26.4081
    endloop
  endfacet
  facet normal 0.167488 -0.492935 -0.853793
    outer loop
      vertex -47.5786 8.1401 26.3516
      vertex -47.2911 6.43246 27.3939
      vertex -47.5786 6.40804 27.3516
    endloop
  endfacet
  facet normal 0.167488 -0.492935 -0.853793
    outer loop
      vertex -47.2911 6.43246 27.3939
      vertex -47.5786 8.1401 26.3516
      vertex -47.2911 8.16452 26.3939
    endloop
  endfacet
  facet normal 0.578622 -0.407798 -0.706327
    outer loop
      vertex -48.6211 7.88907 25.9168
      vertex -48.3833 6.24138 27.0629
      vertex -48.6211 6.15702 26.9168
    endloop
  endfacet
  facet normal 0.578622 -0.407798 -0.706327
    outer loop
      vertex -48.3833 6.24138 27.0629
      vertex -48.6211 7.88907 25.9168
      vertex -48.3833 7.97343 26.0629
    endloop
  endfacet
  facet normal 0.666261 -0.37286 -0.645811
    outer loop
      vertex -48.6211 6.15702 26.9168
      vertex -48.8385 7.79193 25.7486
      vertex -48.6211 7.88907 25.9168
    endloop
  endfacet
  facet normal 0.666261 -0.37286 -0.645811
    outer loop
      vertex -48.8385 7.79193 25.7486
      vertex -48.6211 6.15702 26.9168
      vertex -48.8385 6.05988 26.7486
    endloop
  endfacet
  facet normal 0.875277 -0.241811 -0.418829
    outer loop
      vertex -49.2015 5.83228 26.3544
      vertex -49.3425 7.43674 25.1334
      vertex -49.2015 7.56433 25.3544
    endloop
  endfacet
  facet normal 0.875277 -0.241811 -0.418829
    outer loop
      vertex -49.3425 7.43674 25.1334
      vertex -49.2015 5.83228 26.3544
      vertex -49.3425 5.70469 26.1334
    endloop
  endfacet
  facet normal -5.42948e-05 0.866029 -0.499994
    outer loop
      vertex -47 3.84064 22.9047
      vertex -47 6.44064 27.4081
      vertex -46.7089 6.43246 27.3939
    endloop
  endfacet
  facet normal -5.9875e-06 0.866025 -0.500001
    outer loop
      vertex -46.7089 3.84881 22.9189
      vertex -46.7089 6.43246 27.3939
      vertex -46.4214 6.40804 27.3516
    endloop
  endfacet
  facet normal 5.42948e-05 0.866029 -0.499994
    outer loop
      vertex -47 6.44064 27.4081
      vertex -47 3.84064 22.9047
      vertex -47.2911 6.43246 27.3939
    endloop
  endfacet
  facet normal -2.15346e-05 0.866024 -0.500002
    outer loop
      vertex -46.4214 3.87323 22.9612
      vertex -46.4214 6.40804 27.3516
      vertex -46.1413 6.36769 27.2817
    endloop
  endfacet
  facet normal -8.44836e-05 0.866025 -0.500001
    outer loop
      vertex -47.2911 3.84881 22.9189
      vertex -47.2911 6.43246 27.3939
      vertex -47 3.84064 22.9047
    endloop
  endfacet
  facet normal 5.66559e-05 0.866024 -0.500002
    outer loop
      vertex -46.1413 3.91359 23.0311
      vertex -46.1413 6.36769 27.2817
      vertex -45.8719 6.3119 27.1851
    endloop
  endfacet
  facet normal 5.9875e-06 0.866025 -0.500001
    outer loop
      vertex -47.2911 6.43246 27.3939
      vertex -47.2911 3.84881 22.9189
      vertex -47.5786 6.40804 27.3516
    endloop
  endfacet
  facet normal -0.000107137 0.866027 -0.499997
    outer loop
      vertex -45.8719 3.96938 23.1277
      vertex -45.8719 6.3119 27.1851
      vertex -45.6167 6.24138 27.0629
    endloop
  endfacet
  facet normal -6.10287e-06 0.866024 -0.500002
    outer loop
      vertex -47.5786 3.87323 22.9612
      vertex -47.5786 6.40804 27.3516
      vertex -47.2911 3.84881 22.9189
    endloop
  endfacet
  facet normal 2.71746e-05 0.866021 -0.500007
    outer loop
      vertex -45.6167 4.0399 23.2499
      vertex -45.6167 6.24138 27.0629
      vertex -45.3789 6.15702 26.9168
    endloop
  endfacet
  facet normal 2.15346e-05 0.866024 -0.500002
    outer loop
      vertex -47.5786 6.40804 27.3516
      vertex -47.5786 3.87323 22.9612
      vertex -47.8587 6.36769 27.2817
    endloop
  endfacet
  facet normal 0.00011346 0.866023 -0.500005
    outer loop
      vertex -45.3789 4.12426 23.396
      vertex -45.3789 6.15702 26.9168
      vertex -45.1615 6.05988 26.7486
    endloop
  endfacet
  facet normal 9.18401e-06 0.866024 -0.500002
    outer loop
      vertex -47.8587 3.91359 23.0311
      vertex -47.8587 6.36769 27.2817
      vertex -47.5786 3.87323 22.9612
    endloop
  endfacet
  facet normal -1.3521e-05 0.866029 -0.499993
    outer loop
      vertex -45.1615 4.2214 23.5642
      vertex -45.1615 6.05988 26.7486
      vertex -44.9672 5.95117 26.5603
    endloop
  endfacet
  facet normal -5.66559e-05 0.866024 -0.500002
    outer loop
      vertex -47.8587 6.36769 27.2817
      vertex -47.8587 3.91359 23.0311
      vertex -48.1281 6.3119 27.1851
    endloop
  endfacet
  facet normal 7.50138e-05 0.866027 -0.499997
    outer loop
      vertex -44.9672 4.3301 23.7525
      vertex -44.9672 5.95117 26.5603
      vertex -44.7985 5.83228 26.3544
    endloop
  endfacet
  facet normal 5.93539e-05 0.866027 -0.499997
    outer loop
      vertex -48.1281 3.96938 23.1277
      vertex -48.1281 6.3119 27.1851
      vertex -47.8587 3.91359 23.0311
    endloop
  endfacet
  facet normal -1.14835e-05 0.86603 -0.499993
    outer loop
      vertex -44.9672 4.3301 23.7525
      vertex -44.7985 5.83228 26.3544
      vertex -44.6575 5.70469 26.1334
    endloop
  endfacet
  facet normal 0.000107137 0.866027 -0.499997
    outer loop
      vertex -48.1281 6.3119 27.1851
      vertex -48.1281 3.96938 23.1277
      vertex -48.3833 6.24138 27.0629
    endloop
  endfacet
  facet normal -2.15917e-05 0.86603 -0.499992
    outer loop
      vertex -44.9672 4.3301 23.7525
      vertex -44.6575 5.70469 26.1334
      vertex -44.5459 5.57 25.9001
    endloop
  endfacet
  facet normal -0.000114003 0.866021 -0.500007
    outer loop
      vertex -48.3833 4.0399 23.2499
      vertex -48.3833 6.24138 27.0629
      vertex -48.1281 3.96938 23.1277
    endloop
  endfacet
  facet normal -0.000276327 0.866052 -0.499954
    outer loop
      vertex -44.9672 4.3301 23.7525
      vertex -44.5459 5.57 25.9001
      vertex -44.4652 5.42992 25.6574
    endloop
  endfacet
  facet normal 8.44836e-05 0.866025 -0.500001
    outer loop
      vertex -46.7089 6.43246 27.3939
      vertex -46.7089 3.84881 22.9189
      vertex -47 3.84064 22.9047
    endloop
  endfacet
  facet normal 0.000182966 0.865999 -0.500045
    outer loop
      vertex -44.9672 4.3301 23.7525
      vertex -44.4652 5.42992 25.6574
      vertex -44.4163 5.28619 25.4085
    endloop
  endfacet
  facet normal -2.71746e-05 0.866021 -0.500007
    outer loop
      vertex -48.3833 6.24138 27.0629
      vertex -48.3833 4.0399 23.2499
      vertex -48.6211 6.15702 26.9168
    endloop
  endfacet
  facet normal 2.66791e-06 0.866025 -0.5
    outer loop
      vertex -44.9672 4.3301 23.7525
      vertex -44.4163 5.28619 25.4085
      vertex -44.4 5.14064 25.1564
    endloop
  endfacet
  facet normal 2.94299e-05 0.866023 -0.500005
    outer loop
      vertex -48.6211 4.12426 23.396
      vertex -48.6211 6.15702 26.9168
      vertex -48.3833 4.0399 23.2499
    endloop
  endfacet
  facet normal 0.000104909 0.866008 -0.500031
    outer loop
      vertex -44.9672 4.3301 23.7525
      vertex -44.4 5.14064 25.1564
      vertex -44.4163 4.99508 24.9043
    endloop
  endfacet
  facet normal -0.00011346 0.866023 -0.500005
    outer loop
      vertex -48.6211 6.15702 26.9168
      vertex -48.6211 4.12426 23.396
      vertex -48.8385 6.05988 26.7486
    endloop
  endfacet
  facet normal 0.000248381 0.865978 -0.500082
    outer loop
      vertex -44.9672 4.3301 23.7525
      vertex -44.4163 4.99508 24.9043
      vertex -44.4652 4.85136 24.6554
    endloop
  endfacet
  facet normal 0.000125447 0.866029 -0.499993
    outer loop
      vertex -48.8385 4.2214 23.5642
      vertex -48.8385 6.05988 26.7486
      vertex -48.6211 4.12426 23.396
    endloop
  endfacet
  facet normal -0.000558388 0.866172 -0.499746
    outer loop
      vertex -44.9672 4.3301 23.7525
      vertex -44.4652 4.85136 24.6554
      vertex -44.5459 4.71128 24.4127
    endloop
  endfacet
  facet normal 1.3521e-05 0.866029 -0.499993
    outer loop
      vertex -48.8385 6.05988 26.7486
      vertex -48.8385 4.2214 23.5642
      vertex -49.0328 5.95117 26.5603
    endloop
  endfacet
  facet normal -2.70384e-05 0.86604 -0.499974
    outer loop
      vertex -44.7985 4.449 23.9584
      vertex -44.5459 4.71128 24.4127
      vertex -44.6575 4.57659 24.1794
    endloop
  endfacet
  facet normal -6.28953e-05 0.866027 -0.499997
    outer loop
      vertex -49.0328 4.3301 23.7525
      vertex -49.0328 5.95117 26.5603
      vertex -48.8385 4.2214 23.5642
    endloop
  endfacet
  facet normal -0.000450758 0.866142 -0.499797
    outer loop
      vertex -44.9672 4.3301 23.7525
      vertex -44.5459 4.71128 24.4127
      vertex -44.7985 4.449 23.9584
    endloop
  endfacet
  facet normal 6.10287e-06 0.866024 -0.500002
    outer loop
      vertex -46.4214 6.40804 27.3516
      vertex -46.4214 3.87323 22.9612
      vertex -46.7089 3.84881 22.9189
    endloop
  endfacet
  facet normal 6.28953e-05 0.866027 -0.499997
    outer loop
      vertex -44.9672 5.95117 26.5603
      vertex -44.9672 4.3301 23.7525
      vertex -45.1615 4.2214 23.5642
    endloop
  endfacet
  facet normal 1.14835e-05 0.86603 -0.499993
    outer loop
      vertex -49.2015 5.83228 26.3544
      vertex -49.0328 4.3301 23.7525
      vertex -49.3425 5.70469 26.1334
    endloop
  endfacet
  facet normal -0.000125447 0.866029 -0.499993
    outer loop
      vertex -45.1615 6.05988 26.7486
      vertex -45.1615 4.2214 23.5642
      vertex -45.3789 4.12426 23.396
    endloop
  endfacet
  facet normal -9.18401e-06 0.866024 -0.500002
    outer loop
      vertex -46.1413 6.36769 27.2817
      vertex -46.1413 3.91359 23.0311
      vertex -46.4214 3.87323 22.9612
    endloop
  endfacet
  facet normal -2.94299e-05 0.866023 -0.500005
    outer loop
      vertex -45.3789 6.15702 26.9168
      vertex -45.3789 4.12426 23.396
      vertex -45.6167 4.0399 23.2499
    endloop
  endfacet
  facet normal 0.000114003 0.866021 -0.500007
    outer loop
      vertex -45.6167 6.24138 27.0629
      vertex -45.6167 4.0399 23.2499
      vertex -45.8719 3.96938 23.1277
    endloop
  endfacet
  facet normal -5.93539e-05 0.866027 -0.499997
    outer loop
      vertex -45.8719 6.3119 27.1851
      vertex -45.8719 3.96938 23.1277
      vertex -46.1413 3.91359 23.0311
    endloop
  endfacet
  facet normal -0.000104909 0.866008 -0.500031
    outer loop
      vertex -49.6 5.14064 25.1564
      vertex -49.0328 4.3301 23.7525
      vertex -49.5837 4.99508 24.9043
    endloop
  endfacet
  facet normal 2.15917e-05 0.86603 -0.499992
    outer loop
      vertex -49.3425 5.70469 26.1334
      vertex -49.0328 4.3301 23.7525
      vertex -49.4541 5.57 25.9001
    endloop
  endfacet
  facet normal -0.000248381 0.865978 -0.500082
    outer loop
      vertex -49.5837 4.99508 24.9043
      vertex -49.0328 4.3301 23.7525
      vertex -49.5348 4.85136 24.6554
    endloop
  endfacet
  facet normal -2.66791e-06 0.866025 -0.5
    outer loop
      vertex -49.5837 5.28619 25.4085
      vertex -49.0328 4.3301 23.7525
      vertex -49.6 5.14064 25.1564
    endloop
  endfacet
  facet normal 0.000558388 0.866172 -0.499746
    outer loop
      vertex -49.5348 4.85136 24.6554
      vertex -49.0328 4.3301 23.7525
      vertex -49.4541 4.71128 24.4127
    endloop
  endfacet
  facet normal 0.000450758 0.866142 -0.499797
    outer loop
      vertex -49.4541 4.71128 24.4127
      vertex -49.0328 4.3301 23.7525
      vertex -49.2015 4.449 23.9584
    endloop
  endfacet
  facet normal 2.70384e-05 0.86604 -0.499974
    outer loop
      vertex -49.4541 4.71128 24.4127
      vertex -49.2015 4.449 23.9584
      vertex -49.3425 4.57659 24.1794
    endloop
  endfacet
  facet normal -0.000182966 0.865999 -0.500045
    outer loop
      vertex -49.5348 5.42992 25.6574
      vertex -49.0328 4.3301 23.7525
      vertex -49.5837 5.28619 25.4085
    endloop
  endfacet
  facet normal 0.000276327 0.866052 -0.499954
    outer loop
      vertex -49.4541 5.57 25.9001
      vertex -49.0328 4.3301 23.7525
      vertex -49.5348 5.42992 25.6574
    endloop
  endfacet
  facet normal -7.50138e-05 0.866027 -0.499997
    outer loop
      vertex -49.0328 5.95117 26.5603
      vertex -49.0328 4.3301 23.7525
      vertex -49.2015 5.83228 26.3544
    endloop
  endfacet
  facet normal 0.985834 -0.0838625 -0.145254
    outer loop
      vertex -49.5348 5.42992 25.6574
      vertex -49.5837 7.01824 24.4085
      vertex -49.5348 7.16197 24.6574
    endloop
  endfacet
  facet normal 0.985834 -0.0838625 -0.145254
    outer loop
      vertex -49.5837 7.01824 24.4085
      vertex -49.5348 5.42992 25.6574
      vertex -49.5837 5.28619 25.4085
    endloop
  endfacet
  facet normal -0.578622 -0.407798 -0.706327
    outer loop
      vertex -45.6167 6.24138 27.0629
      vertex -45.3789 7.88907 25.9168
      vertex -45.3789 6.15702 26.9168
    endloop
  endfacet
  facet normal -0.578622 -0.407798 -0.706327
    outer loop
      vertex -45.3789 7.88907 25.9168
      vertex -45.6167 6.24138 27.0629
      vertex -45.6167 7.97343 26.0629
    endloop
  endfacet
  facet normal -0.745643 -0.333173 -0.577072
    outer loop
      vertex -44.9672 7.68323 25.5603
      vertex -45.1615 6.05988 26.7486
      vertex -45.1615 7.79193 25.7486
    endloop
  endfacet
  facet normal -0.745651 -0.333167 -0.577065
    outer loop
      vertex -45.1615 6.05988 26.7486
      vertex -44.9672 7.68323 25.5603
      vertex -44.9672 5.95117 26.5603
    endloop
  endfacet
  facet normal 0.483835 -0.43758 -0.75791
    outer loop
      vertex -48.3833 7.97343 26.0629
      vertex -48.1281 6.3119 27.1851
      vertex -48.3833 6.24138 27.0629
    endloop
  endfacet
  facet normal 0.483835 -0.43758 -0.75791
    outer loop
      vertex -48.1281 6.3119 27.1851
      vertex -48.3833 7.97343 26.0629
      vertex -48.1281 8.04395 26.1851
    endloop
  endfacet
  facet normal 0.382578 -0.461962 -0.800141
    outer loop
      vertex -48.1281 8.04395 26.1851
      vertex -47.8587 6.36769 27.2817
      vertex -48.1281 6.3119 27.1851
    endloop
  endfacet
  facet normal 0.382578 -0.461962 -0.800141
    outer loop
      vertex -47.8587 6.36769 27.2817
      vertex -48.1281 8.04395 26.1851
      vertex -47.8587 8.09974 26.2817
    endloop
  endfacet
  facet normal 0.815566 -0.289331 -0.501139
    outer loop
      vertex -49.0328 5.95117 26.5603
      vertex -49.2015 7.56433 25.3544
      vertex -49.0328 7.68323 25.5603
    endloop
  endfacet
  facet normal 0.81556 -0.289336 -0.501145
    outer loop
      vertex -49.2015 7.56433 25.3544
      vertex -49.0328 5.95117 26.5603
      vertex -49.2015 5.83228 26.3544
    endloop
  endfacet
  facet normal 0.276882 -0.480452 -0.832167
    outer loop
      vertex -47.8587 8.09974 26.2817
      vertex -47.5786 6.40804 27.3516
      vertex -47.8587 6.36769 27.2817
    endloop
  endfacet
  facet normal 0.276898 -0.480448 -0.832164
    outer loop
      vertex -47.5786 6.40804 27.3516
      vertex -47.8587 8.09974 26.2817
      vertex -47.5786 8.1401 26.3516
    endloop
  endfacet
  facet normal -0.998436 0.0279535 0.0484168
    outer loop
      vertex 16.5837 6.72714 23.9043
      vertex 16.6 5.14064 25.1564
      vertex 16.6 6.87269 24.1564
    endloop
  endfacet
  facet normal -0.998436 0.0279529 0.0484161
    outer loop
      vertex 16.6 5.14064 25.1564
      vertex 16.5837 6.72714 23.9043
      vertex 16.5837 4.99508 24.9043
    endloop
  endfacet
  facet normal 0.998436 0.0279535 0.0484168
    outer loop
      vertex 11.4 5.14064 25.1564
      vertex 11.4163 6.72714 23.9043
      vertex 11.4 6.87269 24.1564
    endloop
  endfacet
  facet normal 0.998436 0.0279529 0.0484161
    outer loop
      vertex 11.4163 6.72714 23.9043
      vertex 11.4 5.14064 25.1564
      vertex 11.4163 4.99508 24.9043
    endloop
  endfacet
  facet normal 0.0561892 0.49921 0.864657
    outer loop
      vertex 13.7089 3.84881 22.9189
      vertex 14 5.57269 21.9047
      vertex 13.7089 5.58086 21.9189
    endloop
  endfacet
  facet normal 0.0561892 0.49921 0.864657
    outer loop
      vertex 14 5.57269 21.9047
      vertex 13.7089 3.84881 22.9189
      vertex 14 3.84064 22.9047
    endloop
  endfacet
  facet normal -0.666261 0.37286 0.645811
    outer loop
      vertex 15.6211 5.85631 22.396
      vertex 15.8385 4.2214 23.5642
      vertex 15.8385 5.95345 22.5642
    endloop
  endfacet
  facet normal -0.666261 0.37286 0.645811
    outer loop
      vertex 15.8385 4.2214 23.5642
      vertex 15.6211 5.85631 22.396
      vertex 15.6211 4.12426 23.396
    endloop
  endfacet
  facet normal 0.745643 0.333173 0.577072
    outer loop
      vertex 11.9672 4.3301 23.7525
      vertex 12.1615 5.95345 22.5642
      vertex 11.9672 6.06215 22.7525
    endloop
  endfacet
  facet normal 0.745643 0.333173 0.577072
    outer loop
      vertex 12.1615 5.95345 22.5642
      vertex 11.9672 4.3301 23.7525
      vertex 12.1615 4.2214 23.5642
    endloop
  endfacet
  facet normal 0.382578 0.461962 0.800141
    outer loop
      vertex 12.8719 3.96938 23.1277
      vertex 13.1413 5.64564 22.0311
      vertex 12.8719 5.70143 22.1277
    endloop
  endfacet
  facet normal 0.382578 0.461962 0.800141
    outer loop
      vertex 13.1413 5.64564 22.0311
      vertex 12.8719 3.96938 23.1277
      vertex 13.1413 3.91359 23.0311
    endloop
  endfacet
  facet normal -0.923861 0.191365 0.331453
    outer loop
      vertex 16.3425 6.30864 23.1794
      vertex 16.4541 4.71128 24.4127
      vertex 16.4541 6.44333 23.4127
    endloop
  endfacet
  facet normal -0.923861 0.191365 0.331453
    outer loop
      vertex 16.4541 4.71128 24.4127
      vertex 16.3425 6.30864 23.1794
      vertex 16.3425 4.57659 24.1794
    endloop
  endfacet
  facet normal -0.985834 0.0838621 0.145254
    outer loop
      vertex 16.5348 6.58341 23.6554
      vertex 16.5837 4.99508 24.9043
      vertex 16.5837 6.72714 23.9043
    endloop
  endfacet
  facet normal -0.985833 0.0838639 0.145256
    outer loop
      vertex 16.5837 4.99508 24.9043
      vertex 16.5348 6.58341 23.6554
      vertex 16.5348 4.85136 24.6554
    endloop
  endfacet
  facet normal -0.276898 0.48045 0.832163
    outer loop
      vertex 14.5786 5.60528 21.9612
      vertex 14.8587 3.91359 23.0311
      vertex 14.8587 5.64564 22.0311
    endloop
  endfacet
  facet normal -0.276898 0.48045 0.832163
    outer loop
      vertex 14.8587 3.91359 23.0311
      vertex 14.5786 5.60528 21.9612
      vertex 14.5786 3.87323 22.9612
    endloop
  endfacet
  facet normal -0.167488 0.492937 0.853792
    outer loop
      vertex 14.2911 5.58086 21.9189
      vertex 14.5786 3.87323 22.9612
      vertex 14.5786 5.60528 21.9612
    endloop
  endfacet
  facet normal -0.167488 0.492937 0.853792
    outer loop
      vertex 14.5786 3.87323 22.9612
      vertex 14.2911 5.58086 21.9189
      vertex 14.2911 3.84881 22.9189
    endloop
  endfacet
  facet normal 0.923861 0.191365 0.331453
    outer loop
      vertex 11.5459 4.71128 24.4127
      vertex 11.6575 6.30864 23.1794
      vertex 11.5459 6.44333 23.4127
    endloop
  endfacet
  facet normal 0.923861 0.191365 0.331453
    outer loop
      vertex 11.6575 6.30864 23.1794
      vertex 11.5459 4.71128 24.4127
      vertex 11.6575 4.57659 24.1794
    endloop
  endfacet
  facet normal 0.875277 0.241811 0.418829
    outer loop
      vertex 11.6575 4.57659 24.1794
      vertex 11.7985 6.18105 22.9584
      vertex 11.6575 6.30864 23.1794
    endloop
  endfacet
  facet normal 0.875277 0.241811 0.418829
    outer loop
      vertex 11.7985 6.18105 22.9584
      vertex 11.6575 4.57659 24.1794
      vertex 11.7985 4.449 23.9584
    endloop
  endfacet
  facet normal 0.985834 0.0838621 0.145254
    outer loop
      vertex 11.4163 4.99508 24.9043
      vertex 11.4652 6.58341 23.6554
      vertex 11.4163 6.72714 23.9043
    endloop
  endfacet
  facet normal 0.985833 0.0838639 0.145256
    outer loop
      vertex 11.4652 6.58341 23.6554
      vertex 11.4163 4.99508 24.9043
      vertex 11.4652 4.85136 24.6554
    endloop
  endfacet
  facet normal 0.167488 0.492937 0.853792
    outer loop
      vertex 13.4214 3.87323 22.9612
      vertex 13.7089 5.58086 21.9189
      vertex 13.4214 5.60528 21.9612
    endloop
  endfacet
  facet normal 0.167488 0.492937 0.853792
    outer loop
      vertex 13.7089 5.58086 21.9189
      vertex 13.4214 3.87323 22.9612
      vertex 13.7089 3.84881 22.9189
    endloop
  endfacet
  facet normal -0.167488 -0.492935 -0.853793
    outer loop
      vertex 14.2911 6.43246 27.3939
      vertex 14.5786 8.1401 26.3516
      vertex 14.5786 6.40804 27.3516
    endloop
  endfacet
  facet normal -0.167488 -0.492935 -0.853793
    outer loop
      vertex 14.5786 8.1401 26.3516
      vertex 14.2911 6.43246 27.3939
      vertex 14.2911 8.16452 26.3939
    endloop
  endfacet
  facet normal -0.960946 0.138368 0.239661
    outer loop
      vertex 16.4541 6.44333 23.4127
      vertex 16.5348 4.85136 24.6554
      vertex 16.5348 6.58341 23.6554
    endloop
  endfacet
  facet normal -0.960946 0.138368 0.239661
    outer loop
      vertex 16.5348 4.85136 24.6554
      vertex 16.4541 6.44333 23.4127
      vertex 16.4541 4.71128 24.4127
    endloop
  endfacet
  facet normal -0.815566 0.289332 0.501138
    outer loop
      vertex 16.0328 6.06215 22.7525
      vertex 16.2015 4.449 23.9584
      vertex 16.2015 6.18105 22.9584
    endloop
  endfacet
  facet normal -0.815566 0.289332 0.501138
    outer loop
      vertex 16.2015 4.449 23.9584
      vertex 16.0328 6.06215 22.7525
      vertex 16.0328 4.3301 23.7525
    endloop
  endfacet
  facet normal -0.745643 0.333173 0.577072
    outer loop
      vertex 15.8385 5.95345 22.5642
      vertex 16.0328 4.3301 23.7525
      vertex 16.0328 6.06215 22.7525
    endloop
  endfacet
  facet normal -0.745643 0.333173 0.577072
    outer loop
      vertex 16.0328 4.3301 23.7525
      vertex 15.8385 5.95345 22.5642
      vertex 15.8385 4.2214 23.5642
    endloop
  endfacet
  facet normal -0.875277 0.241811 0.418829
    outer loop
      vertex 16.2015 6.18105 22.9584
      vertex 16.3425 4.57659 24.1794
      vertex 16.3425 6.30864 23.1794
    endloop
  endfacet
  facet normal -0.875277 0.241811 0.418829
    outer loop
      vertex 16.3425 4.57659 24.1794
      vertex 16.2015 6.18105 22.9584
      vertex 16.2015 4.449 23.9584
    endloop
  endfacet
  facet normal -0.578622 0.407798 0.706327
    outer loop
      vertex 15.3833 5.77195 22.2499
      vertex 15.6211 4.12426 23.396
      vertex 15.6211 5.85631 22.396
    endloop
  endfacet
  facet normal -0.578622 0.407798 0.706327
    outer loop
      vertex 15.6211 4.12426 23.396
      vertex 15.3833 5.77195 22.2499
      vertex 15.3833 4.0399 23.2499
    endloop
  endfacet
  facet normal -0.483835 0.43758 0.75791
    outer loop
      vertex 15.1281 5.70143 22.1277
      vertex 15.3833 4.0399 23.2499
      vertex 15.3833 5.77195 22.2499
    endloop
  endfacet
  facet normal -0.483835 0.43758 0.75791
    outer loop
      vertex 15.3833 4.0399 23.2499
      vertex 15.1281 5.70143 22.1277
      vertex 15.1281 3.96938 23.1277
    endloop
  endfacet
  facet normal 0.960946 0.138368 0.239661
    outer loop
      vertex 11.4652 4.85136 24.6554
      vertex 11.5459 6.44333 23.4127
      vertex 11.4652 6.58341 23.6554
    endloop
  endfacet
  facet normal 0.960946 0.138368 0.239661
    outer loop
      vertex 11.5459 6.44333 23.4127
      vertex 11.4652 4.85136 24.6554
      vertex 11.5459 4.71128 24.4127
    endloop
  endfacet
  facet normal -8.4045e-05 -0.866029 0.499994
    outer loop
      vertex 14 5.57269 21.9047
      vertex 14 8.17269 26.4081
      vertex 13.7089 8.16452 26.3939
    endloop
  endfacet
  facet normal -6.27223e-06 -0.866024 0.500003
    outer loop
      vertex 13.7089 5.58086 21.9189
      vertex 13.7089 8.16452 26.3939
      vertex 13.4214 8.1401 26.3516
    endloop
  endfacet
  facet normal 8.4045e-05 -0.866029 0.499994
    outer loop
      vertex 14 8.17269 26.4081
      vertex 14 5.57269 21.9047
      vertex 14.2911 8.16452 26.3939
    endloop
  endfacet
  facet normal 8.89157e-06 -0.866024 0.500003
    outer loop
      vertex 13.4214 5.60528 21.9612
      vertex 13.4214 8.1401 26.3516
      vertex 13.1413 8.09974 26.2817
    endloop
  endfacet
  facet normal -8.45779e-05 -0.866024 0.500003
    outer loop
      vertex 14.2911 5.58086 21.9189
      vertex 14.2911 8.16452 26.3939
      vertex 14 5.57269 21.9047
    endloop
  endfacet
  facet normal 5.66559e-05 -0.866024 0.500002
    outer loop
      vertex 13.1413 5.64564 22.0311
      vertex 13.1413 8.09974 26.2817
      vertex 12.8719 8.04395 26.1851
    endloop
  endfacet
  facet normal 6.27223e-06 -0.866024 0.500003
    outer loop
      vertex 14.2911 8.16452 26.3939
      vertex 14.2911 5.58086 21.9189
      vertex 14.5786 8.1401 26.3516
    endloop
  endfacet
  facet normal -0.000107137 -0.866027 0.499997
    outer loop
      vertex 12.8719 5.70143 22.1277
      vertex 12.8719 8.04395 26.1851
      vertex 12.6167 7.97343 26.0629
    endloop
  endfacet
  facet normal -6.39309e-06 -0.866024 0.500003
    outer loop
      vertex 14.5786 5.60528 21.9612
      vertex 14.5786 8.1401 26.3516
      vertex 14.2911 5.58086 21.9189
    endloop
  endfacet
  facet normal 2.71746e-05 -0.866021 0.500007
    outer loop
      vertex 12.6167 5.77195 22.2499
      vertex 12.6167 7.97343 26.0629
      vertex 12.3789 7.88907 25.9168
    endloop
  endfacet
  facet normal -8.89157e-06 -0.866024 0.500003
    outer loop
      vertex 14.5786 8.1401 26.3516
      vertex 14.5786 5.60528 21.9612
      vertex 14.8587 8.09974 26.2817
    endloop
  endfacet
  facet normal 0.00011346 -0.866023 0.500005
    outer loop
      vertex 12.3789 5.85631 22.396
      vertex 12.3789 7.88907 25.9168
      vertex 12.1615 7.79193 25.7486
    endloop
  endfacet
  facet normal 9.18401e-06 -0.866024 0.500002
    outer loop
      vertex 14.8587 5.64564 22.0311
      vertex 14.8587 8.09974 26.2817
      vertex 14.5786 5.60528 21.9612
    endloop
  endfacet
  facet normal -5.80928e-05 -0.866029 0.499993
    outer loop
      vertex 12.1615 5.95345 22.5642
      vertex 12.1615 7.79193 25.7486
      vertex 11.9672 7.68323 25.5603
    endloop
  endfacet
  facet normal -5.66559e-05 -0.866024 0.500002
    outer loop
      vertex 14.8587 8.09974 26.2817
      vertex 14.8587 5.64564 22.0311
      vertex 15.1281 8.04395 26.1851
    endloop
  endfacet
  facet normal 0.000122584 -0.866026 0.499999
    outer loop
      vertex 11.9672 6.06215 22.7525
      vertex 11.9672 7.68323 25.5603
      vertex 11.7985 7.56433 25.3544
    endloop
  endfacet
  facet normal 5.93539e-05 -0.866027 0.499997
    outer loop
      vertex 15.1281 5.70143 22.1277
      vertex 15.1281 8.04395 26.1851
      vertex 14.8587 5.64564 22.0311
    endloop
  endfacet
  facet normal -1.14835e-05 -0.86603 0.499993
    outer loop
      vertex 11.9672 6.06215 22.7525
      vertex 11.7985 7.56433 25.3544
      vertex 11.6575 7.43674 25.1334
    endloop
  endfacet
  facet normal 0.000107137 -0.866027 0.499997
    outer loop
      vertex 15.1281 8.04395 26.1851
      vertex 15.1281 5.70143 22.1277
      vertex 15.3833 7.97343 26.0629
    endloop
  endfacet
  facet normal -2.15917e-05 -0.86603 0.499992
    outer loop
      vertex 11.9672 6.06215 22.7525
      vertex 11.6575 7.43674 25.1334
      vertex 11.5459 7.30205 24.9001
    endloop
  endfacet
  facet normal -0.000114003 -0.866021 0.500007
    outer loop
      vertex 15.3833 5.77195 22.2499
      vertex 15.3833 7.97343 26.0629
      vertex 15.1281 5.70143 22.1277
    endloop
  endfacet
  facet normal -0.000276327 -0.866052 0.499954
    outer loop
      vertex 11.9672 6.06215 22.7525
      vertex 11.5459 7.30205 24.9001
      vertex 11.4652 7.16197 24.6574
    endloop
  endfacet
  facet normal 8.45779e-05 -0.866024 0.500003
    outer loop
      vertex 13.7089 8.16452 26.3939
      vertex 13.7089 5.58086 21.9189
      vertex 14 5.57269 21.9047
    endloop
  endfacet
  facet normal 0.000182966 -0.865999 0.500045
    outer loop
      vertex 11.9672 6.06215 22.7525
      vertex 11.4652 7.16197 24.6574
      vertex 11.4163 7.01824 24.4085
    endloop
  endfacet
  facet normal -2.71746e-05 -0.866021 0.500007
    outer loop
      vertex 15.3833 7.97343 26.0629
      vertex 15.3833 5.77195 22.2499
      vertex 15.6211 7.88907 25.9168
    endloop
  endfacet
  facet normal 2.66791e-06 -0.866025 0.5
    outer loop
      vertex 11.9672 6.06215 22.7525
      vertex 11.4163 7.01824 24.4085
      vertex 11.4 6.87269 24.1564
    endloop
  endfacet
  facet normal 2.94299e-05 -0.866023 0.500005
    outer loop
      vertex 15.6211 5.85631 22.396
      vertex 15.6211 7.88907 25.9168
      vertex 15.3833 5.77195 22.2499
    endloop
  endfacet
  facet normal 3.68452e-06 -0.866025 0.5
    outer loop
      vertex 11.9672 6.06215 22.7525
      vertex 11.4 6.87269 24.1564
      vertex 11.4163 6.72714 23.9043
    endloop
  endfacet
  facet normal -0.00011346 -0.866023 0.500005
    outer loop
      vertex 15.6211 7.88907 25.9168
      vertex 15.6211 5.85631 22.396
      vertex 15.8385 7.79193 25.7486
    endloop
  endfacet
  facet normal 0.000345145 -0.865955 0.500123
    outer loop
      vertex 11.9672 6.06215 22.7525
      vertex 11.4163 6.72714 23.9043
      vertex 11.4652 6.58341 23.6554
    endloop
  endfacet
  facet normal 0.000125447 -0.866029 0.499993
    outer loop
      vertex 15.8385 5.95345 22.5642
      vertex 15.8385 7.79193 25.7486
      vertex 15.6211 5.85631 22.396
    endloop
  endfacet
  facet normal -0.000558388 -0.866172 0.499746
    outer loop
      vertex 11.9672 6.06215 22.7525
      vertex 11.4652 6.58341 23.6554
      vertex 11.5459 6.44333 23.4127
    endloop
  endfacet
  facet normal 5.80928e-05 -0.866029 0.499993
    outer loop
      vertex 15.8385 7.79193 25.7486
      vertex 15.8385 5.95345 22.5642
      vertex 16.0328 7.68323 25.5603
    endloop
  endfacet
  facet normal -2.70384e-05 -0.86604 0.499974
    outer loop
      vertex 11.7985 6.18105 22.9584
      vertex 11.5459 6.44333 23.4127
      vertex 11.6575 6.30864 23.1794
    endloop
  endfacet
  facet normal -6.58843e-05 -0.866026 0.499999
    outer loop
      vertex 16.0328 6.06215 22.7525
      vertex 16.0328 7.68323 25.5603
      vertex 15.8385 5.95345 22.5642
    endloop
  endfacet
  facet normal -0.000450758 -0.866142 0.499797
    outer loop
      vertex 11.9672 6.06215 22.7525
      vertex 11.5459 6.44333 23.4127
      vertex 11.7985 6.18105 22.9584
    endloop
  endfacet
  facet normal 6.39309e-06 -0.866024 0.500003
    outer loop
      vertex 13.4214 8.1401 26.3516
      vertex 13.4214 5.60528 21.9612
      vertex 13.7089 5.58086 21.9189
    endloop
  endfacet
  facet normal 6.58843e-05 -0.866026 0.499999
    outer loop
      vertex 11.9672 7.68323 25.5603
      vertex 11.9672 6.06215 22.7525
      vertex 12.1615 5.95345 22.5642
    endloop
  endfacet
  facet normal 1.14835e-05 -0.86603 0.499993
    outer loop
      vertex 16.2015 7.56433 25.3544
      vertex 16.0328 6.06215 22.7525
      vertex 16.3425 7.43674 25.1334
    endloop
  endfacet
  facet normal -0.000125447 -0.866029 0.499993
    outer loop
      vertex 12.1615 7.79193 25.7486
      vertex 12.1615 5.95345 22.5642
      vertex 12.3789 5.85631 22.396
    endloop
  endfacet
  facet normal -9.18401e-06 -0.866024 0.500002
    outer loop
      vertex 13.1413 8.09974 26.2817
      vertex 13.1413 5.64564 22.0311
      vertex 13.4214 5.60528 21.9612
    endloop
  endfacet
  facet normal -2.94299e-05 -0.866023 0.500005
    outer loop
      vertex 12.3789 7.88907 25.9168
      vertex 12.3789 5.85631 22.396
      vertex 12.6167 5.77195 22.2499
    endloop
  endfacet
  facet normal 0.000114003 -0.866021 0.500007
    outer loop
      vertex 12.6167 7.97343 26.0629
      vertex 12.6167 5.77195 22.2499
      vertex 12.8719 5.70143 22.1277
    endloop
  endfacet
  facet normal -5.93539e-05 -0.866027 0.499997
    outer loop
      vertex 12.8719 8.04395 26.1851
      vertex 12.8719 5.70143 22.1277
      vertex 13.1413 5.64564 22.0311
    endloop
  endfacet
  facet normal -3.68452e-06 -0.866025 0.5
    outer loop
      vertex 16.6 6.87269 24.1564
      vertex 16.0328 6.06215 22.7525
      vertex 16.5837 6.72714 23.9043
    endloop
  endfacet
  facet normal 2.15917e-05 -0.86603 0.499992
    outer loop
      vertex 16.3425 7.43674 25.1334
      vertex 16.0328 6.06215 22.7525
      vertex 16.4541 7.30205 24.9001
    endloop
  endfacet
  facet normal -0.000345145 -0.865955 0.500123
    outer loop
      vertex 16.5837 6.72714 23.9043
      vertex 16.0328 6.06215 22.7525
      vertex 16.5348 6.58341 23.6554
    endloop
  endfacet
  facet normal -2.66791e-06 -0.866025 0.5
    outer loop
      vertex 16.5837 7.01824 24.4085
      vertex 16.0328 6.06215 22.7525
      vertex 16.6 6.87269 24.1564
    endloop
  endfacet
  facet normal 0.000558388 -0.866172 0.499746
    outer loop
      vertex 16.5348 6.58341 23.6554
      vertex 16.0328 6.06215 22.7525
      vertex 16.4541 6.44333 23.4127
    endloop
  endfacet
  facet normal 0.000450758 -0.866142 0.499797
    outer loop
      vertex 16.4541 6.44333 23.4127
      vertex 16.0328 6.06215 22.7525
      vertex 16.2015 6.18105 22.9584
    endloop
  endfacet
  facet normal 2.70384e-05 -0.86604 0.499974
    outer loop
      vertex 16.4541 6.44333 23.4127
      vertex 16.2015 6.18105 22.9584
      vertex 16.3425 6.30864 23.1794
    endloop
  endfacet
  facet normal -0.000182966 -0.865999 0.500045
    outer loop
      vertex 16.5348 7.16197 24.6574
      vertex 16.0328 6.06215 22.7525
      vertex 16.5837 7.01824 24.4085
    endloop
  endfacet
  facet normal 0.000276327 -0.866052 0.499954
    outer loop
      vertex 16.4541 7.30205 24.9001
      vertex 16.0328 6.06215 22.7525
      vertex 16.5348 7.16197 24.6574
    endloop
  endfacet
  facet normal -0.000122584 -0.866026 0.499999
    outer loop
      vertex 16.0328 7.68323 25.5603
      vertex 16.0328 6.06215 22.7525
      vertex 16.2015 7.56433 25.3544
    endloop
  endfacet
  facet normal 0.578622 0.407798 0.706327
    outer loop
      vertex 12.3789 4.12426 23.396
      vertex 12.6167 5.77195 22.2499
      vertex 12.3789 5.85631 22.396
    endloop
  endfacet
  facet normal 0.578622 0.407798 0.706327
    outer loop
      vertex 12.6167 5.77195 22.2499
      vertex 12.3789 4.12426 23.396
      vertex 12.6167 4.0399 23.2499
    endloop
  endfacet
  facet normal -0.998436 -0.0279535 -0.0484168
    outer loop
      vertex 16.6 6.87269 24.1564
      vertex 16.5837 5.28619 25.4085
      vertex 16.5837 7.01824 24.4085
    endloop
  endfacet
  facet normal -0.998436 -0.0279535 -0.0484168
    outer loop
      vertex 16.5837 5.28619 25.4085
      vertex 16.6 6.87269 24.1564
      vertex 16.6 5.14064 25.1564
    endloop
  endfacet
  facet normal -0.985834 -0.0838625 -0.145254
    outer loop
      vertex 16.5837 7.01824 24.4085
      vertex 16.5348 5.42992 25.6574
      vertex 16.5348 7.16197 24.6574
    endloop
  endfacet
  facet normal -0.985834 -0.0838625 -0.145254
    outer loop
      vertex 16.5348 5.42992 25.6574
      vertex 16.5837 7.01824 24.4085
      vertex 16.5837 5.28619 25.4085
    endloop
  endfacet
  facet normal 0.923861 -0.191365 -0.331453
    outer loop
      vertex 11.6575 5.70469 26.1334
      vertex 11.5459 7.30205 24.9001
      vertex 11.6575 7.43674 25.1334
    endloop
  endfacet
  facet normal 0.923861 -0.191365 -0.331453
    outer loop
      vertex 11.5459 7.30205 24.9001
      vertex 11.6575 5.70469 26.1334
      vertex 11.5459 5.57 25.9001
    endloop
  endfacet
  facet normal -0.382578 -0.461962 -0.800141
    outer loop
      vertex 14.8587 6.36769 27.2817
      vertex 15.1281 8.04395 26.1851
      vertex 15.1281 6.3119 27.1851
    endloop
  endfacet
  facet normal -0.382578 -0.461962 -0.800141
    outer loop
      vertex 15.1281 8.04395 26.1851
      vertex 14.8587 6.36769 27.2817
      vertex 14.8587 8.09974 26.2817
    endloop
  endfacet
  facet normal -0.276882 -0.480452 -0.832167
    outer loop
      vertex 14.5786 6.40804 27.3516
      vertex 14.8587 8.09974 26.2817
      vertex 14.8587 6.36769 27.2817
    endloop
  endfacet
  facet normal -0.276898 -0.480448 -0.832164
    outer loop
      vertex 14.8587 8.09974 26.2817
      vertex 14.5786 6.40804 27.3516
      vertex 14.5786 8.1401 26.3516
    endloop
  endfacet
  facet normal -0.0561892 0.49921 0.864657
    outer loop
      vertex 14 5.57269 21.9047
      vertex 14.2911 3.84881 22.9189
      vertex 14.2911 5.58086 21.9189
    endloop
  endfacet
  facet normal -0.0561892 0.49921 0.864657
    outer loop
      vertex 14.2911 3.84881 22.9189
      vertex 14 5.57269 21.9047
      vertex 14 3.84064 22.9047
    endloop
  endfacet
  facet normal -0.382578 0.461962 0.800141
    outer loop
      vertex 14.8587 5.64564 22.0311
      vertex 15.1281 3.96938 23.1277
      vertex 15.1281 5.70143 22.1277
    endloop
  endfacet
  facet normal -0.382578 0.461962 0.800141
    outer loop
      vertex 15.1281 3.96938 23.1277
      vertex 14.8587 5.64564 22.0311
      vertex 14.8587 3.91359 23.0311
    endloop
  endfacet
  facet normal 0.815566 0.289332 0.501138
    outer loop
      vertex 11.7985 4.449 23.9584
      vertex 11.9672 6.06215 22.7525
      vertex 11.7985 6.18105 22.9584
    endloop
  endfacet
  facet normal 0.815566 0.289332 0.501138
    outer loop
      vertex 11.9672 6.06215 22.7525
      vertex 11.7985 4.449 23.9584
      vertex 11.9672 4.3301 23.7525
    endloop
  endfacet
  facet normal 0.666261 0.37286 0.645811
    outer loop
      vertex 12.1615 4.2214 23.5642
      vertex 12.3789 5.85631 22.396
      vertex 12.1615 5.95345 22.5642
    endloop
  endfacet
  facet normal 0.666261 0.37286 0.645811
    outer loop
      vertex 12.3789 5.85631 22.396
      vertex 12.1615 4.2214 23.5642
      vertex 12.3789 4.12426 23.396
    endloop
  endfacet
  facet normal 0.483835 0.43758 0.75791
    outer loop
      vertex 12.6167 4.0399 23.2499
      vertex 12.8719 5.70143 22.1277
      vertex 12.6167 5.77195 22.2499
    endloop
  endfacet
  facet normal 0.483835 0.43758 0.75791
    outer loop
      vertex 12.8719 5.70143 22.1277
      vertex 12.6167 4.0399 23.2499
      vertex 12.8719 3.96938 23.1277
    endloop
  endfacet
  facet normal 0.276898 0.48045 0.832163
    outer loop
      vertex 13.1413 3.91359 23.0311
      vertex 13.4214 5.60528 21.9612
      vertex 13.1413 5.64564 22.0311
    endloop
  endfacet
  facet normal 0.276898 0.48045 0.832163
    outer loop
      vertex 13.4214 5.60528 21.9612
      vertex 13.1413 3.91359 23.0311
      vertex 13.4214 3.87323 22.9612
    endloop
  endfacet
  facet normal -0.666261 -0.37286 -0.645811
    outer loop
      vertex 15.8385 7.79193 25.7486
      vertex 15.6211 6.15702 26.9168
      vertex 15.6211 7.88907 25.9168
    endloop
  endfacet
  facet normal -0.666261 -0.37286 -0.645811
    outer loop
      vertex 15.6211 6.15702 26.9168
      vertex 15.8385 7.79193 25.7486
      vertex 15.8385 6.05988 26.7486
    endloop
  endfacet
  facet normal -0.923861 -0.191365 -0.331453
    outer loop
      vertex 16.4541 7.30205 24.9001
      vertex 16.3425 5.70469 26.1334
      vertex 16.3425 7.43674 25.1334
    endloop
  endfacet
  facet normal -0.923861 -0.191365 -0.331453
    outer loop
      vertex 16.3425 5.70469 26.1334
      vertex 16.4541 7.30205 24.9001
      vertex 16.4541 5.57 25.9001
    endloop
  endfacet
  facet normal -0.815566 -0.289331 -0.501139
    outer loop
      vertex 16.2015 7.56433 25.3544
      vertex 16.0328 5.95117 26.5603
      vertex 16.0328 7.68323 25.5603
    endloop
  endfacet
  facet normal -0.81556 -0.289336 -0.501145
    outer loop
      vertex 16.0328 5.95117 26.5603
      vertex 16.2015 7.56433 25.3544
      vertex 16.2015 5.83228 26.3544
    endloop
  endfacet
  facet normal 0.745643 -0.333173 -0.577072
    outer loop
      vertex 12.1615 6.05988 26.7486
      vertex 11.9672 7.68323 25.5603
      vertex 12.1615 7.79193 25.7486
    endloop
  endfacet
  facet normal 0.745651 -0.333167 -0.577065
    outer loop
      vertex 11.9672 7.68323 25.5603
      vertex 12.1615 6.05988 26.7486
      vertex 11.9672 5.95117 26.5603
    endloop
  endfacet
  facet normal 0.960946 -0.138368 -0.239661
    outer loop
      vertex 11.5459 5.57 25.9001
      vertex 11.4652 7.16197 24.6574
      vertex 11.5459 7.30205 24.9001
    endloop
  endfacet
  facet normal 0.960946 -0.138368 -0.239661
    outer loop
      vertex 11.4652 7.16197 24.6574
      vertex 11.5459 5.57 25.9001
      vertex 11.4652 5.42992 25.6574
    endloop
  endfacet
  facet normal 0.998436 -0.0279535 -0.0484168
    outer loop
      vertex 11.4163 5.28619 25.4085
      vertex 11.4 6.87269 24.1564
      vertex 11.4163 7.01824 24.4085
    endloop
  endfacet
  facet normal 0.998436 -0.0279535 -0.0484168
    outer loop
      vertex 11.4 6.87269 24.1564
      vertex 11.4163 5.28619 25.4085
      vertex 11.4 5.14064 25.1564
    endloop
  endfacet
  facet normal -0.483835 -0.43758 -0.75791
    outer loop
      vertex 15.1281 6.3119 27.1851
      vertex 15.3833 7.97343 26.0629
      vertex 15.3833 6.24138 27.0629
    endloop
  endfacet
  facet normal -0.483835 -0.43758 -0.75791
    outer loop
      vertex 15.3833 7.97343 26.0629
      vertex 15.1281 6.3119 27.1851
      vertex 15.1281 8.04395 26.1851
    endloop
  endfacet
  facet normal -0.960946 -0.138368 -0.239661
    outer loop
      vertex 16.5348 7.16197 24.6574
      vertex 16.4541 5.57 25.9001
      vertex 16.4541 7.30205 24.9001
    endloop
  endfacet
  facet normal -0.960946 -0.138368 -0.239661
    outer loop
      vertex 16.4541 5.57 25.9001
      vertex 16.5348 7.16197 24.6574
      vertex 16.5348 5.42992 25.6574
    endloop
  endfacet
  facet normal -0.875277 -0.241811 -0.418829
    outer loop
      vertex 16.3425 7.43674 25.1334
      vertex 16.2015 5.83228 26.3544
      vertex 16.2015 7.56433 25.3544
    endloop
  endfacet
  facet normal -0.875277 -0.241811 -0.418829
    outer loop
      vertex 16.2015 5.83228 26.3544
      vertex 16.3425 7.43674 25.1334
      vertex 16.3425 5.70469 26.1334
    endloop
  endfacet
  facet normal -0.0562063 -0.499208 -0.864658
    outer loop
      vertex 14 6.44064 27.4081
      vertex 14.2911 8.16452 26.3939
      vertex 14.2911 6.43246 27.3939
    endloop
  endfacet
  facet normal -0.0561892 -0.49921 -0.864657
    outer loop
      vertex 14.2911 8.16452 26.3939
      vertex 14 6.44064 27.4081
      vertex 14 8.17269 26.4081
    endloop
  endfacet
  facet normal 0.0562063 -0.499208 -0.864658
    outer loop
      vertex 13.7089 8.16452 26.3939
      vertex 14 6.44064 27.4081
      vertex 13.7089 6.43246 27.3939
    endloop
  endfacet
  facet normal 0.0561892 -0.49921 -0.864657
    outer loop
      vertex 14 6.44064 27.4081
      vertex 13.7089 8.16452 26.3939
      vertex 14 8.17269 26.4081
    endloop
  endfacet
  facet normal 0.167488 -0.492935 -0.853793
    outer loop
      vertex 13.4214 8.1401 26.3516
      vertex 13.7089 6.43246 27.3939
      vertex 13.4214 6.40804 27.3516
    endloop
  endfacet
  facet normal 0.167488 -0.492935 -0.853793
    outer loop
      vertex 13.7089 6.43246 27.3939
      vertex 13.4214 8.1401 26.3516
      vertex 13.7089 8.16452 26.3939
    endloop
  endfacet
  facet normal 0.578622 -0.407798 -0.706327
    outer loop
      vertex 12.3789 7.88907 25.9168
      vertex 12.6167 6.24138 27.0629
      vertex 12.3789 6.15702 26.9168
    endloop
  endfacet
  facet normal 0.578622 -0.407798 -0.706327
    outer loop
      vertex 12.6167 6.24138 27.0629
      vertex 12.3789 7.88907 25.9168
      vertex 12.6167 7.97343 26.0629
    endloop
  endfacet
  facet normal 0.666261 -0.37286 -0.645811
    outer loop
      vertex 12.3789 6.15702 26.9168
      vertex 12.1615 7.79193 25.7486
      vertex 12.3789 7.88907 25.9168
    endloop
  endfacet
  facet normal 0.666261 -0.37286 -0.645811
    outer loop
      vertex 12.1615 7.79193 25.7486
      vertex 12.3789 6.15702 26.9168
      vertex 12.1615 6.05988 26.7486
    endloop
  endfacet
  facet normal 0.815566 -0.289331 -0.501139
    outer loop
      vertex 11.9672 5.95117 26.5603
      vertex 11.7985 7.56433 25.3544
      vertex 11.9672 7.68323 25.5603
    endloop
  endfacet
  facet normal 0.81556 -0.289336 -0.501145
    outer loop
      vertex 11.7985 7.56433 25.3544
      vertex 11.9672 5.95117 26.5603
      vertex 11.7985 5.83228 26.3544
    endloop
  endfacet
  facet normal 0.875277 -0.241811 -0.418829
    outer loop
      vertex 11.7985 5.83228 26.3544
      vertex 11.6575 7.43674 25.1334
      vertex 11.7985 7.56433 25.3544
    endloop
  endfacet
  facet normal 0.875277 -0.241811 -0.418829
    outer loop
      vertex 11.6575 7.43674 25.1334
      vertex 11.7985 5.83228 26.3544
      vertex 11.6575 5.70469 26.1334
    endloop
  endfacet
  facet normal -5.42948e-05 0.866029 -0.499994
    outer loop
      vertex 14 3.84064 22.9047
      vertex 14 6.44064 27.4081
      vertex 14.2911 6.43246 27.3939
    endloop
  endfacet
  facet normal -5.9875e-06 0.866025 -0.500001
    outer loop
      vertex 14.2911 3.84881 22.9189
      vertex 14.2911 6.43246 27.3939
      vertex 14.5786 6.40804 27.3516
    endloop
  endfacet
  facet normal 5.42948e-05 0.866029 -0.499994
    outer loop
      vertex 14 6.44064 27.4081
      vertex 14 3.84064 22.9047
      vertex 13.7089 6.43246 27.3939
    endloop
  endfacet
  facet normal -2.15346e-05 0.866024 -0.500002
    outer loop
      vertex 14.5786 3.87323 22.9612
      vertex 14.5786 6.40804 27.3516
      vertex 14.8587 6.36769 27.2817
    endloop
  endfacet
  facet normal -8.44836e-05 0.866025 -0.500001
    outer loop
      vertex 13.7089 3.84881 22.9189
      vertex 13.7089 6.43246 27.3939
      vertex 14 3.84064 22.9047
    endloop
  endfacet
  facet normal 5.66559e-05 0.866024 -0.500002
    outer loop
      vertex 14.8587 3.91359 23.0311
      vertex 14.8587 6.36769 27.2817
      vertex 15.1281 6.3119 27.1851
    endloop
  endfacet
  facet normal 5.9875e-06 0.866025 -0.500001
    outer loop
      vertex 13.7089 6.43246 27.3939
      vertex 13.7089 3.84881 22.9189
      vertex 13.4214 6.40804 27.3516
    endloop
  endfacet
  facet normal -0.000107137 0.866027 -0.499997
    outer loop
      vertex 15.1281 3.96938 23.1277
      vertex 15.1281 6.3119 27.1851
      vertex 15.3833 6.24138 27.0629
    endloop
  endfacet
  facet normal -6.10287e-06 0.866024 -0.500002
    outer loop
      vertex 13.4214 3.87323 22.9612
      vertex 13.4214 6.40804 27.3516
      vertex 13.7089 3.84881 22.9189
    endloop
  endfacet
  facet normal 2.71746e-05 0.866021 -0.500007
    outer loop
      vertex 15.3833 4.0399 23.2499
      vertex 15.3833 6.24138 27.0629
      vertex 15.6211 6.15702 26.9168
    endloop
  endfacet
  facet normal 2.15346e-05 0.866024 -0.500002
    outer loop
      vertex 13.4214 6.40804 27.3516
      vertex 13.4214 3.87323 22.9612
      vertex 13.1413 6.36769 27.2817
    endloop
  endfacet
  facet normal 0.00011346 0.866023 -0.500005
    outer loop
      vertex 15.6211 4.12426 23.396
      vertex 15.6211 6.15702 26.9168
      vertex 15.8385 6.05988 26.7486
    endloop
  endfacet
  facet normal 9.18401e-06 0.866024 -0.500002
    outer loop
      vertex 13.1413 3.91359 23.0311
      vertex 13.1413 6.36769 27.2817
      vertex 13.4214 3.87323 22.9612
    endloop
  endfacet
  facet normal -1.3521e-05 0.866029 -0.499993
    outer loop
      vertex 15.8385 4.2214 23.5642
      vertex 15.8385 6.05988 26.7486
      vertex 16.0328 5.95117 26.5603
    endloop
  endfacet
  facet normal -5.66559e-05 0.866024 -0.500002
    outer loop
      vertex 13.1413 6.36769 27.2817
      vertex 13.1413 3.91359 23.0311
      vertex 12.8719 6.3119 27.1851
    endloop
  endfacet
  facet normal 7.50138e-05 0.866027 -0.499997
    outer loop
      vertex 16.0328 4.3301 23.7525
      vertex 16.0328 5.95117 26.5603
      vertex 16.2015 5.83228 26.3544
    endloop
  endfacet
  facet normal 5.93539e-05 0.866027 -0.499997
    outer loop
      vertex 12.8719 3.96938 23.1277
      vertex 12.8719 6.3119 27.1851
      vertex 13.1413 3.91359 23.0311
    endloop
  endfacet
  facet normal -1.14835e-05 0.86603 -0.499993
    outer loop
      vertex 16.0328 4.3301 23.7525
      vertex 16.2015 5.83228 26.3544
      vertex 16.3425 5.70469 26.1334
    endloop
  endfacet
  facet normal 0.000107137 0.866027 -0.499997
    outer loop
      vertex 12.8719 6.3119 27.1851
      vertex 12.8719 3.96938 23.1277
      vertex 12.6167 6.24138 27.0629
    endloop
  endfacet
  facet normal -2.15917e-05 0.86603 -0.499992
    outer loop
      vertex 16.0328 4.3301 23.7525
      vertex 16.3425 5.70469 26.1334
      vertex 16.4541 5.57 25.9001
    endloop
  endfacet
  facet normal -0.000114003 0.866021 -0.500007
    outer loop
      vertex 12.6167 4.0399 23.2499
      vertex 12.6167 6.24138 27.0629
      vertex 12.8719 3.96938 23.1277
    endloop
  endfacet
  facet normal -0.000276327 0.866052 -0.499954
    outer loop
      vertex 16.0328 4.3301 23.7525
      vertex 16.4541 5.57 25.9001
      vertex 16.5348 5.42992 25.6574
    endloop
  endfacet
  facet normal 8.44836e-05 0.866025 -0.500001
    outer loop
      vertex 14.2911 6.43246 27.3939
      vertex 14.2911 3.84881 22.9189
      vertex 14 3.84064 22.9047
    endloop
  endfacet
  facet normal 0.000182966 0.865999 -0.500045
    outer loop
      vertex 16.0328 4.3301 23.7525
      vertex 16.5348 5.42992 25.6574
      vertex 16.5837 5.28619 25.4085
    endloop
  endfacet
  facet normal -2.71746e-05 0.866021 -0.500007
    outer loop
      vertex 12.6167 6.24138 27.0629
      vertex 12.6167 4.0399 23.2499
      vertex 12.3789 6.15702 26.9168
    endloop
  endfacet
  facet normal 2.66791e-06 0.866025 -0.5
    outer loop
      vertex 16.0328 4.3301 23.7525
      vertex 16.5837 5.28619 25.4085
      vertex 16.6 5.14064 25.1564
    endloop
  endfacet
  facet normal 2.94299e-05 0.866023 -0.500005
    outer loop
      vertex 12.3789 4.12426 23.396
      vertex 12.3789 6.15702 26.9168
      vertex 12.6167 4.0399 23.2499
    endloop
  endfacet
  facet normal 0.000104909 0.866008 -0.500031
    outer loop
      vertex 16.0328 4.3301 23.7525
      vertex 16.6 5.14064 25.1564
      vertex 16.5837 4.99508 24.9043
    endloop
  endfacet
  facet normal -0.00011346 0.866023 -0.500005
    outer loop
      vertex 12.3789 6.15702 26.9168
      vertex 12.3789 4.12426 23.396
      vertex 12.1615 6.05988 26.7486
    endloop
  endfacet
  facet normal 0.000248381 0.865978 -0.500082
    outer loop
      vertex 16.0328 4.3301 23.7525
      vertex 16.5837 4.99508 24.9043
      vertex 16.5348 4.85136 24.6554
    endloop
  endfacet
  facet normal 0.000125447 0.866029 -0.499993
    outer loop
      vertex 12.1615 4.2214 23.5642
      vertex 12.1615 6.05988 26.7486
      vertex 12.3789 4.12426 23.396
    endloop
  endfacet
  facet normal -0.000558388 0.866172 -0.499746
    outer loop
      vertex 16.0328 4.3301 23.7525
      vertex 16.5348 4.85136 24.6554
      vertex 16.4541 4.71128 24.4127
    endloop
  endfacet
  facet normal 1.3521e-05 0.866029 -0.499993
    outer loop
      vertex 12.1615 6.05988 26.7486
      vertex 12.1615 4.2214 23.5642
      vertex 11.9672 5.95117 26.5603
    endloop
  endfacet
  facet normal -2.70384e-05 0.86604 -0.499974
    outer loop
      vertex 16.2015 4.449 23.9584
      vertex 16.4541 4.71128 24.4127
      vertex 16.3425 4.57659 24.1794
    endloop
  endfacet
  facet normal -6.28953e-05 0.866027 -0.499997
    outer loop
      vertex 11.9672 4.3301 23.7525
      vertex 11.9672 5.95117 26.5603
      vertex 12.1615 4.2214 23.5642
    endloop
  endfacet
  facet normal -0.000450758 0.866142 -0.499797
    outer loop
      vertex 16.0328 4.3301 23.7525
      vertex 16.4541 4.71128 24.4127
      vertex 16.2015 4.449 23.9584
    endloop
  endfacet
  facet normal 6.10287e-06 0.866024 -0.500002
    outer loop
      vertex 14.5786 6.40804 27.3516
      vertex 14.5786 3.87323 22.9612
      vertex 14.2911 3.84881 22.9189
    endloop
  endfacet
  facet normal 6.28953e-05 0.866027 -0.499997
    outer loop
      vertex 16.0328 5.95117 26.5603
      vertex 16.0328 4.3301 23.7525
      vertex 15.8385 4.2214 23.5642
    endloop
  endfacet
  facet normal 1.14835e-05 0.86603 -0.499993
    outer loop
      vertex 11.7985 5.83228 26.3544
      vertex 11.9672 4.3301 23.7525
      vertex 11.6575 5.70469 26.1334
    endloop
  endfacet
  facet normal -0.000125447 0.866029 -0.499993
    outer loop
      vertex 15.8385 6.05988 26.7486
      vertex 15.8385 4.2214 23.5642
      vertex 15.6211 4.12426 23.396
    endloop
  endfacet
  facet normal -9.18401e-06 0.866024 -0.500002
    outer loop
      vertex 14.8587 6.36769 27.2817
      vertex 14.8587 3.91359 23.0311
      vertex 14.5786 3.87323 22.9612
    endloop
  endfacet
  facet normal -2.94299e-05 0.866023 -0.500005
    outer loop
      vertex 15.6211 6.15702 26.9168
      vertex 15.6211 4.12426 23.396
      vertex 15.3833 4.0399 23.2499
    endloop
  endfacet
  facet normal 0.000114003 0.866021 -0.500007
    outer loop
      vertex 15.3833 6.24138 27.0629
      vertex 15.3833 4.0399 23.2499
      vertex 15.1281 3.96938 23.1277
    endloop
  endfacet
  facet normal -5.93539e-05 0.866027 -0.499997
    outer loop
      vertex 15.1281 6.3119 27.1851
      vertex 15.1281 3.96938 23.1277
      vertex 14.8587 3.91359 23.0311
    endloop
  endfacet
  facet normal -0.000104909 0.866008 -0.500031
    outer loop
      vertex 11.4 5.14064 25.1564
      vertex 11.9672 4.3301 23.7525
      vertex 11.4163 4.99508 24.9043
    endloop
  endfacet
  facet normal 2.15917e-05 0.86603 -0.499992
    outer loop
      vertex 11.6575 5.70469 26.1334
      vertex 11.9672 4.3301 23.7525
      vertex 11.5459 5.57 25.9001
    endloop
  endfacet
  facet normal -0.000248381 0.865978 -0.500082
    outer loop
      vertex 11.4163 4.99508 24.9043
      vertex 11.9672 4.3301 23.7525
      vertex 11.4652 4.85136 24.6554
    endloop
  endfacet
  facet normal -2.66791e-06 0.866025 -0.5
    outer loop
      vertex 11.4163 5.28619 25.4085
      vertex 11.9672 4.3301 23.7525
      vertex 11.4 5.14064 25.1564
    endloop
  endfacet
  facet normal 0.000558388 0.866172 -0.499746
    outer loop
      vertex 11.4652 4.85136 24.6554
      vertex 11.9672 4.3301 23.7525
      vertex 11.5459 4.71128 24.4127
    endloop
  endfacet
  facet normal 0.000450758 0.866142 -0.499797
    outer loop
      vertex 11.5459 4.71128 24.4127
      vertex 11.9672 4.3301 23.7525
      vertex 11.7985 4.449 23.9584
    endloop
  endfacet
  facet normal 2.70384e-05 0.86604 -0.499974
    outer loop
      vertex 11.5459 4.71128 24.4127
      vertex 11.7985 4.449 23.9584
      vertex 11.6575 4.57659 24.1794
    endloop
  endfacet
  facet normal -0.000182966 0.865999 -0.500045
    outer loop
      vertex 11.4652 5.42992 25.6574
      vertex 11.9672 4.3301 23.7525
      vertex 11.4163 5.28619 25.4085
    endloop
  endfacet
  facet normal 0.000276327 0.866052 -0.499954
    outer loop
      vertex 11.5459 5.57 25.9001
      vertex 11.9672 4.3301 23.7525
      vertex 11.4652 5.42992 25.6574
    endloop
  endfacet
  facet normal -7.50138e-05 0.866027 -0.499997
    outer loop
      vertex 11.9672 5.95117 26.5603
      vertex 11.9672 4.3301 23.7525
      vertex 11.7985 5.83228 26.3544
    endloop
  endfacet
  facet normal 0.985834 -0.0838625 -0.145254
    outer loop
      vertex 11.4652 5.42992 25.6574
      vertex 11.4163 7.01824 24.4085
      vertex 11.4652 7.16197 24.6574
    endloop
  endfacet
  facet normal 0.985834 -0.0838625 -0.145254
    outer loop
      vertex 11.4163 7.01824 24.4085
      vertex 11.4652 5.42992 25.6574
      vertex 11.4163 5.28619 25.4085
    endloop
  endfacet
  facet normal -0.578622 -0.407798 -0.706327
    outer loop
      vertex 15.3833 6.24138 27.0629
      vertex 15.6211 7.88907 25.9168
      vertex 15.6211 6.15702 26.9168
    endloop
  endfacet
  facet normal -0.578622 -0.407798 -0.706327
    outer loop
      vertex 15.6211 7.88907 25.9168
      vertex 15.3833 6.24138 27.0629
      vertex 15.3833 7.97343 26.0629
    endloop
  endfacet
  facet normal -0.745643 -0.333173 -0.577072
    outer loop
      vertex 16.0328 7.68323 25.5603
      vertex 15.8385 6.05988 26.7486
      vertex 15.8385 7.79193 25.7486
    endloop
  endfacet
  facet normal -0.745651 -0.333167 -0.577065
    outer loop
      vertex 15.8385 6.05988 26.7486
      vertex 16.0328 7.68323 25.5603
      vertex 16.0328 5.95117 26.5603
    endloop
  endfacet
  facet normal 0.483835 -0.43758 -0.75791
    outer loop
      vertex 12.6167 7.97343 26.0629
      vertex 12.8719 6.3119 27.1851
      vertex 12.6167 6.24138 27.0629
    endloop
  endfacet
  facet normal 0.483835 -0.43758 -0.75791
    outer loop
      vertex 12.8719 6.3119 27.1851
      vertex 12.6167 7.97343 26.0629
      vertex 12.8719 8.04395 26.1851
    endloop
  endfacet
  facet normal 0.382578 -0.461962 -0.800141
    outer loop
      vertex 12.8719 8.04395 26.1851
      vertex 13.1413 6.36769 27.2817
      vertex 12.8719 6.3119 27.1851
    endloop
  endfacet
  facet normal 0.382578 -0.461962 -0.800141
    outer loop
      vertex 13.1413 6.36769 27.2817
      vertex 12.8719 8.04395 26.1851
      vertex 13.1413 8.09974 26.2817
    endloop
  endfacet
  facet normal 0.276882 -0.480452 -0.832167
    outer loop
      vertex 13.1413 8.09974 26.2817
      vertex 13.4214 6.40804 27.3516
      vertex 13.1413 6.36769 27.2817
    endloop
  endfacet
  facet normal 0.276898 -0.480448 -0.832164
    outer loop
      vertex 13.4214 6.40804 27.3516
      vertex 13.1413 8.09974 26.2817
      vertex 13.4214 8.1401 26.3516
    endloop
  endfacet
  facet normal -0.875277 0.241811 0.418829
    outer loop
      vertex 34.7015 6.18105 22.9584
      vertex 34.8425 4.57659 24.1794
      vertex 34.8425 6.30864 23.1794
    endloop
  endfacet
  facet normal -0.875277 0.241811 0.418829
    outer loop
      vertex 34.8425 4.57659 24.1794
      vertex 34.7015 6.18105 22.9584
      vertex 34.7015 4.449 23.9584
    endloop
  endfacet
  facet normal -0.167488 0.492937 0.853792
    outer loop
      vertex 32.7911 5.58086 21.9189
      vertex 33.0786 3.87323 22.9612
      vertex 33.0786 5.60528 21.9612
    endloop
  endfacet
  facet normal -0.167488 0.492937 0.853792
    outer loop
      vertex 33.0786 3.87323 22.9612
      vertex 32.7911 5.58086 21.9189
      vertex 32.7911 3.84881 22.9189
    endloop
  endfacet
  facet normal -0.276898 0.48045 0.832163
    outer loop
      vertex 33.0786 5.60528 21.9612
      vertex 33.3587 3.91359 23.0311
      vertex 33.3587 5.64564 22.0311
    endloop
  endfacet
  facet normal -0.276898 0.48045 0.832163
    outer loop
      vertex 33.3587 3.91359 23.0311
      vertex 33.0786 5.60528 21.9612
      vertex 33.0786 3.87323 22.9612
    endloop
  endfacet
  facet normal 0.382578 0.461962 0.800141
    outer loop
      vertex 31.3719 3.96938 23.1277
      vertex 31.6413 5.64564 22.0311
      vertex 31.3719 5.70143 22.1277
    endloop
  endfacet
  facet normal 0.382578 0.461962 0.800141
    outer loop
      vertex 31.6413 5.64564 22.0311
      vertex 31.3719 3.96938 23.1277
      vertex 31.6413 3.91359 23.0311
    endloop
  endfacet
  facet normal 0.923861 0.191365 0.331453
    outer loop
      vertex 30.0459 4.71128 24.4127
      vertex 30.1575 6.30864 23.1794
      vertex 30.0459 6.44333 23.4127
    endloop
  endfacet
  facet normal 0.923861 0.191365 0.331453
    outer loop
      vertex 30.1575 6.30864 23.1794
      vertex 30.0459 4.71128 24.4127
      vertex 30.1575 4.57659 24.1794
    endloop
  endfacet
  facet normal -0.985834 0.0838621 0.145254
    outer loop
      vertex 35.0348 6.58341 23.6554
      vertex 35.0837 4.99508 24.9043
      vertex 35.0837 6.72714 23.9043
    endloop
  endfacet
  facet normal -0.985833 0.0838639 0.145256
    outer loop
      vertex 35.0837 4.99508 24.9043
      vertex 35.0348 6.58341 23.6554
      vertex 35.0348 4.85136 24.6554
    endloop
  endfacet
  facet normal -0.483835 0.43758 0.75791
    outer loop
      vertex 33.6281 5.70143 22.1277
      vertex 33.8833 4.0399 23.2499
      vertex 33.8833 5.77195 22.2499
    endloop
  endfacet
  facet normal -0.483835 0.43758 0.75791
    outer loop
      vertex 33.8833 4.0399 23.2499
      vertex 33.6281 5.70143 22.1277
      vertex 33.6281 3.96938 23.1277
    endloop
  endfacet
  facet normal 0.998436 0.0279535 0.0484168
    outer loop
      vertex 29.9 5.14064 25.1564
      vertex 29.9163 6.72714 23.9043
      vertex 29.9 6.87269 24.1564
    endloop
  endfacet
  facet normal 0.998436 0.0279529 0.0484161
    outer loop
      vertex 29.9163 6.72714 23.9043
      vertex 29.9 5.14064 25.1564
      vertex 29.9163 4.99508 24.9043
    endloop
  endfacet
  facet normal 0.815566 0.289332 0.501138
    outer loop
      vertex 30.2985 4.449 23.9584
      vertex 30.4672 6.06215 22.7525
      vertex 30.2985 6.18105 22.9584
    endloop
  endfacet
  facet normal 0.815566 0.289332 0.501138
    outer loop
      vertex 30.4672 6.06215 22.7525
      vertex 30.2985 4.449 23.9584
      vertex 30.4672 4.3301 23.7525
    endloop
  endfacet
  facet normal 0.167488 0.492937 0.853792
    outer loop
      vertex 31.9214 3.87323 22.9612
      vertex 32.2089 5.58086 21.9189
      vertex 31.9214 5.60528 21.9612
    endloop
  endfacet
  facet normal 0.167488 0.492937 0.853792
    outer loop
      vertex 32.2089 5.58086 21.9189
      vertex 31.9214 3.87323 22.9612
      vertex 32.2089 3.84881 22.9189
    endloop
  endfacet
  facet normal -0.815566 0.289332 0.501138
    outer loop
      vertex 34.5328 6.06215 22.7525
      vertex 34.7015 4.449 23.9584
      vertex 34.7015 6.18105 22.9584
    endloop
  endfacet
  facet normal -0.815566 0.289332 0.501138
    outer loop
      vertex 34.7015 4.449 23.9584
      vertex 34.5328 6.06215 22.7525
      vertex 34.5328 4.3301 23.7525
    endloop
  endfacet
  facet normal -0.666261 0.37286 0.645811
    outer loop
      vertex 34.1211 5.85631 22.396
      vertex 34.3385 4.2214 23.5642
      vertex 34.3385 5.95345 22.5642
    endloop
  endfacet
  facet normal -0.666261 0.37286 0.645811
    outer loop
      vertex 34.3385 4.2214 23.5642
      vertex 34.1211 5.85631 22.396
      vertex 34.1211 4.12426 23.396
    endloop
  endfacet
  facet normal 0.0561892 0.49921 0.864657
    outer loop
      vertex 32.2089 3.84881 22.9189
      vertex 32.5 5.57269 21.9047
      vertex 32.2089 5.58086 21.9189
    endloop
  endfacet
  facet normal 0.0561892 0.49921 0.864657
    outer loop
      vertex 32.5 5.57269 21.9047
      vertex 32.2089 3.84881 22.9189
      vertex 32.5 3.84064 22.9047
    endloop
  endfacet
  facet normal -0.382578 0.461962 0.800141
    outer loop
      vertex 33.3587 5.64564 22.0311
      vertex 33.6281 3.96938 23.1277
      vertex 33.6281 5.70143 22.1277
    endloop
  endfacet
  facet normal -0.382578 0.461962 0.800141
    outer loop
      vertex 33.6281 3.96938 23.1277
      vertex 33.3587 5.64564 22.0311
      vertex 33.3587 3.91359 23.0311
    endloop
  endfacet
  facet normal -0.578622 0.407798 0.706327
    outer loop
      vertex 33.8833 5.77195 22.2499
      vertex 34.1211 4.12426 23.396
      vertex 34.1211 5.85631 22.396
    endloop
  endfacet
  facet normal -0.578622 0.407798 0.706327
    outer loop
      vertex 34.1211 4.12426 23.396
      vertex 33.8833 5.77195 22.2499
      vertex 33.8833 4.0399 23.2499
    endloop
  endfacet
  facet normal -8.4045e-05 -0.866029 0.499994
    outer loop
      vertex 32.5 5.57269 21.9047
      vertex 32.5 8.17269 26.4081
      vertex 32.2089 8.16452 26.3939
    endloop
  endfacet
  facet normal -6.27223e-06 -0.866024 0.500003
    outer loop
      vertex 32.2089 5.58086 21.9189
      vertex 32.2089 8.16452 26.3939
      vertex 31.9214 8.1401 26.3516
    endloop
  endfacet
  facet normal 8.4045e-05 -0.866029 0.499994
    outer loop
      vertex 32.5 8.17269 26.4081
      vertex 32.5 5.57269 21.9047
      vertex 32.7911 8.16452 26.3939
    endloop
  endfacet
  facet normal 8.89157e-06 -0.866024 0.500003
    outer loop
      vertex 31.9214 5.60528 21.9612
      vertex 31.9214 8.1401 26.3516
      vertex 31.6413 8.09974 26.2817
    endloop
  endfacet
  facet normal -8.45779e-05 -0.866024 0.500003
    outer loop
      vertex 32.7911 5.58086 21.9189
      vertex 32.7911 8.16452 26.3939
      vertex 32.5 5.57269 21.9047
    endloop
  endfacet
  facet normal 5.66559e-05 -0.866024 0.500002
    outer loop
      vertex 31.6413 5.64564 22.0311
      vertex 31.6413 8.09974 26.2817
      vertex 31.3719 8.04395 26.1851
    endloop
  endfacet
  facet normal 6.27223e-06 -0.866024 0.500003
    outer loop
      vertex 32.7911 8.16452 26.3939
      vertex 32.7911 5.58086 21.9189
      vertex 33.0786 8.1401 26.3516
    endloop
  endfacet
  facet normal -0.000107137 -0.866027 0.499997
    outer loop
      vertex 31.3719 5.70143 22.1277
      vertex 31.3719 8.04395 26.1851
      vertex 31.1167 7.97343 26.0629
    endloop
  endfacet
  facet normal -6.39309e-06 -0.866024 0.500003
    outer loop
      vertex 33.0786 5.60528 21.9612
      vertex 33.0786 8.1401 26.3516
      vertex 32.7911 5.58086 21.9189
    endloop
  endfacet
  facet normal 2.71746e-05 -0.866021 0.500007
    outer loop
      vertex 31.1167 5.77195 22.2499
      vertex 31.1167 7.97343 26.0629
      vertex 30.8789 7.88907 25.9168
    endloop
  endfacet
  facet normal -8.89157e-06 -0.866024 0.500003
    outer loop
      vertex 33.0786 8.1401 26.3516
      vertex 33.0786 5.60528 21.9612
      vertex 33.3587 8.09974 26.2817
    endloop
  endfacet
  facet normal 0.00011346 -0.866023 0.500005
    outer loop
      vertex 30.8789 5.85631 22.396
      vertex 30.8789 7.88907 25.9168
      vertex 30.6615 7.79193 25.7486
    endloop
  endfacet
  facet normal 9.18401e-06 -0.866024 0.500002
    outer loop
      vertex 33.3587 5.64564 22.0311
      vertex 33.3587 8.09974 26.2817
      vertex 33.0786 5.60528 21.9612
    endloop
  endfacet
  facet normal -5.80928e-05 -0.866029 0.499993
    outer loop
      vertex 30.6615 5.95345 22.5642
      vertex 30.6615 7.79193 25.7486
      vertex 30.4672 7.68323 25.5603
    endloop
  endfacet
  facet normal -5.66559e-05 -0.866024 0.500002
    outer loop
      vertex 33.3587 8.09974 26.2817
      vertex 33.3587 5.64564 22.0311
      vertex 33.6281 8.04395 26.1851
    endloop
  endfacet
  facet normal 0.000122584 -0.866026 0.499999
    outer loop
      vertex 30.4672 6.06215 22.7525
      vertex 30.4672 7.68323 25.5603
      vertex 30.2985 7.56433 25.3544
    endloop
  endfacet
  facet normal 5.93539e-05 -0.866027 0.499997
    outer loop
      vertex 33.6281 5.70143 22.1277
      vertex 33.6281 8.04395 26.1851
      vertex 33.3587 5.64564 22.0311
    endloop
  endfacet
  facet normal -1.14835e-05 -0.86603 0.499993
    outer loop
      vertex 30.4672 6.06215 22.7525
      vertex 30.2985 7.56433 25.3544
      vertex 30.1575 7.43674 25.1334
    endloop
  endfacet
  facet normal 0.000107137 -0.866027 0.499997
    outer loop
      vertex 33.6281 8.04395 26.1851
      vertex 33.6281 5.70143 22.1277
      vertex 33.8833 7.97343 26.0629
    endloop
  endfacet
  facet normal -2.15917e-05 -0.86603 0.499992
    outer loop
      vertex 30.4672 6.06215 22.7525
      vertex 30.1575 7.43674 25.1334
      vertex 30.0459 7.30205 24.9001
    endloop
  endfacet
  facet normal -0.000114003 -0.866021 0.500007
    outer loop
      vertex 33.8833 5.77195 22.2499
      vertex 33.8833 7.97343 26.0629
      vertex 33.6281 5.70143 22.1277
    endloop
  endfacet
  facet normal -0.000276327 -0.866052 0.499954
    outer loop
      vertex 30.4672 6.06215 22.7525
      vertex 30.0459 7.30205 24.9001
      vertex 29.9652 7.16197 24.6574
    endloop
  endfacet
  facet normal 8.45779e-05 -0.866024 0.500003
    outer loop
      vertex 32.2089 8.16452 26.3939
      vertex 32.2089 5.58086 21.9189
      vertex 32.5 5.57269 21.9047
    endloop
  endfacet
  facet normal 0.000182966 -0.865999 0.500045
    outer loop
      vertex 30.4672 6.06215 22.7525
      vertex 29.9652 7.16197 24.6574
      vertex 29.9163 7.01824 24.4085
    endloop
  endfacet
  facet normal -2.71746e-05 -0.866021 0.500007
    outer loop
      vertex 33.8833 7.97343 26.0629
      vertex 33.8833 5.77195 22.2499
      vertex 34.1211 7.88907 25.9168
    endloop
  endfacet
  facet normal 2.66791e-06 -0.866025 0.5
    outer loop
      vertex 30.4672 6.06215 22.7525
      vertex 29.9163 7.01824 24.4085
      vertex 29.9 6.87269 24.1564
    endloop
  endfacet
  facet normal 2.94299e-05 -0.866023 0.500005
    outer loop
      vertex 34.1211 5.85631 22.396
      vertex 34.1211 7.88907 25.9168
      vertex 33.8833 5.77195 22.2499
    endloop
  endfacet
  facet normal 3.68452e-06 -0.866025 0.5
    outer loop
      vertex 30.4672 6.06215 22.7525
      vertex 29.9 6.87269 24.1564
      vertex 29.9163 6.72714 23.9043
    endloop
  endfacet
  facet normal -0.00011346 -0.866023 0.500005
    outer loop
      vertex 34.1211 7.88907 25.9168
      vertex 34.1211 5.85631 22.396
      vertex 34.3385 7.79193 25.7486
    endloop
  endfacet
  facet normal 0.000345145 -0.865955 0.500123
    outer loop
      vertex 30.4672 6.06215 22.7525
      vertex 29.9163 6.72714 23.9043
      vertex 29.9652 6.58341 23.6554
    endloop
  endfacet
  facet normal 0.000125447 -0.866029 0.499993
    outer loop
      vertex 34.3385 5.95345 22.5642
      vertex 34.3385 7.79193 25.7486
      vertex 34.1211 5.85631 22.396
    endloop
  endfacet
  facet normal -0.000558388 -0.866172 0.499746
    outer loop
      vertex 30.4672 6.06215 22.7525
      vertex 29.9652 6.58341 23.6554
      vertex 30.0459 6.44333 23.4127
    endloop
  endfacet
  facet normal 5.80928e-05 -0.866029 0.499993
    outer loop
      vertex 34.3385 7.79193 25.7486
      vertex 34.3385 5.95345 22.5642
      vertex 34.5328 7.68323 25.5603
    endloop
  endfacet
  facet normal -2.70384e-05 -0.86604 0.499974
    outer loop
      vertex 30.2985 6.18105 22.9584
      vertex 30.0459 6.44333 23.4127
      vertex 30.1575 6.30864 23.1794
    endloop
  endfacet
  facet normal -6.58843e-05 -0.866026 0.499999
    outer loop
      vertex 34.5328 6.06215 22.7525
      vertex 34.5328 7.68323 25.5603
      vertex 34.3385 5.95345 22.5642
    endloop
  endfacet
  facet normal -0.000450758 -0.866142 0.499797
    outer loop
      vertex 30.4672 6.06215 22.7525
      vertex 30.0459 6.44333 23.4127
      vertex 30.2985 6.18105 22.9584
    endloop
  endfacet
  facet normal 6.39309e-06 -0.866024 0.500003
    outer loop
      vertex 31.9214 8.1401 26.3516
      vertex 31.9214 5.60528 21.9612
      vertex 32.2089 5.58086 21.9189
    endloop
  endfacet
  facet normal 6.58843e-05 -0.866026 0.499999
    outer loop
      vertex 30.4672 7.68323 25.5603
      vertex 30.4672 6.06215 22.7525
      vertex 30.6615 5.95345 22.5642
    endloop
  endfacet
  facet normal 1.14835e-05 -0.86603 0.499993
    outer loop
      vertex 34.7015 7.56433 25.3544
      vertex 34.5328 6.06215 22.7525
      vertex 34.8425 7.43674 25.1334
    endloop
  endfacet
  facet normal -0.000125447 -0.866029 0.499993
    outer loop
      vertex 30.6615 7.79193 25.7486
      vertex 30.6615 5.95345 22.5642
      vertex 30.8789 5.85631 22.396
    endloop
  endfacet
  facet normal -9.18401e-06 -0.866024 0.500002
    outer loop
      vertex 31.6413 8.09974 26.2817
      vertex 31.6413 5.64564 22.0311
      vertex 31.9214 5.60528 21.9612
    endloop
  endfacet
  facet normal -2.94299e-05 -0.866023 0.500005
    outer loop
      vertex 30.8789 7.88907 25.9168
      vertex 30.8789 5.85631 22.396
      vertex 31.1167 5.77195 22.2499
    endloop
  endfacet
  facet normal 0.000114003 -0.866021 0.500007
    outer loop
      vertex 31.1167 7.97343 26.0629
      vertex 31.1167 5.77195 22.2499
      vertex 31.3719 5.70143 22.1277
    endloop
  endfacet
  facet normal -5.93539e-05 -0.866027 0.499997
    outer loop
      vertex 31.3719 8.04395 26.1851
      vertex 31.3719 5.70143 22.1277
      vertex 31.6413 5.64564 22.0311
    endloop
  endfacet
  facet normal -3.68452e-06 -0.866025 0.5
    outer loop
      vertex 35.1 6.87269 24.1564
      vertex 34.5328 6.06215 22.7525
      vertex 35.0837 6.72714 23.9043
    endloop
  endfacet
  facet normal 2.15917e-05 -0.86603 0.499992
    outer loop
      vertex 34.8425 7.43674 25.1334
      vertex 34.5328 6.06215 22.7525
      vertex 34.9541 7.30205 24.9001
    endloop
  endfacet
  facet normal -0.000345145 -0.865955 0.500123
    outer loop
      vertex 35.0837 6.72714 23.9043
      vertex 34.5328 6.06215 22.7525
      vertex 35.0348 6.58341 23.6554
    endloop
  endfacet
  facet normal -2.66791e-06 -0.866025 0.5
    outer loop
      vertex 35.0837 7.01824 24.4085
      vertex 34.5328 6.06215 22.7525
      vertex 35.1 6.87269 24.1564
    endloop
  endfacet
  facet normal 0.000558388 -0.866172 0.499746
    outer loop
      vertex 35.0348 6.58341 23.6554
      vertex 34.5328 6.06215 22.7525
      vertex 34.9541 6.44333 23.4127
    endloop
  endfacet
  facet normal 0.000450758 -0.866142 0.499797
    outer loop
      vertex 34.9541 6.44333 23.4127
      vertex 34.5328 6.06215 22.7525
      vertex 34.7015 6.18105 22.9584
    endloop
  endfacet
  facet normal 2.70384e-05 -0.86604 0.499974
    outer loop
      vertex 34.9541 6.44333 23.4127
      vertex 34.7015 6.18105 22.9584
      vertex 34.8425 6.30864 23.1794
    endloop
  endfacet
  facet normal -0.000182966 -0.865999 0.500045
    outer loop
      vertex 35.0348 7.16197 24.6574
      vertex 34.5328 6.06215 22.7525
      vertex 35.0837 7.01824 24.4085
    endloop
  endfacet
  facet normal 0.000276327 -0.866052 0.499954
    outer loop
      vertex 34.9541 7.30205 24.9001
      vertex 34.5328 6.06215 22.7525
      vertex 35.0348 7.16197 24.6574
    endloop
  endfacet
  facet normal -0.000122584 -0.866026 0.499999
    outer loop
      vertex 34.5328 7.68323 25.5603
      vertex 34.5328 6.06215 22.7525
      vertex 34.7015 7.56433 25.3544
    endloop
  endfacet
  facet normal 0.960946 0.138368 0.239661
    outer loop
      vertex 29.9652 4.85136 24.6554
      vertex 30.0459 6.44333 23.4127
      vertex 29.9652 6.58341 23.6554
    endloop
  endfacet
  facet normal 0.960946 0.138368 0.239661
    outer loop
      vertex 30.0459 6.44333 23.4127
      vertex 29.9652 4.85136 24.6554
      vertex 30.0459 4.71128 24.4127
    endloop
  endfacet
  facet normal 0.985834 0.0838621 0.145254
    outer loop
      vertex 29.9163 4.99508 24.9043
      vertex 29.9652 6.58341 23.6554
      vertex 29.9163 6.72714 23.9043
    endloop
  endfacet
  facet normal 0.985833 0.0838639 0.145256
    outer loop
      vertex 29.9652 6.58341 23.6554
      vertex 29.9163 4.99508 24.9043
      vertex 29.9652 4.85136 24.6554
    endloop
  endfacet
  facet normal 0.875277 0.241811 0.418829
    outer loop
      vertex 30.1575 4.57659 24.1794
      vertex 30.2985 6.18105 22.9584
      vertex 30.1575 6.30864 23.1794
    endloop
  endfacet
  facet normal 0.875277 0.241811 0.418829
    outer loop
      vertex 30.2985 6.18105 22.9584
      vertex 30.1575 4.57659 24.1794
      vertex 30.2985 4.449 23.9584
    endloop
  endfacet
  facet normal 0.276898 0.48045 0.832163
    outer loop
      vertex 31.6413 3.91359 23.0311
      vertex 31.9214 5.60528 21.9612
      vertex 31.6413 5.64564 22.0311
    endloop
  endfacet
  facet normal 0.276898 0.48045 0.832163
    outer loop
      vertex 31.9214 5.60528 21.9612
      vertex 31.6413 3.91359 23.0311
      vertex 31.9214 3.87323 22.9612
    endloop
  endfacet
  facet normal 0.578622 0.407798 0.706327
    outer loop
      vertex 30.8789 4.12426 23.396
      vertex 31.1167 5.77195 22.2499
      vertex 30.8789 5.85631 22.396
    endloop
  endfacet
  facet normal 0.578622 0.407798 0.706327
    outer loop
      vertex 31.1167 5.77195 22.2499
      vertex 30.8789 4.12426 23.396
      vertex 31.1167 4.0399 23.2499
    endloop
  endfacet
  facet normal 0.666261 0.37286 0.645811
    outer loop
      vertex 30.6615 4.2214 23.5642
      vertex 30.8789 5.85631 22.396
      vertex 30.6615 5.95345 22.5642
    endloop
  endfacet
  facet normal 0.666261 0.37286 0.645811
    outer loop
      vertex 30.8789 5.85631 22.396
      vertex 30.6615 4.2214 23.5642
      vertex 30.8789 4.12426 23.396
    endloop
  endfacet
  facet normal 0.483835 0.43758 0.75791
    outer loop
      vertex 31.1167 4.0399 23.2499
      vertex 31.3719 5.70143 22.1277
      vertex 31.1167 5.77195 22.2499
    endloop
  endfacet
  facet normal 0.483835 0.43758 0.75791
    outer loop
      vertex 31.3719 5.70143 22.1277
      vertex 31.1167 4.0399 23.2499
      vertex 31.3719 3.96938 23.1277
    endloop
  endfacet
  facet normal 0.745643 0.333173 0.577072
    outer loop
      vertex 30.4672 4.3301 23.7525
      vertex 30.6615 5.95345 22.5642
      vertex 30.4672 6.06215 22.7525
    endloop
  endfacet
  facet normal 0.745643 0.333173 0.577072
    outer loop
      vertex 30.6615 5.95345 22.5642
      vertex 30.4672 4.3301 23.7525
      vertex 30.6615 4.2214 23.5642
    endloop
  endfacet
  facet normal -0.998436 0.0279535 0.0484168
    outer loop
      vertex 35.0837 6.72714 23.9043
      vertex 35.1 5.14064 25.1564
      vertex 35.1 6.87269 24.1564
    endloop
  endfacet
  facet normal -0.998436 0.0279529 0.0484161
    outer loop
      vertex 35.1 5.14064 25.1564
      vertex 35.0837 6.72714 23.9043
      vertex 35.0837 4.99508 24.9043
    endloop
  endfacet
  facet normal -0.998436 -0.0279535 -0.0484168
    outer loop
      vertex 35.1 6.87269 24.1564
      vertex 35.0837 5.28619 25.4085
      vertex 35.0837 7.01824 24.4085
    endloop
  endfacet
  facet normal -0.998436 -0.0279535 -0.0484168
    outer loop
      vertex 35.0837 5.28619 25.4085
      vertex 35.1 6.87269 24.1564
      vertex 35.1 5.14064 25.1564
    endloop
  endfacet
  facet normal -0.985834 -0.0838625 -0.145254
    outer loop
      vertex 35.0837 7.01824 24.4085
      vertex 35.0348 5.42992 25.6574
      vertex 35.0348 7.16197 24.6574
    endloop
  endfacet
  facet normal -0.985834 -0.0838625 -0.145254
    outer loop
      vertex 35.0348 5.42992 25.6574
      vertex 35.0837 7.01824 24.4085
      vertex 35.0837 5.28619 25.4085
    endloop
  endfacet
  facet normal 0.875277 -0.241811 -0.418829
    outer loop
      vertex 30.2985 5.83228 26.3544
      vertex 30.1575 7.43674 25.1334
      vertex 30.2985 7.56433 25.3544
    endloop
  endfacet
  facet normal 0.875277 -0.241811 -0.418829
    outer loop
      vertex 30.1575 7.43674 25.1334
      vertex 30.2985 5.83228 26.3544
      vertex 30.1575 5.70469 26.1334
    endloop
  endfacet
  facet normal -0.167488 -0.492935 -0.853793
    outer loop
      vertex 32.7911 6.43246 27.3939
      vertex 33.0786 8.1401 26.3516
      vertex 33.0786 6.40804 27.3516
    endloop
  endfacet
  facet normal -0.167488 -0.492935 -0.853793
    outer loop
      vertex 33.0786 8.1401 26.3516
      vertex 32.7911 6.43246 27.3939
      vertex 32.7911 8.16452 26.3939
    endloop
  endfacet
  facet normal -0.923861 0.191365 0.331453
    outer loop
      vertex 34.8425 6.30864 23.1794
      vertex 34.9541 4.71128 24.4127
      vertex 34.9541 6.44333 23.4127
    endloop
  endfacet
  facet normal -0.923861 0.191365 0.331453
    outer loop
      vertex 34.9541 4.71128 24.4127
      vertex 34.8425 6.30864 23.1794
      vertex 34.8425 4.57659 24.1794
    endloop
  endfacet
  facet normal -0.960946 0.138368 0.239661
    outer loop
      vertex 34.9541 6.44333 23.4127
      vertex 35.0348 4.85136 24.6554
      vertex 35.0348 6.58341 23.6554
    endloop
  endfacet
  facet normal -0.960946 0.138368 0.239661
    outer loop
      vertex 35.0348 4.85136 24.6554
      vertex 34.9541 6.44333 23.4127
      vertex 34.9541 4.71128 24.4127
    endloop
  endfacet
  facet normal -0.745643 0.333173 0.577072
    outer loop
      vertex 34.3385 5.95345 22.5642
      vertex 34.5328 4.3301 23.7525
      vertex 34.5328 6.06215 22.7525
    endloop
  endfacet
  facet normal -0.745643 0.333173 0.577072
    outer loop
      vertex 34.5328 4.3301 23.7525
      vertex 34.3385 5.95345 22.5642
      vertex 34.3385 4.2214 23.5642
    endloop
  endfacet
  facet normal -0.0561892 0.49921 0.864657
    outer loop
      vertex 32.5 5.57269 21.9047
      vertex 32.7911 3.84881 22.9189
      vertex 32.7911 5.58086 21.9189
    endloop
  endfacet
  facet normal -0.0561892 0.49921 0.864657
    outer loop
      vertex 32.7911 3.84881 22.9189
      vertex 32.5 5.57269 21.9047
      vertex 32.5 3.84064 22.9047
    endloop
  endfacet
  facet normal -0.815566 -0.289331 -0.501139
    outer loop
      vertex 34.7015 7.56433 25.3544
      vertex 34.5328 5.95117 26.5603
      vertex 34.5328 7.68323 25.5603
    endloop
  endfacet
  facet normal -0.81556 -0.289336 -0.501145
    outer loop
      vertex 34.5328 5.95117 26.5603
      vertex 34.7015 7.56433 25.3544
      vertex 34.7015 5.83228 26.3544
    endloop
  endfacet
  facet normal -0.923861 -0.191365 -0.331453
    outer loop
      vertex 34.9541 7.30205 24.9001
      vertex 34.8425 5.70469 26.1334
      vertex 34.8425 7.43674 25.1334
    endloop
  endfacet
  facet normal -0.923861 -0.191365 -0.331453
    outer loop
      vertex 34.8425 5.70469 26.1334
      vertex 34.9541 7.30205 24.9001
      vertex 34.9541 5.57 25.9001
    endloop
  endfacet
  facet normal -0.875277 -0.241811 -0.418829
    outer loop
      vertex 34.8425 7.43674 25.1334
      vertex 34.7015 5.83228 26.3544
      vertex 34.7015 7.56433 25.3544
    endloop
  endfacet
  facet normal -0.875277 -0.241811 -0.418829
    outer loop
      vertex 34.7015 5.83228 26.3544
      vertex 34.8425 7.43674 25.1334
      vertex 34.8425 5.70469 26.1334
    endloop
  endfacet
  facet normal 0.167488 -0.492935 -0.853793
    outer loop
      vertex 31.9214 8.1401 26.3516
      vertex 32.2089 6.43246 27.3939
      vertex 31.9214 6.40804 27.3516
    endloop
  endfacet
  facet normal 0.167488 -0.492935 -0.853793
    outer loop
      vertex 32.2089 6.43246 27.3939
      vertex 31.9214 8.1401 26.3516
      vertex 32.2089 8.16452 26.3939
    endloop
  endfacet
  facet normal 0.0562063 -0.499208 -0.864658
    outer loop
      vertex 32.2089 8.16452 26.3939
      vertex 32.5 6.44064 27.4081
      vertex 32.2089 6.43246 27.3939
    endloop
  endfacet
  facet normal 0.0561892 -0.49921 -0.864657
    outer loop
      vertex 32.5 6.44064 27.4081
      vertex 32.2089 8.16452 26.3939
      vertex 32.5 8.17269 26.4081
    endloop
  endfacet
  facet normal 0.998436 -0.0279535 -0.0484168
    outer loop
      vertex 29.9163 5.28619 25.4085
      vertex 29.9 6.87269 24.1564
      vertex 29.9163 7.01824 24.4085
    endloop
  endfacet
  facet normal 0.998436 -0.0279535 -0.0484168
    outer loop
      vertex 29.9 6.87269 24.1564
      vertex 29.9163 5.28619 25.4085
      vertex 29.9 5.14064 25.1564
    endloop
  endfacet
  facet normal 0.923861 -0.191365 -0.331453
    outer loop
      vertex 30.1575 5.70469 26.1334
      vertex 30.0459 7.30205 24.9001
      vertex 30.1575 7.43674 25.1334
    endloop
  endfacet
  facet normal 0.923861 -0.191365 -0.331453
    outer loop
      vertex 30.0459 7.30205 24.9001
      vertex 30.1575 5.70469 26.1334
      vertex 30.0459 5.57 25.9001
    endloop
  endfacet
  facet normal 0.960946 -0.138368 -0.239661
    outer loop
      vertex 30.0459 5.57 25.9001
      vertex 29.9652 7.16197 24.6574
      vertex 30.0459 7.30205 24.9001
    endloop
  endfacet
  facet normal 0.960946 -0.138368 -0.239661
    outer loop
      vertex 29.9652 7.16197 24.6574
      vertex 30.0459 5.57 25.9001
      vertex 29.9652 5.42992 25.6574
    endloop
  endfacet
  facet normal -0.382578 -0.461962 -0.800141
    outer loop
      vertex 33.3587 6.36769 27.2817
      vertex 33.6281 8.04395 26.1851
      vertex 33.6281 6.3119 27.1851
    endloop
  endfacet
  facet normal -0.382578 -0.461962 -0.800141
    outer loop
      vertex 33.6281 8.04395 26.1851
      vertex 33.3587 6.36769 27.2817
      vertex 33.3587 8.09974 26.2817
    endloop
  endfacet
  facet normal -0.276882 -0.480452 -0.832167
    outer loop
      vertex 33.0786 6.40804 27.3516
      vertex 33.3587 8.09974 26.2817
      vertex 33.3587 6.36769 27.2817
    endloop
  endfacet
  facet normal -0.276898 -0.480448 -0.832164
    outer loop
      vertex 33.3587 8.09974 26.2817
      vertex 33.0786 6.40804 27.3516
      vertex 33.0786 8.1401 26.3516
    endloop
  endfacet
  facet normal -0.666261 -0.37286 -0.645811
    outer loop
      vertex 34.3385 7.79193 25.7486
      vertex 34.1211 6.15702 26.9168
      vertex 34.1211 7.88907 25.9168
    endloop
  endfacet
  facet normal -0.666261 -0.37286 -0.645811
    outer loop
      vertex 34.1211 6.15702 26.9168
      vertex 34.3385 7.79193 25.7486
      vertex 34.3385 6.05988 26.7486
    endloop
  endfacet
  facet normal -0.960946 -0.138368 -0.239661
    outer loop
      vertex 35.0348 7.16197 24.6574
      vertex 34.9541 5.57 25.9001
      vertex 34.9541 7.30205 24.9001
    endloop
  endfacet
  facet normal -0.960946 -0.138368 -0.239661
    outer loop
      vertex 34.9541 5.57 25.9001
      vertex 35.0348 7.16197 24.6574
      vertex 35.0348 5.42992 25.6574
    endloop
  endfacet
  facet normal -0.0562063 -0.499208 -0.864658
    outer loop
      vertex 32.5 6.44064 27.4081
      vertex 32.7911 8.16452 26.3939
      vertex 32.7911 6.43246 27.3939
    endloop
  endfacet
  facet normal -0.0561892 -0.49921 -0.864657
    outer loop
      vertex 32.7911 8.16452 26.3939
      vertex 32.5 6.44064 27.4081
      vertex 32.5 8.17269 26.4081
    endloop
  endfacet
  facet normal 0.745643 -0.333173 -0.577072
    outer loop
      vertex 30.6615 6.05988 26.7486
      vertex 30.4672 7.68323 25.5603
      vertex 30.6615 7.79193 25.7486
    endloop
  endfacet
  facet normal 0.745651 -0.333167 -0.577065
    outer loop
      vertex 30.4672 7.68323 25.5603
      vertex 30.6615 6.05988 26.7486
      vertex 30.4672 5.95117 26.5603
    endloop
  endfacet
  facet normal 0.666261 -0.37286 -0.645811
    outer loop
      vertex 30.8789 6.15702 26.9168
      vertex 30.6615 7.79193 25.7486
      vertex 30.8789 7.88907 25.9168
    endloop
  endfacet
  facet normal 0.666261 -0.37286 -0.645811
    outer loop
      vertex 30.6615 7.79193 25.7486
      vertex 30.8789 6.15702 26.9168
      vertex 30.6615 6.05988 26.7486
    endloop
  endfacet
  facet normal -5.42948e-05 0.866029 -0.499994
    outer loop
      vertex 32.5 3.84064 22.9047
      vertex 32.5 6.44064 27.4081
      vertex 32.7911 6.43246 27.3939
    endloop
  endfacet
  facet normal -5.9875e-06 0.866025 -0.500001
    outer loop
      vertex 32.7911 3.84881 22.9189
      vertex 32.7911 6.43246 27.3939
      vertex 33.0786 6.40804 27.3516
    endloop
  endfacet
  facet normal 5.42948e-05 0.866029 -0.499994
    outer loop
      vertex 32.5 6.44064 27.4081
      vertex 32.5 3.84064 22.9047
      vertex 32.2089 6.43246 27.3939
    endloop
  endfacet
  facet normal -2.15346e-05 0.866024 -0.500002
    outer loop
      vertex 33.0786 3.87323 22.9612
      vertex 33.0786 6.40804 27.3516
      vertex 33.3587 6.36769 27.2817
    endloop
  endfacet
  facet normal -8.44836e-05 0.866025 -0.500001
    outer loop
      vertex 32.2089 3.84881 22.9189
      vertex 32.2089 6.43246 27.3939
      vertex 32.5 3.84064 22.9047
    endloop
  endfacet
  facet normal 5.66559e-05 0.866024 -0.500002
    outer loop
      vertex 33.3587 3.91359 23.0311
      vertex 33.3587 6.36769 27.2817
      vertex 33.6281 6.3119 27.1851
    endloop
  endfacet
  facet normal 5.9875e-06 0.866025 -0.500001
    outer loop
      vertex 32.2089 6.43246 27.3939
      vertex 32.2089 3.84881 22.9189
      vertex 31.9214 6.40804 27.3516
    endloop
  endfacet
  facet normal -0.000107137 0.866027 -0.499997
    outer loop
      vertex 33.6281 3.96938 23.1277
      vertex 33.6281 6.3119 27.1851
      vertex 33.8833 6.24138 27.0629
    endloop
  endfacet
  facet normal -6.10287e-06 0.866024 -0.500002
    outer loop
      vertex 31.9214 3.87323 22.9612
      vertex 31.9214 6.40804 27.3516
      vertex 32.2089 3.84881 22.9189
    endloop
  endfacet
  facet normal 2.71746e-05 0.866021 -0.500007
    outer loop
      vertex 33.8833 4.0399 23.2499
      vertex 33.8833 6.24138 27.0629
      vertex 34.1211 6.15702 26.9168
    endloop
  endfacet
  facet normal 2.15346e-05 0.866024 -0.500002
    outer loop
      vertex 31.9214 6.40804 27.3516
      vertex 31.9214 3.87323 22.9612
      vertex 31.6413 6.36769 27.2817
    endloop
  endfacet
  facet normal 0.00011346 0.866023 -0.500005
    outer loop
      vertex 34.1211 4.12426 23.396
      vertex 34.1211 6.15702 26.9168
      vertex 34.3385 6.05988 26.7486
    endloop
  endfacet
  facet normal 9.18401e-06 0.866024 -0.500002
    outer loop
      vertex 31.6413 3.91359 23.0311
      vertex 31.6413 6.36769 27.2817
      vertex 31.9214 3.87323 22.9612
    endloop
  endfacet
  facet normal -1.3521e-05 0.866029 -0.499993
    outer loop
      vertex 34.3385 4.2214 23.5642
      vertex 34.3385 6.05988 26.7486
      vertex 34.5328 5.95117 26.5603
    endloop
  endfacet
  facet normal -5.66559e-05 0.866024 -0.500002
    outer loop
      vertex 31.6413 6.36769 27.2817
      vertex 31.6413 3.91359 23.0311
      vertex 31.3719 6.3119 27.1851
    endloop
  endfacet
  facet normal 7.50138e-05 0.866027 -0.499997
    outer loop
      vertex 34.5328 4.3301 23.7525
      vertex 34.5328 5.95117 26.5603
      vertex 34.7015 5.83228 26.3544
    endloop
  endfacet
  facet normal 5.93539e-05 0.866027 -0.499997
    outer loop
      vertex 31.3719 3.96938 23.1277
      vertex 31.3719 6.3119 27.1851
      vertex 31.6413 3.91359 23.0311
    endloop
  endfacet
  facet normal -1.14835e-05 0.86603 -0.499993
    outer loop
      vertex 34.5328 4.3301 23.7525
      vertex 34.7015 5.83228 26.3544
      vertex 34.8425 5.70469 26.1334
    endloop
  endfacet
  facet normal 0.000107137 0.866027 -0.499997
    outer loop
      vertex 31.3719 6.3119 27.1851
      vertex 31.3719 3.96938 23.1277
      vertex 31.1167 6.24138 27.0629
    endloop
  endfacet
  facet normal -2.15917e-05 0.86603 -0.499992
    outer loop
      vertex 34.5328 4.3301 23.7525
      vertex 34.8425 5.70469 26.1334
      vertex 34.9541 5.57 25.9001
    endloop
  endfacet
  facet normal -0.000114003 0.866021 -0.500007
    outer loop
      vertex 31.1167 4.0399 23.2499
      vertex 31.1167 6.24138 27.0629
      vertex 31.3719 3.96938 23.1277
    endloop
  endfacet
  facet normal -0.000276327 0.866052 -0.499954
    outer loop
      vertex 34.5328 4.3301 23.7525
      vertex 34.9541 5.57 25.9001
      vertex 35.0348 5.42992 25.6574
    endloop
  endfacet
  facet normal 8.44836e-05 0.866025 -0.500001
    outer loop
      vertex 32.7911 6.43246 27.3939
      vertex 32.7911 3.84881 22.9189
      vertex 32.5 3.84064 22.9047
    endloop
  endfacet
  facet normal 0.000182966 0.865999 -0.500045
    outer loop
      vertex 34.5328 4.3301 23.7525
      vertex 35.0348 5.42992 25.6574
      vertex 35.0837 5.28619 25.4085
    endloop
  endfacet
  facet normal -2.71746e-05 0.866021 -0.500007
    outer loop
      vertex 31.1167 6.24138 27.0629
      vertex 31.1167 4.0399 23.2499
      vertex 30.8789 6.15702 26.9168
    endloop
  endfacet
  facet normal 2.66791e-06 0.866025 -0.5
    outer loop
      vertex 34.5328 4.3301 23.7525
      vertex 35.0837 5.28619 25.4085
      vertex 35.1 5.14064 25.1564
    endloop
  endfacet
  facet normal 2.94299e-05 0.866023 -0.500005
    outer loop
      vertex 30.8789 4.12426 23.396
      vertex 30.8789 6.15702 26.9168
      vertex 31.1167 4.0399 23.2499
    endloop
  endfacet
  facet normal 0.000104909 0.866008 -0.500031
    outer loop
      vertex 34.5328 4.3301 23.7525
      vertex 35.1 5.14064 25.1564
      vertex 35.0837 4.99508 24.9043
    endloop
  endfacet
  facet normal -0.00011346 0.866023 -0.500005
    outer loop
      vertex 30.8789 6.15702 26.9168
      vertex 30.8789 4.12426 23.396
      vertex 30.6615 6.05988 26.7486
    endloop
  endfacet
  facet normal 0.000248381 0.865978 -0.500082
    outer loop
      vertex 34.5328 4.3301 23.7525
      vertex 35.0837 4.99508 24.9043
      vertex 35.0348 4.85136 24.6554
    endloop
  endfacet
  facet normal 0.000125447 0.866029 -0.499993
    outer loop
      vertex 30.6615 4.2214 23.5642
      vertex 30.6615 6.05988 26.7486
      vertex 30.8789 4.12426 23.396
    endloop
  endfacet
  facet normal -0.000558388 0.866172 -0.499746
    outer loop
      vertex 34.5328 4.3301 23.7525
      vertex 35.0348 4.85136 24.6554
      vertex 34.9541 4.71128 24.4127
    endloop
  endfacet
  facet normal 1.3521e-05 0.866029 -0.499993
    outer loop
      vertex 30.6615 6.05988 26.7486
      vertex 30.6615 4.2214 23.5642
      vertex 30.4672 5.95117 26.5603
    endloop
  endfacet
  facet normal -2.70384e-05 0.86604 -0.499974
    outer loop
      vertex 34.7015 4.449 23.9584
      vertex 34.9541 4.71128 24.4127
      vertex 34.8425 4.57659 24.1794
    endloop
  endfacet
  facet normal -6.28953e-05 0.866027 -0.499997
    outer loop
      vertex 30.4672 4.3301 23.7525
      vertex 30.4672 5.95117 26.5603
      vertex 30.6615 4.2214 23.5642
    endloop
  endfacet
  facet normal -0.000450758 0.866142 -0.499797
    outer loop
      vertex 34.5328 4.3301 23.7525
      vertex 34.9541 4.71128 24.4127
      vertex 34.7015 4.449 23.9584
    endloop
  endfacet
  facet normal 6.10287e-06 0.866024 -0.500002
    outer loop
      vertex 33.0786 6.40804 27.3516
      vertex 33.0786 3.87323 22.9612
      vertex 32.7911 3.84881 22.9189
    endloop
  endfacet
  facet normal 6.28953e-05 0.866027 -0.499997
    outer loop
      vertex 34.5328 5.95117 26.5603
      vertex 34.5328 4.3301 23.7525
      vertex 34.3385 4.2214 23.5642
    endloop
  endfacet
  facet normal 1.14835e-05 0.86603 -0.499993
    outer loop
      vertex 30.2985 5.83228 26.3544
      vertex 30.4672 4.3301 23.7525
      vertex 30.1575 5.70469 26.1334
    endloop
  endfacet
  facet normal -0.000125447 0.866029 -0.499993
    outer loop
      vertex 34.3385 6.05988 26.7486
      vertex 34.3385 4.2214 23.5642
      vertex 34.1211 4.12426 23.396
    endloop
  endfacet
  facet normal -9.18401e-06 0.866024 -0.500002
    outer loop
      vertex 33.3587 6.36769 27.2817
      vertex 33.3587 3.91359 23.0311
      vertex 33.0786 3.87323 22.9612
    endloop
  endfacet
  facet normal -2.94299e-05 0.866023 -0.500005
    outer loop
      vertex 34.1211 6.15702 26.9168
      vertex 34.1211 4.12426 23.396
      vertex 33.8833 4.0399 23.2499
    endloop
  endfacet
  facet normal 0.000114003 0.866021 -0.500007
    outer loop
      vertex 33.8833 6.24138 27.0629
      vertex 33.8833 4.0399 23.2499
      vertex 33.6281 3.96938 23.1277
    endloop
  endfacet
  facet normal -5.93539e-05 0.866027 -0.499997
    outer loop
      vertex 33.6281 6.3119 27.1851
      vertex 33.6281 3.96938 23.1277
      vertex 33.3587 3.91359 23.0311
    endloop
  endfacet
  facet normal -0.000104909 0.866008 -0.500031
    outer loop
      vertex 29.9 5.14064 25.1564
      vertex 30.4672 4.3301 23.7525
      vertex 29.9163 4.99508 24.9043
    endloop
  endfacet
  facet normal 2.15917e-05 0.86603 -0.499992
    outer loop
      vertex 30.1575 5.70469 26.1334
      vertex 30.4672 4.3301 23.7525
      vertex 30.0459 5.57 25.9001
    endloop
  endfacet
  facet normal -0.000248381 0.865978 -0.500082
    outer loop
      vertex 29.9163 4.99508 24.9043
      vertex 30.4672 4.3301 23.7525
      vertex 29.9652 4.85136 24.6554
    endloop
  endfacet
  facet normal -2.66791e-06 0.866025 -0.5
    outer loop
      vertex 29.9163 5.28619 25.4085
      vertex 30.4672 4.3301 23.7525
      vertex 29.9 5.14064 25.1564
    endloop
  endfacet
  facet normal 0.000558388 0.866172 -0.499746
    outer loop
      vertex 29.9652 4.85136 24.6554
      vertex 30.4672 4.3301 23.7525
      vertex 30.0459 4.71128 24.4127
    endloop
  endfacet
  facet normal 0.000450758 0.866142 -0.499797
    outer loop
      vertex 30.0459 4.71128 24.4127
      vertex 30.4672 4.3301 23.7525
      vertex 30.2985 4.449 23.9584
    endloop
  endfacet
  facet normal 2.70384e-05 0.86604 -0.499974
    outer loop
      vertex 30.0459 4.71128 24.4127
      vertex 30.2985 4.449 23.9584
      vertex 30.1575 4.57659 24.1794
    endloop
  endfacet
  facet normal -0.000182966 0.865999 -0.500045
    outer loop
      vertex 29.9652 5.42992 25.6574
      vertex 30.4672 4.3301 23.7525
      vertex 29.9163 5.28619 25.4085
    endloop
  endfacet
  facet normal 0.000276327 0.866052 -0.499954
    outer loop
      vertex 30.0459 5.57 25.9001
      vertex 30.4672 4.3301 23.7525
      vertex 29.9652 5.42992 25.6574
    endloop
  endfacet
  facet normal -7.50138e-05 0.866027 -0.499997
    outer loop
      vertex 30.4672 5.95117 26.5603
      vertex 30.4672 4.3301 23.7525
      vertex 30.2985 5.83228 26.3544
    endloop
  endfacet
  facet normal 0.985834 -0.0838625 -0.145254
    outer loop
      vertex 29.9652 5.42992 25.6574
      vertex 29.9163 7.01824 24.4085
      vertex 29.9652 7.16197 24.6574
    endloop
  endfacet
  facet normal 0.985834 -0.0838625 -0.145254
    outer loop
      vertex 29.9163 7.01824 24.4085
      vertex 29.9652 5.42992 25.6574
      vertex 29.9163 5.28619 25.4085
    endloop
  endfacet
  facet normal -0.745643 -0.333173 -0.577072
    outer loop
      vertex 34.5328 7.68323 25.5603
      vertex 34.3385 6.05988 26.7486
      vertex 34.3385 7.79193 25.7486
    endloop
  endfacet
  facet normal -0.745651 -0.333167 -0.577065
    outer loop
      vertex 34.3385 6.05988 26.7486
      vertex 34.5328 7.68323 25.5603
      vertex 34.5328 5.95117 26.5603
    endloop
  endfacet
  facet normal -0.578622 -0.407798 -0.706327
    outer loop
      vertex 33.8833 6.24138 27.0629
      vertex 34.1211 7.88907 25.9168
      vertex 34.1211 6.15702 26.9168
    endloop
  endfacet
  facet normal -0.578622 -0.407798 -0.706327
    outer loop
      vertex 34.1211 7.88907 25.9168
      vertex 33.8833 6.24138 27.0629
      vertex 33.8833 7.97343 26.0629
    endloop
  endfacet
  facet normal -0.483835 -0.43758 -0.75791
    outer loop
      vertex 33.6281 6.3119 27.1851
      vertex 33.8833 7.97343 26.0629
      vertex 33.8833 6.24138 27.0629
    endloop
  endfacet
  facet normal -0.483835 -0.43758 -0.75791
    outer loop
      vertex 33.8833 7.97343 26.0629
      vertex 33.6281 6.3119 27.1851
      vertex 33.6281 8.04395 26.1851
    endloop
  endfacet
  facet normal 0.382578 -0.461962 -0.800141
    outer loop
      vertex 31.3719 8.04395 26.1851
      vertex 31.6413 6.36769 27.2817
      vertex 31.3719 6.3119 27.1851
    endloop
  endfacet
  facet normal 0.382578 -0.461962 -0.800141
    outer loop
      vertex 31.6413 6.36769 27.2817
      vertex 31.3719 8.04395 26.1851
      vertex 31.6413 8.09974 26.2817
    endloop
  endfacet
  facet normal 0.815566 -0.289331 -0.501139
    outer loop
      vertex 30.4672 5.95117 26.5603
      vertex 30.2985 7.56433 25.3544
      vertex 30.4672 7.68323 25.5603
    endloop
  endfacet
  facet normal 0.81556 -0.289336 -0.501145
    outer loop
      vertex 30.2985 7.56433 25.3544
      vertex 30.4672 5.95117 26.5603
      vertex 30.2985 5.83228 26.3544
    endloop
  endfacet
  facet normal 0.483835 -0.43758 -0.75791
    outer loop
      vertex 31.1167 7.97343 26.0629
      vertex 31.3719 6.3119 27.1851
      vertex 31.1167 6.24138 27.0629
    endloop
  endfacet
  facet normal 0.483835 -0.43758 -0.75791
    outer loop
      vertex 31.3719 6.3119 27.1851
      vertex 31.1167 7.97343 26.0629
      vertex 31.3719 8.04395 26.1851
    endloop
  endfacet
  facet normal 0.578622 -0.407798 -0.706327
    outer loop
      vertex 30.8789 7.88907 25.9168
      vertex 31.1167 6.24138 27.0629
      vertex 30.8789 6.15702 26.9168
    endloop
  endfacet
  facet normal 0.578622 -0.407798 -0.706327
    outer loop
      vertex 31.1167 6.24138 27.0629
      vertex 30.8789 7.88907 25.9168
      vertex 31.1167 7.97343 26.0629
    endloop
  endfacet
  facet normal 0.276882 -0.480452 -0.832167
    outer loop
      vertex 31.6413 8.09974 26.2817
      vertex 31.9214 6.40804 27.3516
      vertex 31.6413 6.36769 27.2817
    endloop
  endfacet
  facet normal 0.276898 -0.480448 -0.832164
    outer loop
      vertex 31.9214 6.40804 27.3516
      vertex 31.6413 8.09974 26.2817
      vertex 31.9214 8.1401 26.3516
    endloop
  endfacet
  facet normal 1 0 0
    outer loop
      vertex -70.35 6.31038 31.5825
      vertex -70.35 -0.0146168 20.6272
      vertex -70.35 1.54423 19.7272
    endloop
  endfacet
  facet normal 1 0 0
    outer loop
      vertex -70.35 7.86923 30.6825
      vertex -70.35 8.58753 31.8266
      vertex -70.35 8.54423 31.8516
    endloop
  endfacet
  facet normal 1 0 0
    outer loop
      vertex -70.35 1.54423 19.7272
      vertex -70.35 7.86923 30.6825
      vertex -70.35 6.31038 31.5825
    endloop
  endfacet
  facet normal 1 0 0
    outer loop
      vertex -70.35 1.08753 18.8362
      vertex -70.35 7.86923 30.6825
      vertex -70.35 1.54423 19.7272
    endloop
  endfacet
  facet normal 1 -0 0
    outer loop
      vertex -70.35 7.86923 30.6825
      vertex -70.35 1.08753 18.8362
      vertex -70.35 8.58753 31.8266
    endloop
  endfacet
  facet normal 1 0 -0
    outer loop
      vertex -70.35 1.08753 18.8362
      vertex -70.35 1.54423 19.7272
      vertex -70.35 1.04423 18.8612
    endloop
  endfacet
  facet normal 0 -0.500011 -0.866019
    outer loop
      vertex -70.35 8.54423 31.8516
      vertex -60.65 8.58753 31.8266
      vertex -60.65 8.54423 31.8516
    endloop
  endfacet
  facet normal -0 -0.500011 -0.866019
    outer loop
      vertex -60.65 8.58753 31.8266
      vertex -70.35 8.54423 31.8516
      vertex -70.35 8.58753 31.8266
    endloop
  endfacet
  facet normal -1 -0 0
    outer loop
      vertex -60.65 8.58753 31.8266
      vertex -60.65 7.86923 30.6825
      vertex -60.65 8.54423 31.8516
    endloop
  endfacet
  facet normal -1 -0 0
    outer loop
      vertex -60.65 7.86923 30.6825
      vertex -60.65 1.54423 19.7272
      vertex -60.65 6.31038 31.5825
    endloop
  endfacet
  facet normal -1 0 0
    outer loop
      vertex -60.65 1.08753 18.8362
      vertex -60.65 7.86923 30.6825
      vertex -60.65 8.58753 31.8266
    endloop
  endfacet
  facet normal -1 0 0
    outer loop
      vertex -60.65 7.86923 30.6825
      vertex -60.65 1.08753 18.8362
      vertex -60.65 1.54423 19.7272
    endloop
  endfacet
  facet normal -1 0 0
    outer loop
      vertex -60.65 1.54423 19.7272
      vertex -60.65 1.08753 18.8362
      vertex -60.65 1.04423 18.8612
    endloop
  endfacet
  facet normal -1 0 0
    outer loop
      vertex -60.65 6.31038 31.5825
      vertex -60.65 1.54423 19.7272
      vertex -60.65 -0.0146168 20.6272
    endloop
  endfacet
  facet normal 0 -0.866026 0.499999
    outer loop
      vertex -70.35 1.08753 18.8362
      vertex -60.65 8.58753 31.8266
      vertex -70.35 8.58753 31.8266
    endloop
  endfacet
  facet normal 0 -0.866026 0.499999
    outer loop
      vertex -60.65 8.58753 31.8266
      vertex -70.35 1.08753 18.8362
      vertex -60.65 1.08753 18.8362
    endloop
  endfacet
  facet normal -0 0.500011 0.866019
    outer loop
      vertex -70.35 1.08753 18.8362
      vertex -60.65 1.04423 18.8612
      vertex -60.65 1.08753 18.8362
    endloop
  endfacet
  facet normal 0 0.500011 0.866019
    outer loop
      vertex -60.65 1.04423 18.8612
      vertex -70.35 1.08753 18.8362
      vertex -70.35 1.04423 18.8612
    endloop
  endfacet
  facet normal 1 0 0
    outer loop
      vertex -51.85 6.31038 31.5825
      vertex -51.85 -0.0146168 20.6272
      vertex -51.85 1.54423 19.7272
    endloop
  endfacet
  facet normal 1 0 0
    outer loop
      vertex -51.85 7.86923 30.6825
      vertex -51.85 8.58753 31.8266
      vertex -51.85 8.54423 31.8516
    endloop
  endfacet
  facet normal 1 0 0
    outer loop
      vertex -51.85 1.54423 19.7272
      vertex -51.85 7.86923 30.6825
      vertex -51.85 6.31038 31.5825
    endloop
  endfacet
  facet normal 1 0 0
    outer loop
      vertex -51.85 1.08753 18.8362
      vertex -51.85 7.86923 30.6825
      vertex -51.85 1.54423 19.7272
    endloop
  endfacet
  facet normal 1 -0 0
    outer loop
      vertex -51.85 7.86923 30.6825
      vertex -51.85 1.08753 18.8362
      vertex -51.85 8.58753 31.8266
    endloop
  endfacet
  facet normal 1 0 -0
    outer loop
      vertex -51.85 1.08753 18.8362
      vertex -51.85 1.54423 19.7272
      vertex -51.85 1.04423 18.8612
    endloop
  endfacet
  facet normal 0 -0.500011 -0.866019
    outer loop
      vertex -51.85 8.54423 31.8516
      vertex -42.15 8.58753 31.8266
      vertex -42.15 8.54423 31.8516
    endloop
  endfacet
  facet normal -0 -0.500011 -0.866019
    outer loop
      vertex -42.15 8.58753 31.8266
      vertex -51.85 8.54423 31.8516
      vertex -51.85 8.58753 31.8266
    endloop
  endfacet
  facet normal -1 -0 0
    outer loop
      vertex -42.15 8.58753 31.8266
      vertex -42.15 7.86923 30.6825
      vertex -42.15 8.54423 31.8516
    endloop
  endfacet
  facet normal -1 -0 0
    outer loop
      vertex -42.15 7.86923 30.6825
      vertex -42.15 1.54423 19.7272
      vertex -42.15 6.31038 31.5825
    endloop
  endfacet
  facet normal -1 0 0
    outer loop
      vertex -42.15 1.08753 18.8362
      vertex -42.15 7.86923 30.6825
      vertex -42.15 8.58753 31.8266
    endloop
  endfacet
  facet normal -1 0 0
    outer loop
      vertex -42.15 7.86923 30.6825
      vertex -42.15 1.08753 18.8362
      vertex -42.15 1.54423 19.7272
    endloop
  endfacet
  facet normal -1 0 0
    outer loop
      vertex -42.15 1.54423 19.7272
      vertex -42.15 1.08753 18.8362
      vertex -42.15 1.04423 18.8612
    endloop
  endfacet
  facet normal -1 0 0
    outer loop
      vertex -42.15 6.31038 31.5825
      vertex -42.15 1.54423 19.7272
      vertex -42.15 -0.0146168 20.6272
    endloop
  endfacet
  facet normal 0 -0.866026 0.499999
    outer loop
      vertex -51.85 1.08753 18.8362
      vertex -42.15 8.58753 31.8266
      vertex -51.85 8.58753 31.8266
    endloop
  endfacet
  facet normal 0 -0.866026 0.499999
    outer loop
      vertex -42.15 8.58753 31.8266
      vertex -51.85 1.08753 18.8362
      vertex -42.15 1.08753 18.8362
    endloop
  endfacet
  facet normal -0 0.500011 0.866019
    outer loop
      vertex -51.85 1.08753 18.8362
      vertex -42.15 1.04423 18.8612
      vertex -42.15 1.08753 18.8362
    endloop
  endfacet
  facet normal 0 0.500011 0.866019
    outer loop
      vertex -42.15 1.04423 18.8612
      vertex -51.85 1.08753 18.8362
      vertex -51.85 1.04423 18.8612
    endloop
  endfacet
  facet normal 1 0 0
    outer loop
      vertex 9.15 6.31038 31.5825
      vertex 9.15 -0.0146168 20.6272
      vertex 9.15 1.54423 19.7272
    endloop
  endfacet
  facet normal 1 0 0
    outer loop
      vertex 9.15 7.86923 30.6825
      vertex 9.15 8.58753 31.8266
      vertex 9.15 8.54423 31.8516
    endloop
  endfacet
  facet normal 1 0 0
    outer loop
      vertex 9.15 1.54423 19.7272
      vertex 9.15 7.86923 30.6825
      vertex 9.15 6.31038 31.5825
    endloop
  endfacet
  facet normal 1 0 0
    outer loop
      vertex 9.15 1.08753 18.8362
      vertex 9.15 7.86923 30.6825
      vertex 9.15 1.54423 19.7272
    endloop
  endfacet
  facet normal 1 -0 0
    outer loop
      vertex 9.15 7.86923 30.6825
      vertex 9.15 1.08753 18.8362
      vertex 9.15 8.58753 31.8266
    endloop
  endfacet
  facet normal 1 0 -0
    outer loop
      vertex 9.15 1.08753 18.8362
      vertex 9.15 1.54423 19.7272
      vertex 9.15 1.04423 18.8612
    endloop
  endfacet
  facet normal 0 -0.500011 -0.866019
    outer loop
      vertex 9.15 8.54423 31.8516
      vertex 18.85 8.58753 31.8266
      vertex 18.85 8.54423 31.8516
    endloop
  endfacet
  facet normal -0 -0.500011 -0.866019
    outer loop
      vertex 18.85 8.58753 31.8266
      vertex 9.15 8.54423 31.8516
      vertex 9.15 8.58753 31.8266
    endloop
  endfacet
  facet normal -1 -0 0
    outer loop
      vertex 18.85 8.58753 31.8266
      vertex 18.85 7.86923 30.6825
      vertex 18.85 8.54423 31.8516
    endloop
  endfacet
  facet normal -1 -0 0
    outer loop
      vertex 18.85 7.86923 30.6825
      vertex 18.85 1.54423 19.7272
      vertex 18.85 6.31038 31.5825
    endloop
  endfacet
  facet normal -1 0 0
    outer loop
      vertex 18.85 1.08753 18.8362
      vertex 18.85 7.86923 30.6825
      vertex 18.85 8.58753 31.8266
    endloop
  endfacet
  facet normal -1 0 0
    outer loop
      vertex 18.85 7.86923 30.6825
      vertex 18.85 1.08753 18.8362
      vertex 18.85 1.54423 19.7272
    endloop
  endfacet
  facet normal -1 0 0
    outer loop
      vertex 18.85 1.54423 19.7272
      vertex 18.85 1.08753 18.8362
      vertex 18.85 1.04423 18.8612
    endloop
  endfacet
  facet normal -1 0 0
    outer loop
      vertex 18.85 6.31038 31.5825
      vertex 18.85 1.54423 19.7272
      vertex 18.85 -0.0146168 20.6272
    endloop
  endfacet
  facet normal -0 0.500011 0.866019
    outer loop
      vertex 9.15 1.08753 18.8362
      vertex 18.85 1.04423 18.8612
      vertex 18.85 1.08753 18.8362
    endloop
  endfacet
  facet normal 0 0.500011 0.866019
    outer loop
      vertex 18.85 1.04423 18.8612
      vertex 9.15 1.08753 18.8362
      vertex 9.15 1.04423 18.8612
    endloop
  endfacet
  facet normal 0 -0.866026 0.499999
    outer loop
      vertex 9.15 1.08753 18.8362
      vertex 18.85 8.58753 31.8266
      vertex 9.15 8.58753 31.8266
    endloop
  endfacet
  facet normal 0 -0.866026 0.499999
    outer loop
      vertex 18.85 8.58753 31.8266
      vertex 9.15 1.08753 18.8362
      vertex 18.85 1.08753 18.8362
    endloop
  endfacet
  facet normal 1 0 0
    outer loop
      vertex 27.65 6.31038 31.5825
      vertex 27.65 -0.0146168 20.6272
      vertex 27.65 1.54423 19.7272
    endloop
  endfacet
  facet normal 1 0 0
    outer loop
      vertex 27.65 7.86923 30.6825
      vertex 27.65 8.58753 31.8266
      vertex 27.65 8.54423 31.8516
    endloop
  endfacet
  facet normal 1 0 0
    outer loop
      vertex 27.65 1.54423 19.7272
      vertex 27.65 7.86923 30.6825
      vertex 27.65 6.31038 31.5825
    endloop
  endfacet
  facet normal 1 0 0
    outer loop
      vertex 27.65 1.08753 18.8362
      vertex 27.65 7.86923 30.6825
      vertex 27.65 1.54423 19.7272
    endloop
  endfacet
  facet normal 1 -0 0
    outer loop
      vertex 27.65 7.86923 30.6825
      vertex 27.65 1.08753 18.8362
      vertex 27.65 8.58753 31.8266
    endloop
  endfacet
  facet normal 1 0 -0
    outer loop
      vertex 27.65 1.08753 18.8362
      vertex 27.65 1.54423 19.7272
      vertex 27.65 1.04423 18.8612
    endloop
  endfacet
  facet normal 0 -0.500011 -0.866019
    outer loop
      vertex 27.65 8.54423 31.8516
      vertex 37.35 8.58753 31.8266
      vertex 37.35 8.54423 31.8516
    endloop
  endfacet
  facet normal -0 -0.500011 -0.866019
    outer loop
      vertex 37.35 8.58753 31.8266
      vertex 27.65 8.54423 31.8516
      vertex 27.65 8.58753 31.8266
    endloop
  endfacet
  facet normal -1 -0 0
    outer loop
      vertex 37.35 8.58753 31.8266
      vertex 37.35 7.86923 30.6825
      vertex 37.35 8.54423 31.8516
    endloop
  endfacet
  facet normal -1 -0 0
    outer loop
      vertex 37.35 7.86923 30.6825
      vertex 37.35 1.54423 19.7272
      vertex 37.35 6.31038 31.5825
    endloop
  endfacet
  facet normal -1 0 0
    outer loop
      vertex 37.35 1.08753 18.8362
      vertex 37.35 7.86923 30.6825
      vertex 37.35 8.58753 31.8266
    endloop
  endfacet
  facet normal -1 0 0
    outer loop
      vertex 37.35 7.86923 30.6825
      vertex 37.35 1.08753 18.8362
      vertex 37.35 1.54423 19.7272
    endloop
  endfacet
  facet normal -1 0 0
    outer loop
      vertex 37.35 1.54423 19.7272
      vertex 37.35 1.08753 18.8362
      vertex 37.35 1.04423 18.8612
    endloop
  endfacet
  facet normal -1 0 0
    outer loop
      vertex 37.35 6.31038 31.5825
      vertex 37.35 1.54423 19.7272
      vertex 37.35 -0.0146168 20.6272
    endloop
  endfacet
  facet normal 0 -0.866026 0.499999
    outer loop
      vertex 27.65 1.08753 18.8362
      vertex 37.35 8.58753 31.8266
      vertex 27.65 8.58753 31.8266
    endloop
  endfacet
  facet normal 0 -0.866026 0.499999
    outer loop
      vertex 37.35 8.58753 31.8266
      vertex 27.65 1.08753 18.8362
      vertex 37.35 1.08753 18.8362
    endloop
  endfacet
  facet normal -0 0.500011 0.866019
    outer loop
      vertex 27.65 1.08753 18.8362
      vertex 37.35 1.04423 18.8612
      vertex 37.35 1.08753 18.8362
    endloop
  endfacet
  facet normal 0 0.500011 0.866019
    outer loop
      vertex 37.35 1.04423 18.8612
      vertex 27.65 1.08753 18.8362
      vertex 27.65 1.04423 18.8612
    endloop
  endfacet
endsolid OpenSCAD_Model
