solid OpenSCAD_Model
  facet normal 0.666055 -0.587779 0.459223
    outer loop
      vertex 41.9013 11.757 29.9457
      vertex 42.0343 0.768704 15.6884
      vertex 42.0343 11.8506 29.8726
    endloop
  endfacet
  facet normal 0.666309 -0.587599 0.459086
    outer loop
      vertex 42.0343 0.768704 15.6884
      vertex 41.9013 11.757 29.9457
      vertex 41.9013 0.675079 15.7616
    endloop
  endfacet
  facet normal 0 -0.788007 0.615666
    outer loop
      vertex -60.65 1.32522 17.1571
      vertex -51.85 1.94088 17.9451
      vertex -60.65 1.94088 17.9451
    endloop
  endfacet
  facet normal 0 -0.788007 0.615666
    outer loop
      vertex -51.85 1.94088 17.9451
      vertex -60.65 1.32522 17.1571
      vertex -51.85 1.32522 17.1571
    endloop
  endfacet
  facet normal 0 -0.788007 0.615666
    outer loop
      vertex 18.85 1.32522 17.1571
      vertex 27.65 1.94088 17.9451
      vertex 18.85 1.94088 17.9451
    endloop
  endfacet
  facet normal 0 -0.788007 0.615666
    outer loop
      vertex 27.65 1.94088 17.9451
      vertex 18.85 1.32522 17.1571
      vertex 27.65 1.32522 17.1571
    endloop
  endfacet
  facet normal 0 -0.788007 0.615666
    outer loop
      vertex 37.35 1.94088 17.9451
      vertex 37.35 1.32522 17.1571
      vertex 39.6894 1.94088 17.9451
    endloop
  endfacet
  facet normal 0 -0.788007 0.615666
    outer loop
      vertex -42.15 1.32522 17.1571
      vertex -36.3106 1.94088 17.9451
      vertex -42.15 1.94088 17.9451
    endloop
  endfacet
  facet normal 0 -0.788007 0.615666
    outer loop
      vertex -36.3106 1.94088 17.9451
      vertex -42.15 1.32522 17.1571
      vertex -33.1265 1.94088 17.9451
    endloop
  endfacet
  facet normal 0 -0.788007 0.615666
    outer loop
      vertex -33.1265 1.94088 17.9451
      vertex -42.15 1.32522 17.1571
      vertex 0.126506 1.94088 17.9451
    endloop
  endfacet
  facet normal 0 -0.788007 0.615666
    outer loop
      vertex 9.15 1.32522 17.1571
      vertex 0.126506 1.94088 17.9451
      vertex -42.15 1.32522 17.1571
    endloop
  endfacet
  facet normal 0 -0.788007 0.615666
    outer loop
      vertex 0.126506 1.94088 17.9451
      vertex 9.15 1.32522 17.1571
      vertex 3.31057 1.94088 17.9451
    endloop
  endfacet
  facet normal 0 -0.788007 0.615666
    outer loop
      vertex 3.31057 1.94088 17.9451
      vertex 9.15 1.32522 17.1571
      vertex 9.15 1.94088 17.9451
    endloop
  endfacet
  facet normal 0 -0.788022 0.615647
    outer loop
      vertex 18.85 9.729 27.9135
      vertex 27.65 10.5601 28.9773
      vertex 18.85 10.5601 28.9773
    endloop
  endfacet
  facet normal 0 -0.788022 0.615647
    outer loop
      vertex 27.65 10.5601 28.9773
      vertex 18.85 9.729 27.9135
      vertex 27.65 9.729 27.9135
    endloop
  endfacet
  facet normal 0 -0.788022 0.615647
    outer loop
      vertex -60.65 9.729 27.9135
      vertex -51.85 10.5601 28.9773
      vertex -60.65 10.5601 28.9773
    endloop
  endfacet
  facet normal 0 -0.788022 0.615647
    outer loop
      vertex -51.85 10.5601 28.9773
      vertex -60.65 9.729 27.9135
      vertex -51.85 9.729 27.9135
    endloop
  endfacet
  facet normal 0 -0.788004 0.61567
    outer loop
      vertex -60.65 10.5601 28.9773
      vertex -73.91 11.4836 30.1593
      vertex -70.35 10.5601 28.9773
    endloop
  endfacet
  facet normal -7.10768e-06 -0.788015 0.615657
    outer loop
      vertex -73.91 11.4836 30.1593
      vertex -72.6894 9.729 27.9135
      vertex -70.35 10.5601 28.9773
    endloop
  endfacet
  facet normal 3.22326e-06 -0.788012 0.61566
    outer loop
      vertex -73.91 0.401728 15.9751
      vertex -72.6894 9.729 27.9135
      vertex -73.91 11.4836 30.1593
    endloop
  endfacet
  facet normal 0 -0.788007 0.615666
    outer loop
      vertex -72.6894 1.94088 17.9451
      vertex -70.35 1.32522 17.1571
      vertex -70.35 1.94088 17.9451
    endloop
  endfacet
  facet normal 0 -0.788007 0.615667
    outer loop
      vertex -73.91 0.401728 15.9751
      vertex -60.65 1.32522 17.1571
      vertex -70.35 1.32522 17.1571
    endloop
  endfacet
  facet normal 0 -0.788007 0.615667
    outer loop
      vertex -60.65 1.32522 17.1571
      vertex -73.91 0.401728 15.9751
      vertex -51.85 1.32522 17.1571
    endloop
  endfacet
  facet normal 0 -0.788007 0.615667
    outer loop
      vertex -51.85 1.32522 17.1571
      vertex -73.91 0.401728 15.9751
      vertex -42.15 1.32522 17.1571
    endloop
  endfacet
  facet normal 0 -0.788007 0.615667
    outer loop
      vertex -42.15 1.32522 17.1571
      vertex -73.91 0.401728 15.9751
      vertex 9.15 1.32522 17.1571
    endloop
  endfacet
  facet normal 0 -0.788007 0.615667
    outer loop
      vertex 40.91 0.401728 15.9751
      vertex 9.15 1.32522 17.1571
      vertex -73.91 0.401728 15.9751
    endloop
  endfacet
  facet normal 0 -0.788007 0.615667
    outer loop
      vertex 9.15 1.32522 17.1571
      vertex 40.91 0.401728 15.9751
      vertex 18.85 1.32522 17.1571
    endloop
  endfacet
  facet normal 0 -0.788007 0.615667
    outer loop
      vertex 18.85 1.32522 17.1571
      vertex 40.91 0.401728 15.9751
      vertex 27.65 1.32522 17.1571
    endloop
  endfacet
  facet normal 2.22944e-07 -0.788007 0.615666
    outer loop
      vertex -72.6894 1.94088 17.9451
      vertex -73.91 0.401728 15.9751
      vertex -70.35 1.32522 17.1571
    endloop
  endfacet
  facet normal 1.85482e-05 -0.788013 0.615659
    outer loop
      vertex -72.6894 9.729 27.9135
      vertex -73.91 0.401728 15.9751
      vertex -72.6894 1.94088 17.9451
    endloop
  endfacet
  facet normal 0 -0.788026 0.615642
    outer loop
      vertex -34.41 20.1029 41.1915
      vertex -33.1265 18.3483 38.9456
      vertex 1.41 20.1029 41.1915
    endloop
  endfacet
  facet normal 5.49694e-05 -0.788011 0.615662
    outer loop
      vertex -34.41 11.4836 30.1593
      vertex -33.1265 18.3483 38.9456
      vertex -34.41 20.1029 41.1915
    endloop
  endfacet
  facet normal 0 -0.788004 0.61567
    outer loop
      vertex -51.85 10.5601 28.9773
      vertex -73.91 11.4836 30.1593
      vertex -60.65 10.5601 28.9773
    endloop
  endfacet
  facet normal 0 -0.788004 0.61567
    outer loop
      vertex -73.91 11.4836 30.1593
      vertex -51.85 10.5601 28.9773
      vertex -34.41 11.4836 30.1593
    endloop
  endfacet
  facet normal 0 -0.788004 0.61567
    outer loop
      vertex -42.15 10.5601 28.9773
      vertex -34.41 11.4836 30.1593
      vertex -51.85 10.5601 28.9773
    endloop
  endfacet
  facet normal 0 -0.788022 0.615647
    outer loop
      vertex -36.3106 9.729 27.9135
      vertex -42.15 10.5601 28.9773
      vertex -42.15 9.729 27.9135
    endloop
  endfacet
  facet normal 3.07688e-06 -0.788014 0.615657
    outer loop
      vertex -42.15 10.5601 28.9773
      vertex -36.3106 9.729 27.9135
      vertex -34.41 11.4836 30.1593
    endloop
  endfacet
  facet normal 0 -0.788013 0.615659
    outer loop
      vertex -33.1265 1.94088 17.9451
      vertex -36.3106 9.729 27.9135
      vertex -36.3106 1.94088 17.9451
    endloop
  endfacet
  facet normal 4.73027e-05 -0.78801 0.615662
    outer loop
      vertex -34.41 11.4836 30.1593
      vertex -33.1265 1.94088 17.9451
      vertex -33.1265 18.3483 38.9456
    endloop
  endfacet
  facet normal -1.58709e-07 -0.788013 0.615659
    outer loop
      vertex -36.3106 9.729 27.9135
      vertex -33.1265 1.94088 17.9451
      vertex -34.41 11.4836 30.1593
    endloop
  endfacet
  facet normal 0 -0.788026 0.615642
    outer loop
      vertex 0.126506 18.3483 38.9456
      vertex 1.41 20.1029 41.1915
      vertex -33.1265 18.3483 38.9456
    endloop
  endfacet
  facet normal -5.49697e-05 -0.788011 0.615662
    outer loop
      vertex 0.126506 18.3483 38.9456
      vertex 1.41 11.4836 30.1593
      vertex 1.41 20.1029 41.1915
    endloop
  endfacet
  facet normal 0 -0.788004 0.61567
    outer loop
      vertex 18.85 10.5601 28.9773
      vertex 1.41 11.4836 30.1593
      vertex 9.15 10.5601 28.9773
    endloop
  endfacet
  facet normal -3.07687e-06 -0.788014 0.615657
    outer loop
      vertex 1.41 11.4836 30.1593
      vertex 3.31057 9.729 27.9135
      vertex 9.15 10.5601 28.9773
    endloop
  endfacet
  facet normal -4.73029e-05 -0.78801 0.615662
    outer loop
      vertex 0.126506 1.94088 17.9451
      vertex 1.41 11.4836 30.1593
      vertex 0.126506 18.3483 38.9456
    endloop
  endfacet
  facet normal 1.58711e-07 -0.788013 0.615659
    outer loop
      vertex 0.126506 1.94088 17.9451
      vertex 3.31057 9.729 27.9135
      vertex 1.41 11.4836 30.1593
    endloop
  endfacet
  facet normal 0 -0.788013 0.615659
    outer loop
      vertex 3.31057 9.729 27.9135
      vertex 0.126506 1.94088 17.9451
      vertex 3.31057 1.94088 17.9451
    endloop
  endfacet
  facet normal 0 -0.788004 0.61567
    outer loop
      vertex 1.41 11.4836 30.1593
      vertex 18.85 10.5601 28.9773
      vertex 40.91 11.4836 30.1593
    endloop
  endfacet
  facet normal 0 -0.788004 0.61567
    outer loop
      vertex 27.65 10.5601 28.9773
      vertex 40.91 11.4836 30.1593
      vertex 18.85 10.5601 28.9773
    endloop
  endfacet
  facet normal 0 -0.788004 0.61567
    outer loop
      vertex 37.35 10.5601 28.9773
      vertex 40.91 11.4836 30.1593
      vertex 27.65 10.5601 28.9773
    endloop
  endfacet
  facet normal 0 -0.788022 0.615647
    outer loop
      vertex 39.6894 9.729 27.9135
      vertex 37.35 10.5601 28.9773
      vertex 37.35 9.729 27.9135
    endloop
  endfacet
  facet normal 7.10768e-06 -0.788015 0.615657
    outer loop
      vertex 37.35 10.5601 28.9773
      vertex 39.6894 9.729 27.9135
      vertex 40.91 11.4836 30.1593
    endloop
  endfacet
  facet normal -1.85482e-05 -0.788013 0.615659
    outer loop
      vertex 40.91 0.401728 15.9751
      vertex 39.6894 9.729 27.9135
      vertex 39.6894 1.94088 17.9451
    endloop
  endfacet
  facet normal -3.22326e-06 -0.788012 0.61566
    outer loop
      vertex 39.6894 9.729 27.9135
      vertex 40.91 0.401728 15.9751
      vertex 40.91 11.4836 30.1593
    endloop
  endfacet
  facet normal -2.22944e-07 -0.788007 0.615666
    outer loop
      vertex 37.35 1.32522 17.1571
      vertex 40.91 0.401728 15.9751
      vertex 39.6894 1.94088 17.9451
    endloop
  endfacet
  facet normal 0 -0.788007 0.615667
    outer loop
      vertex 27.65 1.32522 17.1571
      vertex 40.91 0.401728 15.9751
      vertex 37.35 1.32522 17.1571
    endloop
  endfacet
  facet normal 0 -0.788022 0.615647
    outer loop
      vertex -70.35 10.5601 28.9773
      vertex -72.6894 9.729 27.9135
      vertex -70.35 9.729 27.9135
    endloop
  endfacet
  facet normal 0 -0.788022 0.615647
    outer loop
      vertex 9.15 10.5601 28.9773
      vertex 3.31057 9.729 27.9135
      vertex 9.15 9.729 27.9135
    endloop
  endfacet
  facet normal 0 0.78801 -0.615662
    outer loop
      vertex 40.91 2.92336 14.005
      vertex 1.41 14.0053 28.1892
      vertex 40.91 14.0053 28.1892
    endloop
  endfacet
  facet normal 0 0.78801 -0.615662
    outer loop
      vertex 1.41 14.0053 28.1892
      vertex 40.91 2.92336 14.005
      vertex -34.41 14.0053 28.1892
    endloop
  endfacet
  facet normal 0 0.78801 -0.615662
    outer loop
      vertex -73.91 2.92336 14.005
      vertex -34.41 14.0053 28.1892
      vertex 40.91 2.92336 14.005
    endloop
  endfacet
  facet normal 0 0.78801 -0.615662
    outer loop
      vertex -34.41 14.0053 28.1892
      vertex -73.91 2.92336 14.005
      vertex -73.91 14.0053 28.1892
    endloop
  endfacet
  facet normal 0 0.788014 -0.615657
    outer loop
      vertex 1.41 14.0053 28.1892
      vertex -34.41 22.6245 39.2214
      vertex 1.41 22.6245 39.2214
    endloop
  endfacet
  facet normal 0 0.788014 -0.615657
    outer loop
      vertex -34.41 22.6245 39.2214
      vertex 1.41 14.0053 28.1892
      vertex -34.41 14.0053 28.1892
    endloop
  endfacet
  facet normal 0.0563283 0.786759 -0.614684
    outer loop
      vertex 41.088 2.91548 14.0112
      vertex 40.91 14.0053 28.1892
      vertex 41.088 13.9974 28.1954
    endloop
  endfacet
  facet normal 0.0562402 0.786763 -0.614688
    outer loop
      vertex 40.91 14.0053 28.1892
      vertex 41.088 2.91548 14.0112
      vertex 40.91 2.92336 14.005
    endloop
  endfacet
  facet normal 0.167044 0.776938 -0.607012
    outer loop
      vertex 41.2638 2.89195 14.0295
      vertex 41.088 13.9974 28.1954
      vertex 41.2638 13.9739 28.2137
    endloop
  endfacet
  facet normal 0.167173 0.776921 -0.606998
    outer loop
      vertex 41.088 13.9974 28.1954
      vertex 41.2638 2.89195 14.0295
      vertex 41.088 2.91548 14.0112
    endloop
  endfacet
  facet normal 0.875282 0.381093 -0.297741
    outer loop
      vertex 42.3425 13.296 28.7434
      vertex 42.2563 2.33703 14.4631
      vertex 42.2563 13.4189 28.6473
    endloop
  endfacet
  facet normal 0.875364 0.380974 -0.297651
    outer loop
      vertex 42.2563 2.33703 14.4631
      vertex 42.3425 13.296 28.7434
      vertex 42.3425 2.21405 14.5592
    endloop
  endfacet
  facet normal 0.483969 -0.689577 0.538756
    outer loop
      vertex 41.5999 0.525807 15.8782
      vertex 41.7559 11.6757 30.0093
      vertex 41.5999 11.6077 30.0624
    endloop
  endfacet
  facet normal 0.483854 -0.689626 0.538796
    outer loop
      vertex 41.7559 11.6757 30.0093
      vertex 41.5999 0.525807 15.8782
      vertex 41.7559 0.593773 15.8251
    endloop
  endfacet
  facet normal 0.875282 -0.381093 0.297741
    outer loop
      vertex 42.2563 12.07 29.7012
      vertex 42.3425 1.11104 15.4209
      vertex 42.3425 12.1929 29.6051
    endloop
  endfacet
  facet normal 0.875362 -0.380977 0.297653
    outer loop
      vertex 42.3425 1.11104 15.4209
      vertex 42.2563 12.07 29.7012
      vertex 42.2563 0.988062 15.517
    endloop
  endfacet
  facet normal -0.815488 0.456081 -0.356329
    outer loop
      vertex -75.1531 2.45162 14.3736
      vertex -75.2563 13.4189 28.6473
      vertex -75.1531 13.5335 28.5578
    endloop
  endfacet
  facet normal -0.815473 0.456098 -0.356341
    outer loop
      vertex -75.2563 13.4189 28.6473
      vertex -75.1531 2.45162 14.3736
      vertex -75.2563 2.33703 14.4631
    endloop
  endfacet
  facet normal -0.666334 0.587583 -0.45907
    outer loop
      vertex -74.9014 2.65001 14.2186
      vertex -75.0343 13.6383 28.4759
      vertex -74.9014 13.7319 28.4028
    endloop
  endfacet
  facet normal -0.666408 0.587531 -0.45903
    outer loop
      vertex -75.0343 13.6383 28.4759
      vertex -74.9014 2.65001 14.2186
      vertex -75.0343 2.55638 14.2917
    endloop
  endfacet
  facet normal -0.0563283 0.786759 -0.614684
    outer loop
      vertex -73.91 14.0053 28.1892
      vertex -74.088 2.91548 14.0112
      vertex -74.088 13.9974 28.1954
    endloop
  endfacet
  facet normal -0.0562402 0.786763 -0.614688
    outer loop
      vertex -74.088 2.91548 14.0112
      vertex -73.91 14.0053 28.1892
      vertex -73.91 2.92336 14.005
    endloop
  endfacet
  facet normal 0.276934 0.75719 -0.591584
    outer loop
      vertex 41.4351 2.85305 14.0599
      vertex 41.2638 13.9739 28.2137
      vertex 41.4351 13.935 28.2441
    endloop
  endfacet
  facet normal 0.276934 0.75719 -0.591584
    outer loop
      vertex 41.2638 13.9739 28.2137
      vertex 41.4351 2.85305 14.0599
      vertex 41.2638 2.89195 14.0295
    endloop
  endfacet
  facet normal 0.985836 0.132161 -0.103255
    outer loop
      vertex 42.49 12.8926 29.0585
      vertex 42.4601 1.94923 14.7661
      vertex 42.4601 13.0311 28.9503
    endloop
  endfacet
  facet normal 0.985838 0.132149 -0.103246
    outer loop
      vertex 42.4601 1.94923 14.7661
      vertex 42.49 12.8926 29.0585
      vertex 42.49 1.81071 14.8743
    endloop
  endfacet
  facet normal -0.276934 -0.757192 0.591581
    outer loop
      vertex -74.4351 11.5539 30.1044
      vertex -74.2638 0.433141 15.9506
      vertex -74.2638 11.515 30.1348
    endloop
  endfacet
  facet normal -0.276922 -0.757195 0.591583
    outer loop
      vertex -74.2638 0.433141 15.9506
      vertex -74.4351 11.5539 30.1044
      vertex -74.4351 0.472038 15.9202
    endloop
  endfacet
  facet normal -0.16738 -0.776894 0.606975
    outer loop
      vertex -74.2638 11.515 30.1348
      vertex -74.088 0.409606 15.969
      vertex -74.088 11.4915 30.1532
    endloop
  endfacet
  facet normal -0.16753 -0.776875 0.606959
    outer loop
      vertex -74.088 0.409606 15.969
      vertex -74.2638 11.515 30.1348
      vertex -74.2638 0.433141 15.9506
    endloop
  endfacet
  facet normal -0.382637 -0.728043 0.568807
    outer loop
      vertex -74.5999 11.6077 30.0624
      vertex -74.4351 0.472038 15.9202
      vertex -74.4351 11.5539 30.1044
    endloop
  endfacet
  facet normal -0.38252 -0.728081 0.568838
    outer loop
      vertex -74.4351 0.472038 15.9202
      vertex -74.5999 11.6077 30.0624
      vertex -74.5999 0.525807 15.8782
    endloop
  endfacet
  facet normal -0.57861 -0.642705 0.502137
    outer loop
      vertex -74.9014 11.757 29.9457
      vertex -74.7559 0.593773 15.8251
      vertex -74.7559 11.6757 30.0093
    endloop
  endfacet
  facet normal -0.578398 -0.642822 0.502231
    outer loop
      vertex -74.7559 0.593773 15.8251
      vertex -74.9014 11.757 29.9457
      vertex -74.9014 0.675079 15.7616
    endloop
  endfacet
  facet normal -0.985836 0.132161 -0.103255
    outer loop
      vertex -75.4601 1.94923 14.7661
      vertex -75.49 12.8926 29.0585
      vertex -75.4601 13.0311 28.9503
    endloop
  endfacet
  facet normal -0.985838 0.132149 -0.103246
    outer loop
      vertex -75.49 12.8926 29.0585
      vertex -75.4601 1.94923 14.7661
      vertex -75.49 1.81071 14.8743
    endloop
  endfacet
  facet normal -0.57861 0.642705 -0.502136
    outer loop
      vertex -74.7559 13.8132 28.3392
      vertex -74.9014 2.65001 14.2186
      vertex -74.9014 13.7319 28.4028
    endloop
  endfacet
  facet normal -0.578639 0.642689 -0.502122
    outer loop
      vertex -74.9014 2.65001 14.2186
      vertex -74.7559 13.8132 28.3392
      vertex -74.7559 2.73132 14.155
    endloop
  endfacet
  facet normal -0.167044 0.776938 -0.607012
    outer loop
      vertex -74.088 13.9974 28.1954
      vertex -74.2638 2.89195 14.0295
      vertex -74.2638 13.9739 28.2137
    endloop
  endfacet
  facet normal -0.167173 0.776921 -0.606998
    outer loop
      vertex -74.2638 2.89195 14.0295
      vertex -74.088 13.9974 28.1954
      vertex -74.088 2.91548 14.0112
    endloop
  endfacet
  facet normal -0.382637 0.728042 -0.568809
    outer loop
      vertex -74.4351 13.935 28.2441
      vertex -74.5999 2.79928 14.1019
      vertex -74.5999 13.8812 28.2861
    endloop
  endfacet
  facet normal -0.382524 0.728078 -0.568839
    outer loop
      vertex -74.5999 2.79928 14.1019
      vertex -74.4351 13.935 28.2441
      vertex -74.4351 2.85305 14.0599
    endloop
  endfacet
  facet normal -0.276934 0.75719 -0.591584
    outer loop
      vertex -74.2638 13.9739 28.2137
      vertex -74.4351 2.85305 14.0599
      vertex -74.4351 13.935 28.2441
    endloop
  endfacet
  facet normal -0.276934 0.75719 -0.591584
    outer loop
      vertex -74.4351 2.85305 14.0599
      vertex -74.2638 13.9739 28.2137
      vertex -74.2638 2.89195 14.0295
    endloop
  endfacet
  facet normal 0.382637 0.728042 -0.568809
    outer loop
      vertex 41.5999 2.79928 14.1019
      vertex 41.4351 13.935 28.2441
      vertex 41.5999 13.8812 28.2861
    endloop
  endfacet
  facet normal 0.382524 0.728078 -0.568839
    outer loop
      vertex 41.4351 13.935 28.2441
      vertex 41.5999 2.79928 14.1019
      vertex 41.4351 2.85305 14.0599
    endloop
  endfacet
  facet normal 0.998426 -0.044192 0.0345267
    outer loop
      vertex 42.49 12.5963 29.29
      vertex 42.5 1.65466 14.9962
      vertex 42.5 12.7366 29.1804
    endloop
  endfacet
  facet normal 0.998426 -0.0441959 0.0345297
    outer loop
      vertex 42.5 1.65466 14.9962
      vertex 42.49 12.5963 29.29
      vertex 42.49 1.51438 15.1058
    endloop
  endfacet
  facet normal 0.923797 0.301715 -0.235726
    outer loop
      vertex 42.4108 13.1661 28.8448
      vertex 42.3425 2.21405 14.5592
      vertex 42.3425 13.296 28.7434
    endloop
  endfacet
  facet normal 0.923739 0.301826 -0.235812
    outer loop
      vertex 42.3425 2.21405 14.5592
      vertex 42.4108 13.1661 28.8448
      vertex 42.4108 2.08424 14.6606
    endloop
  endfacet
  facet normal 0.666055 0.58778 -0.459223
    outer loop
      vertex 42.0343 13.6383 28.4759
      vertex 41.9013 2.65001 14.2186
      vertex 41.9013 13.7319 28.4028
    endloop
  endfacet
  facet normal 0.666129 0.587727 -0.459183
    outer loop
      vertex 41.9013 2.65001 14.2186
      vertex 42.0343 13.6383 28.4759
      vertex 42.0343 2.55638 14.2917
    endloop
  endfacet
  facet normal 0.815488 0.456081 -0.356329
    outer loop
      vertex 42.2563 13.4189 28.6473
      vertex 42.1531 2.45162 14.3736
      vertex 42.1531 13.5335 28.5578
    endloop
  endfacet
  facet normal 0.815473 0.456098 -0.356341
    outer loop
      vertex 42.1531 2.45162 14.3736
      vertex 42.2563 13.4189 28.6473
      vertex 42.2563 2.33703 14.4631
    endloop
  endfacet
  facet normal 0.0559841 -0.786776 0.614695
    outer loop
      vertex 40.91 0.401728 15.9751
      vertex 41.088 11.4915 30.1532
      vertex 40.91 11.4836 30.1593
    endloop
  endfacet
  facet normal 0.0558871 -0.78678 0.614699
    outer loop
      vertex 41.088 11.4915 30.1532
      vertex 40.91 0.401728 15.9751
      vertex 41.088 0.409606 15.969
    endloop
  endfacet
  facet normal 0.815488 -0.45608 0.35633
    outer loop
      vertex 42.1531 11.9554 29.7907
      vertex 42.2563 0.988062 15.517
      vertex 42.2563 12.07 29.7012
    endloop
  endfacet
  facet normal 0.81559 -0.455966 0.356242
    outer loop
      vertex 42.2563 0.988062 15.517
      vertex 42.1531 11.9554 29.7907
      vertex 42.1531 0.873471 15.6066
    endloop
  endfacet
  facet normal 0.961007 -0.217903 0.170245
    outer loop
      vertex 42.4108 12.3228 29.5037
      vertex 42.4601 1.37586 15.214
      vertex 42.4601 12.4578 29.3982
    endloop
  endfacet
  facet normal 0.961011 -0.217893 0.170237
    outer loop
      vertex 42.4601 1.37586 15.214
      vertex 42.4108 12.3228 29.5037
      vertex 42.4108 1.24085 15.3195
    endloop
  endfacet
  facet normal 0.923797 -0.301715 0.235726
    outer loop
      vertex 42.3425 12.1929 29.6051
      vertex 42.4108 1.24085 15.3195
      vertex 42.4108 12.3228 29.5037
    endloop
  endfacet
  facet normal 0.923739 -0.301826 0.235812
    outer loop
      vertex 42.4108 1.24085 15.3195
      vertex 42.3425 12.1929 29.6051
      vertex 42.3425 1.11104 15.4209
    endloop
  endfacet
  facet normal 0.985836 -0.132161 0.103255
    outer loop
      vertex 42.4601 12.4578 29.3982
      vertex 42.49 1.51438 15.1058
      vertex 42.49 12.5963 29.29
    endloop
  endfacet
  facet normal 0.985838 -0.132149 0.103246
    outer loop
      vertex 42.49 1.51438 15.1058
      vertex 42.4601 12.4578 29.3982
      vertex 42.4601 1.37586 15.214
    endloop
  endfacet
  facet normal 0.745814 -0.524935 0.410128
    outer loop
      vertex 42.0343 11.8506 29.8726
      vertex 42.1531 0.873471 15.6066
      vertex 42.1531 11.9554 29.7907
    endloop
  endfacet
  facet normal 0.745596 -0.525129 0.410276
    outer loop
      vertex 42.1531 0.873471 15.6066
      vertex 42.0343 11.8506 29.8726
      vertex 42.0343 0.768704 15.6884
    endloop
  endfacet
  facet normal -0.0559841 -0.786776 0.614695
    outer loop
      vertex -74.088 11.4915 30.1532
      vertex -73.91 0.401728 15.9751
      vertex -73.91 11.4836 30.1593
    endloop
  endfacet
  facet normal -0.0558871 -0.78678 0.614699
    outer loop
      vertex -73.91 0.401728 15.9751
      vertex -74.088 11.4915 30.1532
      vertex -74.088 0.409606 15.969
    endloop
  endfacet
  facet normal -0.985836 -0.132161 0.103255
    outer loop
      vertex -75.49 1.51438 15.1058
      vertex -75.4601 12.4578 29.3982
      vertex -75.49 12.5963 29.29
    endloop
  endfacet
  facet normal -0.985838 -0.132149 0.103246
    outer loop
      vertex -75.4601 12.4578 29.3982
      vertex -75.49 1.51438 15.1058
      vertex -75.4601 1.37586 15.214
    endloop
  endfacet
  facet normal -0.815488 -0.45608 0.35633
    outer loop
      vertex -75.2563 0.988062 15.517
      vertex -75.1531 11.9554 29.7907
      vertex -75.2563 12.07 29.7012
    endloop
  endfacet
  facet normal -0.81559 -0.455966 0.356242
    outer loop
      vertex -75.1531 11.9554 29.7907
      vertex -75.2563 0.988062 15.517
      vertex -75.1531 0.873471 15.6066
    endloop
  endfacet
  facet normal 5.70961e-05 0.616714 0.787187
    outer loop
      vertex -36 12.7523 29.1681
      vertex -73.91 14.0053 28.1892
      vertex -36 12.7366 29.1804
    endloop
  endfacet
  facet normal -1.60676e-06 0.615611 0.78805
    outer loop
      vertex -35.99 12.8926 29.0585
      vertex -73.91 14.0053 28.1892
      vertex -36 12.7523 29.1681
    endloop
  endfacet
  facet normal -5.82989e-07 0.615633 0.788033
    outer loop
      vertex -35.9601 13.0311 28.9503
      vertex -73.91 14.0053 28.1892
      vertex -35.99 12.8926 29.0585
    endloop
  endfacet
  facet normal 4.5101e-06 0.615756 0.787937
    outer loop
      vertex -35.9108 13.1661 28.8448
      vertex -73.91 14.0053 28.1892
      vertex -35.9601 13.0311 28.9503
    endloop
  endfacet
  facet normal -1.06652e-05 0.61533 0.78827
    outer loop
      vertex -35.8425 13.296 28.7434
      vertex -73.91 14.0053 28.1892
      vertex -35.9108 13.1661 28.8448
    endloop
  endfacet
  facet normal 8.73422e-06 0.615976 0.787765
    outer loop
      vertex -35.7563 13.4189 28.6473
      vertex -73.91 14.0053 28.1892
      vertex -35.8425 13.296 28.7434
    endloop
  endfacet
  facet normal -2.74862e-06 0.615512 0.788127
    outer loop
      vertex -35.6531 13.5335 28.5578
      vertex -73.91 14.0053 28.1892
      vertex -35.7563 13.4189 28.6473
    endloop
  endfacet
  facet normal 2.15911e-06 0.615759 0.787934
    outer loop
      vertex -35.5343 13.6383 28.4759
      vertex -73.91 14.0053 28.1892
      vertex -35.6531 13.5335 28.5578
    endloop
  endfacet
  facet normal -1.60622e-06 0.615515 0.788125
    outer loop
      vertex -35.4013 13.7319 28.4028
      vertex -73.91 14.0053 28.1892
      vertex -35.5343 13.6383 28.4759
    endloop
  endfacet
  facet normal 5.60446e-06 0.616145 0.787633
    outer loop
      vertex -35.2559 13.8132 28.3392
      vertex -73.91 14.0053 28.1892
      vertex -35.4013 13.7319 28.4028
    endloop
  endfacet
  facet normal 1.51203e-07 0.615464 0.788165
    outer loop
      vertex -35.0999 13.8812 28.2861
      vertex -73.91 14.0053 28.1892
      vertex -35.2559 13.8132 28.3392
    endloop
  endfacet
  facet normal -3.81331e-07 0.61536 0.788246
    outer loop
      vertex -34.9351 13.935 28.2441
      vertex -73.91 14.0053 28.1892
      vertex -35.0999 13.8812 28.2861
    endloop
  endfacet
  facet normal 7.78567e-07 0.61576 0.787934
    outer loop
      vertex -34.7638 13.9739 28.2137
      vertex -73.91 14.0053 28.1892
      vertex -34.9351 13.935 28.2441
    endloop
  endfacet
  facet normal -9.63369e-07 0.61441 0.788987
    outer loop
      vertex -34.588 13.9974 28.1954
      vertex -73.91 14.0053 28.1892
      vertex -34.7638 13.9739 28.2137
    endloop
  endfacet
  facet normal -0 0.617382 0.786664
    outer loop
      vertex -73.91 14.0053 28.1892
      vertex -34.588 13.9974 28.1954
      vertex -34.41 14.0053 28.1892
    endloop
  endfacet
  facet normal -3.55855e-07 0.615648 0.788021
    outer loop
      vertex -73.91 11.4836 30.1593
      vertex -36 12.7366 29.1804
      vertex -73.91 14.0053 28.1892
    endloop
  endfacet
  facet normal 1.60676e-06 0.615611 0.78805
    outer loop
      vertex -36 12.7366 29.1804
      vertex -73.91 11.4836 30.1593
      vertex -35.99 12.5963 29.29
    endloop
  endfacet
  facet normal 5.82989e-07 0.615633 0.788033
    outer loop
      vertex -35.99 12.5963 29.29
      vertex -73.91 11.4836 30.1593
      vertex -35.9601 12.4578 29.3982
    endloop
  endfacet
  facet normal -4.5101e-06 0.615756 0.787937
    outer loop
      vertex -35.9601 12.4578 29.3982
      vertex -73.91 11.4836 30.1593
      vertex -35.9108 12.3228 29.5037
    endloop
  endfacet
  facet normal 1.06652e-05 0.61533 0.78827
    outer loop
      vertex -35.9108 12.3228 29.5037
      vertex -73.91 11.4836 30.1593
      vertex -35.8425 12.1929 29.6051
    endloop
  endfacet
  facet normal -8.73422e-06 0.615976 0.787765
    outer loop
      vertex -35.8425 12.1929 29.6051
      vertex -73.91 11.4836 30.1593
      vertex -35.7563 12.07 29.7012
    endloop
  endfacet
  facet normal 2.74862e-06 0.615512 0.788127
    outer loop
      vertex -35.7563 12.07 29.7012
      vertex -73.91 11.4836 30.1593
      vertex -35.6531 11.9554 29.7907
    endloop
  endfacet
  facet normal -2.15911e-06 0.615759 0.787934
    outer loop
      vertex -35.6531 11.9554 29.7907
      vertex -73.91 11.4836 30.1593
      vertex -35.5343 11.8506 29.8726
    endloop
  endfacet
  facet normal 1.60622e-06 0.615515 0.788125
    outer loop
      vertex -35.5343 11.8506 29.8726
      vertex -73.91 11.4836 30.1593
      vertex -35.4013 11.757 29.9457
    endloop
  endfacet
  facet normal -5.60446e-06 0.616145 0.787633
    outer loop
      vertex -35.4013 11.757 29.9457
      vertex -73.91 11.4836 30.1593
      vertex -35.2559 11.6757 30.0093
    endloop
  endfacet
  facet normal -1.51203e-07 0.615464 0.788165
    outer loop
      vertex -35.2559 11.6757 30.0093
      vertex -73.91 11.4836 30.1593
      vertex -35.0999 11.6077 30.0624
    endloop
  endfacet
  facet normal 3.81331e-07 0.61536 0.788246
    outer loop
      vertex -35.0999 11.6077 30.0624
      vertex -73.91 11.4836 30.1593
      vertex -34.9351 11.5539 30.1044
    endloop
  endfacet
  facet normal -7.78567e-07 0.61576 0.787934
    outer loop
      vertex -34.9351 11.5539 30.1044
      vertex -73.91 11.4836 30.1593
      vertex -34.7638 11.515 30.1348
    endloop
  endfacet
  facet normal 0 0.611162 0.791505
    outer loop
      vertex -34.588 11.4915 30.1532
      vertex -73.91 11.4836 30.1593
      vertex -34.41 11.4836 30.1593
    endloop
  endfacet
  facet normal -1.71009e-06 0.616481 0.78737
    outer loop
      vertex -34.7638 11.515 30.1348
      vertex -73.91 11.4836 30.1593
      vertex -34.588 11.4915 30.1532
    endloop
  endfacet
  facet normal 0.000124208 0.615648 0.788021
    outer loop
      vertex -74.088 13.9974 28.1954
      vertex -73.91 11.4836 30.1593
      vertex -73.91 14.0053 28.1892
    endloop
  endfacet
  facet normal 0.00031911 0.615657 0.788014
    outer loop
      vertex -74.088 13.9974 28.1954
      vertex -74.088 11.4915 30.1532
      vertex -73.91 11.4836 30.1593
    endloop
  endfacet
  facet normal -0.000268904 0.615657 0.788014
    outer loop
      vertex -74.2638 13.9739 28.2137
      vertex -74.088 11.4915 30.1532
      vertex -74.088 13.9974 28.1954
    endloop
  endfacet
  facet normal -0.000178484 0.615661 0.788011
    outer loop
      vertex -74.2638 13.9739 28.2137
      vertex -74.2638 11.515 30.1348
      vertex -74.088 11.4915 30.1532
    endloop
  endfacet
  facet normal 3.69863e-05 0.615661 0.788011
    outer loop
      vertex -74.4351 13.935 28.2441
      vertex -74.2638 11.515 30.1348
      vertex -74.2638 13.9739 28.2137
    endloop
  endfacet
  facet normal -3.81949e-05 0.615658 0.788014
    outer loop
      vertex -74.4351 13.935 28.2441
      vertex -74.4351 11.5539 30.1044
      vertex -74.2638 11.515 30.1348
    endloop
  endfacet
  facet normal -0.000156516 0.615658 0.788014
    outer loop
      vertex -74.5999 13.8812 28.2861
      vertex -74.4351 11.5539 30.1044
      vertex -74.4351 13.935 28.2441
    endloop
  endfacet
  facet normal 0.000163922 0.615672 0.788003
    outer loop
      vertex -74.5999 13.8812 28.2861
      vertex -74.5999 11.6077 30.0624
      vertex -74.4351 11.5539 30.1044
    endloop
  endfacet
  facet normal -0.00014564 0.615672 0.788003
    outer loop
      vertex -74.7559 13.8132 28.3392
      vertex -74.5999 11.6077 30.0624
      vertex -74.5999 13.8812 28.2861
    endloop
  endfacet
  facet normal 0.000154905 0.615685 0.787993
    outer loop
      vertex -74.7559 13.8132 28.3392
      vertex -74.7559 11.6757 30.0093
      vertex -74.5999 11.6077 30.0624
    endloop
  endfacet
  facet normal 0.000420263 0.615685 0.787992
    outer loop
      vertex -74.9014 13.7319 28.4028
      vertex -74.7559 11.6757 30.0093
      vertex -74.7559 13.8132 28.3392
    endloop
  endfacet
  facet normal -0.000454882 0.615646 0.788022
    outer loop
      vertex -74.9014 13.7319 28.4028
      vertex -74.9014 11.757 29.9457
      vertex -74.7559 11.6757 30.0093
    endloop
  endfacet
  facet normal -0.000150871 0.615646 0.788023
    outer loop
      vertex -75.0343 13.6383 28.4759
      vertex -74.9014 11.757 29.9457
      vertex -74.9014 13.7319 28.4028
    endloop
  endfacet
  facet normal 0.000166667 0.61566 0.788012
    outer loop
      vertex -75.0343 13.6383 28.4759
      vertex -75.0343 11.8506 29.8726
      vertex -74.9014 11.757 29.9457
    endloop
  endfacet
  facet normal 0.000142739 0.61566 0.788012
    outer loop
      vertex -75.1531 13.5335 28.5578
      vertex -75.0343 11.8506 29.8726
      vertex -75.0343 13.6383 28.4759
    endloop
  endfacet
  facet normal -0.0001617 0.615647 0.788022
    outer loop
      vertex -75.1531 13.5335 28.5578
      vertex -75.1531 11.9554 29.7907
      vertex -75.0343 11.8506 29.8726
    endloop
  endfacet
  facet normal -0.00024382 0.615647 0.788022
    outer loop
      vertex -75.2563 13.4189 28.6473
      vertex -75.1531 11.9554 29.7907
      vertex -75.1531 13.5335 28.5578
    endloop
  endfacet
  facet normal 0.000285242 0.61567 0.788004
    outer loop
      vertex -75.2563 13.4189 28.6473
      vertex -75.2563 12.07 29.7012
      vertex -75.1531 11.9554 29.7907
    endloop
  endfacet
  facet normal 0.000711456 0.61567 0.788004
    outer loop
      vertex -75.3425 13.296 28.7434
      vertex -75.2563 12.07 29.7012
      vertex -75.2563 13.4189 28.6473
    endloop
  endfacet
  facet normal -0.000870046 0.615601 0.788058
    outer loop
      vertex -75.3425 13.296 28.7434
      vertex -75.3425 12.1929 29.6051
      vertex -75.2563 12.07 29.7012
    endloop
  endfacet
  facet normal -0.000841907 0.615601 0.788058
    outer loop
      vertex -75.4108 13.1661 28.8448
      vertex -75.3425 12.1929 29.6051
      vertex -75.3425 13.296 28.7434
    endloop
  endfacet
  facet normal 0.00110119 0.615685 0.787991
    outer loop
      vertex -75.4108 13.1661 28.8448
      vertex -75.4108 12.3228 29.5037
      vertex -75.3425 12.1929 29.6051
    endloop
  endfacet
  facet normal 0.000315578 0.615686 0.787992
    outer loop
      vertex -75.4601 13.0311 28.9503
      vertex -75.4108 12.3228 29.5037
      vertex -75.4108 13.1661 28.8448
    endloop
  endfacet
  facet normal -0.000464218 0.615652 0.788018
    outer loop
      vertex -75.4601 13.0311 28.9503
      vertex -75.4601 12.4578 29.3982
      vertex -75.4108 12.3228 29.5037
    endloop
  endfacet
  facet normal -0.00014205 0.615652 0.788018
    outer loop
      vertex -75.49 12.8926 29.0585
      vertex -75.4601 12.4578 29.3982
      vertex -75.4601 13.0311 28.9503
    endloop
  endfacet
  facet normal 0.000274843 0.61567 0.788004
    outer loop
      vertex -75.49 12.8926 29.0585
      vertex -75.49 12.5963 29.29
      vertex -75.4601 12.4578 29.3982
    endloop
  endfacet
  facet normal -0.00132176 0.615669 0.788004
    outer loop
      vertex -75.5 12.7523 29.1681
      vertex -75.49 12.5963 29.29
      vertex -75.49 12.8926 29.0585
    endloop
  endfacet
  facet normal 0.0249115 0.616522 0.786943
    outer loop
      vertex -75.49 12.5963 29.29
      vertex -75.5 12.7523 29.1681
      vertex -75.5 12.7366 29.1804
    endloop
  endfacet
  facet normal 0.0249115 0.616522 0.786943
    outer loop
      vertex 42.49 12.8926 29.0585
      vertex 42.5 12.7366 29.1804
      vertex 42.5 12.7523 29.1681
    endloop
  endfacet
  facet normal -0.00132176 0.615669 0.788004
    outer loop
      vertex 42.49 12.8926 29.0585
      vertex 42.49 12.5963 29.29
      vertex 42.5 12.7366 29.1804
    endloop
  endfacet
  facet normal 0.000274843 0.61567 0.788004
    outer loop
      vertex 42.4601 13.0311 28.9503
      vertex 42.49 12.5963 29.29
      vertex 42.49 12.8926 29.0585
    endloop
  endfacet
  facet normal -0.00014205 0.615652 0.788018
    outer loop
      vertex 42.4601 13.0311 28.9503
      vertex 42.4601 12.4578 29.3982
      vertex 42.49 12.5963 29.29
    endloop
  endfacet
  facet normal -0.000464218 0.615652 0.788018
    outer loop
      vertex 42.4108 13.1661 28.8448
      vertex 42.4601 12.4578 29.3982
      vertex 42.4601 13.0311 28.9503
    endloop
  endfacet
  facet normal 0.000315578 0.615686 0.787992
    outer loop
      vertex 42.4108 13.1661 28.8448
      vertex 42.4108 12.3228 29.5037
      vertex 42.4601 12.4578 29.3982
    endloop
  endfacet
  facet normal 0.00110119 0.615685 0.787991
    outer loop
      vertex 42.3425 13.296 28.7434
      vertex 42.4108 12.3228 29.5037
      vertex 42.4108 13.1661 28.8448
    endloop
  endfacet
  facet normal -0.000841907 0.615601 0.788058
    outer loop
      vertex 42.3425 13.296 28.7434
      vertex 42.3425 12.1929 29.6051
      vertex 42.4108 12.3228 29.5037
    endloop
  endfacet
  facet normal -0.000870046 0.615601 0.788058
    outer loop
      vertex 42.2563 13.4189 28.6473
      vertex 42.3425 12.1929 29.6051
      vertex 42.3425 13.296 28.7434
    endloop
  endfacet
  facet normal 0.000711456 0.61567 0.788004
    outer loop
      vertex 42.2563 13.4189 28.6473
      vertex 42.2563 12.07 29.7012
      vertex 42.3425 12.1929 29.6051
    endloop
  endfacet
  facet normal 0.000285242 0.61567 0.788004
    outer loop
      vertex 42.1531 13.5335 28.5578
      vertex 42.2563 12.07 29.7012
      vertex 42.2563 13.4189 28.6473
    endloop
  endfacet
  facet normal -0.00024382 0.615647 0.788022
    outer loop
      vertex 42.1531 13.5335 28.5578
      vertex 42.1531 11.9554 29.7907
      vertex 42.2563 12.07 29.7012
    endloop
  endfacet
  facet normal -0.0001617 0.615647 0.788022
    outer loop
      vertex 42.0343 13.6383 28.4759
      vertex 42.1531 11.9554 29.7907
      vertex 42.1531 13.5335 28.5578
    endloop
  endfacet
  facet normal 0.000142739 0.61566 0.788012
    outer loop
      vertex 42.0343 13.6383 28.4759
      vertex 42.0343 11.8506 29.8726
      vertex 42.1531 11.9554 29.7907
    endloop
  endfacet
  facet normal 0.000166541 0.61566 0.788012
    outer loop
      vertex 41.9013 13.7319 28.4028
      vertex 42.0343 11.8506 29.8726
      vertex 42.0343 13.6383 28.4759
    endloop
  endfacet
  facet normal -0.000150757 0.615646 0.788023
    outer loop
      vertex 41.9013 13.7319 28.4028
      vertex 41.9013 11.757 29.9457
      vertex 42.0343 11.8506 29.8726
    endloop
  endfacet
  facet normal -0.000455194 0.615646 0.788022
    outer loop
      vertex 41.7559 13.8132 28.3392
      vertex 41.9013 11.757 29.9457
      vertex 41.9013 13.7319 28.4028
    endloop
  endfacet
  facet normal 0.000420552 0.615685 0.787992
    outer loop
      vertex 41.7559 13.8132 28.3392
      vertex 41.7559 11.6757 30.0093
      vertex 41.9013 11.757 29.9457
    endloop
  endfacet
  facet normal 0.000154905 0.615685 0.787993
    outer loop
      vertex 41.5999 13.8812 28.2861
      vertex 41.7559 11.6757 30.0093
      vertex 41.7559 13.8132 28.3392
    endloop
  endfacet
  facet normal -0.00014564 0.615672 0.788003
    outer loop
      vertex 41.5999 13.8812 28.2861
      vertex 41.5999 11.6077 30.0624
      vertex 41.7559 11.6757 30.0093
    endloop
  endfacet
  facet normal 0.000163922 0.615672 0.788003
    outer loop
      vertex 41.4351 13.935 28.2441
      vertex 41.5999 11.6077 30.0624
      vertex 41.5999 13.8812 28.2861
    endloop
  endfacet
  facet normal -0.000156516 0.615658 0.788014
    outer loop
      vertex 41.4351 13.935 28.2441
      vertex 41.4351 11.5539 30.1044
      vertex 41.5999 11.6077 30.0624
    endloop
  endfacet
  facet normal -3.81949e-05 0.615658 0.788014
    outer loop
      vertex 41.2638 13.9739 28.2137
      vertex 41.4351 11.5539 30.1044
      vertex 41.4351 13.935 28.2441
    endloop
  endfacet
  facet normal 3.69863e-05 0.615661 0.788011
    outer loop
      vertex 41.2638 13.9739 28.2137
      vertex 41.2638 11.515 30.1348
      vertex 41.4351 11.5539 30.1044
    endloop
  endfacet
  facet normal 0.000269759 0.615661 0.788011
    outer loop
      vertex 41.088 13.9974 28.1954
      vertex 41.2638 11.515 30.1348
      vertex 41.2638 13.9739 28.2137
    endloop
  endfacet
  facet normal 0.000179341 0.615657 0.788014
    outer loop
      vertex 41.088 13.9974 28.1954
      vertex 41.088 11.4915 30.1532
      vertex 41.2638 11.515 30.1348
    endloop
  endfacet
  facet normal -0.000123595 0.615657 0.788014
    outer loop
      vertex 40.91 14.0053 28.1892
      vertex 41.088 11.4915 30.1532
      vertex 41.088 13.9974 28.1954
    endloop
  endfacet
  facet normal -0.0003185 0.615648 0.788021
    outer loop
      vertex 40.91 14.0053 28.1892
      vertex 40.91 11.4836 30.1593
      vertex 41.088 11.4915 30.1532
    endloop
  endfacet
  facet normal -3.55855e-07 0.615648 0.788021
    outer loop
      vertex 40.91 14.0053 28.1892
      vertex 3 12.7523 29.1681
      vertex 40.91 11.4836 30.1593
    endloop
  endfacet
  facet normal 1.60676e-06 0.615611 0.78805
    outer loop
      vertex 40.91 14.0053 28.1892
      vertex 2.99 12.8926 29.0585
      vertex 3 12.7523 29.1681
    endloop
  endfacet
  facet normal 5.82993e-07 0.615633 0.788033
    outer loop
      vertex 40.91 14.0053 28.1892
      vertex 2.96013 13.0311 28.9503
      vertex 2.99 12.8926 29.0585
    endloop
  endfacet
  facet normal -4.51005e-06 0.615756 0.787937
    outer loop
      vertex 40.91 14.0053 28.1892
      vertex 2.91077 13.1661 28.8448
      vertex 2.96013 13.0311 28.9503
    endloop
  endfacet
  facet normal 1.06653e-05 0.61533 0.78827
    outer loop
      vertex 40.91 14.0053 28.1892
      vertex 2.84254 13.296 28.7434
      vertex 2.91077 13.1661 28.8448
    endloop
  endfacet
  facet normal -8.73417e-06 0.615976 0.787765
    outer loop
      vertex 40.91 14.0053 28.1892
      vertex 2.75629 13.4189 28.6473
      vertex 2.84254 13.296 28.7434
    endloop
  endfacet
  facet normal 2.74863e-06 0.615512 0.788127
    outer loop
      vertex 40.91 14.0053 28.1892
      vertex 2.65311 13.5335 28.5578
      vertex 2.75629 13.4189 28.6473
    endloop
  endfacet
  facet normal -2.15911e-06 0.615759 0.787934
    outer loop
      vertex 40.91 14.0053 28.1892
      vertex 2.5343 13.6383 28.4759
      vertex 2.65311 13.5335 28.5578
    endloop
  endfacet
  facet normal 1.60623e-06 0.615515 0.788125
    outer loop
      vertex 40.91 14.0053 28.1892
      vertex 2.40135 13.7319 28.4028
      vertex 2.5343 13.6383 28.4759
    endloop
  endfacet
  facet normal -5.60446e-06 0.616145 0.787633
    outer loop
      vertex 40.91 14.0053 28.1892
      vertex 2.25593 13.8132 28.3392
      vertex 2.40135 13.7319 28.4028
    endloop
  endfacet
  facet normal -1.51202e-07 0.615464 0.788165
    outer loop
      vertex 40.91 14.0053 28.1892
      vertex 2.09987 13.8812 28.2861
      vertex 2.25593 13.8132 28.3392
    endloop
  endfacet
  facet normal 3.81332e-07 0.61536 0.788246
    outer loop
      vertex 40.91 14.0053 28.1892
      vertex 1.93514 13.935 28.2441
      vertex 2.09987 13.8812 28.2861
    endloop
  endfacet
  facet normal -7.78567e-07 0.61576 0.787934
    outer loop
      vertex 40.91 14.0053 28.1892
      vertex 1.76381 13.9739 28.2137
      vertex 1.93514 13.935 28.2441
    endloop
  endfacet
  facet normal 9.63369e-07 0.61441 0.788987
    outer loop
      vertex 40.91 14.0053 28.1892
      vertex 1.58802 13.9974 28.1954
      vertex 1.76381 13.9739 28.2137
    endloop
  endfacet
  facet normal 0 0.617382 0.786664
    outer loop
      vertex 1.58802 13.9974 28.1954
      vertex 40.91 14.0053 28.1892
      vertex 1.41 14.0053 28.1892
    endloop
  endfacet
  facet normal 5.70961e-05 0.616714 0.787187
    outer loop
      vertex 3 12.7366 29.1804
      vertex 40.91 11.4836 30.1593
      vertex 3 12.7523 29.1681
    endloop
  endfacet
  facet normal -1.60676e-06 0.615611 0.78805
    outer loop
      vertex 2.99 12.5963 29.29
      vertex 40.91 11.4836 30.1593
      vertex 3 12.7366 29.1804
    endloop
  endfacet
  facet normal -5.82993e-07 0.615633 0.788033
    outer loop
      vertex 2.96013 12.4578 29.3982
      vertex 40.91 11.4836 30.1593
      vertex 2.99 12.5963 29.29
    endloop
  endfacet
  facet normal 4.51005e-06 0.615756 0.787937
    outer loop
      vertex 2.91077 12.3228 29.5037
      vertex 40.91 11.4836 30.1593
      vertex 2.96013 12.4578 29.3982
    endloop
  endfacet
  facet normal -1.06653e-05 0.61533 0.78827
    outer loop
      vertex 2.84254 12.1929 29.6051
      vertex 40.91 11.4836 30.1593
      vertex 2.91077 12.3228 29.5037
    endloop
  endfacet
  facet normal 8.73417e-06 0.615976 0.787765
    outer loop
      vertex 2.75629 12.07 29.7012
      vertex 40.91 11.4836 30.1593
      vertex 2.84254 12.1929 29.6051
    endloop
  endfacet
  facet normal -2.74863e-06 0.615512 0.788127
    outer loop
      vertex 2.65311 11.9554 29.7907
      vertex 40.91 11.4836 30.1593
      vertex 2.75629 12.07 29.7012
    endloop
  endfacet
  facet normal 2.15911e-06 0.615759 0.787934
    outer loop
      vertex 2.5343 11.8506 29.8726
      vertex 40.91 11.4836 30.1593
      vertex 2.65311 11.9554 29.7907
    endloop
  endfacet
  facet normal -1.60623e-06 0.615515 0.788125
    outer loop
      vertex 2.40135 11.757 29.9457
      vertex 40.91 11.4836 30.1593
      vertex 2.5343 11.8506 29.8726
    endloop
  endfacet
  facet normal 5.60446e-06 0.616145 0.787633
    outer loop
      vertex 2.25593 11.6757 30.0093
      vertex 40.91 11.4836 30.1593
      vertex 2.40135 11.757 29.9457
    endloop
  endfacet
  facet normal 1.51202e-07 0.615464 0.788165
    outer loop
      vertex 2.09987 11.6077 30.0624
      vertex 40.91 11.4836 30.1593
      vertex 2.25593 11.6757 30.0093
    endloop
  endfacet
  facet normal -3.81332e-07 0.61536 0.788246
    outer loop
      vertex 1.93514 11.5539 30.1044
      vertex 40.91 11.4836 30.1593
      vertex 2.09987 11.6077 30.0624
    endloop
  endfacet
  facet normal 7.78567e-07 0.61576 0.787934
    outer loop
      vertex 1.76381 11.515 30.1348
      vertex 40.91 11.4836 30.1593
      vertex 1.93514 11.5539 30.1044
    endloop
  endfacet
  facet normal 1.71009e-06 0.616481 0.78737
    outer loop
      vertex 1.58802 11.4915 30.1532
      vertex 40.91 11.4836 30.1593
      vertex 1.76381 11.515 30.1348
    endloop
  endfacet
  facet normal 0 0.611162 0.791505
    outer loop
      vertex 40.91 11.4836 30.1593
      vertex 1.58802 11.4915 30.1532
      vertex 1.41 11.4836 30.1593
    endloop
  endfacet
  facet normal -0.961007 0.217903 -0.170244
    outer loop
      vertex -75.4108 2.08424 14.6606
      vertex -75.4601 13.0311 28.9503
      vertex -75.4108 13.1661 28.8448
    endloop
  endfacet
  facet normal -0.961011 0.217894 -0.170237
    outer loop
      vertex -75.4601 13.0311 28.9503
      vertex -75.4108 2.08424 14.6606
      vertex -75.4601 1.94923 14.7661
    endloop
  endfacet
  facet normal -0.745814 0.524937 -0.410126
    outer loop
      vertex -75.0343 2.55638 14.2917
      vertex -75.1531 13.5335 28.5578
      vertex -75.0343 13.6383 28.4759
    endloop
  endfacet
  facet normal -0.745735 0.525007 -0.410179
    outer loop
      vertex -75.1531 13.5335 28.5578
      vertex -75.0343 2.55638 14.2917
      vertex -75.1531 2.45162 14.3736
    endloop
  endfacet
  facet normal -0.875282 0.381093 -0.297741
    outer loop
      vertex -75.2563 2.33703 14.4631
      vertex -75.3425 13.296 28.7434
      vertex -75.2563 13.4189 28.6473
    endloop
  endfacet
  facet normal -0.875364 0.380974 -0.297651
    outer loop
      vertex -75.3425 13.296 28.7434
      vertex -75.2563 2.33703 14.4631
      vertex -75.3425 2.21405 14.5592
    endloop
  endfacet
  facet normal -0.483969 0.689577 -0.538755
    outer loop
      vertex -74.5999 13.8812 28.2861
      vertex -74.7559 2.73132 14.155
      vertex -74.7559 13.8132 28.3392
    endloop
  endfacet
  facet normal -0.483834 0.689635 -0.538803
    outer loop
      vertex -74.7559 2.73132 14.155
      vertex -74.5999 13.8812 28.2861
      vertex -74.5999 2.79928 14.1019
    endloop
  endfacet
  facet normal 0.961007 0.217903 -0.170244
    outer loop
      vertex 42.4601 13.0311 28.9503
      vertex 42.4108 2.08424 14.6606
      vertex 42.4108 13.1661 28.8448
    endloop
  endfacet
  facet normal 0.961011 0.217894 -0.170237
    outer loop
      vertex 42.4108 2.08424 14.6606
      vertex 42.4601 13.0311 28.9503
      vertex 42.4601 1.94923 14.7661
    endloop
  endfacet
  facet normal 0.483969 0.689577 -0.538755
    outer loop
      vertex 41.7559 2.73132 14.155
      vertex 41.5999 13.8812 28.2861
      vertex 41.7559 13.8132 28.3392
    endloop
  endfacet
  facet normal 0.483834 0.689635 -0.538803
    outer loop
      vertex 41.5999 13.8812 28.2861
      vertex 41.7559 2.73132 14.155
      vertex 41.5999 2.79928 14.1019
    endloop
  endfacet
  facet normal 0.578875 0.642557 -0.50202
    outer loop
      vertex 41.9013 2.65001 14.2186
      vertex 41.7559 13.8132 28.3392
      vertex 41.9013 13.7319 28.4028
    endloop
  endfacet
  facet normal 0.578904 0.642541 -0.502007
    outer loop
      vertex 41.7559 13.8132 28.3392
      vertex 41.9013 2.65001 14.2186
      vertex 41.7559 2.73132 14.155
    endloop
  endfacet
  facet normal 0.745814 0.524937 -0.410126
    outer loop
      vertex 42.1531 13.5335 28.5578
      vertex 42.0343 2.55638 14.2917
      vertex 42.0343 13.6383 28.4759
    endloop
  endfacet
  facet normal 0.745735 0.525007 -0.410179
    outer loop
      vertex 42.0343 2.55638 14.2917
      vertex 42.1531 13.5335 28.5578
      vertex 42.1531 2.45162 14.3736
    endloop
  endfacet
  facet normal 0.276934 -0.757192 0.591581
    outer loop
      vertex 41.2638 0.433141 15.9506
      vertex 41.4351 11.5539 30.1044
      vertex 41.2638 11.515 30.1348
    endloop
  endfacet
  facet normal 0.276922 -0.757195 0.591583
    outer loop
      vertex 41.4351 11.5539 30.1044
      vertex 41.2638 0.433141 15.9506
      vertex 41.4351 0.472038 15.9202
    endloop
  endfacet
  facet normal 0.578875 -0.642557 0.502021
    outer loop
      vertex 41.7559 0.593773 15.8251
      vertex 41.9013 11.757 29.9457
      vertex 41.7559 11.6757 30.0093
    endloop
  endfacet
  facet normal 0.578663 -0.642674 0.502116
    outer loop
      vertex 41.9013 11.757 29.9457
      vertex 41.7559 0.593773 15.8251
      vertex 41.9013 0.675079 15.7616
    endloop
  endfacet
  facet normal 0.16738 -0.776894 0.606975
    outer loop
      vertex 41.088 0.409606 15.969
      vertex 41.2638 11.515 30.1348
      vertex 41.088 11.4915 30.1532
    endloop
  endfacet
  facet normal 0.16753 -0.776875 0.606959
    outer loop
      vertex 41.2638 11.515 30.1348
      vertex 41.088 0.409606 15.969
      vertex 41.2638 0.433141 15.9506
    endloop
  endfacet
  facet normal -0.923797 -0.301715 0.235726
    outer loop
      vertex -75.4108 1.24085 15.3195
      vertex -75.3425 12.1929 29.6051
      vertex -75.4108 12.3228 29.5037
    endloop
  endfacet
  facet normal -0.923739 -0.301826 0.235812
    outer loop
      vertex -75.3425 12.1929 29.6051
      vertex -75.4108 1.24085 15.3195
      vertex -75.3425 1.11104 15.4209
    endloop
  endfacet
  facet normal -0.875282 -0.381093 0.297741
    outer loop
      vertex -75.3425 1.11104 15.4209
      vertex -75.2563 12.07 29.7012
      vertex -75.3425 12.1929 29.6051
    endloop
  endfacet
  facet normal -0.875362 -0.380977 0.297653
    outer loop
      vertex -75.2563 12.07 29.7012
      vertex -75.3425 1.11104 15.4209
      vertex -75.2563 0.988062 15.517
    endloop
  endfacet
  facet normal -0.483969 -0.689577 0.538756
    outer loop
      vertex -74.7559 11.6757 30.0093
      vertex -74.5999 0.525807 15.8782
      vertex -74.5999 11.6077 30.0624
    endloop
  endfacet
  facet normal -0.483854 -0.689626 0.538796
    outer loop
      vertex -74.5999 0.525807 15.8782
      vertex -74.7559 11.6757 30.0093
      vertex -74.7559 0.593773 15.8251
    endloop
  endfacet
  facet normal -0.745814 -0.524935 0.410128
    outer loop
      vertex -75.1531 0.873471 15.6066
      vertex -75.0343 11.8506 29.8726
      vertex -75.1531 11.9554 29.7907
    endloop
  endfacet
  facet normal -0.745596 -0.525129 0.410276
    outer loop
      vertex -75.0343 11.8506 29.8726
      vertex -75.1531 0.873471 15.6066
      vertex -75.0343 0.768704 15.6884
    endloop
  endfacet
  facet normal -0.666334 -0.587583 0.45907
    outer loop
      vertex -75.0343 0.768704 15.6884
      vertex -74.9014 11.757 29.9457
      vertex -75.0343 11.8506 29.8726
    endloop
  endfacet
  facet normal -0.666587 -0.587403 0.458933
    outer loop
      vertex -74.9014 11.757 29.9457
      vertex -75.0343 0.768704 15.6884
      vertex -74.9014 0.675079 15.7616
    endloop
  endfacet
  facet normal -0.998426 0.0441921 -0.0345266
    outer loop
      vertex -75.49 1.81071 14.8743
      vertex -75.5 12.7523 29.1681
      vertex -75.49 12.8926 29.0585
    endloop
  endfacet
  facet normal -0.998426 0.0441941 -0.0345281
    outer loop
      vertex -75.5 12.7523 29.1681
      vertex -75.49 1.81071 14.8743
      vertex -75.5 1.67042 14.9839
    endloop
  endfacet
  facet normal -0.00926345 -0.615229 -0.788294
    outer loop
      vertex 42.49 1.51438 15.1058
      vertex 42.5 1.67042 14.9839
      vertex 42.5 1.65466 14.9962
    endloop
  endfacet
  facet normal 0.000168335 -0.615631 -0.788034
    outer loop
      vertex 42.49 1.51438 15.1058
      vertex 42.49 1.81071 14.8743
      vertex 42.5 1.67042 14.9839
    endloop
  endfacet
  facet normal 0.000397919 -0.615631 -0.788034
    outer loop
      vertex 42.4601 1.37586 15.214
      vertex 42.49 1.81071 14.8743
      vertex 42.49 1.51438 15.1058
    endloop
  endfacet
  facet normal -0.000205658 -0.615605 -0.788055
    outer loop
      vertex 42.4601 1.37586 15.214
      vertex 42.4601 1.94923 14.7661
      vertex 42.49 1.81071 14.8743
    endloop
  endfacet
  facet normal -0.000545198 -0.615605 -0.788054
    outer loop
      vertex 42.4108 1.24085 15.3195
      vertex 42.4601 1.94923 14.7661
      vertex 42.4601 1.37586 15.214
    endloop
  endfacet
  facet normal 0.000370633 -0.615645 -0.788024
    outer loop
      vertex 42.4108 1.24085 15.3195
      vertex 42.4108 2.08424 14.6606
      vertex 42.4601 1.94923 14.7661
    endloop
  endfacet
  facet normal 0.000165023 -0.615645 -0.788024
    outer loop
      vertex 42.3425 1.11104 15.4209
      vertex 42.4108 2.08424 14.6606
      vertex 42.4108 1.24085 15.3195
    endloop
  endfacet
  facet normal -0.000126183 -0.615632 -0.788034
    outer loop
      vertex 42.3425 1.11104 15.4209
      vertex 42.3425 2.21405 14.5592
      vertex 42.4108 2.08424 14.6606
    endloop
  endfacet
  facet normal -0.000241338 -0.615632 -0.788034
    outer loop
      vertex 42.2563 0.988062 15.517
      vertex 42.3425 2.21405 14.5592
      vertex 42.3425 1.11104 15.4209
    endloop
  endfacet
  facet normal 0.000184349 -0.615651 -0.788019
    outer loop
      vertex 42.2563 0.988062 15.517
      vertex 42.2563 2.33703 14.4631
      vertex 42.3425 2.21405 14.5592
    endloop
  endfacet
  facet normal -0.000566492 -0.615651 -0.788019
    outer loop
      vertex 42.1531 0.873471 15.6066
      vertex 42.2563 2.33703 14.4631
      vertex 42.2563 0.988062 15.517
    endloop
  endfacet
  facet normal -0.000218379 -0.615666 -0.788007
    outer loop
      vertex 42.1531 0.873471 15.6066
      vertex 42.1531 2.45162 14.3736
      vertex 42.2563 2.33703 14.4631
    endloop
  endfacet
  facet normal 0.000357776 -0.615666 -0.788007
    outer loop
      vertex 42.0343 0.768704 15.6884
      vertex 42.1531 2.45162 14.3736
      vertex 42.1531 0.873471 15.6066
    endloop
  endfacet
  facet normal 0.000342742 -0.615665 -0.788008
    outer loop
      vertex 42.0343 0.768704 15.6884
      vertex 42.0343 2.55638 14.2917
      vertex 42.1531 2.45162 14.3736
    endloop
  endfacet
  facet normal -0.000304403 -0.615665 -0.788008
    outer loop
      vertex 41.9013 0.675079 15.7616
      vertex 42.0343 2.55638 14.2917
      vertex 42.0343 0.768704 15.6884
    endloop
  endfacet
  facet normal -0.000310906 -0.615665 -0.788008
    outer loop
      vertex 41.9013 0.675079 15.7616
      vertex 41.9013 2.65001 14.2186
      vertex 42.0343 2.55638 14.2917
    endloop
  endfacet
  facet normal 0.000129085 -0.615665 -0.788008
    outer loop
      vertex 41.7559 0.593773 15.8251
      vertex 41.9013 2.65001 14.2186
      vertex 41.9013 0.675079 15.7616
    endloop
  endfacet
  facet normal 0.000385781 -0.615676 -0.787999
    outer loop
      vertex 41.7559 0.593773 15.8251
      vertex 41.7559 2.73132 14.155
      vertex 41.9013 2.65001 14.2186
    endloop
  endfacet
  facet normal 1.48189e-05 -0.615676 -0.787999
    outer loop
      vertex 41.5999 0.525807 15.8782
      vertex 41.7559 2.73132 14.155
      vertex 41.7559 0.593773 15.8251
    endloop
  endfacet
  facet normal 9.03908e-06 -0.615676 -0.787999
    outer loop
      vertex 41.5999 0.525807 15.8782
      vertex 41.5999 2.79928 14.1019
      vertex 41.7559 2.73132 14.155
    endloop
  endfacet
  facet normal 5.04949e-05 -0.615676 -0.787999
    outer loop
      vertex 41.4351 0.472038 15.9202
      vertex 41.5999 2.79928 14.1019
      vertex 41.5999 0.525807 15.8782
    endloop
  endfacet
  facet normal -5.1866e-05 -0.615672 -0.788003
    outer loop
      vertex 41.4351 0.472038 15.9202
      vertex 41.4351 2.85305 14.0599
      vertex 41.5999 2.79928 14.1019
    endloop
  endfacet
  facet normal -4.38096e-05 -0.615672 -0.788003
    outer loop
      vertex 41.2638 0.433141 15.9506
      vertex 41.4351 2.85305 14.0599
      vertex 41.4351 0.472038 15.9202
    endloop
  endfacet
  facet normal 3.18116e-05 -0.615675 -0.788
    outer loop
      vertex 41.2638 0.433141 15.9506
      vertex 41.2638 2.89195 14.0295
      vertex 41.4351 2.85305 14.0599
    endloop
  endfacet
  facet normal -5.28612e-05 -0.615675 -0.788
    outer loop
      vertex 41.088 0.409606 15.969
      vertex 41.2638 2.89195 14.0295
      vertex 41.2638 0.433141 15.9506
    endloop
  endfacet
  facet normal -0.000374818 -0.615661 -0.788011
    outer loop
      vertex 41.088 0.409606 15.969
      vertex 41.088 2.91548 14.0112
      vertex 41.2638 2.89195 14.0295
    endloop
  endfacet
  facet normal 0.000243299 -0.615661 -0.788011
    outer loop
      vertex 40.91 0.401728 15.9751
      vertex 41.088 2.91548 14.0112
      vertex 41.088 0.409606 15.969
    endloop
  endfacet
  facet normal 0.000192645 -0.615659 -0.788013
    outer loop
      vertex 40.91 0.401728 15.9751
      vertex 40.91 2.92336 14.005
      vertex 41.088 2.91548 14.0112
    endloop
  endfacet
  facet normal 0 -0.615659 -0.788013
    outer loop
      vertex -73.91 0.401728 15.9751
      vertex 40.91 2.92336 14.005
      vertex 40.91 0.401728 15.9751
    endloop
  endfacet
  facet normal 0 -0.615659 -0.788013
    outer loop
      vertex -73.91 0.401728 15.9751
      vertex -73.91 2.92336 14.005
      vertex 40.91 2.92336 14.005
    endloop
  endfacet
  facet normal -0.000243141 -0.615659 -0.788013
    outer loop
      vertex -74.088 0.409606 15.969
      vertex -73.91 2.92336 14.005
      vertex -73.91 0.401728 15.9751
    endloop
  endfacet
  facet normal -0.000192486 -0.615661 -0.788011
    outer loop
      vertex -74.088 0.409606 15.969
      vertex -74.088 2.91548 14.0112
      vertex -73.91 2.92336 14.005
    endloop
  endfacet
  facet normal 5.59144e-05 -0.615661 -0.788011
    outer loop
      vertex -74.2638 0.433141 15.9506
      vertex -74.088 2.91548 14.0112
      vertex -74.088 0.409606 15.969
    endloop
  endfacet
  facet normal 0.000377865 -0.615675 -0.788
    outer loop
      vertex -74.2638 0.433141 15.9506
      vertex -74.2638 2.89195 14.0295
      vertex -74.088 2.91548 14.0112
    endloop
  endfacet
  facet normal 4.2594e-05 -0.615675 -0.788
    outer loop
      vertex -74.4351 0.472038 15.9202
      vertex -74.2638 2.89195 14.0295
      vertex -74.2638 0.433141 15.9506
    endloop
  endfacet
  facet normal -3.30273e-05 -0.615672 -0.788003
    outer loop
      vertex -74.4351 0.472038 15.9202
      vertex -74.4351 2.85305 14.0599
      vertex -74.2638 2.89195 14.0295
    endloop
  endfacet
  facet normal -4.81301e-05 -0.615672 -0.788003
    outer loop
      vertex -74.5999 0.525807 15.8782
      vertex -74.4351 2.85305 14.0599
      vertex -74.4351 0.472038 15.9202
    endloop
  endfacet
  facet normal 5.42308e-05 -0.615676 -0.787999
    outer loop
      vertex -74.5999 0.525807 15.8782
      vertex -74.5999 2.79928 14.1019
      vertex -74.4351 2.85305 14.0599
    endloop
  endfacet
  facet normal -1.46408e-05 -0.615676 -0.787999
    outer loop
      vertex -74.7559 0.593773 15.8251
      vertex -74.5999 2.79928 14.1019
      vertex -74.5999 0.525807 15.8782
    endloop
  endfacet
  facet normal -8.86098e-06 -0.615676 -0.787999
    outer loop
      vertex -74.7559 0.593773 15.8251
      vertex -74.7559 2.73132 14.155
      vertex -74.5999 2.79928 14.1019
    endloop
  endfacet
  facet normal -0.000139138 -0.615676 -0.787999
    outer loop
      vertex -74.9014 0.675079 15.7616
      vertex -74.7559 2.73132 14.155
      vertex -74.7559 0.593773 15.8251
    endloop
  endfacet
  facet normal -0.000395664 -0.615665 -0.788008
    outer loop
      vertex -74.9014 0.675079 15.7616
      vertex -74.9014 2.65001 14.2186
      vertex -74.7559 2.73132 14.155
    endloop
  endfacet
  facet normal 0.000304956 -0.615665 -0.788008
    outer loop
      vertex -75.0343 0.768704 15.6884
      vertex -74.9014 2.65001 14.2186
      vertex -74.9014 0.675079 15.7616
    endloop
  endfacet
  facet normal 0.000311464 -0.615665 -0.788008
    outer loop
      vertex -75.0343 0.768704 15.6884
      vertex -75.0343 2.55638 14.2917
      vertex -74.9014 2.65001 14.2186
    endloop
  endfacet
  facet normal -0.000356841 -0.615665 -0.788008
    outer loop
      vertex -75.1531 0.873471 15.6066
      vertex -75.0343 2.55638 14.2917
      vertex -75.0343 0.768704 15.6884
    endloop
  endfacet
  facet normal -0.000341806 -0.615666 -0.788007
    outer loop
      vertex -75.1531 0.873471 15.6066
      vertex -75.1531 2.45162 14.3736
      vertex -75.0343 2.55638 14.2917
    endloop
  endfacet
  facet normal 0.000539228 -0.615666 -0.788007
    outer loop
      vertex -75.2563 0.988062 15.517
      vertex -75.1531 2.45162 14.3736
      vertex -75.1531 0.873471 15.6066
    endloop
  endfacet
  facet normal 0.000191127 -0.615651 -0.788019
    outer loop
      vertex -75.2563 0.988062 15.517
      vertex -75.2563 2.33703 14.4631
      vertex -75.1531 2.45162 14.3736
    endloop
  endfacet
  facet normal 0.000198634 -0.615651 -0.788019
    outer loop
      vertex -75.3425 1.11104 15.4209
      vertex -75.2563 2.33703 14.4631
      vertex -75.2563 0.988062 15.517
    endloop
  endfacet
  facet normal -0.000227054 -0.615632 -0.788034
    outer loop
      vertex -75.3425 1.11104 15.4209
      vertex -75.3425 2.21405 14.5592
      vertex -75.2563 2.33703 14.4631
    endloop
  endfacet
  facet normal -0.000126183 -0.615632 -0.788034
    outer loop
      vertex -75.4108 1.24085 15.3195
      vertex -75.3425 2.21405 14.5592
      vertex -75.3425 1.11104 15.4209
    endloop
  endfacet
  facet normal 0.000165023 -0.615645 -0.788024
    outer loop
      vertex -75.4108 1.24085 15.3195
      vertex -75.4108 2.08424 14.6606
      vertex -75.3425 2.21405 14.5592
    endloop
  endfacet
  facet normal 0.000370633 -0.615645 -0.788024
    outer loop
      vertex -75.4601 1.37586 15.214
      vertex -75.4108 2.08424 14.6606
      vertex -75.4108 1.24085 15.3195
    endloop
  endfacet
  facet normal -0.000545198 -0.615605 -0.788054
    outer loop
      vertex -75.4601 1.37586 15.214
      vertex -75.4601 1.94923 14.7661
      vertex -75.4108 2.08424 14.6606
    endloop
  endfacet
  facet normal -0.000205658 -0.615605 -0.788055
    outer loop
      vertex -75.49 1.51438 15.1058
      vertex -75.4601 1.94923 14.7661
      vertex -75.4601 1.37586 15.214
    endloop
  endfacet
  facet normal 0.000397919 -0.615631 -0.788034
    outer loop
      vertex -75.49 1.51438 15.1058
      vertex -75.49 1.81071 14.8743
      vertex -75.4601 1.94923 14.7661
    endloop
  endfacet
  facet normal 0.000783965 -0.615631 -0.788034
    outer loop
      vertex -75.5 1.65466 14.9962
      vertex -75.49 1.81071 14.8743
      vertex -75.49 1.51438 15.1058
    endloop
  endfacet
  facet normal -0.00864827 -0.615233 -0.788298
    outer loop
      vertex -75.49 1.81071 14.8743
      vertex -75.5 1.65466 14.9962
      vertex -75.5 1.67042 14.9839
    endloop
  endfacet
  facet normal -0.923797 0.301715 -0.235726
    outer loop
      vertex -75.3425 2.21405 14.5592
      vertex -75.4108 13.1661 28.8448
      vertex -75.3425 13.296 28.7434
    endloop
  endfacet
  facet normal -0.923739 0.301826 -0.235812
    outer loop
      vertex -75.4108 13.1661 28.8448
      vertex -75.3425 2.21405 14.5592
      vertex -75.4108 2.08424 14.6606
    endloop
  endfacet
  facet normal 0.998426 0.0441921 -0.0345266
    outer loop
      vertex 42.5 12.7523 29.1681
      vertex 42.49 1.81071 14.8743
      vertex 42.49 12.8926 29.0585
    endloop
  endfacet
  facet normal 0.998426 0.0441941 -0.0345281
    outer loop
      vertex 42.49 1.81071 14.8743
      vertex 42.5 12.7523 29.1681
      vertex 42.5 1.67042 14.9839
    endloop
  endfacet
  facet normal 1 0 0
    outer loop
      vertex 42.5 12.7366 29.1804
      vertex 42.5 1.67042 14.9839
      vertex 42.5 12.7523 29.1681
    endloop
  endfacet
  facet normal 1 0 -0
    outer loop
      vertex 42.5 1.67042 14.9839
      vertex 42.5 12.7366 29.1804
      vertex 42.5 1.65466 14.9962
    endloop
  endfacet
  facet normal 0.382637 -0.728043 0.568807
    outer loop
      vertex 41.4351 0.472038 15.9202
      vertex 41.5999 11.6077 30.0624
      vertex 41.4351 11.5539 30.1044
    endloop
  endfacet
  facet normal 0.38252 -0.728081 0.568838
    outer loop
      vertex 41.5999 11.6077 30.0624
      vertex 41.4351 0.472038 15.9202
      vertex 41.5999 0.525807 15.8782
    endloop
  endfacet
  facet normal -0.961007 -0.217903 0.170245
    outer loop
      vertex -75.4601 1.37586 15.214
      vertex -75.4108 12.3228 29.5037
      vertex -75.4601 12.4578 29.3982
    endloop
  endfacet
  facet normal -0.961011 -0.217893 0.170237
    outer loop
      vertex -75.4108 12.3228 29.5037
      vertex -75.4601 1.37586 15.214
      vertex -75.4108 1.24085 15.3195
    endloop
  endfacet
  facet normal -0.998426 -0.044192 0.0345267
    outer loop
      vertex -75.5 1.65466 14.9962
      vertex -75.49 12.5963 29.29
      vertex -75.5 12.7366 29.1804
    endloop
  endfacet
  facet normal -0.998426 -0.0441959 0.0345297
    outer loop
      vertex -75.49 12.5963 29.29
      vertex -75.5 1.65466 14.9962
      vertex -75.49 1.51438 15.1058
    endloop
  endfacet
  facet normal -1 0 0
    outer loop
      vertex -75.5 1.67042 14.9839
      vertex -75.5 12.7366 29.1804
      vertex -75.5 12.7523 29.1681
    endloop
  endfacet
  facet normal -1 0 0
    outer loop
      vertex -75.5 12.7366 29.1804
      vertex -75.5 1.67042 14.9839
      vertex -75.5 1.65466 14.9962
    endloop
  endfacet
  facet normal 0.0559778 0.786776 -0.614695
    outer loop
      vertex 1.58802 13.9974 28.1954
      vertex 1.41 22.6245 39.2214
      vertex 1.58802 22.6166 39.2275
    endloop
  endfacet
  facet normal 0.056322 0.786763 -0.61468
    outer loop
      vertex 1.41 22.6245 39.2214
      vertex 1.58802 13.9974 28.1954
      vertex 1.41 14.0053 28.1892
    endloop
  endfacet
  facet normal -0.0563283 -0.78676 0.614684
    outer loop
      vertex -34.588 20.1108 41.1853
      vertex -34.41 11.4836 30.1593
      vertex -34.41 20.1029 41.1915
    endloop
  endfacet
  facet normal -0.0559841 -0.786772 0.614699
    outer loop
      vertex -34.41 11.4836 30.1593
      vertex -34.588 20.1108 41.1853
      vertex -34.588 11.4915 30.1532
    endloop
  endfacet
  facet normal -0.666247 0.587642 -0.45912
    outer loop
      vertex -35.4013 13.7319 28.4028
      vertex -35.5343 22.2576 39.5081
      vertex -35.4013 22.3512 39.4349
    endloop
  endfacet
  facet normal -0.666055 0.587779 -0.459223
    outer loop
      vertex -35.5343 22.2576 39.5081
      vertex -35.4013 13.7319 28.4028
      vertex -35.5343 13.6383 28.4759
    endloop
  endfacet
  facet normal 0.167389 0.776896 -0.606971
    outer loop
      vertex 1.76381 13.9739 28.2137
      vertex 1.58802 22.6166 39.2275
      vertex 1.76381 22.5931 39.2459
    endloop
  endfacet
  facet normal 0.167053 0.776938 -0.607009
    outer loop
      vertex 1.58802 22.6166 39.2275
      vertex 1.76381 13.9739 28.2137
      vertex 1.58802 13.9974 28.1954
    endloop
  endfacet
  facet normal 0.81554 0.45602 -0.356285
    outer loop
      vertex 2.75629 22.0382 39.6794
      vertex 2.65311 13.5335 28.5578
      vertex 2.65311 22.1528 39.5899
    endloop
  endfacet
  facet normal 0.81554 0.45602 -0.356285
    outer loop
      vertex 2.65311 13.5335 28.5578
      vertex 2.75629 22.0382 39.6794
      vertex 2.75629 13.4189 28.6473
    endloop
  endfacet
  facet normal 0.276889 -0.757198 0.591594
    outer loop
      vertex 1.76381 11.515 30.1348
      vertex 1.93514 20.1732 41.1365
      vertex 1.76381 20.1343 41.1669
    endloop
  endfacet
  facet normal 0.276889 -0.757198 0.591594
    outer loop
      vertex 1.93514 20.1732 41.1365
      vertex 1.76381 11.515 30.1348
      vertex 1.93514 11.5539 30.1044
    endloop
  endfacet
  facet normal 0.74559 -0.525137 0.410277
    outer loop
      vertex 2.5343 20.4699 40.9048
      vertex 2.65311 11.9554 29.7907
      vertex 2.65311 20.5746 40.8229
    endloop
  endfacet
  facet normal 0.745786 -0.524961 0.410145
    outer loop
      vertex 2.65311 11.9554 29.7907
      vertex 2.5343 20.4699 40.9048
      vertex 2.5343 11.8506 29.8726
    endloop
  endfacet
  facet normal -0.16738 -0.776891 0.606979
    outer loop
      vertex -34.7638 20.1343 41.1669
      vertex -34.588 11.4915 30.1532
      vertex -34.588 20.1108 41.1853
    endloop
  endfacet
  facet normal -0.16738 -0.776891 0.606979
    outer loop
      vertex -34.588 11.4915 30.1532
      vertex -34.7638 20.1343 41.1669
      vertex -34.7638 11.515 30.1348
    endloop
  endfacet
  facet normal -0.875385 0.380944 -0.297629
    outer loop
      vertex -35.7563 13.4189 28.6473
      vertex -35.8425 21.9152 39.7755
      vertex -35.7563 22.0382 39.6794
    endloop
  endfacet
  facet normal -0.875282 0.381093 -0.297742
    outer loop
      vertex -35.8425 21.9152 39.7755
      vertex -35.7563 13.4189 28.6473
      vertex -35.8425 13.296 28.7434
    endloop
  endfacet
  facet normal 0.923871 0.301574 -0.235615
    outer loop
      vertex 2.91077 21.7854 39.8769
      vertex 2.84254 13.296 28.7434
      vertex 2.84254 21.9152 39.7755
    endloop
  endfacet
  facet normal 0.923936 0.30145 -0.235521
    outer loop
      vertex 2.84254 13.296 28.7434
      vertex 2.91077 21.7854 39.8769
      vertex 2.91077 13.1661 28.8448
    endloop
  endfacet
  facet normal 0.483488 0.689786 -0.53892
    outer loop
      vertex 2.25593 13.8132 28.3392
      vertex 2.09987 22.5004 39.3183
      vertex 2.25593 22.4325 39.3714
    endloop
  endfacet
  facet normal 0.483826 0.689642 -0.538801
    outer loop
      vertex 2.09987 22.5004 39.3183
      vertex 2.25593 13.8132 28.3392
      vertex 2.09987 13.8812 28.2861
    endloop
  endfacet
  facet normal 0.382776 -0.727994 0.568777
    outer loop
      vertex 1.93514 11.5539 30.1044
      vertex 2.09987 20.227 41.0945
      vertex 1.93514 20.1732 41.1365
    endloop
  endfacet
  facet normal 0.382776 -0.727994 0.568777
    outer loop
      vertex 2.09987 20.227 41.0945
      vertex 1.93514 11.5539 30.1044
      vertex 2.09987 11.6077 30.0624
    endloop
  endfacet
  facet normal 0.578592 -0.642716 0.502143
    outer loop
      vertex 2.25593 11.6757 30.0093
      vertex 2.40135 20.3762 40.9779
      vertex 2.25593 20.2949 41.0414
    endloop
  endfacet
  facet normal 0.578822 -0.642589 0.50204
    outer loop
      vertex 2.40135 20.3762 40.9779
      vertex 2.25593 11.6757 30.0093
      vertex 2.40135 11.757 29.9457
    endloop
  endfacet
  facet normal -0.382637 -0.72804 0.568812
    outer loop
      vertex -35.0999 20.227 41.0945
      vertex -34.9351 11.5539 30.1044
      vertex -34.9351 20.1732 41.1365
    endloop
  endfacet
  facet normal -0.382637 -0.72804 0.568812
    outer loop
      vertex -34.9351 11.5539 30.1044
      vertex -35.0999 20.227 41.0945
      vertex -35.0999 11.6077 30.0624
    endloop
  endfacet
  facet normal -0.923733 0.301838 -0.235821
    outer loop
      vertex -35.8425 13.296 28.7434
      vertex -35.9108 21.7854 39.8769
      vertex -35.8425 21.9152 39.7755
    endloop
  endfacet
  facet normal -0.923797 0.301714 -0.235727
    outer loop
      vertex -35.9108 21.7854 39.8769
      vertex -35.8425 13.296 28.7434
      vertex -35.9108 13.1661 28.8448
    endloop
  endfacet
  facet normal -0.985836 0.13216 -0.103256
    outer loop
      vertex -35.9601 13.0311 28.9503
      vertex -35.99 21.5119 40.0906
      vertex -35.9601 21.6504 39.9824
    endloop
  endfacet
  facet normal -0.985836 0.13216 -0.103256
    outer loop
      vertex -35.99 21.5119 40.0906
      vertex -35.9601 13.0311 28.9503
      vertex -35.99 12.8926 29.0585
    endloop
  endfacet
  facet normal -0.382637 0.728045 -0.568805
    outer loop
      vertex -34.9351 22.5542 39.2763
      vertex -35.0999 13.8812 28.2861
      vertex -35.0999 22.5004 39.3183
    endloop
  endfacet
  facet normal -0.382637 0.728045 -0.568805
    outer loop
      vertex -35.0999 13.8812 28.2861
      vertex -34.9351 22.5542 39.2763
      vertex -34.9351 13.935 28.2441
    endloop
  endfacet
  facet normal -0.578645 0.642683 -0.502124
    outer loop
      vertex -35.2559 22.4325 39.3714
      vertex -35.4013 13.7319 28.4028
      vertex -35.4013 22.3512 39.4349
    endloop
  endfacet
  facet normal -0.578875 0.642557 -0.502021
    outer loop
      vertex -35.4013 13.7319 28.4028
      vertex -35.2559 22.4325 39.3714
      vertex -35.2559 13.8132 28.3392
    endloop
  endfacet
  facet normal -0.815488 0.456079 -0.356331
    outer loop
      vertex -35.6531 13.5335 28.5578
      vertex -35.7563 22.0382 39.6794
      vertex -35.6531 22.1528 39.5899
    endloop
  endfacet
  facet normal -0.815488 0.456079 -0.356331
    outer loop
      vertex -35.7563 22.0382 39.6794
      vertex -35.6531 13.5335 28.5578
      vertex -35.7563 13.4189 28.6473
    endloop
  endfacet
  facet normal -0.0559841 0.786776 -0.614695
    outer loop
      vertex -34.41 22.6245 39.2214
      vertex -34.588 13.9974 28.1954
      vertex -34.588 22.6166 39.2275
    endloop
  endfacet
  facet normal -0.0563283 0.786763 -0.61468
    outer loop
      vertex -34.588 13.9974 28.1954
      vertex -34.41 22.6245 39.2214
      vertex -34.41 14.0053 28.1892
    endloop
  endfacet
  facet normal -0.276934 0.757194 -0.591578
    outer loop
      vertex -34.7638 22.5931 39.2459
      vertex -34.9351 13.935 28.2441
      vertex -34.9351 22.5542 39.2763
    endloop
  endfacet
  facet normal -0.276934 0.757194 -0.591578
    outer loop
      vertex -34.9351 13.935 28.2441
      vertex -34.7638 22.5931 39.2459
      vertex -34.7638 13.9739 28.2137
    endloop
  endfacet
  facet normal -0.16738 0.776897 -0.606972
    outer loop
      vertex -34.588 22.6166 39.2275
      vertex -34.7638 13.9739 28.2137
      vertex -34.7638 22.5931 39.2459
    endloop
  endfacet
  facet normal -0.167044 0.776939 -0.60701
    outer loop
      vertex -34.7638 13.9739 28.2137
      vertex -34.588 22.6166 39.2275
      vertex -34.588 13.9974 28.1954
    endloop
  endfacet
  facet normal 0.998426 -0.0441922 0.0345264
    outer loop
      vertex 2.99 21.2155 40.3222
      vertex 3 12.7366 29.1804
      vertex 3 21.3558 40.2126
    endloop
  endfacet
  facet normal 0.998426 -0.0441922 0.0345264
    outer loop
      vertex 3 12.7366 29.1804
      vertex 2.99 21.2155 40.3222
      vertex 2.99 12.5963 29.29
    endloop
  endfacet
  facet normal 1 0 0
    outer loop
      vertex 3 21.3558 40.2126
      vertex 3 12.7523 29.1681
      vertex 3 21.3716 40.2003
    endloop
  endfacet
  facet normal 1 0 -0
    outer loop
      vertex 3 12.7523 29.1681
      vertex 3 21.3558 40.2126
      vertex 3 12.7366 29.1804
    endloop
  endfacet
  facet normal 0.875266 0.381113 -0.297761
    outer loop
      vertex 2.84254 21.9152 39.7755
      vertex 2.75629 13.4189 28.6473
      vertex 2.75629 22.0382 39.6794
    endloop
  endfacet
  facet normal 0.875163 0.381262 -0.297874
    outer loop
      vertex 2.75629 13.4189 28.6473
      vertex 2.84254 21.9152 39.7755
      vertex 2.84254 13.296 28.7434
    endloop
  endfacet
  facet normal 0.745633 0.525097 -0.41025
    outer loop
      vertex 2.65311 22.1528 39.5899
      vertex 2.5343 13.6383 28.4759
      vertex 2.5343 22.2576 39.5081
    endloop
  endfacet
  facet normal 0.745786 0.52496 -0.410147
    outer loop
      vertex 2.5343 13.6383 28.4759
      vertex 2.65311 22.1528 39.5899
      vertex 2.65311 13.5335 28.5578
    endloop
  endfacet
  facet normal 0.483488 -0.689784 0.538923
    outer loop
      vertex 2.09987 11.6077 30.0624
      vertex 2.25593 20.2949 41.0414
      vertex 2.09987 20.227 41.0945
    endloop
  endfacet
  facet normal 0.483826 -0.689639 0.538804
    outer loop
      vertex 2.25593 20.2949 41.0414
      vertex 2.09987 11.6077 30.0624
      vertex 2.25593 11.6757 30.0093
    endloop
  endfacet
  facet normal 0.056322 -0.78676 0.614684
    outer loop
      vertex 1.41 11.4836 30.1593
      vertex 1.58802 20.1108 41.1853
      vertex 1.41 20.1029 41.1915
    endloop
  endfacet
  facet normal 0.0559778 -0.786772 0.6147
    outer loop
      vertex 1.58802 20.1108 41.1853
      vertex 1.41 11.4836 30.1593
      vertex 1.58802 11.4915 30.1532
    endloop
  endfacet
  facet normal 0.167389 -0.77689 0.606979
    outer loop
      vertex 1.58802 11.4915 30.1532
      vertex 1.76381 20.1343 41.1669
      vertex 1.58802 20.1108 41.1853
    endloop
  endfacet
  facet normal 0.167389 -0.77689 0.606979
    outer loop
      vertex 1.76381 20.1343 41.1669
      vertex 1.58802 11.4915 30.1532
      vertex 1.76381 11.515 30.1348
    endloop
  endfacet
  facet normal 0.875266 -0.381114 0.297759
    outer loop
      vertex 2.75629 20.6892 40.7334
      vertex 2.84254 12.1929 29.6051
      vertex 2.84254 20.8122 40.6373
    endloop
  endfacet
  facet normal 0.875163 -0.381263 0.297872
    outer loop
      vertex 2.84254 12.1929 29.6051
      vertex 2.75629 20.6892 40.7334
      vertex 2.75629 12.07 29.7012
    endloop
  endfacet
  facet normal 0.81554 -0.456024 0.356281
    outer loop
      vertex 2.65311 20.5746 40.8229
      vertex 2.75629 12.07 29.7012
      vertex 2.75629 20.6892 40.7334
    endloop
  endfacet
  facet normal 0.81554 -0.456024 0.356281
    outer loop
      vertex 2.75629 12.07 29.7012
      vertex 2.65311 20.5746 40.8229
      vertex 2.65311 11.9554 29.7907
    endloop
  endfacet
  facet normal 0.66644 -0.587508 0.459012
    outer loop
      vertex 2.40135 20.3762 40.9779
      vertex 2.5343 11.8506 29.8726
      vertex 2.5343 20.4699 40.9048
    endloop
  endfacet
  facet normal 0.666195 -0.587684 0.459143
    outer loop
      vertex 2.5343 11.8506 29.8726
      vertex 2.40135 20.3762 40.9779
      vertex 2.40135 11.757 29.9457
    endloop
  endfacet
  facet normal -0.815488 -0.456083 0.356327
    outer loop
      vertex -35.7563 12.07 29.7012
      vertex -35.6531 20.5746 40.8229
      vertex -35.7563 20.6892 40.7334
    endloop
  endfacet
  facet normal -0.815488 -0.456083 0.356327
    outer loop
      vertex -35.6531 20.5746 40.8229
      vertex -35.7563 12.07 29.7012
      vertex -35.6531 11.9554 29.7907
    endloop
  endfacet
  facet normal -0.998427 0.0441767 -0.0345149
    outer loop
      vertex -35.99 12.8926 29.0585
      vertex -36 21.3716 40.2003
      vertex -35.99 21.5119 40.0906
    endloop
  endfacet
  facet normal -0.998426 0.0441921 -0.0345266
    outer loop
      vertex -36 21.3716 40.2003
      vertex -35.99 12.8926 29.0585
      vertex -36 12.7523 29.1681
    endloop
  endfacet
  facet normal -0.961007 0.217902 -0.170245
    outer loop
      vertex -35.9108 13.1661 28.8448
      vertex -35.9601 21.6504 39.9824
      vertex -35.9108 21.7854 39.8769
    endloop
  endfacet
  facet normal -0.961007 0.217902 -0.170245
    outer loop
      vertex -35.9601 21.6504 39.9824
      vertex -35.9108 13.1661 28.8448
      vertex -35.9601 13.0311 28.9503
    endloop
  endfacet
  facet normal -0.48363 0.689724 -0.538871
    outer loop
      vertex -35.0999 22.5004 39.3183
      vertex -35.2559 13.8132 28.3392
      vertex -35.2559 22.4325 39.3714
    endloop
  endfacet
  facet normal -0.483969 0.68958 -0.538752
    outer loop
      vertex -35.2559 13.8132 28.3392
      vertex -35.0999 22.5004 39.3183
      vertex -35.0999 13.8812 28.2861
    endloop
  endfacet
  facet normal -0.745661 0.525072 -0.410231
    outer loop
      vertex -35.5343 13.6383 28.4759
      vertex -35.6531 22.1528 39.5899
      vertex -35.5343 22.2576 39.5081
    endloop
  endfacet
  facet normal -0.745814 0.524935 -0.410128
    outer loop
      vertex -35.6531 22.1528 39.5899
      vertex -35.5343 13.6383 28.4759
      vertex -35.6531 13.5335 28.5578
    endloop
  endfacet
  facet normal 0.985863 -0.132032 0.103154
    outer loop
      vertex 2.96013 21.077 40.4304
      vertex 2.99 12.5963 29.29
      vertex 2.99 21.2155 40.3222
    endloop
  endfacet
  facet normal 0.985863 -0.132032 0.103154
    outer loop
      vertex 2.99 12.5963 29.29
      vertex 2.96013 21.077 40.4304
      vertex 2.96013 12.4578 29.3982
    endloop
  endfacet
  facet normal 0.960918 -0.218149 0.170434
    outer loop
      vertex 2.91077 20.942 40.5359
      vertex 2.96013 12.4578 29.3982
      vertex 2.96013 21.077 40.4304
    endloop
  endfacet
  facet normal 0.960918 -0.218149 0.170434
    outer loop
      vertex 2.96013 12.4578 29.3982
      vertex 2.91077 20.942 40.5359
      vertex 2.91077 12.3228 29.5037
    endloop
  endfacet
  facet normal 0.998427 0.0441767 -0.0345149
    outer loop
      vertex 3 21.3716 40.2003
      vertex 2.99 12.8926 29.0585
      vertex 2.99 21.5119 40.0906
    endloop
  endfacet
  facet normal 0.998426 0.0441921 -0.0345266
    outer loop
      vertex 2.99 12.8926 29.0585
      vertex 3 21.3716 40.2003
      vertex 3 12.7523 29.1681
    endloop
  endfacet
  facet normal 0.666387 0.587544 -0.459044
    outer loop
      vertex 2.5343 22.2576 39.5081
      vertex 2.40135 13.7319 28.4028
      vertex 2.40135 22.3512 39.4349
    endloop
  endfacet
  facet normal 0.666195 0.587681 -0.459147
    outer loop
      vertex 2.40135 13.7319 28.4028
      vertex 2.5343 22.2576 39.5081
      vertex 2.5343 13.6383 28.4759
    endloop
  endfacet
  facet normal 0.923871 -0.301575 0.235614
    outer loop
      vertex 2.84254 20.8122 40.6373
      vertex 2.91077 12.3228 29.5037
      vertex 2.91077 20.942 40.5359
    endloop
  endfacet
  facet normal 0.923936 -0.301451 0.235519
    outer loop
      vertex 2.91077 12.3228 29.5037
      vertex 2.84254 20.8122 40.6373
      vertex 2.84254 12.1929 29.6051
    endloop
  endfacet
  facet normal -0.666301 -0.587606 0.459088
    outer loop
      vertex -35.5343 11.8506 29.8726
      vertex -35.4013 20.3762 40.9779
      vertex -35.5343 20.4699 40.9048
    endloop
  endfacet
  facet normal -0.666055 -0.587782 0.45922
    outer loop
      vertex -35.4013 20.3762 40.9779
      vertex -35.5343 11.8506 29.8726
      vertex -35.4013 11.757 29.9457
    endloop
  endfacet
  facet normal -0.276934 -0.757188 0.591586
    outer loop
      vertex -34.9351 20.1732 41.1365
      vertex -34.7638 11.515 30.1348
      vertex -34.7638 20.1343 41.1669
    endloop
  endfacet
  facet normal -0.276934 -0.757188 0.591586
    outer loop
      vertex -34.7638 11.515 30.1348
      vertex -34.9351 20.1732 41.1365
      vertex -34.9351 11.5539 30.1044
    endloop
  endfacet
  facet normal -0.48363 -0.689722 0.538875
    outer loop
      vertex -35.2559 20.2949 41.0414
      vertex -35.0999 11.6077 30.0624
      vertex -35.0999 20.227 41.0945
    endloop
  endfacet
  facet normal -0.483969 -0.689577 0.538755
    outer loop
      vertex -35.0999 11.6077 30.0624
      vertex -35.2559 20.2949 41.0414
      vertex -35.2559 11.6757 30.0093
    endloop
  endfacet
  facet normal -0.578645 -0.642686 0.50212
    outer loop
      vertex -35.4013 20.3762 40.9779
      vertex -35.2559 11.6757 30.0093
      vertex -35.2559 20.2949 41.0414
    endloop
  endfacet
  facet normal -0.578875 -0.64256 0.502017
    outer loop
      vertex -35.2559 11.6757 30.0093
      vertex -35.4013 20.3762 40.9779
      vertex -35.4013 11.757 29.9457
    endloop
  endfacet
  facet normal -1 0 0
    outer loop
      vertex -36 12.7523 29.1681
      vertex -36 21.3558 40.2126
      vertex -36 21.3716 40.2003
    endloop
  endfacet
  facet normal -1 0 0
    outer loop
      vertex -36 21.3558 40.2126
      vertex -36 12.7523 29.1681
      vertex -36 12.7366 29.1804
    endloop
  endfacet
  facet normal -0.998426 -0.0441922 0.0345264
    outer loop
      vertex -36 12.7366 29.1804
      vertex -35.99 21.2155 40.3222
      vertex -36 21.3558 40.2126
    endloop
  endfacet
  facet normal -0.998426 -0.0441922 0.0345264
    outer loop
      vertex -35.99 21.2155 40.3222
      vertex -36 12.7366 29.1804
      vertex -35.99 12.5963 29.29
    endloop
  endfacet
  facet normal -0.961007 -0.217904 0.170243
    outer loop
      vertex -35.9601 12.4578 29.3982
      vertex -35.9108 20.942 40.5359
      vertex -35.9601 21.077 40.4304
    endloop
  endfacet
  facet normal -0.961007 -0.217904 0.170243
    outer loop
      vertex -35.9108 20.942 40.5359
      vertex -35.9601 12.4578 29.3982
      vertex -35.9108 12.3228 29.5037
    endloop
  endfacet
  facet normal -0.985836 -0.132161 0.103255
    outer loop
      vertex -35.99 12.5963 29.29
      vertex -35.9601 21.077 40.4304
      vertex -35.99 21.2155 40.3222
    endloop
  endfacet
  facet normal -0.985836 -0.132161 0.103255
    outer loop
      vertex -35.9601 21.077 40.4304
      vertex -35.99 12.5963 29.29
      vertex -35.9601 12.4578 29.3982
    endloop
  endfacet
  facet normal -0.923733 -0.30184 0.23582
    outer loop
      vertex -35.9108 12.3228 29.5037
      vertex -35.8425 20.8122 40.6373
      vertex -35.9108 20.942 40.5359
    endloop
  endfacet
  facet normal -0.923797 -0.301715 0.235726
    outer loop
      vertex -35.8425 20.8122 40.6373
      vertex -35.9108 12.3228 29.5037
      vertex -35.8425 12.1929 29.6051
    endloop
  endfacet
  facet normal 0.578592 0.642713 -0.502147
    outer loop
      vertex 2.40135 13.7319 28.4028
      vertex 2.25593 22.4325 39.3714
      vertex 2.40135 22.3512 39.4349
    endloop
  endfacet
  facet normal 0.578822 0.642587 -0.502044
    outer loop
      vertex 2.25593 22.4325 39.3714
      vertex 2.40135 13.7319 28.4028
      vertex 2.25593 13.8132 28.3392
    endloop
  endfacet
  facet normal 0.276889 0.757204 -0.591586
    outer loop
      vertex 1.93514 13.935 28.2441
      vertex 1.76381 22.5931 39.2459
      vertex 1.93514 22.5542 39.2763
    endloop
  endfacet
  facet normal 0.276889 0.757204 -0.591586
    outer loop
      vertex 1.76381 22.5931 39.2459
      vertex 1.93514 13.935 28.2441
      vertex 1.76381 13.9739 28.2137
    endloop
  endfacet
  facet normal 0.382776 0.728 -0.568769
    outer loop
      vertex 2.09987 13.8812 28.2861
      vertex 1.93514 22.5542 39.2763
      vertex 2.09987 22.5004 39.3183
    endloop
  endfacet
  facet normal 0.382776 0.728 -0.568769
    outer loop
      vertex 1.93514 22.5542 39.2763
      vertex 2.09987 13.8812 28.2861
      vertex 1.93514 13.935 28.2441
    endloop
  endfacet
  facet normal 0.960918 0.218147 -0.170437
    outer loop
      vertex 2.96013 21.6504 39.9824
      vertex 2.91077 13.1661 28.8448
      vertex 2.91077 21.7854 39.8769
    endloop
  endfacet
  facet normal 0.960918 0.218147 -0.170437
    outer loop
      vertex 2.91077 13.1661 28.8448
      vertex 2.96013 21.6504 39.9824
      vertex 2.96013 13.0311 28.9503
    endloop
  endfacet
  facet normal 0.985863 0.132031 -0.103155
    outer loop
      vertex 2.99 21.5119 40.0906
      vertex 2.96013 13.0311 28.9503
      vertex 2.96013 21.6504 39.9824
    endloop
  endfacet
  facet normal 0.985863 0.132031 -0.103155
    outer loop
      vertex 2.96013 13.0311 28.9503
      vertex 2.99 21.5119 40.0906
      vertex 2.99 12.8926 29.0585
    endloop
  endfacet
  facet normal -0.745618 -0.525112 0.410258
    outer loop
      vertex -35.6531 11.9554 29.7907
      vertex -35.5343 20.4699 40.9048
      vertex -35.6531 20.5746 40.8229
    endloop
  endfacet
  facet normal -0.745814 -0.524937 0.410126
    outer loop
      vertex -35.5343 20.4699 40.9048
      vertex -35.6531 11.9554 29.7907
      vertex -35.5343 11.8506 29.8726
    endloop
  endfacet
  facet normal -0.875385 -0.380945 0.297627
    outer loop
      vertex -35.8425 12.1929 29.6051
      vertex -35.7563 20.6892 40.7334
      vertex -35.8425 20.8122 40.6373
    endloop
  endfacet
  facet normal -0.875282 -0.381094 0.29774
    outer loop
      vertex -35.7563 20.6892 40.7334
      vertex -35.8425 12.1929 29.6051
      vertex -35.7563 12.07 29.7012
    endloop
  endfacet
  facet normal -0.0377791 0.613848 0.78852
    outer loop
      vertex 2.99 21.5119 40.0906
      vertex 3 21.3558 40.2126
      vertex 3 21.3716 40.2003
    endloop
  endfacet
  facet normal -0.00213742 0.615705 0.787974
    outer loop
      vertex 2.99 21.5119 40.0906
      vertex 2.99 21.2155 40.3222
      vertex 3 21.3558 40.2126
    endloop
  endfacet
  facet normal 0.000544692 0.615706 0.787976
    outer loop
      vertex 2.96013 21.6504 39.9824
      vertex 2.99 21.2155 40.3222
      vertex 2.99 21.5119 40.0906
    endloop
  endfacet
  facet normal -0.00028157 0.615671 0.788004
    outer loop
      vertex 2.96013 21.6504 39.9824
      vertex 2.96013 21.077 40.4304
      vertex 2.99 21.2155 40.3222
    endloop
  endfacet
  facet normal -0.000381431 0.615671 0.788003
    outer loop
      vertex 2.91077 21.7854 39.8769
      vertex 2.96013 21.077 40.4304
      vertex 2.96013 21.6504 39.9824
    endloop
  endfacet
  facet normal 0.000259315 0.615698 0.787982
    outer loop
      vertex 2.91077 21.7854 39.8769
      vertex 2.91077 20.942 40.5359
      vertex 2.96013 21.077 40.4304
    endloop
  endfacet
  facet normal 0.000238811 0.615698 0.787982
    outer loop
      vertex 2.84254 21.9152 39.7755
      vertex 2.91077 20.942 40.5359
      vertex 2.91077 21.7854 39.8769
    endloop
  endfacet
  facet normal -0.000182608 0.61568 0.787996
    outer loop
      vertex 2.84254 21.9152 39.7755
      vertex 2.84254 20.8122 40.6373
      vertex 2.91077 20.942 40.5359
    endloop
  endfacet
  facet normal 2.56774e-05 0.61568 0.787996
    outer loop
      vertex 2.75629 22.0382 39.6794
      vertex 2.84254 20.8122 40.6373
      vertex 2.84254 21.9152 39.7755
    endloop
  endfacet
  facet normal -2.0995e-05 0.615678 0.787998
    outer loop
      vertex 2.75629 22.0382 39.6794
      vertex 2.75629 20.6892 40.7334
      vertex 2.84254 20.8122 40.6373
    endloop
  endfacet
  facet normal 0.000299484 0.615678 0.787998
    outer loop
      vertex 2.65311 22.1528 39.5899
      vertex 2.75629 20.6892 40.7334
      vertex 2.75629 22.0382 39.6794
    endloop
  endfacet
  facet normal -0.000255996 0.615654 0.788017
    outer loop
      vertex 2.65311 22.1528 39.5899
      vertex 2.65311 20.5746 40.8229
      vertex 2.75629 20.6892 40.7334
    endloop
  endfacet
  facet normal 0.000511207 0.615654 0.788017
    outer loop
      vertex 2.5343 22.2576 39.5081
      vertex 2.65311 20.5746 40.8229
      vertex 2.65311 22.1528 39.5899
    endloop
  endfacet
  facet normal 0.000660916 0.61566 0.788012
    outer loop
      vertex 2.5343 22.2576 39.5081
      vertex 2.5343 20.4699 40.9048
      vertex 2.65311 20.5746 40.8229
    endloop
  endfacet
  facet normal -0.000426109 0.61566 0.788012
    outer loop
      vertex 2.40135 22.3512 39.4349
      vertex 2.5343 20.4699 40.9048
      vertex 2.5343 22.2576 39.5081
    endloop
  endfacet
  facet normal -0.000620028 0.615652 0.788018
    outer loop
      vertex 2.40135 22.3512 39.4349
      vertex 2.40135 20.3762 40.9779
      vertex 2.5343 20.4699 40.9048
    endloop
  endfacet
  facet normal 9.16414e-05 0.615652 0.788018
    outer loop
      vertex 2.25593 22.4325 39.3714
      vertex 2.40135 20.3762 40.9779
      vertex 2.40135 22.3512 39.4349
    endloop
  endfacet
  facet normal -8.46712e-05 0.615644 0.788024
    outer loop
      vertex 2.25593 22.4325 39.3714
      vertex 2.25593 20.2949 41.0414
      vertex 2.40135 20.3762 40.9779
    endloop
  endfacet
  facet normal -0.000268254 0.615644 0.788024
    outer loop
      vertex 2.09987 22.5004 39.3183
      vertex 2.25593 20.2949 41.0414
      vertex 2.25593 22.4325 39.3714
    endloop
  endfacet
  facet normal 0.000252225 0.615667 0.788006
    outer loop
      vertex 2.09987 22.5004 39.3183
      vertex 2.09987 20.227 41.0945
      vertex 2.25593 20.2949 41.0414
    endloop
  endfacet
  facet normal 0.000161516 0.615667 0.788006
    outer loop
      vertex 1.93514 22.5542 39.2763
      vertex 2.09987 20.227 41.0945
      vertex 2.09987 22.5004 39.3183
    endloop
  endfacet
  facet normal -0.000154219 0.615653 0.788017
    outer loop
      vertex 1.93514 22.5542 39.2763
      vertex 1.93514 20.1732 41.1365
      vertex 2.09987 20.227 41.0945
    endloop
  endfacet
  facet normal -3.9832e-05 0.615653 0.788017
    outer loop
      vertex 1.76381 22.5931 39.2459
      vertex 1.93514 20.1732 41.1365
      vertex 1.93514 22.5542 39.2763
    endloop
  endfacet
  facet normal 3.85715e-05 0.615656 0.788015
    outer loop
      vertex 1.76381 22.5931 39.2459
      vertex 1.76381 20.1343 41.1669
      vertex 1.93514 20.1732 41.1365
    endloop
  endfacet
  facet normal -0.000179432 0.615656 0.788015
    outer loop
      vertex 1.58802 22.6166 39.2275
      vertex 1.76381 20.1343 41.1669
      vertex 1.76381 22.5931 39.2459
    endloop
  endfacet
  facet normal 0.000176064 0.615672 0.788002
    outer loop
      vertex 1.58802 22.6166 39.2275
      vertex 1.58802 20.1108 41.1853
      vertex 1.76381 20.1343 41.1669
    endloop
  endfacet
  facet normal 0.00032016 0.615672 0.788002
    outer loop
      vertex 1.41 22.6245 39.2214
      vertex 1.58802 20.1108 41.1853
      vertex 1.58802 22.6166 39.2275
    endloop
  endfacet
  facet normal 0.000123109 0.615663 0.788009
    outer loop
      vertex 1.41 22.6245 39.2214
      vertex 1.41 20.1029 41.1915
      vertex 1.58802 20.1108 41.1853
    endloop
  endfacet
  facet normal -0 0.615663 0.788009
    outer loop
      vertex -34.41 22.6245 39.2214
      vertex 1.41 20.1029 41.1915
      vertex 1.41 22.6245 39.2214
    endloop
  endfacet
  facet normal 0 0.615663 0.788009
    outer loop
      vertex -34.41 22.6245 39.2214
      vertex -34.41 20.1029 41.1915
      vertex 1.41 20.1029 41.1915
    endloop
  endfacet
  facet normal -0.000319579 0.615663 0.788009
    outer loop
      vertex -34.588 22.6166 39.2275
      vertex -34.41 20.1029 41.1915
      vertex -34.41 22.6245 39.2214
    endloop
  endfacet
  facet normal -0.000122503 0.615672 0.788002
    outer loop
      vertex -34.588 22.6166 39.2275
      vertex -34.588 20.1108 41.1853
      vertex -34.41 20.1029 41.1915
    endloop
  endfacet
  facet normal 0.000176054 0.615672 0.788002
    outer loop
      vertex -34.7638 22.5931 39.2459
      vertex -34.588 20.1108 41.1853
      vertex -34.588 22.6166 39.2275
    endloop
  endfacet
  facet normal -0.000179422 0.615656 0.788015
    outer loop
      vertex -34.7638 22.5931 39.2459
      vertex -34.7638 20.1343 41.1669
      vertex -34.588 20.1108 41.1853
    endloop
  endfacet
  facet normal 3.85782e-05 0.615656 0.788015
    outer loop
      vertex -34.9351 22.5542 39.2763
      vertex -34.7638 20.1343 41.1669
      vertex -34.7638 22.5931 39.2459
    endloop
  endfacet
  facet normal -3.98389e-05 0.615653 0.788017
    outer loop
      vertex -34.9351 22.5542 39.2763
      vertex -34.9351 20.1732 41.1365
      vertex -34.7638 20.1343 41.1669
    endloop
  endfacet
  facet normal -0.000154154 0.615653 0.788017
    outer loop
      vertex -35.0999 22.5004 39.3183
      vertex -34.9351 20.1732 41.1365
      vertex -34.9351 22.5542 39.2763
    endloop
  endfacet
  facet normal 0.000161448 0.615667 0.788006
    outer loop
      vertex -35.0999 22.5004 39.3183
      vertex -35.0999 20.227 41.0945
      vertex -34.9351 20.1732 41.1365
    endloop
  endfacet
  facet normal 0.000252322 0.615667 0.788006
    outer loop
      vertex -35.2559 22.4325 39.3714
      vertex -35.0999 20.227 41.0945
      vertex -35.0999 22.5004 39.3183
    endloop
  endfacet
  facet normal -0.000268358 0.615644 0.788024
    outer loop
      vertex -35.2559 22.4325 39.3714
      vertex -35.2559 20.2949 41.0414
      vertex -35.0999 20.227 41.0945
    endloop
  endfacet
  facet normal -8.46828e-05 0.615644 0.788024
    outer loop
      vertex -35.4013 22.3512 39.4349
      vertex -35.2559 20.2949 41.0414
      vertex -35.2559 22.4325 39.3714
    endloop
  endfacet
  facet normal 9.1654e-05 0.615652 0.788018
    outer loop
      vertex -35.4013 22.3512 39.4349
      vertex -35.4013 20.3762 40.9779
      vertex -35.2559 20.2949 41.0414
    endloop
  endfacet
  facet normal 0.000435596 0.615652 0.788018
    outer loop
      vertex -35.5343 22.2576 39.5081
      vertex -35.4013 20.3762 40.9779
      vertex -35.4013 22.3512 39.4349
    endloop
  endfacet
  facet normal 0.000629444 0.61566 0.788012
    outer loop
      vertex -35.5343 22.2576 39.5081
      vertex -35.5343 20.4699 40.9048
      vertex -35.4013 20.3762 40.9779
    endloop
  endfacet
  facet normal -0.00052057 0.61566 0.788012
    outer loop
      vertex -35.6531 22.1528 39.5899
      vertex -35.5343 20.4699 40.9048
      vertex -35.5343 22.2576 39.5081
    endloop
  endfacet
  facet normal -0.000670291 0.615654 0.788017
    outer loop
      vertex -35.6531 22.1528 39.5899
      vertex -35.6531 20.5746 40.8229
      vertex -35.5343 20.4699 40.9048
    endloop
  endfacet
  facet normal -0.000255947 0.615654 0.788017
    outer loop
      vertex -35.7563 22.0382 39.6794
      vertex -35.6531 20.5746 40.8229
      vertex -35.6531 22.1528 39.5899
    endloop
  endfacet
  facet normal 0.000299426 0.615678 0.787998
    outer loop
      vertex -35.7563 22.0382 39.6794
      vertex -35.7563 20.6892 40.7334
      vertex -35.6531 20.5746 40.8229
    endloop
  endfacet
  facet normal -2.10072e-05 0.615678 0.787998
    outer loop
      vertex -35.8425 21.9152 39.7755
      vertex -35.7563 20.6892 40.7334
      vertex -35.7563 22.0382 39.6794
    endloop
  endfacet
  facet normal 2.56923e-05 0.61568 0.787996
    outer loop
      vertex -35.8425 21.9152 39.7755
      vertex -35.8425 20.8122 40.6373
      vertex -35.7563 20.6892 40.7334
    endloop
  endfacet
  facet normal -0.000182421 0.61568 0.787996
    outer loop
      vertex -35.9108 21.7854 39.8769
      vertex -35.8425 20.8122 40.6373
      vertex -35.8425 21.9152 39.7755
    endloop
  endfacet
  facet normal 0.000238566 0.615698 0.787982
    outer loop
      vertex -35.9108 21.7854 39.8769
      vertex -35.9108 20.942 40.5359
      vertex -35.8425 20.8122 40.6373
    endloop
  endfacet
  facet normal 0.000259631 0.615698 0.787982
    outer loop
      vertex -35.9601 21.6504 39.9824
      vertex -35.9108 20.942 40.5359
      vertex -35.9108 21.7854 39.8769
    endloop
  endfacet
  facet normal -0.000381895 0.615671 0.788003
    outer loop
      vertex -35.9601 21.6504 39.9824
      vertex -35.9601 21.077 40.4304
      vertex -35.9108 20.942 40.5359
    endloop
  endfacet
  facet normal -0.000281288 0.615671 0.788004
    outer loop
      vertex -35.99 21.5119 40.0906
      vertex -35.9601 21.077 40.4304
      vertex -35.9601 21.6504 39.9824
    endloop
  endfacet
  facet normal 0.000544145 0.615706 0.787976
    outer loop
      vertex -35.99 21.5119 40.0906
      vertex -35.99 21.2155 40.3222
      vertex -35.9601 21.077 40.4304
    endloop
  endfacet
  facet normal 0.00574224 0.615696 0.787963
    outer loop
      vertex -36 21.3716 40.2003
      vertex -35.99 21.2155 40.3222
      vertex -35.99 21.5119 40.0906
    endloop
  endfacet
  facet normal -0.0299019 0.614012 0.78873
    outer loop
      vertex -35.99 21.2155 40.3222
      vertex -36 21.3716 40.2003
      vertex -36 21.3558 40.2126
    endloop
  endfacet
  facet normal 0.666391 -0.587544 0.459037
    outer loop
      vertex -36.5515 8.4825 28.8874
      vertex -36.4679 0.753265 18.873
      vertex -36.4679 8.54138 28.8414
    endloop
  endfacet
  facet normal 0.666407 -0.587533 0.459028
    outer loop
      vertex -36.4679 0.753265 18.873
      vertex -36.5515 8.4825 28.8874
      vertex -36.5515 0.694381 18.919
    endloop
  endfacet
  facet normal 0.985853 -0.132079 0.103192
    outer loop
      vertex -36.2001 8.92324 28.543
      vertex -36.1813 1.22224 18.5066
      vertex -36.1813 9.01036 28.4749
    endloop
  endfacet
  facet normal 0.985853 -0.132079 0.103192
    outer loop
      vertex -36.1813 1.22224 18.5066
      vertex -36.2001 8.92324 28.543
      vertex -36.2001 1.13512 18.5747
    endloop
  endfacet
  facet normal -0.0561766 -0.786768 0.614687
    outer loop
      vertex -71.937 8.31553 29.0178
      vertex -71.825 0.522462 19.0533
      vertex -71.825 8.31058 29.0217
    endloop
  endfacet
  facet normal -0.0556575 -0.786788 0.614708
    outer loop
      vertex -71.825 0.522462 19.0533
      vertex -71.937 8.31553 29.0178
      vertex -71.937 0.527416 19.0495
    endloop
  endfacet
  facet normal 0.0561766 -0.786768 0.614687
    outer loop
      vertex -37.175 0.522462 19.0533
      vertex -37.063 8.31553 29.0178
      vertex -37.175 8.31058 29.0217
    endloop
  endfacet
  facet normal 0.0556575 -0.786788 0.614708
    outer loop
      vertex -37.063 8.31553 29.0178
      vertex -37.175 0.522462 19.0533
      vertex -37.063 0.527416 19.0495
    endloop
  endfacet
  facet normal -1 0 0
    outer loop
      vertex -72.825 1.54688 18.253
      vertex -72.825 9.09859 28.406
      vertex -72.825 9.33499 28.2213
    endloop
  endfacet
  facet normal -1 0 0
    outer loop
      vertex -72.825 9.09859 28.406
      vertex -72.825 1.54688 18.253
      vertex -72.825 1.31047 18.4377
    endloop
  endfacet
  facet normal 0 -0.788013 0.615659
    outer loop
      vertex -71.825 0.522462 19.0533
      vertex -70.35 8.31058 29.0217
      vertex -71.825 8.31058 29.0217
    endloop
  endfacet
  facet normal 0 -0.788013 0.615659
    outer loop
      vertex -70.35 8.31058 29.0217
      vertex -71.825 0.522462 19.0533
      vertex -70.35 0.522462 19.0533
    endloop
  endfacet
  facet normal 0 -0.788013 0.615659
    outer loop
      vertex -42.15 0.522462 19.0533
      vertex -37.175 8.31058 29.0217
      vertex -42.15 8.31058 29.0217
    endloop
  endfacet
  facet normal 0 -0.788013 0.615659
    outer loop
      vertex -37.175 8.31058 29.0217
      vertex -42.15 0.522462 19.0533
      vertex -37.175 0.522462 19.0533
    endloop
  endfacet
  facet normal 0 -0.788013 0.615659
    outer loop
      vertex -60.65 0.522462 19.0533
      vertex -51.85 8.31058 29.0217
      vertex -60.65 8.31058 29.0217
    endloop
  endfacet
  facet normal 0 -0.788013 0.615659
    outer loop
      vertex -51.85 8.31058 29.0217
      vertex -60.65 0.522462 19.0533
      vertex -51.85 0.522462 19.0533
    endloop
  endfacet
  facet normal 0.483888 -0.689611 0.538785
    outer loop
      vertex -36.7411 0.6005 18.9924
      vertex -36.643 8.43136 28.9273
      vertex -36.7411 8.38862 28.9607
    endloop
  endfacet
  facet normal 0.483915 -0.689599 0.538776
    outer loop
      vertex -36.643 8.43136 28.9273
      vertex -36.7411 0.6005 18.9924
      vertex -36.643 0.643245 18.959
    endloop
  endfacet
  facet normal 0.382618 -0.728047 0.568815
    outer loop
      vertex -36.8447 0.566683 19.0188
      vertex -36.7411 8.38862 28.9607
      vertex -36.8447 8.3548 28.9871
    endloop
  endfacet
  facet normal 0.3826 -0.728053 0.56882
    outer loop
      vertex -36.7411 8.38862 28.9607
      vertex -36.8447 0.566683 19.0188
      vertex -36.7411 0.6005 18.9924
    endloop
  endfacet
  facet normal 0 -0.615665 -0.788008
    outer loop
      vertex -71.825 0.522462 19.0533
      vertex -70.35 1.94088 17.9451
      vertex -70.35 0.522462 19.0533
    endloop
  endfacet
  facet normal -0.000509849 -0.615858 -0.787857
    outer loop
      vertex -72.6894 1.94088 17.9451
      vertex -71.825 0.522462 19.0533
      vertex -71.937 0.527416 19.0495
    endloop
  endfacet
  facet normal 0.000259421 -0.615604 -0.788056
    outer loop
      vertex -72.6894 1.94088 17.9451
      vertex -71.937 0.527416 19.0495
      vertex -72.0475 0.542219 19.0379
    endloop
  endfacet
  facet normal -0.000115706 -0.615711 -0.787972
    outer loop
      vertex -72.6894 1.94088 17.9451
      vertex -72.0475 0.542219 19.0379
      vertex -72.1553 0.566683 19.0188
    endloop
  endfacet
  facet normal -0.000198311 -0.615739 -0.78795
    outer loop
      vertex -72.825 1.54688 18.253
      vertex -72.1553 0.566683 19.0188
      vertex -72.2589 0.6005 18.9924
    endloop
  endfacet
  facet normal 3.94802e-05 -0.61565 -0.788019
    outer loop
      vertex -72.825 1.54688 18.253
      vertex -72.2589 0.6005 18.9924
      vertex -72.357 0.643245 18.959
    endloop
  endfacet
  facet normal 0.000675345 -0.615372 -0.788236
    outer loop
      vertex -72.825 1.31047 18.4377
      vertex -72.357 0.643245 18.959
      vertex -72.4485 0.694381 18.919
    endloop
  endfacet
  facet normal -2.08242e-05 -0.615636 -0.78803
    outer loop
      vertex -72.825 1.31047 18.4377
      vertex -72.4485 0.694381 18.919
      vertex -72.5321 0.753265 18.873
    endloop
  endfacet
  facet normal 0.000483874 -0.615472 -0.788159
    outer loop
      vertex -72.825 1.31047 18.4377
      vertex -72.5321 0.753265 18.873
      vertex -72.6068 0.819156 18.8215
    endloop
  endfacet
  facet normal 2.49771e-05 -0.615598 -0.78806
    outer loop
      vertex -72.825 1.31047 18.4377
      vertex -72.6068 0.819156 18.8215
      vertex -72.6717 0.891226 18.7652
    endloop
  endfacet
  facet normal 0 -0.615665 -0.788008
    outer loop
      vertex -71.825 0.522462 19.0533
      vertex -72.6894 1.94088 17.9451
      vertex -70.35 1.94088 17.9451
    endloop
  endfacet
  facet normal -0.000494072 -0.615716 -0.787968
    outer loop
      vertex -72.825 1.31047 18.4377
      vertex -72.6717 0.891226 18.7652
      vertex -72.726 0.968567 18.7048
    endloop
  endfacet
  facet normal 2.90272e-05 -0.615654 -0.788017
    outer loop
      vertex -72.357 0.643245 18.959
      vertex -72.825 1.31047 18.4377
      vertex -72.825 1.54688 18.253
    endloop
  endfacet
  facet normal 0.000785888 -0.615486 -0.788148
    outer loop
      vertex -72.825 1.31047 18.4377
      vertex -72.726 0.968567 18.7048
      vertex -72.7689 1.05021 18.641
    endloop
  endfacet
  facet normal -0.000153822 -0.61572 -0.787965
    outer loop
      vertex -72.1553 0.566683 19.0188
      vertex -72.825 1.54688 18.253
      vertex -72.6894 1.94088 17.9451
    endloop
  endfacet
  facet normal -0.00166061 -0.615813 -0.787891
    outer loop
      vertex -72.825 1.31047 18.4377
      vertex -72.7689 1.05021 18.641
      vertex -72.7999 1.13512 18.5747
    endloop
  endfacet
  facet normal -0.00360304 -0.614979 -0.788536
    outer loop
      vertex -72.6894 1.94088 17.9451
      vertex -72.825 1.54688 18.253
      vertex -72.726 1.88878 17.9859
    endloop
  endfacet
  facet normal 0.00418696 -0.615288 -0.788291
    outer loop
      vertex -72.825 1.31047 18.4377
      vertex -72.7999 1.13512 18.5747
      vertex -72.8187 1.22224 18.5066
    endloop
  endfacet
  facet normal 0.00323084 -0.616208 -0.787577
    outer loop
      vertex -72.726 1.88878 17.9859
      vertex -72.825 1.54688 18.253
      vertex -72.7689 1.80714 18.0496
    endloop
  endfacet
  facet normal -0.00203613 -0.615505 -0.78813
    outer loop
      vertex -72.7689 1.80714 18.0496
      vertex -72.825 1.54688 18.253
      vertex -72.7999 1.72222 18.116
    endloop
  endfacet
  facet normal 0.00874143 -0.616441 -0.787353
    outer loop
      vertex -72.7999 1.72222 18.116
      vertex -72.825 1.54688 18.253
      vertex -72.8187 1.6351 18.184
    endloop
  endfacet
  facet normal -0.00109187 -0.615431 -0.78819
    outer loop
      vertex -36.274 0.968567 18.7048
      vertex -36.175 1.31047 18.4377
      vertex -36.1813 1.22224 18.5066
    endloop
  endfacet
  facet normal -2.90272e-05 -0.615654 -0.788017
    outer loop
      vertex -36.175 1.31047 18.4377
      vertex -36.643 0.643245 18.959
      vertex -36.175 1.54688 18.253
    endloop
  endfacet
  facet normal 0.00450222 -0.616451 -0.78738
    outer loop
      vertex -36.2311 1.05021 18.641
      vertex -36.1813 1.22224 18.5066
      vertex -36.2001 1.13512 18.5747
    endloop
  endfacet
  facet normal -0.000675345 -0.615372 -0.788236
    outer loop
      vertex -36.175 1.31047 18.4377
      vertex -36.5515 0.694381 18.919
      vertex -36.643 0.643245 18.959
    endloop
  endfacet
  facet normal -0.000640806 -0.615533 -0.788111
    outer loop
      vertex -36.274 0.968567 18.7048
      vertex -36.1813 1.22224 18.5066
      vertex -36.2311 1.05021 18.641
    endloop
  endfacet
  facet normal 2.08242e-05 -0.615636 -0.78803
    outer loop
      vertex -36.175 1.31047 18.4377
      vertex -36.4679 0.753265 18.873
      vertex -36.5515 0.694381 18.919
    endloop
  endfacet
  facet normal 0.000494072 -0.615716 -0.787968
    outer loop
      vertex -36.175 1.31047 18.4377
      vertex -36.274 0.968567 18.7048
      vertex -36.3283 0.891226 18.7652
    endloop
  endfacet
  facet normal -0.000483874 -0.615472 -0.788159
    outer loop
      vertex -36.175 1.31047 18.4377
      vertex -36.3932 0.819156 18.8215
      vertex -36.4679 0.753265 18.873
    endloop
  endfacet
  facet normal 0.0127653 -0.610928 -0.791583
    outer loop
      vertex -36.2311 1.80714 18.0496
      vertex -36.3106 1.94088 17.9451
      vertex -36.274 1.88878 17.9859
    endloop
  endfacet
  facet normal -2.49771e-05 -0.615598 -0.78806
    outer loop
      vertex -36.175 1.31047 18.4377
      vertex -36.3283 0.891226 18.7652
      vertex -36.3932 0.819156 18.8215
    endloop
  endfacet
  facet normal -3.94802e-05 -0.61565 -0.788019
    outer loop
      vertex -36.7411 0.6005 18.9924
      vertex -36.175 1.54688 18.253
      vertex -36.643 0.643245 18.959
    endloop
  endfacet
  facet normal -0.00187278 -0.616391 -0.787438
    outer loop
      vertex -36.2001 1.72222 18.116
      vertex -36.3106 1.94088 17.9451
      vertex -36.2311 1.80714 18.0496
    endloop
  endfacet
  facet normal 0.000198311 -0.615739 -0.78795
    outer loop
      vertex -36.8447 0.566683 19.0188
      vertex -36.175 1.54688 18.253
      vertex -36.7411 0.6005 18.9924
    endloop
  endfacet
  facet normal 0.00284903 -0.614908 -0.788594
    outer loop
      vertex -36.1813 1.6351 18.184
      vertex -36.3106 1.94088 17.9451
      vertex -36.2001 1.72222 18.116
    endloop
  endfacet
  facet normal -0.00191595 -0.616161 -0.787618
    outer loop
      vertex -36.175 1.54688 18.253
      vertex -36.3106 1.94088 17.9451
      vertex -36.1813 1.6351 18.184
    endloop
  endfacet
  facet normal 0.000153822 -0.61572 -0.787965
    outer loop
      vertex -36.175 1.54688 18.253
      vertex -36.8447 0.566683 19.0188
      vertex -36.3106 1.94088 17.9451
    endloop
  endfacet
  facet normal 0.000115706 -0.615711 -0.787972
    outer loop
      vertex -36.9525 0.542219 19.0379
      vertex -36.3106 1.94088 17.9451
      vertex -36.8447 0.566683 19.0188
    endloop
  endfacet
  facet normal -0.000259421 -0.615604 -0.788056
    outer loop
      vertex -37.063 0.527416 19.0495
      vertex -36.3106 1.94088 17.9451
      vertex -36.9525 0.542219 19.0379
    endloop
  endfacet
  facet normal 0.000509849 -0.615858 -0.787857
    outer loop
      vertex -37.175 0.522462 19.0533
      vertex -36.3106 1.94088 17.9451
      vertex -37.063 0.527416 19.0495
    endloop
  endfacet
  facet normal 0 -0.615665 -0.788008
    outer loop
      vertex -42.15 1.94088 17.9451
      vertex -37.175 0.522462 19.0533
      vertex -42.15 0.522462 19.0533
    endloop
  endfacet
  facet normal 0 -0.615665 -0.788008
    outer loop
      vertex -37.175 0.522462 19.0533
      vertex -42.15 1.94088 17.9451
      vertex -36.3106 1.94088 17.9451
    endloop
  endfacet
  facet normal 0 -0.615665 -0.788008
    outer loop
      vertex -60.65 0.522462 19.0533
      vertex -51.85 1.94088 17.9451
      vertex -51.85 0.522462 19.0533
    endloop
  endfacet
  facet normal -0 -0.615665 -0.788008
    outer loop
      vertex -51.85 1.94088 17.9451
      vertex -60.65 0.522462 19.0533
      vertex -60.65 1.94088 17.9451
    endloop
  endfacet
  facet normal 0.875123 -0.381319 0.29792
    outer loop
      vertex -36.3283 8.67934 28.7336
      vertex -36.274 0.968567 18.7048
      vertex -36.274 8.75669 28.6731
    endloop
  endfacet
  facet normal 0.874979 -0.381525 0.298078
    outer loop
      vertex -36.274 0.968567 18.7048
      vertex -36.3283 8.67934 28.7336
      vertex -36.3283 0.891226 18.7652
    endloop
  endfacet
  facet normal 0.923935 0.301452 -0.235521
    outer loop
      vertex -36.2311 9.59526 28.018
      vertex -36.274 1.88878 17.9859
      vertex -36.274 9.6769 27.9542
    endloop
  endfacet
  facet normal 0.923855 0.301606 -0.235639
    outer loop
      vertex -36.274 1.88878 17.9859
      vertex -36.2311 9.59526 28.018
      vertex -36.2311 1.80714 18.0496
    endloop
  endfacet
  facet normal 0.578322 -0.642865 0.502263
    outer loop
      vertex -36.643 0.643245 18.959
      vertex -36.5515 8.4825 28.8874
      vertex -36.643 8.43136 28.9273
    endloop
  endfacet
  facet normal 0.578668 -0.642674 0.502109
    outer loop
      vertex -36.5515 8.4825 28.8874
      vertex -36.643 0.643245 18.959
      vertex -36.5515 0.694381 18.919
    endloop
  endfacet
  facet normal 0.276648 -0.757255 0.591634
    outer loop
      vertex -36.9525 0.542219 19.0379
      vertex -36.8447 8.3548 28.9871
      vertex -36.9525 8.33034 29.0062
    endloop
  endfacet
  facet normal 0.276674 -0.757249 0.59163
    outer loop
      vertex -36.8447 8.3548 28.9871
      vertex -36.9525 0.542219 19.0379
      vertex -36.8447 0.566683 19.0188
    endloop
  endfacet
  facet normal -0.578322 -0.642865 0.502263
    outer loop
      vertex -72.4485 8.4825 28.8874
      vertex -72.357 0.643245 18.959
      vertex -72.357 8.43136 28.9273
    endloop
  endfacet
  facet normal -0.578668 -0.642674 0.502109
    outer loop
      vertex -72.357 0.643245 18.959
      vertex -72.4485 8.4825 28.8874
      vertex -72.4485 0.694381 18.919
    endloop
  endfacet
  facet normal 0 0.615665 0.788008
    outer loop
      vertex -70.35 9.729 27.9135
      vertex -71.825 8.31058 29.0217
      vertex -70.35 8.31058 29.0217
    endloop
  endfacet
  facet normal -0 0.615665 0.788008
    outer loop
      vertex -72.6894 9.729 27.9135
      vertex -71.825 8.31058 29.0217
      vertex -70.35 9.729 27.9135
    endloop
  endfacet
  facet normal -0.000235775 0.615575 0.788078
    outer loop
      vertex -71.825 8.31058 29.0217
      vertex -72.6894 9.729 27.9135
      vertex -71.937 8.31553 29.0178
    endloop
  endfacet
  facet normal -0.000225857 0.615579 0.788075
    outer loop
      vertex -71.937 8.31553 29.0178
      vertex -72.6894 9.729 27.9135
      vertex -72.0475 8.33034 29.0062
    endloop
  endfacet
  facet normal 7.60503e-05 0.615665 0.788008
    outer loop
      vertex -72.0475 8.33034 29.0062
      vertex -72.6894 9.729 27.9135
      vertex -72.1553 8.3548 28.9871
    endloop
  endfacet
  facet normal -6.03286e-05 0.615632 0.788034
    outer loop
      vertex -72.825 9.33499 28.2213
      vertex -72.1553 8.3548 28.9871
      vertex -72.6894 9.729 27.9135
    endloop
  endfacet
  facet normal 0.000223104 0.615752 0.78794
    outer loop
      vertex -72.1553 8.3548 28.9871
      vertex -72.825 9.33499 28.2213
      vertex -72.2589 8.38862 28.9607
    endloop
  endfacet
  facet normal -7.80866e-05 0.61564 0.788027
    outer loop
      vertex -72.2589 8.38862 28.9607
      vertex -72.825 9.33499 28.2213
      vertex -72.357 8.43136 28.9273
    endloop
  endfacet
  facet normal 1.46796e-05 0.61567 0.788004
    outer loop
      vertex -72.825 9.09859 28.406
      vertex -72.357 8.43136 28.9273
      vertex -72.825 9.33499 28.2213
    endloop
  endfacet
  facet normal 0.0007811 0.616003 0.787743
    outer loop
      vertex -72.357 8.43136 28.9273
      vertex -72.825 9.09859 28.406
      vertex -72.4485 8.4825 28.8874
    endloop
  endfacet
  facet normal 0.000126019 0.615755 0.787938
    outer loop
      vertex -72.4485 8.4825 28.8874
      vertex -72.825 9.09859 28.406
      vertex -72.5321 8.54138 28.8414
    endloop
  endfacet
  facet normal -1.85333e-05 0.615623 0.788041
    outer loop
      vertex -72.825 9.33499 28.2213
      vertex -72.6894 9.729 27.9135
      vertex -72.726 9.6769 27.9542
    endloop
  endfacet
  facet normal -0.000275654 0.615624 0.78804
    outer loop
      vertex -72.5321 8.54138 28.8414
      vertex -72.825 9.09859 28.406
      vertex -72.6068 8.60727 28.7899
    endloop
  endfacet
  facet normal 0.000935194 0.615451 0.788175
    outer loop
      vertex -72.825 9.33499 28.2213
      vertex -72.726 9.6769 27.9542
      vertex -72.7689 9.59526 28.018
    endloop
  endfacet
  facet normal 0.000309929 0.615785 0.787914
    outer loop
      vertex -72.6068 8.60727 28.7899
      vertex -72.825 9.09859 28.406
      vertex -72.6717 8.67934 28.7336
    endloop
  endfacet
  facet normal -0.00198734 0.615841 0.787868
    outer loop
      vertex -72.825 9.33499 28.2213
      vertex -72.7689 9.59526 28.018
      vertex -72.7999 9.51034 28.0843
    endloop
  endfacet
  facet normal -0.00178976 0.615308 0.788285
    outer loop
      vertex -72.6717 8.67934 28.7336
      vertex -72.825 9.09859 28.406
      vertex -72.726 8.75669 28.6731
    endloop
  endfacet
  facet normal 0.00418696 0.615288 0.788291
    outer loop
      vertex -72.825 9.33499 28.2213
      vertex -72.7999 9.51034 28.0843
      vertex -72.8187 9.42322 28.1524
    endloop
  endfacet
  facet normal 0.00323084 0.616208 0.787577
    outer loop
      vertex -72.726 8.75669 28.6731
      vertex -72.825 9.09859 28.406
      vertex -72.7689 8.83833 28.6094
    endloop
  endfacet
  facet normal -0.00252104 0.61544 0.78818
    outer loop
      vertex -72.7689 8.83833 28.6094
      vertex -72.825 9.09859 28.406
      vertex -72.7999 8.92324 28.543
    endloop
  endfacet
  facet normal -0.00418696 0.615288 0.788291
    outer loop
      vertex -72.7999 8.92324 28.543
      vertex -72.825 9.09859 28.406
      vertex -72.8187 9.01036 28.4749
    endloop
  endfacet
  facet normal -0.000823367 0.615443 0.788181
    outer loop
      vertex -36.3106 9.729 27.9135
      vertex -36.175 9.33499 28.2213
      vertex -36.1813 9.42322 28.1524
    endloop
  endfacet
  facet normal 6.03286e-05 0.615632 0.788034
    outer loop
      vertex -36.8447 8.3548 28.9871
      vertex -36.175 9.33499 28.2213
      vertex -36.3106 9.729 27.9135
    endloop
  endfacet
  facet normal 0.00152086 0.616058 0.7877
    outer loop
      vertex -36.3106 9.729 27.9135
      vertex -36.1813 9.42322 28.1524
      vertex -36.2001 9.51034 28.0843
    endloop
  endfacet
  facet normal -0.0007811 0.616003 0.787743
    outer loop
      vertex -36.5515 8.4825 28.8874
      vertex -36.175 9.09859 28.406
      vertex -36.643 8.43136 28.9273
    endloop
  endfacet
  facet normal -0.00217281 0.614897 0.788604
    outer loop
      vertex -36.3106 9.729 27.9135
      vertex -36.2001 9.51034 28.0843
      vertex -36.2311 9.59526 28.018
    endloop
  endfacet
  facet normal -2.23166e-06 0.61567 0.788004
    outer loop
      vertex -36.175 9.33499 28.2213
      vertex -36.7411 8.38862 28.9607
      vertex -36.175 9.09859 28.406
    endloop
  endfacet
  facet normal 0.00128873 0.616176 0.787607
    outer loop
      vertex -36.3106 9.729 27.9135
      vertex -36.2311 9.59526 28.018
      vertex -36.274 9.6769 27.9542
    endloop
  endfacet
  facet normal 0.000275654 0.615624 0.78804
    outer loop
      vertex -36.3932 8.60727 28.7899
      vertex -36.175 9.09859 28.406
      vertex -36.4679 8.54138 28.8414
    endloop
  endfacet
  facet normal 0.00178976 0.615308 0.788285
    outer loop
      vertex -36.274 8.75669 28.6731
      vertex -36.175 9.09859 28.406
      vertex -36.3283 8.67934 28.7336
    endloop
  endfacet
  facet normal -0.00528802 0.616874 0.787044
    outer loop
      vertex -36.1813 9.01036 28.4749
      vertex -36.274 8.75669 28.6731
      vertex -36.2311 8.83833 28.6094
    endloop
  endfacet
  facet normal 0.00111663 0.615429 0.788191
    outer loop
      vertex -36.175 9.09859 28.406
      vertex -36.274 8.75669 28.6731
      vertex -36.1813 9.01036 28.4749
    endloop
  endfacet
  facet normal 0.00171035 0.615625 0.788038
    outer loop
      vertex -36.1813 9.01036 28.4749
      vertex -36.2311 8.83833 28.6094
      vertex -36.2001 8.92324 28.543
    endloop
  endfacet
  facet normal -0.000309929 0.615785 0.787914
    outer loop
      vertex -36.3283 8.67934 28.7336
      vertex -36.175 9.09859 28.406
      vertex -36.3932 8.60727 28.7899
    endloop
  endfacet
  facet normal -0.000126019 0.615755 0.787938
    outer loop
      vertex -36.4679 8.54138 28.8414
      vertex -36.175 9.09859 28.406
      vertex -36.5515 8.4825 28.8874
    endloop
  endfacet
  facet normal 8.87679e-05 0.615625 0.788039
    outer loop
      vertex -36.175 9.09859 28.406
      vertex -36.7411 8.38862 28.9607
      vertex -36.643 8.43136 28.9273
    endloop
  endfacet
  facet normal -0.000223104 0.615752 0.78794
    outer loop
      vertex -36.175 9.33499 28.2213
      vertex -36.8447 8.3548 28.9871
      vertex -36.7411 8.38862 28.9607
    endloop
  endfacet
  facet normal -7.60503e-05 0.615665 0.788008
    outer loop
      vertex -36.3106 9.729 27.9135
      vertex -36.9525 8.33034 29.0062
      vertex -36.8447 8.3548 28.9871
    endloop
  endfacet
  facet normal 0.000225857 0.615579 0.788075
    outer loop
      vertex -36.3106 9.729 27.9135
      vertex -37.063 8.31553 29.0178
      vertex -36.9525 8.33034 29.0062
    endloop
  endfacet
  facet normal 0.000235775 0.615575 0.788078
    outer loop
      vertex -36.3106 9.729 27.9135
      vertex -37.175 8.31058 29.0217
      vertex -37.063 8.31553 29.0178
    endloop
  endfacet
  facet normal -0 0.615665 0.788008
    outer loop
      vertex -42.15 9.729 27.9135
      vertex -37.175 8.31058 29.0217
      vertex -36.3106 9.729 27.9135
    endloop
  endfacet
  facet normal 0 0.615665 0.788008
    outer loop
      vertex -37.175 8.31058 29.0217
      vertex -42.15 9.729 27.9135
      vertex -42.15 8.31058 29.0217
    endloop
  endfacet
  facet normal -0 0.615665 0.788008
    outer loop
      vertex -60.65 9.729 27.9135
      vertex -51.85 8.31058 29.0217
      vertex -51.85 9.729 27.9135
    endloop
  endfacet
  facet normal 0 0.615665 0.788008
    outer loop
      vertex -51.85 8.31058 29.0217
      vertex -60.65 9.729 27.9135
      vertex -60.65 8.31058 29.0217
    endloop
  endfacet
  facet normal 0.745798 -0.524953 0.410135
    outer loop
      vertex -36.4679 8.54138 28.8414
      vertex -36.3932 0.819156 18.8215
      vertex -36.3932 8.60727 28.7899
    endloop
  endfacet
  facet normal 0.745801 -0.52495 0.410133
    outer loop
      vertex -36.3932 0.819156 18.8215
      vertex -36.4679 8.54138 28.8414
      vertex -36.4679 0.753265 18.873
    endloop
  endfacet
  facet normal 1 0 0
    outer loop
      vertex -36.175 9.09859 28.406
      vertex -36.175 1.54688 18.253
      vertex -36.175 9.33499 28.2213
    endloop
  endfacet
  facet normal 1 0 -0
    outer loop
      vertex -36.175 1.54688 18.253
      vertex -36.175 9.09859 28.406
      vertex -36.175 1.31047 18.4377
    endloop
  endfacet
  facet normal 0.923855 -0.301606 0.235639
    outer loop
      vertex -36.274 8.75669 28.6731
      vertex -36.2311 1.05021 18.641
      vertex -36.2311 8.83833 28.6094
    endloop
  endfacet
  facet normal 0.923938 -0.301446 0.235517
    outer loop
      vertex -36.2311 1.05021 18.641
      vertex -36.274 8.75669 28.6731
      vertex -36.274 0.968567 18.7048
    endloop
  endfacet
  facet normal 0.874883 0.381662 -0.298185
    outer loop
      vertex -36.274 9.6769 27.9542
      vertex -36.3106 1.94088 17.9451
      vertex -36.3106 9.729 27.9135
    endloop
  endfacet
  facet normal 0.875074 0.381388 -0.297974
    outer loop
      vertex -36.3106 1.94088 17.9451
      vertex -36.274 9.6769 27.9542
      vertex -36.274 1.88878 17.9859
    endloop
  endfacet
  facet normal 0.167831 -0.776833 0.60693
    outer loop
      vertex -37.063 0.527416 19.0495
      vertex -36.9525 8.33034 29.0062
      vertex -37.063 8.31553 29.0178
    endloop
  endfacet
  facet normal 0.167783 -0.776839 0.606935
    outer loop
      vertex -36.9525 8.33034 29.0062
      vertex -37.063 0.527416 19.0495
      vertex -36.9525 0.542219 19.0379
    endloop
  endfacet
  facet normal -0.745798 -0.524953 0.410135
    outer loop
      vertex -72.6068 0.819156 18.8215
      vertex -72.5321 8.54138 28.8414
      vertex -72.6068 8.60727 28.7899
    endloop
  endfacet
  facet normal -0.745801 -0.52495 0.410133
    outer loop
      vertex -72.5321 8.54138 28.8414
      vertex -72.6068 0.819156 18.8215
      vertex -72.5321 0.753265 18.873
    endloop
  endfacet
  facet normal -0.99842 -0.0442772 0.0345932
    outer loop
      vertex -72.825 1.31047 18.4377
      vertex -72.8187 9.01036 28.4749
      vertex -72.825 9.09859 28.406
    endloop
  endfacet
  facet normal -0.99842 -0.0442772 0.0345932
    outer loop
      vertex -72.8187 9.01036 28.4749
      vertex -72.825 1.31047 18.4377
      vertex -72.8187 1.22224 18.5066
    endloop
  endfacet
  facet normal 0.961008 0.217901 -0.170242
    outer loop
      vertex -36.2001 9.51034 28.0843
      vertex -36.2311 1.80714 18.0496
      vertex -36.2311 9.59526 28.018
    endloop
  endfacet
  facet normal 0.96105 0.217786 -0.170153
    outer loop
      vertex -36.2311 1.80714 18.0496
      vertex -36.2001 9.51034 28.0843
      vertex -36.2001 1.72222 18.116
    endloop
  endfacet
  facet normal 0.985853 0.132079 -0.103192
    outer loop
      vertex -36.1813 9.42322 28.1524
      vertex -36.2001 1.72222 18.116
      vertex -36.2001 9.51034 28.0843
    endloop
  endfacet
  facet normal 0.985838 0.132151 -0.103247
    outer loop
      vertex -36.2001 1.72222 18.116
      vertex -36.1813 9.42322 28.1524
      vertex -36.1813 1.6351 18.184
    endloop
  endfacet
  facet normal 0.99842 -0.0442772 0.0345932
    outer loop
      vertex -36.1813 9.01036 28.4749
      vertex -36.175 1.31047 18.4377
      vertex -36.175 9.09859 28.406
    endloop
  endfacet
  facet normal 0.99842 -0.0442772 0.0345932
    outer loop
      vertex -36.175 1.31047 18.4377
      vertex -36.1813 9.01036 28.4749
      vertex -36.1813 1.22224 18.5066
    endloop
  endfacet
  facet normal 0.961045 -0.2178 0.170165
    outer loop
      vertex -36.2311 8.83833 28.6094
      vertex -36.2001 1.13512 18.5747
      vertex -36.2001 8.92324 28.543
    endloop
  endfacet
  facet normal 0.961003 -0.217916 0.170254
    outer loop
      vertex -36.2001 1.13512 18.5747
      vertex -36.2311 8.83833 28.6094
      vertex -36.2311 1.05021 18.641
    endloop
  endfacet
  facet normal -0.167831 -0.776833 0.60693
    outer loop
      vertex -72.0475 8.33034 29.0062
      vertex -71.937 0.527416 19.0495
      vertex -71.937 8.31553 29.0178
    endloop
  endfacet
  facet normal -0.167783 -0.776839 0.606935
    outer loop
      vertex -71.937 0.527416 19.0495
      vertex -72.0475 8.33034 29.0062
      vertex -72.0475 0.542219 19.0379
    endloop
  endfacet
  facet normal -0.483888 -0.689611 0.538785
    outer loop
      vertex -72.357 8.43136 28.9273
      vertex -72.2589 0.6005 18.9924
      vertex -72.2589 8.38862 28.9607
    endloop
  endfacet
  facet normal -0.483915 -0.689599 0.538776
    outer loop
      vertex -72.2589 0.6005 18.9924
      vertex -72.357 8.43136 28.9273
      vertex -72.357 0.643245 18.959
    endloop
  endfacet
  facet normal -0.276648 -0.757255 0.591634
    outer loop
      vertex -72.1553 8.3548 28.9871
      vertex -72.0475 0.542219 19.0379
      vertex -72.0475 8.33034 29.0062
    endloop
  endfacet
  facet normal -0.276674 -0.757249 0.59163
    outer loop
      vertex -72.0475 0.542219 19.0379
      vertex -72.1553 8.3548 28.9871
      vertex -72.1553 0.566683 19.0188
    endloop
  endfacet
  facet normal -0.666391 -0.587544 0.459037
    outer loop
      vertex -72.5321 0.753265 18.873
      vertex -72.4485 8.4825 28.8874
      vertex -72.5321 8.54138 28.8414
    endloop
  endfacet
  facet normal -0.666407 -0.587533 0.459028
    outer loop
      vertex -72.4485 8.4825 28.8874
      vertex -72.5321 0.753265 18.873
      vertex -72.4485 0.694381 18.919
    endloop
  endfacet
  facet normal -0.875123 -0.381319 0.29792
    outer loop
      vertex -72.726 0.968567 18.7048
      vertex -72.6717 8.67934 28.7336
      vertex -72.726 8.75669 28.6731
    endloop
  endfacet
  facet normal -0.874979 -0.381525 0.298078
    outer loop
      vertex -72.6717 8.67934 28.7336
      vertex -72.726 0.968567 18.7048
      vertex -72.6717 0.891226 18.7652
    endloop
  endfacet
  facet normal -0.961045 -0.2178 0.170165
    outer loop
      vertex -72.7999 1.13512 18.5747
      vertex -72.7689 8.83833 28.6094
      vertex -72.7999 8.92324 28.543
    endloop
  endfacet
  facet normal -0.961003 -0.217916 0.170254
    outer loop
      vertex -72.7689 8.83833 28.6094
      vertex -72.7999 1.13512 18.5747
      vertex -72.7689 1.05021 18.641
    endloop
  endfacet
  facet normal -0.923855 -0.301606 0.235639
    outer loop
      vertex -72.7689 1.05021 18.641
      vertex -72.726 8.75669 28.6731
      vertex -72.7689 8.83833 28.6094
    endloop
  endfacet
  facet normal -0.923938 -0.301446 0.235517
    outer loop
      vertex -72.726 8.75669 28.6731
      vertex -72.7689 1.05021 18.641
      vertex -72.726 0.968567 18.7048
    endloop
  endfacet
  facet normal -0.99842 0.0442773 -0.034593
    outer loop
      vertex -72.8187 1.6351 18.184
      vertex -72.825 9.33499 28.2213
      vertex -72.8187 9.42322 28.1524
    endloop
  endfacet
  facet normal -0.998422 0.044256 -0.0345767
    outer loop
      vertex -72.825 9.33499 28.2213
      vertex -72.8187 1.6351 18.184
      vertex -72.825 1.54688 18.253
    endloop
  endfacet
  facet normal -0.985853 0.132079 -0.103192
    outer loop
      vertex -72.7999 1.72222 18.116
      vertex -72.8187 9.42322 28.1524
      vertex -72.7999 9.51034 28.0843
    endloop
  endfacet
  facet normal -0.985838 0.132151 -0.103247
    outer loop
      vertex -72.8187 9.42322 28.1524
      vertex -72.7999 1.72222 18.116
      vertex -72.8187 1.6351 18.184
    endloop
  endfacet
  facet normal -0.874883 0.381662 -0.298185
    outer loop
      vertex -72.6894 1.94088 17.9451
      vertex -72.726 9.6769 27.9542
      vertex -72.6894 9.729 27.9135
    endloop
  endfacet
  facet normal -0.875074 0.381388 -0.297974
    outer loop
      vertex -72.726 9.6769 27.9542
      vertex -72.6894 1.94088 17.9451
      vertex -72.726 1.88878 17.9859
    endloop
  endfacet
  facet normal -0.961008 0.217901 -0.170242
    outer loop
      vertex -72.7689 1.80714 18.0496
      vertex -72.7999 9.51034 28.0843
      vertex -72.7689 9.59526 28.018
    endloop
  endfacet
  facet normal -0.96105 0.217786 -0.170153
    outer loop
      vertex -72.7999 9.51034 28.0843
      vertex -72.7689 1.80714 18.0496
      vertex -72.7999 1.72222 18.116
    endloop
  endfacet
  facet normal -0.985853 -0.132079 0.103192
    outer loop
      vertex -72.8187 1.22224 18.5066
      vertex -72.7999 8.92324 28.543
      vertex -72.8187 9.01036 28.4749
    endloop
  endfacet
  facet normal -0.985853 -0.132079 0.103192
    outer loop
      vertex -72.7999 8.92324 28.543
      vertex -72.8187 1.22224 18.5066
      vertex -72.7999 1.13512 18.5747
    endloop
  endfacet
  facet normal 0.99842 0.0442773 -0.034593
    outer loop
      vertex -36.175 9.33499 28.2213
      vertex -36.1813 1.6351 18.184
      vertex -36.1813 9.42322 28.1524
    endloop
  endfacet
  facet normal 0.998422 0.044256 -0.0345767
    outer loop
      vertex -36.1813 1.6351 18.184
      vertex -36.175 9.33499 28.2213
      vertex -36.175 1.54688 18.253
    endloop
  endfacet
  facet normal 0.815518 -0.456048 0.356301
    outer loop
      vertex -36.3932 8.60727 28.7899
      vertex -36.3283 0.891226 18.7652
      vertex -36.3283 8.67934 28.7336
    endloop
  endfacet
  facet normal 0.815518 -0.456048 0.356301
    outer loop
      vertex -36.3283 0.891226 18.7652
      vertex -36.3932 8.60727 28.7899
      vertex -36.3932 0.819156 18.8215
    endloop
  endfacet
  facet normal -0.815518 -0.456048 0.356301
    outer loop
      vertex -72.6717 0.891226 18.7652
      vertex -72.6068 8.60727 28.7899
      vertex -72.6717 8.67934 28.7336
    endloop
  endfacet
  facet normal -0.815518 -0.456048 0.356301
    outer loop
      vertex -72.6068 8.60727 28.7899
      vertex -72.6717 0.891226 18.7652
      vertex -72.6068 0.819156 18.8215
    endloop
  endfacet
  facet normal -0.923935 0.301452 -0.235521
    outer loop
      vertex -72.726 1.88878 17.9859
      vertex -72.7689 9.59526 28.018
      vertex -72.726 9.6769 27.9542
    endloop
  endfacet
  facet normal -0.923855 0.301606 -0.235639
    outer loop
      vertex -72.7689 9.59526 28.018
      vertex -72.726 1.88878 17.9859
      vertex -72.7689 1.80714 18.0496
    endloop
  endfacet
  facet normal -0.382618 -0.728047 0.568815
    outer loop
      vertex -72.2589 8.38862 28.9607
      vertex -72.1553 0.566683 19.0188
      vertex -72.1553 8.3548 28.9871
    endloop
  endfacet
  facet normal -0.3826 -0.728053 0.56882
    outer loop
      vertex -72.1553 0.566683 19.0188
      vertex -72.2589 8.38862 28.9607
      vertex -72.2589 0.6005 18.9924
    endloop
  endfacet
  facet normal 0.666391 -0.587544 0.459037
    outer loop
      vertex 39.4485 8.4825 28.8874
      vertex 39.5321 0.753265 18.873
      vertex 39.5321 8.54138 28.8414
    endloop
  endfacet
  facet normal 0.666407 -0.587533 0.459028
    outer loop
      vertex 39.5321 0.753265 18.873
      vertex 39.4485 8.4825 28.8874
      vertex 39.4485 0.694381 18.919
    endloop
  endfacet
  facet normal -0.0561966 -0.786767 0.614686
    outer loop
      vertex 4.06304 8.31553 29.0178
      vertex 4.175 0.522462 19.0533
      vertex 4.175 8.31058 29.0217
    endloop
  endfacet
  facet normal -0.0556773 -0.786787 0.614708
    outer loop
      vertex 4.175 0.522462 19.0533
      vertex 4.06304 8.31553 29.0178
      vertex 4.06304 0.527416 19.0495
    endloop
  endfacet
  facet normal 0.0561766 -0.786768 0.614687
    outer loop
      vertex 38.825 0.522462 19.0533
      vertex 38.937 8.31553 29.0178
      vertex 38.825 8.31058 29.0217
    endloop
  endfacet
  facet normal 0.0556575 -0.786788 0.614708
    outer loop
      vertex 38.937 8.31553 29.0178
      vertex 38.825 0.522462 19.0533
      vertex 38.937 0.527416 19.0495
    endloop
  endfacet
  facet normal 0 -0.788013 0.615659
    outer loop
      vertex 4.175 0.522462 19.0533
      vertex 9.15 8.31058 29.0217
      vertex 4.175 8.31058 29.0217
    endloop
  endfacet
  facet normal 0 -0.788013 0.615659
    outer loop
      vertex 9.15 8.31058 29.0217
      vertex 4.175 0.522462 19.0533
      vertex 9.15 0.522462 19.0533
    endloop
  endfacet
  facet normal 0 -0.788013 0.615659
    outer loop
      vertex 37.35 0.522462 19.0533
      vertex 38.825 8.31058 29.0217
      vertex 37.35 8.31058 29.0217
    endloop
  endfacet
  facet normal 0 -0.788013 0.615659
    outer loop
      vertex 38.825 8.31058 29.0217
      vertex 37.35 0.522462 19.0533
      vertex 38.825 0.522462 19.0533
    endloop
  endfacet
  facet normal 0 -0.788013 0.615659
    outer loop
      vertex 18.85 0.522462 19.0533
      vertex 27.65 8.31058 29.0217
      vertex 18.85 8.31058 29.0217
    endloop
  endfacet
  facet normal 0 -0.788013 0.615659
    outer loop
      vertex 27.65 8.31058 29.0217
      vertex 18.85 0.522462 19.0533
      vertex 27.65 0.522462 19.0533
    endloop
  endfacet
  facet normal 0.483888 -0.689611 0.538785
    outer loop
      vertex 39.2589 0.6005 18.9924
      vertex 39.357 8.43136 28.9273
      vertex 39.2589 8.38862 28.9607
    endloop
  endfacet
  facet normal 0.483915 -0.689599 0.538776
    outer loop
      vertex 39.357 8.43136 28.9273
      vertex 39.2589 0.6005 18.9924
      vertex 39.357 0.643245 18.959
    endloop
  endfacet
  facet normal 0.382618 -0.728047 0.568815
    outer loop
      vertex 39.1553 0.566683 19.0188
      vertex 39.2589 8.38862 28.9607
      vertex 39.1553 8.3548 28.9871
    endloop
  endfacet
  facet normal 0.3826 -0.728053 0.56882
    outer loop
      vertex 39.2589 8.38862 28.9607
      vertex 39.1553 0.566683 19.0188
      vertex 39.2589 0.6005 18.9924
    endloop
  endfacet
  facet normal -0.998425 -0.0442071 0.0345385
    outer loop
      vertex 3.175 1.31047 18.4377
      vertex 3.18129 9.01036 28.4749
      vertex 3.175 9.09859 28.406
    endloop
  endfacet
  facet normal -0.998425 -0.0442071 0.0345385
    outer loop
      vertex 3.18129 9.01036 28.4749
      vertex 3.175 1.31047 18.4377
      vertex 3.18129 1.22224 18.5066
    endloop
  endfacet
  facet normal 0.923935 0.301452 -0.235521
    outer loop
      vertex 39.7689 9.59526 28.018
      vertex 39.726 1.88878 17.9859
      vertex 39.726 9.6769 27.9542
    endloop
  endfacet
  facet normal 0.923855 0.301606 -0.235639
    outer loop
      vertex 39.726 1.88878 17.9859
      vertex 39.7689 9.59526 28.018
      vertex 39.7689 1.80714 18.0496
    endloop
  endfacet
  facet normal 0.578322 -0.642865 0.502263
    outer loop
      vertex 39.357 0.643245 18.959
      vertex 39.4485 8.4825 28.8874
      vertex 39.357 8.43136 28.9273
    endloop
  endfacet
  facet normal 0.578668 -0.642674 0.502109
    outer loop
      vertex 39.4485 8.4825 28.8874
      vertex 39.357 0.643245 18.959
      vertex 39.4485 0.694381 18.919
    endloop
  endfacet
  facet normal 0.276648 -0.757255 0.591634
    outer loop
      vertex 39.0475 0.542219 19.0379
      vertex 39.1553 8.3548 28.9871
      vertex 39.0475 8.33034 29.0062
    endloop
  endfacet
  facet normal 0.276674 -0.757249 0.59163
    outer loop
      vertex 39.1553 8.3548 28.9871
      vertex 39.0475 0.542219 19.0379
      vertex 39.1553 0.566683 19.0188
    endloop
  endfacet
  facet normal -0.57849 -0.642771 0.50219
    outer loop
      vertex 3.55151 8.4825 28.8874
      vertex 3.64297 0.643245 18.959
      vertex 3.64297 8.43136 28.9273
    endloop
  endfacet
  facet normal -0.578836 -0.64258 0.502035
    outer loop
      vertex 3.64297 0.643245 18.959
      vertex 3.55151 8.4825 28.8874
      vertex 3.55151 0.694381 18.919
    endloop
  endfacet
  facet normal -1 0 0
    outer loop
      vertex 3.175 1.54688 18.253
      vertex 3.175 9.09859 28.406
      vertex 3.175 9.33499 28.2213
    endloop
  endfacet
  facet normal -1 0 0
    outer loop
      vertex 3.175 9.09859 28.406
      vertex 3.175 1.54688 18.253
      vertex 3.175 1.31047 18.4377
    endloop
  endfacet
  facet normal 0.745798 -0.524953 0.410135
    outer loop
      vertex 39.5321 8.54138 28.8414
      vertex 39.6068 0.819156 18.8215
      vertex 39.6068 8.60727 28.7899
    endloop
  endfacet
  facet normal 0.745801 -0.52495 0.410133
    outer loop
      vertex 39.6068 0.819156 18.8215
      vertex 39.5321 8.54138 28.8414
      vertex 39.5321 0.753265 18.873
    endloop
  endfacet
  facet normal 0.985853 -0.132079 0.103192
    outer loop
      vertex 39.7999 8.92324 28.543
      vertex 39.8187 1.22224 18.5066
      vertex 39.8187 9.01036 28.4749
    endloop
  endfacet
  facet normal 0.985853 -0.132079 0.103192
    outer loop
      vertex 39.8187 1.22224 18.5066
      vertex 39.7999 8.92324 28.543
      vertex 39.7999 1.13512 18.5747
    endloop
  endfacet
  facet normal 0.923855 -0.301606 0.235639
    outer loop
      vertex 39.726 8.75669 28.6731
      vertex 39.7689 1.05021 18.641
      vertex 39.7689 8.83833 28.6094
    endloop
  endfacet
  facet normal 0.923938 -0.301446 0.235517
    outer loop
      vertex 39.7689 1.05021 18.641
      vertex 39.726 8.75669 28.6731
      vertex 39.726 0.968567 18.7048
    endloop
  endfacet
  facet normal 0.167831 -0.776833 0.60693
    outer loop
      vertex 38.937 0.527416 19.0495
      vertex 39.0475 8.33034 29.0062
      vertex 38.937 8.31553 29.0178
    endloop
  endfacet
  facet normal 0.167783 -0.776839 0.606935
    outer loop
      vertex 39.0475 8.33034 29.0062
      vertex 38.937 0.527416 19.0495
      vertex 39.0475 0.542219 19.0379
    endloop
  endfacet
  facet normal -0.745709 -0.525031 0.410196
    outer loop
      vertex 3.39317 0.819156 18.8215
      vertex 3.46789 8.54138 28.8414
      vertex 3.39317 8.60727 28.7899
    endloop
  endfacet
  facet normal -0.745712 -0.525028 0.410194
    outer loop
      vertex 3.46789 8.54138 28.8414
      vertex 3.39317 0.819156 18.8215
      vertex 3.46789 0.753265 18.873
    endloop
  endfacet
  facet normal -0.985883 -0.131942 0.103085
    outer loop
      vertex 3.18129 1.22224 18.5066
      vertex 3.20007 8.92324 28.543
      vertex 3.18129 9.01036 28.4749
    endloop
  endfacet
  facet normal -0.985883 -0.131942 0.103085
    outer loop
      vertex 3.20007 8.92324 28.543
      vertex 3.18129 1.22224 18.5066
      vertex 3.20007 1.13512 18.5747
    endloop
  endfacet
  facet normal -0.960889 0.218226 -0.170496
    outer loop
      vertex 3.23112 1.80714 18.0496
      vertex 3.20007 9.51034 28.0843
      vertex 3.23112 9.59526 28.018
    endloop
  endfacet
  facet normal -0.960932 0.21811 -0.170407
    outer loop
      vertex 3.20007 9.51034 28.0843
      vertex 3.23112 1.80714 18.0496
      vertex 3.20007 1.72222 18.116
    endloop
  endfacet
  facet normal -0.000823367 0.615443 0.788181
    outer loop
      vertex 39.6894 9.729 27.9135
      vertex 39.825 9.33499 28.2213
      vertex 39.8187 9.42322 28.1524
    endloop
  endfacet
  facet normal 6.03286e-05 0.615632 0.788034
    outer loop
      vertex 39.1553 8.3548 28.9871
      vertex 39.825 9.33499 28.2213
      vertex 39.6894 9.729 27.9135
    endloop
  endfacet
  facet normal 0.00152086 0.616058 0.7877
    outer loop
      vertex 39.6894 9.729 27.9135
      vertex 39.8187 9.42322 28.1524
      vertex 39.7999 9.51034 28.0843
    endloop
  endfacet
  facet normal -0.0007811 0.616003 0.787743
    outer loop
      vertex 39.4485 8.4825 28.8874
      vertex 39.825 9.09859 28.406
      vertex 39.357 8.43136 28.9273
    endloop
  endfacet
  facet normal -0.00217281 0.614897 0.788604
    outer loop
      vertex 39.6894 9.729 27.9135
      vertex 39.7999 9.51034 28.0843
      vertex 39.7689 9.59526 28.018
    endloop
  endfacet
  facet normal -2.23166e-06 0.61567 0.788004
    outer loop
      vertex 39.825 9.33499 28.2213
      vertex 39.2589 8.38862 28.9607
      vertex 39.825 9.09859 28.406
    endloop
  endfacet
  facet normal 0.00128873 0.616176 0.787607
    outer loop
      vertex 39.6894 9.729 27.9135
      vertex 39.7689 9.59526 28.018
      vertex 39.726 9.6769 27.9542
    endloop
  endfacet
  facet normal 0.000275654 0.615624 0.78804
    outer loop
      vertex 39.6068 8.60727 28.7899
      vertex 39.825 9.09859 28.406
      vertex 39.5321 8.54138 28.8414
    endloop
  endfacet
  facet normal 0.00178976 0.615308 0.788285
    outer loop
      vertex 39.726 8.75669 28.6731
      vertex 39.825 9.09859 28.406
      vertex 39.6717 8.67934 28.7336
    endloop
  endfacet
  facet normal -0.00528802 0.616874 0.787044
    outer loop
      vertex 39.8187 9.01036 28.4749
      vertex 39.726 8.75669 28.6731
      vertex 39.7689 8.83833 28.6094
    endloop
  endfacet
  facet normal 0.00111663 0.615429 0.788191
    outer loop
      vertex 39.825 9.09859 28.406
      vertex 39.726 8.75669 28.6731
      vertex 39.8187 9.01036 28.4749
    endloop
  endfacet
  facet normal 0.00171035 0.615625 0.788038
    outer loop
      vertex 39.8187 9.01036 28.4749
      vertex 39.7689 8.83833 28.6094
      vertex 39.7999 8.92324 28.543
    endloop
  endfacet
  facet normal -0.000309929 0.615785 0.787914
    outer loop
      vertex 39.6717 8.67934 28.7336
      vertex 39.825 9.09859 28.406
      vertex 39.6068 8.60727 28.7899
    endloop
  endfacet
  facet normal -0.000126019 0.615755 0.787938
    outer loop
      vertex 39.5321 8.54138 28.8414
      vertex 39.825 9.09859 28.406
      vertex 39.4485 8.4825 28.8874
    endloop
  endfacet
  facet normal 8.87679e-05 0.615625 0.788039
    outer loop
      vertex 39.825 9.09859 28.406
      vertex 39.2589 8.38862 28.9607
      vertex 39.357 8.43136 28.9273
    endloop
  endfacet
  facet normal -0.000223104 0.615752 0.78794
    outer loop
      vertex 39.825 9.33499 28.2213
      vertex 39.1553 8.3548 28.9871
      vertex 39.2589 8.38862 28.9607
    endloop
  endfacet
  facet normal -7.60503e-05 0.615665 0.788008
    outer loop
      vertex 39.6894 9.729 27.9135
      vertex 39.0475 8.33034 29.0062
      vertex 39.1553 8.3548 28.9871
    endloop
  endfacet
  facet normal 0.000225857 0.615579 0.788075
    outer loop
      vertex 39.6894 9.729 27.9135
      vertex 38.937 8.31553 29.0178
      vertex 39.0475 8.33034 29.0062
    endloop
  endfacet
  facet normal 0.000235775 0.615575 0.788078
    outer loop
      vertex 39.6894 9.729 27.9135
      vertex 38.825 8.31058 29.0217
      vertex 38.937 8.31553 29.0178
    endloop
  endfacet
  facet normal -0 0.615665 0.788008
    outer loop
      vertex 37.35 9.729 27.9135
      vertex 38.825 8.31058 29.0217
      vertex 39.6894 9.729 27.9135
    endloop
  endfacet
  facet normal 0 0.615665 0.788008
    outer loop
      vertex 38.825 8.31058 29.0217
      vertex 37.35 9.729 27.9135
      vertex 37.35 8.31058 29.0217
    endloop
  endfacet
  facet normal 0 0.615665 0.788008
    outer loop
      vertex 9.15 9.729 27.9135
      vertex 4.175 8.31058 29.0217
      vertex 9.15 8.31058 29.0217
    endloop
  endfacet
  facet normal -0 0.615665 0.788008
    outer loop
      vertex 3.31057 9.729 27.9135
      vertex 4.175 8.31058 29.0217
      vertex 9.15 9.729 27.9135
    endloop
  endfacet
  facet normal -0.000235861 0.615575 0.788078
    outer loop
      vertex 4.175 8.31058 29.0217
      vertex 3.31057 9.729 27.9135
      vertex 4.06304 8.31553 29.0178
    endloop
  endfacet
  facet normal -0.000225727 0.615579 0.788075
    outer loop
      vertex 4.06304 8.31553 29.0178
      vertex 3.31057 9.729 27.9135
      vertex 3.95248 8.33034 29.0062
    endloop
  endfacet
  facet normal 7.6082e-05 0.615665 0.788008
    outer loop
      vertex 3.95248 8.33034 29.0062
      vertex 3.31057 9.729 27.9135
      vertex 3.84472 8.3548 28.9871
    endloop
  endfacet
  facet normal -6.03319e-05 0.615632 0.788034
    outer loop
      vertex 3.175 9.33499 28.2213
      vertex 3.84472 8.3548 28.9871
      vertex 3.31057 9.729 27.9135
    endloop
  endfacet
  facet normal 0.000223106 0.615752 0.78794
    outer loop
      vertex 3.84472 8.3548 28.9871
      vertex 3.175 9.33499 28.2213
      vertex 3.74112 8.38862 28.9607
    endloop
  endfacet
  facet normal -7.80338e-05 0.61564 0.788027
    outer loop
      vertex 3.74112 8.38862 28.9607
      vertex 3.175 9.33499 28.2213
      vertex 3.64297 8.43136 28.9273
    endloop
  endfacet
  facet normal 1.46805e-05 0.61567 0.788004
    outer loop
      vertex 3.175 9.09859 28.406
      vertex 3.64297 8.43136 28.9273
      vertex 3.175 9.33499 28.2213
    endloop
  endfacet
  facet normal 0.000781629 0.616004 0.787743
    outer loop
      vertex 3.64297 8.43136 28.9273
      vertex 3.175 9.09859 28.406
      vertex 3.55151 8.4825 28.8874
    endloop
  endfacet
  facet normal 0.000125969 0.615755 0.787938
    outer loop
      vertex 3.55151 8.4825 28.8874
      vertex 3.175 9.09859 28.406
      vertex 3.46789 8.54138 28.8414
    endloop
  endfacet
  facet normal -1.85891e-05 0.615623 0.788041
    outer loop
      vertex 3.175 9.33499 28.2213
      vertex 3.31057 9.729 27.9135
      vertex 3.27403 9.6769 27.9542
    endloop
  endfacet
  facet normal -0.000275508 0.615624 0.78804
    outer loop
      vertex 3.46789 8.54138 28.8414
      vertex 3.175 9.09859 28.406
      vertex 3.39317 8.60727 28.7899
    endloop
  endfacet
  facet normal 0.000935057 0.615451 0.788175
    outer loop
      vertex 3.175 9.33499 28.2213
      vertex 3.27403 9.6769 27.9542
      vertex 3.23112 9.59526 28.018
    endloop
  endfacet
  facet normal 0.000309982 0.615785 0.787914
    outer loop
      vertex 3.39317 8.60727 28.7899
      vertex 3.175 9.09859 28.406
      vertex 3.32828 8.67934 28.7336
    endloop
  endfacet
  facet normal -0.00198056 0.61584 0.787868
    outer loop
      vertex 3.175 9.33499 28.2213
      vertex 3.23112 9.59526 28.018
      vertex 3.20007 9.51034 28.0843
    endloop
  endfacet
  facet normal -0.00179296 0.615307 0.788285
    outer loop
      vertex 3.32828 8.67934 28.7336
      vertex 3.175 9.09859 28.406
      vertex 3.27403 8.75669 28.6731
    endloop
  endfacet
  facet normal 0.00419034 0.615288 0.788291
    outer loop
      vertex 3.175 9.33499 28.2213
      vertex 3.20007 9.51034 28.0843
      vertex 3.18129 9.42322 28.1524
    endloop
  endfacet
  facet normal 0.00323037 0.616208 0.787577
    outer loop
      vertex 3.27403 8.75669 28.6731
      vertex 3.175 9.09859 28.406
      vertex 3.23112 8.83833 28.6094
    endloop
  endfacet
  facet normal -0.00251244 0.615441 0.788179
    outer loop
      vertex 3.23112 8.83833 28.6094
      vertex 3.175 9.09859 28.406
      vertex 3.20007 8.92324 28.543
    endloop
  endfacet
  facet normal -0.00419034 0.615288 0.788291
    outer loop
      vertex 3.20007 8.92324 28.543
      vertex 3.175 9.09859 28.406
      vertex 3.18129 9.01036 28.4749
    endloop
  endfacet
  facet normal -0 0.615665 0.788008
    outer loop
      vertex 18.85 9.729 27.9135
      vertex 27.65 8.31058 29.0217
      vertex 27.65 9.729 27.9135
    endloop
  endfacet
  facet normal 0 0.615665 0.788008
    outer loop
      vertex 27.65 8.31058 29.0217
      vertex 18.85 9.729 27.9135
      vertex 18.85 8.31058 29.0217
    endloop
  endfacet
  facet normal 0.99842 -0.0442772 0.0345932
    outer loop
      vertex 39.8187 9.01036 28.4749
      vertex 39.825 1.31047 18.4377
      vertex 39.825 9.09859 28.406
    endloop
  endfacet
  facet normal 0.99842 -0.0442772 0.0345932
    outer loop
      vertex 39.825 1.31047 18.4377
      vertex 39.8187 9.01036 28.4749
      vertex 39.8187 1.22224 18.5066
    endloop
  endfacet
  facet normal 0.961008 0.217901 -0.170242
    outer loop
      vertex 39.7999 9.51034 28.0843
      vertex 39.7689 1.80714 18.0496
      vertex 39.7689 9.59526 28.018
    endloop
  endfacet
  facet normal 0.96105 0.217786 -0.170153
    outer loop
      vertex 39.7689 1.80714 18.0496
      vertex 39.7999 9.51034 28.0843
      vertex 39.7999 1.72222 18.116
    endloop
  endfacet
  facet normal 0.985853 0.132079 -0.103192
    outer loop
      vertex 39.8187 9.42322 28.1524
      vertex 39.7999 1.72222 18.116
      vertex 39.7999 9.51034 28.0843
    endloop
  endfacet
  facet normal 0.985838 0.132151 -0.103247
    outer loop
      vertex 39.7999 1.72222 18.116
      vertex 39.8187 9.42322 28.1524
      vertex 39.8187 1.6351 18.184
    endloop
  endfacet
  facet normal 1 0 0
    outer loop
      vertex 39.825 9.09859 28.406
      vertex 39.825 1.54688 18.253
      vertex 39.825 9.33499 28.2213
    endloop
  endfacet
  facet normal 1 0 -0
    outer loop
      vertex 39.825 1.54688 18.253
      vertex 39.825 9.09859 28.406
      vertex 39.825 1.31047 18.4377
    endloop
  endfacet
  facet normal 0.99842 0.0442773 -0.034593
    outer loop
      vertex 39.825 9.33499 28.2213
      vertex 39.8187 1.6351 18.184
      vertex 39.8187 9.42322 28.1524
    endloop
  endfacet
  facet normal 0.998422 0.044256 -0.0345767
    outer loop
      vertex 39.8187 1.6351 18.184
      vertex 39.825 9.33499 28.2213
      vertex 39.825 1.54688 18.253
    endloop
  endfacet
  facet normal 0.961045 -0.2178 0.170165
    outer loop
      vertex 39.7689 8.83833 28.6094
      vertex 39.7999 1.13512 18.5747
      vertex 39.7999 8.92324 28.543
    endloop
  endfacet
  facet normal 0.961003 -0.217916 0.170254
    outer loop
      vertex 39.7999 1.13512 18.5747
      vertex 39.7689 8.83833 28.6094
      vertex 39.7689 1.05021 18.641
    endloop
  endfacet
  facet normal 0.875123 -0.381319 0.29792
    outer loop
      vertex 39.6717 8.67934 28.7336
      vertex 39.726 0.968567 18.7048
      vertex 39.726 8.75669 28.6731
    endloop
  endfacet
  facet normal 0.874979 -0.381525 0.298078
    outer loop
      vertex 39.726 0.968567 18.7048
      vertex 39.6717 8.67934 28.7336
      vertex 39.6717 0.891226 18.7652
    endloop
  endfacet
  facet normal 0.874883 0.381662 -0.298185
    outer loop
      vertex 39.726 9.6769 27.9542
      vertex 39.6894 1.94088 17.9451
      vertex 39.6894 9.729 27.9135
    endloop
  endfacet
  facet normal 0.875074 0.381388 -0.297974
    outer loop
      vertex 39.6894 1.94088 17.9451
      vertex 39.726 9.6769 27.9542
      vertex 39.726 1.88878 17.9859
    endloop
  endfacet
  facet normal -0.276743 -0.757233 0.591618
    outer loop
      vertex 3.84472 8.3548 28.9871
      vertex 3.95248 0.542219 19.0379
      vertex 3.95248 8.33034 29.0062
    endloop
  endfacet
  facet normal -0.276769 -0.757227 0.591613
    outer loop
      vertex 3.95248 0.542219 19.0379
      vertex 3.84472 8.3548 28.9871
      vertex 3.84472 0.566683 19.0188
    endloop
  endfacet
  facet normal -0.483699 -0.689693 0.538849
    outer loop
      vertex 3.64297 8.43136 28.9273
      vertex 3.74112 0.6005 18.9924
      vertex 3.74112 8.38862 28.9607
    endloop
  endfacet
  facet normal -0.483726 -0.689682 0.53884
    outer loop
      vertex 3.74112 0.6005 18.9924
      vertex 3.64297 8.43136 28.9273
      vertex 3.64297 0.643245 18.959
    endloop
  endfacet
  facet normal -0.666302 -0.587607 0.459086
    outer loop
      vertex 3.46789 0.753265 18.873
      vertex 3.55151 8.4825 28.8874
      vertex 3.46789 8.54138 28.8414
    endloop
  endfacet
  facet normal -0.666318 -0.587596 0.459077
    outer loop
      vertex 3.55151 8.4825 28.8874
      vertex 3.46789 0.753265 18.873
      vertex 3.55151 0.694381 18.919
    endloop
  endfacet
  facet normal -0.875311 -0.38105 0.29771
    outer loop
      vertex 3.27403 0.968567 18.7048
      vertex 3.32828 8.67934 28.7336
      vertex 3.27403 8.75669 28.6731
    endloop
  endfacet
  facet normal -0.875168 -0.381255 0.297867
    outer loop
      vertex 3.32828 8.67934 28.7336
      vertex 3.27403 0.968567 18.7048
      vertex 3.32828 0.891226 18.7652
    endloop
  endfacet
  facet normal -0.960926 -0.218125 0.170418
    outer loop
      vertex 3.20007 1.13512 18.5747
      vertex 3.23112 8.83833 28.6094
      vertex 3.20007 8.92324 28.543
    endloop
  endfacet
  facet normal -0.960884 -0.218241 0.170507
    outer loop
      vertex 3.23112 8.83833 28.6094
      vertex 3.20007 1.13512 18.5747
      vertex 3.23112 1.05021 18.641
    endloop
  endfacet
  facet normal -0.923823 -0.301666 0.235686
    outer loop
      vertex 3.23112 1.05021 18.641
      vertex 3.27403 8.75669 28.6731
      vertex 3.23112 8.83833 28.6094
    endloop
  endfacet
  facet normal -0.923907 -0.301506 0.235564
    outer loop
      vertex 3.27403 8.75669 28.6731
      vertex 3.23112 1.05021 18.641
      vertex 3.27403 0.968567 18.7048
    endloop
  endfacet
  facet normal -0.875219 0.381183 -0.297811
    outer loop
      vertex 3.31057 1.94088 17.9451
      vertex 3.27403 9.6769 27.9542
      vertex 3.31057 9.729 27.9135
    endloop
  endfacet
  facet normal -0.87541 0.380909 -0.2976
    outer loop
      vertex 3.27403 9.6769 27.9542
      vertex 3.31057 1.94088 17.9451
      vertex 3.27403 1.88878 17.9859
    endloop
  endfacet
  facet normal -0.923904 0.301512 -0.235568
    outer loop
      vertex 3.27403 1.88878 17.9859
      vertex 3.23112 9.59526 28.018
      vertex 3.27403 9.6769 27.9542
    endloop
  endfacet
  facet normal -0.923823 0.301666 -0.235686
    outer loop
      vertex 3.23112 9.59526 28.018
      vertex 3.27403 1.88878 17.9859
      vertex 3.23112 1.80714 18.0496
    endloop
  endfacet
  facet normal -0.998425 0.0442073 -0.0345383
    outer loop
      vertex 3.18129 1.6351 18.184
      vertex 3.175 9.33499 28.2213
      vertex 3.18129 9.42322 28.1524
    endloop
  endfacet
  facet normal -0.998427 0.044186 -0.034522
    outer loop
      vertex 3.175 9.33499 28.2213
      vertex 3.18129 1.6351 18.184
      vertex 3.175 1.54688 18.253
    endloop
  endfacet
  facet normal -0.985883 0.131942 -0.103085
    outer loop
      vertex 3.20007 1.72222 18.116
      vertex 3.18129 9.42322 28.1524
      vertex 3.20007 9.51034 28.0843
    endloop
  endfacet
  facet normal -0.985867 0.132014 -0.10314
    outer loop
      vertex 3.18129 9.42322 28.1524
      vertex 3.20007 1.72222 18.116
      vertex 3.18129 1.6351 18.184
    endloop
  endfacet
  facet normal 0 -0.615665 -0.788008
    outer loop
      vertex 4.175 0.522462 19.0533
      vertex 9.15 1.94088 17.9451
      vertex 9.15 0.522462 19.0533
    endloop
  endfacet
  facet normal -0.000510037 -0.615858 -0.787857
    outer loop
      vertex 3.31057 1.94088 17.9451
      vertex 4.175 0.522462 19.0533
      vertex 4.06304 0.527416 19.0495
    endloop
  endfacet
  facet normal 0.000259271 -0.615604 -0.788056
    outer loop
      vertex 3.31057 1.94088 17.9451
      vertex 4.06304 0.527416 19.0495
      vertex 3.95248 0.542219 19.0379
    endloop
  endfacet
  facet normal -0.000115755 -0.615711 -0.787972
    outer loop
      vertex 3.31057 1.94088 17.9451
      vertex 3.95248 0.542219 19.0379
      vertex 3.84472 0.566683 19.0188
    endloop
  endfacet
  facet normal -0.000198313 -0.615739 -0.78795
    outer loop
      vertex 3.175 1.54688 18.253
      vertex 3.84472 0.566683 19.0188
      vertex 3.74112 0.6005 18.9924
    endloop
  endfacet
  facet normal 3.94535e-05 -0.61565 -0.788019
    outer loop
      vertex 3.175 1.54688 18.253
      vertex 3.74112 0.6005 18.9924
      vertex 3.64297 0.643245 18.959
    endloop
  endfacet
  facet normal 0.000675804 -0.615372 -0.788237
    outer loop
      vertex 3.175 1.31047 18.4377
      vertex 3.64297 0.643245 18.959
      vertex 3.55151 0.694381 18.919
    endloop
  endfacet
  facet normal -2.08158e-05 -0.615636 -0.78803
    outer loop
      vertex 3.175 1.31047 18.4377
      vertex 3.55151 0.694381 18.919
      vertex 3.46789 0.753265 18.873
    endloop
  endfacet
  facet normal 0.000483618 -0.615472 -0.788159
    outer loop
      vertex 3.175 1.31047 18.4377
      vertex 3.46789 0.753265 18.873
      vertex 3.39317 0.819156 18.8215
    endloop
  endfacet
  facet normal 2.49813e-05 -0.615598 -0.78806
    outer loop
      vertex 3.175 1.31047 18.4377
      vertex 3.39317 0.819156 18.8215
      vertex 3.32828 0.891226 18.7652
    endloop
  endfacet
  facet normal 0 -0.615665 -0.788008
    outer loop
      vertex 4.175 0.522462 19.0533
      vertex 3.31057 1.94088 17.9451
      vertex 9.15 1.94088 17.9451
    endloop
  endfacet
  facet normal -0.000494953 -0.615716 -0.787968
    outer loop
      vertex 3.175 1.31047 18.4377
      vertex 3.32828 0.891226 18.7652
      vertex 3.27403 0.968567 18.7048
    endloop
  endfacet
  facet normal 2.9029e-05 -0.615654 -0.788017
    outer loop
      vertex 3.64297 0.643245 18.959
      vertex 3.175 1.31047 18.4377
      vertex 3.175 1.54688 18.253
    endloop
  endfacet
  facet normal 0.000785772 -0.615486 -0.788148
    outer loop
      vertex 3.175 1.31047 18.4377
      vertex 3.27403 0.968567 18.7048
      vertex 3.23112 1.05021 18.641
    endloop
  endfacet
  facet normal -0.00015383 -0.61572 -0.787965
    outer loop
      vertex 3.84472 0.566683 19.0188
      vertex 3.175 1.54688 18.253
      vertex 3.31057 1.94088 17.9451
    endloop
  endfacet
  facet normal -0.00165494 -0.615812 -0.787891
    outer loop
      vertex 3.175 1.31047 18.4377
      vertex 3.23112 1.05021 18.641
      vertex 3.20007 1.13512 18.5747
    endloop
  endfacet
  facet normal -0.0036139 -0.614976 -0.788537
    outer loop
      vertex 3.31057 1.94088 17.9451
      vertex 3.175 1.54688 18.253
      vertex 3.27403 1.88878 17.9859
    endloop
  endfacet
  facet normal 0.00419034 -0.615288 -0.788291
    outer loop
      vertex 3.175 1.31047 18.4377
      vertex 3.20007 1.13512 18.5747
      vertex 3.18129 1.22224 18.5066
    endloop
  endfacet
  facet normal 0.00323037 -0.616208 -0.787577
    outer loop
      vertex 3.27403 1.88878 17.9859
      vertex 3.175 1.54688 18.253
      vertex 3.23112 1.80714 18.0496
    endloop
  endfacet
  facet normal -0.00202918 -0.615506 -0.788129
    outer loop
      vertex 3.23112 1.80714 18.0496
      vertex 3.175 1.54688 18.253
      vertex 3.20007 1.72222 18.116
    endloop
  endfacet
  facet normal 0.00874847 -0.61644 -0.787353
    outer loop
      vertex 3.20007 1.72222 18.116
      vertex 3.175 1.54688 18.253
      vertex 3.18129 1.6351 18.184
    endloop
  endfacet
  facet normal -0.00109187 -0.615431 -0.78819
    outer loop
      vertex 39.726 0.968567 18.7048
      vertex 39.825 1.31047 18.4377
      vertex 39.8187 1.22224 18.5066
    endloop
  endfacet
  facet normal -2.90272e-05 -0.615654 -0.788017
    outer loop
      vertex 39.825 1.31047 18.4377
      vertex 39.357 0.643245 18.959
      vertex 39.825 1.54688 18.253
    endloop
  endfacet
  facet normal 0.00450222 -0.616451 -0.78738
    outer loop
      vertex 39.7689 1.05021 18.641
      vertex 39.8187 1.22224 18.5066
      vertex 39.7999 1.13512 18.5747
    endloop
  endfacet
  facet normal -0.000675345 -0.615372 -0.788236
    outer loop
      vertex 39.825 1.31047 18.4377
      vertex 39.4485 0.694381 18.919
      vertex 39.357 0.643245 18.959
    endloop
  endfacet
  facet normal -0.000640806 -0.615533 -0.788111
    outer loop
      vertex 39.726 0.968567 18.7048
      vertex 39.8187 1.22224 18.5066
      vertex 39.7689 1.05021 18.641
    endloop
  endfacet
  facet normal 2.08242e-05 -0.615636 -0.78803
    outer loop
      vertex 39.825 1.31047 18.4377
      vertex 39.5321 0.753265 18.873
      vertex 39.4485 0.694381 18.919
    endloop
  endfacet
  facet normal 0.000494072 -0.615716 -0.787968
    outer loop
      vertex 39.825 1.31047 18.4377
      vertex 39.726 0.968567 18.7048
      vertex 39.6717 0.891226 18.7652
    endloop
  endfacet
  facet normal -0.000483874 -0.615472 -0.788159
    outer loop
      vertex 39.825 1.31047 18.4377
      vertex 39.6068 0.819156 18.8215
      vertex 39.5321 0.753265 18.873
    endloop
  endfacet
  facet normal 0.0127653 -0.610928 -0.791583
    outer loop
      vertex 39.7689 1.80714 18.0496
      vertex 39.6894 1.94088 17.9451
      vertex 39.726 1.88878 17.9859
    endloop
  endfacet
  facet normal -2.49771e-05 -0.615598 -0.78806
    outer loop
      vertex 39.825 1.31047 18.4377
      vertex 39.6717 0.891226 18.7652
      vertex 39.6068 0.819156 18.8215
    endloop
  endfacet
  facet normal -3.94802e-05 -0.61565 -0.788019
    outer loop
      vertex 39.2589 0.6005 18.9924
      vertex 39.825 1.54688 18.253
      vertex 39.357 0.643245 18.959
    endloop
  endfacet
  facet normal -0.00187278 -0.616391 -0.787438
    outer loop
      vertex 39.7999 1.72222 18.116
      vertex 39.6894 1.94088 17.9451
      vertex 39.7689 1.80714 18.0496
    endloop
  endfacet
  facet normal 0.000198311 -0.615739 -0.78795
    outer loop
      vertex 39.1553 0.566683 19.0188
      vertex 39.825 1.54688 18.253
      vertex 39.2589 0.6005 18.9924
    endloop
  endfacet
  facet normal 0.00284903 -0.614908 -0.788594
    outer loop
      vertex 39.8187 1.6351 18.184
      vertex 39.6894 1.94088 17.9451
      vertex 39.7999 1.72222 18.116
    endloop
  endfacet
  facet normal -0.00191595 -0.616161 -0.787618
    outer loop
      vertex 39.825 1.54688 18.253
      vertex 39.6894 1.94088 17.9451
      vertex 39.8187 1.6351 18.184
    endloop
  endfacet
  facet normal 0.000153822 -0.61572 -0.787965
    outer loop
      vertex 39.825 1.54688 18.253
      vertex 39.1553 0.566683 19.0188
      vertex 39.6894 1.94088 17.9451
    endloop
  endfacet
  facet normal 0.000115706 -0.615711 -0.787972
    outer loop
      vertex 39.0475 0.542219 19.0379
      vertex 39.6894 1.94088 17.9451
      vertex 39.1553 0.566683 19.0188
    endloop
  endfacet
  facet normal -0.000259421 -0.615604 -0.788056
    outer loop
      vertex 38.937 0.527416 19.0495
      vertex 39.6894 1.94088 17.9451
      vertex 39.0475 0.542219 19.0379
    endloop
  endfacet
  facet normal 0.000509849 -0.615858 -0.787857
    outer loop
      vertex 38.825 0.522462 19.0533
      vertex 39.6894 1.94088 17.9451
      vertex 38.937 0.527416 19.0495
    endloop
  endfacet
  facet normal 0 -0.615665 -0.788008
    outer loop
      vertex 37.35 1.94088 17.9451
      vertex 38.825 0.522462 19.0533
      vertex 37.35 0.522462 19.0533
    endloop
  endfacet
  facet normal 0 -0.615665 -0.788008
    outer loop
      vertex 38.825 0.522462 19.0533
      vertex 37.35 1.94088 17.9451
      vertex 39.6894 1.94088 17.9451
    endloop
  endfacet
  facet normal 0 -0.615665 -0.788008
    outer loop
      vertex 18.85 0.522462 19.0533
      vertex 27.65 1.94088 17.9451
      vertex 27.65 0.522462 19.0533
    endloop
  endfacet
  facet normal -0 -0.615665 -0.788008
    outer loop
      vertex 27.65 1.94088 17.9451
      vertex 18.85 0.522462 19.0533
      vertex 18.85 1.94088 17.9451
    endloop
  endfacet
  facet normal 0.815518 -0.456048 0.356301
    outer loop
      vertex 39.6068 8.60727 28.7899
      vertex 39.6717 0.891226 18.7652
      vertex 39.6717 8.67934 28.7336
    endloop
  endfacet
  facet normal 0.815518 -0.456048 0.356301
    outer loop
      vertex 39.6717 0.891226 18.7652
      vertex 39.6068 8.60727 28.7899
      vertex 39.6068 0.819156 18.8215
    endloop
  endfacet
  facet normal -0.167742 -0.776844 0.606939
    outer loop
      vertex 3.95248 8.33034 29.0062
      vertex 4.06304 0.527416 19.0495
      vertex 4.06304 8.31553 29.0178
    endloop
  endfacet
  facet normal -0.167694 -0.776851 0.606945
    outer loop
      vertex 4.06304 0.527416 19.0495
      vertex 3.95248 8.33034 29.0062
      vertex 3.95248 0.542219 19.0379
    endloop
  endfacet
  facet normal -0.81556 -0.456001 0.356265
    outer loop
      vertex 3.32828 0.891226 18.7652
      vertex 3.39317 8.60727 28.7899
      vertex 3.32828 8.67934 28.7336
    endloop
  endfacet
  facet normal -0.81556 -0.456001 0.356265
    outer loop
      vertex 3.39317 8.60727 28.7899
      vertex 3.32828 0.891226 18.7652
      vertex 3.39317 0.819156 18.8215
    endloop
  endfacet
  facet normal -0.382618 -0.728047 0.568815
    outer loop
      vertex 3.74112 8.38862 28.9607
      vertex 3.84472 0.566683 19.0188
      vertex 3.84472 8.3548 28.9871
    endloop
  endfacet
  facet normal -0.3826 -0.728053 0.56882
    outer loop
      vertex 3.84472 0.566683 19.0188
      vertex 3.74112 8.38862 28.9607
      vertex 3.74112 0.6005 18.9924
    endloop
  endfacet
  facet normal 0 -0.788007 0.615667
    outer loop
      vertex -25.8 1.44595 20.2354
      vertex -7.2 5.13992 24.9634
      vertex -25.8 5.13992 24.9634
    endloop
  endfacet
  facet normal 0 -0.788007 0.615667
    outer loop
      vertex -7.2 5.13992 24.9634
      vertex -25.8 1.44595 20.2354
      vertex -7.2 1.44595 20.2354
    endloop
  endfacet
  facet normal 0 -0.788019 0.615651
    outer loop
      vertex -23 12.5279 34.4195
      vertex -10 16.2218 39.1476
      vertex -23 16.2218 39.1476
    endloop
  endfacet
  facet normal 0 -0.788019 0.615651
    outer loop
      vertex -10 16.2218 39.1476
      vertex -23 12.5279 34.4195
      vertex -10 12.5279 34.4195
    endloop
  endfacet
  facet normal 0 -0.788011 0.615661
    outer loop
      vertex -23 16.2218 39.1476
      vertex -32.185 16.9298 40.0538
      vertex -29 16.2218 39.1476
    endloop
  endfacet
  facet normal -4.3234e-06 -0.788019 0.615651
    outer loop
      vertex -32.185 16.9298 40.0538
      vertex -29 12.5279 34.4195
      vertex -29 16.2218 39.1476
    endloop
  endfacet
  facet normal 0 -0.788008 0.615665
    outer loop
      vertex -25.8 5.13992 24.9634
      vertex -23 12.5279 34.4195
      vertex -29 12.5279 34.4195
    endloop
  endfacet
  facet normal 0 -0.788008 0.615665
    outer loop
      vertex -23 12.5279 34.4195
      vertex -25.8 5.13992 24.9634
      vertex -10 12.5279 34.4195
    endloop
  endfacet
  facet normal 0 -0.788008 0.615665
    outer loop
      vertex -25.8 5.13992 24.9634
      vertex -29 12.5279 34.4195
      vertex -29 5.13992 24.9634
    endloop
  endfacet
  facet normal 3.3729e-05 -0.788008 0.615665
    outer loop
      vertex -32.185 16.9298 40.0538
      vertex -29 5.13992 24.9634
      vertex -29 12.5279 34.4195
    endloop
  endfacet
  facet normal -9.61176e-07 -0.788012 0.61566
    outer loop
      vertex -32.185 0.522462 19.0533
      vertex -29 5.13992 24.9634
      vertex -32.185 16.9298 40.0538
    endloop
  endfacet
  facet normal 0 -0.788033 0.615633
    outer loop
      vertex -32.185 0.522462 19.0533
      vertex -25.8 1.44595 20.2354
      vertex -29 1.44595 20.2354
    endloop
  endfacet
  facet normal 0 -0.788033 0.615633
    outer loop
      vertex -25.8 1.44595 20.2354
      vertex -32.185 0.522462 19.0533
      vertex -7.2 1.44595 20.2354
    endloop
  endfacet
  facet normal 0 -0.788033 0.615633
    outer loop
      vertex -0.815001 0.522462 19.0533
      vertex -7.2 1.44595 20.2354
      vertex -32.185 0.522462 19.0533
    endloop
  endfacet
  facet normal -2.04436e-05 -0.788007 0.615667
    outer loop
      vertex -29 5.13992 24.9634
      vertex -32.185 0.522462 19.0533
      vertex -29 1.44595 20.2354
    endloop
  endfacet
  facet normal 0 -0.788011 0.615661
    outer loop
      vertex -32.185 16.9298 40.0538
      vertex -23 16.2218 39.1476
      vertex -0.815001 16.9298 40.0538
    endloop
  endfacet
  facet normal 0 -0.788011 0.615661
    outer loop
      vertex -10 16.2218 39.1476
      vertex -0.815001 16.9298 40.0538
      vertex -23 16.2218 39.1476
    endloop
  endfacet
  facet normal 0 -0.788011 0.615661
    outer loop
      vertex -4 16.2218 39.1476
      vertex -0.815001 16.9298 40.0538
      vertex -10 16.2218 39.1476
    endloop
  endfacet
  facet normal 4.3234e-06 -0.788019 0.615651
    outer loop
      vertex -4 12.5279 34.4195
      vertex -0.815001 16.9298 40.0538
      vertex -4 16.2218 39.1476
    endloop
  endfacet
  facet normal 0 -0.788008 0.615665
    outer loop
      vertex -7.2 5.13992 24.9634
      vertex -10 12.5279 34.4195
      vertex -25.8 5.13992 24.9634
    endloop
  endfacet
  facet normal 0 -0.788008 0.615665
    outer loop
      vertex -10 12.5279 34.4195
      vertex -7.2 5.13992 24.9634
      vertex -4 12.5279 34.4195
    endloop
  endfacet
  facet normal 0 -0.788008 0.615665
    outer loop
      vertex -4 5.13992 24.9634
      vertex -4 12.5279 34.4195
      vertex -7.2 5.13992 24.9634
    endloop
  endfacet
  facet normal -3.3729e-05 -0.788008 0.615665
    outer loop
      vertex -4 12.5279 34.4195
      vertex -4 5.13992 24.9634
      vertex -0.815001 16.9298 40.0538
    endloop
  endfacet
  facet normal 2.04436e-05 -0.788007 0.615667
    outer loop
      vertex -0.815001 0.522462 19.0533
      vertex -4 5.13992 24.9634
      vertex -4 1.44595 20.2354
    endloop
  endfacet
  facet normal 9.61176e-07 -0.788012 0.61566
    outer loop
      vertex -4 5.13992 24.9634
      vertex -0.815001 0.522462 19.0533
      vertex -0.815001 16.9298 40.0538
    endloop
  endfacet
  facet normal 0 -0.788033 0.615633
    outer loop
      vertex -7.2 1.44595 20.2354
      vertex -0.815001 0.522462 19.0533
      vertex -4 1.44595 20.2354
    endloop
  endfacet
  facet normal -0.666563 -0.587421 0.458945
    outer loop
      vertex -32.9911 0.785577 18.8478
      vertex -32.8958 17.1258 39.9007
      vertex -32.9911 17.193 39.8483
    endloop
  endfacet
  facet normal -0.666313 -0.587599 0.459081
    outer loop
      vertex -32.8958 17.1258 39.9007
      vertex -32.9911 0.785577 18.8478
      vertex -32.8958 0.71845 18.9002
    endloop
  endfacet
  facet normal -0.985874 -0.131985 0.103118
    outer loop
      vertex -33.3178 1.32021 18.4301
      vertex -33.2964 17.6283 39.5081
      vertex -33.3178 17.7276 39.4306
    endloop
  endfacet
  facet normal -0.985889 -0.131914 0.103063
    outer loop
      vertex -33.2964 17.6283 39.5081
      vertex -33.3178 1.32021 18.4301
      vertex -33.2964 1.2209 18.5077
    endloop
  endfacet
  facet normal 0.0563236 -0.786761 0.614683
    outer loop
      vertex -0.815001 0.522462 19.0533
      vertex -0.687361 16.9355 40.0494
      vertex -0.815001 16.9298 40.0538
    endloop
  endfacet
  facet normal 0.0560041 -0.786774 0.614695
    outer loop
      vertex -0.687361 16.9355 40.0494
      vertex -0.815001 0.522462 19.0533
      vertex -0.687361 0.52811 19.0489
    endloop
  endfacet
  facet normal -0.998413 -0.0443714 0.0346668
    outer loop
      vertex -33.325 1.42079 18.3515
      vertex -33.3178 17.7276 39.4306
      vertex -33.325 17.8282 39.352
    endloop
  endfacet
  facet normal -0.998413 -0.0443769 0.034671
    outer loop
      vertex -33.3178 17.7276 39.4306
      vertex -33.325 1.42079 18.3515
      vertex -33.3178 1.32021 18.4301
    endloop
  endfacet
  facet normal -0.960886 0.218236 -0.170504
    outer loop
      vertex -33.261 1.73325 18.1074
      vertex -33.2964 18.0438 39.1835
      vertex -33.261 18.1406 39.1079
    endloop
  endfacet
  facet normal -0.960886 0.218236 -0.170504
    outer loop
      vertex -33.2964 18.0438 39.1835
      vertex -33.261 1.73325 18.1074
      vertex -33.2964 1.63645 18.183
    endloop
  endfacet
  facet normal -0.0563412 -0.78676 0.614682
    outer loop
      vertex -32.3126 16.9355 40.0494
      vertex -32.185 0.522462 19.0533
      vertex -32.185 16.9298 40.0538
    endloop
  endfacet
  facet normal -0.0560216 -0.786773 0.614695
    outer loop
      vertex -32.185 0.522462 19.0533
      vertex -32.3126 16.9355 40.0494
      vertex -32.3126 0.52811 19.0489
    endloop
  endfacet
  facet normal -0.923957 -0.301412 0.235489
    outer loop
      vertex -33.261 1.12409 18.5833
      vertex -33.2121 17.4384 39.6565
      vertex -33.261 17.5315 39.5838
    endloop
  endfacet
  facet normal -0.92393 -0.301463 0.235529
    outer loop
      vertex -33.2121 17.4384 39.6565
      vertex -33.261 1.12409 18.5833
      vertex -33.2121 1.03102 18.656
    endloop
  endfacet
  facet normal -0.960923 -0.218134 0.170426
    outer loop
      vertex -33.2964 1.2209 18.5077
      vertex -33.261 17.5315 39.5838
      vertex -33.2964 17.6283 39.5081
    endloop
  endfacet
  facet normal -0.96089 -0.218223 0.170494
    outer loop
      vertex -33.261 17.5315 39.5838
      vertex -33.2964 1.2209 18.5077
      vertex -33.261 1.12409 18.5833
    endloop
  endfacet
  facet normal -0.875412 -0.380907 0.297597
    outer loop
      vertex -33.2121 1.03102 18.656
      vertex -33.1503 17.3502 39.7254
      vertex -33.2121 17.4384 39.6565
    endloop
  endfacet
  facet normal -0.875366 -0.380973 0.297648
    outer loop
      vertex -33.1503 17.3502 39.7254
      vertex -33.2121 1.03102 18.656
      vertex -33.1503 0.942852 18.7249
    endloop
  endfacet
  facet normal -0.483646 -0.689717 0.538866
    outer loop
      vertex -32.7915 17.0675 39.9462
      vertex -32.6796 0.611425 18.9838
      vertex -32.6796 17.0188 39.9843
    endloop
  endfacet
  facet normal -0.483414 -0.689818 0.538946
    outer loop
      vertex -32.6796 0.611425 18.9838
      vertex -32.7915 17.0675 39.9462
      vertex -32.7915 0.660154 18.9458
    endloop
  endfacet
  facet normal -0.998413 0.0443715 -0.0346668
    outer loop
      vertex -33.3178 1.53713 18.2606
      vertex -33.325 17.8439 39.3397
      vertex -33.3178 17.9445 39.2611
    endloop
  endfacet
  facet normal -0.998413 0.044377 -0.034671
    outer loop
      vertex -33.325 17.8439 39.3397
      vertex -33.3178 1.53713 18.2606
      vertex -33.325 1.43655 18.3392
    endloop
  endfacet
  facet normal -1 0 0
    outer loop
      vertex -33.325 1.43655 18.3392
      vertex -33.325 17.8282 39.352
      vertex -33.325 17.8439 39.3397
    endloop
  endfacet
  facet normal -1 0 0
    outer loop
      vertex -33.325 17.8282 39.352
      vertex -33.325 1.43655 18.3392
      vertex -33.325 1.42079 18.3515
    endloop
  endfacet
  facet normal -0.0111771 -0.615217 -0.788278
    outer loop
      vertex 0.317831 1.32021 18.4301
      vertex 0.325 1.43655 18.3392
      vertex 0.325 1.42079 18.3515
    endloop
  endfacet
  facet normal -0.000312216 -0.615671 -0.788003
    outer loop
      vertex 0.296417 1.2209 18.5077
      vertex 0.325 1.43655 18.3392
      vertex 0.317831 1.32021 18.4301
    endloop
  endfacet
  facet normal 0.000420635 -0.615732 -0.787956
    outer loop
      vertex 0.325 1.43655 18.3392
      vertex 0.296417 1.2209 18.5077
      vertex 0.317831 1.53713 18.2606
    endloop
  endfacet
  facet normal -0.000223502 -0.615705 -0.787977
    outer loop
      vertex 0.296417 1.2209 18.5077
      vertex 0.296417 1.63645 18.183
      vertex 0.317831 1.53713 18.2606
    endloop
  endfacet
  facet normal 0.000998022 -0.615704 -0.787977
    outer loop
      vertex 0.261026 1.12409 18.5833
      vertex 0.296417 1.63645 18.183
      vertex 0.296417 1.2209 18.5077
    endloop
  endfacet
  facet normal -0.000534544 -0.615639 -0.788028
    outer loop
      vertex 0.261026 1.12409 18.5833
      vertex 0.261026 1.73325 18.1074
      vertex 0.296417 1.63645 18.183
    endloop
  endfacet
  facet normal 0.000160798 -0.615639 -0.788028
    outer loop
      vertex 0.212104 1.03102 18.656
      vertex 0.261026 1.73325 18.1074
      vertex 0.261026 1.12409 18.5833
    endloop
  endfacet
  facet normal 0.00118794 -0.615683 -0.787993
    outer loop
      vertex 0.212104 1.03102 18.656
      vertex 0.212104 1.82633 18.0346
      vertex 0.261026 1.73325 18.1074
    endloop
  endfacet
  facet normal -0.000148427 -0.615683 -0.787994
    outer loop
      vertex 0.150265 0.942852 18.7249
      vertex 0.212104 1.82633 18.0346
      vertex 0.212104 1.03102 18.656
    endloop
  endfacet
  facet normal -2.46188e-05 -0.615689 -0.787989
    outer loop
      vertex 0.126506 1.94088 17.9451
      vertex 0.212104 1.82633 18.0346
      vertex 0.150265 0.942852 18.7249
    endloop
  endfacet
  facet normal 0.0174331 -0.607462 -0.794157
    outer loop
      vertex 0.212104 1.82633 18.0346
      vertex 0.126506 1.94088 17.9451
      vertex 0.150265 1.9145 17.9658
    endloop
  endfacet
  facet normal -6.04053e-05 -0.615689 -0.787989
    outer loop
      vertex 0.0762873 0.860693 18.7891
      vertex 0.126506 1.94088 17.9451
      vertex 0.150265 0.942852 18.7249
    endloop
  endfacet
  facet normal -8.10174e-05 -0.615689 -0.787989
    outer loop
      vertex -0.00889874 0.785577 18.8478
      vertex 0.126506 1.94088 17.9451
      vertex 0.0762873 0.860693 18.7891
    endloop
  endfacet
  facet normal 0.000449714 -0.615727 -0.787959
    outer loop
      vertex -0.104222 0.71845 18.9002
      vertex 0.126506 1.94088 17.9451
      vertex -0.00889874 0.785577 18.8478
    endloop
  endfacet
  facet normal -0.000444462 -0.615623 -0.788041
    outer loop
      vertex -0.208484 0.660154 18.9458
      vertex 0.126506 1.94088 17.9451
      vertex -0.104222 0.71845 18.9002
    endloop
  endfacet
  facet normal 0.000592736 -0.615791 -0.787909
    outer loop
      vertex -0.320373 0.611425 18.9838
      vertex 0.126506 1.94088 17.9451
      vertex -0.208484 0.660154 18.9458
    endloop
  endfacet
  facet normal -0.000595217 -0.615543 -0.788103
    outer loop
      vertex -0.438482 0.572873 19.014
      vertex 0.126506 1.94088 17.9451
      vertex -0.320373 0.611425 18.9838
    endloop
  endfacet
  facet normal 0.000640083 -0.61586 -0.787856
    outer loop
      vertex -0.561327 0.544985 19.0357
      vertex 0.126506 1.94088 17.9451
      vertex -0.438482 0.572873 19.014
    endloop
  endfacet
  facet normal -0.000105212 -0.615632 -0.788034
    outer loop
      vertex -0.687361 0.52811 19.0489
      vertex 0.126506 1.94088 17.9451
      vertex -0.561327 0.544985 19.0357
    endloop
  endfacet
  facet normal 8.10468e-05 -0.615698 -0.787982
    outer loop
      vertex -0.815001 0.522462 19.0533
      vertex 0.126506 1.94088 17.9451
      vertex -0.687361 0.52811 19.0489
    endloop
  endfacet
  facet normal 0 -0.615665 -0.788008
    outer loop
      vertex -32.185 0.522462 19.0533
      vertex 0.126506 1.94088 17.9451
      vertex -0.815001 0.522462 19.0533
    endloop
  endfacet
  facet normal -8.1073e-05 -0.615698 -0.787982
    outer loop
      vertex -33.1265 1.94088 17.9451
      vertex -32.185 0.522462 19.0533
      vertex -32.3126 0.52811 19.0489
    endloop
  endfacet
  facet normal 0.000105152 -0.615632 -0.788034
    outer loop
      vertex -33.1265 1.94088 17.9451
      vertex -32.3126 0.52811 19.0489
      vertex -32.4387 0.544985 19.0357
    endloop
  endfacet
  facet normal -0.000640343 -0.61586 -0.787855
    outer loop
      vertex -33.1265 1.94088 17.9451
      vertex -32.4387 0.544985 19.0357
      vertex -32.5615 0.572873 19.014
    endloop
  endfacet
  facet normal 0.000595271 -0.615543 -0.788103
    outer loop
      vertex -33.1265 1.94088 17.9451
      vertex -32.5615 0.572873 19.014
      vertex -32.6796 0.611425 18.9838
    endloop
  endfacet
  facet normal -0.000592673 -0.615791 -0.787909
    outer loop
      vertex -33.1265 1.94088 17.9451
      vertex -32.6796 0.611425 18.9838
      vertex -32.7915 0.660154 18.9458
    endloop
  endfacet
  facet normal 0.000444275 -0.615623 -0.788041
    outer loop
      vertex -33.1265 1.94088 17.9451
      vertex -32.7915 0.660154 18.9458
      vertex -32.8958 0.71845 18.9002
    endloop
  endfacet
  facet normal -0.000449833 -0.615727 -0.787959
    outer loop
      vertex -33.1265 1.94088 17.9451
      vertex -32.8958 0.71845 18.9002
      vertex -32.9911 0.785577 18.8478
    endloop
  endfacet
  facet normal 8.10023e-05 -0.615689 -0.787989
    outer loop
      vertex -33.1265 1.94088 17.9451
      vertex -32.9911 0.785577 18.8478
      vertex -33.0763 0.860693 18.7891
    endloop
  endfacet
  facet normal 0 -0.615665 -0.788008
    outer loop
      vertex -32.185 0.522462 19.0533
      vertex -33.1265 1.94088 17.9451
      vertex 0.126506 1.94088 17.9451
    endloop
  endfacet
  facet normal 6.03849e-05 -0.615689 -0.787989
    outer loop
      vertex -33.1503 0.942852 18.7249
      vertex -33.1265 1.94088 17.9451
      vertex -33.0763 0.860693 18.7891
    endloop
  endfacet
  facet normal 0.000132485 -0.61569 -0.787988
    outer loop
      vertex -33.2121 1.03102 18.656
      vertex -33.1265 1.94088 17.9451
      vertex -33.1503 0.942852 18.7249
    endloop
  endfacet
  facet normal 1.30216e-05 -0.615683 -0.787994
    outer loop
      vertex -33.2121 1.82633 18.0346
      vertex -33.1265 1.94088 17.9451
      vertex -33.2121 1.03102 18.656
    endloop
  endfacet
  facet normal -0.0172589 -0.607546 -0.794097
    outer loop
      vertex -33.1265 1.94088 17.9451
      vertex -33.2121 1.82633 18.0346
      vertex -33.1503 1.9145 17.9658
    endloop
  endfacet
  facet normal -0.000297058 -0.615683 -0.787994
    outer loop
      vertex -33.261 1.12409 18.5833
      vertex -33.2121 1.82633 18.0346
      vertex -33.2121 1.03102 18.656
    endloop
  endfacet
  facet normal -0.00132474 -0.615638 -0.788028
    outer loop
      vertex -33.261 1.12409 18.5833
      vertex -33.261 1.73325 18.1074
      vertex -33.2121 1.82633 18.0346
    endloop
  endfacet
  facet normal -0.000708318 -0.615639 -0.788028
    outer loop
      vertex -33.2964 1.2209 18.5077
      vertex -33.261 1.73325 18.1074
      vertex -33.261 1.12409 18.5833
    endloop
  endfacet
  facet normal 0.000823841 -0.615705 -0.787977
    outer loop
      vertex -33.2964 1.2209 18.5077
      vertex -33.2964 1.63645 18.183
      vertex -33.261 1.73325 18.1074
    endloop
  endfacet
  facet normal 6.40641e-05 -0.615705 -0.787977
    outer loop
      vertex -33.3178 1.32021 18.4301
      vertex -33.2964 1.63645 18.183
      vertex -33.2964 1.2209 18.5077
    endloop
  endfacet
  facet normal 0.00055966 -0.615725 -0.787961
    outer loop
      vertex -33.325 1.42079 18.3515
      vertex -33.2964 1.63645 18.183
      vertex -33.3178 1.32021 18.4301
    endloop
  endfacet
  facet normal 9.05853e-05 -0.615687 -0.787991
    outer loop
      vertex -33.2964 1.63645 18.183
      vertex -33.325 1.42079 18.3515
      vertex -33.3178 1.53713 18.2606
    endloop
  endfacet
  facet normal -0.0111289 -0.615218 -0.788279
    outer loop
      vertex -33.3178 1.53713 18.2606
      vertex -33.325 1.42079 18.3515
      vertex -33.325 1.43655 18.3392
    endloop
  endfacet
  facet normal -0.815599 0.455956 -0.356233
    outer loop
      vertex -33.1265 1.94088 17.9451
      vertex -33.1503 18.3219 38.9663
      vertex -33.1265 18.3483 38.9456
    endloop
  endfacet
  facet normal -0.815471 0.456099 -0.356344
    outer loop
      vertex -33.1503 18.3219 38.9663
      vertex -33.1265 1.94088 17.9451
      vertex -33.1503 1.9145 17.9658
    endloop
  endfacet
  facet normal -0.985887 0.131922 -0.103069
    outer loop
      vertex -33.2964 1.63645 18.183
      vertex -33.3178 17.9445 39.2611
      vertex -33.2964 18.0438 39.1835
    endloop
  endfacet
  facet normal -0.985891 0.131906 -0.103056
    outer loop
      vertex -33.3178 17.9445 39.2611
      vertex -33.2964 1.63645 18.183
      vertex -33.3178 1.53713 18.2606
    endloop
  endfacet
  facet normal 0.923966 0.301394 -0.235474
    outer loop
      vertex 0.261026 18.1406 39.1079
      vertex 0.212104 1.82633 18.0346
      vertex 0.212104 18.2337 39.0351
    endloop
  endfacet
  facet normal 0.923948 0.301428 -0.235501
    outer loop
      vertex 0.212104 1.82633 18.0346
      vertex 0.261026 18.1406 39.1079
      vertex 0.261026 1.73325 18.1074
    endloop
  endfacet
  facet normal 0.483683 -0.689701 0.538853
    outer loop
      vertex -0.320373 0.611425 18.9838
      vertex -0.208484 17.0675 39.9462
      vertex -0.320373 17.0188 39.9843
    endloop
  endfacet
  facet normal 0.483451 -0.689802 0.538933
    outer loop
      vertex -0.208484 17.0675 39.9462
      vertex -0.320373 0.611425 18.9838
      vertex -0.208484 0.660154 18.9458
    endloop
  endfacet
  facet normal -0.815372 -0.456209 0.356429
    outer loop
      vertex -33.1503 0.942852 18.7249
      vertex -33.0763 17.2681 39.7896
      vertex -33.1503 17.3502 39.7254
    endloop
  endfacet
  facet normal -0.815494 -0.456073 0.356324
    outer loop
      vertex -33.0763 17.2681 39.7896
      vertex -33.1503 0.942852 18.7249
      vertex -33.0763 0.860693 18.7891
    endloop
  endfacet
  facet normal -0.745573 -0.525149 0.410292
    outer loop
      vertex -33.0763 0.860693 18.7891
      vertex -32.9911 17.193 39.8483
      vertex -33.0763 17.2681 39.7896
    endloop
  endfacet
  facet normal -0.745617 -0.52511 0.410262
    outer loop
      vertex -32.9911 17.193 39.8483
      vertex -33.0763 0.860693 18.7891
      vertex -32.9911 0.785577 18.8478
    endloop
  endfacet
  facet normal -0.382358 -0.728131 0.568883
    outer loop
      vertex -32.6796 17.0188 39.9843
      vertex -32.5615 0.572873 19.014
      vertex -32.5615 16.9803 40.0144
    endloop
  endfacet
  facet normal -0.383042 -0.72791 0.568705
    outer loop
      vertex -32.5615 0.572873 19.014
      vertex -32.6796 17.0188 39.9843
      vertex -32.6796 0.611425 18.9838
    endloop
  endfacet
  facet normal -0.578405 -0.642819 0.502226
    outer loop
      vertex -32.8958 17.1258 39.9007
      vertex -32.7915 0.660154 18.9458
      vertex -32.7915 17.0675 39.9462
    endloop
  endfacet
  facet normal -0.578709 -0.64265 0.502092
    outer loop
      vertex -32.7915 0.660154 18.9458
      vertex -32.8958 17.1258 39.9007
      vertex -32.8958 0.71845 18.9002
    endloop
  endfacet
  facet normal 0.023493 0.616544 0.78697
    outer loop
      vertex 0.317831 17.9445 39.2611
      vertex 0.325 17.8282 39.352
      vertex 0.325 17.8439 39.3397
    endloop
  endfacet
  facet normal 0.000660041 0.61584 0.787871
    outer loop
      vertex 0.296417 18.0438 39.1835
      vertex 0.325 17.8282 39.352
      vertex 0.317831 17.9445 39.2611
    endloop
  endfacet
  facet normal -0.000880456 0.615713 0.78797
    outer loop
      vertex 0.325 17.8282 39.352
      vertex 0.296417 18.0438 39.1835
      vertex 0.317831 17.7276 39.4306
    endloop
  endfacet
  facet normal -0.00279253 0.615631 0.78803
    outer loop
      vertex 0.296417 18.0438 39.1835
      vertex 0.296417 17.6283 39.5081
      vertex 0.317831 17.7276 39.4306
    endloop
  endfacet
  facet normal 0.000508029 0.615633 0.788033
    outer loop
      vertex 0.261026 18.1406 39.1079
      vertex 0.296417 17.6283 39.5081
      vertex 0.296417 18.0438 39.1835
    endloop
  endfacet
  facet normal 0.00152616 0.615676 0.787998
    outer loop
      vertex 0.261026 18.1406 39.1079
      vertex 0.261026 17.5315 39.5838
      vertex 0.296417 17.6283 39.5081
    endloop
  endfacet
  facet normal -0.00095702 0.615676 0.787999
    outer loop
      vertex 0.212104 18.2337 39.0351
      vertex 0.261026 17.5315 39.5838
      vertex 0.261026 18.1406 39.1079
    endloop
  endfacet
  facet normal -0.000689203 0.615688 0.78799
    outer loop
      vertex 0.212104 18.2337 39.0351
      vertex 0.212104 17.4384 39.6565
      vertex 0.261026 17.5315 39.5838
    endloop
  endfacet
  facet normal -0.0161514 0.607909 0.793842
    outer loop
      vertex 0.126506 18.3483 38.9456
      vertex 0.212104 18.2337 39.0351
      vertex 0.150265 18.3219 38.9663
    endloop
  endfacet
  facet normal 0.000383021 0.615688 0.78799
    outer loop
      vertex 0.212104 18.2337 39.0351
      vertex 0.126506 18.3483 38.9456
      vertex 0.212104 17.4384 39.6565
    endloop
  endfacet
  facet normal -0.000114466 0.615659 0.788013
    outer loop
      vertex 0.212104 17.4384 39.6565
      vertex 0.126506 18.3483 38.9456
      vertex 0.150265 17.3502 39.7254
    endloop
  endfacet
  facet normal 0.000586836 0.615669 0.788004
    outer loop
      vertex 0.126506 18.3483 38.9456
      vertex 0.0762873 17.2681 39.7896
      vertex 0.150265 17.3502 39.7254
    endloop
  endfacet
  facet normal 0.000208414 0.61568 0.787996
    outer loop
      vertex 0.126506 18.3483 38.9456
      vertex -0.00889874 17.193 39.8483
      vertex 0.0762873 17.2681 39.7896
    endloop
  endfacet
  facet normal -0.000964909 0.615766 0.787929
    outer loop
      vertex 0.126506 18.3483 38.9456
      vertex -0.104222 17.1258 39.9007
      vertex -0.00889874 17.193 39.8483
    endloop
  endfacet
  facet normal -0.00040488 0.6157 0.78798
    outer loop
      vertex 0.126506 18.3483 38.9456
      vertex -0.208484 17.0675 39.9462
      vertex -0.104222 17.1258 39.9007
    endloop
  endfacet
  facet normal 0.000429809 0.615565 0.788086
    outer loop
      vertex 0.126506 18.3483 38.9456
      vertex -0.320373 17.0188 39.9843
      vertex -0.208484 17.0675 39.9462
    endloop
  endfacet
  facet normal 0.00015781 0.615621 0.788042
    outer loop
      vertex 0.126506 18.3483 38.9456
      vertex -0.438482 16.9803 40.0144
      vertex -0.320373 17.0188 39.9843
    endloop
  endfacet
  facet normal 1.49025e-05 0.615658 0.788013
    outer loop
      vertex 0.126506 18.3483 38.9456
      vertex -0.561327 16.9524 40.0362
      vertex -0.438482 16.9803 40.0144
    endloop
  endfacet
  facet normal -2.52266e-05 0.61567 0.788004
    outer loop
      vertex 0.126506 18.3483 38.9456
      vertex -0.687361 16.9355 40.0494
      vertex -0.561327 16.9524 40.0362
    endloop
  endfacet
  facet normal -0.000337876 0.615782 0.787916
    outer loop
      vertex 0.126506 18.3483 38.9456
      vertex -0.815001 16.9298 40.0538
      vertex -0.687361 16.9355 40.0494
    endloop
  endfacet
  facet normal 0 0.615643 0.788025
    outer loop
      vertex 0.126506 18.3483 38.9456
      vertex -32.185 16.9298 40.0538
      vertex -0.815001 16.9298 40.0538
    endloop
  endfacet
  facet normal -0 0.615643 0.788025
    outer loop
      vertex -33.1265 18.3483 38.9456
      vertex -32.185 16.9298 40.0538
      vertex 0.126506 18.3483 38.9456
    endloop
  endfacet
  facet normal 0.000337985 0.615782 0.787916
    outer loop
      vertex -32.185 16.9298 40.0538
      vertex -33.1265 18.3483 38.9456
      vertex -32.3126 16.9355 40.0494
    endloop
  endfacet
  facet normal 2.52124e-05 0.61567 0.788004
    outer loop
      vertex -32.3126 16.9355 40.0494
      vertex -33.1265 18.3483 38.9456
      vertex -32.4387 16.9524 40.0362
    endloop
  endfacet
  facet normal -1.49085e-05 0.615658 0.788013
    outer loop
      vertex -32.4387 16.9524 40.0362
      vertex -33.1265 18.3483 38.9456
      vertex -32.5615 16.9803 40.0144
    endloop
  endfacet
  facet normal -0.000157825 0.615621 0.788042
    outer loop
      vertex -32.5615 16.9803 40.0144
      vertex -33.1265 18.3483 38.9456
      vertex -32.6796 17.0188 39.9843
    endloop
  endfacet
  facet normal -0.000429763 0.615565 0.788086
    outer loop
      vertex -32.6796 17.0188 39.9843
      vertex -33.1265 18.3483 38.9456
      vertex -32.7915 17.0675 39.9462
    endloop
  endfacet
  facet normal 0.000404709 0.6157 0.78798
    outer loop
      vertex -32.7915 17.0675 39.9462
      vertex -33.1265 18.3483 38.9456
      vertex -32.8958 17.1258 39.9007
    endloop
  endfacet
  facet normal 0.000965162 0.615766 0.787929
    outer loop
      vertex -32.8958 17.1258 39.9007
      vertex -33.1265 18.3483 38.9456
      vertex -32.9911 17.193 39.8483
    endloop
  endfacet
  facet normal -0.000208375 0.61568 0.787996
    outer loop
      vertex -32.9911 17.193 39.8483
      vertex -33.1265 18.3483 38.9456
      vertex -33.0763 17.2681 39.7896
    endloop
  endfacet
  facet normal 0.0159898 0.607986 0.793787
    outer loop
      vertex -33.2121 18.2337 39.0351
      vertex -33.1265 18.3483 38.9456
      vertex -33.1503 18.3219 38.9663
    endloop
  endfacet
  facet normal -0.000586637 0.615669 0.788004
    outer loop
      vertex -33.1265 18.3483 38.9456
      vertex -33.1503 17.3502 39.7254
      vertex -33.0763 17.2681 39.7896
    endloop
  endfacet
  facet normal -0.000334696 0.615666 0.788007
    outer loop
      vertex -33.1265 18.3483 38.9456
      vertex -33.2121 18.2337 39.0351
      vertex -33.1503 17.3502 39.7254
    endloop
  endfacet
  facet normal 0.000181328 0.615688 0.78799
    outer loop
      vertex -33.2121 18.2337 39.0351
      vertex -33.2121 17.4384 39.6565
      vertex -33.1503 17.3502 39.7254
    endloop
  endfacet
  facet normal 0.000921917 0.615688 0.787989
    outer loop
      vertex -33.261 18.1406 39.1079
      vertex -33.2121 17.4384 39.6565
      vertex -33.2121 18.2337 39.0351
    endloop
  endfacet
  facet normal 0.000653998 0.615677 0.787999
    outer loop
      vertex -33.261 18.1406 39.1079
      vertex -33.261 17.5315 39.5838
      vertex -33.2121 17.4384 39.6565
    endloop
  endfacet
  facet normal -0.000700211 0.615677 0.787999
    outer loop
      vertex -33.2964 18.0438 39.1835
      vertex -33.261 17.5315 39.5838
      vertex -33.261 18.1406 39.1079
    endloop
  endfacet
  facet normal -0.00171818 0.615632 0.788032
    outer loop
      vertex -33.2964 18.0438 39.1835
      vertex -33.2964 17.6283 39.5081
      vertex -33.261 17.5315 39.5838
    endloop
  endfacet
  facet normal 0.000888029 0.615633 0.788033
    outer loop
      vertex -33.3178 17.9445 39.2611
      vertex -33.2964 17.6283 39.5081
      vertex -33.2964 18.0438 39.1835
    endloop
  endfacet
  facet normal 0.00091088 0.615634 0.788032
    outer loop
      vertex -33.325 17.8439 39.3397
      vertex -33.2964 17.6283 39.5081
      vertex -33.3178 17.9445 39.2611
    endloop
  endfacet
  facet normal 0.00582608 0.616028 0.787702
    outer loop
      vertex -33.2964 17.6283 39.5081
      vertex -33.325 17.8439 39.3397
      vertex -33.3178 17.7276 39.4306
    endloop
  endfacet
  facet normal 0.023392 0.616545 0.786972
    outer loop
      vertex -33.3178 17.7276 39.4306
      vertex -33.325 17.8439 39.3397
      vertex -33.325 17.8282 39.352
    endloop
  endfacet
  facet normal -0.924027 0.301278 -0.235384
    outer loop
      vertex -33.2121 1.82633 18.0346
      vertex -33.261 18.1406 39.1079
      vertex -33.2121 18.2337 39.0351
    endloop
  endfacet
  facet normal -0.924009 0.301312 -0.23541
    outer loop
      vertex -33.261 18.1406 39.1079
      vertex -33.2121 1.82633 18.0346
      vertex -33.261 1.73325 18.1074
    endloop
  endfacet
  facet normal -0.875299 0.381068 -0.297723
    outer loop
      vertex -33.1503 1.9145 17.9658
      vertex -33.2121 18.2337 39.0351
      vertex -33.1503 18.3219 38.9663
    endloop
  endfacet
  facet normal -0.875256 0.38113 -0.297771
    outer loop
      vertex -33.2121 18.2337 39.0351
      vertex -33.1503 1.9145 17.9658
      vertex -33.2121 1.82633 18.0346
    endloop
  endfacet
  facet normal 0.745627 -0.525101 0.410254
    outer loop
      vertex -0.00889874 17.193 39.8483
      vertex 0.0762873 0.860693 18.7891
      vertex 0.0762873 17.2681 39.7896
    endloop
  endfacet
  facet normal 0.745671 -0.525062 0.410225
    outer loop
      vertex 0.0762873 0.860693 18.7891
      vertex -0.00889874 17.193 39.8483
      vertex -0.00889874 0.785577 18.8478
    endloop
  endfacet
  facet normal 0.87517 0.381252 -0.297867
    outer loop
      vertex 0.212104 18.2337 39.0351
      vertex 0.150265 1.9145 17.9658
      vertex 0.150265 18.3219 38.9663
    endloop
  endfacet
  facet normal 0.875127 0.381314 -0.297915
    outer loop
      vertex 0.150265 1.9145 17.9658
      vertex 0.212104 18.2337 39.0351
      vertex 0.212104 1.82633 18.0346
    endloop
  endfacet
  facet normal 0.960904 0.218185 -0.170464
    outer loop
      vertex 0.296417 18.0438 39.1835
      vertex 0.261026 1.73325 18.1074
      vertex 0.261026 18.1406 39.1079
    endloop
  endfacet
  facet normal 0.960904 0.218185 -0.170464
    outer loop
      vertex 0.261026 1.73325 18.1074
      vertex 0.296417 18.0438 39.1835
      vertex 0.296417 1.63645 18.183
    endloop
  endfacet
  facet normal 1 0 0
    outer loop
      vertex 0.325 17.8282 39.352
      vertex 0.325 1.43655 18.3392
      vertex 0.325 17.8439 39.3397
    endloop
  endfacet
  facet normal 1 0 -0
    outer loop
      vertex 0.325 1.43655 18.3392
      vertex 0.325 17.8282 39.352
      vertex 0.325 1.42079 18.3515
    endloop
  endfacet
  facet normal 0.167735 -0.776846 0.606939
    outer loop
      vertex -0.687361 0.52811 19.0489
      vertex -0.561327 16.9524 40.0362
      vertex -0.687361 16.9355 40.0494
    endloop
  endfacet
  facet normal 0.167585 -0.776866 0.606955
    outer loop
      vertex -0.561327 16.9524 40.0362
      vertex -0.687361 0.52811 19.0489
      vertex -0.561327 0.544985 19.0357
    endloop
  endfacet
  facet normal 0.578545 -0.642741 0.502165
    outer loop
      vertex -0.208484 0.660154 18.9458
      vertex -0.104222 17.1258 39.9007
      vertex -0.208484 17.0675 39.9462
    endloop
  endfacet
  facet normal 0.578849 -0.642572 0.502031
    outer loop
      vertex -0.104222 17.1258 39.9007
      vertex -0.208484 0.660154 18.9458
      vertex -0.104222 0.71845 18.9002
    endloop
  endfacet
  facet normal 0.666472 -0.587485 0.458995
    outer loop
      vertex -0.104222 17.1258 39.9007
      vertex -0.00889874 0.785577 18.8478
      vertex -0.00889874 17.193 39.8483
    endloop
  endfacet
  facet normal 0.666222 -0.587662 0.459131
    outer loop
      vertex -0.00889874 0.785577 18.8478
      vertex -0.104222 17.1258 39.9007
      vertex -0.104222 0.71845 18.9002
    endloop
  endfacet
  facet normal -0.277044 -0.757165 0.591563
    outer loop
      vertex -32.5615 16.9803 40.0144
      vertex -32.4387 0.544985 19.0357
      vertex -32.4387 16.9524 40.0362
    endloop
  endfacet
  facet normal -0.276531 -0.75728 0.591656
    outer loop
      vertex -32.4387 0.544985 19.0357
      vertex -32.5615 16.9803 40.0144
      vertex -32.5615 0.572873 19.014
    endloop
  endfacet
  facet normal -0.16765 -0.776858 0.606948
    outer loop
      vertex -32.4387 16.9524 40.0362
      vertex -32.3126 0.52811 19.0489
      vertex -32.3126 16.9355 40.0494
    endloop
  endfacet
  facet normal -0.1675 -0.776877 0.606964
    outer loop
      vertex -32.3126 0.52811 19.0489
      vertex -32.4387 16.9524 40.0362
      vertex -32.4387 0.544985 19.0357
    endloop
  endfacet
  facet normal 0.923896 -0.301527 0.235579
    outer loop
      vertex 0.212104 17.4384 39.6565
      vertex 0.261026 1.12409 18.5833
      vertex 0.261026 17.5315 39.5838
    endloop
  endfacet
  facet normal 0.923869 -0.301579 0.235619
    outer loop
      vertex 0.261026 1.12409 18.5833
      vertex 0.212104 17.4384 39.6565
      vertex 0.212104 1.03102 18.656
    endloop
  endfacet
  facet normal 0.875283 -0.381091 0.297741
    outer loop
      vertex 0.150265 17.3502 39.7254
      vertex 0.212104 1.03102 18.656
      vertex 0.212104 17.4384 39.6565
    endloop
  endfacet
  facet normal 0.875237 -0.381157 0.297792
    outer loop
      vertex 0.212104 1.03102 18.656
      vertex 0.150265 17.3502 39.7254
      vertex 0.150265 0.942852 18.7249
    endloop
  endfacet
  facet normal 0.960941 -0.218083 0.170386
    outer loop
      vertex 0.261026 17.5315 39.5838
      vertex 0.296417 1.2209 18.5077
      vertex 0.296417 17.6283 39.5081
    endloop
  endfacet
  facet normal 0.960909 -0.218171 0.170454
    outer loop
      vertex 0.296417 1.2209 18.5077
      vertex 0.261026 17.5315 39.5838
      vertex 0.261026 1.12409 18.5833
    endloop
  endfacet
  facet normal 0.81607 0.455433 -0.355824
    outer loop
      vertex 0.150265 18.3219 38.9663
      vertex 0.126506 1.94088 17.9451
      vertex 0.126506 18.3483 38.9456
    endloop
  endfacet
  facet normal 0.815942 0.455576 -0.355935
    outer loop
      vertex 0.126506 1.94088 17.9451
      vertex 0.150265 18.3219 38.9663
      vertex 0.150265 1.9145 17.9658
    endloop
  endfacet
  facet normal 0.985869 0.132006 -0.103134
    outer loop
      vertex 0.317831 17.9445 39.2611
      vertex 0.296417 1.63645 18.183
      vertex 0.296417 18.0438 39.1835
    endloop
  endfacet
  facet normal 0.985873 0.13199 -0.103122
    outer loop
      vertex 0.296417 1.63645 18.183
      vertex 0.317831 17.9445 39.2611
      vertex 0.317831 1.53713 18.2606
    endloop
  endfacet
  facet normal 0.985856 -0.132069 0.103183
    outer loop
      vertex 0.296417 17.6283 39.5081
      vertex 0.317831 1.32021 18.4301
      vertex 0.317831 17.7276 39.4306
    endloop
  endfacet
  facet normal 0.985871 -0.131998 0.103128
    outer loop
      vertex 0.317831 1.32021 18.4301
      vertex 0.296417 17.6283 39.5081
      vertex 0.296417 1.2209 18.5077
    endloop
  endfacet
  facet normal 0.998427 -0.044181 0.034518
    outer loop
      vertex 0.317831 17.7276 39.4306
      vertex 0.325 1.42079 18.3515
      vertex 0.325 17.8282 39.352
    endloop
  endfacet
  facet normal 0.998427 -0.0441864 0.0345222
    outer loop
      vertex 0.325 1.42079 18.3515
      vertex 0.317831 17.7276 39.4306
      vertex 0.317831 1.32021 18.4301
    endloop
  endfacet
  facet normal 0.27695 -0.757187 0.59158
    outer loop
      vertex -0.561327 0.544985 19.0357
      vertex -0.438482 16.9803 40.0144
      vertex -0.561327 16.9524 40.0362
    endloop
  endfacet
  facet normal 0.276437 -0.757302 0.591673
    outer loop
      vertex -0.438482 16.9803 40.0144
      vertex -0.561327 0.544985 19.0357
      vertex -0.438482 0.572873 19.014
    endloop
  endfacet
  facet normal 0.382333 -0.728139 0.568889
    outer loop
      vertex -0.438482 0.572873 19.014
      vertex -0.320373 17.0188 39.9843
      vertex -0.438482 16.9803 40.0144
    endloop
  endfacet
  facet normal 0.383017 -0.727918 0.568712
    outer loop
      vertex -0.320373 17.0188 39.9843
      vertex -0.438482 0.572873 19.014
      vertex -0.320373 0.611425 18.9838
    endloop
  endfacet
  facet normal 0.815454 -0.456118 0.356358
    outer loop
      vertex 0.0762873 17.2681 39.7896
      vertex 0.150265 0.942852 18.7249
      vertex 0.150265 17.3502 39.7254
    endloop
  endfacet
  facet normal 0.815576 -0.455982 0.356253
    outer loop
      vertex 0.150265 0.942852 18.7249
      vertex 0.0762873 17.2681 39.7896
      vertex 0.0762873 0.860693 18.7891
    endloop
  endfacet
  facet normal 0.998427 0.044181 -0.034518
    outer loop
      vertex 0.325 17.8439 39.3397
      vertex 0.317831 1.53713 18.2606
      vertex 0.317831 17.9445 39.2611
    endloop
  endfacet
  facet normal 0.998427 0.0441865 -0.0345222
    outer loop
      vertex 0.317831 1.53713 18.2606
      vertex 0.325 17.8439 39.3397
      vertex 0.325 1.43655 18.3392
    endloop
  endfacet
  facet normal -1 0 0
    outer loop
      vertex -29 12.5279 34.4195
      vertex -29 14.4882 40.5021
      vertex -29 16.2218 39.1476
    endloop
  endfacet
  facet normal -1 0 0
    outer loop
      vertex -29 14.4882 40.5021
      vertex -29 12.5279 34.4195
      vertex -29 10.7942 35.774
    endloop
  endfacet
  facet normal -0 0.615679 0.787997
    outer loop
      vertex -29 16.2218 39.1476
      vertex -23 14.4882 40.5021
      vertex -23 16.2218 39.1476
    endloop
  endfacet
  facet normal 0 0.615679 0.787997
    outer loop
      vertex -23 14.4882 40.5021
      vertex -29 16.2218 39.1476
      vertex -29 14.4882 40.5021
    endloop
  endfacet
  facet normal 1 0 0
    outer loop
      vertex -23 14.4882 40.5021
      vertex -23 12.5279 34.4195
      vertex -23 16.2218 39.1476
    endloop
  endfacet
  facet normal 1 0 -0
    outer loop
      vertex -23 12.5279 34.4195
      vertex -23 14.4882 40.5021
      vertex -23 10.7942 35.774
    endloop
  endfacet
  facet normal 0 -0.615657 -0.788014
    outer loop
      vertex -29 10.7942 35.774
      vertex -23 12.5279 34.4195
      vertex -23 10.7942 35.774
    endloop
  endfacet
  facet normal -0 -0.615657 -0.788014
    outer loop
      vertex -23 12.5279 34.4195
      vertex -29 10.7942 35.774
      vertex -29 12.5279 34.4195
    endloop
  endfacet
  facet normal 0 -0.78801 0.615662
    outer loop
      vertex -29 10.7942 35.774
      vertex -23 14.4882 40.5021
      vertex -29 14.4882 40.5021
    endloop
  endfacet
  facet normal 0 -0.78801 0.615662
    outer loop
      vertex -23 14.4882 40.5021
      vertex -29 10.7942 35.774
      vertex -23 10.7942 35.774
    endloop
  endfacet
  facet normal -1 0 0
    outer loop
      vertex -29 1.44595 20.2354
      vertex -29 3.4063 26.3179
      vertex -29 5.13992 24.9634
    endloop
  endfacet
  facet normal -1 0 0
    outer loop
      vertex -29 3.4063 26.3179
      vertex -29 1.44595 20.2354
      vertex -29 -0.28767 21.5898
    endloop
  endfacet
  facet normal -0 0.615675 0.788
    outer loop
      vertex -29 5.13992 24.9634
      vertex -25.8 3.4063 26.3179
      vertex -25.8 5.13992 24.9634
    endloop
  endfacet
  facet normal 0 0.615675 0.788
    outer loop
      vertex -25.8 3.4063 26.3179
      vertex -29 5.13992 24.9634
      vertex -29 3.4063 26.3179
    endloop
  endfacet
  facet normal 1 0 0
    outer loop
      vertex -25.8 3.4063 26.3179
      vertex -25.8 1.44595 20.2354
      vertex -25.8 5.13992 24.9634
    endloop
  endfacet
  facet normal 1 0 -0
    outer loop
      vertex -25.8 1.44595 20.2354
      vertex -25.8 3.4063 26.3179
      vertex -25.8 -0.28767 21.5898
    endloop
  endfacet
  facet normal 0 -0.615647 -0.788022
    outer loop
      vertex -29 -0.28767 21.5898
      vertex -25.8 1.44595 20.2354
      vertex -25.8 -0.28767 21.5898
    endloop
  endfacet
  facet normal -0 -0.615647 -0.788022
    outer loop
      vertex -25.8 1.44595 20.2354
      vertex -29 -0.28767 21.5898
      vertex -29 1.44595 20.2354
    endloop
  endfacet
  facet normal 0 -0.788013 0.615659
    outer loop
      vertex -29 -0.28767 21.5898
      vertex -25.8 3.4063 26.3179
      vertex -29 3.4063 26.3179
    endloop
  endfacet
  facet normal 0 -0.788013 0.615659
    outer loop
      vertex -25.8 3.4063 26.3179
      vertex -29 -0.28767 21.5898
      vertex -25.8 -0.28767 21.5898
    endloop
  endfacet
  facet normal -1 0 0
    outer loop
      vertex -10 12.5279 34.4195
      vertex -10 14.4882 40.5021
      vertex -10 16.2218 39.1476
    endloop
  endfacet
  facet normal -1 0 0
    outer loop
      vertex -10 14.4882 40.5021
      vertex -10 12.5279 34.4195
      vertex -10 10.7942 35.774
    endloop
  endfacet
  facet normal -0 0.615679 0.787997
    outer loop
      vertex -10 16.2218 39.1476
      vertex -4 14.4882 40.5021
      vertex -4 16.2218 39.1476
    endloop
  endfacet
  facet normal 0 0.615679 0.787997
    outer loop
      vertex -4 14.4882 40.5021
      vertex -10 16.2218 39.1476
      vertex -10 14.4882 40.5021
    endloop
  endfacet
  facet normal 1 0 0
    outer loop
      vertex -4 14.4882 40.5021
      vertex -4 12.5279 34.4195
      vertex -4 16.2218 39.1476
    endloop
  endfacet
  facet normal 1 0 -0
    outer loop
      vertex -4 12.5279 34.4195
      vertex -4 14.4882 40.5021
      vertex -4 10.7942 35.774
    endloop
  endfacet
  facet normal 0 -0.615657 -0.788014
    outer loop
      vertex -10 10.7942 35.774
      vertex -4 12.5279 34.4195
      vertex -4 10.7942 35.774
    endloop
  endfacet
  facet normal -0 -0.615657 -0.788014
    outer loop
      vertex -4 12.5279 34.4195
      vertex -10 10.7942 35.774
      vertex -10 12.5279 34.4195
    endloop
  endfacet
  facet normal 0 -0.78801 0.615662
    outer loop
      vertex -10 10.7942 35.774
      vertex -4 14.4882 40.5021
      vertex -10 14.4882 40.5021
    endloop
  endfacet
  facet normal 0 -0.78801 0.615662
    outer loop
      vertex -4 14.4882 40.5021
      vertex -10 10.7942 35.774
      vertex -4 10.7942 35.774
    endloop
  endfacet
  facet normal -1 0 0
    outer loop
      vertex -7.2 1.44595 20.2354
      vertex -7.2 3.4063 26.3179
      vertex -7.2 5.13992 24.9634
    endloop
  endfacet
  facet normal -1 0 0
    outer loop
      vertex -7.2 3.4063 26.3179
      vertex -7.2 1.44595 20.2354
      vertex -7.2 -0.28767 21.5898
    endloop
  endfacet
  facet normal -0 0.615675 0.788
    outer loop
      vertex -7.2 5.13992 24.9634
      vertex -4 3.4063 26.3179
      vertex -4 5.13992 24.9634
    endloop
  endfacet
  facet normal 0 0.615675 0.788
    outer loop
      vertex -4 3.4063 26.3179
      vertex -7.2 5.13992 24.9634
      vertex -7.2 3.4063 26.3179
    endloop
  endfacet
  facet normal 1 0 0
    outer loop
      vertex -4 3.4063 26.3179
      vertex -4 1.44595 20.2354
      vertex -4 5.13992 24.9634
    endloop
  endfacet
  facet normal 1 0 -0
    outer loop
      vertex -4 1.44595 20.2354
      vertex -4 3.4063 26.3179
      vertex -4 -0.28767 21.5898
    endloop
  endfacet
  facet normal 0 -0.615647 -0.788022
    outer loop
      vertex -7.2 -0.28767 21.5898
      vertex -4 1.44595 20.2354
      vertex -4 -0.28767 21.5898
    endloop
  endfacet
  facet normal -0 -0.615647 -0.788022
    outer loop
      vertex -4 1.44595 20.2354
      vertex -7.2 -0.28767 21.5898
      vertex -7.2 1.44595 20.2354
    endloop
  endfacet
  facet normal 0 -0.788013 0.615659
    outer loop
      vertex -7.2 -0.28767 21.5898
      vertex -4 3.4063 26.3179
      vertex -7.2 3.4063 26.3179
    endloop
  endfacet
  facet normal 0 -0.788013 0.615659
    outer loop
      vertex -4 3.4063 26.3179
      vertex -7.2 -0.28767 21.5898
      vertex -4 -0.28767 21.5898
    endloop
  endfacet
  facet normal -0.998436 0.0344192 0.0440521
    outer loop
      vertex -62.9163 7.65468 21.3602
      vertex -62.9 6.25788 22.821
      vertex -62.9 7.83391 21.5896
    endloop
  endfacet
  facet normal -0.998436 0.0344201 0.0440529
    outer loop
      vertex -62.9 6.25788 22.821
      vertex -62.9163 7.65468 21.3602
      vertex -62.9163 6.07866 22.5916
    endloop
  endfacet
  facet normal 0.998417 0.0346297 0.0443215
    outer loop
      vertex -68.1 6.25788 22.821
      vertex -68.0836 7.65468 21.3602
      vertex -68.1 7.83391 21.5896
    endloop
  endfacet
  facet normal 0.998417 0.0346306 0.0443223
    outer loop
      vertex -68.0836 7.65468 21.3602
      vertex -68.1 6.25788 22.821
      vertex -68.0836 6.07866 22.5916
    endloop
  endfacet
  facet normal 0.0561083 0.614685 0.786775
    outer loop
      vertex -65.7911 4.66723 20.785
      vertex -65.5 6.23319 19.5408
      vertex -65.7911 6.24325 19.5537
    endloop
  endfacet
  facet normal 0.0561293 0.614682 0.786776
    outer loop
      vertex -65.5 6.23319 19.5408
      vertex -65.7911 4.66723 20.785
      vertex -65.5 4.65716 20.7721
    endloop
  endfacet
  facet normal -0.666364 0.459046 0.587567
    outer loop
      vertex -63.8789 6.58241 19.9878
      vertex -63.6615 5.126 21.3722
      vertex -63.6615 6.70203 20.1409
    endloop
  endfacet
  facet normal -0.666353 0.459055 0.587574
    outer loop
      vertex -63.6615 5.126 21.3722
      vertex -63.8789 6.58241 19.9878
      vertex -63.8789 5.00639 21.2191
    endloop
  endfacet
  facet normal 0.745588 0.410277 0.525139
    outer loop
      vertex -67.5328 5.25985 21.5435
      vertex -67.3385 6.70203 20.1409
      vertex -67.5328 6.83587 20.3122
    endloop
  endfacet
  facet normal 0.745598 0.410269 0.525132
    outer loop
      vertex -67.3385 6.70203 20.1409
      vertex -67.5328 5.25985 21.5435
      vertex -67.3385 5.126 21.3722
    endloop
  endfacet
  facet normal 0.382604 0.568811 0.728058
    outer loop
      vertex -66.6281 4.81569 20.975
      vertex -66.3587 6.32301 19.6558
      vertex -66.6281 6.39171 19.7437
    endloop
  endfacet
  facet normal 0.382604 0.568811 0.728058
    outer loop
      vertex -66.3587 6.32301 19.6558
      vertex -66.6281 4.81569 20.975
      vertex -66.3587 4.74699 20.8871
    endloop
  endfacet
  facet normal -0.923825 0.235694 0.301656
    outer loop
      vertex -63.1575 7.13938 20.7007
      vertex -63.0459 5.7292 22.1443
      vertex -63.0459 7.30522 20.9129
    endloop
  endfacet
  facet normal -0.923864 0.235623 0.30159
    outer loop
      vertex -63.0459 5.7292 22.1443
      vertex -63.1575 7.13938 20.7007
      vertex -63.1575 5.56336 21.932
    endloop
  endfacet
  facet normal -0.985836 0.103259 0.132157
    outer loop
      vertex -62.9652 7.47771 21.1337
      vertex -62.9163 6.07866 22.5916
      vertex -62.9163 7.65468 21.3602
    endloop
  endfacet
  facet normal -0.985843 0.103226 0.132126
    outer loop
      vertex -62.9163 6.07866 22.5916
      vertex -62.9652 7.47771 21.1337
      vertex -62.9652 5.90169 22.365
    endloop
  endfacet
  facet normal -0.276881 0.591585 0.757208
    outer loop
      vertex -64.9214 6.27332 19.5922
      vertex -64.6413 4.74699 20.8871
      vertex -64.6413 6.32301 19.6558
    endloop
  endfacet
  facet normal -0.276881 0.591585 0.757208
    outer loop
      vertex -64.6413 4.74699 20.8871
      vertex -64.9214 6.27332 19.5922
      vertex -64.9214 4.6973 20.8235
    endloop
  endfacet
  facet normal -0.167517 0.606955 0.776881
    outer loop
      vertex -65.2089 6.24325 19.5537
      vertex -64.9214 4.6973 20.8235
      vertex -64.9214 6.27332 19.5922
    endloop
  endfacet
  facet normal -0.167517 0.606955 0.776881
    outer loop
      vertex -64.9214 4.6973 20.8235
      vertex -65.2089 6.24325 19.5537
      vertex -65.2089 4.66723 20.785
    endloop
  endfacet
  facet normal 0.923825 0.235694 0.301656
    outer loop
      vertex -67.9541 5.7292 22.1443
      vertex -67.8425 7.13938 20.7007
      vertex -67.9541 7.30522 20.9129
    endloop
  endfacet
  facet normal 0.923864 0.235623 0.30159
    outer loop
      vertex -67.8425 7.13938 20.7007
      vertex -67.9541 5.7292 22.1443
      vertex -67.8425 5.56336 21.932
    endloop
  endfacet
  facet normal 0.875284 0.297737 0.381092
    outer loop
      vertex -67.8425 5.56336 21.932
      vertex -67.7015 6.98227 20.4996
      vertex -67.8425 7.13938 20.7007
    endloop
  endfacet
  facet normal 0.875284 0.297737 0.381092
    outer loop
      vertex -67.7015 6.98227 20.4996
      vertex -67.8425 5.56336 21.932
      vertex -67.7015 5.40625 21.7309
    endloop
  endfacet
  facet normal 0.985892 0.103054 0.131895
    outer loop
      vertex -68.0836 6.07866 22.5916
      vertex -68.0348 7.47771 21.1337
      vertex -68.0836 7.65468 21.3602
    endloop
  endfacet
  facet normal 0.9859 0.103021 0.131863
    outer loop
      vertex -68.0348 7.47771 21.1337
      vertex -68.0836 6.07866 22.5916
      vertex -68.0348 5.90169 22.365
    endloop
  endfacet
  facet normal 0.167517 0.606955 0.776881
    outer loop
      vertex -66.0786 4.6973 20.8235
      vertex -65.7911 6.24325 19.5537
      vertex -66.0786 6.27332 19.5922
    endloop
  endfacet
  facet normal 0.167517 0.606955 0.776881
    outer loop
      vertex -65.7911 6.24325 19.5537
      vertex -66.0786 4.6973 20.8235
      vertex -65.7911 4.66723 20.785
    endloop
  endfacet
  facet normal -0.167517 -0.606955 -0.776881
    outer loop
      vertex -65.2089 7.84854 24.8569
      vertex -64.9214 9.39449 23.5871
      vertex -64.9214 7.81847 24.8184
    endloop
  endfacet
  facet normal -0.167517 -0.606955 -0.776881
    outer loop
      vertex -64.9214 9.39449 23.5871
      vertex -65.2089 7.84854 24.8569
      vertex -65.2089 9.42456 23.6256
    endloop
  endfacet
  facet normal -0.960936 0.170394 0.218099
    outer loop
      vertex -63.0459 7.30522 20.9129
      vertex -62.9652 5.90169 22.365
      vertex -62.9652 7.47771 21.1337
    endloop
  endfacet
  facet normal -0.960916 0.170447 0.218149
    outer loop
      vertex -62.9652 5.90169 22.365
      vertex -63.0459 7.30522 20.9129
      vertex -63.0459 5.7292 22.1443
    endloop
  endfacet
  facet normal -0.815613 0.356216 0.455944
    outer loop
      vertex -63.4672 6.83587 20.3122
      vertex -63.2985 5.40625 21.7309
      vertex -63.2985 6.98227 20.4996
    endloop
  endfacet
  facet normal -0.815613 0.356216 0.455944
    outer loop
      vertex -63.2985 5.40625 21.7309
      vertex -63.4672 6.83587 20.3122
      vertex -63.4672 5.25985 21.5435
    endloop
  endfacet
  facet normal -0.745588 0.410277 0.525139
    outer loop
      vertex -63.6615 6.70203 20.1409
      vertex -63.4672 5.25985 21.5435
      vertex -63.4672 6.83587 20.3122
    endloop
  endfacet
  facet normal -0.745598 0.410269 0.525132
    outer loop
      vertex -63.4672 5.25985 21.5435
      vertex -63.6615 6.70203 20.1409
      vertex -63.6615 5.126 21.3722
    endloop
  endfacet
  facet normal -0.875284 0.297737 0.381092
    outer loop
      vertex -63.2985 6.98227 20.4996
      vertex -63.1575 5.56336 21.932
      vertex -63.1575 7.13938 20.7007
    endloop
  endfacet
  facet normal -0.875284 0.297737 0.381092
    outer loop
      vertex -63.1575 5.56336 21.932
      vertex -63.2985 6.98227 20.4996
      vertex -63.2985 5.40625 21.7309
    endloop
  endfacet
  facet normal -0.0561083 0.614685 0.786775
    outer loop
      vertex -65.5 6.23319 19.5408
      vertex -65.2089 4.66723 20.785
      vertex -65.2089 6.24325 19.5537
    endloop
  endfacet
  facet normal -0.0561293 0.614682 0.786776
    outer loop
      vertex -65.2089 4.66723 20.785
      vertex -65.5 6.23319 19.5408
      vertex -65.5 4.65716 20.7721
    endloop
  endfacet
  facet normal -0.578731 0.502078 0.642642
    outer loop
      vertex -64.1167 6.47854 19.8548
      vertex -63.8789 5.00639 21.2191
      vertex -63.8789 6.58241 19.9878
    endloop
  endfacet
  facet normal -0.578551 0.502182 0.642722
    outer loop
      vertex -63.8789 5.00639 21.2191
      vertex -64.1167 6.47854 19.8548
      vertex -64.1167 4.90252 21.0862
    endloop
  endfacet
  facet normal -0.483619 0.538897 0.689713
    outer loop
      vertex -64.3719 6.39171 19.7437
      vertex -64.1167 4.90252 21.0862
      vertex -64.1167 6.47854 19.8548
    endloop
  endfacet
  facet normal -0.483826 0.538799 0.689644
    outer loop
      vertex -64.1167 4.90252 21.0862
      vertex -64.3719 6.39171 19.7437
      vertex -64.3719 4.81569 20.975
    endloop
  endfacet
  facet normal 0.815613 0.356216 0.455944
    outer loop
      vertex -67.7015 5.40625 21.7309
      vertex -67.5328 6.83587 20.3122
      vertex -67.7015 6.98227 20.4996
    endloop
  endfacet
  facet normal 0.815613 0.356216 0.455944
    outer loop
      vertex -67.5328 6.83587 20.3122
      vertex -67.7015 5.40625 21.7309
      vertex -67.5328 5.25985 21.5435
    endloop
  endfacet
  facet normal 0.960936 0.170394 0.218099
    outer loop
      vertex -68.0348 5.90169 22.365
      vertex -67.9541 7.30522 20.9129
      vertex -68.0348 7.47771 21.1337
    endloop
  endfacet
  facet normal 0.960916 0.170447 0.218149
    outer loop
      vertex -67.9541 7.30522 20.9129
      vertex -68.0348 5.90169 22.365
      vertex -67.9541 5.7292 22.1443
    endloop
  endfacet
  facet normal -2.29479e-05 -0.788014 0.615657
    outer loop
      vertex -65.5 6.23319 19.5408
      vertex -65.5 9.43463 23.6385
      vertex -65.7911 9.42456 23.6256
    endloop
  endfacet
  facet normal -2.58495e-05 -0.788011 0.615661
    outer loop
      vertex -65.7911 6.24325 19.5537
      vertex -65.7911 9.42456 23.6256
      vertex -66.0786 9.39449 23.5871
    endloop
  endfacet
  facet normal 2.29479e-05 -0.788014 0.615657
    outer loop
      vertex -65.5 9.43463 23.6385
      vertex -65.5 6.23319 19.5408
      vertex -65.2089 9.42456 23.6256
    endloop
  endfacet
  facet normal 1.19014e-07 -0.78801 0.615663
    outer loop
      vertex -66.0786 6.27332 19.5922
      vertex -66.0786 9.39449 23.5871
      vertex -66.3587 9.3448 23.5235
    endloop
  endfacet
  facet normal -5.02492e-05 -0.788011 0.615661
    outer loop
      vertex -65.2089 6.24325 19.5537
      vertex -65.2089 9.42456 23.6256
      vertex -65.5 6.23319 19.5408
    endloop
  endfacet
  facet normal 7.23372e-05 -0.78801 0.615663
    outer loop
      vertex -66.3587 6.32301 19.6558
      vertex -66.3587 9.3448 23.5235
      vertex -66.6281 9.2761 23.4356
    endloop
  endfacet
  facet normal 2.58495e-05 -0.788011 0.615661
    outer loop
      vertex -65.2089 9.42456 23.6256
      vertex -65.2089 6.24325 19.5537
      vertex -64.9214 9.39449 23.5871
    endloop
  endfacet
  facet normal -0.000147614 -0.788015 0.615656
    outer loop
      vertex -66.6281 6.39171 19.7437
      vertex -66.6281 9.2761 23.4356
      vertex -66.8833 9.18927 23.3244
    endloop
  endfacet
  facet normal -2.63476e-05 -0.78801 0.615663
    outer loop
      vertex -64.9214 6.27332 19.5922
      vertex -64.9214 9.39449 23.5871
      vertex -65.2089 6.24325 19.5537
    endloop
  endfacet
  facet normal 0.000125436 -0.788013 0.615659
    outer loop
      vertex -66.8833 6.47854 19.8548
      vertex -66.8833 9.18927 23.3244
      vertex -67.1211 9.0854 23.1915
    endloop
  endfacet
  facet normal -1.19014e-07 -0.78801 0.615663
    outer loop
      vertex -64.9214 9.39449 23.5871
      vertex -64.9214 6.27332 19.5922
      vertex -64.6413 9.3448 23.5235
    endloop
  endfacet
  facet normal -1.49482e-05 -0.788013 0.615659
    outer loop
      vertex -67.1211 6.58241 19.9878
      vertex -67.1211 9.0854 23.1915
      vertex -67.3385 8.96579 23.0384
    endloop
  endfacet
  facet normal 1.22928e-07 -0.78801 0.615663
    outer loop
      vertex -64.6413 6.32301 19.6558
      vertex -64.6413 9.3448 23.5235
      vertex -64.9214 6.27332 19.5922
    endloop
  endfacet
  facet normal 6.75876e-05 -0.788013 0.615659
    outer loop
      vertex -67.3385 6.70203 20.1409
      vertex -67.3385 8.96579 23.0384
      vertex -67.5328 8.83194 22.8671
    endloop
  endfacet
  facet normal -7.23372e-05 -0.78801 0.615663
    outer loop
      vertex -64.6413 9.3448 23.5235
      vertex -64.6413 6.32301 19.6558
      vertex -64.3719 9.2761 23.4356
    endloop
  endfacet
  facet normal -4.78245e-05 -0.788016 0.615654
    outer loop
      vertex -67.5328 6.83587 20.3122
      vertex -67.5328 8.83194 22.8671
      vertex -67.7015 8.68554 22.6797
    endloop
  endfacet
  facet normal 7.57822e-05 -0.788015 0.615656
    outer loop
      vertex -64.3719 6.39171 19.7437
      vertex -64.3719 9.2761 23.4356
      vertex -64.6413 6.32301 19.6558
    endloop
  endfacet
  facet normal -3.09828e-05 -0.788013 0.615659
    outer loop
      vertex -67.7015 6.98227 20.4996
      vertex -67.7015 8.68554 22.6797
      vertex -67.8425 8.52843 22.4786
    endloop
  endfacet
  facet normal 0.000147614 -0.788015 0.615656
    outer loop
      vertex -64.3719 9.2761 23.4356
      vertex -64.3719 6.39171 19.7437
      vertex -64.1167 9.18927 23.3244
    endloop
  endfacet
  facet normal -0.000164673 -0.788017 0.615653
    outer loop
      vertex -67.7015 6.98227 20.4996
      vertex -67.8425 8.52843 22.4786
      vertex -67.9541 8.36259 22.2663
    endloop
  endfacet
  facet normal 9.19023e-05 -0.788013 0.615659
    outer loop
      vertex -64.1167 6.47854 19.8548
      vertex -64.1167 9.18927 23.3244
      vertex -64.3719 6.39171 19.7437
    endloop
  endfacet
  facet normal -0.000145302 -0.788016 0.615655
    outer loop
      vertex -67.7015 6.98227 20.4996
      vertex -67.9541 8.36259 22.2663
      vertex -68.0348 8.1901 22.0455
    endloop
  endfacet
  facet normal -0.000125436 -0.788013 0.615659
    outer loop
      vertex -64.1167 9.18927 23.3244
      vertex -64.1167 6.47854 19.8548
      vertex -63.8789 9.0854 23.1915
    endloop
  endfacet
  facet normal 2.3118e-05 -0.787998 0.615677
    outer loop
      vertex -67.7015 6.98227 20.4996
      vertex -68.0348 8.1901 22.0455
      vertex -68.0836 8.01313 21.819
    endloop
  endfacet
  facet normal -0.000133795 -0.788013 0.615659
    outer loop
      vertex -63.8789 6.58241 19.9878
      vertex -63.8789 9.0854 23.1915
      vertex -64.1167 6.47854 19.8548
    endloop
  endfacet
  facet normal -0.000118363 -0.788018 0.615652
    outer loop
      vertex -67.7015 6.98227 20.4996
      vertex -68.0836 8.01313 21.819
      vertex -68.1 7.83391 21.5896
    endloop
  endfacet
  facet normal 1.49482e-05 -0.788013 0.615659
    outer loop
      vertex -63.8789 9.0854 23.1915
      vertex -63.8789 6.58241 19.9878
      vertex -63.6615 8.96579 23.0384
    endloop
  endfacet
  facet normal -5.9106e-05 -0.788008 0.615665
    outer loop
      vertex -67.7015 6.98227 20.4996
      vertex -68.1 7.83391 21.5896
      vertex -68.0836 7.65468 21.3602
    endloop
  endfacet
  facet normal 5.02492e-05 -0.788011 0.615661
    outer loop
      vertex -65.7911 9.42456 23.6256
      vertex -65.7911 6.24325 19.5537
      vertex -65.5 6.23319 19.5408
    endloop
  endfacet
  facet normal -8.54358e-06 -0.787997 0.615679
    outer loop
      vertex -67.7015 6.98227 20.4996
      vertex -68.0836 7.65468 21.3602
      vertex -68.0348 7.47771 21.1337
    endloop
  endfacet
  facet normal 2.16344e-05 -0.788013 0.615659
    outer loop
      vertex -63.6615 6.70203 20.1409
      vertex -63.6615 8.96579 23.0384
      vertex -63.8789 6.58241 19.9878
    endloop
  endfacet
  facet normal -0.000606137 -0.788149 0.615484
    outer loop
      vertex -67.7015 6.98227 20.4996
      vertex -68.0348 7.47771 21.1337
      vertex -67.9541 7.30522 20.9129
    endloop
  endfacet
  facet normal -6.75876e-05 -0.788013 0.615659
    outer loop
      vertex -63.6615 8.96579 23.0384
      vertex -63.6615 6.70203 20.1409
      vertex -63.4672 8.83194 22.8671
    endloop
  endfacet
  facet normal 0.00123047 -0.787604 0.616181
    outer loop
      vertex -67.7015 6.98227 20.4996
      vertex -67.9541 7.30522 20.9129
      vertex -67.8425 7.13938 20.7007
    endloop
  endfacet
  facet normal 3.33752e-05 -0.788016 0.615654
    outer loop
      vertex -63.4672 6.83587 20.3122
      vertex -63.4672 8.83194 22.8671
      vertex -63.6615 6.70203 20.1409
    endloop
  endfacet
  facet normal 5.60462e-05 -0.788013 0.615659
    outer loop
      vertex -67.7015 8.68554 22.6797
      vertex -67.7015 6.98227 20.4996
      vertex -67.5328 6.83587 20.3122
    endloop
  endfacet
  facet normal 4.78245e-05 -0.788016 0.615654
    outer loop
      vertex -63.4672 8.83194 22.8671
      vertex -63.4672 6.83587 20.3122
      vertex -63.2985 8.68554 22.6797
    endloop
  endfacet
  facet normal -3.33752e-05 -0.788016 0.615654
    outer loop
      vertex -67.5328 8.83194 22.8671
      vertex -67.5328 6.83587 20.3122
      vertex -67.3385 6.70203 20.1409
    endloop
  endfacet
  facet normal -5.60462e-05 -0.788013 0.615659
    outer loop
      vertex -63.2985 6.98227 20.4996
      vertex -63.2985 8.68554 22.6797
      vertex -63.4672 6.83587 20.3122
    endloop
  endfacet
  facet normal -2.16344e-05 -0.788013 0.615659
    outer loop
      vertex -67.3385 8.96579 23.0384
      vertex -67.3385 6.70203 20.1409
      vertex -67.1211 6.58241 19.9878
    endloop
  endfacet
  facet normal 2.63476e-05 -0.78801 0.615663
    outer loop
      vertex -66.0786 9.39449 23.5871
      vertex -66.0786 6.27332 19.5922
      vertex -65.7911 6.24325 19.5537
    endloop
  endfacet
  facet normal 0.000133795 -0.788013 0.615659
    outer loop
      vertex -67.1211 9.0854 23.1915
      vertex -67.1211 6.58241 19.9878
      vertex -66.8833 6.47854 19.8548
    endloop
  endfacet
  facet normal -1.22928e-07 -0.78801 0.615663
    outer loop
      vertex -66.3587 9.3448 23.5235
      vertex -66.3587 6.32301 19.6558
      vertex -66.0786 6.27332 19.5922
    endloop
  endfacet
  facet normal -9.19023e-05 -0.788013 0.615659
    outer loop
      vertex -66.8833 9.18927 23.3244
      vertex -66.8833 6.47854 19.8548
      vertex -66.6281 6.39171 19.7437
    endloop
  endfacet
  facet normal -7.57822e-05 -0.788015 0.615656
    outer loop
      vertex -66.6281 9.2761 23.4356
      vertex -66.6281 6.39171 19.7437
      vertex -66.3587 6.32301 19.6558
    endloop
  endfacet
  facet normal 0.000164673 -0.788017 0.615653
    outer loop
      vertex -63.1575 8.52843 22.4786
      vertex -63.2985 6.98227 20.4996
      vertex -63.0459 8.36259 22.2663
    endloop
  endfacet
  facet normal -0.00123047 -0.787604 0.616181
    outer loop
      vertex -63.0459 7.30522 20.9129
      vertex -63.2985 6.98227 20.4996
      vertex -63.1575 7.13938 20.7007
    endloop
  endfacet
  facet normal 0.000145302 -0.788016 0.615655
    outer loop
      vertex -63.0459 8.36259 22.2663
      vertex -63.2985 6.98227 20.4996
      vertex -62.9652 8.1901 22.0455
    endloop
  endfacet
  facet normal 0.000606137 -0.788149 0.615484
    outer loop
      vertex -62.9652 7.47771 21.1337
      vertex -63.2985 6.98227 20.4996
      vertex -63.0459 7.30522 20.9129
    endloop
  endfacet
  facet normal 8.55576e-06 -0.787997 0.615679
    outer loop
      vertex -62.9163 7.65468 21.3602
      vertex -63.2985 6.98227 20.4996
      vertex -62.9652 7.47771 21.1337
    endloop
  endfacet
  facet normal 5.90185e-05 -0.788008 0.615665
    outer loop
      vertex -62.9 7.83391 21.5896
      vertex -63.2985 6.98227 20.4996
      vertex -62.9163 7.65468 21.3602
    endloop
  endfacet
  facet normal 0.000118481 -0.788018 0.615652
    outer loop
      vertex -62.9163 8.01313 21.819
      vertex -63.2985 6.98227 20.4996
      vertex -62.9 7.83391 21.5896
    endloop
  endfacet
  facet normal -2.30944e-05 -0.787998 0.615677
    outer loop
      vertex -62.9652 8.1901 22.0455
      vertex -63.2985 6.98227 20.4996
      vertex -62.9163 8.01313 21.819
    endloop
  endfacet
  facet normal 3.09828e-05 -0.788013 0.615659
    outer loop
      vertex -63.2985 8.68554 22.6797
      vertex -63.2985 6.98227 20.4996
      vertex -63.1575 8.52843 22.4786
    endloop
  endfacet
  facet normal 0.578731 0.502078 0.642642
    outer loop
      vertex -67.1211 5.00639 21.2191
      vertex -66.8833 6.47854 19.8548
      vertex -67.1211 6.58241 19.9878
    endloop
  endfacet
  facet normal 0.578551 0.502182 0.642722
    outer loop
      vertex -66.8833 6.47854 19.8548
      vertex -67.1211 5.00639 21.2191
      vertex -66.8833 4.90252 21.0862
    endloop
  endfacet
  facet normal 0.666364 0.459046 0.587567
    outer loop
      vertex -67.3385 5.126 21.3722
      vertex -67.1211 6.58241 19.9878
      vertex -67.3385 6.70203 20.1409
    endloop
  endfacet
  facet normal 0.666353 0.459055 0.587574
    outer loop
      vertex -67.1211 6.58241 19.9878
      vertex -67.3385 5.126 21.3722
      vertex -67.1211 5.00639 21.2191
    endloop
  endfacet
  facet normal 0.276881 0.591585 0.757208
    outer loop
      vertex -66.3587 4.74699 20.8871
      vertex -66.0786 6.27332 19.5922
      vertex -66.3587 6.32301 19.6558
    endloop
  endfacet
  facet normal 0.276881 0.591585 0.757208
    outer loop
      vertex -66.0786 6.27332 19.5922
      vertex -66.3587 4.74699 20.8871
      vertex -66.0786 4.6973 20.8235
    endloop
  endfacet
  facet normal -0.998436 -0.0344201 -0.0440529
    outer loop
      vertex -62.9 7.83391 21.5896
      vertex -62.9163 6.43711 23.0504
      vertex -62.9163 8.01313 21.819
    endloop
  endfacet
  facet normal -0.998436 -0.0344192 -0.0440521
    outer loop
      vertex -62.9163 6.43711 23.0504
      vertex -62.9 7.83391 21.5896
      vertex -62.9 6.25788 22.821
    endloop
  endfacet
  facet normal 0.923864 -0.235623 -0.30159
    outer loop
      vertex -67.8425 6.95241 23.7099
      vertex -67.9541 8.36259 22.2663
      vertex -67.8425 8.52843 22.4786
    endloop
  endfacet
  facet normal 0.923864 -0.235623 -0.30159
    outer loop
      vertex -67.9541 8.36259 22.2663
      vertex -67.8425 6.95241 23.7099
      vertex -67.9541 6.78657 23.4976
    endloop
  endfacet
  facet normal -0.382604 -0.568811 -0.728058
    outer loop
      vertex -64.6413 7.76878 24.7548
      vertex -64.3719 9.2761 23.4356
      vertex -64.3719 7.70008 24.6669
    endloop
  endfacet
  facet normal -0.382604 -0.568811 -0.728058
    outer loop
      vertex -64.3719 9.2761 23.4356
      vertex -64.6413 7.76878 24.7548
      vertex -64.6413 9.3448 23.5235
    endloop
  endfacet
  facet normal -0.276881 -0.591585 -0.757208
    outer loop
      vertex -64.9214 7.81847 24.8184
      vertex -64.6413 9.3448 23.5235
      vertex -64.6413 7.76878 24.7548
    endloop
  endfacet
  facet normal -0.276881 -0.591585 -0.757208
    outer loop
      vertex -64.6413 9.3448 23.5235
      vertex -64.9214 7.81847 24.8184
      vertex -64.9214 9.39449 23.5871
    endloop
  endfacet
  facet normal -0.382604 0.568811 0.728058
    outer loop
      vertex -64.6413 6.32301 19.6558
      vertex -64.3719 4.81569 20.975
      vertex -64.3719 6.39171 19.7437
    endloop
  endfacet
  facet normal -0.382604 0.568811 0.728058
    outer loop
      vertex -64.3719 4.81569 20.975
      vertex -64.6413 6.32301 19.6558
      vertex -64.6413 4.74699 20.8871
    endloop
  endfacet
  facet normal 0.483619 0.538897 0.689713
    outer loop
      vertex -66.8833 4.90252 21.0862
      vertex -66.6281 6.39171 19.7437
      vertex -66.8833 6.47854 19.8548
    endloop
  endfacet
  facet normal 0.483826 0.538799 0.689644
    outer loop
      vertex -66.6281 6.39171 19.7437
      vertex -66.8833 4.90252 21.0862
      vertex -66.6281 4.81569 20.975
    endloop
  endfacet
  facet normal -0.985836 -0.103259 -0.132157
    outer loop
      vertex -62.9163 8.01313 21.819
      vertex -62.9652 6.61408 23.2769
      vertex -62.9652 8.1901 22.0455
    endloop
  endfacet
  facet normal -0.985836 -0.103259 -0.132157
    outer loop
      vertex -62.9652 6.61408 23.2769
      vertex -62.9163 8.01313 21.819
      vertex -62.9163 6.43711 23.0504
    endloop
  endfacet
  facet normal -0.666353 -0.459055 -0.587574
    outer loop
      vertex -63.6615 8.96579 23.0384
      vertex -63.8789 7.50938 24.4228
      vertex -63.8789 9.0854 23.1915
    endloop
  endfacet
  facet normal -0.666364 -0.459046 -0.587567
    outer loop
      vertex -63.8789 7.50938 24.4228
      vertex -63.6615 8.96579 23.0384
      vertex -63.6615 7.38976 24.2697
    endloop
  endfacet
  facet normal -0.923864 -0.235623 -0.30159
    outer loop
      vertex -63.0459 8.36259 22.2663
      vertex -63.1575 6.95241 23.7099
      vertex -63.1575 8.52843 22.4786
    endloop
  endfacet
  facet normal -0.923864 -0.235623 -0.30159
    outer loop
      vertex -63.1575 6.95241 23.7099
      vertex -63.0459 8.36259 22.2663
      vertex -63.0459 6.78657 23.4976
    endloop
  endfacet
  facet normal -0.815613 -0.356216 -0.455944
    outer loop
      vertex -63.2985 8.68554 22.6797
      vertex -63.4672 7.25592 24.0984
      vertex -63.4672 8.83194 22.8671
    endloop
  endfacet
  facet normal -0.815613 -0.356216 -0.455944
    outer loop
      vertex -63.4672 7.25592 24.0984
      vertex -63.2985 8.68554 22.6797
      vertex -63.2985 7.10952 23.911
    endloop
  endfacet
  facet normal 0.745598 -0.410269 -0.525132
    outer loop
      vertex -67.3385 7.38976 24.2697
      vertex -67.5328 8.83194 22.8671
      vertex -67.3385 8.96579 23.0384
    endloop
  endfacet
  facet normal 0.745588 -0.410277 -0.525139
    outer loop
      vertex -67.5328 8.83194 22.8671
      vertex -67.3385 7.38976 24.2697
      vertex -67.5328 7.25592 24.0984
    endloop
  endfacet
  facet normal 0.960936 -0.170394 -0.218099
    outer loop
      vertex -67.9541 6.78657 23.4976
      vertex -68.0348 8.1901 22.0455
      vertex -67.9541 8.36259 22.2663
    endloop
  endfacet
  facet normal 0.960916 -0.170447 -0.218149
    outer loop
      vertex -68.0348 8.1901 22.0455
      vertex -67.9541 6.78657 23.4976
      vertex -68.0348 6.61408 23.2769
    endloop
  endfacet
  facet normal 0.998417 -0.0346306 -0.0443223
    outer loop
      vertex -68.0836 6.43711 23.0504
      vertex -68.1 7.83391 21.5896
      vertex -68.0836 8.01313 21.819
    endloop
  endfacet
  facet normal 0.998417 -0.0346297 -0.0443215
    outer loop
      vertex -68.1 7.83391 21.5896
      vertex -68.0836 6.43711 23.0504
      vertex -68.1 6.25788 22.821
    endloop
  endfacet
  facet normal -0.483826 -0.538799 -0.689644
    outer loop
      vertex -64.3719 7.70008 24.6669
      vertex -64.1167 9.18927 23.3244
      vertex -64.1167 7.61325 24.5557
    endloop
  endfacet
  facet normal -0.483826 -0.538799 -0.689644
    outer loop
      vertex -64.1167 9.18927 23.3244
      vertex -64.3719 7.70008 24.6669
      vertex -64.3719 9.2761 23.4356
    endloop
  endfacet
  facet normal -0.960936 -0.170394 -0.218099
    outer loop
      vertex -62.9652 8.1901 22.0455
      vertex -63.0459 6.78657 23.4976
      vertex -63.0459 8.36259 22.2663
    endloop
  endfacet
  facet normal -0.960916 -0.170447 -0.218149
    outer loop
      vertex -63.0459 6.78657 23.4976
      vertex -62.9652 8.1901 22.0455
      vertex -62.9652 6.61408 23.2769
    endloop
  endfacet
  facet normal -0.875284 -0.297737 -0.381092
    outer loop
      vertex -63.1575 8.52843 22.4786
      vertex -63.2985 7.10952 23.911
      vertex -63.2985 8.68554 22.6797
    endloop
  endfacet
  facet normal -0.875284 -0.297737 -0.381092
    outer loop
      vertex -63.2985 7.10952 23.911
      vertex -63.1575 8.52843 22.4786
      vertex -63.1575 6.95241 23.7099
    endloop
  endfacet
  facet normal -0.0561083 -0.614685 -0.786775
    outer loop
      vertex -65.5 7.8586 24.8698
      vertex -65.2089 9.42456 23.6256
      vertex -65.2089 7.84854 24.8569
    endloop
  endfacet
  facet normal -0.0561293 -0.614682 -0.786776
    outer loop
      vertex -65.2089 9.42456 23.6256
      vertex -65.5 7.8586 24.8698
      vertex -65.5 9.43463 23.6385
    endloop
  endfacet
  facet normal 0.0561083 -0.614685 -0.786775
    outer loop
      vertex -65.7911 9.42456 23.6256
      vertex -65.5 7.8586 24.8698
      vertex -65.7911 7.84854 24.8569
    endloop
  endfacet
  facet normal 0.0561293 -0.614682 -0.786776
    outer loop
      vertex -65.5 7.8586 24.8698
      vertex -65.7911 9.42456 23.6256
      vertex -65.5 9.43463 23.6385
    endloop
  endfacet
  facet normal 0.167517 -0.606955 -0.776881
    outer loop
      vertex -66.0786 9.39449 23.5871
      vertex -65.7911 7.84854 24.8569
      vertex -66.0786 7.81847 24.8184
    endloop
  endfacet
  facet normal 0.167517 -0.606955 -0.776881
    outer loop
      vertex -65.7911 7.84854 24.8569
      vertex -66.0786 9.39449 23.5871
      vertex -65.7911 9.42456 23.6256
    endloop
  endfacet
  facet normal 0.578551 -0.502156 -0.642742
    outer loop
      vertex -67.1211 9.0854 23.1915
      vertex -66.8833 7.61325 24.5557
      vertex -67.1211 7.50938 24.4228
    endloop
  endfacet
  facet normal 0.578551 -0.502156 -0.642742
    outer loop
      vertex -66.8833 7.61325 24.5557
      vertex -67.1211 9.0854 23.1915
      vertex -66.8833 9.18927 23.3244
    endloop
  endfacet
  facet normal 0.666353 -0.459055 -0.587574
    outer loop
      vertex -67.1211 7.50938 24.4228
      vertex -67.3385 8.96579 23.0384
      vertex -67.1211 9.0854 23.1915
    endloop
  endfacet
  facet normal 0.666364 -0.459046 -0.587567
    outer loop
      vertex -67.3385 8.96579 23.0384
      vertex -67.1211 7.50938 24.4228
      vertex -67.3385 7.38976 24.2697
    endloop
  endfacet
  facet normal 0.815613 -0.356216 -0.455944
    outer loop
      vertex -67.5328 7.25592 24.0984
      vertex -67.7015 8.68554 22.6797
      vertex -67.5328 8.83194 22.8671
    endloop
  endfacet
  facet normal 0.815613 -0.356216 -0.455944
    outer loop
      vertex -67.7015 8.68554 22.6797
      vertex -67.5328 7.25592 24.0984
      vertex -67.7015 7.10952 23.911
    endloop
  endfacet
  facet normal 0.875284 -0.297737 -0.381092
    outer loop
      vertex -67.7015 7.10952 23.911
      vertex -67.8425 8.52843 22.4786
      vertex -67.7015 8.68554 22.6797
    endloop
  endfacet
  facet normal 0.875284 -0.297737 -0.381092
    outer loop
      vertex -67.8425 8.52843 22.4786
      vertex -67.7015 7.10952 23.911
      vertex -67.8425 6.95241 23.7099
    endloop
  endfacet
  facet normal -5.00182e-05 0.788014 -0.615657
    outer loop
      vertex -65.5 4.65716 20.7721
      vertex -65.5 7.8586 24.8698
      vertex -65.2089 7.84854 24.8569
    endloop
  endfacet
  facet normal -2.58495e-05 0.788011 -0.615661
    outer loop
      vertex -65.2089 4.66723 20.785
      vertex -65.2089 7.84854 24.8569
      vertex -64.9214 7.81847 24.8184
    endloop
  endfacet
  facet normal 5.00182e-05 0.788014 -0.615657
    outer loop
      vertex -65.5 7.8586 24.8698
      vertex -65.5 4.65716 20.7721
      vertex -65.7911 7.84854 24.8569
    endloop
  endfacet
  facet normal 1.19014e-07 0.78801 -0.615663
    outer loop
      vertex -64.9214 4.6973 20.8235
      vertex -64.9214 7.81847 24.8184
      vertex -64.6413 7.76878 24.7548
    endloop
  endfacet
  facet normal -2.3179e-05 0.788011 -0.615661
    outer loop
      vertex -65.7911 4.66723 20.785
      vertex -65.7911 7.84854 24.8569
      vertex -65.5 4.65716 20.7721
    endloop
  endfacet
  facet normal 7.23372e-05 0.78801 -0.615663
    outer loop
      vertex -64.6413 4.74699 20.8871
      vertex -64.6413 7.76878 24.7548
      vertex -64.3719 7.70008 24.6669
    endloop
  endfacet
  facet normal 2.58495e-05 0.788011 -0.615661
    outer loop
      vertex -65.7911 7.84854 24.8569
      vertex -65.7911 4.66723 20.785
      vertex -66.0786 7.81847 24.8184
    endloop
  endfacet
  facet normal -0.000147614 0.788015 -0.615656
    outer loop
      vertex -64.3719 4.81569 20.975
      vertex -64.3719 7.70008 24.6669
      vertex -64.1167 7.61325 24.5557
    endloop
  endfacet
  facet normal -2.63476e-05 0.78801 -0.615663
    outer loop
      vertex -66.0786 4.6973 20.8235
      vertex -66.0786 7.81847 24.8184
      vertex -65.7911 4.66723 20.785
    endloop
  endfacet
  facet normal 0.000115518 0.788004 -0.61567
    outer loop
      vertex -64.1167 4.90252 21.0862
      vertex -64.1167 7.61325 24.5557
      vertex -63.8789 7.50938 24.4228
    endloop
  endfacet
  facet normal -1.19014e-07 0.78801 -0.615663
    outer loop
      vertex -66.0786 7.81847 24.8184
      vertex -66.0786 4.6973 20.8235
      vertex -66.3587 7.76878 24.7548
    endloop
  endfacet
  facet normal 2.12989e-05 0.788013 -0.615659
    outer loop
      vertex -63.8789 5.00639 21.2191
      vertex -63.8789 7.50938 24.4228
      vertex -63.6615 7.38976 24.2697
    endloop
  endfacet
  facet normal 1.22928e-07 0.78801 -0.615663
    outer loop
      vertex -66.3587 4.74699 20.8871
      vertex -66.3587 7.76878 24.7548
      vertex -66.0786 4.6973 20.8235
    endloop
  endfacet
  facet normal 2.70311e-05 0.788013 -0.615659
    outer loop
      vertex -63.6615 5.126 21.3722
      vertex -63.6615 7.38976 24.2697
      vertex -63.4672 7.25592 24.0984
    endloop
  endfacet
  facet normal -7.23372e-05 0.78801 -0.615663
    outer loop
      vertex -66.3587 7.76878 24.7548
      vertex -66.3587 4.74699 20.8871
      vertex -66.6281 7.70008 24.6669
    endloop
  endfacet
  facet normal -4.78245e-05 0.788016 -0.615654
    outer loop
      vertex -63.4672 5.25985 21.5435
      vertex -63.4672 7.25592 24.0984
      vertex -63.2985 7.10952 23.911
    endloop
  endfacet
  facet normal 7.57822e-05 0.788015 -0.615656
    outer loop
      vertex -66.6281 4.81569 20.975
      vertex -66.6281 7.70008 24.6669
      vertex -66.3587 4.74699 20.8871
    endloop
  endfacet
  facet normal -3.09828e-05 0.788013 -0.615659
    outer loop
      vertex -63.2985 5.40625 21.7309
      vertex -63.2985 7.10952 23.911
      vertex -63.1575 6.95241 23.7099
    endloop
  endfacet
  facet normal 0.000147614 0.788015 -0.615656
    outer loop
      vertex -66.6281 7.70008 24.6669
      vertex -66.6281 4.81569 20.975
      vertex -66.8833 7.61325 24.5557
    endloop
  endfacet
  facet normal -0.000164673 0.788017 -0.615653
    outer loop
      vertex -63.2985 5.40625 21.7309
      vertex -63.1575 6.95241 23.7099
      vertex -63.0459 6.78657 23.4976
    endloop
  endfacet
  facet normal -0.000157074 0.788004 -0.61567
    outer loop
      vertex -66.8833 4.90252 21.0862
      vertex -66.8833 7.61325 24.5557
      vertex -66.6281 4.81569 20.975
    endloop
  endfacet
  facet normal 0.00040312 0.787978 -0.615703
    outer loop
      vertex -63.2985 5.40625 21.7309
      vertex -63.0459 6.78657 23.4976
      vertex -62.9652 6.61408 23.2769
    endloop
  endfacet
  facet normal -0.000115518 0.788004 -0.61567
    outer loop
      vertex -66.8833 7.61325 24.5557
      vertex -66.8833 4.90252 21.0862
      vertex -67.1211 7.50938 24.4228
    endloop
  endfacet
  facet normal 0.000115391 0.788008 -0.615665
    outer loop
      vertex -63.2985 5.40625 21.7309
      vertex -62.9652 6.61408 23.2769
      vertex -62.9163 6.43711 23.0504
    endloop
  endfacet
  facet normal 0.000125103 0.788013 -0.615659
    outer loop
      vertex -67.1211 5.00639 21.2191
      vertex -67.1211 7.50938 24.4228
      vertex -66.8833 4.90252 21.0862
    endloop
  endfacet
  facet normal 0.0001061 0.788009 -0.615663
    outer loop
      vertex -63.2985 5.40625 21.7309
      vertex -62.9163 6.43711 23.0504
      vertex -62.9 6.25788 22.821
    endloop
  endfacet
  facet normal -2.12989e-05 0.788013 -0.615659
    outer loop
      vertex -67.1211 7.50938 24.4228
      vertex -67.1211 5.00639 21.2191
      vertex -67.3385 7.38976 24.2697
    endloop
  endfacet
  facet normal 4.06597e-05 0.788021 -0.615649
    outer loop
      vertex -63.2985 5.40625 21.7309
      vertex -62.9 6.25788 22.821
      vertex -62.9163 6.07866 22.5916
    endloop
  endfacet
  facet normal 2.3179e-05 0.788011 -0.615661
    outer loop
      vertex -65.2089 7.84854 24.8569
      vertex -65.2089 4.66723 20.785
      vertex -65.5 4.65716 20.7721
    endloop
  endfacet
  facet normal -0.000885755 0.78822 -0.615393
    outer loop
      vertex -63.2985 5.40625 21.7309
      vertex -62.9163 6.07866 22.5916
      vertex -62.9652 5.90169 22.365
    endloop
  endfacet
  facet normal -1.46127e-05 0.788013 -0.615659
    outer loop
      vertex -67.3385 5.126 21.3722
      vertex -67.3385 7.38976 24.2697
      vertex -67.1211 5.00639 21.2191
    endloop
  endfacet
  facet normal 0.00113651 0.787704 -0.616053
    outer loop
      vertex -63.2985 5.40625 21.7309
      vertex -62.9652 5.90169 22.365
      vertex -63.0459 5.7292 22.1443
    endloop
  endfacet
  facet normal -2.70311e-05 0.788013 -0.615659
    outer loop
      vertex -67.3385 7.38976 24.2697
      vertex -67.3385 5.126 21.3722
      vertex -67.5328 7.25592 24.0984
    endloop
  endfacet
  facet normal -0.000423882 0.788167 -0.615461
    outer loop
      vertex -63.2985 5.40625 21.7309
      vertex -63.0459 5.7292 22.1443
      vertex -63.1575 5.56336 21.932
    endloop
  endfacet
  facet normal 7.39319e-05 0.788016 -0.615654
    outer loop
      vertex -67.5328 5.25985 21.5435
      vertex -67.5328 7.25592 24.0984
      vertex -67.3385 5.126 21.3722
    endloop
  endfacet
  facet normal 5.60462e-05 0.788013 -0.615659
    outer loop
      vertex -63.2985 7.10952 23.911
      vertex -63.2985 5.40625 21.7309
      vertex -63.4672 5.25985 21.5435
    endloop
  endfacet
  facet normal 4.78245e-05 0.788016 -0.615654
    outer loop
      vertex -67.5328 7.25592 24.0984
      vertex -67.5328 5.25985 21.5435
      vertex -67.7015 7.10952 23.911
    endloop
  endfacet
  facet normal -7.39319e-05 0.788016 -0.615654
    outer loop
      vertex -63.4672 7.25592 24.0984
      vertex -63.4672 5.25985 21.5435
      vertex -63.6615 5.126 21.3722
    endloop
  endfacet
  facet normal -5.60462e-05 0.788013 -0.615659
    outer loop
      vertex -67.7015 5.40625 21.7309
      vertex -67.7015 7.10952 23.911
      vertex -67.5328 5.25985 21.5435
    endloop
  endfacet
  facet normal 1.46127e-05 0.788013 -0.615659
    outer loop
      vertex -63.6615 7.38976 24.2697
      vertex -63.6615 5.126 21.3722
      vertex -63.8789 5.00639 21.2191
    endloop
  endfacet
  facet normal 2.63476e-05 0.78801 -0.615663
    outer loop
      vertex -64.9214 7.81847 24.8184
      vertex -64.9214 4.6973 20.8235
      vertex -65.2089 4.66723 20.785
    endloop
  endfacet
  facet normal -0.000125103 0.788013 -0.615659
    outer loop
      vertex -63.8789 7.50938 24.4228
      vertex -63.8789 5.00639 21.2191
      vertex -64.1167 4.90252 21.0862
    endloop
  endfacet
  facet normal -1.22928e-07 0.78801 -0.615663
    outer loop
      vertex -64.6413 7.76878 24.7548
      vertex -64.6413 4.74699 20.8871
      vertex -64.9214 4.6973 20.8235
    endloop
  endfacet
  facet normal 0.000157074 0.788004 -0.61567
    outer loop
      vertex -64.1167 7.61325 24.5557
      vertex -64.1167 4.90252 21.0862
      vertex -64.3719 4.81569 20.975
    endloop
  endfacet
  facet normal -7.57822e-05 0.788015 -0.615656
    outer loop
      vertex -64.3719 7.70008 24.6669
      vertex -64.3719 4.81569 20.975
      vertex -64.6413 4.74699 20.8871
    endloop
  endfacet
  facet normal 0.000164673 0.788017 -0.615653
    outer loop
      vertex -67.8425 6.95241 23.7099
      vertex -67.7015 5.40625 21.7309
      vertex -67.9541 6.78657 23.4976
    endloop
  endfacet
  facet normal 0.000423882 0.788167 -0.615461
    outer loop
      vertex -67.9541 5.7292 22.1443
      vertex -67.7015 5.40625 21.7309
      vertex -67.8425 5.56336 21.932
    endloop
  endfacet
  facet normal -0.00040312 0.787978 -0.615703
    outer loop
      vertex -67.9541 6.78657 23.4976
      vertex -67.7015 5.40625 21.7309
      vertex -68.0348 6.61408 23.2769
    endloop
  endfacet
  facet normal -0.00113651 0.787704 -0.616053
    outer loop
      vertex -68.0348 5.90169 22.365
      vertex -67.7015 5.40625 21.7309
      vertex -67.9541 5.7292 22.1443
    endloop
  endfacet
  facet normal 0.000884495 0.78822 -0.615393
    outer loop
      vertex -68.0836 6.07866 22.5916
      vertex -67.7015 5.40625 21.7309
      vertex -68.0348 5.90169 22.365
    endloop
  endfacet
  facet normal -4.072e-05 0.788021 -0.615649
    outer loop
      vertex -68.1 6.25788 22.821
      vertex -67.7015 5.40625 21.7309
      vertex -68.0836 6.07866 22.5916
    endloop
  endfacet
  facet normal -0.000105995 0.788009 -0.615663
    outer loop
      vertex -68.0836 6.43711 23.0504
      vertex -67.7015 5.40625 21.7309
      vertex -68.1 6.25788 22.821
    endloop
  endfacet
  facet normal -0.000115509 0.788008 -0.615665
    outer loop
      vertex -68.0348 6.61408 23.2769
      vertex -67.7015 5.40625 21.7309
      vertex -68.0836 6.43711 23.0504
    endloop
  endfacet
  facet normal 3.09828e-05 0.788013 -0.615659
    outer loop
      vertex -67.7015 7.10952 23.911
      vertex -67.7015 5.40625 21.7309
      vertex -67.8425 6.95241 23.7099
    endloop
  endfacet
  facet normal 0.985892 -0.103054 -0.131895
    outer loop
      vertex -68.0348 6.61408 23.2769
      vertex -68.0836 8.01313 21.819
      vertex -68.0348 8.1901 22.0455
    endloop
  endfacet
  facet normal 0.985892 -0.103054 -0.131895
    outer loop
      vertex -68.0836 8.01313 21.819
      vertex -68.0348 6.61408 23.2769
      vertex -68.0836 6.43711 23.0504
    endloop
  endfacet
  facet normal -0.578551 -0.502156 -0.642742
    outer loop
      vertex -64.1167 7.61325 24.5557
      vertex -63.8789 9.0854 23.1915
      vertex -63.8789 7.50938 24.4228
    endloop
  endfacet
  facet normal -0.578551 -0.502156 -0.642742
    outer loop
      vertex -63.8789 9.0854 23.1915
      vertex -64.1167 7.61325 24.5557
      vertex -64.1167 9.18927 23.3244
    endloop
  endfacet
  facet normal -0.745598 -0.410269 -0.525132
    outer loop
      vertex -63.4672 8.83194 22.8671
      vertex -63.6615 7.38976 24.2697
      vertex -63.6615 8.96579 23.0384
    endloop
  endfacet
  facet normal -0.745588 -0.410277 -0.525139
    outer loop
      vertex -63.6615 7.38976 24.2697
      vertex -63.4672 8.83194 22.8671
      vertex -63.4672 7.25592 24.0984
    endloop
  endfacet
  facet normal 0.483826 -0.538799 -0.689644
    outer loop
      vertex -66.8833 9.18927 23.3244
      vertex -66.6281 7.70008 24.6669
      vertex -66.8833 7.61325 24.5557
    endloop
  endfacet
  facet normal 0.483826 -0.538799 -0.689644
    outer loop
      vertex -66.6281 7.70008 24.6669
      vertex -66.8833 9.18927 23.3244
      vertex -66.6281 9.2761 23.4356
    endloop
  endfacet
  facet normal 0.382604 -0.568811 -0.728058
    outer loop
      vertex -66.6281 9.2761 23.4356
      vertex -66.3587 7.76878 24.7548
      vertex -66.6281 7.70008 24.6669
    endloop
  endfacet
  facet normal 0.382604 -0.568811 -0.728058
    outer loop
      vertex -66.3587 7.76878 24.7548
      vertex -66.6281 9.2761 23.4356
      vertex -66.3587 9.3448 23.5235
    endloop
  endfacet
  facet normal 0.276881 -0.591585 -0.757208
    outer loop
      vertex -66.3587 9.3448 23.5235
      vertex -66.0786 7.81847 24.8184
      vertex -66.3587 7.76878 24.7548
    endloop
  endfacet
  facet normal 0.276881 -0.591585 -0.757208
    outer loop
      vertex -66.0786 7.81847 24.8184
      vertex -66.3587 9.3448 23.5235
      vertex -66.0786 9.39449 23.5871
    endloop
  endfacet
  facet normal -0.998436 0.0344192 0.0440521
    outer loop
      vertex -44.4163 7.65468 21.3602
      vertex -44.4 6.25788 22.821
      vertex -44.4 7.83391 21.5896
    endloop
  endfacet
  facet normal -0.998436 0.0344201 0.0440529
    outer loop
      vertex -44.4 6.25788 22.821
      vertex -44.4163 7.65468 21.3602
      vertex -44.4163 6.07866 22.5916
    endloop
  endfacet
  facet normal 0.998436 0.0344192 0.0440521
    outer loop
      vertex -49.6 6.25788 22.821
      vertex -49.5837 7.65468 21.3602
      vertex -49.6 7.83391 21.5896
    endloop
  endfacet
  facet normal 0.998436 0.0344201 0.0440529
    outer loop
      vertex -49.5837 7.65468 21.3602
      vertex -49.6 6.25788 22.821
      vertex -49.5837 6.07866 22.5916
    endloop
  endfacet
  facet normal 0.0561083 0.614685 0.786775
    outer loop
      vertex -47.2911 4.66723 20.785
      vertex -47 6.23319 19.5408
      vertex -47.2911 6.24325 19.5537
    endloop
  endfacet
  facet normal 0.0561293 0.614682 0.786776
    outer loop
      vertex -47 6.23319 19.5408
      vertex -47.2911 4.66723 20.785
      vertex -47 4.65716 20.7721
    endloop
  endfacet
  facet normal -0.666364 0.459046 0.587567
    outer loop
      vertex -45.3789 6.58241 19.9878
      vertex -45.1615 5.126 21.3722
      vertex -45.1615 6.70203 20.1409
    endloop
  endfacet
  facet normal -0.666353 0.459055 0.587574
    outer loop
      vertex -45.1615 5.126 21.3722
      vertex -45.3789 6.58241 19.9878
      vertex -45.3789 5.00639 21.2191
    endloop
  endfacet
  facet normal 0.745588 0.410277 0.525139
    outer loop
      vertex -49.0328 5.25985 21.5435
      vertex -48.8385 6.70203 20.1409
      vertex -49.0328 6.83587 20.3122
    endloop
  endfacet
  facet normal 0.745598 0.410269 0.525132
    outer loop
      vertex -48.8385 6.70203 20.1409
      vertex -49.0328 5.25985 21.5435
      vertex -48.8385 5.126 21.3722
    endloop
  endfacet
  facet normal 0.382604 0.568811 0.728058
    outer loop
      vertex -48.1281 4.81569 20.975
      vertex -47.8587 6.32301 19.6558
      vertex -48.1281 6.39171 19.7437
    endloop
  endfacet
  facet normal 0.382604 0.568811 0.728058
    outer loop
      vertex -47.8587 6.32301 19.6558
      vertex -48.1281 4.81569 20.975
      vertex -47.8587 4.74699 20.8871
    endloop
  endfacet
  facet normal -0.923825 0.235694 0.301656
    outer loop
      vertex -44.6575 7.13938 20.7007
      vertex -44.5459 5.7292 22.1443
      vertex -44.5459 7.30522 20.9129
    endloop
  endfacet
  facet normal -0.923864 0.235623 0.30159
    outer loop
      vertex -44.5459 5.7292 22.1443
      vertex -44.6575 7.13938 20.7007
      vertex -44.6575 5.56336 21.932
    endloop
  endfacet
  facet normal -0.985836 0.103259 0.132157
    outer loop
      vertex -44.4652 7.47771 21.1337
      vertex -44.4163 6.07866 22.5916
      vertex -44.4163 7.65468 21.3602
    endloop
  endfacet
  facet normal -0.985843 0.103226 0.132126
    outer loop
      vertex -44.4163 6.07866 22.5916
      vertex -44.4652 7.47771 21.1337
      vertex -44.4652 5.90169 22.365
    endloop
  endfacet
  facet normal -0.276881 0.591585 0.757208
    outer loop
      vertex -46.4214 6.27332 19.5922
      vertex -46.1413 4.74699 20.8871
      vertex -46.1413 6.32301 19.6558
    endloop
  endfacet
  facet normal -0.276881 0.591585 0.757208
    outer loop
      vertex -46.1413 4.74699 20.8871
      vertex -46.4214 6.27332 19.5922
      vertex -46.4214 4.6973 20.8235
    endloop
  endfacet
  facet normal -0.167517 0.606955 0.776881
    outer loop
      vertex -46.7089 6.24325 19.5537
      vertex -46.4214 4.6973 20.8235
      vertex -46.4214 6.27332 19.5922
    endloop
  endfacet
  facet normal -0.167517 0.606955 0.776881
    outer loop
      vertex -46.4214 4.6973 20.8235
      vertex -46.7089 6.24325 19.5537
      vertex -46.7089 4.66723 20.785
    endloop
  endfacet
  facet normal 0.923825 0.235694 0.301656
    outer loop
      vertex -49.4541 5.7292 22.1443
      vertex -49.3425 7.13938 20.7007
      vertex -49.4541 7.30522 20.9129
    endloop
  endfacet
  facet normal 0.923864 0.235623 0.30159
    outer loop
      vertex -49.3425 7.13938 20.7007
      vertex -49.4541 5.7292 22.1443
      vertex -49.3425 5.56336 21.932
    endloop
  endfacet
  facet normal 0.875284 0.297737 0.381092
    outer loop
      vertex -49.3425 5.56336 21.932
      vertex -49.2015 6.98227 20.4996
      vertex -49.3425 7.13938 20.7007
    endloop
  endfacet
  facet normal 0.875284 0.297737 0.381092
    outer loop
      vertex -49.2015 6.98227 20.4996
      vertex -49.3425 5.56336 21.932
      vertex -49.2015 5.40625 21.7309
    endloop
  endfacet
  facet normal 0.985836 0.103259 0.132157
    outer loop
      vertex -49.5837 6.07866 22.5916
      vertex -49.5348 7.47771 21.1337
      vertex -49.5837 7.65468 21.3602
    endloop
  endfacet
  facet normal 0.985843 0.103226 0.132126
    outer loop
      vertex -49.5348 7.47771 21.1337
      vertex -49.5837 6.07866 22.5916
      vertex -49.5348 5.90169 22.365
    endloop
  endfacet
  facet normal 0.167517 0.606955 0.776881
    outer loop
      vertex -47.5786 4.6973 20.8235
      vertex -47.2911 6.24325 19.5537
      vertex -47.5786 6.27332 19.5922
    endloop
  endfacet
  facet normal 0.167517 0.606955 0.776881
    outer loop
      vertex -47.2911 6.24325 19.5537
      vertex -47.5786 4.6973 20.8235
      vertex -47.2911 4.66723 20.785
    endloop
  endfacet
  facet normal -0.167517 -0.606955 -0.776881
    outer loop
      vertex -46.7089 7.84854 24.8569
      vertex -46.4214 9.39449 23.5871
      vertex -46.4214 7.81847 24.8184
    endloop
  endfacet
  facet normal -0.167517 -0.606955 -0.776881
    outer loop
      vertex -46.4214 9.39449 23.5871
      vertex -46.7089 7.84854 24.8569
      vertex -46.7089 9.42456 23.6256
    endloop
  endfacet
  facet normal -0.960936 0.170394 0.218099
    outer loop
      vertex -44.5459 7.30522 20.9129
      vertex -44.4652 5.90169 22.365
      vertex -44.4652 7.47771 21.1337
    endloop
  endfacet
  facet normal -0.960916 0.170447 0.218149
    outer loop
      vertex -44.4652 5.90169 22.365
      vertex -44.5459 7.30522 20.9129
      vertex -44.5459 5.7292 22.1443
    endloop
  endfacet
  facet normal -0.815613 0.356216 0.455944
    outer loop
      vertex -44.9672 6.83587 20.3122
      vertex -44.7985 5.40625 21.7309
      vertex -44.7985 6.98227 20.4996
    endloop
  endfacet
  facet normal -0.815613 0.356216 0.455944
    outer loop
      vertex -44.7985 5.40625 21.7309
      vertex -44.9672 6.83587 20.3122
      vertex -44.9672 5.25985 21.5435
    endloop
  endfacet
  facet normal -0.745588 0.410277 0.525139
    outer loop
      vertex -45.1615 6.70203 20.1409
      vertex -44.9672 5.25985 21.5435
      vertex -44.9672 6.83587 20.3122
    endloop
  endfacet
  facet normal -0.745598 0.410269 0.525132
    outer loop
      vertex -44.9672 5.25985 21.5435
      vertex -45.1615 6.70203 20.1409
      vertex -45.1615 5.126 21.3722
    endloop
  endfacet
  facet normal -0.875284 0.297737 0.381092
    outer loop
      vertex -44.7985 6.98227 20.4996
      vertex -44.6575 5.56336 21.932
      vertex -44.6575 7.13938 20.7007
    endloop
  endfacet
  facet normal -0.875284 0.297737 0.381092
    outer loop
      vertex -44.6575 5.56336 21.932
      vertex -44.7985 6.98227 20.4996
      vertex -44.7985 5.40625 21.7309
    endloop
  endfacet
  facet normal -0.578731 0.502078 0.642642
    outer loop
      vertex -45.6167 6.47854 19.8548
      vertex -45.3789 5.00639 21.2191
      vertex -45.3789 6.58241 19.9878
    endloop
  endfacet
  facet normal -0.578551 0.502182 0.642722
    outer loop
      vertex -45.3789 5.00639 21.2191
      vertex -45.6167 6.47854 19.8548
      vertex -45.6167 4.90252 21.0862
    endloop
  endfacet
  facet normal -0.483619 0.538897 0.689713
    outer loop
      vertex -45.8719 6.39171 19.7437
      vertex -45.6167 4.90252 21.0862
      vertex -45.6167 6.47854 19.8548
    endloop
  endfacet
  facet normal -0.483826 0.538799 0.689644
    outer loop
      vertex -45.6167 4.90252 21.0862
      vertex -45.8719 6.39171 19.7437
      vertex -45.8719 4.81569 20.975
    endloop
  endfacet
  facet normal -2.29479e-05 -0.788014 0.615657
    outer loop
      vertex -47 6.23319 19.5408
      vertex -47 9.43463 23.6385
      vertex -47.2911 9.42456 23.6256
    endloop
  endfacet
  facet normal -2.58495e-05 -0.788011 0.615661
    outer loop
      vertex -47.2911 6.24325 19.5537
      vertex -47.2911 9.42456 23.6256
      vertex -47.5786 9.39449 23.5871
    endloop
  endfacet
  facet normal 2.29479e-05 -0.788014 0.615657
    outer loop
      vertex -47 9.43463 23.6385
      vertex -47 6.23319 19.5408
      vertex -46.7089 9.42456 23.6256
    endloop
  endfacet
  facet normal 1.19014e-07 -0.78801 0.615663
    outer loop
      vertex -47.5786 6.27332 19.5922
      vertex -47.5786 9.39449 23.5871
      vertex -47.8587 9.3448 23.5235
    endloop
  endfacet
  facet normal -5.02492e-05 -0.788011 0.615661
    outer loop
      vertex -46.7089 6.24325 19.5537
      vertex -46.7089 9.42456 23.6256
      vertex -47 6.23319 19.5408
    endloop
  endfacet
  facet normal 7.23372e-05 -0.78801 0.615663
    outer loop
      vertex -47.8587 6.32301 19.6558
      vertex -47.8587 9.3448 23.5235
      vertex -48.1281 9.2761 23.4356
    endloop
  endfacet
  facet normal 2.58495e-05 -0.788011 0.615661
    outer loop
      vertex -46.7089 9.42456 23.6256
      vertex -46.7089 6.24325 19.5537
      vertex -46.4214 9.39449 23.5871
    endloop
  endfacet
  facet normal -0.000147614 -0.788015 0.615656
    outer loop
      vertex -48.1281 6.39171 19.7437
      vertex -48.1281 9.2761 23.4356
      vertex -48.3833 9.18927 23.3244
    endloop
  endfacet
  facet normal -2.63476e-05 -0.78801 0.615663
    outer loop
      vertex -46.4214 6.27332 19.5922
      vertex -46.4214 9.39449 23.5871
      vertex -46.7089 6.24325 19.5537
    endloop
  endfacet
  facet normal 0.000125436 -0.788013 0.615659
    outer loop
      vertex -48.3833 6.47854 19.8548
      vertex -48.3833 9.18927 23.3244
      vertex -48.6211 9.0854 23.1915
    endloop
  endfacet
  facet normal -1.19014e-07 -0.78801 0.615663
    outer loop
      vertex -46.4214 9.39449 23.5871
      vertex -46.4214 6.27332 19.5922
      vertex -46.1413 9.3448 23.5235
    endloop
  endfacet
  facet normal -1.49482e-05 -0.788013 0.615659
    outer loop
      vertex -48.6211 6.58241 19.9878
      vertex -48.6211 9.0854 23.1915
      vertex -48.8385 8.96579 23.0384
    endloop
  endfacet
  facet normal 1.22928e-07 -0.78801 0.615663
    outer loop
      vertex -46.1413 6.32301 19.6558
      vertex -46.1413 9.3448 23.5235
      vertex -46.4214 6.27332 19.5922
    endloop
  endfacet
  facet normal 6.75876e-05 -0.788013 0.615659
    outer loop
      vertex -48.8385 6.70203 20.1409
      vertex -48.8385 8.96579 23.0384
      vertex -49.0328 8.83194 22.8671
    endloop
  endfacet
  facet normal -7.23372e-05 -0.78801 0.615663
    outer loop
      vertex -46.1413 9.3448 23.5235
      vertex -46.1413 6.32301 19.6558
      vertex -45.8719 9.2761 23.4356
    endloop
  endfacet
  facet normal -4.78245e-05 -0.788016 0.615654
    outer loop
      vertex -49.0328 6.83587 20.3122
      vertex -49.0328 8.83194 22.8671
      vertex -49.2015 8.68554 22.6797
    endloop
  endfacet
  facet normal 7.57822e-05 -0.788015 0.615656
    outer loop
      vertex -45.8719 6.39171 19.7437
      vertex -45.8719 9.2761 23.4356
      vertex -46.1413 6.32301 19.6558
    endloop
  endfacet
  facet normal -3.09828e-05 -0.788013 0.615659
    outer loop
      vertex -49.2015 6.98227 20.4996
      vertex -49.2015 8.68554 22.6797
      vertex -49.3425 8.52843 22.4786
    endloop
  endfacet
  facet normal 0.000147614 -0.788015 0.615656
    outer loop
      vertex -45.8719 9.2761 23.4356
      vertex -45.8719 6.39171 19.7437
      vertex -45.6167 9.18927 23.3244
    endloop
  endfacet
  facet normal -0.000164673 -0.788017 0.615653
    outer loop
      vertex -49.2015 6.98227 20.4996
      vertex -49.3425 8.52843 22.4786
      vertex -49.4541 8.36259 22.2663
    endloop
  endfacet
  facet normal 9.19023e-05 -0.788013 0.615659
    outer loop
      vertex -45.6167 6.47854 19.8548
      vertex -45.6167 9.18927 23.3244
      vertex -45.8719 6.39171 19.7437
    endloop
  endfacet
  facet normal -0.000145302 -0.788016 0.615655
    outer loop
      vertex -49.2015 6.98227 20.4996
      vertex -49.4541 8.36259 22.2663
      vertex -49.5348 8.1901 22.0455
    endloop
  endfacet
  facet normal -0.000125436 -0.788013 0.615659
    outer loop
      vertex -45.6167 9.18927 23.3244
      vertex -45.6167 6.47854 19.8548
      vertex -45.3789 9.0854 23.1915
    endloop
  endfacet
  facet normal 2.30944e-05 -0.787998 0.615677
    outer loop
      vertex -49.2015 6.98227 20.4996
      vertex -49.5348 8.1901 22.0455
      vertex -49.5837 8.01313 21.819
    endloop
  endfacet
  facet normal -0.000133795 -0.788013 0.615659
    outer loop
      vertex -45.3789 6.58241 19.9878
      vertex -45.3789 9.0854 23.1915
      vertex -45.6167 6.47854 19.8548
    endloop
  endfacet
  facet normal -0.000118481 -0.788018 0.615652
    outer loop
      vertex -49.2015 6.98227 20.4996
      vertex -49.5837 8.01313 21.819
      vertex -49.6 7.83391 21.5896
    endloop
  endfacet
  facet normal 1.49482e-05 -0.788013 0.615659
    outer loop
      vertex -45.3789 9.0854 23.1915
      vertex -45.3789 6.58241 19.9878
      vertex -45.1615 8.96579 23.0384
    endloop
  endfacet
  facet normal -5.90185e-05 -0.788008 0.615665
    outer loop
      vertex -49.2015 6.98227 20.4996
      vertex -49.6 7.83391 21.5896
      vertex -49.5837 7.65468 21.3602
    endloop
  endfacet
  facet normal 5.02492e-05 -0.788011 0.615661
    outer loop
      vertex -47.2911 9.42456 23.6256
      vertex -47.2911 6.24325 19.5537
      vertex -47 6.23319 19.5408
    endloop
  endfacet
  facet normal -8.55576e-06 -0.787997 0.615679
    outer loop
      vertex -49.2015 6.98227 20.4996
      vertex -49.5837 7.65468 21.3602
      vertex -49.5348 7.47771 21.1337
    endloop
  endfacet
  facet normal 2.16344e-05 -0.788013 0.615659
    outer loop
      vertex -45.1615 6.70203 20.1409
      vertex -45.1615 8.96579 23.0384
      vertex -45.3789 6.58241 19.9878
    endloop
  endfacet
  facet normal -0.000606137 -0.788149 0.615484
    outer loop
      vertex -49.2015 6.98227 20.4996
      vertex -49.5348 7.47771 21.1337
      vertex -49.4541 7.30522 20.9129
    endloop
  endfacet
  facet normal -6.75876e-05 -0.788013 0.615659
    outer loop
      vertex -45.1615 8.96579 23.0384
      vertex -45.1615 6.70203 20.1409
      vertex -44.9672 8.83194 22.8671
    endloop
  endfacet
  facet normal 0.00123047 -0.787604 0.616181
    outer loop
      vertex -49.2015 6.98227 20.4996
      vertex -49.4541 7.30522 20.9129
      vertex -49.3425 7.13938 20.7007
    endloop
  endfacet
  facet normal 3.33752e-05 -0.788016 0.615654
    outer loop
      vertex -44.9672 6.83587 20.3122
      vertex -44.9672 8.83194 22.8671
      vertex -45.1615 6.70203 20.1409
    endloop
  endfacet
  facet normal 5.60462e-05 -0.788013 0.615659
    outer loop
      vertex -49.2015 8.68554 22.6797
      vertex -49.2015 6.98227 20.4996
      vertex -49.0328 6.83587 20.3122
    endloop
  endfacet
  facet normal 4.78245e-05 -0.788016 0.615654
    outer loop
      vertex -44.9672 8.83194 22.8671
      vertex -44.9672 6.83587 20.3122
      vertex -44.7985 8.68554 22.6797
    endloop
  endfacet
  facet normal -3.33752e-05 -0.788016 0.615654
    outer loop
      vertex -49.0328 8.83194 22.8671
      vertex -49.0328 6.83587 20.3122
      vertex -48.8385 6.70203 20.1409
    endloop
  endfacet
  facet normal -5.60462e-05 -0.788013 0.615659
    outer loop
      vertex -44.7985 6.98227 20.4996
      vertex -44.7985 8.68554 22.6797
      vertex -44.9672 6.83587 20.3122
    endloop
  endfacet
  facet normal -2.16344e-05 -0.788013 0.615659
    outer loop
      vertex -48.8385 8.96579 23.0384
      vertex -48.8385 6.70203 20.1409
      vertex -48.6211 6.58241 19.9878
    endloop
  endfacet
  facet normal 2.63476e-05 -0.78801 0.615663
    outer loop
      vertex -47.5786 9.39449 23.5871
      vertex -47.5786 6.27332 19.5922
      vertex -47.2911 6.24325 19.5537
    endloop
  endfacet
  facet normal 0.000133795 -0.788013 0.615659
    outer loop
      vertex -48.6211 9.0854 23.1915
      vertex -48.6211 6.58241 19.9878
      vertex -48.3833 6.47854 19.8548
    endloop
  endfacet
  facet normal -1.22928e-07 -0.78801 0.615663
    outer loop
      vertex -47.8587 9.3448 23.5235
      vertex -47.8587 6.32301 19.6558
      vertex -47.5786 6.27332 19.5922
    endloop
  endfacet
  facet normal -9.19023e-05 -0.788013 0.615659
    outer loop
      vertex -48.3833 9.18927 23.3244
      vertex -48.3833 6.47854 19.8548
      vertex -48.1281 6.39171 19.7437
    endloop
  endfacet
  facet normal -7.57822e-05 -0.788015 0.615656
    outer loop
      vertex -48.1281 9.2761 23.4356
      vertex -48.1281 6.39171 19.7437
      vertex -47.8587 6.32301 19.6558
    endloop
  endfacet
  facet normal 0.000164673 -0.788017 0.615653
    outer loop
      vertex -44.6575 8.52843 22.4786
      vertex -44.7985 6.98227 20.4996
      vertex -44.5459 8.36259 22.2663
    endloop
  endfacet
  facet normal -0.00123047 -0.787604 0.616181
    outer loop
      vertex -44.5459 7.30522 20.9129
      vertex -44.7985 6.98227 20.4996
      vertex -44.6575 7.13938 20.7007
    endloop
  endfacet
  facet normal 0.000145302 -0.788016 0.615655
    outer loop
      vertex -44.5459 8.36259 22.2663
      vertex -44.7985 6.98227 20.4996
      vertex -44.4652 8.1901 22.0455
    endloop
  endfacet
  facet normal 0.000606137 -0.788149 0.615484
    outer loop
      vertex -44.4652 7.47771 21.1337
      vertex -44.7985 6.98227 20.4996
      vertex -44.5459 7.30522 20.9129
    endloop
  endfacet
  facet normal 8.55576e-06 -0.787997 0.615679
    outer loop
      vertex -44.4163 7.65468 21.3602
      vertex -44.7985 6.98227 20.4996
      vertex -44.4652 7.47771 21.1337
    endloop
  endfacet
  facet normal 5.90185e-05 -0.788008 0.615665
    outer loop
      vertex -44.4 7.83391 21.5896
      vertex -44.7985 6.98227 20.4996
      vertex -44.4163 7.65468 21.3602
    endloop
  endfacet
  facet normal 0.000118481 -0.788018 0.615652
    outer loop
      vertex -44.4163 8.01313 21.819
      vertex -44.7985 6.98227 20.4996
      vertex -44.4 7.83391 21.5896
    endloop
  endfacet
  facet normal -2.30944e-05 -0.787998 0.615677
    outer loop
      vertex -44.4652 8.1901 22.0455
      vertex -44.7985 6.98227 20.4996
      vertex -44.4163 8.01313 21.819
    endloop
  endfacet
  facet normal 3.09828e-05 -0.788013 0.615659
    outer loop
      vertex -44.7985 8.68554 22.6797
      vertex -44.7985 6.98227 20.4996
      vertex -44.6575 8.52843 22.4786
    endloop
  endfacet
  facet normal 0.578731 0.502078 0.642642
    outer loop
      vertex -48.6211 5.00639 21.2191
      vertex -48.3833 6.47854 19.8548
      vertex -48.6211 6.58241 19.9878
    endloop
  endfacet
  facet normal 0.578551 0.502182 0.642722
    outer loop
      vertex -48.3833 6.47854 19.8548
      vertex -48.6211 5.00639 21.2191
      vertex -48.3833 4.90252 21.0862
    endloop
  endfacet
  facet normal -0.998436 -0.0344201 -0.0440529
    outer loop
      vertex -44.4 7.83391 21.5896
      vertex -44.4163 6.43711 23.0504
      vertex -44.4163 8.01313 21.819
    endloop
  endfacet
  facet normal -0.998436 -0.0344192 -0.0440521
    outer loop
      vertex -44.4163 6.43711 23.0504
      vertex -44.4 7.83391 21.5896
      vertex -44.4 6.25788 22.821
    endloop
  endfacet
  facet normal -0.985836 -0.103259 -0.132157
    outer loop
      vertex -44.4163 8.01313 21.819
      vertex -44.4652 6.61408 23.2769
      vertex -44.4652 8.1901 22.0455
    endloop
  endfacet
  facet normal -0.985836 -0.103259 -0.132157
    outer loop
      vertex -44.4652 6.61408 23.2769
      vertex -44.4163 8.01313 21.819
      vertex -44.4163 6.43711 23.0504
    endloop
  endfacet
  facet normal 0.923864 -0.235623 -0.30159
    outer loop
      vertex -49.3425 6.95241 23.7099
      vertex -49.4541 8.36259 22.2663
      vertex -49.3425 8.52843 22.4786
    endloop
  endfacet
  facet normal 0.923864 -0.235623 -0.30159
    outer loop
      vertex -49.4541 8.36259 22.2663
      vertex -49.3425 6.95241 23.7099
      vertex -49.4541 6.78657 23.4976
    endloop
  endfacet
  facet normal -0.382604 -0.568811 -0.728058
    outer loop
      vertex -46.1413 7.76878 24.7548
      vertex -45.8719 9.2761 23.4356
      vertex -45.8719 7.70008 24.6669
    endloop
  endfacet
  facet normal -0.382604 -0.568811 -0.728058
    outer loop
      vertex -45.8719 9.2761 23.4356
      vertex -46.1413 7.76878 24.7548
      vertex -46.1413 9.3448 23.5235
    endloop
  endfacet
  facet normal -0.276881 -0.591585 -0.757208
    outer loop
      vertex -46.4214 7.81847 24.8184
      vertex -46.1413 9.3448 23.5235
      vertex -46.1413 7.76878 24.7548
    endloop
  endfacet
  facet normal -0.276881 -0.591585 -0.757208
    outer loop
      vertex -46.1413 9.3448 23.5235
      vertex -46.4214 7.81847 24.8184
      vertex -46.4214 9.39449 23.5871
    endloop
  endfacet
  facet normal -0.0561083 0.614685 0.786775
    outer loop
      vertex -47 6.23319 19.5408
      vertex -46.7089 4.66723 20.785
      vertex -46.7089 6.24325 19.5537
    endloop
  endfacet
  facet normal -0.0561293 0.614682 0.786776
    outer loop
      vertex -46.7089 4.66723 20.785
      vertex -47 6.23319 19.5408
      vertex -47 4.65716 20.7721
    endloop
  endfacet
  facet normal -0.382604 0.568811 0.728058
    outer loop
      vertex -46.1413 6.32301 19.6558
      vertex -45.8719 4.81569 20.975
      vertex -45.8719 6.39171 19.7437
    endloop
  endfacet
  facet normal -0.382604 0.568811 0.728058
    outer loop
      vertex -45.8719 4.81569 20.975
      vertex -46.1413 6.32301 19.6558
      vertex -46.1413 4.74699 20.8871
    endloop
  endfacet
  facet normal 0.815613 0.356216 0.455944
    outer loop
      vertex -49.2015 5.40625 21.7309
      vertex -49.0328 6.83587 20.3122
      vertex -49.2015 6.98227 20.4996
    endloop
  endfacet
  facet normal 0.815613 0.356216 0.455944
    outer loop
      vertex -49.0328 6.83587 20.3122
      vertex -49.2015 5.40625 21.7309
      vertex -49.0328 5.25985 21.5435
    endloop
  endfacet
  facet normal 0.960936 0.170394 0.218099
    outer loop
      vertex -49.5348 5.90169 22.365
      vertex -49.4541 7.30522 20.9129
      vertex -49.5348 7.47771 21.1337
    endloop
  endfacet
  facet normal 0.960916 0.170447 0.218149
    outer loop
      vertex -49.4541 7.30522 20.9129
      vertex -49.5348 5.90169 22.365
      vertex -49.4541 5.7292 22.1443
    endloop
  endfacet
  facet normal 0.666364 0.459046 0.587567
    outer loop
      vertex -48.8385 5.126 21.3722
      vertex -48.6211 6.58241 19.9878
      vertex -48.8385 6.70203 20.1409
    endloop
  endfacet
  facet normal 0.666353 0.459055 0.587574
    outer loop
      vertex -48.6211 6.58241 19.9878
      vertex -48.8385 5.126 21.3722
      vertex -48.6211 5.00639 21.2191
    endloop
  endfacet
  facet normal 0.483619 0.538897 0.689713
    outer loop
      vertex -48.3833 4.90252 21.0862
      vertex -48.1281 6.39171 19.7437
      vertex -48.3833 6.47854 19.8548
    endloop
  endfacet
  facet normal 0.483826 0.538799 0.689644
    outer loop
      vertex -48.1281 6.39171 19.7437
      vertex -48.3833 4.90252 21.0862
      vertex -48.1281 4.81569 20.975
    endloop
  endfacet
  facet normal 0.276881 0.591585 0.757208
    outer loop
      vertex -47.8587 4.74699 20.8871
      vertex -47.5786 6.27332 19.5922
      vertex -47.8587 6.32301 19.6558
    endloop
  endfacet
  facet normal 0.276881 0.591585 0.757208
    outer loop
      vertex -47.5786 6.27332 19.5922
      vertex -47.8587 4.74699 20.8871
      vertex -47.5786 4.6973 20.8235
    endloop
  endfacet
  facet normal -0.666353 -0.459055 -0.587574
    outer loop
      vertex -45.1615 8.96579 23.0384
      vertex -45.3789 7.50938 24.4228
      vertex -45.3789 9.0854 23.1915
    endloop
  endfacet
  facet normal -0.666364 -0.459046 -0.587567
    outer loop
      vertex -45.3789 7.50938 24.4228
      vertex -45.1615 8.96579 23.0384
      vertex -45.1615 7.38976 24.2697
    endloop
  endfacet
  facet normal -0.923864 -0.235623 -0.30159
    outer loop
      vertex -44.5459 8.36259 22.2663
      vertex -44.6575 6.95241 23.7099
      vertex -44.6575 8.52843 22.4786
    endloop
  endfacet
  facet normal -0.923864 -0.235623 -0.30159
    outer loop
      vertex -44.6575 6.95241 23.7099
      vertex -44.5459 8.36259 22.2663
      vertex -44.5459 6.78657 23.4976
    endloop
  endfacet
  facet normal -0.815613 -0.356216 -0.455944
    outer loop
      vertex -44.7985 8.68554 22.6797
      vertex -44.9672 7.25592 24.0984
      vertex -44.9672 8.83194 22.8671
    endloop
  endfacet
  facet normal -0.815613 -0.356216 -0.455944
    outer loop
      vertex -44.9672 7.25592 24.0984
      vertex -44.7985 8.68554 22.6797
      vertex -44.7985 7.10952 23.911
    endloop
  endfacet
  facet normal 0.745598 -0.410269 -0.525132
    outer loop
      vertex -48.8385 7.38976 24.2697
      vertex -49.0328 8.83194 22.8671
      vertex -48.8385 8.96579 23.0384
    endloop
  endfacet
  facet normal 0.745588 -0.410277 -0.525139
    outer loop
      vertex -49.0328 8.83194 22.8671
      vertex -48.8385 7.38976 24.2697
      vertex -49.0328 7.25592 24.0984
    endloop
  endfacet
  facet normal 0.960936 -0.170394 -0.218099
    outer loop
      vertex -49.4541 6.78657 23.4976
      vertex -49.5348 8.1901 22.0455
      vertex -49.4541 8.36259 22.2663
    endloop
  endfacet
  facet normal 0.960916 -0.170447 -0.218149
    outer loop
      vertex -49.5348 8.1901 22.0455
      vertex -49.4541 6.78657 23.4976
      vertex -49.5348 6.61408 23.2769
    endloop
  endfacet
  facet normal 0.998436 -0.0344201 -0.0440529
    outer loop
      vertex -49.5837 6.43711 23.0504
      vertex -49.6 7.83391 21.5896
      vertex -49.5837 8.01313 21.819
    endloop
  endfacet
  facet normal 0.998436 -0.0344192 -0.0440521
    outer loop
      vertex -49.6 7.83391 21.5896
      vertex -49.5837 6.43711 23.0504
      vertex -49.6 6.25788 22.821
    endloop
  endfacet
  facet normal -0.483826 -0.538799 -0.689644
    outer loop
      vertex -45.8719 7.70008 24.6669
      vertex -45.6167 9.18927 23.3244
      vertex -45.6167 7.61325 24.5557
    endloop
  endfacet
  facet normal -0.483826 -0.538799 -0.689644
    outer loop
      vertex -45.6167 9.18927 23.3244
      vertex -45.8719 7.70008 24.6669
      vertex -45.8719 9.2761 23.4356
    endloop
  endfacet
  facet normal -0.960936 -0.170394 -0.218099
    outer loop
      vertex -44.4652 8.1901 22.0455
      vertex -44.5459 6.78657 23.4976
      vertex -44.5459 8.36259 22.2663
    endloop
  endfacet
  facet normal -0.960916 -0.170447 -0.218149
    outer loop
      vertex -44.5459 6.78657 23.4976
      vertex -44.4652 8.1901 22.0455
      vertex -44.4652 6.61408 23.2769
    endloop
  endfacet
  facet normal -0.875284 -0.297737 -0.381092
    outer loop
      vertex -44.6575 8.52843 22.4786
      vertex -44.7985 7.10952 23.911
      vertex -44.7985 8.68554 22.6797
    endloop
  endfacet
  facet normal -0.875284 -0.297737 -0.381092
    outer loop
      vertex -44.7985 7.10952 23.911
      vertex -44.6575 8.52843 22.4786
      vertex -44.6575 6.95241 23.7099
    endloop
  endfacet
  facet normal -0.0561083 -0.614685 -0.786775
    outer loop
      vertex -47 7.8586 24.8698
      vertex -46.7089 9.42456 23.6256
      vertex -46.7089 7.84854 24.8569
    endloop
  endfacet
  facet normal -0.0561293 -0.614682 -0.786776
    outer loop
      vertex -46.7089 9.42456 23.6256
      vertex -47 7.8586 24.8698
      vertex -47 9.43463 23.6385
    endloop
  endfacet
  facet normal 0.0561083 -0.614685 -0.786775
    outer loop
      vertex -47.2911 9.42456 23.6256
      vertex -47 7.8586 24.8698
      vertex -47.2911 7.84854 24.8569
    endloop
  endfacet
  facet normal 0.0561293 -0.614682 -0.786776
    outer loop
      vertex -47 7.8586 24.8698
      vertex -47.2911 9.42456 23.6256
      vertex -47 9.43463 23.6385
    endloop
  endfacet
  facet normal 0.167517 -0.606955 -0.776881
    outer loop
      vertex -47.5786 9.39449 23.5871
      vertex -47.2911 7.84854 24.8569
      vertex -47.5786 7.81847 24.8184
    endloop
  endfacet
  facet normal 0.167517 -0.606955 -0.776881
    outer loop
      vertex -47.2911 7.84854 24.8569
      vertex -47.5786 9.39449 23.5871
      vertex -47.2911 9.42456 23.6256
    endloop
  endfacet
  facet normal 0.578551 -0.502156 -0.642742
    outer loop
      vertex -48.6211 9.0854 23.1915
      vertex -48.3833 7.61325 24.5557
      vertex -48.6211 7.50938 24.4228
    endloop
  endfacet
  facet normal 0.578551 -0.502156 -0.642742
    outer loop
      vertex -48.3833 7.61325 24.5557
      vertex -48.6211 9.0854 23.1915
      vertex -48.3833 9.18927 23.3244
    endloop
  endfacet
  facet normal 0.666353 -0.459055 -0.587574
    outer loop
      vertex -48.6211 7.50938 24.4228
      vertex -48.8385 8.96579 23.0384
      vertex -48.6211 9.0854 23.1915
    endloop
  endfacet
  facet normal 0.666364 -0.459046 -0.587567
    outer loop
      vertex -48.8385 8.96579 23.0384
      vertex -48.6211 7.50938 24.4228
      vertex -48.8385 7.38976 24.2697
    endloop
  endfacet
  facet normal 0.875284 -0.297737 -0.381092
    outer loop
      vertex -49.2015 7.10952 23.911
      vertex -49.3425 8.52843 22.4786
      vertex -49.2015 8.68554 22.6797
    endloop
  endfacet
  facet normal 0.875284 -0.297737 -0.381092
    outer loop
      vertex -49.3425 8.52843 22.4786
      vertex -49.2015 7.10952 23.911
      vertex -49.3425 6.95241 23.7099
    endloop
  endfacet
  facet normal -5.00182e-05 0.788014 -0.615657
    outer loop
      vertex -47 4.65716 20.7721
      vertex -47 7.8586 24.8698
      vertex -46.7089 7.84854 24.8569
    endloop
  endfacet
  facet normal -2.58495e-05 0.788011 -0.615661
    outer loop
      vertex -46.7089 4.66723 20.785
      vertex -46.7089 7.84854 24.8569
      vertex -46.4214 7.81847 24.8184
    endloop
  endfacet
  facet normal 5.00182e-05 0.788014 -0.615657
    outer loop
      vertex -47 7.8586 24.8698
      vertex -47 4.65716 20.7721
      vertex -47.2911 7.84854 24.8569
    endloop
  endfacet
  facet normal 1.19014e-07 0.78801 -0.615663
    outer loop
      vertex -46.4214 4.6973 20.8235
      vertex -46.4214 7.81847 24.8184
      vertex -46.1413 7.76878 24.7548
    endloop
  endfacet
  facet normal -2.3179e-05 0.788011 -0.615661
    outer loop
      vertex -47.2911 4.66723 20.785
      vertex -47.2911 7.84854 24.8569
      vertex -47 4.65716 20.7721
    endloop
  endfacet
  facet normal 7.23372e-05 0.78801 -0.615663
    outer loop
      vertex -46.1413 4.74699 20.8871
      vertex -46.1413 7.76878 24.7548
      vertex -45.8719 7.70008 24.6669
    endloop
  endfacet
  facet normal 2.58495e-05 0.788011 -0.615661
    outer loop
      vertex -47.2911 7.84854 24.8569
      vertex -47.2911 4.66723 20.785
      vertex -47.5786 7.81847 24.8184
    endloop
  endfacet
  facet normal -0.000147614 0.788015 -0.615656
    outer loop
      vertex -45.8719 4.81569 20.975
      vertex -45.8719 7.70008 24.6669
      vertex -45.6167 7.61325 24.5557
    endloop
  endfacet
  facet normal -2.63476e-05 0.78801 -0.615663
    outer loop
      vertex -47.5786 4.6973 20.8235
      vertex -47.5786 7.81847 24.8184
      vertex -47.2911 4.66723 20.785
    endloop
  endfacet
  facet normal 0.000115518 0.788004 -0.61567
    outer loop
      vertex -45.6167 4.90252 21.0862
      vertex -45.6167 7.61325 24.5557
      vertex -45.3789 7.50938 24.4228
    endloop
  endfacet
  facet normal -1.19014e-07 0.78801 -0.615663
    outer loop
      vertex -47.5786 7.81847 24.8184
      vertex -47.5786 4.6973 20.8235
      vertex -47.8587 7.76878 24.7548
    endloop
  endfacet
  facet normal 2.12989e-05 0.788013 -0.615659
    outer loop
      vertex -45.3789 5.00639 21.2191
      vertex -45.3789 7.50938 24.4228
      vertex -45.1615 7.38976 24.2697
    endloop
  endfacet
  facet normal 1.22928e-07 0.78801 -0.615663
    outer loop
      vertex -47.8587 4.74699 20.8871
      vertex -47.8587 7.76878 24.7548
      vertex -47.5786 4.6973 20.8235
    endloop
  endfacet
  facet normal 2.70311e-05 0.788013 -0.615659
    outer loop
      vertex -45.1615 5.126 21.3722
      vertex -45.1615 7.38976 24.2697
      vertex -44.9672 7.25592 24.0984
    endloop
  endfacet
  facet normal -7.23372e-05 0.78801 -0.615663
    outer loop
      vertex -47.8587 7.76878 24.7548
      vertex -47.8587 4.74699 20.8871
      vertex -48.1281 7.70008 24.6669
    endloop
  endfacet
  facet normal -4.78245e-05 0.788016 -0.615654
    outer loop
      vertex -44.9672 5.25985 21.5435
      vertex -44.9672 7.25592 24.0984
      vertex -44.7985 7.10952 23.911
    endloop
  endfacet
  facet normal 7.57822e-05 0.788015 -0.615656
    outer loop
      vertex -48.1281 4.81569 20.975
      vertex -48.1281 7.70008 24.6669
      vertex -47.8587 4.74699 20.8871
    endloop
  endfacet
  facet normal -3.09828e-05 0.788013 -0.615659
    outer loop
      vertex -44.7985 5.40625 21.7309
      vertex -44.7985 7.10952 23.911
      vertex -44.6575 6.95241 23.7099
    endloop
  endfacet
  facet normal 0.000147614 0.788015 -0.615656
    outer loop
      vertex -48.1281 7.70008 24.6669
      vertex -48.1281 4.81569 20.975
      vertex -48.3833 7.61325 24.5557
    endloop
  endfacet
  facet normal -0.000164673 0.788017 -0.615653
    outer loop
      vertex -44.7985 5.40625 21.7309
      vertex -44.6575 6.95241 23.7099
      vertex -44.5459 6.78657 23.4976
    endloop
  endfacet
  facet normal -0.000157074 0.788004 -0.61567
    outer loop
      vertex -48.3833 4.90252 21.0862
      vertex -48.3833 7.61325 24.5557
      vertex -48.1281 4.81569 20.975
    endloop
  endfacet
  facet normal 0.00040312 0.787978 -0.615703
    outer loop
      vertex -44.7985 5.40625 21.7309
      vertex -44.5459 6.78657 23.4976
      vertex -44.4652 6.61408 23.2769
    endloop
  endfacet
  facet normal -0.000115518 0.788004 -0.61567
    outer loop
      vertex -48.3833 7.61325 24.5557
      vertex -48.3833 4.90252 21.0862
      vertex -48.6211 7.50938 24.4228
    endloop
  endfacet
  facet normal 0.000115391 0.788008 -0.615665
    outer loop
      vertex -44.7985 5.40625 21.7309
      vertex -44.4652 6.61408 23.2769
      vertex -44.4163 6.43711 23.0504
    endloop
  endfacet
  facet normal 0.000125103 0.788013 -0.615659
    outer loop
      vertex -48.6211 5.00639 21.2191
      vertex -48.6211 7.50938 24.4228
      vertex -48.3833 4.90252 21.0862
    endloop
  endfacet
  facet normal 0.0001061 0.788009 -0.615663
    outer loop
      vertex -44.7985 5.40625 21.7309
      vertex -44.4163 6.43711 23.0504
      vertex -44.4 6.25788 22.821
    endloop
  endfacet
  facet normal -2.12989e-05 0.788013 -0.615659
    outer loop
      vertex -48.6211 7.50938 24.4228
      vertex -48.6211 5.00639 21.2191
      vertex -48.8385 7.38976 24.2697
    endloop
  endfacet
  facet normal 4.06597e-05 0.788021 -0.615649
    outer loop
      vertex -44.7985 5.40625 21.7309
      vertex -44.4 6.25788 22.821
      vertex -44.4163 6.07866 22.5916
    endloop
  endfacet
  facet normal 2.3179e-05 0.788011 -0.615661
    outer loop
      vertex -46.7089 7.84854 24.8569
      vertex -46.7089 4.66723 20.785
      vertex -47 4.65716 20.7721
    endloop
  endfacet
  facet normal -0.000885755 0.78822 -0.615393
    outer loop
      vertex -44.7985 5.40625 21.7309
      vertex -44.4163 6.07866 22.5916
      vertex -44.4652 5.90169 22.365
    endloop
  endfacet
  facet normal -1.46127e-05 0.788013 -0.615659
    outer loop
      vertex -48.8385 5.126 21.3722
      vertex -48.8385 7.38976 24.2697
      vertex -48.6211 5.00639 21.2191
    endloop
  endfacet
  facet normal 0.00113651 0.787704 -0.616053
    outer loop
      vertex -44.7985 5.40625 21.7309
      vertex -44.4652 5.90169 22.365
      vertex -44.5459 5.7292 22.1443
    endloop
  endfacet
  facet normal -2.70311e-05 0.788013 -0.615659
    outer loop
      vertex -48.8385 7.38976 24.2697
      vertex -48.8385 5.126 21.3722
      vertex -49.0328 7.25592 24.0984
    endloop
  endfacet
  facet normal -0.000423882 0.788167 -0.615461
    outer loop
      vertex -44.7985 5.40625 21.7309
      vertex -44.5459 5.7292 22.1443
      vertex -44.6575 5.56336 21.932
    endloop
  endfacet
  facet normal 7.39319e-05 0.788016 -0.615654
    outer loop
      vertex -49.0328 5.25985 21.5435
      vertex -49.0328 7.25592 24.0984
      vertex -48.8385 5.126 21.3722
    endloop
  endfacet
  facet normal 5.60462e-05 0.788013 -0.615659
    outer loop
      vertex -44.7985 7.10952 23.911
      vertex -44.7985 5.40625 21.7309
      vertex -44.9672 5.25985 21.5435
    endloop
  endfacet
  facet normal 4.78245e-05 0.788016 -0.615654
    outer loop
      vertex -49.0328 7.25592 24.0984
      vertex -49.0328 5.25985 21.5435
      vertex -49.2015 7.10952 23.911
    endloop
  endfacet
  facet normal -7.39319e-05 0.788016 -0.615654
    outer loop
      vertex -44.9672 7.25592 24.0984
      vertex -44.9672 5.25985 21.5435
      vertex -45.1615 5.126 21.3722
    endloop
  endfacet
  facet normal -5.60462e-05 0.788013 -0.615659
    outer loop
      vertex -49.2015 5.40625 21.7309
      vertex -49.2015 7.10952 23.911
      vertex -49.0328 5.25985 21.5435
    endloop
  endfacet
  facet normal 1.46127e-05 0.788013 -0.615659
    outer loop
      vertex -45.1615 7.38976 24.2697
      vertex -45.1615 5.126 21.3722
      vertex -45.3789 5.00639 21.2191
    endloop
  endfacet
  facet normal 2.63476e-05 0.78801 -0.615663
    outer loop
      vertex -46.4214 7.81847 24.8184
      vertex -46.4214 4.6973 20.8235
      vertex -46.7089 4.66723 20.785
    endloop
  endfacet
  facet normal -0.000125103 0.788013 -0.615659
    outer loop
      vertex -45.3789 7.50938 24.4228
      vertex -45.3789 5.00639 21.2191
      vertex -45.6167 4.90252 21.0862
    endloop
  endfacet
  facet normal -1.22928e-07 0.78801 -0.615663
    outer loop
      vertex -46.1413 7.76878 24.7548
      vertex -46.1413 4.74699 20.8871
      vertex -46.4214 4.6973 20.8235
    endloop
  endfacet
  facet normal 0.000157074 0.788004 -0.61567
    outer loop
      vertex -45.6167 7.61325 24.5557
      vertex -45.6167 4.90252 21.0862
      vertex -45.8719 4.81569 20.975
    endloop
  endfacet
  facet normal -7.57822e-05 0.788015 -0.615656
    outer loop
      vertex -45.8719 7.70008 24.6669
      vertex -45.8719 4.81569 20.975
      vertex -46.1413 4.74699 20.8871
    endloop
  endfacet
  facet normal 0.000164673 0.788017 -0.615653
    outer loop
      vertex -49.3425 6.95241 23.7099
      vertex -49.2015 5.40625 21.7309
      vertex -49.4541 6.78657 23.4976
    endloop
  endfacet
  facet normal 0.000423882 0.788167 -0.615461
    outer loop
      vertex -49.4541 5.7292 22.1443
      vertex -49.2015 5.40625 21.7309
      vertex -49.3425 5.56336 21.932
    endloop
  endfacet
  facet normal -0.00040312 0.787978 -0.615703
    outer loop
      vertex -49.4541 6.78657 23.4976
      vertex -49.2015 5.40625 21.7309
      vertex -49.5348 6.61408 23.2769
    endloop
  endfacet
  facet normal -0.00113651 0.787704 -0.616053
    outer loop
      vertex -49.5348 5.90169 22.365
      vertex -49.2015 5.40625 21.7309
      vertex -49.4541 5.7292 22.1443
    endloop
  endfacet
  facet normal 0.000885755 0.78822 -0.615393
    outer loop
      vertex -49.5837 6.07866 22.5916
      vertex -49.2015 5.40625 21.7309
      vertex -49.5348 5.90169 22.365
    endloop
  endfacet
  facet normal -4.06597e-05 0.788021 -0.615649
    outer loop
      vertex -49.6 6.25788 22.821
      vertex -49.2015 5.40625 21.7309
      vertex -49.5837 6.07866 22.5916
    endloop
  endfacet
  facet normal -0.0001061 0.788009 -0.615663
    outer loop
      vertex -49.5837 6.43711 23.0504
      vertex -49.2015 5.40625 21.7309
      vertex -49.6 6.25788 22.821
    endloop
  endfacet
  facet normal -0.000115391 0.788008 -0.615665
    outer loop
      vertex -49.5348 6.61408 23.2769
      vertex -49.2015 5.40625 21.7309
      vertex -49.5837 6.43711 23.0504
    endloop
  endfacet
  facet normal 3.09828e-05 0.788013 -0.615659
    outer loop
      vertex -49.2015 7.10952 23.911
      vertex -49.2015 5.40625 21.7309
      vertex -49.3425 6.95241 23.7099
    endloop
  endfacet
  facet normal 0.985836 -0.103259 -0.132157
    outer loop
      vertex -49.5348 6.61408 23.2769
      vertex -49.5837 8.01313 21.819
      vertex -49.5348 8.1901 22.0455
    endloop
  endfacet
  facet normal 0.985836 -0.103259 -0.132157
    outer loop
      vertex -49.5837 8.01313 21.819
      vertex -49.5348 6.61408 23.2769
      vertex -49.5837 6.43711 23.0504
    endloop
  endfacet
  facet normal -0.578551 -0.502156 -0.642742
    outer loop
      vertex -45.6167 7.61325 24.5557
      vertex -45.3789 9.0854 23.1915
      vertex -45.3789 7.50938 24.4228
    endloop
  endfacet
  facet normal -0.578551 -0.502156 -0.642742
    outer loop
      vertex -45.3789 9.0854 23.1915
      vertex -45.6167 7.61325 24.5557
      vertex -45.6167 9.18927 23.3244
    endloop
  endfacet
  facet normal -0.745598 -0.410269 -0.525132
    outer loop
      vertex -44.9672 8.83194 22.8671
      vertex -45.1615 7.38976 24.2697
      vertex -45.1615 8.96579 23.0384
    endloop
  endfacet
  facet normal -0.745588 -0.410277 -0.525139
    outer loop
      vertex -45.1615 7.38976 24.2697
      vertex -44.9672 8.83194 22.8671
      vertex -44.9672 7.25592 24.0984
    endloop
  endfacet
  facet normal 0.483826 -0.538799 -0.689644
    outer loop
      vertex -48.3833 9.18927 23.3244
      vertex -48.1281 7.70008 24.6669
      vertex -48.3833 7.61325 24.5557
    endloop
  endfacet
  facet normal 0.483826 -0.538799 -0.689644
    outer loop
      vertex -48.1281 7.70008 24.6669
      vertex -48.3833 9.18927 23.3244
      vertex -48.1281 9.2761 23.4356
    endloop
  endfacet
  facet normal 0.382604 -0.568811 -0.728058
    outer loop
      vertex -48.1281 9.2761 23.4356
      vertex -47.8587 7.76878 24.7548
      vertex -48.1281 7.70008 24.6669
    endloop
  endfacet
  facet normal 0.382604 -0.568811 -0.728058
    outer loop
      vertex -47.8587 7.76878 24.7548
      vertex -48.1281 9.2761 23.4356
      vertex -47.8587 9.3448 23.5235
    endloop
  endfacet
  facet normal 0.815613 -0.356216 -0.455944
    outer loop
      vertex -49.0328 7.25592 24.0984
      vertex -49.2015 8.68554 22.6797
      vertex -49.0328 8.83194 22.8671
    endloop
  endfacet
  facet normal 0.815613 -0.356216 -0.455944
    outer loop
      vertex -49.2015 8.68554 22.6797
      vertex -49.0328 7.25592 24.0984
      vertex -49.2015 7.10952 23.911
    endloop
  endfacet
  facet normal 0.276881 -0.591585 -0.757208
    outer loop
      vertex -47.8587 9.3448 23.5235
      vertex -47.5786 7.81847 24.8184
      vertex -47.8587 7.76878 24.7548
    endloop
  endfacet
  facet normal 0.276881 -0.591585 -0.757208
    outer loop
      vertex -47.5786 7.81847 24.8184
      vertex -47.8587 9.3448 23.5235
      vertex -47.5786 9.39449 23.5871
    endloop
  endfacet
  facet normal -0.875284 0.297737 0.381092
    outer loop
      vertex 16.2015 6.98227 20.4996
      vertex 16.3425 5.56336 21.932
      vertex 16.3425 7.13938 20.7007
    endloop
  endfacet
  facet normal -0.875284 0.297737 0.381092
    outer loop
      vertex 16.3425 5.56336 21.932
      vertex 16.2015 6.98227 20.4996
      vertex 16.2015 5.40625 21.7309
    endloop
  endfacet
  facet normal -0.167517 0.606955 0.776881
    outer loop
      vertex 14.2911 6.24325 19.5537
      vertex 14.5786 4.6973 20.8235
      vertex 14.5786 6.27332 19.5922
    endloop
  endfacet
  facet normal -0.167517 0.606955 0.776881
    outer loop
      vertex 14.5786 4.6973 20.8235
      vertex 14.2911 6.24325 19.5537
      vertex 14.2911 4.66723 20.785
    endloop
  endfacet
  facet normal -0.276881 0.591585 0.757208
    outer loop
      vertex 14.5786 6.27332 19.5922
      vertex 14.8587 4.74699 20.8871
      vertex 14.8587 6.32301 19.6558
    endloop
  endfacet
  facet normal -0.276881 0.591585 0.757208
    outer loop
      vertex 14.8587 4.74699 20.8871
      vertex 14.5786 6.27332 19.5922
      vertex 14.5786 4.6973 20.8235
    endloop
  endfacet
  facet normal 0.382604 0.568811 0.728058
    outer loop
      vertex 12.8719 4.81569 20.975
      vertex 13.1413 6.32301 19.6558
      vertex 12.8719 6.39171 19.7437
    endloop
  endfacet
  facet normal 0.382604 0.568811 0.728058
    outer loop
      vertex 13.1413 6.32301 19.6558
      vertex 12.8719 4.81569 20.975
      vertex 13.1413 4.74699 20.8871
    endloop
  endfacet
  facet normal 0.923825 0.235694 0.301656
    outer loop
      vertex 11.5459 5.7292 22.1443
      vertex 11.6575 7.13938 20.7007
      vertex 11.5459 7.30522 20.9129
    endloop
  endfacet
  facet normal 0.923864 0.235623 0.30159
    outer loop
      vertex 11.6575 7.13938 20.7007
      vertex 11.5459 5.7292 22.1443
      vertex 11.6575 5.56336 21.932
    endloop
  endfacet
  facet normal -0.0561083 0.614685 0.786775
    outer loop
      vertex 14 6.23319 19.5408
      vertex 14.2911 4.66723 20.785
      vertex 14.2911 6.24325 19.5537
    endloop
  endfacet
  facet normal -0.0561293 0.614682 0.786776
    outer loop
      vertex 14.2911 4.66723 20.785
      vertex 14 6.23319 19.5408
      vertex 14 4.65716 20.7721
    endloop
  endfacet
  facet normal -0.483619 0.538897 0.689713
    outer loop
      vertex 15.1281 6.39171 19.7437
      vertex 15.3833 4.90252 21.0862
      vertex 15.3833 6.47854 19.8548
    endloop
  endfacet
  facet normal -0.483826 0.538799 0.689644
    outer loop
      vertex 15.3833 4.90252 21.0862
      vertex 15.1281 6.39171 19.7437
      vertex 15.1281 4.81569 20.975
    endloop
  endfacet
  facet normal 0.998436 0.0344192 0.0440521
    outer loop
      vertex 11.4 6.25788 22.821
      vertex 11.4163 7.65468 21.3602
      vertex 11.4 7.83391 21.5896
    endloop
  endfacet
  facet normal 0.998436 0.0344201 0.0440529
    outer loop
      vertex 11.4163 7.65468 21.3602
      vertex 11.4 6.25788 22.821
      vertex 11.4163 6.07866 22.5916
    endloop
  endfacet
  facet normal 0.815613 0.356216 0.455944
    outer loop
      vertex 11.7985 5.40625 21.7309
      vertex 11.9672 6.83587 20.3122
      vertex 11.7985 6.98227 20.4996
    endloop
  endfacet
  facet normal 0.815613 0.356216 0.455944
    outer loop
      vertex 11.9672 6.83587 20.3122
      vertex 11.7985 5.40625 21.7309
      vertex 11.9672 5.25985 21.5435
    endloop
  endfacet
  facet normal 0.167517 0.606955 0.776881
    outer loop
      vertex 13.4214 4.6973 20.8235
      vertex 13.7089 6.24325 19.5537
      vertex 13.4214 6.27332 19.5922
    endloop
  endfacet
  facet normal 0.167517 0.606955 0.776881
    outer loop
      vertex 13.7089 6.24325 19.5537
      vertex 13.4214 4.6973 20.8235
      vertex 13.7089 4.66723 20.785
    endloop
  endfacet
  facet normal -0.483826 -0.538799 -0.689644
    outer loop
      vertex 15.1281 7.70008 24.6669
      vertex 15.3833 9.18927 23.3244
      vertex 15.3833 7.61325 24.5557
    endloop
  endfacet
  facet normal -0.483826 -0.538799 -0.689644
    outer loop
      vertex 15.3833 9.18927 23.3244
      vertex 15.1281 7.70008 24.6669
      vertex 15.1281 9.2761 23.4356
    endloop
  endfacet
  facet normal -0.815613 0.356216 0.455944
    outer loop
      vertex 16.0328 6.83587 20.3122
      vertex 16.2015 5.40625 21.7309
      vertex 16.2015 6.98227 20.4996
    endloop
  endfacet
  facet normal -0.815613 0.356216 0.455944
    outer loop
      vertex 16.2015 5.40625 21.7309
      vertex 16.0328 6.83587 20.3122
      vertex 16.0328 5.25985 21.5435
    endloop
  endfacet
  facet normal -0.666364 0.459046 0.587567
    outer loop
      vertex 15.6211 6.58241 19.9878
      vertex 15.8385 5.126 21.3722
      vertex 15.8385 6.70203 20.1409
    endloop
  endfacet
  facet normal -0.666353 0.459055 0.587574
    outer loop
      vertex 15.8385 5.126 21.3722
      vertex 15.6211 6.58241 19.9878
      vertex 15.6211 5.00639 21.2191
    endloop
  endfacet
  facet normal -0.745588 0.410277 0.525139
    outer loop
      vertex 15.8385 6.70203 20.1409
      vertex 16.0328 5.25985 21.5435
      vertex 16.0328 6.83587 20.3122
    endloop
  endfacet
  facet normal -0.745598 0.410269 0.525132
    outer loop
      vertex 16.0328 5.25985 21.5435
      vertex 15.8385 6.70203 20.1409
      vertex 15.8385 5.126 21.3722
    endloop
  endfacet
  facet normal 0.0561083 0.614685 0.786775
    outer loop
      vertex 13.7089 4.66723 20.785
      vertex 14 6.23319 19.5408
      vertex 13.7089 6.24325 19.5537
    endloop
  endfacet
  facet normal 0.0561293 0.614682 0.786776
    outer loop
      vertex 14 6.23319 19.5408
      vertex 13.7089 4.66723 20.785
      vertex 14 4.65716 20.7721
    endloop
  endfacet
  facet normal -0.382604 0.568811 0.728058
    outer loop
      vertex 14.8587 6.32301 19.6558
      vertex 15.1281 4.81569 20.975
      vertex 15.1281 6.39171 19.7437
    endloop
  endfacet
  facet normal -0.382604 0.568811 0.728058
    outer loop
      vertex 15.1281 4.81569 20.975
      vertex 14.8587 6.32301 19.6558
      vertex 14.8587 4.74699 20.8871
    endloop
  endfacet
  facet normal -0.578731 0.502078 0.642642
    outer loop
      vertex 15.3833 6.47854 19.8548
      vertex 15.6211 5.00639 21.2191
      vertex 15.6211 6.58241 19.9878
    endloop
  endfacet
  facet normal -0.578551 0.502182 0.642722
    outer loop
      vertex 15.6211 5.00639 21.2191
      vertex 15.3833 6.47854 19.8548
      vertex 15.3833 4.90252 21.0862
    endloop
  endfacet
  facet normal -2.29479e-05 -0.788014 0.615657
    outer loop
      vertex 14 6.23319 19.5408
      vertex 14 9.43463 23.6385
      vertex 13.7089 9.42456 23.6256
    endloop
  endfacet
  facet normal -2.58495e-05 -0.788011 0.615661
    outer loop
      vertex 13.7089 6.24325 19.5537
      vertex 13.7089 9.42456 23.6256
      vertex 13.4214 9.39449 23.5871
    endloop
  endfacet
  facet normal 2.29479e-05 -0.788014 0.615657
    outer loop
      vertex 14 9.43463 23.6385
      vertex 14 6.23319 19.5408
      vertex 14.2911 9.42456 23.6256
    endloop
  endfacet
  facet normal 1.19014e-07 -0.78801 0.615663
    outer loop
      vertex 13.4214 6.27332 19.5922
      vertex 13.4214 9.39449 23.5871
      vertex 13.1413 9.3448 23.5235
    endloop
  endfacet
  facet normal -5.02492e-05 -0.788011 0.615661
    outer loop
      vertex 14.2911 6.24325 19.5537
      vertex 14.2911 9.42456 23.6256
      vertex 14 6.23319 19.5408
    endloop
  endfacet
  facet normal 7.23372e-05 -0.78801 0.615663
    outer loop
      vertex 13.1413 6.32301 19.6558
      vertex 13.1413 9.3448 23.5235
      vertex 12.8719 9.2761 23.4356
    endloop
  endfacet
  facet normal 2.58495e-05 -0.788011 0.615661
    outer loop
      vertex 14.2911 9.42456 23.6256
      vertex 14.2911 6.24325 19.5537
      vertex 14.5786 9.39449 23.5871
    endloop
  endfacet
  facet normal -0.000147614 -0.788015 0.615656
    outer loop
      vertex 12.8719 6.39171 19.7437
      vertex 12.8719 9.2761 23.4356
      vertex 12.6167 9.18927 23.3244
    endloop
  endfacet
  facet normal -2.63476e-05 -0.78801 0.615663
    outer loop
      vertex 14.5786 6.27332 19.5922
      vertex 14.5786 9.39449 23.5871
      vertex 14.2911 6.24325 19.5537
    endloop
  endfacet
  facet normal 0.000125436 -0.788013 0.615659
    outer loop
      vertex 12.6167 6.47854 19.8548
      vertex 12.6167 9.18927 23.3244
      vertex 12.3789 9.0854 23.1915
    endloop
  endfacet
  facet normal -1.19014e-07 -0.78801 0.615663
    outer loop
      vertex 14.5786 9.39449 23.5871
      vertex 14.5786 6.27332 19.5922
      vertex 14.8587 9.3448 23.5235
    endloop
  endfacet
  facet normal -1.49482e-05 -0.788013 0.615659
    outer loop
      vertex 12.3789 6.58241 19.9878
      vertex 12.3789 9.0854 23.1915
      vertex 12.1615 8.96579 23.0384
    endloop
  endfacet
  facet normal 1.22928e-07 -0.78801 0.615663
    outer loop
      vertex 14.8587 6.32301 19.6558
      vertex 14.8587 9.3448 23.5235
      vertex 14.5786 6.27332 19.5922
    endloop
  endfacet
  facet normal 6.75876e-05 -0.788013 0.615659
    outer loop
      vertex 12.1615 6.70203 20.1409
      vertex 12.1615 8.96579 23.0384
      vertex 11.9672 8.83194 22.8671
    endloop
  endfacet
  facet normal -7.23372e-05 -0.78801 0.615663
    outer loop
      vertex 14.8587 9.3448 23.5235
      vertex 14.8587 6.32301 19.6558
      vertex 15.1281 9.2761 23.4356
    endloop
  endfacet
  facet normal -4.78245e-05 -0.788016 0.615654
    outer loop
      vertex 11.9672 6.83587 20.3122
      vertex 11.9672 8.83194 22.8671
      vertex 11.7985 8.68554 22.6797
    endloop
  endfacet
  facet normal 7.57822e-05 -0.788015 0.615656
    outer loop
      vertex 15.1281 6.39171 19.7437
      vertex 15.1281 9.2761 23.4356
      vertex 14.8587 6.32301 19.6558
    endloop
  endfacet
  facet normal -3.09828e-05 -0.788013 0.615659
    outer loop
      vertex 11.7985 6.98227 20.4996
      vertex 11.7985 8.68554 22.6797
      vertex 11.6575 8.52843 22.4786
    endloop
  endfacet
  facet normal 0.000147614 -0.788015 0.615656
    outer loop
      vertex 15.1281 9.2761 23.4356
      vertex 15.1281 6.39171 19.7437
      vertex 15.3833 9.18927 23.3244
    endloop
  endfacet
  facet normal -0.000164673 -0.788017 0.615653
    outer loop
      vertex 11.7985 6.98227 20.4996
      vertex 11.6575 8.52843 22.4786
      vertex 11.5459 8.36259 22.2663
    endloop
  endfacet
  facet normal 9.19023e-05 -0.788013 0.615659
    outer loop
      vertex 15.3833 6.47854 19.8548
      vertex 15.3833 9.18927 23.3244
      vertex 15.1281 6.39171 19.7437
    endloop
  endfacet
  facet normal -0.000145302 -0.788016 0.615655
    outer loop
      vertex 11.7985 6.98227 20.4996
      vertex 11.5459 8.36259 22.2663
      vertex 11.4652 8.1901 22.0455
    endloop
  endfacet
  facet normal -0.000125436 -0.788013 0.615659
    outer loop
      vertex 15.3833 9.18927 23.3244
      vertex 15.3833 6.47854 19.8548
      vertex 15.6211 9.0854 23.1915
    endloop
  endfacet
  facet normal 2.30944e-05 -0.787998 0.615677
    outer loop
      vertex 11.7985 6.98227 20.4996
      vertex 11.4652 8.1901 22.0455
      vertex 11.4163 8.01313 21.819
    endloop
  endfacet
  facet normal -0.000133795 -0.788013 0.615659
    outer loop
      vertex 15.6211 6.58241 19.9878
      vertex 15.6211 9.0854 23.1915
      vertex 15.3833 6.47854 19.8548
    endloop
  endfacet
  facet normal -0.000118481 -0.788018 0.615652
    outer loop
      vertex 11.7985 6.98227 20.4996
      vertex 11.4163 8.01313 21.819
      vertex 11.4 7.83391 21.5896
    endloop
  endfacet
  facet normal 1.49482e-05 -0.788013 0.615659
    outer loop
      vertex 15.6211 9.0854 23.1915
      vertex 15.6211 6.58241 19.9878
      vertex 15.8385 8.96579 23.0384
    endloop
  endfacet
  facet normal -5.90185e-05 -0.788008 0.615665
    outer loop
      vertex 11.7985 6.98227 20.4996
      vertex 11.4 7.83391 21.5896
      vertex 11.4163 7.65468 21.3602
    endloop
  endfacet
  facet normal 5.02492e-05 -0.788011 0.615661
    outer loop
      vertex 13.7089 9.42456 23.6256
      vertex 13.7089 6.24325 19.5537
      vertex 14 6.23319 19.5408
    endloop
  endfacet
  facet normal -8.55576e-06 -0.787997 0.615679
    outer loop
      vertex 11.7985 6.98227 20.4996
      vertex 11.4163 7.65468 21.3602
      vertex 11.4652 7.47771 21.1337
    endloop
  endfacet
  facet normal 2.16344e-05 -0.788013 0.615659
    outer loop
      vertex 15.8385 6.70203 20.1409
      vertex 15.8385 8.96579 23.0384
      vertex 15.6211 6.58241 19.9878
    endloop
  endfacet
  facet normal -0.000606137 -0.788149 0.615484
    outer loop
      vertex 11.7985 6.98227 20.4996
      vertex 11.4652 7.47771 21.1337
      vertex 11.5459 7.30522 20.9129
    endloop
  endfacet
  facet normal -6.75876e-05 -0.788013 0.615659
    outer loop
      vertex 15.8385 8.96579 23.0384
      vertex 15.8385 6.70203 20.1409
      vertex 16.0328 8.83194 22.8671
    endloop
  endfacet
  facet normal 0.00123047 -0.787604 0.616181
    outer loop
      vertex 11.7985 6.98227 20.4996
      vertex 11.5459 7.30522 20.9129
      vertex 11.6575 7.13938 20.7007
    endloop
  endfacet
  facet normal 3.33752e-05 -0.788016 0.615654
    outer loop
      vertex 16.0328 6.83587 20.3122
      vertex 16.0328 8.83194 22.8671
      vertex 15.8385 6.70203 20.1409
    endloop
  endfacet
  facet normal 5.60462e-05 -0.788013 0.615659
    outer loop
      vertex 11.7985 8.68554 22.6797
      vertex 11.7985 6.98227 20.4996
      vertex 11.9672 6.83587 20.3122
    endloop
  endfacet
  facet normal 4.78245e-05 -0.788016 0.615654
    outer loop
      vertex 16.0328 8.83194 22.8671
      vertex 16.0328 6.83587 20.3122
      vertex 16.2015 8.68554 22.6797
    endloop
  endfacet
  facet normal -3.33752e-05 -0.788016 0.615654
    outer loop
      vertex 11.9672 8.83194 22.8671
      vertex 11.9672 6.83587 20.3122
      vertex 12.1615 6.70203 20.1409
    endloop
  endfacet
  facet normal -5.60462e-05 -0.788013 0.615659
    outer loop
      vertex 16.2015 6.98227 20.4996
      vertex 16.2015 8.68554 22.6797
      vertex 16.0328 6.83587 20.3122
    endloop
  endfacet
  facet normal -2.16344e-05 -0.788013 0.615659
    outer loop
      vertex 12.1615 8.96579 23.0384
      vertex 12.1615 6.70203 20.1409
      vertex 12.3789 6.58241 19.9878
    endloop
  endfacet
  facet normal 2.63476e-05 -0.78801 0.615663
    outer loop
      vertex 13.4214 9.39449 23.5871
      vertex 13.4214 6.27332 19.5922
      vertex 13.7089 6.24325 19.5537
    endloop
  endfacet
  facet normal 0.000133795 -0.788013 0.615659
    outer loop
      vertex 12.3789 9.0854 23.1915
      vertex 12.3789 6.58241 19.9878
      vertex 12.6167 6.47854 19.8548
    endloop
  endfacet
  facet normal -1.22928e-07 -0.78801 0.615663
    outer loop
      vertex 13.1413 9.3448 23.5235
      vertex 13.1413 6.32301 19.6558
      vertex 13.4214 6.27332 19.5922
    endloop
  endfacet
  facet normal -9.19023e-05 -0.788013 0.615659
    outer loop
      vertex 12.6167 9.18927 23.3244
      vertex 12.6167 6.47854 19.8548
      vertex 12.8719 6.39171 19.7437
    endloop
  endfacet
  facet normal -7.57822e-05 -0.788015 0.615656
    outer loop
      vertex 12.8719 9.2761 23.4356
      vertex 12.8719 6.39171 19.7437
      vertex 13.1413 6.32301 19.6558
    endloop
  endfacet
  facet normal 0.000164673 -0.788017 0.615653
    outer loop
      vertex 16.3425 8.52843 22.4786
      vertex 16.2015 6.98227 20.4996
      vertex 16.4541 8.36259 22.2663
    endloop
  endfacet
  facet normal -0.00123047 -0.787604 0.616181
    outer loop
      vertex 16.4541 7.30522 20.9129
      vertex 16.2015 6.98227 20.4996
      vertex 16.3425 7.13938 20.7007
    endloop
  endfacet
  facet normal 0.000145302 -0.788016 0.615655
    outer loop
      vertex 16.4541 8.36259 22.2663
      vertex 16.2015 6.98227 20.4996
      vertex 16.5348 8.1901 22.0455
    endloop
  endfacet
  facet normal 0.000606137 -0.788149 0.615484
    outer loop
      vertex 16.5348 7.47771 21.1337
      vertex 16.2015 6.98227 20.4996
      vertex 16.4541 7.30522 20.9129
    endloop
  endfacet
  facet normal 8.55576e-06 -0.787997 0.615679
    outer loop
      vertex 16.5837 7.65468 21.3602
      vertex 16.2015 6.98227 20.4996
      vertex 16.5348 7.47771 21.1337
    endloop
  endfacet
  facet normal 5.90185e-05 -0.788008 0.615665
    outer loop
      vertex 16.6 7.83391 21.5896
      vertex 16.2015 6.98227 20.4996
      vertex 16.5837 7.65468 21.3602
    endloop
  endfacet
  facet normal 0.000118481 -0.788018 0.615652
    outer loop
      vertex 16.5837 8.01313 21.819
      vertex 16.2015 6.98227 20.4996
      vertex 16.6 7.83391 21.5896
    endloop
  endfacet
  facet normal -2.30944e-05 -0.787998 0.615677
    outer loop
      vertex 16.5348 8.1901 22.0455
      vertex 16.2015 6.98227 20.4996
      vertex 16.5837 8.01313 21.819
    endloop
  endfacet
  facet normal 3.09828e-05 -0.788013 0.615659
    outer loop
      vertex 16.2015 8.68554 22.6797
      vertex 16.2015 6.98227 20.4996
      vertex 16.3425 8.52843 22.4786
    endloop
  endfacet
  facet normal 0.960936 0.170394 0.218099
    outer loop
      vertex 11.4652 5.90169 22.365
      vertex 11.5459 7.30522 20.9129
      vertex 11.4652 7.47771 21.1337
    endloop
  endfacet
  facet normal 0.960916 0.170447 0.218149
    outer loop
      vertex 11.5459 7.30522 20.9129
      vertex 11.4652 5.90169 22.365
      vertex 11.5459 5.7292 22.1443
    endloop
  endfacet
  facet normal 0.985836 0.103259 0.132157
    outer loop
      vertex 11.4163 6.07866 22.5916
      vertex 11.4652 7.47771 21.1337
      vertex 11.4163 7.65468 21.3602
    endloop
  endfacet
  facet normal 0.985843 0.103226 0.132126
    outer loop
      vertex 11.4652 7.47771 21.1337
      vertex 11.4163 6.07866 22.5916
      vertex 11.4652 5.90169 22.365
    endloop
  endfacet
  facet normal 0.875284 0.297737 0.381092
    outer loop
      vertex 11.6575 5.56336 21.932
      vertex 11.7985 6.98227 20.4996
      vertex 11.6575 7.13938 20.7007
    endloop
  endfacet
  facet normal 0.875284 0.297737 0.381092
    outer loop
      vertex 11.7985 6.98227 20.4996
      vertex 11.6575 5.56336 21.932
      vertex 11.7985 5.40625 21.7309
    endloop
  endfacet
  facet normal 0.276881 0.591585 0.757208
    outer loop
      vertex 13.1413 4.74699 20.8871
      vertex 13.4214 6.27332 19.5922
      vertex 13.1413 6.32301 19.6558
    endloop
  endfacet
  facet normal 0.276881 0.591585 0.757208
    outer loop
      vertex 13.4214 6.27332 19.5922
      vertex 13.1413 4.74699 20.8871
      vertex 13.4214 4.6973 20.8235
    endloop
  endfacet
  facet normal 0.578731 0.502078 0.642642
    outer loop
      vertex 12.3789 5.00639 21.2191
      vertex 12.6167 6.47854 19.8548
      vertex 12.3789 6.58241 19.9878
    endloop
  endfacet
  facet normal 0.578551 0.502182 0.642722
    outer loop
      vertex 12.6167 6.47854 19.8548
      vertex 12.3789 5.00639 21.2191
      vertex 12.6167 4.90252 21.0862
    endloop
  endfacet
  facet normal 0.666364 0.459046 0.587567
    outer loop
      vertex 12.1615 5.126 21.3722
      vertex 12.3789 6.58241 19.9878
      vertex 12.1615 6.70203 20.1409
    endloop
  endfacet
  facet normal 0.666353 0.459055 0.587574
    outer loop
      vertex 12.3789 6.58241 19.9878
      vertex 12.1615 5.126 21.3722
      vertex 12.3789 5.00639 21.2191
    endloop
  endfacet
  facet normal 0.483619 0.538897 0.689713
    outer loop
      vertex 12.6167 4.90252 21.0862
      vertex 12.8719 6.39171 19.7437
      vertex 12.6167 6.47854 19.8548
    endloop
  endfacet
  facet normal 0.483826 0.538799 0.689644
    outer loop
      vertex 12.8719 6.39171 19.7437
      vertex 12.6167 4.90252 21.0862
      vertex 12.8719 4.81569 20.975
    endloop
  endfacet
  facet normal 0.745588 0.410277 0.525139
    outer loop
      vertex 11.9672 5.25985 21.5435
      vertex 12.1615 6.70203 20.1409
      vertex 11.9672 6.83587 20.3122
    endloop
  endfacet
  facet normal 0.745598 0.410269 0.525132
    outer loop
      vertex 12.1615 6.70203 20.1409
      vertex 11.9672 5.25985 21.5435
      vertex 12.1615 5.126 21.3722
    endloop
  endfacet
  facet normal -0.998436 0.0344192 0.0440521
    outer loop
      vertex 16.5837 7.65468 21.3602
      vertex 16.6 6.25788 22.821
      vertex 16.6 7.83391 21.5896
    endloop
  endfacet
  facet normal -0.998436 0.0344201 0.0440529
    outer loop
      vertex 16.6 6.25788 22.821
      vertex 16.5837 7.65468 21.3602
      vertex 16.5837 6.07866 22.5916
    endloop
  endfacet
  facet normal -0.998436 -0.0344201 -0.0440529
    outer loop
      vertex 16.6 7.83391 21.5896
      vertex 16.5837 6.43711 23.0504
      vertex 16.5837 8.01313 21.819
    endloop
  endfacet
  facet normal -0.998436 -0.0344192 -0.0440521
    outer loop
      vertex 16.5837 6.43711 23.0504
      vertex 16.6 7.83391 21.5896
      vertex 16.6 6.25788 22.821
    endloop
  endfacet
  facet normal -0.985836 -0.103259 -0.132157
    outer loop
      vertex 16.5837 8.01313 21.819
      vertex 16.5348 6.61408 23.2769
      vertex 16.5348 8.1901 22.0455
    endloop
  endfacet
  facet normal -0.985836 -0.103259 -0.132157
    outer loop
      vertex 16.5348 6.61408 23.2769
      vertex 16.5837 8.01313 21.819
      vertex 16.5837 6.43711 23.0504
    endloop
  endfacet
  facet normal -0.0561083 -0.614685 -0.786775
    outer loop
      vertex 14 7.8586 24.8698
      vertex 14.2911 9.42456 23.6256
      vertex 14.2911 7.84854 24.8569
    endloop
  endfacet
  facet normal -0.0561293 -0.614682 -0.786776
    outer loop
      vertex 14.2911 9.42456 23.6256
      vertex 14 7.8586 24.8698
      vertex 14 9.43463 23.6385
    endloop
  endfacet
  facet normal 0.960936 -0.170394 -0.218099
    outer loop
      vertex 11.5459 6.78657 23.4976
      vertex 11.4652 8.1901 22.0455
      vertex 11.5459 8.36259 22.2663
    endloop
  endfacet
  facet normal 0.960916 -0.170447 -0.218149
    outer loop
      vertex 11.4652 8.1901 22.0455
      vertex 11.5459 6.78657 23.4976
      vertex 11.4652 6.61408 23.2769
    endloop
  endfacet
  facet normal -0.167517 -0.606955 -0.776881
    outer loop
      vertex 14.2911 7.84854 24.8569
      vertex 14.5786 9.39449 23.5871
      vertex 14.5786 7.81847 24.8184
    endloop
  endfacet
  facet normal -0.167517 -0.606955 -0.776881
    outer loop
      vertex 14.5786 9.39449 23.5871
      vertex 14.2911 7.84854 24.8569
      vertex 14.2911 9.42456 23.6256
    endloop
  endfacet
  facet normal -0.923825 0.235694 0.301656
    outer loop
      vertex 16.3425 7.13938 20.7007
      vertex 16.4541 5.7292 22.1443
      vertex 16.4541 7.30522 20.9129
    endloop
  endfacet
  facet normal -0.923864 0.235623 0.30159
    outer loop
      vertex 16.4541 5.7292 22.1443
      vertex 16.3425 7.13938 20.7007
      vertex 16.3425 5.56336 21.932
    endloop
  endfacet
  facet normal -0.960936 0.170394 0.218099
    outer loop
      vertex 16.4541 7.30522 20.9129
      vertex 16.5348 5.90169 22.365
      vertex 16.5348 7.47771 21.1337
    endloop
  endfacet
  facet normal -0.960916 0.170447 0.218149
    outer loop
      vertex 16.5348 5.90169 22.365
      vertex 16.4541 7.30522 20.9129
      vertex 16.4541 5.7292 22.1443
    endloop
  endfacet
  facet normal -0.985836 0.103259 0.132157
    outer loop
      vertex 16.5348 7.47771 21.1337
      vertex 16.5837 6.07866 22.5916
      vertex 16.5837 7.65468 21.3602
    endloop
  endfacet
  facet normal -0.985843 0.103226 0.132126
    outer loop
      vertex 16.5837 6.07866 22.5916
      vertex 16.5348 7.47771 21.1337
      vertex 16.5348 5.90169 22.365
    endloop
  endfacet
  facet normal -0.815613 -0.356216 -0.455944
    outer loop
      vertex 16.2015 8.68554 22.6797
      vertex 16.0328 7.25592 24.0984
      vertex 16.0328 8.83194 22.8671
    endloop
  endfacet
  facet normal -0.815613 -0.356216 -0.455944
    outer loop
      vertex 16.0328 7.25592 24.0984
      vertex 16.2015 8.68554 22.6797
      vertex 16.2015 7.10952 23.911
    endloop
  endfacet
  facet normal -0.923864 -0.235623 -0.30159
    outer loop
      vertex 16.4541 8.36259 22.2663
      vertex 16.3425 6.95241 23.7099
      vertex 16.3425 8.52843 22.4786
    endloop
  endfacet
  facet normal -0.923864 -0.235623 -0.30159
    outer loop
      vertex 16.3425 6.95241 23.7099
      vertex 16.4541 8.36259 22.2663
      vertex 16.4541 6.78657 23.4976
    endloop
  endfacet
  facet normal -0.875284 -0.297737 -0.381092
    outer loop
      vertex 16.3425 8.52843 22.4786
      vertex 16.2015 7.10952 23.911
      vertex 16.2015 8.68554 22.6797
    endloop
  endfacet
  facet normal -0.875284 -0.297737 -0.381092
    outer loop
      vertex 16.2015 7.10952 23.911
      vertex 16.3425 8.52843 22.4786
      vertex 16.3425 6.95241 23.7099
    endloop
  endfacet
  facet normal 0.998436 -0.0344201 -0.0440529
    outer loop
      vertex 11.4163 6.43711 23.0504
      vertex 11.4 7.83391 21.5896
      vertex 11.4163 8.01313 21.819
    endloop
  endfacet
  facet normal 0.998436 -0.0344192 -0.0440521
    outer loop
      vertex 11.4 7.83391 21.5896
      vertex 11.4163 6.43711 23.0504
      vertex 11.4 6.25788 22.821
    endloop
  endfacet
  facet normal 0.923864 -0.235623 -0.30159
    outer loop
      vertex 11.6575 6.95241 23.7099
      vertex 11.5459 8.36259 22.2663
      vertex 11.6575 8.52843 22.4786
    endloop
  endfacet
  facet normal 0.923864 -0.235623 -0.30159
    outer loop
      vertex 11.5459 8.36259 22.2663
      vertex 11.6575 6.95241 23.7099
      vertex 11.5459 6.78657 23.4976
    endloop
  endfacet
  facet normal -5.00182e-05 0.788014 -0.615657
    outer loop
      vertex 14 4.65716 20.7721
      vertex 14 7.8586 24.8698
      vertex 14.2911 7.84854 24.8569
    endloop
  endfacet
  facet normal -2.58495e-05 0.788011 -0.615661
    outer loop
      vertex 14.2911 4.66723 20.785
      vertex 14.2911 7.84854 24.8569
      vertex 14.5786 7.81847 24.8184
    endloop
  endfacet
  facet normal 5.00182e-05 0.788014 -0.615657
    outer loop
      vertex 14 7.8586 24.8698
      vertex 14 4.65716 20.7721
      vertex 13.7089 7.84854 24.8569
    endloop
  endfacet
  facet normal 1.19014e-07 0.78801 -0.615663
    outer loop
      vertex 14.5786 4.6973 20.8235
      vertex 14.5786 7.81847 24.8184
      vertex 14.8587 7.76878 24.7548
    endloop
  endfacet
  facet normal -2.3179e-05 0.788011 -0.615661
    outer loop
      vertex 13.7089 4.66723 20.785
      vertex 13.7089 7.84854 24.8569
      vertex 14 4.65716 20.7721
    endloop
  endfacet
  facet normal 7.23372e-05 0.78801 -0.615663
    outer loop
      vertex 14.8587 4.74699 20.8871
      vertex 14.8587 7.76878 24.7548
      vertex 15.1281 7.70008 24.6669
    endloop
  endfacet
  facet normal 2.58495e-05 0.788011 -0.615661
    outer loop
      vertex 13.7089 7.84854 24.8569
      vertex 13.7089 4.66723 20.785
      vertex 13.4214 7.81847 24.8184
    endloop
  endfacet
  facet normal -0.000147614 0.788015 -0.615656
    outer loop
      vertex 15.1281 4.81569 20.975
      vertex 15.1281 7.70008 24.6669
      vertex 15.3833 7.61325 24.5557
    endloop
  endfacet
  facet normal -2.63476e-05 0.78801 -0.615663
    outer loop
      vertex 13.4214 4.6973 20.8235
      vertex 13.4214 7.81847 24.8184
      vertex 13.7089 4.66723 20.785
    endloop
  endfacet
  facet normal 0.000115518 0.788004 -0.61567
    outer loop
      vertex 15.3833 4.90252 21.0862
      vertex 15.3833 7.61325 24.5557
      vertex 15.6211 7.50938 24.4228
    endloop
  endfacet
  facet normal -1.19014e-07 0.78801 -0.615663
    outer loop
      vertex 13.4214 7.81847 24.8184
      vertex 13.4214 4.6973 20.8235
      vertex 13.1413 7.76878 24.7548
    endloop
  endfacet
  facet normal 2.12989e-05 0.788013 -0.615659
    outer loop
      vertex 15.6211 5.00639 21.2191
      vertex 15.6211 7.50938 24.4228
      vertex 15.8385 7.38976 24.2697
    endloop
  endfacet
  facet normal 1.22928e-07 0.78801 -0.615663
    outer loop
      vertex 13.1413 4.74699 20.8871
      vertex 13.1413 7.76878 24.7548
      vertex 13.4214 4.6973 20.8235
    endloop
  endfacet
  facet normal 2.70311e-05 0.788013 -0.615659
    outer loop
      vertex 15.8385 5.126 21.3722
      vertex 15.8385 7.38976 24.2697
      vertex 16.0328 7.25592 24.0984
    endloop
  endfacet
  facet normal -7.23372e-05 0.78801 -0.615663
    outer loop
      vertex 13.1413 7.76878 24.7548
      vertex 13.1413 4.74699 20.8871
      vertex 12.8719 7.70008 24.6669
    endloop
  endfacet
  facet normal -4.78245e-05 0.788016 -0.615654
    outer loop
      vertex 16.0328 5.25985 21.5435
      vertex 16.0328 7.25592 24.0984
      vertex 16.2015 7.10952 23.911
    endloop
  endfacet
  facet normal 7.57822e-05 0.788015 -0.615656
    outer loop
      vertex 12.8719 4.81569 20.975
      vertex 12.8719 7.70008 24.6669
      vertex 13.1413 4.74699 20.8871
    endloop
  endfacet
  facet normal -3.09828e-05 0.788013 -0.615659
    outer loop
      vertex 16.2015 5.40625 21.7309
      vertex 16.2015 7.10952 23.911
      vertex 16.3425 6.95241 23.7099
    endloop
  endfacet
  facet normal 0.000147614 0.788015 -0.615656
    outer loop
      vertex 12.8719 7.70008 24.6669
      vertex 12.8719 4.81569 20.975
      vertex 12.6167 7.61325 24.5557
    endloop
  endfacet
  facet normal -0.000164673 0.788017 -0.615653
    outer loop
      vertex 16.2015 5.40625 21.7309
      vertex 16.3425 6.95241 23.7099
      vertex 16.4541 6.78657 23.4976
    endloop
  endfacet
  facet normal -0.000157074 0.788004 -0.61567
    outer loop
      vertex 12.6167 4.90252 21.0862
      vertex 12.6167 7.61325 24.5557
      vertex 12.8719 4.81569 20.975
    endloop
  endfacet
  facet normal 0.00040312 0.787978 -0.615703
    outer loop
      vertex 16.2015 5.40625 21.7309
      vertex 16.4541 6.78657 23.4976
      vertex 16.5348 6.61408 23.2769
    endloop
  endfacet
  facet normal -0.000115518 0.788004 -0.61567
    outer loop
      vertex 12.6167 7.61325 24.5557
      vertex 12.6167 4.90252 21.0862
      vertex 12.3789 7.50938 24.4228
    endloop
  endfacet
  facet normal 0.000115391 0.788008 -0.615665
    outer loop
      vertex 16.2015 5.40625 21.7309
      vertex 16.5348 6.61408 23.2769
      vertex 16.5837 6.43711 23.0504
    endloop
  endfacet
  facet normal 0.000125103 0.788013 -0.615659
    outer loop
      vertex 12.3789 5.00639 21.2191
      vertex 12.3789 7.50938 24.4228
      vertex 12.6167 4.90252 21.0862
    endloop
  endfacet
  facet normal 0.0001061 0.788009 -0.615663
    outer loop
      vertex 16.2015 5.40625 21.7309
      vertex 16.5837 6.43711 23.0504
      vertex 16.6 6.25788 22.821
    endloop
  endfacet
  facet normal -2.12989e-05 0.788013 -0.615659
    outer loop
      vertex 12.3789 7.50938 24.4228
      vertex 12.3789 5.00639 21.2191
      vertex 12.1615 7.38976 24.2697
    endloop
  endfacet
  facet normal 4.06597e-05 0.788021 -0.615649
    outer loop
      vertex 16.2015 5.40625 21.7309
      vertex 16.6 6.25788 22.821
      vertex 16.5837 6.07866 22.5916
    endloop
  endfacet
  facet normal 2.3179e-05 0.788011 -0.615661
    outer loop
      vertex 14.2911 7.84854 24.8569
      vertex 14.2911 4.66723 20.785
      vertex 14 4.65716 20.7721
    endloop
  endfacet
  facet normal -0.000885755 0.78822 -0.615393
    outer loop
      vertex 16.2015 5.40625 21.7309
      vertex 16.5837 6.07866 22.5916
      vertex 16.5348 5.90169 22.365
    endloop
  endfacet
  facet normal -1.46127e-05 0.788013 -0.615659
    outer loop
      vertex 12.1615 5.126 21.3722
      vertex 12.1615 7.38976 24.2697
      vertex 12.3789 5.00639 21.2191
    endloop
  endfacet
  facet normal 0.00113651 0.787704 -0.616053
    outer loop
      vertex 16.2015 5.40625 21.7309
      vertex 16.5348 5.90169 22.365
      vertex 16.4541 5.7292 22.1443
    endloop
  endfacet
  facet normal -2.70311e-05 0.788013 -0.615659
    outer loop
      vertex 12.1615 7.38976 24.2697
      vertex 12.1615 5.126 21.3722
      vertex 11.9672 7.25592 24.0984
    endloop
  endfacet
  facet normal -0.000423882 0.788167 -0.615461
    outer loop
      vertex 16.2015 5.40625 21.7309
      vertex 16.4541 5.7292 22.1443
      vertex 16.3425 5.56336 21.932
    endloop
  endfacet
  facet normal 7.39319e-05 0.788016 -0.615654
    outer loop
      vertex 11.9672 5.25985 21.5435
      vertex 11.9672 7.25592 24.0984
      vertex 12.1615 5.126 21.3722
    endloop
  endfacet
  facet normal 5.60462e-05 0.788013 -0.615659
    outer loop
      vertex 16.2015 7.10952 23.911
      vertex 16.2015 5.40625 21.7309
      vertex 16.0328 5.25985 21.5435
    endloop
  endfacet
  facet normal 4.78245e-05 0.788016 -0.615654
    outer loop
      vertex 11.9672 7.25592 24.0984
      vertex 11.9672 5.25985 21.5435
      vertex 11.7985 7.10952 23.911
    endloop
  endfacet
  facet normal -7.39319e-05 0.788016 -0.615654
    outer loop
      vertex 16.0328 7.25592 24.0984
      vertex 16.0328 5.25985 21.5435
      vertex 15.8385 5.126 21.3722
    endloop
  endfacet
  facet normal -5.60462e-05 0.788013 -0.615659
    outer loop
      vertex 11.7985 5.40625 21.7309
      vertex 11.7985 7.10952 23.911
      vertex 11.9672 5.25985 21.5435
    endloop
  endfacet
  facet normal 1.46127e-05 0.788013 -0.615659
    outer loop
      vertex 15.8385 7.38976 24.2697
      vertex 15.8385 5.126 21.3722
      vertex 15.6211 5.00639 21.2191
    endloop
  endfacet
  facet normal 2.63476e-05 0.78801 -0.615663
    outer loop
      vertex 14.5786 7.81847 24.8184
      vertex 14.5786 4.6973 20.8235
      vertex 14.2911 4.66723 20.785
    endloop
  endfacet
  facet normal -0.000125103 0.788013 -0.615659
    outer loop
      vertex 15.6211 7.50938 24.4228
      vertex 15.6211 5.00639 21.2191
      vertex 15.3833 4.90252 21.0862
    endloop
  endfacet
  facet normal -1.22928e-07 0.78801 -0.615663
    outer loop
      vertex 14.8587 7.76878 24.7548
      vertex 14.8587 4.74699 20.8871
      vertex 14.5786 4.6973 20.8235
    endloop
  endfacet
  facet normal 0.000157074 0.788004 -0.61567
    outer loop
      vertex 15.3833 7.61325 24.5557
      vertex 15.3833 4.90252 21.0862
      vertex 15.1281 4.81569 20.975
    endloop
  endfacet
  facet normal -7.57822e-05 0.788015 -0.615656
    outer loop
      vertex 15.1281 7.70008 24.6669
      vertex 15.1281 4.81569 20.975
      vertex 14.8587 4.74699 20.8871
    endloop
  endfacet
  facet normal 0.000164673 0.788017 -0.615653
    outer loop
      vertex 11.6575 6.95241 23.7099
      vertex 11.7985 5.40625 21.7309
      vertex 11.5459 6.78657 23.4976
    endloop
  endfacet
  facet normal 0.000423882 0.788167 -0.615461
    outer loop
      vertex 11.5459 5.7292 22.1443
      vertex 11.7985 5.40625 21.7309
      vertex 11.6575 5.56336 21.932
    endloop
  endfacet
  facet normal -0.00040312 0.787978 -0.615703
    outer loop
      vertex 11.5459 6.78657 23.4976
      vertex 11.7985 5.40625 21.7309
      vertex 11.4652 6.61408 23.2769
    endloop
  endfacet
  facet normal -0.00113651 0.787704 -0.616053
    outer loop
      vertex 11.4652 5.90169 22.365
      vertex 11.7985 5.40625 21.7309
      vertex 11.5459 5.7292 22.1443
    endloop
  endfacet
  facet normal 0.000885755 0.78822 -0.615393
    outer loop
      vertex 11.4163 6.07866 22.5916
      vertex 11.7985 5.40625 21.7309
      vertex 11.4652 5.90169 22.365
    endloop
  endfacet
  facet normal -4.06597e-05 0.788021 -0.615649
    outer loop
      vertex 11.4 6.25788 22.821
      vertex 11.7985 5.40625 21.7309
      vertex 11.4163 6.07866 22.5916
    endloop
  endfacet
  facet normal -0.0001061 0.788009 -0.615663
    outer loop
      vertex 11.4163 6.43711 23.0504
      vertex 11.7985 5.40625 21.7309
      vertex 11.4 6.25788 22.821
    endloop
  endfacet
  facet normal -0.000115391 0.788008 -0.615665
    outer loop
      vertex 11.4652 6.61408 23.2769
      vertex 11.7985 5.40625 21.7309
      vertex 11.4163 6.43711 23.0504
    endloop
  endfacet
  facet normal 3.09828e-05 0.788013 -0.615659
    outer loop
      vertex 11.7985 7.10952 23.911
      vertex 11.7985 5.40625 21.7309
      vertex 11.6575 6.95241 23.7099
    endloop
  endfacet
  facet normal -0.382604 -0.568811 -0.728058
    outer loop
      vertex 14.8587 7.76878 24.7548
      vertex 15.1281 9.2761 23.4356
      vertex 15.1281 7.70008 24.6669
    endloop
  endfacet
  facet normal -0.382604 -0.568811 -0.728058
    outer loop
      vertex 15.1281 9.2761 23.4356
      vertex 14.8587 7.76878 24.7548
      vertex 14.8587 9.3448 23.5235
    endloop
  endfacet
  facet normal -0.276881 -0.591585 -0.757208
    outer loop
      vertex 14.5786 7.81847 24.8184
      vertex 14.8587 9.3448 23.5235
      vertex 14.8587 7.76878 24.7548
    endloop
  endfacet
  facet normal -0.276881 -0.591585 -0.757208
    outer loop
      vertex 14.8587 9.3448 23.5235
      vertex 14.5786 7.81847 24.8184
      vertex 14.5786 9.39449 23.5871
    endloop
  endfacet
  facet normal -0.960936 -0.170394 -0.218099
    outer loop
      vertex 16.5348 8.1901 22.0455
      vertex 16.4541 6.78657 23.4976
      vertex 16.4541 8.36259 22.2663
    endloop
  endfacet
  facet normal -0.960916 -0.170447 -0.218149
    outer loop
      vertex 16.4541 6.78657 23.4976
      vertex 16.5348 8.1901 22.0455
      vertex 16.5348 6.61408 23.2769
    endloop
  endfacet
  facet normal 0.578551 -0.502156 -0.642742
    outer loop
      vertex 12.3789 9.0854 23.1915
      vertex 12.6167 7.61325 24.5557
      vertex 12.3789 7.50938 24.4228
    endloop
  endfacet
  facet normal 0.578551 -0.502156 -0.642742
    outer loop
      vertex 12.6167 7.61325 24.5557
      vertex 12.3789 9.0854 23.1915
      vertex 12.6167 9.18927 23.3244
    endloop
  endfacet
  facet normal 0.483826 -0.538799 -0.689644
    outer loop
      vertex 12.6167 9.18927 23.3244
      vertex 12.8719 7.70008 24.6669
      vertex 12.6167 7.61325 24.5557
    endloop
  endfacet
  facet normal 0.483826 -0.538799 -0.689644
    outer loop
      vertex 12.8719 7.70008 24.6669
      vertex 12.6167 9.18927 23.3244
      vertex 12.8719 9.2761 23.4356
    endloop
  endfacet
  facet normal 0.167517 -0.606955 -0.776881
    outer loop
      vertex 13.4214 9.39449 23.5871
      vertex 13.7089 7.84854 24.8569
      vertex 13.4214 7.81847 24.8184
    endloop
  endfacet
  facet normal 0.167517 -0.606955 -0.776881
    outer loop
      vertex 13.7089 7.84854 24.8569
      vertex 13.4214 9.39449 23.5871
      vertex 13.7089 9.42456 23.6256
    endloop
  endfacet
  facet normal 0.875284 -0.297737 -0.381092
    outer loop
      vertex 11.7985 7.10952 23.911
      vertex 11.6575 8.52843 22.4786
      vertex 11.7985 8.68554 22.6797
    endloop
  endfacet
  facet normal 0.875284 -0.297737 -0.381092
    outer loop
      vertex 11.6575 8.52843 22.4786
      vertex 11.7985 7.10952 23.911
      vertex 11.6575 6.95241 23.7099
    endloop
  endfacet
  facet normal 0.745598 -0.410269 -0.525132
    outer loop
      vertex 12.1615 7.38976 24.2697
      vertex 11.9672 8.83194 22.8671
      vertex 12.1615 8.96579 23.0384
    endloop
  endfacet
  facet normal 0.745588 -0.410277 -0.525139
    outer loop
      vertex 11.9672 8.83194 22.8671
      vertex 12.1615 7.38976 24.2697
      vertex 11.9672 7.25592 24.0984
    endloop
  endfacet
  facet normal 0.815613 -0.356216 -0.455944
    outer loop
      vertex 11.9672 7.25592 24.0984
      vertex 11.7985 8.68554 22.6797
      vertex 11.9672 8.83194 22.8671
    endloop
  endfacet
  facet normal 0.815613 -0.356216 -0.455944
    outer loop
      vertex 11.7985 8.68554 22.6797
      vertex 11.9672 7.25592 24.0984
      vertex 11.7985 7.10952 23.911
    endloop
  endfacet
  facet normal 0.666353 -0.459055 -0.587574
    outer loop
      vertex 12.3789 7.50938 24.4228
      vertex 12.1615 8.96579 23.0384
      vertex 12.3789 9.0854 23.1915
    endloop
  endfacet
  facet normal 0.666364 -0.459046 -0.587567
    outer loop
      vertex 12.1615 8.96579 23.0384
      vertex 12.3789 7.50938 24.4228
      vertex 12.1615 7.38976 24.2697
    endloop
  endfacet
  facet normal 0.985836 -0.103259 -0.132157
    outer loop
      vertex 11.4652 6.61408 23.2769
      vertex 11.4163 8.01313 21.819
      vertex 11.4652 8.1901 22.0455
    endloop
  endfacet
  facet normal 0.985836 -0.103259 -0.132157
    outer loop
      vertex 11.4163 8.01313 21.819
      vertex 11.4652 6.61408 23.2769
      vertex 11.4163 6.43711 23.0504
    endloop
  endfacet
  facet normal -0.578551 -0.502156 -0.642742
    outer loop
      vertex 15.3833 7.61325 24.5557
      vertex 15.6211 9.0854 23.1915
      vertex 15.6211 7.50938 24.4228
    endloop
  endfacet
  facet normal -0.578551 -0.502156 -0.642742
    outer loop
      vertex 15.6211 9.0854 23.1915
      vertex 15.3833 7.61325 24.5557
      vertex 15.3833 9.18927 23.3244
    endloop
  endfacet
  facet normal -0.745598 -0.410269 -0.525132
    outer loop
      vertex 16.0328 8.83194 22.8671
      vertex 15.8385 7.38976 24.2697
      vertex 15.8385 8.96579 23.0384
    endloop
  endfacet
  facet normal -0.745588 -0.410277 -0.525139
    outer loop
      vertex 15.8385 7.38976 24.2697
      vertex 16.0328 8.83194 22.8671
      vertex 16.0328 7.25592 24.0984
    endloop
  endfacet
  facet normal -0.666353 -0.459055 -0.587574
    outer loop
      vertex 15.8385 8.96579 23.0384
      vertex 15.6211 7.50938 24.4228
      vertex 15.6211 9.0854 23.1915
    endloop
  endfacet
  facet normal -0.666364 -0.459046 -0.587567
    outer loop
      vertex 15.6211 7.50938 24.4228
      vertex 15.8385 8.96579 23.0384
      vertex 15.8385 7.38976 24.2697
    endloop
  endfacet
  facet normal 0.382604 -0.568811 -0.728058
    outer loop
      vertex 12.8719 9.2761 23.4356
      vertex 13.1413 7.76878 24.7548
      vertex 12.8719 7.70008 24.6669
    endloop
  endfacet
  facet normal 0.382604 -0.568811 -0.728058
    outer loop
      vertex 13.1413 7.76878 24.7548
      vertex 12.8719 9.2761 23.4356
      vertex 13.1413 9.3448 23.5235
    endloop
  endfacet
  facet normal 0.0561083 -0.614685 -0.786775
    outer loop
      vertex 13.7089 9.42456 23.6256
      vertex 14 7.8586 24.8698
      vertex 13.7089 7.84854 24.8569
    endloop
  endfacet
  facet normal 0.0561293 -0.614682 -0.786776
    outer loop
      vertex 14 7.8586 24.8698
      vertex 13.7089 9.42456 23.6256
      vertex 14 9.43463 23.6385
    endloop
  endfacet
  facet normal 0.276881 -0.591585 -0.757208
    outer loop
      vertex 13.1413 9.3448 23.5235
      vertex 13.4214 7.81847 24.8184
      vertex 13.1413 7.76878 24.7548
    endloop
  endfacet
  facet normal 0.276881 -0.591585 -0.757208
    outer loop
      vertex 13.4214 7.81847 24.8184
      vertex 13.1413 9.3448 23.5235
      vertex 13.4214 9.39449 23.5871
    endloop
  endfacet
  facet normal -0.998436 0.0344192 0.0440521
    outer loop
      vertex 35.0837 7.65468 21.3602
      vertex 35.1 6.25788 22.821
      vertex 35.1 7.83391 21.5896
    endloop
  endfacet
  facet normal -0.998436 0.0344201 0.0440529
    outer loop
      vertex 35.1 6.25788 22.821
      vertex 35.0837 7.65468 21.3602
      vertex 35.0837 6.07866 22.5916
    endloop
  endfacet
  facet normal 0.998436 0.0344192 0.0440521
    outer loop
      vertex 29.9 6.25788 22.821
      vertex 29.9163 7.65468 21.3602
      vertex 29.9 7.83391 21.5896
    endloop
  endfacet
  facet normal 0.998436 0.0344201 0.0440529
    outer loop
      vertex 29.9163 7.65468 21.3602
      vertex 29.9 6.25788 22.821
      vertex 29.9163 6.07866 22.5916
    endloop
  endfacet
  facet normal 0.0561083 0.614685 0.786775
    outer loop
      vertex 32.2089 4.66723 20.785
      vertex 32.5 6.23319 19.5408
      vertex 32.2089 6.24325 19.5537
    endloop
  endfacet
  facet normal 0.0561293 0.614682 0.786776
    outer loop
      vertex 32.5 6.23319 19.5408
      vertex 32.2089 4.66723 20.785
      vertex 32.5 4.65716 20.7721
    endloop
  endfacet
  facet normal -0.0561083 -0.614685 -0.786775
    outer loop
      vertex 32.5 7.8586 24.8698
      vertex 32.7911 9.42456 23.6256
      vertex 32.7911 7.84854 24.8569
    endloop
  endfacet
  facet normal -0.0561293 -0.614682 -0.786776
    outer loop
      vertex 32.7911 9.42456 23.6256
      vertex 32.5 7.8586 24.8698
      vertex 32.5 9.43463 23.6385
    endloop
  endfacet
  facet normal -0.666364 0.459046 0.587567
    outer loop
      vertex 34.1211 6.58241 19.9878
      vertex 34.3385 5.126 21.3722
      vertex 34.3385 6.70203 20.1409
    endloop
  endfacet
  facet normal -0.666353 0.459055 0.587574
    outer loop
      vertex 34.3385 5.126 21.3722
      vertex 34.1211 6.58241 19.9878
      vertex 34.1211 5.00639 21.2191
    endloop
  endfacet
  facet normal 0.745588 0.410277 0.525139
    outer loop
      vertex 30.4672 5.25985 21.5435
      vertex 30.6615 6.70203 20.1409
      vertex 30.4672 6.83587 20.3122
    endloop
  endfacet
  facet normal 0.745598 0.410269 0.525132
    outer loop
      vertex 30.6615 6.70203 20.1409
      vertex 30.4672 5.25985 21.5435
      vertex 30.6615 5.126 21.3722
    endloop
  endfacet
  facet normal 0.382604 0.568811 0.728058
    outer loop
      vertex 31.3719 4.81569 20.975
      vertex 31.6413 6.32301 19.6558
      vertex 31.3719 6.39171 19.7437
    endloop
  endfacet
  facet normal 0.382604 0.568811 0.728058
    outer loop
      vertex 31.6413 6.32301 19.6558
      vertex 31.3719 4.81569 20.975
      vertex 31.6413 4.74699 20.8871
    endloop
  endfacet
  facet normal -0.923825 0.235694 0.301656
    outer loop
      vertex 34.8425 7.13938 20.7007
      vertex 34.9541 5.7292 22.1443
      vertex 34.9541 7.30522 20.9129
    endloop
  endfacet
  facet normal -0.923864 0.235623 0.30159
    outer loop
      vertex 34.9541 5.7292 22.1443
      vertex 34.8425 7.13938 20.7007
      vertex 34.8425 5.56336 21.932
    endloop
  endfacet
  facet normal -0.985836 0.103259 0.132157
    outer loop
      vertex 35.0348 7.47771 21.1337
      vertex 35.0837 6.07866 22.5916
      vertex 35.0837 7.65468 21.3602
    endloop
  endfacet
  facet normal -0.985843 0.103226 0.132126
    outer loop
      vertex 35.0837 6.07866 22.5916
      vertex 35.0348 7.47771 21.1337
      vertex 35.0348 5.90169 22.365
    endloop
  endfacet
  facet normal -0.276881 0.591585 0.757208
    outer loop
      vertex 33.0786 6.27332 19.5922
      vertex 33.3587 4.74699 20.8871
      vertex 33.3587 6.32301 19.6558
    endloop
  endfacet
  facet normal -0.276881 0.591585 0.757208
    outer loop
      vertex 33.3587 4.74699 20.8871
      vertex 33.0786 6.27332 19.5922
      vertex 33.0786 4.6973 20.8235
    endloop
  endfacet
  facet normal -0.167517 0.606955 0.776881
    outer loop
      vertex 32.7911 6.24325 19.5537
      vertex 33.0786 4.6973 20.8235
      vertex 33.0786 6.27332 19.5922
    endloop
  endfacet
  facet normal -0.167517 0.606955 0.776881
    outer loop
      vertex 33.0786 4.6973 20.8235
      vertex 32.7911 6.24325 19.5537
      vertex 32.7911 4.66723 20.785
    endloop
  endfacet
  facet normal -0.483619 0.538897 0.689713
    outer loop
      vertex 33.6281 6.39171 19.7437
      vertex 33.8833 4.90252 21.0862
      vertex 33.8833 6.47854 19.8548
    endloop
  endfacet
  facet normal -0.483826 0.538799 0.689644
    outer loop
      vertex 33.8833 4.90252 21.0862
      vertex 33.6281 6.39171 19.7437
      vertex 33.6281 4.81569 20.975
    endloop
  endfacet
  facet normal 0.923825 0.235694 0.301656
    outer loop
      vertex 30.0459 5.7292 22.1443
      vertex 30.1575 7.13938 20.7007
      vertex 30.0459 7.30522 20.9129
    endloop
  endfacet
  facet normal 0.923864 0.235623 0.30159
    outer loop
      vertex 30.1575 7.13938 20.7007
      vertex 30.0459 5.7292 22.1443
      vertex 30.1575 5.56336 21.932
    endloop
  endfacet
  facet normal 0.875284 0.297737 0.381092
    outer loop
      vertex 30.1575 5.56336 21.932
      vertex 30.2985 6.98227 20.4996
      vertex 30.1575 7.13938 20.7007
    endloop
  endfacet
  facet normal 0.875284 0.297737 0.381092
    outer loop
      vertex 30.2985 6.98227 20.4996
      vertex 30.1575 5.56336 21.932
      vertex 30.2985 5.40625 21.7309
    endloop
  endfacet
  facet normal -2.29479e-05 -0.788014 0.615657
    outer loop
      vertex 32.5 6.23319 19.5408
      vertex 32.5 9.43463 23.6385
      vertex 32.2089 9.42456 23.6256
    endloop
  endfacet
  facet normal -2.58495e-05 -0.788011 0.615661
    outer loop
      vertex 32.2089 6.24325 19.5537
      vertex 32.2089 9.42456 23.6256
      vertex 31.9214 9.39449 23.5871
    endloop
  endfacet
  facet normal 2.29479e-05 -0.788014 0.615657
    outer loop
      vertex 32.5 9.43463 23.6385
      vertex 32.5 6.23319 19.5408
      vertex 32.7911 9.42456 23.6256
    endloop
  endfacet
  facet normal 1.19014e-07 -0.78801 0.615663
    outer loop
      vertex 31.9214 6.27332 19.5922
      vertex 31.9214 9.39449 23.5871
      vertex 31.6413 9.3448 23.5235
    endloop
  endfacet
  facet normal -5.02492e-05 -0.788011 0.615661
    outer loop
      vertex 32.7911 6.24325 19.5537
      vertex 32.7911 9.42456 23.6256
      vertex 32.5 6.23319 19.5408
    endloop
  endfacet
  facet normal 7.23372e-05 -0.78801 0.615663
    outer loop
      vertex 31.6413 6.32301 19.6558
      vertex 31.6413 9.3448 23.5235
      vertex 31.3719 9.2761 23.4356
    endloop
  endfacet
  facet normal 2.58495e-05 -0.788011 0.615661
    outer loop
      vertex 32.7911 9.42456 23.6256
      vertex 32.7911 6.24325 19.5537
      vertex 33.0786 9.39449 23.5871
    endloop
  endfacet
  facet normal -0.000147614 -0.788015 0.615656
    outer loop
      vertex 31.3719 6.39171 19.7437
      vertex 31.3719 9.2761 23.4356
      vertex 31.1167 9.18927 23.3244
    endloop
  endfacet
  facet normal -2.63476e-05 -0.78801 0.615663
    outer loop
      vertex 33.0786 6.27332 19.5922
      vertex 33.0786 9.39449 23.5871
      vertex 32.7911 6.24325 19.5537
    endloop
  endfacet
  facet normal 0.000125436 -0.788013 0.615659
    outer loop
      vertex 31.1167 6.47854 19.8548
      vertex 31.1167 9.18927 23.3244
      vertex 30.8789 9.0854 23.1915
    endloop
  endfacet
  facet normal -1.19014e-07 -0.78801 0.615663
    outer loop
      vertex 33.0786 9.39449 23.5871
      vertex 33.0786 6.27332 19.5922
      vertex 33.3587 9.3448 23.5235
    endloop
  endfacet
  facet normal -1.49482e-05 -0.788013 0.615659
    outer loop
      vertex 30.8789 6.58241 19.9878
      vertex 30.8789 9.0854 23.1915
      vertex 30.6615 8.96579 23.0384
    endloop
  endfacet
  facet normal 1.22928e-07 -0.78801 0.615663
    outer loop
      vertex 33.3587 6.32301 19.6558
      vertex 33.3587 9.3448 23.5235
      vertex 33.0786 6.27332 19.5922
    endloop
  endfacet
  facet normal 6.75876e-05 -0.788013 0.615659
    outer loop
      vertex 30.6615 6.70203 20.1409
      vertex 30.6615 8.96579 23.0384
      vertex 30.4672 8.83194 22.8671
    endloop
  endfacet
  facet normal -7.23372e-05 -0.78801 0.615663
    outer loop
      vertex 33.3587 9.3448 23.5235
      vertex 33.3587 6.32301 19.6558
      vertex 33.6281 9.2761 23.4356
    endloop
  endfacet
  facet normal -4.78245e-05 -0.788016 0.615654
    outer loop
      vertex 30.4672 6.83587 20.3122
      vertex 30.4672 8.83194 22.8671
      vertex 30.2985 8.68554 22.6797
    endloop
  endfacet
  facet normal 7.57822e-05 -0.788015 0.615656
    outer loop
      vertex 33.6281 6.39171 19.7437
      vertex 33.6281 9.2761 23.4356
      vertex 33.3587 6.32301 19.6558
    endloop
  endfacet
  facet normal -3.09828e-05 -0.788013 0.615659
    outer loop
      vertex 30.2985 6.98227 20.4996
      vertex 30.2985 8.68554 22.6797
      vertex 30.1575 8.52843 22.4786
    endloop
  endfacet
  facet normal 0.000147614 -0.788015 0.615656
    outer loop
      vertex 33.6281 9.2761 23.4356
      vertex 33.6281 6.39171 19.7437
      vertex 33.8833 9.18927 23.3244
    endloop
  endfacet
  facet normal -0.000164673 -0.788017 0.615653
    outer loop
      vertex 30.2985 6.98227 20.4996
      vertex 30.1575 8.52843 22.4786
      vertex 30.0459 8.36259 22.2663
    endloop
  endfacet
  facet normal 9.19023e-05 -0.788013 0.615659
    outer loop
      vertex 33.8833 6.47854 19.8548
      vertex 33.8833 9.18927 23.3244
      vertex 33.6281 6.39171 19.7437
    endloop
  endfacet
  facet normal -0.000145302 -0.788016 0.615655
    outer loop
      vertex 30.2985 6.98227 20.4996
      vertex 30.0459 8.36259 22.2663
      vertex 29.9652 8.1901 22.0455
    endloop
  endfacet
  facet normal -0.000125436 -0.788013 0.615659
    outer loop
      vertex 33.8833 9.18927 23.3244
      vertex 33.8833 6.47854 19.8548
      vertex 34.1211 9.0854 23.1915
    endloop
  endfacet
  facet normal 2.30944e-05 -0.787998 0.615677
    outer loop
      vertex 30.2985 6.98227 20.4996
      vertex 29.9652 8.1901 22.0455
      vertex 29.9163 8.01313 21.819
    endloop
  endfacet
  facet normal -0.000133795 -0.788013 0.615659
    outer loop
      vertex 34.1211 6.58241 19.9878
      vertex 34.1211 9.0854 23.1915
      vertex 33.8833 6.47854 19.8548
    endloop
  endfacet
  facet normal -0.000118481 -0.788018 0.615652
    outer loop
      vertex 30.2985 6.98227 20.4996
      vertex 29.9163 8.01313 21.819
      vertex 29.9 7.83391 21.5896
    endloop
  endfacet
  facet normal 1.49482e-05 -0.788013 0.615659
    outer loop
      vertex 34.1211 9.0854 23.1915
      vertex 34.1211 6.58241 19.9878
      vertex 34.3385 8.96579 23.0384
    endloop
  endfacet
  facet normal -5.90185e-05 -0.788008 0.615665
    outer loop
      vertex 30.2985 6.98227 20.4996
      vertex 29.9 7.83391 21.5896
      vertex 29.9163 7.65468 21.3602
    endloop
  endfacet
  facet normal 5.02492e-05 -0.788011 0.615661
    outer loop
      vertex 32.2089 9.42456 23.6256
      vertex 32.2089 6.24325 19.5537
      vertex 32.5 6.23319 19.5408
    endloop
  endfacet
  facet normal -8.55576e-06 -0.787997 0.615679
    outer loop
      vertex 30.2985 6.98227 20.4996
      vertex 29.9163 7.65468 21.3602
      vertex 29.9652 7.47771 21.1337
    endloop
  endfacet
  facet normal 2.16344e-05 -0.788013 0.615659
    outer loop
      vertex 34.3385 6.70203 20.1409
      vertex 34.3385 8.96579 23.0384
      vertex 34.1211 6.58241 19.9878
    endloop
  endfacet
  facet normal -0.000606137 -0.788149 0.615484
    outer loop
      vertex 30.2985 6.98227 20.4996
      vertex 29.9652 7.47771 21.1337
      vertex 30.0459 7.30522 20.9129
    endloop
  endfacet
  facet normal -6.75876e-05 -0.788013 0.615659
    outer loop
      vertex 34.3385 8.96579 23.0384
      vertex 34.3385 6.70203 20.1409
      vertex 34.5328 8.83194 22.8671
    endloop
  endfacet
  facet normal 0.00123047 -0.787604 0.616181
    outer loop
      vertex 30.2985 6.98227 20.4996
      vertex 30.0459 7.30522 20.9129
      vertex 30.1575 7.13938 20.7007
    endloop
  endfacet
  facet normal 3.33752e-05 -0.788016 0.615654
    outer loop
      vertex 34.5328 6.83587 20.3122
      vertex 34.5328 8.83194 22.8671
      vertex 34.3385 6.70203 20.1409
    endloop
  endfacet
  facet normal 5.60462e-05 -0.788013 0.615659
    outer loop
      vertex 30.2985 8.68554 22.6797
      vertex 30.2985 6.98227 20.4996
      vertex 30.4672 6.83587 20.3122
    endloop
  endfacet
  facet normal 4.78245e-05 -0.788016 0.615654
    outer loop
      vertex 34.5328 8.83194 22.8671
      vertex 34.5328 6.83587 20.3122
      vertex 34.7015 8.68554 22.6797
    endloop
  endfacet
  facet normal -3.33752e-05 -0.788016 0.615654
    outer loop
      vertex 30.4672 8.83194 22.8671
      vertex 30.4672 6.83587 20.3122
      vertex 30.6615 6.70203 20.1409
    endloop
  endfacet
  facet normal -5.60462e-05 -0.788013 0.615659
    outer loop
      vertex 34.7015 6.98227 20.4996
      vertex 34.7015 8.68554 22.6797
      vertex 34.5328 6.83587 20.3122
    endloop
  endfacet
  facet normal -2.16344e-05 -0.788013 0.615659
    outer loop
      vertex 30.6615 8.96579 23.0384
      vertex 30.6615 6.70203 20.1409
      vertex 30.8789 6.58241 19.9878
    endloop
  endfacet
  facet normal 2.63476e-05 -0.78801 0.615663
    outer loop
      vertex 31.9214 9.39449 23.5871
      vertex 31.9214 6.27332 19.5922
      vertex 32.2089 6.24325 19.5537
    endloop
  endfacet
  facet normal 0.000133795 -0.788013 0.615659
    outer loop
      vertex 30.8789 9.0854 23.1915
      vertex 30.8789 6.58241 19.9878
      vertex 31.1167 6.47854 19.8548
    endloop
  endfacet
  facet normal -1.22928e-07 -0.78801 0.615663
    outer loop
      vertex 31.6413 9.3448 23.5235
      vertex 31.6413 6.32301 19.6558
      vertex 31.9214 6.27332 19.5922
    endloop
  endfacet
  facet normal -9.19023e-05 -0.788013 0.615659
    outer loop
      vertex 31.1167 9.18927 23.3244
      vertex 31.1167 6.47854 19.8548
      vertex 31.3719 6.39171 19.7437
    endloop
  endfacet
  facet normal -7.57822e-05 -0.788015 0.615656
    outer loop
      vertex 31.3719 9.2761 23.4356
      vertex 31.3719 6.39171 19.7437
      vertex 31.6413 6.32301 19.6558
    endloop
  endfacet
  facet normal 0.000164673 -0.788017 0.615653
    outer loop
      vertex 34.8425 8.52843 22.4786
      vertex 34.7015 6.98227 20.4996
      vertex 34.9541 8.36259 22.2663
    endloop
  endfacet
  facet normal -0.00123047 -0.787604 0.616181
    outer loop
      vertex 34.9541 7.30522 20.9129
      vertex 34.7015 6.98227 20.4996
      vertex 34.8425 7.13938 20.7007
    endloop
  endfacet
  facet normal 0.000145302 -0.788016 0.615655
    outer loop
      vertex 34.9541 8.36259 22.2663
      vertex 34.7015 6.98227 20.4996
      vertex 35.0348 8.1901 22.0455
    endloop
  endfacet
  facet normal 0.000606137 -0.788149 0.615484
    outer loop
      vertex 35.0348 7.47771 21.1337
      vertex 34.7015 6.98227 20.4996
      vertex 34.9541 7.30522 20.9129
    endloop
  endfacet
  facet normal 8.55576e-06 -0.787997 0.615679
    outer loop
      vertex 35.0837 7.65468 21.3602
      vertex 34.7015 6.98227 20.4996
      vertex 35.0348 7.47771 21.1337
    endloop
  endfacet
  facet normal 5.90185e-05 -0.788008 0.615665
    outer loop
      vertex 35.1 7.83391 21.5896
      vertex 34.7015 6.98227 20.4996
      vertex 35.0837 7.65468 21.3602
    endloop
  endfacet
  facet normal 0.000118481 -0.788018 0.615652
    outer loop
      vertex 35.0837 8.01313 21.819
      vertex 34.7015 6.98227 20.4996
      vertex 35.1 7.83391 21.5896
    endloop
  endfacet
  facet normal -2.30944e-05 -0.787998 0.615677
    outer loop
      vertex 35.0348 8.1901 22.0455
      vertex 34.7015 6.98227 20.4996
      vertex 35.0837 8.01313 21.819
    endloop
  endfacet
  facet normal 3.09828e-05 -0.788013 0.615659
    outer loop
      vertex 34.7015 8.68554 22.6797
      vertex 34.7015 6.98227 20.4996
      vertex 34.8425 8.52843 22.4786
    endloop
  endfacet
  facet normal 0.167517 0.606955 0.776881
    outer loop
      vertex 31.9214 4.6973 20.8235
      vertex 32.2089 6.24325 19.5537
      vertex 31.9214 6.27332 19.5922
    endloop
  endfacet
  facet normal 0.167517 0.606955 0.776881
    outer loop
      vertex 32.2089 6.24325 19.5537
      vertex 31.9214 4.6973 20.8235
      vertex 32.2089 4.66723 20.785
    endloop
  endfacet
  facet normal -0.167517 -0.606955 -0.776881
    outer loop
      vertex 32.7911 7.84854 24.8569
      vertex 33.0786 9.39449 23.5871
      vertex 33.0786 7.81847 24.8184
    endloop
  endfacet
  facet normal -0.167517 -0.606955 -0.776881
    outer loop
      vertex 33.0786 9.39449 23.5871
      vertex 32.7911 7.84854 24.8569
      vertex 32.7911 9.42456 23.6256
    endloop
  endfacet
  facet normal -0.960936 0.170394 0.218099
    outer loop
      vertex 34.9541 7.30522 20.9129
      vertex 35.0348 5.90169 22.365
      vertex 35.0348 7.47771 21.1337
    endloop
  endfacet
  facet normal -0.960916 0.170447 0.218149
    outer loop
      vertex 35.0348 5.90169 22.365
      vertex 34.9541 7.30522 20.9129
      vertex 34.9541 5.7292 22.1443
    endloop
  endfacet
  facet normal -0.815613 0.356216 0.455944
    outer loop
      vertex 34.5328 6.83587 20.3122
      vertex 34.7015 5.40625 21.7309
      vertex 34.7015 6.98227 20.4996
    endloop
  endfacet
  facet normal -0.815613 0.356216 0.455944
    outer loop
      vertex 34.7015 5.40625 21.7309
      vertex 34.5328 6.83587 20.3122
      vertex 34.5328 5.25985 21.5435
    endloop
  endfacet
  facet normal -0.745588 0.410277 0.525139
    outer loop
      vertex 34.3385 6.70203 20.1409
      vertex 34.5328 5.25985 21.5435
      vertex 34.5328 6.83587 20.3122
    endloop
  endfacet
  facet normal -0.745598 0.410269 0.525132
    outer loop
      vertex 34.5328 5.25985 21.5435
      vertex 34.3385 6.70203 20.1409
      vertex 34.3385 5.126 21.3722
    endloop
  endfacet
  facet normal -0.875284 0.297737 0.381092
    outer loop
      vertex 34.7015 6.98227 20.4996
      vertex 34.8425 5.56336 21.932
      vertex 34.8425 7.13938 20.7007
    endloop
  endfacet
  facet normal -0.875284 0.297737 0.381092
    outer loop
      vertex 34.8425 5.56336 21.932
      vertex 34.7015 6.98227 20.4996
      vertex 34.7015 5.40625 21.7309
    endloop
  endfacet
  facet normal -0.0561083 0.614685 0.786775
    outer loop
      vertex 32.5 6.23319 19.5408
      vertex 32.7911 4.66723 20.785
      vertex 32.7911 6.24325 19.5537
    endloop
  endfacet
  facet normal -0.0561293 0.614682 0.786776
    outer loop
      vertex 32.7911 4.66723 20.785
      vertex 32.5 6.23319 19.5408
      vertex 32.5 4.65716 20.7721
    endloop
  endfacet
  facet normal -0.578731 0.502078 0.642642
    outer loop
      vertex 33.8833 6.47854 19.8548
      vertex 34.1211 5.00639 21.2191
      vertex 34.1211 6.58241 19.9878
    endloop
  endfacet
  facet normal -0.578551 0.502182 0.642722
    outer loop
      vertex 34.1211 5.00639 21.2191
      vertex 33.8833 6.47854 19.8548
      vertex 33.8833 4.90252 21.0862
    endloop
  endfacet
  facet normal 0.985836 0.103259 0.132157
    outer loop
      vertex 29.9163 6.07866 22.5916
      vertex 29.9652 7.47771 21.1337
      vertex 29.9163 7.65468 21.3602
    endloop
  endfacet
  facet normal 0.985843 0.103226 0.132126
    outer loop
      vertex 29.9652 7.47771 21.1337
      vertex 29.9163 6.07866 22.5916
      vertex 29.9652 5.90169 22.365
    endloop
  endfacet
  facet normal 0.578731 0.502078 0.642642
    outer loop
      vertex 30.8789 5.00639 21.2191
      vertex 31.1167 6.47854 19.8548
      vertex 30.8789 6.58241 19.9878
    endloop
  endfacet
  facet normal 0.578551 0.502182 0.642722
    outer loop
      vertex 31.1167 6.47854 19.8548
      vertex 30.8789 5.00639 21.2191
      vertex 31.1167 4.90252 21.0862
    endloop
  endfacet
  facet normal 0.276881 0.591585 0.757208
    outer loop
      vertex 31.6413 4.74699 20.8871
      vertex 31.9214 6.27332 19.5922
      vertex 31.6413 6.32301 19.6558
    endloop
  endfacet
  facet normal 0.276881 0.591585 0.757208
    outer loop
      vertex 31.9214 6.27332 19.5922
      vertex 31.6413 4.74699 20.8871
      vertex 31.9214 4.6973 20.8235
    endloop
  endfacet
  facet normal -0.998436 -0.0344201 -0.0440529
    outer loop
      vertex 35.1 7.83391 21.5896
      vertex 35.0837 6.43711 23.0504
      vertex 35.0837 8.01313 21.819
    endloop
  endfacet
  facet normal -0.998436 -0.0344192 -0.0440521
    outer loop
      vertex 35.0837 6.43711 23.0504
      vertex 35.1 7.83391 21.5896
      vertex 35.1 6.25788 22.821
    endloop
  endfacet
  facet normal -0.985836 -0.103259 -0.132157
    outer loop
      vertex 35.0837 8.01313 21.819
      vertex 35.0348 6.61408 23.2769
      vertex 35.0348 8.1901 22.0455
    endloop
  endfacet
  facet normal -0.985836 -0.103259 -0.132157
    outer loop
      vertex 35.0348 6.61408 23.2769
      vertex 35.0837 8.01313 21.819
      vertex 35.0837 6.43711 23.0504
    endloop
  endfacet
  facet normal -0.745598 -0.410269 -0.525132
    outer loop
      vertex 34.5328 8.83194 22.8671
      vertex 34.3385 7.38976 24.2697
      vertex 34.3385 8.96579 23.0384
    endloop
  endfacet
  facet normal -0.745588 -0.410277 -0.525139
    outer loop
      vertex 34.3385 7.38976 24.2697
      vertex 34.5328 8.83194 22.8671
      vertex 34.5328 7.25592 24.0984
    endloop
  endfacet
  facet normal -5.00182e-05 0.788014 -0.615657
    outer loop
      vertex 32.5 4.65716 20.7721
      vertex 32.5 7.8586 24.8698
      vertex 32.7911 7.84854 24.8569
    endloop
  endfacet
  facet normal -2.58495e-05 0.788011 -0.615661
    outer loop
      vertex 32.7911 4.66723 20.785
      vertex 32.7911 7.84854 24.8569
      vertex 33.0786 7.81847 24.8184
    endloop
  endfacet
  facet normal 5.00182e-05 0.788014 -0.615657
    outer loop
      vertex 32.5 7.8586 24.8698
      vertex 32.5 4.65716 20.7721
      vertex 32.2089 7.84854 24.8569
    endloop
  endfacet
  facet normal 1.19014e-07 0.78801 -0.615663
    outer loop
      vertex 33.0786 4.6973 20.8235
      vertex 33.0786 7.81847 24.8184
      vertex 33.3587 7.76878 24.7548
    endloop
  endfacet
  facet normal -2.3179e-05 0.788011 -0.615661
    outer loop
      vertex 32.2089 4.66723 20.785
      vertex 32.2089 7.84854 24.8569
      vertex 32.5 4.65716 20.7721
    endloop
  endfacet
  facet normal 7.23372e-05 0.78801 -0.615663
    outer loop
      vertex 33.3587 4.74699 20.8871
      vertex 33.3587 7.76878 24.7548
      vertex 33.6281 7.70008 24.6669
    endloop
  endfacet
  facet normal 2.58495e-05 0.788011 -0.615661
    outer loop
      vertex 32.2089 7.84854 24.8569
      vertex 32.2089 4.66723 20.785
      vertex 31.9214 7.81847 24.8184
    endloop
  endfacet
  facet normal -0.000147614 0.788015 -0.615656
    outer loop
      vertex 33.6281 4.81569 20.975
      vertex 33.6281 7.70008 24.6669
      vertex 33.8833 7.61325 24.5557
    endloop
  endfacet
  facet normal -2.63476e-05 0.78801 -0.615663
    outer loop
      vertex 31.9214 4.6973 20.8235
      vertex 31.9214 7.81847 24.8184
      vertex 32.2089 4.66723 20.785
    endloop
  endfacet
  facet normal 0.000115518 0.788004 -0.61567
    outer loop
      vertex 33.8833 4.90252 21.0862
      vertex 33.8833 7.61325 24.5557
      vertex 34.1211 7.50938 24.4228
    endloop
  endfacet
  facet normal -1.19014e-07 0.78801 -0.615663
    outer loop
      vertex 31.9214 7.81847 24.8184
      vertex 31.9214 4.6973 20.8235
      vertex 31.6413 7.76878 24.7548
    endloop
  endfacet
  facet normal 2.12989e-05 0.788013 -0.615659
    outer loop
      vertex 34.1211 5.00639 21.2191
      vertex 34.1211 7.50938 24.4228
      vertex 34.3385 7.38976 24.2697
    endloop
  endfacet
  facet normal 1.22928e-07 0.78801 -0.615663
    outer loop
      vertex 31.6413 4.74699 20.8871
      vertex 31.6413 7.76878 24.7548
      vertex 31.9214 4.6973 20.8235
    endloop
  endfacet
  facet normal 2.70311e-05 0.788013 -0.615659
    outer loop
      vertex 34.3385 5.126 21.3722
      vertex 34.3385 7.38976 24.2697
      vertex 34.5328 7.25592 24.0984
    endloop
  endfacet
  facet normal -7.23372e-05 0.78801 -0.615663
    outer loop
      vertex 31.6413 7.76878 24.7548
      vertex 31.6413 4.74699 20.8871
      vertex 31.3719 7.70008 24.6669
    endloop
  endfacet
  facet normal -4.78245e-05 0.788016 -0.615654
    outer loop
      vertex 34.5328 5.25985 21.5435
      vertex 34.5328 7.25592 24.0984
      vertex 34.7015 7.10952 23.911
    endloop
  endfacet
  facet normal 7.57822e-05 0.788015 -0.615656
    outer loop
      vertex 31.3719 4.81569 20.975
      vertex 31.3719 7.70008 24.6669
      vertex 31.6413 4.74699 20.8871
    endloop
  endfacet
  facet normal -3.09828e-05 0.788013 -0.615659
    outer loop
      vertex 34.7015 5.40625 21.7309
      vertex 34.7015 7.10952 23.911
      vertex 34.8425 6.95241 23.7099
    endloop
  endfacet
  facet normal 0.000147614 0.788015 -0.615656
    outer loop
      vertex 31.3719 7.70008 24.6669
      vertex 31.3719 4.81569 20.975
      vertex 31.1167 7.61325 24.5557
    endloop
  endfacet
  facet normal -0.000164673 0.788017 -0.615653
    outer loop
      vertex 34.7015 5.40625 21.7309
      vertex 34.8425 6.95241 23.7099
      vertex 34.9541 6.78657 23.4976
    endloop
  endfacet
  facet normal -0.000157074 0.788004 -0.61567
    outer loop
      vertex 31.1167 4.90252 21.0862
      vertex 31.1167 7.61325 24.5557
      vertex 31.3719 4.81569 20.975
    endloop
  endfacet
  facet normal 0.00040312 0.787978 -0.615703
    outer loop
      vertex 34.7015 5.40625 21.7309
      vertex 34.9541 6.78657 23.4976
      vertex 35.0348 6.61408 23.2769
    endloop
  endfacet
  facet normal -0.000115518 0.788004 -0.61567
    outer loop
      vertex 31.1167 7.61325 24.5557
      vertex 31.1167 4.90252 21.0862
      vertex 30.8789 7.50938 24.4228
    endloop
  endfacet
  facet normal 0.000115391 0.788008 -0.615665
    outer loop
      vertex 34.7015 5.40625 21.7309
      vertex 35.0348 6.61408 23.2769
      vertex 35.0837 6.43711 23.0504
    endloop
  endfacet
  facet normal 0.000125103 0.788013 -0.615659
    outer loop
      vertex 30.8789 5.00639 21.2191
      vertex 30.8789 7.50938 24.4228
      vertex 31.1167 4.90252 21.0862
    endloop
  endfacet
  facet normal 0.0001061 0.788009 -0.615663
    outer loop
      vertex 34.7015 5.40625 21.7309
      vertex 35.0837 6.43711 23.0504
      vertex 35.1 6.25788 22.821
    endloop
  endfacet
  facet normal -2.12989e-05 0.788013 -0.615659
    outer loop
      vertex 30.8789 7.50938 24.4228
      vertex 30.8789 5.00639 21.2191
      vertex 30.6615 7.38976 24.2697
    endloop
  endfacet
  facet normal 4.06597e-05 0.788021 -0.615649
    outer loop
      vertex 34.7015 5.40625 21.7309
      vertex 35.1 6.25788 22.821
      vertex 35.0837 6.07866 22.5916
    endloop
  endfacet
  facet normal 2.3179e-05 0.788011 -0.615661
    outer loop
      vertex 32.7911 7.84854 24.8569
      vertex 32.7911 4.66723 20.785
      vertex 32.5 4.65716 20.7721
    endloop
  endfacet
  facet normal -0.000885755 0.78822 -0.615393
    outer loop
      vertex 34.7015 5.40625 21.7309
      vertex 35.0837 6.07866 22.5916
      vertex 35.0348 5.90169 22.365
    endloop
  endfacet
  facet normal -1.46127e-05 0.788013 -0.615659
    outer loop
      vertex 30.6615 5.126 21.3722
      vertex 30.6615 7.38976 24.2697
      vertex 30.8789 5.00639 21.2191
    endloop
  endfacet
  facet normal 0.00113651 0.787704 -0.616053
    outer loop
      vertex 34.7015 5.40625 21.7309
      vertex 35.0348 5.90169 22.365
      vertex 34.9541 5.7292 22.1443
    endloop
  endfacet
  facet normal -2.70311e-05 0.788013 -0.615659
    outer loop
      vertex 30.6615 7.38976 24.2697
      vertex 30.6615 5.126 21.3722
      vertex 30.4672 7.25592 24.0984
    endloop
  endfacet
  facet normal -0.000423882 0.788167 -0.615461
    outer loop
      vertex 34.7015 5.40625 21.7309
      vertex 34.9541 5.7292 22.1443
      vertex 34.8425 5.56336 21.932
    endloop
  endfacet
  facet normal 7.39319e-05 0.788016 -0.615654
    outer loop
      vertex 30.4672 5.25985 21.5435
      vertex 30.4672 7.25592 24.0984
      vertex 30.6615 5.126 21.3722
    endloop
  endfacet
  facet normal 5.60462e-05 0.788013 -0.615659
    outer loop
      vertex 34.7015 7.10952 23.911
      vertex 34.7015 5.40625 21.7309
      vertex 34.5328 5.25985 21.5435
    endloop
  endfacet
  facet normal 4.78245e-05 0.788016 -0.615654
    outer loop
      vertex 30.4672 7.25592 24.0984
      vertex 30.4672 5.25985 21.5435
      vertex 30.2985 7.10952 23.911
    endloop
  endfacet
  facet normal -7.39319e-05 0.788016 -0.615654
    outer loop
      vertex 34.5328 7.25592 24.0984
      vertex 34.5328 5.25985 21.5435
      vertex 34.3385 5.126 21.3722
    endloop
  endfacet
  facet normal -5.60462e-05 0.788013 -0.615659
    outer loop
      vertex 30.2985 5.40625 21.7309
      vertex 30.2985 7.10952 23.911
      vertex 30.4672 5.25985 21.5435
    endloop
  endfacet
  facet normal 1.46127e-05 0.788013 -0.615659
    outer loop
      vertex 34.3385 7.38976 24.2697
      vertex 34.3385 5.126 21.3722
      vertex 34.1211 5.00639 21.2191
    endloop
  endfacet
  facet normal 2.63476e-05 0.78801 -0.615663
    outer loop
      vertex 33.0786 7.81847 24.8184
      vertex 33.0786 4.6973 20.8235
      vertex 32.7911 4.66723 20.785
    endloop
  endfacet
  facet normal -0.000125103 0.788013 -0.615659
    outer loop
      vertex 34.1211 7.50938 24.4228
      vertex 34.1211 5.00639 21.2191
      vertex 33.8833 4.90252 21.0862
    endloop
  endfacet
  facet normal -1.22928e-07 0.78801 -0.615663
    outer loop
      vertex 33.3587 7.76878 24.7548
      vertex 33.3587 4.74699 20.8871
      vertex 33.0786 4.6973 20.8235
    endloop
  endfacet
  facet normal 0.000157074 0.788004 -0.61567
    outer loop
      vertex 33.8833 7.61325 24.5557
      vertex 33.8833 4.90252 21.0862
      vertex 33.6281 4.81569 20.975
    endloop
  endfacet
  facet normal -7.57822e-05 0.788015 -0.615656
    outer loop
      vertex 33.6281 7.70008 24.6669
      vertex 33.6281 4.81569 20.975
      vertex 33.3587 4.74699 20.8871
    endloop
  endfacet
  facet normal 0.000164673 0.788017 -0.615653
    outer loop
      vertex 30.1575 6.95241 23.7099
      vertex 30.2985 5.40625 21.7309
      vertex 30.0459 6.78657 23.4976
    endloop
  endfacet
  facet normal 0.000423882 0.788167 -0.615461
    outer loop
      vertex 30.0459 5.7292 22.1443
      vertex 30.2985 5.40625 21.7309
      vertex 30.1575 5.56336 21.932
    endloop
  endfacet
  facet normal -0.00040312 0.787978 -0.615703
    outer loop
      vertex 30.0459 6.78657 23.4976
      vertex 30.2985 5.40625 21.7309
      vertex 29.9652 6.61408 23.2769
    endloop
  endfacet
  facet normal -0.00113651 0.787704 -0.616053
    outer loop
      vertex 29.9652 5.90169 22.365
      vertex 30.2985 5.40625 21.7309
      vertex 30.0459 5.7292 22.1443
    endloop
  endfacet
  facet normal 0.000885755 0.78822 -0.615393
    outer loop
      vertex 29.9163 6.07866 22.5916
      vertex 30.2985 5.40625 21.7309
      vertex 29.9652 5.90169 22.365
    endloop
  endfacet
  facet normal -4.06597e-05 0.788021 -0.615649
    outer loop
      vertex 29.9 6.25788 22.821
      vertex 30.2985 5.40625 21.7309
      vertex 29.9163 6.07866 22.5916
    endloop
  endfacet
  facet normal -0.0001061 0.788009 -0.615663
    outer loop
      vertex 29.9163 6.43711 23.0504
      vertex 30.2985 5.40625 21.7309
      vertex 29.9 6.25788 22.821
    endloop
  endfacet
  facet normal -0.000115391 0.788008 -0.615665
    outer loop
      vertex 29.9652 6.61408 23.2769
      vertex 30.2985 5.40625 21.7309
      vertex 29.9163 6.43711 23.0504
    endloop
  endfacet
  facet normal 3.09828e-05 0.788013 -0.615659
    outer loop
      vertex 30.2985 7.10952 23.911
      vertex 30.2985 5.40625 21.7309
      vertex 30.1575 6.95241 23.7099
    endloop
  endfacet
  facet normal -0.382604 -0.568811 -0.728058
    outer loop
      vertex 33.3587 7.76878 24.7548
      vertex 33.6281 9.2761 23.4356
      vertex 33.6281 7.70008 24.6669
    endloop
  endfacet
  facet normal -0.382604 -0.568811 -0.728058
    outer loop
      vertex 33.6281 9.2761 23.4356
      vertex 33.3587 7.76878 24.7548
      vertex 33.3587 9.3448 23.5235
    endloop
  endfacet
  facet normal -0.382604 0.568811 0.728058
    outer loop
      vertex 33.3587 6.32301 19.6558
      vertex 33.6281 4.81569 20.975
      vertex 33.6281 6.39171 19.7437
    endloop
  endfacet
  facet normal -0.382604 0.568811 0.728058
    outer loop
      vertex 33.6281 4.81569 20.975
      vertex 33.3587 6.32301 19.6558
      vertex 33.3587 4.74699 20.8871
    endloop
  endfacet
  facet normal 0.815613 0.356216 0.455944
    outer loop
      vertex 30.2985 5.40625 21.7309
      vertex 30.4672 6.83587 20.3122
      vertex 30.2985 6.98227 20.4996
    endloop
  endfacet
  facet normal 0.815613 0.356216 0.455944
    outer loop
      vertex 30.4672 6.83587 20.3122
      vertex 30.2985 5.40625 21.7309
      vertex 30.4672 5.25985 21.5435
    endloop
  endfacet
  facet normal 0.960936 0.170394 0.218099
    outer loop
      vertex 29.9652 5.90169 22.365
      vertex 30.0459 7.30522 20.9129
      vertex 29.9652 7.47771 21.1337
    endloop
  endfacet
  facet normal 0.960916 0.170447 0.218149
    outer loop
      vertex 30.0459 7.30522 20.9129
      vertex 29.9652 5.90169 22.365
      vertex 30.0459 5.7292 22.1443
    endloop
  endfacet
  facet normal 0.666364 0.459046 0.587567
    outer loop
      vertex 30.6615 5.126 21.3722
      vertex 30.8789 6.58241 19.9878
      vertex 30.6615 6.70203 20.1409
    endloop
  endfacet
  facet normal 0.666353 0.459055 0.587574
    outer loop
      vertex 30.8789 6.58241 19.9878
      vertex 30.6615 5.126 21.3722
      vertex 30.8789 5.00639 21.2191
    endloop
  endfacet
  facet normal 0.483619 0.538897 0.689713
    outer loop
      vertex 31.1167 4.90252 21.0862
      vertex 31.3719 6.39171 19.7437
      vertex 31.1167 6.47854 19.8548
    endloop
  endfacet
  facet normal 0.483826 0.538799 0.689644
    outer loop
      vertex 31.3719 6.39171 19.7437
      vertex 31.1167 4.90252 21.0862
      vertex 31.3719 4.81569 20.975
    endloop
  endfacet
  facet normal -0.960936 -0.170394 -0.218099
    outer loop
      vertex 35.0348 8.1901 22.0455
      vertex 34.9541 6.78657 23.4976
      vertex 34.9541 8.36259 22.2663
    endloop
  endfacet
  facet normal -0.960916 -0.170447 -0.218149
    outer loop
      vertex 34.9541 6.78657 23.4976
      vertex 35.0348 8.1901 22.0455
      vertex 35.0348 6.61408 23.2769
    endloop
  endfacet
  facet normal -0.666353 -0.459055 -0.587574
    outer loop
      vertex 34.3385 8.96579 23.0384
      vertex 34.1211 7.50938 24.4228
      vertex 34.1211 9.0854 23.1915
    endloop
  endfacet
  facet normal -0.666364 -0.459046 -0.587567
    outer loop
      vertex 34.1211 7.50938 24.4228
      vertex 34.3385 8.96579 23.0384
      vertex 34.3385 7.38976 24.2697
    endloop
  endfacet
  facet normal -0.923864 -0.235623 -0.30159
    outer loop
      vertex 34.9541 8.36259 22.2663
      vertex 34.8425 6.95241 23.7099
      vertex 34.8425 8.52843 22.4786
    endloop
  endfacet
  facet normal -0.923864 -0.235623 -0.30159
    outer loop
      vertex 34.8425 6.95241 23.7099
      vertex 34.9541 8.36259 22.2663
      vertex 34.9541 6.78657 23.4976
    endloop
  endfacet
  facet normal -0.815613 -0.356216 -0.455944
    outer loop
      vertex 34.7015 8.68554 22.6797
      vertex 34.5328 7.25592 24.0984
      vertex 34.5328 8.83194 22.8671
    endloop
  endfacet
  facet normal -0.815613 -0.356216 -0.455944
    outer loop
      vertex 34.5328 7.25592 24.0984
      vertex 34.7015 8.68554 22.6797
      vertex 34.7015 7.10952 23.911
    endloop
  endfacet
  facet normal 0.167517 -0.606955 -0.776881
    outer loop
      vertex 31.9214 9.39449 23.5871
      vertex 32.2089 7.84854 24.8569
      vertex 31.9214 7.81847 24.8184
    endloop
  endfacet
  facet normal 0.167517 -0.606955 -0.776881
    outer loop
      vertex 32.2089 7.84854 24.8569
      vertex 31.9214 9.39449 23.5871
      vertex 32.2089 9.42456 23.6256
    endloop
  endfacet
  facet normal 0.745598 -0.410269 -0.525132
    outer loop
      vertex 30.6615 7.38976 24.2697
      vertex 30.4672 8.83194 22.8671
      vertex 30.6615 8.96579 23.0384
    endloop
  endfacet
  facet normal 0.745588 -0.410277 -0.525139
    outer loop
      vertex 30.4672 8.83194 22.8671
      vertex 30.6615 7.38976 24.2697
      vertex 30.4672 7.25592 24.0984
    endloop
  endfacet
  facet normal 0.960936 -0.170394 -0.218099
    outer loop
      vertex 30.0459 6.78657 23.4976
      vertex 29.9652 8.1901 22.0455
      vertex 30.0459 8.36259 22.2663
    endloop
  endfacet
  facet normal 0.960916 -0.170447 -0.218149
    outer loop
      vertex 29.9652 8.1901 22.0455
      vertex 30.0459 6.78657 23.4976
      vertex 29.9652 6.61408 23.2769
    endloop
  endfacet
  facet normal 0.923864 -0.235623 -0.30159
    outer loop
      vertex 30.1575 6.95241 23.7099
      vertex 30.0459 8.36259 22.2663
      vertex 30.1575 8.52843 22.4786
    endloop
  endfacet
  facet normal 0.923864 -0.235623 -0.30159
    outer loop
      vertex 30.0459 8.36259 22.2663
      vertex 30.1575 6.95241 23.7099
      vertex 30.0459 6.78657 23.4976
    endloop
  endfacet
  facet normal -0.276881 -0.591585 -0.757208
    outer loop
      vertex 33.0786 7.81847 24.8184
      vertex 33.3587 9.3448 23.5235
      vertex 33.3587 7.76878 24.7548
    endloop
  endfacet
  facet normal -0.276881 -0.591585 -0.757208
    outer loop
      vertex 33.3587 9.3448 23.5235
      vertex 33.0786 7.81847 24.8184
      vertex 33.0786 9.39449 23.5871
    endloop
  endfacet
  facet normal -0.875284 -0.297737 -0.381092
    outer loop
      vertex 34.8425 8.52843 22.4786
      vertex 34.7015 7.10952 23.911
      vertex 34.7015 8.68554 22.6797
    endloop
  endfacet
  facet normal -0.875284 -0.297737 -0.381092
    outer loop
      vertex 34.7015 7.10952 23.911
      vertex 34.8425 8.52843 22.4786
      vertex 34.8425 6.95241 23.7099
    endloop
  endfacet
  facet normal 0.0561083 -0.614685 -0.786775
    outer loop
      vertex 32.2089 9.42456 23.6256
      vertex 32.5 7.8586 24.8698
      vertex 32.2089 7.84854 24.8569
    endloop
  endfacet
  facet normal 0.0561293 -0.614682 -0.786776
    outer loop
      vertex 32.5 7.8586 24.8698
      vertex 32.2089 9.42456 23.6256
      vertex 32.5 9.43463 23.6385
    endloop
  endfacet
  facet normal 0.666353 -0.459055 -0.587574
    outer loop
      vertex 30.8789 7.50938 24.4228
      vertex 30.6615 8.96579 23.0384
      vertex 30.8789 9.0854 23.1915
    endloop
  endfacet
  facet normal 0.666364 -0.459046 -0.587567
    outer loop
      vertex 30.6615 8.96579 23.0384
      vertex 30.8789 7.50938 24.4228
      vertex 30.6615 7.38976 24.2697
    endloop
  endfacet
  facet normal 0.875284 -0.297737 -0.381092
    outer loop
      vertex 30.2985 7.10952 23.911
      vertex 30.1575 8.52843 22.4786
      vertex 30.2985 8.68554 22.6797
    endloop
  endfacet
  facet normal 0.875284 -0.297737 -0.381092
    outer loop
      vertex 30.1575 8.52843 22.4786
      vertex 30.2985 7.10952 23.911
      vertex 30.1575 6.95241 23.7099
    endloop
  endfacet
  facet normal 0.985836 -0.103259 -0.132157
    outer loop
      vertex 29.9652 6.61408 23.2769
      vertex 29.9163 8.01313 21.819
      vertex 29.9652 8.1901 22.0455
    endloop
  endfacet
  facet normal 0.985836 -0.103259 -0.132157
    outer loop
      vertex 29.9163 8.01313 21.819
      vertex 29.9652 6.61408 23.2769
      vertex 29.9163 6.43711 23.0504
    endloop
  endfacet
  facet normal 0.998436 -0.0344201 -0.0440529
    outer loop
      vertex 29.9163 6.43711 23.0504
      vertex 29.9 7.83391 21.5896
      vertex 29.9163 8.01313 21.819
    endloop
  endfacet
  facet normal 0.998436 -0.0344192 -0.0440521
    outer loop
      vertex 29.9 7.83391 21.5896
      vertex 29.9163 6.43711 23.0504
      vertex 29.9 6.25788 22.821
    endloop
  endfacet
  facet normal -0.578551 -0.502156 -0.642742
    outer loop
      vertex 33.8833 7.61325 24.5557
      vertex 34.1211 9.0854 23.1915
      vertex 34.1211 7.50938 24.4228
    endloop
  endfacet
  facet normal -0.578551 -0.502156 -0.642742
    outer loop
      vertex 34.1211 9.0854 23.1915
      vertex 33.8833 7.61325 24.5557
      vertex 33.8833 9.18927 23.3244
    endloop
  endfacet
  facet normal -0.483826 -0.538799 -0.689644
    outer loop
      vertex 33.6281 7.70008 24.6669
      vertex 33.8833 9.18927 23.3244
      vertex 33.8833 7.61325 24.5557
    endloop
  endfacet
  facet normal -0.483826 -0.538799 -0.689644
    outer loop
      vertex 33.8833 9.18927 23.3244
      vertex 33.6281 7.70008 24.6669
      vertex 33.6281 9.2761 23.4356
    endloop
  endfacet
  facet normal 0.382604 -0.568811 -0.728058
    outer loop
      vertex 31.3719 9.2761 23.4356
      vertex 31.6413 7.76878 24.7548
      vertex 31.3719 7.70008 24.6669
    endloop
  endfacet
  facet normal 0.382604 -0.568811 -0.728058
    outer loop
      vertex 31.6413 7.76878 24.7548
      vertex 31.3719 9.2761 23.4356
      vertex 31.6413 9.3448 23.5235
    endloop
  endfacet
  facet normal 0.815613 -0.356216 -0.455944
    outer loop
      vertex 30.4672 7.25592 24.0984
      vertex 30.2985 8.68554 22.6797
      vertex 30.4672 8.83194 22.8671
    endloop
  endfacet
  facet normal 0.815613 -0.356216 -0.455944
    outer loop
      vertex 30.2985 8.68554 22.6797
      vertex 30.4672 7.25592 24.0984
      vertex 30.2985 7.10952 23.911
    endloop
  endfacet
  facet normal 0.483826 -0.538799 -0.689644
    outer loop
      vertex 31.1167 9.18927 23.3244
      vertex 31.3719 7.70008 24.6669
      vertex 31.1167 7.61325 24.5557
    endloop
  endfacet
  facet normal 0.483826 -0.538799 -0.689644
    outer loop
      vertex 31.3719 7.70008 24.6669
      vertex 31.1167 9.18927 23.3244
      vertex 31.3719 9.2761 23.4356
    endloop
  endfacet
  facet normal 0.578551 -0.502156 -0.642742
    outer loop
      vertex 30.8789 9.0854 23.1915
      vertex 31.1167 7.61325 24.5557
      vertex 30.8789 7.50938 24.4228
    endloop
  endfacet
  facet normal 0.578551 -0.502156 -0.642742
    outer loop
      vertex 31.1167 7.61325 24.5557
      vertex 30.8789 9.0854 23.1915
      vertex 31.1167 9.18927 23.3244
    endloop
  endfacet
  facet normal 0.276881 -0.591585 -0.757208
    outer loop
      vertex 31.6413 9.3448 23.5235
      vertex 31.9214 7.81847 24.8184
      vertex 31.6413 7.76878 24.7548
    endloop
  endfacet
  facet normal 0.276881 -0.591585 -0.757208
    outer loop
      vertex 31.9214 7.81847 24.8184
      vertex 31.6413 9.3448 23.5235
      vertex 31.9214 9.39449 23.5871
    endloop
  endfacet
  facet normal 1 0 0
    outer loop
      vertex -70.35 8.31058 29.0217
      vertex -70.35 0.522462 19.0533
      vertex -70.35 1.94088 17.9451
    endloop
  endfacet
  facet normal 1 0 0
    outer loop
      vertex -70.35 9.729 27.9135
      vertex -70.35 10.5995 28.9465
      vertex -70.35 10.5601 28.9773
    endloop
  endfacet
  facet normal 1 0 0
    outer loop
      vertex -70.35 1.94088 17.9451
      vertex -70.35 9.729 27.9135
      vertex -70.35 8.31058 29.0217
    endloop
  endfacet
  facet normal 1 0 0
    outer loop
      vertex -70.35 1.36462 17.1264
      vertex -70.35 9.729 27.9135
      vertex -70.35 1.94088 17.9451
    endloop
  endfacet
  facet normal 1 -0 0
    outer loop
      vertex -70.35 9.729 27.9135
      vertex -70.35 1.36462 17.1264
      vertex -70.35 10.5995 28.9465
    endloop
  endfacet
  facet normal 1 0 -0
    outer loop
      vertex -70.35 1.36462 17.1264
      vertex -70.35 1.94088 17.9451
      vertex -70.35 1.32522 17.1571
    endloop
  endfacet
  facet normal 0 -0.615877 -0.787842
    outer loop
      vertex -70.35 10.5601 28.9773
      vertex -60.65 10.5995 28.9465
      vertex -60.65 10.5601 28.9773
    endloop
  endfacet
  facet normal -0 -0.615877 -0.787842
    outer loop
      vertex -60.65 10.5995 28.9465
      vertex -70.35 10.5601 28.9773
      vertex -70.35 10.5995 28.9465
    endloop
  endfacet
  facet normal -1 -0 0
    outer loop
      vertex -60.65 10.5995 28.9465
      vertex -60.65 9.729 27.9135
      vertex -60.65 10.5601 28.9773
    endloop
  endfacet
  facet normal -1 -0 0
    outer loop
      vertex -60.65 9.729 27.9135
      vertex -60.65 1.94088 17.9451
      vertex -60.65 8.31058 29.0217
    endloop
  endfacet
  facet normal -1 0 0
    outer loop
      vertex -60.65 1.36462 17.1264
      vertex -60.65 9.729 27.9135
      vertex -60.65 10.5995 28.9465
    endloop
  endfacet
  facet normal -1 0 0
    outer loop
      vertex -60.65 9.729 27.9135
      vertex -60.65 1.36462 17.1264
      vertex -60.65 1.94088 17.9451
    endloop
  endfacet
  facet normal -1 0 0
    outer loop
      vertex -60.65 1.94088 17.9451
      vertex -60.65 1.36462 17.1264
      vertex -60.65 1.32522 17.1571
    endloop
  endfacet
  facet normal -1 0 0
    outer loop
      vertex -60.65 8.31058 29.0217
      vertex -60.65 1.94088 17.9451
      vertex -60.65 0.522462 19.0533
    endloop
  endfacet
  facet normal 0 -0.788011 0.615662
    outer loop
      vertex -70.35 1.36462 17.1264
      vertex -60.65 10.5995 28.9465
      vertex -70.35 10.5995 28.9465
    endloop
  endfacet
  facet normal 0 -0.788011 0.615662
    outer loop
      vertex -60.65 10.5995 28.9465
      vertex -70.35 1.36462 17.1264
      vertex -60.65 1.36462 17.1264
    endloop
  endfacet
  facet normal -0 0.614633 0.788813
    outer loop
      vertex -70.35 1.36462 17.1264
      vertex -60.65 1.32522 17.1571
      vertex -60.65 1.36462 17.1264
    endloop
  endfacet
  facet normal 0 0.614633 0.788813
    outer loop
      vertex -60.65 1.32522 17.1571
      vertex -70.35 1.36462 17.1264
      vertex -70.35 1.32522 17.1571
    endloop
  endfacet
  facet normal 1 0 0
    outer loop
      vertex -51.85 8.31058 29.0217
      vertex -51.85 0.522462 19.0533
      vertex -51.85 1.94088 17.9451
    endloop
  endfacet
  facet normal 1 0 0
    outer loop
      vertex -51.85 9.729 27.9135
      vertex -51.85 10.5995 28.9465
      vertex -51.85 10.5601 28.9773
    endloop
  endfacet
  facet normal 1 0 0
    outer loop
      vertex -51.85 1.94088 17.9451
      vertex -51.85 9.729 27.9135
      vertex -51.85 8.31058 29.0217
    endloop
  endfacet
  facet normal 1 0 0
    outer loop
      vertex -51.85 1.36462 17.1264
      vertex -51.85 9.729 27.9135
      vertex -51.85 1.94088 17.9451
    endloop
  endfacet
  facet normal 1 -0 0
    outer loop
      vertex -51.85 9.729 27.9135
      vertex -51.85 1.36462 17.1264
      vertex -51.85 10.5995 28.9465
    endloop
  endfacet
  facet normal 1 0 -0
    outer loop
      vertex -51.85 1.36462 17.1264
      vertex -51.85 1.94088 17.9451
      vertex -51.85 1.32522 17.1571
    endloop
  endfacet
  facet normal 0 -0.615877 -0.787842
    outer loop
      vertex -51.85 10.5601 28.9773
      vertex -42.15 10.5995 28.9465
      vertex -42.15 10.5601 28.9773
    endloop
  endfacet
  facet normal -0 -0.615877 -0.787842
    outer loop
      vertex -42.15 10.5995 28.9465
      vertex -51.85 10.5601 28.9773
      vertex -51.85 10.5995 28.9465
    endloop
  endfacet
  facet normal -1 -0 0
    outer loop
      vertex -42.15 10.5995 28.9465
      vertex -42.15 9.729 27.9135
      vertex -42.15 10.5601 28.9773
    endloop
  endfacet
  facet normal -1 -0 0
    outer loop
      vertex -42.15 9.729 27.9135
      vertex -42.15 1.94088 17.9451
      vertex -42.15 8.31058 29.0217
    endloop
  endfacet
  facet normal -1 0 0
    outer loop
      vertex -42.15 1.36462 17.1264
      vertex -42.15 9.729 27.9135
      vertex -42.15 10.5995 28.9465
    endloop
  endfacet
  facet normal -1 0 0
    outer loop
      vertex -42.15 9.729 27.9135
      vertex -42.15 1.36462 17.1264
      vertex -42.15 1.94088 17.9451
    endloop
  endfacet
  facet normal -1 0 0
    outer loop
      vertex -42.15 1.94088 17.9451
      vertex -42.15 1.36462 17.1264
      vertex -42.15 1.32522 17.1571
    endloop
  endfacet
  facet normal -1 0 0
    outer loop
      vertex -42.15 8.31058 29.0217
      vertex -42.15 1.94088 17.9451
      vertex -42.15 0.522462 19.0533
    endloop
  endfacet
  facet normal -0 0.614633 0.788813
    outer loop
      vertex -51.85 1.36462 17.1264
      vertex -42.15 1.32522 17.1571
      vertex -42.15 1.36462 17.1264
    endloop
  endfacet
  facet normal 0 0.614633 0.788813
    outer loop
      vertex -42.15 1.32522 17.1571
      vertex -51.85 1.36462 17.1264
      vertex -51.85 1.32522 17.1571
    endloop
  endfacet
  facet normal 0 -0.788011 0.615662
    outer loop
      vertex -51.85 1.36462 17.1264
      vertex -42.15 10.5995 28.9465
      vertex -51.85 10.5995 28.9465
    endloop
  endfacet
  facet normal 0 -0.788011 0.615662
    outer loop
      vertex -42.15 10.5995 28.9465
      vertex -51.85 1.36462 17.1264
      vertex -42.15 1.36462 17.1264
    endloop
  endfacet
  facet normal 1 0 0
    outer loop
      vertex 9.15 8.31058 29.0217
      vertex 9.15 0.522462 19.0533
      vertex 9.15 1.94088 17.9451
    endloop
  endfacet
  facet normal 1 0 0
    outer loop
      vertex 9.15 9.729 27.9135
      vertex 9.15 10.5995 28.9465
      vertex 9.15 10.5601 28.9773
    endloop
  endfacet
  facet normal 1 0 0
    outer loop
      vertex 9.15 1.94088 17.9451
      vertex 9.15 9.729 27.9135
      vertex 9.15 8.31058 29.0217
    endloop
  endfacet
  facet normal 1 0 0
    outer loop
      vertex 9.15 1.36462 17.1264
      vertex 9.15 9.729 27.9135
      vertex 9.15 1.94088 17.9451
    endloop
  endfacet
  facet normal 1 -0 0
    outer loop
      vertex 9.15 9.729 27.9135
      vertex 9.15 1.36462 17.1264
      vertex 9.15 10.5995 28.9465
    endloop
  endfacet
  facet normal 1 0 -0
    outer loop
      vertex 9.15 1.36462 17.1264
      vertex 9.15 1.94088 17.9451
      vertex 9.15 1.32522 17.1571
    endloop
  endfacet
  facet normal 0 -0.615877 -0.787842
    outer loop
      vertex 9.15 10.5601 28.9773
      vertex 18.85 10.5995 28.9465
      vertex 18.85 10.5601 28.9773
    endloop
  endfacet
  facet normal -0 -0.615877 -0.787842
    outer loop
      vertex 18.85 10.5995 28.9465
      vertex 9.15 10.5601 28.9773
      vertex 9.15 10.5995 28.9465
    endloop
  endfacet
  facet normal -1 -0 0
    outer loop
      vertex 18.85 10.5995 28.9465
      vertex 18.85 9.729 27.9135
      vertex 18.85 10.5601 28.9773
    endloop
  endfacet
  facet normal -1 -0 0
    outer loop
      vertex 18.85 9.729 27.9135
      vertex 18.85 1.94088 17.9451
      vertex 18.85 8.31058 29.0217
    endloop
  endfacet
  facet normal -1 0 0
    outer loop
      vertex 18.85 1.36462 17.1264
      vertex 18.85 9.729 27.9135
      vertex 18.85 10.5995 28.9465
    endloop
  endfacet
  facet normal -1 0 0
    outer loop
      vertex 18.85 9.729 27.9135
      vertex 18.85 1.36462 17.1264
      vertex 18.85 1.94088 17.9451
    endloop
  endfacet
  facet normal -1 0 0
    outer loop
      vertex 18.85 1.94088 17.9451
      vertex 18.85 1.36462 17.1264
      vertex 18.85 1.32522 17.1571
    endloop
  endfacet
  facet normal -1 0 0
    outer loop
      vertex 18.85 8.31058 29.0217
      vertex 18.85 1.94088 17.9451
      vertex 18.85 0.522462 19.0533
    endloop
  endfacet
  facet normal -0 0.614633 0.788813
    outer loop
      vertex 9.15 1.36462 17.1264
      vertex 18.85 1.32522 17.1571
      vertex 18.85 1.36462 17.1264
    endloop
  endfacet
  facet normal 0 0.614633 0.788813
    outer loop
      vertex 18.85 1.32522 17.1571
      vertex 9.15 1.36462 17.1264
      vertex 9.15 1.32522 17.1571
    endloop
  endfacet
  facet normal 0 -0.788011 0.615662
    outer loop
      vertex 9.15 1.36462 17.1264
      vertex 18.85 10.5995 28.9465
      vertex 9.15 10.5995 28.9465
    endloop
  endfacet
  facet normal 0 -0.788011 0.615662
    outer loop
      vertex 18.85 10.5995 28.9465
      vertex 9.15 1.36462 17.1264
      vertex 18.85 1.36462 17.1264
    endloop
  endfacet
  facet normal 1 0 0
    outer loop
      vertex 27.65 8.31058 29.0217
      vertex 27.65 0.522462 19.0533
      vertex 27.65 1.94088 17.9451
    endloop
  endfacet
  facet normal 1 0 0
    outer loop
      vertex 27.65 9.729 27.9135
      vertex 27.65 10.5995 28.9465
      vertex 27.65 10.5601 28.9773
    endloop
  endfacet
  facet normal 1 0 0
    outer loop
      vertex 27.65 1.94088 17.9451
      vertex 27.65 9.729 27.9135
      vertex 27.65 8.31058 29.0217
    endloop
  endfacet
  facet normal 1 0 0
    outer loop
      vertex 27.65 1.36462 17.1264
      vertex 27.65 9.729 27.9135
      vertex 27.65 1.94088 17.9451
    endloop
  endfacet
  facet normal 1 -0 0
    outer loop
      vertex 27.65 9.729 27.9135
      vertex 27.65 1.36462 17.1264
      vertex 27.65 10.5995 28.9465
    endloop
  endfacet
  facet normal 1 0 -0
    outer loop
      vertex 27.65 1.36462 17.1264
      vertex 27.65 1.94088 17.9451
      vertex 27.65 1.32522 17.1571
    endloop
  endfacet
  facet normal 0 -0.615877 -0.787842
    outer loop
      vertex 27.65 10.5601 28.9773
      vertex 37.35 10.5995 28.9465
      vertex 37.35 10.5601 28.9773
    endloop
  endfacet
  facet normal -0 -0.615877 -0.787842
    outer loop
      vertex 37.35 10.5995 28.9465
      vertex 27.65 10.5601 28.9773
      vertex 27.65 10.5995 28.9465
    endloop
  endfacet
  facet normal -1 -0 0
    outer loop
      vertex 37.35 10.5995 28.9465
      vertex 37.35 9.729 27.9135
      vertex 37.35 10.5601 28.9773
    endloop
  endfacet
  facet normal -1 -0 0
    outer loop
      vertex 37.35 9.729 27.9135
      vertex 37.35 1.94088 17.9451
      vertex 37.35 8.31058 29.0217
    endloop
  endfacet
  facet normal -1 0 0
    outer loop
      vertex 37.35 1.36462 17.1264
      vertex 37.35 9.729 27.9135
      vertex 37.35 10.5995 28.9465
    endloop
  endfacet
  facet normal -1 0 0
    outer loop
      vertex 37.35 9.729 27.9135
      vertex 37.35 1.36462 17.1264
      vertex 37.35 1.94088 17.9451
    endloop
  endfacet
  facet normal -1 0 0
    outer loop
      vertex 37.35 1.94088 17.9451
      vertex 37.35 1.36462 17.1264
      vertex 37.35 1.32522 17.1571
    endloop
  endfacet
  facet normal -1 0 0
    outer loop
      vertex 37.35 8.31058 29.0217
      vertex 37.35 1.94088 17.9451
      vertex 37.35 0.522462 19.0533
    endloop
  endfacet
  facet normal 0 -0.788011 0.615662
    outer loop
      vertex 27.65 1.36462 17.1264
      vertex 37.35 10.5995 28.9465
      vertex 27.65 10.5995 28.9465
    endloop
  endfacet
  facet normal 0 -0.788011 0.615662
    outer loop
      vertex 37.35 10.5995 28.9465
      vertex 27.65 1.36462 17.1264
      vertex 37.35 1.36462 17.1264
    endloop
  endfacet
  facet normal -0 0.614633 0.788813
    outer loop
      vertex 27.65 1.36462 17.1264
      vertex 37.35 1.32522 17.1571
      vertex 37.35 1.36462 17.1264
    endloop
  endfacet
  facet normal 0 0.614633 0.788813
    outer loop
      vertex 37.35 1.32522 17.1571
      vertex 27.65 1.36462 17.1264
      vertex 27.65 1.32522 17.1571
    endloop
  endfacet
endsolid OpenSCAD_Model
