solid OpenSCAD_Model
  facet normal 0.666172 -0.745798 0
    outer loop
      vertex 32.9013 17.1469 0
      vertex 33.0343 17.2657 113
      vertex 32.9013 17.1469 113
    endloop
  endfacet
  facet normal 0.666172 -0.745798 0
    outer loop
      vertex 33.0343 17.2657 113
      vertex 32.9013 17.1469 0
      vertex 33.0343 17.2657 0
    endloop
  endfacet
  facet normal 0 -1 0
    outer loop
      vertex 15.6 16.8 30.5
      vertex 18 16.8 82.5
      vertex 15.6 16.8 82.5
    endloop
  endfacet
  facet normal 0 -1 -0
    outer loop
      vertex 18 16.8 82.5
      vertex 15.6 16.8 30.5
      vertex 18 16.8 30.5
    endloop
  endfacet
  facet normal 0 -1 0
    outer loop
      vertex 10.8 16.8 30.5
      vertex 13.2 16.8 82.5
      vertex 10.8 16.8 82.5
    endloop
  endfacet
  facet normal 0 -1 -0
    outer loop
      vertex 13.2 16.8 82.5
      vertex 10.8 16.8 30.5
      vertex 13.2 16.8 30.5
    endloop
  endfacet
  facet normal 0 -1 0
    outer loop
      vertex 6 16.8 30.5
      vertex 8.4 16.8 82.5
      vertex 6 16.8 82.5
    endloop
  endfacet
  facet normal 0 -1 -0
    outer loop
      vertex 8.4 16.8 82.5
      vertex 6 16.8 30.5
      vertex 8.4 16.8 30.5
    endloop
  endfacet
  facet normal 0 -1 0
    outer loop
      vertex 1.2 16.8 30.5
      vertex 3.6 16.8 82.5
      vertex 1.2 16.8 82.5
    endloop
  endfacet
  facet normal 0 -1 -0
    outer loop
      vertex 3.6 16.8 82.5
      vertex 1.2 16.8 30.5
      vertex 3.6 16.8 30.5
    endloop
  endfacet
  facet normal 0 -1 0
    outer loop
      vertex -3.6 16.8 30.5
      vertex -1.2 16.8 82.5
      vertex -3.6 16.8 82.5
    endloop
  endfacet
  facet normal 0 -1 -0
    outer loop
      vertex -1.2 16.8 82.5
      vertex -3.6 16.8 30.5
      vertex -1.2 16.8 30.5
    endloop
  endfacet
  facet normal 0 -1 0
    outer loop
      vertex -8.4 16.8 30.5
      vertex -6 16.8 82.5
      vertex -8.4 16.8 82.5
    endloop
  endfacet
  facet normal 0 -1 -0
    outer loop
      vertex -6 16.8 82.5
      vertex -8.4 16.8 30.5
      vertex -6 16.8 30.5
    endloop
  endfacet
  facet normal 0 -1 0
    outer loop
      vertex -13.2 16.8 30.5
      vertex -10.8 16.8 82.5
      vertex -13.2 16.8 82.5
    endloop
  endfacet
  facet normal 0 -1 -0
    outer loop
      vertex -10.8 16.8 82.5
      vertex -13.2 16.8 30.5
      vertex -10.8 16.8 30.5
    endloop
  endfacet
  facet normal 0 -1 0
    outer loop
      vertex -18 16.8 30.5
      vertex -15.6 16.8 82.5
      vertex -18 16.8 82.5
    endloop
  endfacet
  facet normal 0 -1 -0
    outer loop
      vertex -15.6 16.8 82.5
      vertex -18 16.8 30.5
      vertex -15.6 16.8 30.5
    endloop
  endfacet
  facet normal 0 -1 0
    outer loop
      vertex -18 16.8 82.5
      vertex -31.91 16.8 113
      vertex -20.4 16.8 82.5
    endloop
  endfacet
  facet normal 0 -1 0
    outer loop
      vertex -31.91 16.8 113
      vertex -20.4 16.8 30.5
      vertex -20.4 16.8 82.5
    endloop
  endfacet
  facet normal 0 -1 0
    outer loop
      vertex -25 16.8 8
      vertex -18 16.8 30.5
      vertex -20.4 16.8 30.5
    endloop
  endfacet
  facet normal 0 -1 -0
    outer loop
      vertex -18 16.8 30.5
      vertex -25 16.8 8
      vertex -15.6 16.8 30.5
    endloop
  endfacet
  facet normal 0 -1 -0
    outer loop
      vertex -15.6 16.8 30.5
      vertex -25 16.8 8
      vertex -13.2 16.8 30.5
    endloop
  endfacet
  facet normal 0 -1 -0
    outer loop
      vertex -13.2 16.8 30.5
      vertex -25 16.8 8
      vertex -10.8 16.8 30.5
    endloop
  endfacet
  facet normal 0 -1 -0
    outer loop
      vertex -10.8 16.8 30.5
      vertex -25 16.8 8
      vertex -8.4 16.8 30.5
    endloop
  endfacet
  facet normal 0 -1 -0
    outer loop
      vertex -8.4 16.8 30.5
      vertex -25 16.8 8
      vertex -6 16.8 30.5
    endloop
  endfacet
  facet normal 0 -1 -0
    outer loop
      vertex -6 16.8 30.5
      vertex -25 16.8 8
      vertex -3.6 16.8 30.5
    endloop
  endfacet
  facet normal 0 -1 -0
    outer loop
      vertex -3.6 16.8 30.5
      vertex -25 16.8 8
      vertex -1.2 16.8 30.5
    endloop
  endfacet
  facet normal 0 -1 -0
    outer loop
      vertex -1.2 16.8 30.5
      vertex -25 16.8 8
      vertex 1.2 16.8 30.5
    endloop
  endfacet
  facet normal 0 -1 0
    outer loop
      vertex 25 16.8 8
      vertex 1.2 16.8 30.5
      vertex -25 16.8 8
    endloop
  endfacet
  facet normal 0 -1 0
    outer loop
      vertex 1.2 16.8 30.5
      vertex 25 16.8 8
      vertex 3.6 16.8 30.5
    endloop
  endfacet
  facet normal 0 -1 0
    outer loop
      vertex 3.6 16.8 30.5
      vertex 25 16.8 8
      vertex 6 16.8 30.5
    endloop
  endfacet
  facet normal 0 -1 0
    outer loop
      vertex 6 16.8 30.5
      vertex 25 16.8 8
      vertex 8.4 16.8 30.5
    endloop
  endfacet
  facet normal 0 -1 0
    outer loop
      vertex 8.4 16.8 30.5
      vertex 25 16.8 8
      vertex 10.8 16.8 30.5
    endloop
  endfacet
  facet normal 0 -1 0
    outer loop
      vertex 10.8 16.8 30.5
      vertex 25 16.8 8
      vertex 13.2 16.8 30.5
    endloop
  endfacet
  facet normal 0 -1 0
    outer loop
      vertex 13.2 16.8 30.5
      vertex 25 16.8 8
      vertex 15.6 16.8 30.5
    endloop
  endfacet
  facet normal 0 -1 0
    outer loop
      vertex 15.6 16.8 30.5
      vertex 25 16.8 8
      vertex 18 16.8 30.5
    endloop
  endfacet
  facet normal 0 -1 0
    outer loop
      vertex -31.91 16.8 0
      vertex -20.4 16.8 30.5
      vertex -31.91 16.8 113
    endloop
  endfacet
  facet normal 0 -1 0
    outer loop
      vertex -20.4 16.8 30.5
      vertex -31.91 16.8 0
      vertex -25 16.8 8
    endloop
  endfacet
  facet normal 0 -1 -0
    outer loop
      vertex -25 16.8 3
      vertex -31.91 16.8 0
      vertex 25 16.8 3
    endloop
  endfacet
  facet normal 0 -1 -0
    outer loop
      vertex -25 16.8 8
      vertex -31.91 16.8 0
      vertex -25 16.8 3
    endloop
  endfacet
  facet normal 0 -1 0
    outer loop
      vertex -15.6 16.8 82.5
      vertex -31.91 16.8 113
      vertex -18 16.8 82.5
    endloop
  endfacet
  facet normal 0 -1 0
    outer loop
      vertex -13.2 16.8 82.5
      vertex -31.91 16.8 113
      vertex -15.6 16.8 82.5
    endloop
  endfacet
  facet normal 0 -1 0
    outer loop
      vertex -10.8 16.8 82.5
      vertex -31.91 16.8 113
      vertex -13.2 16.8 82.5
    endloop
  endfacet
  facet normal 0 -1 0
    outer loop
      vertex -8.4 16.8 82.5
      vertex -31.91 16.8 113
      vertex -10.8 16.8 82.5
    endloop
  endfacet
  facet normal 0 -1 0
    outer loop
      vertex -6 16.8 82.5
      vertex -31.91 16.8 113
      vertex -8.4 16.8 82.5
    endloop
  endfacet
  facet normal 0 -1 0
    outer loop
      vertex -3.6 16.8 82.5
      vertex -31.91 16.8 113
      vertex -6 16.8 82.5
    endloop
  endfacet
  facet normal 0 -1 0
    outer loop
      vertex -1.2 16.8 82.5
      vertex -31.91 16.8 113
      vertex -3.6 16.8 82.5
    endloop
  endfacet
  facet normal 0 -1 0
    outer loop
      vertex -31.91 16.8 113
      vertex -1.2 16.8 82.5
      vertex 31.91 16.8 113
    endloop
  endfacet
  facet normal 0 -1 0
    outer loop
      vertex 1.2 16.8 82.5
      vertex 31.91 16.8 113
      vertex -1.2 16.8 82.5
    endloop
  endfacet
  facet normal 0 -1 0
    outer loop
      vertex 3.6 16.8 82.5
      vertex 31.91 16.8 113
      vertex 1.2 16.8 82.5
    endloop
  endfacet
  facet normal 0 -1 0
    outer loop
      vertex 6 16.8 82.5
      vertex 31.91 16.8 113
      vertex 3.6 16.8 82.5
    endloop
  endfacet
  facet normal 0 -1 0
    outer loop
      vertex 8.4 16.8 82.5
      vertex 31.91 16.8 113
      vertex 6 16.8 82.5
    endloop
  endfacet
  facet normal 0 -1 0
    outer loop
      vertex 10.8 16.8 82.5
      vertex 31.91 16.8 113
      vertex 8.4 16.8 82.5
    endloop
  endfacet
  facet normal 0 -1 0
    outer loop
      vertex 13.2 16.8 82.5
      vertex 31.91 16.8 113
      vertex 10.8 16.8 82.5
    endloop
  endfacet
  facet normal 0 -1 0
    outer loop
      vertex 15.6 16.8 82.5
      vertex 31.91 16.8 113
      vertex 13.2 16.8 82.5
    endloop
  endfacet
  facet normal 0 -1 0
    outer loop
      vertex 18 16.8 82.5
      vertex 31.91 16.8 113
      vertex 15.6 16.8 82.5
    endloop
  endfacet
  facet normal 0 -1 0
    outer loop
      vertex 20.4 16.8 82.5
      vertex 31.91 16.8 113
      vertex 18 16.8 82.5
    endloop
  endfacet
  facet normal 0 -1 0
    outer loop
      vertex 20.4 16.8 30.5
      vertex 31.91 16.8 113
      vertex 20.4 16.8 82.5
    endloop
  endfacet
  facet normal 0 -1 0
    outer loop
      vertex 18 16.8 30.5
      vertex 25 16.8 8
      vertex 20.4 16.8 30.5
    endloop
  endfacet
  facet normal 0 -1 0
    outer loop
      vertex 31.91 16.8 0
      vertex 20.4 16.8 30.5
      vertex 25 16.8 8
    endloop
  endfacet
  facet normal 0 -1 0
    outer loop
      vertex 31.91 16.8 0
      vertex 25 16.8 8
      vertex 25 16.8 3
    endloop
  endfacet
  facet normal 0 -1 0
    outer loop
      vertex 20.4 16.8 30.5
      vertex 31.91 16.8 0
      vertex 31.91 16.8 113
    endloop
  endfacet
  facet normal 0 -1 0
    outer loop
      vertex 31.91 16.8 0
      vertex 25 16.8 3
      vertex -31.91 16.8 0
    endloop
  endfacet
  facet normal 0 1 -0
    outer loop
      vertex -15.6 20 30.5
      vertex -18 20 82.5
      vertex -15.6 20 82.5
    endloop
  endfacet
  facet normal 0 1 0
    outer loop
      vertex -18 20 82.5
      vertex -15.6 20 30.5
      vertex -18 20 30.5
    endloop
  endfacet
  facet normal 0 1 -0
    outer loop
      vertex -10.8 20 30.5
      vertex -13.2 20 82.5
      vertex -10.8 20 82.5
    endloop
  endfacet
  facet normal 0 1 0
    outer loop
      vertex -13.2 20 82.5
      vertex -10.8 20 30.5
      vertex -13.2 20 30.5
    endloop
  endfacet
  facet normal 0 1 -0
    outer loop
      vertex -6 20 30.5
      vertex -8.4 20 82.5
      vertex -6 20 82.5
    endloop
  endfacet
  facet normal 0 1 0
    outer loop
      vertex -8.4 20 82.5
      vertex -6 20 30.5
      vertex -8.4 20 30.5
    endloop
  endfacet
  facet normal 0 1 -0
    outer loop
      vertex -1.2 20 30.5
      vertex -3.6 20 82.5
      vertex -1.2 20 82.5
    endloop
  endfacet
  facet normal 0 1 0
    outer loop
      vertex -3.6 20 82.5
      vertex -1.2 20 30.5
      vertex -3.6 20 30.5
    endloop
  endfacet
  facet normal 0 1 -0
    outer loop
      vertex 3.6 20 30.5
      vertex 1.2 20 82.5
      vertex 3.6 20 82.5
    endloop
  endfacet
  facet normal 0 1 0
    outer loop
      vertex 1.2 20 82.5
      vertex 3.6 20 30.5
      vertex 1.2 20 30.5
    endloop
  endfacet
  facet normal 0 1 -0
    outer loop
      vertex 8.4 20 30.5
      vertex 6 20 82.5
      vertex 8.4 20 82.5
    endloop
  endfacet
  facet normal 0 1 0
    outer loop
      vertex 6 20 82.5
      vertex 8.4 20 30.5
      vertex 6 20 30.5
    endloop
  endfacet
  facet normal 0 1 -0
    outer loop
      vertex 13.2 20 30.5
      vertex 10.8 20 82.5
      vertex 13.2 20 82.5
    endloop
  endfacet
  facet normal 0 1 0
    outer loop
      vertex 10.8 20 82.5
      vertex 13.2 20 30.5
      vertex 10.8 20 30.5
    endloop
  endfacet
  facet normal 0 1 -0
    outer loop
      vertex 18 20 30.5
      vertex 15.6 20 82.5
      vertex 18 20 82.5
    endloop
  endfacet
  facet normal 0 1 0
    outer loop
      vertex 15.6 20 82.5
      vertex 18 20 30.5
      vertex 15.6 20 30.5
    endloop
  endfacet
  facet normal 0 1 0
    outer loop
      vertex 18 20 82.5
      vertex 31.91 20 113
      vertex 20.4 20 82.5
    endloop
  endfacet
  facet normal 0 1 0
    outer loop
      vertex 31.91 20 113
      vertex 20.4 20 30.5
      vertex 20.4 20 82.5
    endloop
  endfacet
  facet normal 0 1 0
    outer loop
      vertex 31.91 20 0
      vertex 18 20 30.5
      vertex 20.4 20 30.5
    endloop
  endfacet
  facet normal 0 1 0
    outer loop
      vertex 18 20 30.5
      vertex 31.91 20 0
      vertex 15.6 20 30.5
    endloop
  endfacet
  facet normal 0 1 0
    outer loop
      vertex 15.6 20 30.5
      vertex 31.91 20 0
      vertex 13.2 20 30.5
    endloop
  endfacet
  facet normal 0 1 0
    outer loop
      vertex 13.2 20 30.5
      vertex 31.91 20 0
      vertex 10.8 20 30.5
    endloop
  endfacet
  facet normal 0 1 0
    outer loop
      vertex 10.8 20 30.5
      vertex 31.91 20 0
      vertex 8.4 20 30.5
    endloop
  endfacet
  facet normal 0 1 0
    outer loop
      vertex 8.4 20 30.5
      vertex 31.91 20 0
      vertex 6 20 30.5
    endloop
  endfacet
  facet normal 0 1 0
    outer loop
      vertex 6 20 30.5
      vertex 31.91 20 0
      vertex 3.6 20 30.5
    endloop
  endfacet
  facet normal 0 1 0
    outer loop
      vertex 3.6 20 30.5
      vertex 31.91 20 0
      vertex 1.2 20 30.5
    endloop
  endfacet
  facet normal 0 1 0
    outer loop
      vertex 1.2 20 30.5
      vertex 31.91 20 0
      vertex -1.2 20 30.5
    endloop
  endfacet
  facet normal 0 1 0
    outer loop
      vertex -31.91 20 0
      vertex -1.2 20 30.5
      vertex 31.91 20 0
    endloop
  endfacet
  facet normal 0 1 0
    outer loop
      vertex -1.2 20 30.5
      vertex -31.91 20 0
      vertex -3.6 20 30.5
    endloop
  endfacet
  facet normal 0 1 0
    outer loop
      vertex -3.6 20 30.5
      vertex -31.91 20 0
      vertex -6 20 30.5
    endloop
  endfacet
  facet normal 0 1 0
    outer loop
      vertex -6 20 30.5
      vertex -31.91 20 0
      vertex -8.4 20 30.5
    endloop
  endfacet
  facet normal 0 1 0
    outer loop
      vertex -8.4 20 30.5
      vertex -31.91 20 0
      vertex -10.8 20 30.5
    endloop
  endfacet
  facet normal 0 1 0
    outer loop
      vertex -10.8 20 30.5
      vertex -31.91 20 0
      vertex -13.2 20 30.5
    endloop
  endfacet
  facet normal 0 1 0
    outer loop
      vertex -13.2 20 30.5
      vertex -31.91 20 0
      vertex -15.6 20 30.5
    endloop
  endfacet
  facet normal 0 1 0
    outer loop
      vertex -15.6 20 30.5
      vertex -31.91 20 0
      vertex -18 20 30.5
    endloop
  endfacet
  facet normal 0 1 -0
    outer loop
      vertex 31.91 20 0
      vertex 20.4 20 30.5
      vertex 31.91 20 113
    endloop
  endfacet
  facet normal 0 1 0
    outer loop
      vertex 15.6 20 82.5
      vertex 31.91 20 113
      vertex 18 20 82.5
    endloop
  endfacet
  facet normal 0 1 0
    outer loop
      vertex 13.2 20 82.5
      vertex 31.91 20 113
      vertex 15.6 20 82.5
    endloop
  endfacet
  facet normal 0 1 0
    outer loop
      vertex 10.8 20 82.5
      vertex 31.91 20 113
      vertex 13.2 20 82.5
    endloop
  endfacet
  facet normal 0 1 0
    outer loop
      vertex 8.4 20 82.5
      vertex 31.91 20 113
      vertex 10.8 20 82.5
    endloop
  endfacet
  facet normal 0 1 0
    outer loop
      vertex 6 20 82.5
      vertex 31.91 20 113
      vertex 8.4 20 82.5
    endloop
  endfacet
  facet normal 0 1 0
    outer loop
      vertex 3.6 20 82.5
      vertex 31.91 20 113
      vertex 6 20 82.5
    endloop
  endfacet
  facet normal 0 1 0
    outer loop
      vertex 1.2 20 82.5
      vertex 31.91 20 113
      vertex 3.6 20 82.5
    endloop
  endfacet
  facet normal 0 1 0
    outer loop
      vertex 31.91 20 113
      vertex 1.2 20 82.5
      vertex -31.91 20 113
    endloop
  endfacet
  facet normal 0 1 -0
    outer loop
      vertex -1.2 20 82.5
      vertex -31.91 20 113
      vertex 1.2 20 82.5
    endloop
  endfacet
  facet normal 0 1 -0
    outer loop
      vertex -3.6 20 82.5
      vertex -31.91 20 113
      vertex -1.2 20 82.5
    endloop
  endfacet
  facet normal 0 1 -0
    outer loop
      vertex -6 20 82.5
      vertex -31.91 20 113
      vertex -3.6 20 82.5
    endloop
  endfacet
  facet normal 0 1 -0
    outer loop
      vertex -8.4 20 82.5
      vertex -31.91 20 113
      vertex -6 20 82.5
    endloop
  endfacet
  facet normal 0 1 -0
    outer loop
      vertex -10.8 20 82.5
      vertex -31.91 20 113
      vertex -8.4 20 82.5
    endloop
  endfacet
  facet normal 0 1 -0
    outer loop
      vertex -13.2 20 82.5
      vertex -31.91 20 113
      vertex -10.8 20 82.5
    endloop
  endfacet
  facet normal 0 1 -0
    outer loop
      vertex -15.6 20 82.5
      vertex -31.91 20 113
      vertex -13.2 20 82.5
    endloop
  endfacet
  facet normal 0 1 -0
    outer loop
      vertex -18 20 82.5
      vertex -31.91 20 113
      vertex -15.6 20 82.5
    endloop
  endfacet
  facet normal 0 1 -0
    outer loop
      vertex -20.4 20 82.5
      vertex -31.91 20 113
      vertex -18 20 82.5
    endloop
  endfacet
  facet normal 0 1 -0
    outer loop
      vertex -20.4 20 30.5
      vertex -31.91 20 113
      vertex -20.4 20 82.5
    endloop
  endfacet
  facet normal 0 1 0
    outer loop
      vertex -20.4 20 30.5
      vertex -31.91 20 0
      vertex -31.91 20 113
    endloop
  endfacet
  facet normal 0 1 0
    outer loop
      vertex -18 20 30.5
      vertex -31.91 20 0
      vertex -20.4 20 30.5
    endloop
  endfacet
  facet normal 0.0560913 0.998426 -0
    outer loop
      vertex 32.088 19.99 0
      vertex 31.91 20 113
      vertex 32.088 19.99 113
    endloop
  endfacet
  facet normal 0.0560913 0.998426 0
    outer loop
      vertex 31.91 20 113
      vertex 32.088 19.99 0
      vertex 31.91 20 0
    endloop
  endfacet
  facet normal 0.167672 0.985843 -0
    outer loop
      vertex 32.2638 19.9601 0
      vertex 32.088 19.99 113
      vertex 32.2638 19.9601 113
    endloop
  endfacet
  facet normal 0.167672 0.985843 0
    outer loop
      vertex 32.088 19.99 113
      vertex 32.2638 19.9601 0
      vertex 32.088 19.99 0
    endloop
  endfacet
  facet normal 0.875267 0.483641 0
    outer loop
      vertex 33.3425 19.0999 113
      vertex 33.2563 19.2559 0
      vertex 33.2563 19.2559 113
    endloop
  endfacet
  facet normal 0.875267 0.483641 0
    outer loop
      vertex 33.2563 19.2559 0
      vertex 33.3425 19.0999 113
      vertex 33.3425 19.0999 0
    endloop
  endfacet
  facet normal 0.578795 -0.815473 0
    outer loop
      vertex 32.7559 17.0437 0
      vertex 32.9013 17.1469 113
      vertex 32.7559 17.0437 113
    endloop
  endfacet
  facet normal 0.578795 -0.815473 0
    outer loop
      vertex 32.9013 17.1469 113
      vertex 32.7559 17.0437 0
      vertex 32.9013 17.1469 0
    endloop
  endfacet
  facet normal -0.923805 0.382863 0
    outer loop
      vertex -33.4108 18.9351 0
      vertex -33.3425 19.0999 113
      vertex -33.3425 19.0999 0
    endloop
  endfacet
  facet normal -0.923805 0.382863 0
    outer loop
      vertex -33.3425 19.0999 113
      vertex -33.4108 18.9351 0
      vertex -33.4108 18.9351 113
    endloop
  endfacet
  facet normal -0.666172 0.745798 0
    outer loop
      vertex -32.9013 19.6531 0
      vertex -33.0343 19.5343 113
      vertex -32.9013 19.6531 113
    endloop
  endfacet
  facet normal -0.666172 0.745798 0
    outer loop
      vertex -33.0343 19.5343 113
      vertex -32.9013 19.6531 0
      vertex -33.0343 19.5343 0
    endloop
  endfacet
  facet normal 0.276573 0.960993 -0
    outer loop
      vertex 32.4351 19.9108 0
      vertex 32.2638 19.9601 113
      vertex 32.4351 19.9108 113
    endloop
  endfacet
  facet normal 0.276573 0.960993 0
    outer loop
      vertex 32.2638 19.9601 113
      vertex 32.4351 19.9108 0
      vertex 32.2638 19.9601 0
    endloop
  endfacet
  facet normal 0.666172 0.745798 -0
    outer loop
      vertex 33.0343 19.5343 0
      vertex 32.9013 19.6531 113
      vertex 33.0343 19.5343 113
    endloop
  endfacet
  facet normal 0.666172 0.745798 0
    outer loop
      vertex 32.9013 19.6531 113
      vertex 33.0343 19.5343 0
      vertex 32.9013 19.6531 0
    endloop
  endfacet
  facet normal -0.167672 -0.985843 0
    outer loop
      vertex -32.2638 16.8399 0
      vertex -32.088 16.81 113
      vertex -32.2638 16.8399 113
    endloop
  endfacet
  facet normal -0.167672 -0.985843 -0
    outer loop
      vertex -32.088 16.81 113
      vertex -32.2638 16.8399 0
      vertex -32.088 16.81 0
    endloop
  endfacet
  facet normal -0.382863 -0.923805 0
    outer loop
      vertex -32.5999 16.9575 0
      vertex -32.4351 16.8892 113
      vertex -32.5999 16.9575 113
    endloop
  endfacet
  facet normal -0.382863 -0.923805 -0
    outer loop
      vertex -32.4351 16.8892 113
      vertex -32.5999 16.9575 0
      vertex -32.4351 16.8892 0
    endloop
  endfacet
  facet normal -0.578795 -0.815473 0
    outer loop
      vertex -32.9013 17.1469 0
      vertex -32.7559 17.0437 113
      vertex -32.9013 17.1469 113
    endloop
  endfacet
  facet normal -0.578795 -0.815473 -0
    outer loop
      vertex -32.7559 17.0437 113
      vertex -32.9013 17.1469 0
      vertex -32.7559 17.0437 0
    endloop
  endfacet
  facet normal -0.578795 0.815473 0
    outer loop
      vertex -32.7559 19.7563 0
      vertex -32.9013 19.6531 113
      vertex -32.7559 19.7563 113
    endloop
  endfacet
  facet normal -0.578795 0.815473 0
    outer loop
      vertex -32.9013 19.6531 113
      vertex -32.7559 19.7563 0
      vertex -32.9013 19.6531 0
    endloop
  endfacet
  facet normal -0.167672 0.985843 0
    outer loop
      vertex -32.088 19.99 0
      vertex -32.2638 19.9601 113
      vertex -32.088 19.99 113
    endloop
  endfacet
  facet normal -0.167672 0.985843 0
    outer loop
      vertex -32.2638 19.9601 113
      vertex -32.088 19.99 0
      vertex -32.2638 19.9601 0
    endloop
  endfacet
  facet normal -0.382863 0.923805 0
    outer loop
      vertex -32.4351 19.9108 0
      vertex -32.5999 19.8425 113
      vertex -32.4351 19.9108 113
    endloop
  endfacet
  facet normal -0.382863 0.923805 0
    outer loop
      vertex -32.5999 19.8425 113
      vertex -32.4351 19.9108 0
      vertex -32.5999 19.8425 0
    endloop
  endfacet
  facet normal -0.276573 0.960993 0
    outer loop
      vertex -32.2638 19.9601 0
      vertex -32.4351 19.9108 113
      vertex -32.2638 19.9601 113
    endloop
  endfacet
  facet normal -0.276573 0.960993 0
    outer loop
      vertex -32.4351 19.9108 113
      vertex -32.2638 19.9601 0
      vertex -32.4351 19.9108 0
    endloop
  endfacet
  facet normal -0.483641 0.875267 0
    outer loop
      vertex -32.5999 19.8425 0
      vertex -32.7559 19.7563 113
      vertex -32.5999 19.8425 113
    endloop
  endfacet
  facet normal -0.483641 0.875267 0
    outer loop
      vertex -32.7559 19.7563 113
      vertex -32.5999 19.8425 0
      vertex -32.7559 19.7563 0
    endloop
  endfacet
  facet normal 0.382863 0.923805 -0
    outer loop
      vertex 32.5999 19.8425 0
      vertex 32.4351 19.9108 113
      vertex 32.5999 19.8425 113
    endloop
  endfacet
  facet normal 0.382863 0.923805 0
    outer loop
      vertex 32.4351 19.9108 113
      vertex 32.5999 19.8425 0
      vertex 32.4351 19.9108 0
    endloop
  endfacet
  facet normal 0.998426 0.0560913 0
    outer loop
      vertex 33.5 18.41 113
      vertex 33.49 18.588 0
      vertex 33.49 18.588 113
    endloop
  endfacet
  facet normal 0.998426 0.0560913 0
    outer loop
      vertex 33.49 18.588 0
      vertex 33.5 18.41 113
      vertex 33.5 18.41 0
    endloop
  endfacet
  facet normal 0.923805 0.382863 0
    outer loop
      vertex 33.4108 18.9351 113
      vertex 33.3425 19.0999 0
      vertex 33.3425 19.0999 113
    endloop
  endfacet
  facet normal 0.923805 0.382863 0
    outer loop
      vertex 33.3425 19.0999 0
      vertex 33.4108 18.9351 113
      vertex 33.4108 18.9351 0
    endloop
  endfacet
  facet normal 0.745798 0.666172 0
    outer loop
      vertex 33.1531 19.4013 113
      vertex 33.0343 19.5343 0
      vertex 33.0343 19.5343 113
    endloop
  endfacet
  facet normal 0.745798 0.666172 0
    outer loop
      vertex 33.0343 19.5343 0
      vertex 33.1531 19.4013 113
      vertex 33.1531 19.4013 0
    endloop
  endfacet
  facet normal 0.578795 0.815473 -0
    outer loop
      vertex 32.9013 19.6531 0
      vertex 32.7559 19.7563 113
      vertex 32.9013 19.6531 113
    endloop
  endfacet
  facet normal 0.578795 0.815473 0
    outer loop
      vertex 32.7559 19.7563 113
      vertex 32.9013 19.6531 0
      vertex 32.7559 19.7563 0
    endloop
  endfacet
  facet normal 0.483641 -0.875267 0
    outer loop
      vertex 32.5999 16.9575 0
      vertex 32.7559 17.0437 113
      vertex 32.5999 16.9575 113
    endloop
  endfacet
  facet normal 0.483641 -0.875267 0
    outer loop
      vertex 32.7559 17.0437 113
      vertex 32.5999 16.9575 0
      vertex 32.7559 17.0437 0
    endloop
  endfacet
  facet normal 0.276573 -0.960993 0
    outer loop
      vertex 32.2638 16.8399 0
      vertex 32.4351 16.8892 113
      vertex 32.2638 16.8399 113
    endloop
  endfacet
  facet normal 0.276573 -0.960993 0
    outer loop
      vertex 32.4351 16.8892 113
      vertex 32.2638 16.8399 0
      vertex 32.4351 16.8892 0
    endloop
  endfacet
  facet normal 0.0560913 -0.998426 0
    outer loop
      vertex 31.91 16.8 0
      vertex 32.088 16.81 113
      vertex 31.91 16.8 113
    endloop
  endfacet
  facet normal 0.0560913 -0.998426 0
    outer loop
      vertex 32.088 16.81 113
      vertex 31.91 16.8 0
      vertex 32.088 16.81 0
    endloop
  endfacet
  facet normal 0.815473 -0.578795 0
    outer loop
      vertex 33.1531 17.3987 113
      vertex 33.2563 17.5441 0
      vertex 33.2563 17.5441 113
    endloop
  endfacet
  facet normal 0.815473 -0.578795 0
    outer loop
      vertex 33.2563 17.5441 0
      vertex 33.1531 17.3987 113
      vertex 33.1531 17.3987 0
    endloop
  endfacet
  facet normal 0.960993 -0.276573 0
    outer loop
      vertex 33.4108 17.8649 113
      vertex 33.4601 18.0362 0
      vertex 33.4601 18.0362 113
    endloop
  endfacet
  facet normal 0.960993 -0.276573 0
    outer loop
      vertex 33.4601 18.0362 0
      vertex 33.4108 17.8649 113
      vertex 33.4108 17.8649 0
    endloop
  endfacet
  facet normal 0.985843 -0.167672 0
    outer loop
      vertex 33.4601 18.0362 113
      vertex 33.49 18.212 0
      vertex 33.49 18.212 113
    endloop
  endfacet
  facet normal 0.985843 -0.167672 0
    outer loop
      vertex 33.49 18.212 0
      vertex 33.4601 18.0362 113
      vertex 33.4601 18.0362 0
    endloop
  endfacet
  facet normal 0.745798 -0.666172 0
    outer loop
      vertex 33.0343 17.2657 113
      vertex 33.1531 17.3987 0
      vertex 33.1531 17.3987 113
    endloop
  endfacet
  facet normal 0.745798 -0.666172 0
    outer loop
      vertex 33.1531 17.3987 0
      vertex 33.0343 17.2657 113
      vertex 33.0343 17.2657 0
    endloop
  endfacet
  facet normal -0.0560913 -0.998426 0
    outer loop
      vertex -32.088 16.81 0
      vertex -31.91 16.8 113
      vertex -32.088 16.81 113
    endloop
  endfacet
  facet normal -0.0560913 -0.998426 -0
    outer loop
      vertex -31.91 16.8 113
      vertex -32.088 16.81 0
      vertex -31.91 16.8 0
    endloop
  endfacet
  facet normal -0.276573 -0.960993 0
    outer loop
      vertex -32.4351 16.8892 0
      vertex -32.2638 16.8399 113
      vertex -32.4351 16.8892 113
    endloop
  endfacet
  facet normal -0.276573 -0.960993 -0
    outer loop
      vertex -32.2638 16.8399 113
      vertex -32.4351 16.8892 0
      vertex -32.2638 16.8399 0
    endloop
  endfacet
  facet normal 0 0 -1
    outer loop
      vertex 33.49 18.212 0
      vertex 33.5 18.41 0
      vertex 33.5 18.39 0
    endloop
  endfacet
  facet normal 0 0 -1
    outer loop
      vertex 33.49 18.212 0
      vertex 33.49 18.588 0
      vertex 33.5 18.41 0
    endloop
  endfacet
  facet normal 0 0 -1
    outer loop
      vertex 33.4601 18.0362 0
      vertex 33.49 18.588 0
      vertex 33.49 18.212 0
    endloop
  endfacet
  facet normal 0 0 -1
    outer loop
      vertex 33.4601 18.0362 0
      vertex 33.4601 18.7638 0
      vertex 33.49 18.588 0
    endloop
  endfacet
  facet normal 0 0 -1
    outer loop
      vertex 33.4108 17.8649 0
      vertex 33.4601 18.7638 0
      vertex 33.4601 18.0362 0
    endloop
  endfacet
  facet normal 0 0 -1
    outer loop
      vertex 33.4108 17.8649 0
      vertex 33.4108 18.9351 0
      vertex 33.4601 18.7638 0
    endloop
  endfacet
  facet normal 0 0 -1
    outer loop
      vertex 33.3425 17.7001 0
      vertex 33.4108 18.9351 0
      vertex 33.4108 17.8649 0
    endloop
  endfacet
  facet normal 0 0 -1
    outer loop
      vertex 33.3425 17.7001 0
      vertex 33.3425 19.0999 0
      vertex 33.4108 18.9351 0
    endloop
  endfacet
  facet normal 0 0 -1
    outer loop
      vertex 33.2563 17.5441 0
      vertex 33.3425 19.0999 0
      vertex 33.3425 17.7001 0
    endloop
  endfacet
  facet normal 0 0 -1
    outer loop
      vertex 33.2563 17.5441 0
      vertex 33.2563 19.2559 0
      vertex 33.3425 19.0999 0
    endloop
  endfacet
  facet normal 0 0 -1
    outer loop
      vertex 33.1531 17.3987 0
      vertex 33.2563 19.2559 0
      vertex 33.2563 17.5441 0
    endloop
  endfacet
  facet normal 0 0 -1
    outer loop
      vertex 33.1531 17.3987 0
      vertex 33.1531 19.4013 0
      vertex 33.2563 19.2559 0
    endloop
  endfacet
  facet normal 0 0 -1
    outer loop
      vertex 33.0343 17.2657 0
      vertex 33.1531 19.4013 0
      vertex 33.1531 17.3987 0
    endloop
  endfacet
  facet normal 0 0 -1
    outer loop
      vertex 33.0343 17.2657 0
      vertex 33.0343 19.5343 0
      vertex 33.1531 19.4013 0
    endloop
  endfacet
  facet normal 0 0 -1
    outer loop
      vertex 32.9013 17.1469 0
      vertex 33.0343 19.5343 0
      vertex 33.0343 17.2657 0
    endloop
  endfacet
  facet normal 0 0 -1
    outer loop
      vertex 32.9013 17.1469 0
      vertex 32.9013 19.6531 0
      vertex 33.0343 19.5343 0
    endloop
  endfacet
  facet normal 0 0 -1
    outer loop
      vertex 32.7559 17.0437 0
      vertex 32.9013 19.6531 0
      vertex 32.9013 17.1469 0
    endloop
  endfacet
  facet normal 0 0 -1
    outer loop
      vertex 32.7559 17.0437 0
      vertex 32.7559 19.7563 0
      vertex 32.9013 19.6531 0
    endloop
  endfacet
  facet normal 0 0 -1
    outer loop
      vertex 32.5999 16.9575 0
      vertex 32.7559 19.7563 0
      vertex 32.7559 17.0437 0
    endloop
  endfacet
  facet normal 0 0 -1
    outer loop
      vertex 32.5999 16.9575 0
      vertex 32.5999 19.8425 0
      vertex 32.7559 19.7563 0
    endloop
  endfacet
  facet normal 0 0 -1
    outer loop
      vertex 32.4351 16.8892 0
      vertex 32.5999 19.8425 0
      vertex 32.5999 16.9575 0
    endloop
  endfacet
  facet normal 0 0 -1
    outer loop
      vertex 32.4351 16.8892 0
      vertex 32.4351 19.9108 0
      vertex 32.5999 19.8425 0
    endloop
  endfacet
  facet normal 0 0 -1
    outer loop
      vertex 32.2638 16.8399 0
      vertex 32.4351 19.9108 0
      vertex 32.4351 16.8892 0
    endloop
  endfacet
  facet normal 0 0 -1
    outer loop
      vertex 32.2638 16.8399 0
      vertex 32.2638 19.9601 0
      vertex 32.4351 19.9108 0
    endloop
  endfacet
  facet normal 0 0 -1
    outer loop
      vertex 32.088 16.81 0
      vertex 32.2638 19.9601 0
      vertex 32.2638 16.8399 0
    endloop
  endfacet
  facet normal 0 0 -1
    outer loop
      vertex 32.088 16.81 0
      vertex 32.088 19.99 0
      vertex 32.2638 19.9601 0
    endloop
  endfacet
  facet normal 0 0 -1
    outer loop
      vertex 31.91 16.8 0
      vertex 32.088 19.99 0
      vertex 32.088 16.81 0
    endloop
  endfacet
  facet normal 0 0 -1
    outer loop
      vertex 31.91 16.8 0
      vertex 31.91 20 0
      vertex 32.088 19.99 0
    endloop
  endfacet
  facet normal 0 0 -1
    outer loop
      vertex -31.91 16.8 0
      vertex 31.91 20 0
      vertex 31.91 16.8 0
    endloop
  endfacet
  facet normal 0 0 -1
    outer loop
      vertex -31.91 16.8 0
      vertex -31.91 20 0
      vertex 31.91 20 0
    endloop
  endfacet
  facet normal 0 0 -1
    outer loop
      vertex -32.088 16.81 0
      vertex -31.91 20 0
      vertex -31.91 16.8 0
    endloop
  endfacet
  facet normal 0 0 -1
    outer loop
      vertex -32.088 16.81 0
      vertex -32.088 19.99 0
      vertex -31.91 20 0
    endloop
  endfacet
  facet normal 0 0 -1
    outer loop
      vertex -32.2638 16.8399 0
      vertex -32.088 19.99 0
      vertex -32.088 16.81 0
    endloop
  endfacet
  facet normal 0 0 -1
    outer loop
      vertex -32.2638 16.8399 0
      vertex -32.2638 19.9601 0
      vertex -32.088 19.99 0
    endloop
  endfacet
  facet normal 0 0 -1
    outer loop
      vertex -32.4351 16.8892 0
      vertex -32.2638 19.9601 0
      vertex -32.2638 16.8399 0
    endloop
  endfacet
  facet normal 0 0 -1
    outer loop
      vertex -32.4351 16.8892 0
      vertex -32.4351 19.9108 0
      vertex -32.2638 19.9601 0
    endloop
  endfacet
  facet normal 0 0 -1
    outer loop
      vertex -32.5999 16.9575 0
      vertex -32.4351 19.9108 0
      vertex -32.4351 16.8892 0
    endloop
  endfacet
  facet normal 0 0 -1
    outer loop
      vertex -32.5999 16.9575 0
      vertex -32.5999 19.8425 0
      vertex -32.4351 19.9108 0
    endloop
  endfacet
  facet normal 0 0 -1
    outer loop
      vertex -32.7559 17.0437 0
      vertex -32.5999 19.8425 0
      vertex -32.5999 16.9575 0
    endloop
  endfacet
  facet normal 0 0 -1
    outer loop
      vertex -32.7559 17.0437 0
      vertex -32.7559 19.7563 0
      vertex -32.5999 19.8425 0
    endloop
  endfacet
  facet normal 0 0 -1
    outer loop
      vertex -32.9013 17.1469 0
      vertex -32.7559 19.7563 0
      vertex -32.7559 17.0437 0
    endloop
  endfacet
  facet normal 0 0 -1
    outer loop
      vertex -32.9013 17.1469 0
      vertex -32.9013 19.6531 0
      vertex -32.7559 19.7563 0
    endloop
  endfacet
  facet normal 0 0 -1
    outer loop
      vertex -33.0343 17.2657 0
      vertex -32.9013 19.6531 0
      vertex -32.9013 17.1469 0
    endloop
  endfacet
  facet normal 0 0 -1
    outer loop
      vertex -33.0343 17.2657 0
      vertex -33.0343 19.5343 0
      vertex -32.9013 19.6531 0
    endloop
  endfacet
  facet normal 0 0 -1
    outer loop
      vertex -33.1531 17.3987 0
      vertex -33.0343 19.5343 0
      vertex -33.0343 17.2657 0
    endloop
  endfacet
  facet normal 0 0 -1
    outer loop
      vertex -33.1531 17.3987 0
      vertex -33.1531 19.4013 0
      vertex -33.0343 19.5343 0
    endloop
  endfacet
  facet normal 0 0 -1
    outer loop
      vertex -33.2563 17.5441 0
      vertex -33.1531 19.4013 0
      vertex -33.1531 17.3987 0
    endloop
  endfacet
  facet normal 0 0 -1
    outer loop
      vertex -33.2563 17.5441 0
      vertex -33.2563 19.2559 0
      vertex -33.1531 19.4013 0
    endloop
  endfacet
  facet normal 0 0 -1
    outer loop
      vertex -33.3425 17.7001 0
      vertex -33.2563 19.2559 0
      vertex -33.2563 17.5441 0
    endloop
  endfacet
  facet normal 0 0 -1
    outer loop
      vertex -33.3425 17.7001 0
      vertex -33.3425 19.0999 0
      vertex -33.2563 19.2559 0
    endloop
  endfacet
  facet normal 0 0 -1
    outer loop
      vertex -33.4108 17.8649 0
      vertex -33.3425 19.0999 0
      vertex -33.3425 17.7001 0
    endloop
  endfacet
  facet normal 0 0 -1
    outer loop
      vertex -33.4108 17.8649 0
      vertex -33.4108 18.9351 0
      vertex -33.3425 19.0999 0
    endloop
  endfacet
  facet normal 0 0 -1
    outer loop
      vertex -33.4601 18.0362 0
      vertex -33.4108 18.9351 0
      vertex -33.4108 17.8649 0
    endloop
  endfacet
  facet normal 0 0 -1
    outer loop
      vertex -33.4601 18.0362 0
      vertex -33.4601 18.7638 0
      vertex -33.4108 18.9351 0
    endloop
  endfacet
  facet normal 0 0 -1
    outer loop
      vertex -33.49 18.212 0
      vertex -33.4601 18.7638 0
      vertex -33.4601 18.0362 0
    endloop
  endfacet
  facet normal 0 0 -1
    outer loop
      vertex -33.49 18.212 0
      vertex -33.49 18.588 0
      vertex -33.4601 18.7638 0
    endloop
  endfacet
  facet normal 0 0 -1
    outer loop
      vertex -33.5 18.39 0
      vertex -33.49 18.588 0
      vertex -33.49 18.212 0
    endloop
  endfacet
  facet normal 0 0 -1
    outer loop
      vertex -33.49 18.588 0
      vertex -33.5 18.39 0
      vertex -33.5 18.41 0
    endloop
  endfacet
  facet normal -0.985843 0.167672 0
    outer loop
      vertex -33.49 18.588 0
      vertex -33.4601 18.7638 113
      vertex -33.4601 18.7638 0
    endloop
  endfacet
  facet normal -0.985843 0.167672 0
    outer loop
      vertex -33.4601 18.7638 113
      vertex -33.49 18.588 0
      vertex -33.49 18.588 113
    endloop
  endfacet
  facet normal -0.960993 0.276573 0
    outer loop
      vertex -33.4601 18.7638 0
      vertex -33.4108 18.9351 113
      vertex -33.4108 18.9351 0
    endloop
  endfacet
  facet normal -0.960993 0.276573 0
    outer loop
      vertex -33.4108 18.9351 113
      vertex -33.4601 18.7638 0
      vertex -33.4601 18.7638 113
    endloop
  endfacet
  facet normal -0.815473 0.578795 0
    outer loop
      vertex -33.2563 19.2559 0
      vertex -33.1531 19.4013 113
      vertex -33.1531 19.4013 0
    endloop
  endfacet
  facet normal -0.815473 0.578795 0
    outer loop
      vertex -33.1531 19.4013 113
      vertex -33.2563 19.2559 0
      vertex -33.2563 19.2559 113
    endloop
  endfacet
  facet normal -0.745798 0.666172 0
    outer loop
      vertex -33.1531 19.4013 0
      vertex -33.0343 19.5343 113
      vertex -33.0343 19.5343 0
    endloop
  endfacet
  facet normal -0.745798 0.666172 0
    outer loop
      vertex -33.0343 19.5343 113
      vertex -33.1531 19.4013 0
      vertex -33.1531 19.4013 113
    endloop
  endfacet
  facet normal -0.0560913 0.998426 0
    outer loop
      vertex -31.91 20 0
      vertex -32.088 19.99 113
      vertex -31.91 20 113
    endloop
  endfacet
  facet normal -0.0560913 0.998426 0
    outer loop
      vertex -32.088 19.99 113
      vertex -31.91 20 0
      vertex -32.088 19.99 0
    endloop
  endfacet
  facet normal 0.998426 -0.0560913 0
    outer loop
      vertex 33.49 18.212 113
      vertex 33.5 18.39 0
      vertex 33.5 18.39 113
    endloop
  endfacet
  facet normal 0.998426 -0.0560913 0
    outer loop
      vertex 33.5 18.39 0
      vertex 33.49 18.212 113
      vertex 33.49 18.212 0
    endloop
  endfacet
  facet normal 1 -0 0
    outer loop
      vertex 33.5 18.39 113
      vertex 33.5 18.41 0
      vertex 33.5 18.41 113
    endloop
  endfacet
  facet normal 1 0 0
    outer loop
      vertex 33.5 18.41 0
      vertex 33.5 18.39 113
      vertex 33.5 18.39 0
    endloop
  endfacet
  facet normal 0.960993 0.276573 0
    outer loop
      vertex 33.4601 18.7638 113
      vertex 33.4108 18.9351 0
      vertex 33.4108 18.9351 113
    endloop
  endfacet
  facet normal 0.960993 0.276573 0
    outer loop
      vertex 33.4108 18.9351 0
      vertex 33.4601 18.7638 113
      vertex 33.4601 18.7638 0
    endloop
  endfacet
  facet normal 0.985843 0.167672 0
    outer loop
      vertex 33.49 18.588 113
      vertex 33.4601 18.7638 0
      vertex 33.4601 18.7638 113
    endloop
  endfacet
  facet normal 0.985843 0.167672 0
    outer loop
      vertex 33.4601 18.7638 0
      vertex 33.49 18.588 113
      vertex 33.49 18.588 0
    endloop
  endfacet
  facet normal 0.483641 0.875267 -0
    outer loop
      vertex 32.7559 19.7563 0
      vertex 32.5999 19.8425 113
      vertex 32.7559 19.7563 113
    endloop
  endfacet
  facet normal 0.483641 0.875267 0
    outer loop
      vertex 32.5999 19.8425 113
      vertex 32.7559 19.7563 0
      vertex 32.5999 19.8425 0
    endloop
  endfacet
  facet normal 0.815473 0.578795 0
    outer loop
      vertex 33.2563 19.2559 113
      vertex 33.1531 19.4013 0
      vertex 33.1531 19.4013 113
    endloop
  endfacet
  facet normal 0.815473 0.578795 0
    outer loop
      vertex 33.1531 19.4013 0
      vertex 33.2563 19.2559 113
      vertex 33.2563 19.2559 0
    endloop
  endfacet
  facet normal 0.382863 -0.923805 0
    outer loop
      vertex 32.4351 16.8892 0
      vertex 32.5999 16.9575 113
      vertex 32.4351 16.8892 113
    endloop
  endfacet
  facet normal 0.382863 -0.923805 0
    outer loop
      vertex 32.5999 16.9575 113
      vertex 32.4351 16.8892 0
      vertex 32.5999 16.9575 0
    endloop
  endfacet
  facet normal 0.167672 -0.985843 0
    outer loop
      vertex 32.088 16.81 0
      vertex 32.2638 16.8399 113
      vertex 32.088 16.81 113
    endloop
  endfacet
  facet normal 0.167672 -0.985843 0
    outer loop
      vertex 32.2638 16.8399 113
      vertex 32.088 16.81 0
      vertex 32.2638 16.8399 0
    endloop
  endfacet
  facet normal 0.875267 -0.483641 0
    outer loop
      vertex 33.2563 17.5441 113
      vertex 33.3425 17.7001 0
      vertex 33.3425 17.7001 113
    endloop
  endfacet
  facet normal 0.875267 -0.483641 0
    outer loop
      vertex 33.3425 17.7001 0
      vertex 33.2563 17.5441 113
      vertex 33.2563 17.5441 0
    endloop
  endfacet
  facet normal -0.923805 -0.382863 0
    outer loop
      vertex -33.3425 17.7001 0
      vertex -33.4108 17.8649 113
      vertex -33.4108 17.8649 0
    endloop
  endfacet
  facet normal -0.923805 -0.382863 0
    outer loop
      vertex -33.4108 17.8649 113
      vertex -33.3425 17.7001 0
      vertex -33.3425 17.7001 113
    endloop
  endfacet
  facet normal -0.985843 -0.167672 0
    outer loop
      vertex -33.4601 18.0362 0
      vertex -33.49 18.212 113
      vertex -33.49 18.212 0
    endloop
  endfacet
  facet normal -0.985843 -0.167672 0
    outer loop
      vertex -33.49 18.212 113
      vertex -33.4601 18.0362 0
      vertex -33.4601 18.0362 113
    endloop
  endfacet
  facet normal -0.666172 -0.745798 0
    outer loop
      vertex -33.0343 17.2657 0
      vertex -32.9013 17.1469 113
      vertex -33.0343 17.2657 113
    endloop
  endfacet
  facet normal -0.666172 -0.745798 -0
    outer loop
      vertex -32.9013 17.1469 113
      vertex -33.0343 17.2657 0
      vertex -32.9013 17.1469 0
    endloop
  endfacet
  facet normal -0.745798 -0.666172 0
    outer loop
      vertex -33.0343 17.2657 0
      vertex -33.1531 17.3987 113
      vertex -33.1531 17.3987 0
    endloop
  endfacet
  facet normal -0.745798 -0.666172 0
    outer loop
      vertex -33.1531 17.3987 113
      vertex -33.0343 17.2657 0
      vertex -33.0343 17.2657 113
    endloop
  endfacet
  facet normal -0.815473 -0.578795 0
    outer loop
      vertex -33.1531 17.3987 0
      vertex -33.2563 17.5441 113
      vertex -33.2563 17.5441 0
    endloop
  endfacet
  facet normal -0.815473 -0.578795 0
    outer loop
      vertex -33.2563 17.5441 113
      vertex -33.1531 17.3987 0
      vertex -33.1531 17.3987 113
    endloop
  endfacet
  facet normal -0.483641 -0.875267 0
    outer loop
      vertex -32.7559 17.0437 0
      vertex -32.5999 16.9575 113
      vertex -32.7559 17.0437 113
    endloop
  endfacet
  facet normal -0.483641 -0.875267 -0
    outer loop
      vertex -32.5999 16.9575 113
      vertex -32.7559 17.0437 0
      vertex -32.5999 16.9575 0
    endloop
  endfacet
  facet normal -0.998426 0.0560913 0
    outer loop
      vertex -33.5 18.41 0
      vertex -33.49 18.588 113
      vertex -33.49 18.588 0
    endloop
  endfacet
  facet normal -0.998426 0.0560913 0
    outer loop
      vertex -33.49 18.588 113
      vertex -33.5 18.41 0
      vertex -33.5 18.41 113
    endloop
  endfacet
  facet normal -1 0 0
    outer loop
      vertex -33.5 18.39 0
      vertex -33.5 18.41 113
      vertex -33.5 18.41 0
    endloop
  endfacet
  facet normal -1 -0 0
    outer loop
      vertex -33.5 18.41 113
      vertex -33.5 18.39 0
      vertex -33.5 18.39 113
    endloop
  endfacet
  facet normal -0.998426 -0.0560913 0
    outer loop
      vertex -33.49 18.212 0
      vertex -33.5 18.39 113
      vertex -33.5 18.39 0
    endloop
  endfacet
  facet normal -0.998426 -0.0560913 0
    outer loop
      vertex -33.5 18.39 113
      vertex -33.49 18.212 0
      vertex -33.49 18.212 113
    endloop
  endfacet
  facet normal -0.875267 0.483641 0
    outer loop
      vertex -33.3425 19.0999 0
      vertex -33.2563 19.2559 113
      vertex -33.2563 19.2559 0
    endloop
  endfacet
  facet normal -0.875267 0.483641 0
    outer loop
      vertex -33.2563 19.2559 113
      vertex -33.3425 19.0999 0
      vertex -33.3425 19.0999 113
    endloop
  endfacet
  facet normal 0.923805 -0.382863 0
    outer loop
      vertex 33.3425 17.7001 113
      vertex 33.4108 17.8649 0
      vertex 33.4108 17.8649 113
    endloop
  endfacet
  facet normal 0.923805 -0.382863 0
    outer loop
      vertex 33.4108 17.8649 0
      vertex 33.3425 17.7001 113
      vertex 33.3425 17.7001 0
    endloop
  endfacet
  facet normal -0.875267 -0.483641 0
    outer loop
      vertex -33.2563 17.5441 0
      vertex -33.3425 17.7001 113
      vertex -33.3425 17.7001 0
    endloop
  endfacet
  facet normal -0.875267 -0.483641 0
    outer loop
      vertex -33.3425 17.7001 113
      vertex -33.2563 17.5441 0
      vertex -33.2563 17.5441 113
    endloop
  endfacet
  facet normal -0.960993 -0.276573 0
    outer loop
      vertex -33.4108 17.8649 0
      vertex -33.4601 18.0362 113
      vertex -33.4601 18.0362 0
    endloop
  endfacet
  facet normal -0.960993 -0.276573 0
    outer loop
      vertex -33.4601 18.0362 113
      vertex -33.4108 17.8649 0
      vertex -33.4108 17.8649 113
    endloop
  endfacet
  facet normal 0 0 1
    outer loop
      vertex 33.49 18.588 113
      vertex 33.5 18.39 113
      vertex 33.5 18.41 113
    endloop
  endfacet
  facet normal 0 0 1
    outer loop
      vertex 33.49 18.588 113
      vertex 33.49 18.212 113
      vertex 33.5 18.39 113
    endloop
  endfacet
  facet normal 0 0 1
    outer loop
      vertex 33.4601 18.7638 113
      vertex 33.49 18.212 113
      vertex 33.49 18.588 113
    endloop
  endfacet
  facet normal 0 0 1
    outer loop
      vertex 33.4601 18.7638 113
      vertex 33.4601 18.0362 113
      vertex 33.49 18.212 113
    endloop
  endfacet
  facet normal 0 0 1
    outer loop
      vertex 33.4108 18.9351 113
      vertex 33.4601 18.0362 113
      vertex 33.4601 18.7638 113
    endloop
  endfacet
  facet normal 0 0 1
    outer loop
      vertex 33.4108 18.9351 113
      vertex 33.4108 17.8649 113
      vertex 33.4601 18.0362 113
    endloop
  endfacet
  facet normal 0 0 1
    outer loop
      vertex 33.3425 19.0999 113
      vertex 33.4108 17.8649 113
      vertex 33.4108 18.9351 113
    endloop
  endfacet
  facet normal 0 0 1
    outer loop
      vertex 33.3425 19.0999 113
      vertex 33.3425 17.7001 113
      vertex 33.4108 17.8649 113
    endloop
  endfacet
  facet normal 0 0 1
    outer loop
      vertex 33.2563 19.2559 113
      vertex 33.3425 17.7001 113
      vertex 33.3425 19.0999 113
    endloop
  endfacet
  facet normal 0 0 1
    outer loop
      vertex 33.2563 19.2559 113
      vertex 33.2563 17.5441 113
      vertex 33.3425 17.7001 113
    endloop
  endfacet
  facet normal 0 0 1
    outer loop
      vertex 33.1531 19.4013 113
      vertex 33.2563 17.5441 113
      vertex 33.2563 19.2559 113
    endloop
  endfacet
  facet normal 0 0 1
    outer loop
      vertex 33.1531 19.4013 113
      vertex 33.1531 17.3987 113
      vertex 33.2563 17.5441 113
    endloop
  endfacet
  facet normal 0 0 1
    outer loop
      vertex 33.0343 19.5343 113
      vertex 33.1531 17.3987 113
      vertex 33.1531 19.4013 113
    endloop
  endfacet
  facet normal 0 0 1
    outer loop
      vertex 33.0343 19.5343 113
      vertex 33.0343 17.2657 113
      vertex 33.1531 17.3987 113
    endloop
  endfacet
  facet normal 0 0 1
    outer loop
      vertex 32.9013 19.6531 113
      vertex 33.0343 17.2657 113
      vertex 33.0343 19.5343 113
    endloop
  endfacet
  facet normal 0 0 1
    outer loop
      vertex 32.9013 19.6531 113
      vertex 32.9013 17.1469 113
      vertex 33.0343 17.2657 113
    endloop
  endfacet
  facet normal 0 0 1
    outer loop
      vertex 32.7559 19.7563 113
      vertex 32.9013 17.1469 113
      vertex 32.9013 19.6531 113
    endloop
  endfacet
  facet normal 0 0 1
    outer loop
      vertex 32.7559 19.7563 113
      vertex 32.7559 17.0437 113
      vertex 32.9013 17.1469 113
    endloop
  endfacet
  facet normal 0 0 1
    outer loop
      vertex 32.5999 19.8425 113
      vertex 32.7559 17.0437 113
      vertex 32.7559 19.7563 113
    endloop
  endfacet
  facet normal 0 0 1
    outer loop
      vertex 32.5999 19.8425 113
      vertex 32.5999 16.9575 113
      vertex 32.7559 17.0437 113
    endloop
  endfacet
  facet normal 0 0 1
    outer loop
      vertex 32.4351 19.9108 113
      vertex 32.5999 16.9575 113
      vertex 32.5999 19.8425 113
    endloop
  endfacet
  facet normal 0 0 1
    outer loop
      vertex 32.4351 19.9108 113
      vertex 32.4351 16.8892 113
      vertex 32.5999 16.9575 113
    endloop
  endfacet
  facet normal 0 0 1
    outer loop
      vertex 32.2638 19.9601 113
      vertex 32.4351 16.8892 113
      vertex 32.4351 19.9108 113
    endloop
  endfacet
  facet normal 0 0 1
    outer loop
      vertex 32.2638 19.9601 113
      vertex 32.2638 16.8399 113
      vertex 32.4351 16.8892 113
    endloop
  endfacet
  facet normal 0 0 1
    outer loop
      vertex 32.088 19.99 113
      vertex 32.2638 16.8399 113
      vertex 32.2638 19.9601 113
    endloop
  endfacet
  facet normal 0 0 1
    outer loop
      vertex 32.088 19.99 113
      vertex 32.088 16.81 113
      vertex 32.2638 16.8399 113
    endloop
  endfacet
  facet normal 0 0 1
    outer loop
      vertex 31.91 20 113
      vertex 32.088 16.81 113
      vertex 32.088 19.99 113
    endloop
  endfacet
  facet normal 0 0 1
    outer loop
      vertex 31.91 20 113
      vertex 31.91 16.8 113
      vertex 32.088 16.81 113
    endloop
  endfacet
  facet normal -0 0 1
    outer loop
      vertex -31.91 20 113
      vertex 31.91 16.8 113
      vertex 31.91 20 113
    endloop
  endfacet
  facet normal 0 0 1
    outer loop
      vertex -31.91 20 113
      vertex -31.91 16.8 113
      vertex 31.91 16.8 113
    endloop
  endfacet
  facet normal -0 0 1
    outer loop
      vertex -32.088 19.99 113
      vertex -31.91 16.8 113
      vertex -31.91 20 113
    endloop
  endfacet
  facet normal 0 0 1
    outer loop
      vertex -32.088 19.99 113
      vertex -32.088 16.81 113
      vertex -31.91 16.8 113
    endloop
  endfacet
  facet normal -0 0 1
    outer loop
      vertex -32.2638 19.9601 113
      vertex -32.088 16.81 113
      vertex -32.088 19.99 113
    endloop
  endfacet
  facet normal 0 0 1
    outer loop
      vertex -32.2638 19.9601 113
      vertex -32.2638 16.8399 113
      vertex -32.088 16.81 113
    endloop
  endfacet
  facet normal -0 0 1
    outer loop
      vertex -32.4351 19.9108 113
      vertex -32.2638 16.8399 113
      vertex -32.2638 19.9601 113
    endloop
  endfacet
  facet normal 0 0 1
    outer loop
      vertex -32.4351 19.9108 113
      vertex -32.4351 16.8892 113
      vertex -32.2638 16.8399 113
    endloop
  endfacet
  facet normal -0 0 1
    outer loop
      vertex -32.5999 19.8425 113
      vertex -32.4351 16.8892 113
      vertex -32.4351 19.9108 113
    endloop
  endfacet
  facet normal 0 0 1
    outer loop
      vertex -32.5999 19.8425 113
      vertex -32.5999 16.9575 113
      vertex -32.4351 16.8892 113
    endloop
  endfacet
  facet normal -0 0 1
    outer loop
      vertex -32.7559 19.7563 113
      vertex -32.5999 16.9575 113
      vertex -32.5999 19.8425 113
    endloop
  endfacet
  facet normal 0 0 1
    outer loop
      vertex -32.7559 19.7563 113
      vertex -32.7559 17.0437 113
      vertex -32.5999 16.9575 113
    endloop
  endfacet
  facet normal -0 0 1
    outer loop
      vertex -32.9013 19.6531 113
      vertex -32.7559 17.0437 113
      vertex -32.7559 19.7563 113
    endloop
  endfacet
  facet normal 0 0 1
    outer loop
      vertex -32.9013 19.6531 113
      vertex -32.9013 17.1469 113
      vertex -32.7559 17.0437 113
    endloop
  endfacet
  facet normal -0 0 1
    outer loop
      vertex -33.0343 19.5343 113
      vertex -32.9013 17.1469 113
      vertex -32.9013 19.6531 113
    endloop
  endfacet
  facet normal 0 0 1
    outer loop
      vertex -33.0343 19.5343 113
      vertex -33.0343 17.2657 113
      vertex -32.9013 17.1469 113
    endloop
  endfacet
  facet normal -0 0 1
    outer loop
      vertex -33.1531 19.4013 113
      vertex -33.0343 17.2657 113
      vertex -33.0343 19.5343 113
    endloop
  endfacet
  facet normal 0 0 1
    outer loop
      vertex -33.1531 19.4013 113
      vertex -33.1531 17.3987 113
      vertex -33.0343 17.2657 113
    endloop
  endfacet
  facet normal -0 0 1
    outer loop
      vertex -33.2563 19.2559 113
      vertex -33.1531 17.3987 113
      vertex -33.1531 19.4013 113
    endloop
  endfacet
  facet normal 0 0 1
    outer loop
      vertex -33.2563 19.2559 113
      vertex -33.2563 17.5441 113
      vertex -33.1531 17.3987 113
    endloop
  endfacet
  facet normal -0 0 1
    outer loop
      vertex -33.3425 19.0999 113
      vertex -33.2563 17.5441 113
      vertex -33.2563 19.2559 113
    endloop
  endfacet
  facet normal 0 0 1
    outer loop
      vertex -33.3425 19.0999 113
      vertex -33.3425 17.7001 113
      vertex -33.2563 17.5441 113
    endloop
  endfacet
  facet normal -0 0 1
    outer loop
      vertex -33.4108 18.9351 113
      vertex -33.3425 17.7001 113
      vertex -33.3425 19.0999 113
    endloop
  endfacet
  facet normal 0 0 1
    outer loop
      vertex -33.4108 18.9351 113
      vertex -33.4108 17.8649 113
      vertex -33.3425 17.7001 113
    endloop
  endfacet
  facet normal -0 0 1
    outer loop
      vertex -33.4601 18.7638 113
      vertex -33.4108 17.8649 113
      vertex -33.4108 18.9351 113
    endloop
  endfacet
  facet normal 0 0 1
    outer loop
      vertex -33.4601 18.7638 113
      vertex -33.4601 18.0362 113
      vertex -33.4108 17.8649 113
    endloop
  endfacet
  facet normal -0 0 1
    outer loop
      vertex -33.49 18.588 113
      vertex -33.4601 18.0362 113
      vertex -33.4601 18.7638 113
    endloop
  endfacet
  facet normal 0 0 1
    outer loop
      vertex -33.49 18.588 113
      vertex -33.49 18.212 113
      vertex -33.4601 18.0362 113
    endloop
  endfacet
  facet normal -0 0 1
    outer loop
      vertex -33.5 18.41 113
      vertex -33.49 18.212 113
      vertex -33.49 18.588 113
    endloop
  endfacet
  facet normal 0 0 1
    outer loop
      vertex -33.49 18.212 113
      vertex -33.5 18.41 113
      vertex -33.5 18.39 113
    endloop
  endfacet
  facet normal -0.985902 -0.167323 0
    outer loop
      vertex -30.8027 15.692 2.675
      vertex -30.8194 15.7904 110.325
      vertex -30.8194 15.7904 2.675
    endloop
  endfacet
  facet normal -0.985902 -0.167323 0
    outer loop
      vertex -30.8194 15.7904 110.325
      vertex -30.8027 15.692 2.675
      vertex -30.8027 15.692 110.325
    endloop
  endfacet
  facet normal 0 0 1
    outer loop
      vertex 30.8027 16.108 110.325
      vertex 30.825 15.91 110.325
      vertex 30.8194 16.0096 110.325
    endloop
  endfacet
  facet normal 0 0 1
    outer loop
      vertex 30.7751 16.2039 110.325
      vertex 30.825 15.91 110.325
      vertex 30.8027 16.108 110.325
    endloop
  endfacet
  facet normal 0 0 1
    outer loop
      vertex 30.7369 16.2962 110.325
      vertex 30.825 15.91 110.325
      vertex 30.7751 16.2039 110.325
    endloop
  endfacet
  facet normal 0 0 1
    outer loop
      vertex 30.825 15.89 110.325
      vertex 30.8027 15.692 110.325
      vertex 30.8194 15.7904 110.325
    endloop
  endfacet
  facet normal 0 0 1
    outer loop
      vertex 30.6886 16.3835 110.325
      vertex 30.825 15.91 110.325
      vertex 30.7369 16.2962 110.325
    endloop
  endfacet
  facet normal 0 0 1
    outer loop
      vertex 30.825 15.89 110.325
      vertex 30.7751 15.5961 110.325
      vertex 30.8027 15.692 110.325
    endloop
  endfacet
  facet normal 0 0 1
    outer loop
      vertex 30.6308 16.4649 110.325
      vertex 30.825 15.91 110.325
      vertex 30.6886 16.3835 110.325
    endloop
  endfacet
  facet normal 0 0 1
    outer loop
      vertex 30.825 15.89 110.325
      vertex 30.7369 15.5038 110.325
      vertex 30.7751 15.5961 110.325
    endloop
  endfacet
  facet normal 0 0 1
    outer loop
      vertex 30.5643 16.5393 110.325
      vertex 30.825 15.91 110.325
      vertex 30.6308 16.4649 110.325
    endloop
  endfacet
  facet normal 0 0 1
    outer loop
      vertex 30.825 15.89 110.325
      vertex 30.6886 15.4165 110.325
      vertex 30.7369 15.5038 110.325
    endloop
  endfacet
  facet normal 0 0 1
    outer loop
      vertex 30.4899 16.6058 110.325
      vertex 30.825 15.91 110.325
      vertex 30.5643 16.5393 110.325
    endloop
  endfacet
  facet normal 0 0 1
    outer loop
      vertex 30.825 15.89 110.325
      vertex 30.6308 15.3351 110.325
      vertex 30.6886 15.4165 110.325
    endloop
  endfacet
  facet normal 0 0 1
    outer loop
      vertex 30.4085 16.6636 110.325
      vertex 30.825 15.91 110.325
      vertex 30.4899 16.6058 110.325
    endloop
  endfacet
  facet normal 0 0 1
    outer loop
      vertex 30.825 15.89 110.325
      vertex 30.5643 15.2607 110.325
      vertex 30.6308 15.3351 110.325
    endloop
  endfacet
  facet normal 0 0 1
    outer loop
      vertex 30.3212 16.7119 110.325
      vertex 30.825 15.91 110.325
      vertex 30.4085 16.6636 110.325
    endloop
  endfacet
  facet normal 0 0 1
    outer loop
      vertex 30.825 15.89 110.325
      vertex 30.4899 15.1942 110.325
      vertex 30.5643 15.2607 110.325
    endloop
  endfacet
  facet normal 0 0 1
    outer loop
      vertex 30.2289 16.7501 110.325
      vertex 30.825 15.91 110.325
      vertex 30.3212 16.7119 110.325
    endloop
  endfacet
  facet normal 0 0 1
    outer loop
      vertex 30.825 15.89 110.325
      vertex 30.4085 15.1364 110.325
      vertex 30.4899 15.1942 110.325
    endloop
  endfacet
  facet normal 0 0 1
    outer loop
      vertex 30.133 16.7777 110.325
      vertex 30.825 15.91 110.325
      vertex 30.2289 16.7501 110.325
    endloop
  endfacet
  facet normal 0 0 1
    outer loop
      vertex 30.825 15.89 110.325
      vertex 30.3212 15.0881 110.325
      vertex 30.4085 15.1364 110.325
    endloop
  endfacet
  facet normal 0 0 1
    outer loop
      vertex 30.0346 16.7944 110.325
      vertex 30.825 15.91 110.325
      vertex 30.133 16.7777 110.325
    endloop
  endfacet
  facet normal 0 0 1
    outer loop
      vertex 30.825 15.89 110.325
      vertex 30.2289 15.0499 110.325
      vertex 30.3212 15.0881 110.325
    endloop
  endfacet
  facet normal 0 0 1
    outer loop
      vertex 29.935 16.8 110.325
      vertex 30.825 15.91 110.325
      vertex 30.0346 16.7944 110.325
    endloop
  endfacet
  facet normal 0 0 1
    outer loop
      vertex 30.825 15.89 110.325
      vertex 30.133 15.0223 110.325
      vertex 30.2289 15.0499 110.325
    endloop
  endfacet
  facet normal 0 0 1
    outer loop
      vertex 30.825 15.91 110.325
      vertex 29.935 16.8 110.325
      vertex 30.825 15.89 110.325
    endloop
  endfacet
  facet normal 0 0 1
    outer loop
      vertex 30.825 15.89 110.325
      vertex 30.0346 15.0056 110.325
      vertex 30.133 15.0223 110.325
    endloop
  endfacet
  facet normal 0 0 1
    outer loop
      vertex 29.935 15 110.325
      vertex 30.825 15.89 110.325
      vertex 29.935 16.8 110.325
    endloop
  endfacet
  facet normal 0 0 1
    outer loop
      vertex 30.825 15.89 110.325
      vertex 29.935 15 110.325
      vertex 30.0346 15.0056 110.325
    endloop
  endfacet
  facet normal -0 0 1
    outer loop
      vertex -29.935 16.8 110.325
      vertex 29.935 15 110.325
      vertex 29.935 16.8 110.325
    endloop
  endfacet
  facet normal 0 0 1
    outer loop
      vertex -29.935 16.8 110.325
      vertex -29.935 15 110.325
      vertex 29.935 15 110.325
    endloop
  endfacet
  facet normal 0 0 1
    outer loop
      vertex -30.825 15.91 110.325
      vertex -29.935 16.8 110.325
      vertex -30.0346 16.7944 110.325
    endloop
  endfacet
  facet normal 0 0 1
    outer loop
      vertex -29.935 16.8 110.325
      vertex -30.825 15.91 110.325
      vertex -29.935 15 110.325
    endloop
  endfacet
  facet normal 0 0 1
    outer loop
      vertex -30.825 15.91 110.325
      vertex -30.0346 16.7944 110.325
      vertex -30.133 16.7777 110.325
    endloop
  endfacet
  facet normal -0 0 1
    outer loop
      vertex -30.825 15.89 110.325
      vertex -29.935 15 110.325
      vertex -30.825 15.91 110.325
    endloop
  endfacet
  facet normal 0 0 1
    outer loop
      vertex -30.825 15.91 110.325
      vertex -30.133 16.7777 110.325
      vertex -30.2289 16.7501 110.325
    endloop
  endfacet
  facet normal 0 0 1
    outer loop
      vertex -29.935 15 110.325
      vertex -30.825 15.89 110.325
      vertex -30.0346 15.0056 110.325
    endloop
  endfacet
  facet normal 0 0 1
    outer loop
      vertex -30.825 15.91 110.325
      vertex -30.2289 16.7501 110.325
      vertex -30.3212 16.7119 110.325
    endloop
  endfacet
  facet normal 0 0 1
    outer loop
      vertex -30.0346 15.0056 110.325
      vertex -30.825 15.89 110.325
      vertex -30.133 15.0223 110.325
    endloop
  endfacet
  facet normal 0 0 1
    outer loop
      vertex -30.825 15.91 110.325
      vertex -30.3212 16.7119 110.325
      vertex -30.4085 16.6636 110.325
    endloop
  endfacet
  facet normal 0 0 1
    outer loop
      vertex -30.133 15.0223 110.325
      vertex -30.825 15.89 110.325
      vertex -30.2289 15.0499 110.325
    endloop
  endfacet
  facet normal 0 0 1
    outer loop
      vertex -30.825 15.91 110.325
      vertex -30.4085 16.6636 110.325
      vertex -30.4899 16.6058 110.325
    endloop
  endfacet
  facet normal 0 0 1
    outer loop
      vertex -30.2289 15.0499 110.325
      vertex -30.825 15.89 110.325
      vertex -30.3212 15.0881 110.325
    endloop
  endfacet
  facet normal 0 0 1
    outer loop
      vertex -30.825 15.91 110.325
      vertex -30.4899 16.6058 110.325
      vertex -30.5643 16.5393 110.325
    endloop
  endfacet
  facet normal 0 0 1
    outer loop
      vertex -30.3212 15.0881 110.325
      vertex -30.825 15.89 110.325
      vertex -30.4085 15.1364 110.325
    endloop
  endfacet
  facet normal 0 0 1
    outer loop
      vertex -30.825 15.91 110.325
      vertex -30.5643 16.5393 110.325
      vertex -30.6308 16.4649 110.325
    endloop
  endfacet
  facet normal 0 0 1
    outer loop
      vertex -30.4085 15.1364 110.325
      vertex -30.825 15.89 110.325
      vertex -30.4899 15.1942 110.325
    endloop
  endfacet
  facet normal 0 0 1
    outer loop
      vertex -30.825 15.91 110.325
      vertex -30.6308 16.4649 110.325
      vertex -30.6886 16.3835 110.325
    endloop
  endfacet
  facet normal 0 0 1
    outer loop
      vertex -30.4899 15.1942 110.325
      vertex -30.825 15.89 110.325
      vertex -30.5643 15.2607 110.325
    endloop
  endfacet
  facet normal 0 0 1
    outer loop
      vertex -30.825 15.91 110.325
      vertex -30.6886 16.3835 110.325
      vertex -30.7369 16.2962 110.325
    endloop
  endfacet
  facet normal 0 0 1
    outer loop
      vertex -30.5643 15.2607 110.325
      vertex -30.825 15.89 110.325
      vertex -30.6308 15.3351 110.325
    endloop
  endfacet
  facet normal 0 0 1
    outer loop
      vertex -30.825 15.91 110.325
      vertex -30.7369 16.2962 110.325
      vertex -30.7751 16.2039 110.325
    endloop
  endfacet
  facet normal 0 0 1
    outer loop
      vertex -30.6308 15.3351 110.325
      vertex -30.825 15.89 110.325
      vertex -30.6886 15.4165 110.325
    endloop
  endfacet
  facet normal 0 0 1
    outer loop
      vertex -30.825 15.91 110.325
      vertex -30.7751 16.2039 110.325
      vertex -30.8027 16.108 110.325
    endloop
  endfacet
  facet normal 0 0 1
    outer loop
      vertex -30.6886 15.4165 110.325
      vertex -30.825 15.89 110.325
      vertex -30.7369 15.5038 110.325
    endloop
  endfacet
  facet normal 0 0 1
    outer loop
      vertex -30.825 15.91 110.325
      vertex -30.8027 16.108 110.325
      vertex -30.8194 16.0096 110.325
    endloop
  endfacet
  facet normal 0 0 1
    outer loop
      vertex -30.7369 15.5038 110.325
      vertex -30.825 15.89 110.325
      vertex -30.7751 15.5961 110.325
    endloop
  endfacet
  facet normal 0 0 1
    outer loop
      vertex -30.7751 15.5961 110.325
      vertex -30.825 15.89 110.325
      vertex -30.8027 15.692 110.325
    endloop
  endfacet
  facet normal 0 0 1
    outer loop
      vertex -30.8027 15.692 110.325
      vertex -30.825 15.89 110.325
      vertex -30.8194 15.7904 110.325
    endloop
  endfacet
  facet normal 0 -1 0
    outer loop
      vertex 15.6 15 30.5
      vertex 18 15 82.5
      vertex 15.6 15 82.5
    endloop
  endfacet
  facet normal 0 -1 -0
    outer loop
      vertex 18 15 82.5
      vertex 15.6 15 30.5
      vertex 18 15 30.5
    endloop
  endfacet
  facet normal 0 -1 0
    outer loop
      vertex 10.8 15 30.5
      vertex 13.2 15 82.5
      vertex 10.8 15 82.5
    endloop
  endfacet
  facet normal 0 -1 -0
    outer loop
      vertex 13.2 15 82.5
      vertex 10.8 15 30.5
      vertex 13.2 15 30.5
    endloop
  endfacet
  facet normal 0 -1 0
    outer loop
      vertex 6 15 30.5
      vertex 8.4 15 82.5
      vertex 6 15 82.5
    endloop
  endfacet
  facet normal 0 -1 -0
    outer loop
      vertex 8.4 15 82.5
      vertex 6 15 30.5
      vertex 8.4 15 30.5
    endloop
  endfacet
  facet normal 0 -1 0
    outer loop
      vertex 1.2 15 30.5
      vertex 3.6 15 82.5
      vertex 1.2 15 82.5
    endloop
  endfacet
  facet normal 0 -1 -0
    outer loop
      vertex 3.6 15 82.5
      vertex 1.2 15 30.5
      vertex 3.6 15 30.5
    endloop
  endfacet
  facet normal 0 -1 0
    outer loop
      vertex -3.6 15 30.5
      vertex -1.2 15 82.5
      vertex -3.6 15 82.5
    endloop
  endfacet
  facet normal 0 -1 -0
    outer loop
      vertex -1.2 15 82.5
      vertex -3.6 15 30.5
      vertex -1.2 15 30.5
    endloop
  endfacet
  facet normal 0 -1 0
    outer loop
      vertex -8.4 15 30.5
      vertex -6 15 82.5
      vertex -8.4 15 82.5
    endloop
  endfacet
  facet normal 0 -1 -0
    outer loop
      vertex -6 15 82.5
      vertex -8.4 15 30.5
      vertex -6 15 30.5
    endloop
  endfacet
  facet normal 0 -1 0
    outer loop
      vertex -13.2 15 30.5
      vertex -10.8 15 82.5
      vertex -13.2 15 82.5
    endloop
  endfacet
  facet normal 0 -1 -0
    outer loop
      vertex -10.8 15 82.5
      vertex -13.2 15 30.5
      vertex -10.8 15 30.5
    endloop
  endfacet
  facet normal 0 -1 0
    outer loop
      vertex -18 15 30.5
      vertex -15.6 15 82.5
      vertex -18 15 82.5
    endloop
  endfacet
  facet normal 0 -1 -0
    outer loop
      vertex -15.6 15 82.5
      vertex -18 15 30.5
      vertex -15.6 15 30.5
    endloop
  endfacet
  facet normal 0 -1 0
    outer loop
      vertex -18 15 82.5
      vertex -29.935 15 110.325
      vertex -20.4 15 82.5
    endloop
  endfacet
  facet normal 0 -1 0
    outer loop
      vertex -29.935 15 110.325
      vertex -20.4 15 30.5
      vertex -20.4 15 82.5
    endloop
  endfacet
  facet normal 0 -1 0
    outer loop
      vertex -25 15 8
      vertex -18 15 30.5
      vertex -20.4 15 30.5
    endloop
  endfacet
  facet normal 0 -1 -0
    outer loop
      vertex -18 15 30.5
      vertex -25 15 8
      vertex -15.6 15 30.5
    endloop
  endfacet
  facet normal 0 -1 -0
    outer loop
      vertex -15.6 15 30.5
      vertex -25 15 8
      vertex -13.2 15 30.5
    endloop
  endfacet
  facet normal 0 -1 -0
    outer loop
      vertex -13.2 15 30.5
      vertex -25 15 8
      vertex -10.8 15 30.5
    endloop
  endfacet
  facet normal 0 -1 -0
    outer loop
      vertex -10.8 15 30.5
      vertex -25 15 8
      vertex -8.4 15 30.5
    endloop
  endfacet
  facet normal 0 -1 -0
    outer loop
      vertex -8.4 15 30.5
      vertex -25 15 8
      vertex -6 15 30.5
    endloop
  endfacet
  facet normal 0 -1 -0
    outer loop
      vertex -6 15 30.5
      vertex -25 15 8
      vertex -3.6 15 30.5
    endloop
  endfacet
  facet normal 0 -1 -0
    outer loop
      vertex -3.6 15 30.5
      vertex -25 15 8
      vertex -1.2 15 30.5
    endloop
  endfacet
  facet normal 0 -1 -0
    outer loop
      vertex -1.2 15 30.5
      vertex -25 15 8
      vertex 1.2 15 30.5
    endloop
  endfacet
  facet normal 0 -1 0
    outer loop
      vertex 25 15 8
      vertex 1.2 15 30.5
      vertex -25 15 8
    endloop
  endfacet
  facet normal 0 -1 0
    outer loop
      vertex 1.2 15 30.5
      vertex 25 15 8
      vertex 3.6 15 30.5
    endloop
  endfacet
  facet normal 0 -1 0
    outer loop
      vertex 3.6 15 30.5
      vertex 25 15 8
      vertex 6 15 30.5
    endloop
  endfacet
  facet normal 0 -1 0
    outer loop
      vertex 6 15 30.5
      vertex 25 15 8
      vertex 8.4 15 30.5
    endloop
  endfacet
  facet normal 0 -1 0
    outer loop
      vertex 8.4 15 30.5
      vertex 25 15 8
      vertex 10.8 15 30.5
    endloop
  endfacet
  facet normal 0 -1 0
    outer loop
      vertex 10.8 15 30.5
      vertex 25 15 8
      vertex 13.2 15 30.5
    endloop
  endfacet
  facet normal 0 -1 0
    outer loop
      vertex 13.2 15 30.5
      vertex 25 15 8
      vertex 15.6 15 30.5
    endloop
  endfacet
  facet normal 0 -1 0
    outer loop
      vertex 15.6 15 30.5
      vertex 25 15 8
      vertex 18 15 30.5
    endloop
  endfacet
  facet normal 0 -1 0
    outer loop
      vertex -29.935 15 2.675
      vertex -20.4 15 30.5
      vertex -29.935 15 110.325
    endloop
  endfacet
  facet normal 0 -1 0
    outer loop
      vertex -20.4 15 30.5
      vertex -29.935 15 2.675
      vertex -25 15 8
    endloop
  endfacet
  facet normal 0 -1 -0
    outer loop
      vertex -25 15 3
      vertex -29.935 15 2.675
      vertex 25 15 3
    endloop
  endfacet
  facet normal 0 -1 -0
    outer loop
      vertex -25 15 8
      vertex -29.935 15 2.675
      vertex -25 15 3
    endloop
  endfacet
  facet normal 0 -1 0
    outer loop
      vertex -15.6 15 82.5
      vertex -29.935 15 110.325
      vertex -18 15 82.5
    endloop
  endfacet
  facet normal 0 -1 0
    outer loop
      vertex -13.2 15 82.5
      vertex -29.935 15 110.325
      vertex -15.6 15 82.5
    endloop
  endfacet
  facet normal 0 -1 0
    outer loop
      vertex -10.8 15 82.5
      vertex -29.935 15 110.325
      vertex -13.2 15 82.5
    endloop
  endfacet
  facet normal 0 -1 0
    outer loop
      vertex -8.4 15 82.5
      vertex -29.935 15 110.325
      vertex -10.8 15 82.5
    endloop
  endfacet
  facet normal 0 -1 0
    outer loop
      vertex -6 15 82.5
      vertex -29.935 15 110.325
      vertex -8.4 15 82.5
    endloop
  endfacet
  facet normal 0 -1 0
    outer loop
      vertex -3.6 15 82.5
      vertex -29.935 15 110.325
      vertex -6 15 82.5
    endloop
  endfacet
  facet normal 0 -1 0
    outer loop
      vertex -1.2 15 82.5
      vertex -29.935 15 110.325
      vertex -3.6 15 82.5
    endloop
  endfacet
  facet normal 0 -1 0
    outer loop
      vertex -29.935 15 110.325
      vertex -1.2 15 82.5
      vertex 29.935 15 110.325
    endloop
  endfacet
  facet normal 0 -1 0
    outer loop
      vertex 1.2 15 82.5
      vertex 29.935 15 110.325
      vertex -1.2 15 82.5
    endloop
  endfacet
  facet normal 0 -1 0
    outer loop
      vertex 3.6 15 82.5
      vertex 29.935 15 110.325
      vertex 1.2 15 82.5
    endloop
  endfacet
  facet normal 0 -1 0
    outer loop
      vertex 6 15 82.5
      vertex 29.935 15 110.325
      vertex 3.6 15 82.5
    endloop
  endfacet
  facet normal 0 -1 0
    outer loop
      vertex 8.4 15 82.5
      vertex 29.935 15 110.325
      vertex 6 15 82.5
    endloop
  endfacet
  facet normal 0 -1 0
    outer loop
      vertex 10.8 15 82.5
      vertex 29.935 15 110.325
      vertex 8.4 15 82.5
    endloop
  endfacet
  facet normal 0 -1 0
    outer loop
      vertex 13.2 15 82.5
      vertex 29.935 15 110.325
      vertex 10.8 15 82.5
    endloop
  endfacet
  facet normal 0 -1 0
    outer loop
      vertex 15.6 15 82.5
      vertex 29.935 15 110.325
      vertex 13.2 15 82.5
    endloop
  endfacet
  facet normal 0 -1 0
    outer loop
      vertex 18 15 82.5
      vertex 29.935 15 110.325
      vertex 15.6 15 82.5
    endloop
  endfacet
  facet normal 0 -1 0
    outer loop
      vertex 20.4 15 82.5
      vertex 29.935 15 110.325
      vertex 18 15 82.5
    endloop
  endfacet
  facet normal 0 -1 0
    outer loop
      vertex 20.4 15 30.5
      vertex 29.935 15 110.325
      vertex 20.4 15 82.5
    endloop
  endfacet
  facet normal 0 -1 0
    outer loop
      vertex 18 15 30.5
      vertex 25 15 8
      vertex 20.4 15 30.5
    endloop
  endfacet
  facet normal 0 -1 0
    outer loop
      vertex 29.935 15 2.675
      vertex 20.4 15 30.5
      vertex 25 15 8
    endloop
  endfacet
  facet normal 0 -1 0
    outer loop
      vertex 29.935 15 2.675
      vertex 25 15 8
      vertex 25 15 3
    endloop
  endfacet
  facet normal 0 -1 0
    outer loop
      vertex 20.4 15 30.5
      vertex 29.935 15 2.675
      vertex 29.935 15 110.325
    endloop
  endfacet
  facet normal 0 -1 0
    outer loop
      vertex 29.935 15 2.675
      vertex 25 15 3
      vertex -29.935 15 2.675
    endloop
  endfacet
  facet normal -0.998423 -0.0561362 0
    outer loop
      vertex -30.8194 15.7904 2.675
      vertex -30.825 15.89 110.325
      vertex -30.825 15.89 2.675
    endloop
  endfacet
  facet normal -0.998423 -0.0561362 0
    outer loop
      vertex -30.825 15.89 110.325
      vertex -30.8194 15.7904 2.675
      vertex -30.8194 15.7904 110.325
    endloop
  endfacet
  facet normal 0 1 -0
    outer loop
      vertex -15.6 16.8 30.5
      vertex -18 16.8 82.5
      vertex -15.6 16.8 82.5
    endloop
  endfacet
  facet normal 0 1 0
    outer loop
      vertex -18 16.8 82.5
      vertex -15.6 16.8 30.5
      vertex -18 16.8 30.5
    endloop
  endfacet
  facet normal 0 1 -0
    outer loop
      vertex -10.8 16.8 30.5
      vertex -13.2 16.8 82.5
      vertex -10.8 16.8 82.5
    endloop
  endfacet
  facet normal 0 1 0
    outer loop
      vertex -13.2 16.8 82.5
      vertex -10.8 16.8 30.5
      vertex -13.2 16.8 30.5
    endloop
  endfacet
  facet normal 0 1 -0
    outer loop
      vertex -6 16.8 30.5
      vertex -8.4 16.8 82.5
      vertex -6 16.8 82.5
    endloop
  endfacet
  facet normal 0 1 0
    outer loop
      vertex -8.4 16.8 82.5
      vertex -6 16.8 30.5
      vertex -8.4 16.8 30.5
    endloop
  endfacet
  facet normal 0 1 -0
    outer loop
      vertex -1.2 16.8 30.5
      vertex -3.6 16.8 82.5
      vertex -1.2 16.8 82.5
    endloop
  endfacet
  facet normal 0 1 0
    outer loop
      vertex -3.6 16.8 82.5
      vertex -1.2 16.8 30.5
      vertex -3.6 16.8 30.5
    endloop
  endfacet
  facet normal 0 1 -0
    outer loop
      vertex 3.6 16.8 30.5
      vertex 1.2 16.8 82.5
      vertex 3.6 16.8 82.5
    endloop
  endfacet
  facet normal 0 1 0
    outer loop
      vertex 1.2 16.8 82.5
      vertex 3.6 16.8 30.5
      vertex 1.2 16.8 30.5
    endloop
  endfacet
  facet normal 0 1 -0
    outer loop
      vertex 8.4 16.8 30.5
      vertex 6 16.8 82.5
      vertex 8.4 16.8 82.5
    endloop
  endfacet
  facet normal 0 1 0
    outer loop
      vertex 6 16.8 82.5
      vertex 8.4 16.8 30.5
      vertex 6 16.8 30.5
    endloop
  endfacet
  facet normal 0 1 -0
    outer loop
      vertex 13.2 16.8 30.5
      vertex 10.8 16.8 82.5
      vertex 13.2 16.8 82.5
    endloop
  endfacet
  facet normal 0 1 0
    outer loop
      vertex 10.8 16.8 82.5
      vertex 13.2 16.8 30.5
      vertex 10.8 16.8 30.5
    endloop
  endfacet
  facet normal 0 1 -0
    outer loop
      vertex 18 16.8 30.5
      vertex 15.6 16.8 82.5
      vertex 18 16.8 82.5
    endloop
  endfacet
  facet normal 0 1 0
    outer loop
      vertex 15.6 16.8 82.5
      vertex 18 16.8 30.5
      vertex 15.6 16.8 30.5
    endloop
  endfacet
  facet normal 0 1 0
    outer loop
      vertex 18 16.8 82.5
      vertex 29.935 16.8 110.325
      vertex 20.4 16.8 82.5
    endloop
  endfacet
  facet normal 0 1 0
    outer loop
      vertex 29.935 16.8 110.325
      vertex 20.4 16.8 30.5
      vertex 20.4 16.8 82.5
    endloop
  endfacet
  facet normal 0 1 0
    outer loop
      vertex 25 16.8 8
      vertex 18 16.8 30.5
      vertex 20.4 16.8 30.5
    endloop
  endfacet
  facet normal 0 1 0
    outer loop
      vertex 18 16.8 30.5
      vertex 25 16.8 8
      vertex 15.6 16.8 30.5
    endloop
  endfacet
  facet normal 0 1 0
    outer loop
      vertex 15.6 16.8 30.5
      vertex 25 16.8 8
      vertex 13.2 16.8 30.5
    endloop
  endfacet
  facet normal 0 1 0
    outer loop
      vertex 13.2 16.8 30.5
      vertex 25 16.8 8
      vertex 10.8 16.8 30.5
    endloop
  endfacet
  facet normal 0 1 0
    outer loop
      vertex 10.8 16.8 30.5
      vertex 25 16.8 8
      vertex 8.4 16.8 30.5
    endloop
  endfacet
  facet normal 0 1 0
    outer loop
      vertex 8.4 16.8 30.5
      vertex 25 16.8 8
      vertex 6 16.8 30.5
    endloop
  endfacet
  facet normal 0 1 0
    outer loop
      vertex 6 16.8 30.5
      vertex 25 16.8 8
      vertex 3.6 16.8 30.5
    endloop
  endfacet
  facet normal 0 1 0
    outer loop
      vertex 3.6 16.8 30.5
      vertex 25 16.8 8
      vertex 1.2 16.8 30.5
    endloop
  endfacet
  facet normal 0 1 0
    outer loop
      vertex 1.2 16.8 30.5
      vertex 25 16.8 8
      vertex -1.2 16.8 30.5
    endloop
  endfacet
  facet normal 0 1 0
    outer loop
      vertex -25 16.8 8
      vertex -1.2 16.8 30.5
      vertex 25 16.8 8
    endloop
  endfacet
  facet normal 0 1 0
    outer loop
      vertex -1.2 16.8 30.5
      vertex -25 16.8 8
      vertex -3.6 16.8 30.5
    endloop
  endfacet
  facet normal 0 1 0
    outer loop
      vertex -3.6 16.8 30.5
      vertex -25 16.8 8
      vertex -6 16.8 30.5
    endloop
  endfacet
  facet normal 0 1 0
    outer loop
      vertex -6 16.8 30.5
      vertex -25 16.8 8
      vertex -8.4 16.8 30.5
    endloop
  endfacet
  facet normal 0 1 0
    outer loop
      vertex -8.4 16.8 30.5
      vertex -25 16.8 8
      vertex -10.8 16.8 30.5
    endloop
  endfacet
  facet normal 0 1 0
    outer loop
      vertex -10.8 16.8 30.5
      vertex -25 16.8 8
      vertex -13.2 16.8 30.5
    endloop
  endfacet
  facet normal 0 1 0
    outer loop
      vertex -13.2 16.8 30.5
      vertex -25 16.8 8
      vertex -15.6 16.8 30.5
    endloop
  endfacet
  facet normal 0 1 0
    outer loop
      vertex -15.6 16.8 30.5
      vertex -25 16.8 8
      vertex -18 16.8 30.5
    endloop
  endfacet
  facet normal 0 1 -0
    outer loop
      vertex 29.935 16.8 2.675
      vertex 20.4 16.8 30.5
      vertex 29.935 16.8 110.325
    endloop
  endfacet
  facet normal 0 1 0
    outer loop
      vertex 20.4 16.8 30.5
      vertex 29.935 16.8 2.675
      vertex 25 16.8 8
    endloop
  endfacet
  facet normal 0 1 0
    outer loop
      vertex 25 16.8 3
      vertex 29.935 16.8 2.675
      vertex -25 16.8 3
    endloop
  endfacet
  facet normal 0 1 0
    outer loop
      vertex 25 16.8 8
      vertex 29.935 16.8 2.675
      vertex 25 16.8 3
    endloop
  endfacet
  facet normal 0 1 0
    outer loop
      vertex 15.6 16.8 82.5
      vertex 29.935 16.8 110.325
      vertex 18 16.8 82.5
    endloop
  endfacet
  facet normal 0 1 0
    outer loop
      vertex 13.2 16.8 82.5
      vertex 29.935 16.8 110.325
      vertex 15.6 16.8 82.5
    endloop
  endfacet
  facet normal 0 1 0
    outer loop
      vertex 10.8 16.8 82.5
      vertex 29.935 16.8 110.325
      vertex 13.2 16.8 82.5
    endloop
  endfacet
  facet normal 0 1 0
    outer loop
      vertex 8.4 16.8 82.5
      vertex 29.935 16.8 110.325
      vertex 10.8 16.8 82.5
    endloop
  endfacet
  facet normal 0 1 0
    outer loop
      vertex 6 16.8 82.5
      vertex 29.935 16.8 110.325
      vertex 8.4 16.8 82.5
    endloop
  endfacet
  facet normal 0 1 0
    outer loop
      vertex 3.6 16.8 82.5
      vertex 29.935 16.8 110.325
      vertex 6 16.8 82.5
    endloop
  endfacet
  facet normal 0 1 0
    outer loop
      vertex 1.2 16.8 82.5
      vertex 29.935 16.8 110.325
      vertex 3.6 16.8 82.5
    endloop
  endfacet
  facet normal 0 1 0
    outer loop
      vertex 29.935 16.8 110.325
      vertex 1.2 16.8 82.5
      vertex -29.935 16.8 110.325
    endloop
  endfacet
  facet normal 0 1 -0
    outer loop
      vertex -1.2 16.8 82.5
      vertex -29.935 16.8 110.325
      vertex 1.2 16.8 82.5
    endloop
  endfacet
  facet normal 0 1 -0
    outer loop
      vertex -3.6 16.8 82.5
      vertex -29.935 16.8 110.325
      vertex -1.2 16.8 82.5
    endloop
  endfacet
  facet normal 0 1 -0
    outer loop
      vertex -6 16.8 82.5
      vertex -29.935 16.8 110.325
      vertex -3.6 16.8 82.5
    endloop
  endfacet
  facet normal 0 1 -0
    outer loop
      vertex -8.4 16.8 82.5
      vertex -29.935 16.8 110.325
      vertex -6 16.8 82.5
    endloop
  endfacet
  facet normal 0 1 -0
    outer loop
      vertex -10.8 16.8 82.5
      vertex -29.935 16.8 110.325
      vertex -8.4 16.8 82.5
    endloop
  endfacet
  facet normal 0 1 -0
    outer loop
      vertex -13.2 16.8 82.5
      vertex -29.935 16.8 110.325
      vertex -10.8 16.8 82.5
    endloop
  endfacet
  facet normal 0 1 -0
    outer loop
      vertex -15.6 16.8 82.5
      vertex -29.935 16.8 110.325
      vertex -13.2 16.8 82.5
    endloop
  endfacet
  facet normal 0 1 -0
    outer loop
      vertex -18 16.8 82.5
      vertex -29.935 16.8 110.325
      vertex -15.6 16.8 82.5
    endloop
  endfacet
  facet normal 0 1 -0
    outer loop
      vertex -20.4 16.8 82.5
      vertex -29.935 16.8 110.325
      vertex -18 16.8 82.5
    endloop
  endfacet
  facet normal 0 1 -0
    outer loop
      vertex -20.4 16.8 30.5
      vertex -29.935 16.8 110.325
      vertex -20.4 16.8 82.5
    endloop
  endfacet
  facet normal 0 1 0
    outer loop
      vertex -18 16.8 30.5
      vertex -25 16.8 8
      vertex -20.4 16.8 30.5
    endloop
  endfacet
  facet normal 0 1 0
    outer loop
      vertex -29.935 16.8 2.675
      vertex -20.4 16.8 30.5
      vertex -25 16.8 8
    endloop
  endfacet
  facet normal 0 1 0
    outer loop
      vertex -29.935 16.8 2.675
      vertex -25 16.8 8
      vertex -25 16.8 3
    endloop
  endfacet
  facet normal 0 1 0
    outer loop
      vertex -20.4 16.8 30.5
      vertex -29.935 16.8 2.675
      vertex -29.935 16.8 110.325
    endloop
  endfacet
  facet normal 0 1 0
    outer loop
      vertex -29.935 16.8 2.675
      vertex -25 16.8 3
      vertex 29.935 16.8 2.675
    endloop
  endfacet
  facet normal -0.666414 0.745582 0
    outer loop
      vertex -30.4899 16.6058 2.675
      vertex -30.5643 16.5393 110.325
      vertex -30.4899 16.6058 110.325
    endloop
  endfacet
  facet normal -0.666414 0.745582 0
    outer loop
      vertex -30.5643 16.5393 110.325
      vertex -30.4899 16.6058 2.675
      vertex -30.5643 16.5393 2.675
    endloop
  endfacet
  facet normal -0.875007 -0.48411 0
    outer loop
      vertex -30.6886 15.4165 2.675
      vertex -30.7369 15.5038 110.325
      vertex -30.7369 15.5038 2.675
    endloop
  endfacet
  facet normal -0.875007 -0.48411 0
    outer loop
      vertex -30.7369 15.5038 110.325
      vertex -30.6886 15.4165 2.675
      vertex -30.6886 15.4165 110.325
    endloop
  endfacet
  facet normal -0.0561362 0.998423 0
    outer loop
      vertex -29.935 16.8 2.675
      vertex -30.0346 16.7944 110.325
      vertex -29.935 16.8 110.325
    endloop
  endfacet
  facet normal -0.0561362 0.998423 0
    outer loop
      vertex -30.0346 16.7944 110.325
      vertex -29.935 16.8 2.675
      vertex -30.0346 16.7944 2.675
    endloop
  endfacet
  facet normal 0 0 -1
    outer loop
      vertex 30.8027 15.692 2.675
      vertex 30.825 15.89 2.675
      vertex 30.8194 15.7904 2.675
    endloop
  endfacet
  facet normal 0 0 -1
    outer loop
      vertex 30.7751 15.5961 2.675
      vertex 30.825 15.89 2.675
      vertex 30.8027 15.692 2.675
    endloop
  endfacet
  facet normal 0 0 -1
    outer loop
      vertex 30.7369 15.5038 2.675
      vertex 30.825 15.89 2.675
      vertex 30.7751 15.5961 2.675
    endloop
  endfacet
  facet normal 0 0 -1
    outer loop
      vertex 30.825 15.91 2.675
      vertex 30.8027 16.108 2.675
      vertex 30.8194 16.0096 2.675
    endloop
  endfacet
  facet normal 0 0 -1
    outer loop
      vertex 30.6886 15.4165 2.675
      vertex 30.825 15.89 2.675
      vertex 30.7369 15.5038 2.675
    endloop
  endfacet
  facet normal 0 0 -1
    outer loop
      vertex 30.825 15.91 2.675
      vertex 30.7751 16.2039 2.675
      vertex 30.8027 16.108 2.675
    endloop
  endfacet
  facet normal 0 0 -1
    outer loop
      vertex 30.6308 15.3351 2.675
      vertex 30.825 15.89 2.675
      vertex 30.6886 15.4165 2.675
    endloop
  endfacet
  facet normal 0 0 -1
    outer loop
      vertex 30.825 15.91 2.675
      vertex 30.7369 16.2962 2.675
      vertex 30.7751 16.2039 2.675
    endloop
  endfacet
  facet normal 0 0 -1
    outer loop
      vertex 30.5643 15.2607 2.675
      vertex 30.825 15.89 2.675
      vertex 30.6308 15.3351 2.675
    endloop
  endfacet
  facet normal 0 0 -1
    outer loop
      vertex 30.825 15.91 2.675
      vertex 30.6886 16.3835 2.675
      vertex 30.7369 16.2962 2.675
    endloop
  endfacet
  facet normal 0 0 -1
    outer loop
      vertex 30.4899 15.1942 2.675
      vertex 30.825 15.89 2.675
      vertex 30.5643 15.2607 2.675
    endloop
  endfacet
  facet normal 0 0 -1
    outer loop
      vertex 30.825 15.91 2.675
      vertex 30.6308 16.4649 2.675
      vertex 30.6886 16.3835 2.675
    endloop
  endfacet
  facet normal 0 0 -1
    outer loop
      vertex 30.4085 15.1364 2.675
      vertex 30.825 15.89 2.675
      vertex 30.4899 15.1942 2.675
    endloop
  endfacet
  facet normal 0 0 -1
    outer loop
      vertex 30.825 15.91 2.675
      vertex 30.5643 16.5393 2.675
      vertex 30.6308 16.4649 2.675
    endloop
  endfacet
  facet normal 0 0 -1
    outer loop
      vertex 30.3212 15.0881 2.675
      vertex 30.825 15.89 2.675
      vertex 30.4085 15.1364 2.675
    endloop
  endfacet
  facet normal 0 0 -1
    outer loop
      vertex 30.825 15.91 2.675
      vertex 30.4899 16.6058 2.675
      vertex 30.5643 16.5393 2.675
    endloop
  endfacet
  facet normal 0 0 -1
    outer loop
      vertex 30.2289 15.0499 2.675
      vertex 30.825 15.89 2.675
      vertex 30.3212 15.0881 2.675
    endloop
  endfacet
  facet normal 0 0 -1
    outer loop
      vertex 30.825 15.91 2.675
      vertex 30.4085 16.6636 2.675
      vertex 30.4899 16.6058 2.675
    endloop
  endfacet
  facet normal 0 0 -1
    outer loop
      vertex 30.133 15.0223 2.675
      vertex 30.825 15.89 2.675
      vertex 30.2289 15.0499 2.675
    endloop
  endfacet
  facet normal 0 0 -1
    outer loop
      vertex 30.825 15.91 2.675
      vertex 30.3212 16.7119 2.675
      vertex 30.4085 16.6636 2.675
    endloop
  endfacet
  facet normal 0 0 -1
    outer loop
      vertex 30.0346 15.0056 2.675
      vertex 30.825 15.89 2.675
      vertex 30.133 15.0223 2.675
    endloop
  endfacet
  facet normal 0 0 -1
    outer loop
      vertex 30.825 15.91 2.675
      vertex 30.2289 16.7501 2.675
      vertex 30.3212 16.7119 2.675
    endloop
  endfacet
  facet normal 0 0 -1
    outer loop
      vertex 29.935 15 2.675
      vertex 30.825 15.89 2.675
      vertex 30.0346 15.0056 2.675
    endloop
  endfacet
  facet normal 0 0 -1
    outer loop
      vertex 30.825 15.91 2.675
      vertex 30.133 16.7777 2.675
      vertex 30.2289 16.7501 2.675
    endloop
  endfacet
  facet normal -0 0 -1
    outer loop
      vertex 30.825 15.89 2.675
      vertex 29.935 15 2.675
      vertex 30.825 15.91 2.675
    endloop
  endfacet
  facet normal 0 0 -1
    outer loop
      vertex 30.825 15.91 2.675
      vertex 30.0346 16.7944 2.675
      vertex 30.133 16.7777 2.675
    endloop
  endfacet
  facet normal 0 0 -1
    outer loop
      vertex 29.935 16.8 2.675
      vertex 30.825 15.91 2.675
      vertex 29.935 15 2.675
    endloop
  endfacet
  facet normal 0 0 -1
    outer loop
      vertex 30.825 15.91 2.675
      vertex 29.935 16.8 2.675
      vertex 30.0346 16.7944 2.675
    endloop
  endfacet
  facet normal 0 0 -1
    outer loop
      vertex -29.935 15 2.675
      vertex 29.935 16.8 2.675
      vertex 29.935 15 2.675
    endloop
  endfacet
  facet normal 0 0 -1
    outer loop
      vertex -29.935 15 2.675
      vertex -29.935 16.8 2.675
      vertex 29.935 16.8 2.675
    endloop
  endfacet
  facet normal 0 0 -1
    outer loop
      vertex -30.825 15.89 2.675
      vertex -29.935 15 2.675
      vertex -30.0346 15.0056 2.675
    endloop
  endfacet
  facet normal 0 0 -1
    outer loop
      vertex -29.935 15 2.675
      vertex -30.825 15.89 2.675
      vertex -29.935 16.8 2.675
    endloop
  endfacet
  facet normal 0 0 -1
    outer loop
      vertex -30.825 15.89 2.675
      vertex -30.0346 15.0056 2.675
      vertex -30.133 15.0223 2.675
    endloop
  endfacet
  facet normal 0 0 -1
    outer loop
      vertex -30.825 15.91 2.675
      vertex -29.935 16.8 2.675
      vertex -30.825 15.89 2.675
    endloop
  endfacet
  facet normal 0 0 -1
    outer loop
      vertex -30.825 15.89 2.675
      vertex -30.133 15.0223 2.675
      vertex -30.2289 15.0499 2.675
    endloop
  endfacet
  facet normal 0 0 -1
    outer loop
      vertex -29.935 16.8 2.675
      vertex -30.825 15.91 2.675
      vertex -30.0346 16.7944 2.675
    endloop
  endfacet
  facet normal 0 0 -1
    outer loop
      vertex -30.825 15.89 2.675
      vertex -30.2289 15.0499 2.675
      vertex -30.3212 15.0881 2.675
    endloop
  endfacet
  facet normal 0 0 -1
    outer loop
      vertex -30.0346 16.7944 2.675
      vertex -30.825 15.91 2.675
      vertex -30.133 16.7777 2.675
    endloop
  endfacet
  facet normal 0 0 -1
    outer loop
      vertex -30.825 15.89 2.675
      vertex -30.3212 15.0881 2.675
      vertex -30.4085 15.1364 2.675
    endloop
  endfacet
  facet normal 0 0 -1
    outer loop
      vertex -30.133 16.7777 2.675
      vertex -30.825 15.91 2.675
      vertex -30.2289 16.7501 2.675
    endloop
  endfacet
  facet normal 0 0 -1
    outer loop
      vertex -30.825 15.89 2.675
      vertex -30.4085 15.1364 2.675
      vertex -30.4899 15.1942 2.675
    endloop
  endfacet
  facet normal 0 0 -1
    outer loop
      vertex -30.2289 16.7501 2.675
      vertex -30.825 15.91 2.675
      vertex -30.3212 16.7119 2.675
    endloop
  endfacet
  facet normal 0 0 -1
    outer loop
      vertex -30.825 15.89 2.675
      vertex -30.4899 15.1942 2.675
      vertex -30.5643 15.2607 2.675
    endloop
  endfacet
  facet normal 0 0 -1
    outer loop
      vertex -30.3212 16.7119 2.675
      vertex -30.825 15.91 2.675
      vertex -30.4085 16.6636 2.675
    endloop
  endfacet
  facet normal 0 0 -1
    outer loop
      vertex -30.825 15.89 2.675
      vertex -30.5643 15.2607 2.675
      vertex -30.6308 15.3351 2.675
    endloop
  endfacet
  facet normal 0 0 -1
    outer loop
      vertex -30.4085 16.6636 2.675
      vertex -30.825 15.91 2.675
      vertex -30.4899 16.6058 2.675
    endloop
  endfacet
  facet normal 0 0 -1
    outer loop
      vertex -30.825 15.89 2.675
      vertex -30.6308 15.3351 2.675
      vertex -30.6886 15.4165 2.675
    endloop
  endfacet
  facet normal 0 0 -1
    outer loop
      vertex -30.4899 16.6058 2.675
      vertex -30.825 15.91 2.675
      vertex -30.5643 16.5393 2.675
    endloop
  endfacet
  facet normal 0 0 -1
    outer loop
      vertex -30.825 15.89 2.675
      vertex -30.6886 15.4165 2.675
      vertex -30.7369 15.5038 2.675
    endloop
  endfacet
  facet normal 0 0 -1
    outer loop
      vertex -30.5643 16.5393 2.675
      vertex -30.825 15.91 2.675
      vertex -30.6308 16.4649 2.675
    endloop
  endfacet
  facet normal 0 0 -1
    outer loop
      vertex -30.825 15.89 2.675
      vertex -30.7369 15.5038 2.675
      vertex -30.7751 15.5961 2.675
    endloop
  endfacet
  facet normal 0 0 -1
    outer loop
      vertex -30.6308 16.4649 2.675
      vertex -30.825 15.91 2.675
      vertex -30.6886 16.3835 2.675
    endloop
  endfacet
  facet normal 0 0 -1
    outer loop
      vertex -30.825 15.89 2.675
      vertex -30.7751 15.5961 2.675
      vertex -30.8027 15.692 2.675
    endloop
  endfacet
  facet normal 0 0 -1
    outer loop
      vertex -30.6886 16.3835 2.675
      vertex -30.825 15.91 2.675
      vertex -30.7369 16.2962 2.675
    endloop
  endfacet
  facet normal 0 0 -1
    outer loop
      vertex -30.825 15.89 2.675
      vertex -30.8027 15.692 2.675
      vertex -30.8194 15.7904 2.675
    endloop
  endfacet
  facet normal 0 0 -1
    outer loop
      vertex -30.7369 16.2962 2.675
      vertex -30.825 15.91 2.675
      vertex -30.7751 16.2039 2.675
    endloop
  endfacet
  facet normal 0 0 -1
    outer loop
      vertex -30.7751 16.2039 2.675
      vertex -30.825 15.91 2.675
      vertex -30.8027 16.108 2.675
    endloop
  endfacet
  facet normal 0 0 -1
    outer loop
      vertex -30.8027 16.108 2.675
      vertex -30.825 15.91 2.675
      vertex -30.8194 16.0096 2.675
    endloop
  endfacet
  facet normal -0.960993 -0.276574 0
    outer loop
      vertex -30.7751 15.5961 2.675
      vertex -30.8027 15.692 110.325
      vertex -30.8027 15.692 2.675
    endloop
  endfacet
  facet normal -0.960993 -0.276574 0
    outer loop
      vertex -30.8027 15.692 110.325
      vertex -30.7751 15.5961 2.675
      vertex -30.7751 15.5961 110.325
    endloop
  endfacet
  facet normal -0.578962 -0.815355 0
    outer loop
      vertex -30.4899 15.1942 2.675
      vertex -30.4085 15.1364 110.325
      vertex -30.4899 15.1942 110.325
    endloop
  endfacet
  facet normal -0.578962 -0.815355 -0
    outer loop
      vertex -30.4085 15.1364 110.325
      vertex -30.4899 15.1942 2.675
      vertex -30.4085 15.1364 2.675
    endloop
  endfacet
  facet normal -0.167323 -0.985902 0
    outer loop
      vertex -30.133 15.0223 2.675
      vertex -30.0346 15.0056 110.325
      vertex -30.133 15.0223 110.325
    endloop
  endfacet
  facet normal -0.167323 -0.985902 -0
    outer loop
      vertex -30.0346 15.0056 110.325
      vertex -30.133 15.0223 2.675
      vertex -30.0346 15.0056 2.675
    endloop
  endfacet
  facet normal -0.923992 0.382411 0
    outer loop
      vertex -30.7751 16.2039 2.675
      vertex -30.7369 16.2962 110.325
      vertex -30.7369 16.2962 2.675
    endloop
  endfacet
  facet normal -0.923992 0.382411 0
    outer loop
      vertex -30.7369 16.2962 110.325
      vertex -30.7751 16.2039 2.675
      vertex -30.7751 16.2039 110.325
    endloop
  endfacet
  facet normal -0.382411 0.923992 0
    outer loop
      vertex -30.2289 16.7501 2.675
      vertex -30.3212 16.7119 110.325
      vertex -30.2289 16.7501 110.325
    endloop
  endfacet
  facet normal -0.382411 0.923992 0
    outer loop
      vertex -30.3212 16.7119 110.325
      vertex -30.2289 16.7501 2.675
      vertex -30.3212 16.7119 2.675
    endloop
  endfacet
  facet normal -0.923992 -0.382411 0
    outer loop
      vertex -30.7369 15.5038 2.675
      vertex -30.7751 15.5961 110.325
      vertex -30.7751 15.5961 2.675
    endloop
  endfacet
  facet normal -0.923992 -0.382411 0
    outer loop
      vertex -30.7751 15.5961 110.325
      vertex -30.7369 15.5038 2.675
      vertex -30.7369 15.5038 110.325
    endloop
  endfacet
  facet normal -0.745582 -0.666414 0
    outer loop
      vertex -30.5643 15.2607 2.675
      vertex -30.6308 15.3351 110.325
      vertex -30.6308 15.3351 2.675
    endloop
  endfacet
  facet normal -0.745582 -0.666414 0
    outer loop
      vertex -30.6308 15.3351 110.325
      vertex -30.5643 15.2607 2.675
      vertex -30.5643 15.2607 110.325
    endloop
  endfacet
  facet normal -0.666414 -0.745582 0
    outer loop
      vertex -30.5643 15.2607 2.675
      vertex -30.4899 15.1942 110.325
      vertex -30.5643 15.2607 110.325
    endloop
  endfacet
  facet normal -0.666414 -0.745582 -0
    outer loop
      vertex -30.4899 15.1942 110.325
      vertex -30.5643 15.2607 2.675
      vertex -30.4899 15.1942 2.675
    endloop
  endfacet
  facet normal 0.666414 0.745582 -0
    outer loop
      vertex 30.5643 16.5393 2.675
      vertex 30.4899 16.6058 110.325
      vertex 30.5643 16.5393 110.325
    endloop
  endfacet
  facet normal 0.666414 0.745582 0
    outer loop
      vertex 30.4899 16.6058 110.325
      vertex 30.5643 16.5393 2.675
      vertex 30.4899 16.6058 2.675
    endloop
  endfacet
  facet normal -1 0 0
    outer loop
      vertex -30.825 15.89 2.675
      vertex -30.825 15.91 110.325
      vertex -30.825 15.91 2.675
    endloop
  endfacet
  facet normal -1 -0 0
    outer loop
      vertex -30.825 15.91 110.325
      vertex -30.825 15.89 2.675
      vertex -30.825 15.89 110.325
    endloop
  endfacet
  facet normal -0.998423 0.0561362 0
    outer loop
      vertex -30.825 15.91 2.675
      vertex -30.8194 16.0096 110.325
      vertex -30.8194 16.0096 2.675
    endloop
  endfacet
  facet normal -0.998423 0.0561362 0
    outer loop
      vertex -30.8194 16.0096 110.325
      vertex -30.825 15.91 2.675
      vertex -30.825 15.91 110.325
    endloop
  endfacet
  facet normal -0.815355 0.578962 0
    outer loop
      vertex -30.6886 16.3835 2.675
      vertex -30.6308 16.4649 110.325
      vertex -30.6308 16.4649 2.675
    endloop
  endfacet
  facet normal -0.815355 0.578962 0
    outer loop
      vertex -30.6308 16.4649 110.325
      vertex -30.6886 16.3835 2.675
      vertex -30.6886 16.3835 110.325
    endloop
  endfacet
  facet normal -0.745582 0.666414 0
    outer loop
      vertex -30.6308 16.4649 2.675
      vertex -30.5643 16.5393 110.325
      vertex -30.5643 16.5393 2.675
    endloop
  endfacet
  facet normal -0.745582 0.666414 0
    outer loop
      vertex -30.5643 16.5393 110.325
      vertex -30.6308 16.4649 2.675
      vertex -30.6308 16.4649 110.325
    endloop
  endfacet
  facet normal -0.960993 0.276574 0
    outer loop
      vertex -30.8027 16.108 2.675
      vertex -30.7751 16.2039 110.325
      vertex -30.7751 16.2039 2.675
    endloop
  endfacet
  facet normal -0.960993 0.276574 0
    outer loop
      vertex -30.7751 16.2039 110.325
      vertex -30.8027 16.108 2.675
      vertex -30.8027 16.108 110.325
    endloop
  endfacet
  facet normal -0.875007 0.48411 0
    outer loop
      vertex -30.7369 16.2962 2.675
      vertex -30.6886 16.3835 110.325
      vertex -30.6886 16.3835 2.675
    endloop
  endfacet
  facet normal -0.875007 0.48411 0
    outer loop
      vertex -30.6886 16.3835 110.325
      vertex -30.7369 16.2962 2.675
      vertex -30.7369 16.2962 110.325
    endloop
  endfacet
  facet normal -0.48411 0.875007 0
    outer loop
      vertex -30.3212 16.7119 2.675
      vertex -30.4085 16.6636 110.325
      vertex -30.3212 16.7119 110.325
    endloop
  endfacet
  facet normal -0.48411 0.875007 0
    outer loop
      vertex -30.4085 16.6636 110.325
      vertex -30.3212 16.7119 2.675
      vertex -30.4085 16.6636 2.675
    endloop
  endfacet
  facet normal -0.578962 0.815355 0
    outer loop
      vertex -30.4085 16.6636 2.675
      vertex -30.4899 16.6058 110.325
      vertex -30.4085 16.6636 110.325
    endloop
  endfacet
  facet normal -0.578962 0.815355 0
    outer loop
      vertex -30.4899 16.6058 110.325
      vertex -30.4085 16.6636 2.675
      vertex -30.4899 16.6058 2.675
    endloop
  endfacet
  facet normal -0.167323 0.985902 0
    outer loop
      vertex -30.0346 16.7944 2.675
      vertex -30.133 16.7777 110.325
      vertex -30.0346 16.7944 110.325
    endloop
  endfacet
  facet normal -0.167323 0.985902 0
    outer loop
      vertex -30.133 16.7777 110.325
      vertex -30.0346 16.7944 2.675
      vertex -30.133 16.7777 2.675
    endloop
  endfacet
  facet normal -0.276574 0.960993 0
    outer loop
      vertex -30.133 16.7777 2.675
      vertex -30.2289 16.7501 110.325
      vertex -30.133 16.7777 110.325
    endloop
  endfacet
  facet normal -0.276574 0.960993 0
    outer loop
      vertex -30.2289 16.7501 110.325
      vertex -30.133 16.7777 2.675
      vertex -30.2289 16.7501 2.675
    endloop
  endfacet
  facet normal -0.815355 -0.578962 0
    outer loop
      vertex -30.6308 15.3351 2.675
      vertex -30.6886 15.4165 110.325
      vertex -30.6886 15.4165 2.675
    endloop
  endfacet
  facet normal -0.815355 -0.578962 0
    outer loop
      vertex -30.6886 15.4165 110.325
      vertex -30.6308 15.3351 2.675
      vertex -30.6308 15.3351 110.325
    endloop
  endfacet
  facet normal -0.48411 -0.875007 0
    outer loop
      vertex -30.4085 15.1364 2.675
      vertex -30.3212 15.0881 110.325
      vertex -30.4085 15.1364 110.325
    endloop
  endfacet
  facet normal -0.48411 -0.875007 -0
    outer loop
      vertex -30.3212 15.0881 110.325
      vertex -30.4085 15.1364 2.675
      vertex -30.3212 15.0881 2.675
    endloop
  endfacet
  facet normal -0.0561362 -0.998423 0
    outer loop
      vertex -30.0346 15.0056 2.675
      vertex -29.935 15 110.325
      vertex -30.0346 15.0056 110.325
    endloop
  endfacet
  facet normal -0.0561362 -0.998423 -0
    outer loop
      vertex -29.935 15 110.325
      vertex -30.0346 15.0056 2.675
      vertex -29.935 15 2.675
    endloop
  endfacet
  facet normal 0.0561362 -0.998423 0
    outer loop
      vertex 29.935 15 2.675
      vertex 30.0346 15.0056 110.325
      vertex 29.935 15 110.325
    endloop
  endfacet
  facet normal 0.0561362 -0.998423 0
    outer loop
      vertex 30.0346 15.0056 110.325
      vertex 29.935 15 2.675
      vertex 30.0346 15.0056 2.675
    endloop
  endfacet
  facet normal 0.382411 -0.923992 0
    outer loop
      vertex 30.2289 15.0499 2.675
      vertex 30.3212 15.0881 110.325
      vertex 30.2289 15.0499 110.325
    endloop
  endfacet
  facet normal 0.382411 -0.923992 0
    outer loop
      vertex 30.3212 15.0881 110.325
      vertex 30.2289 15.0499 2.675
      vertex 30.3212 15.0881 2.675
    endloop
  endfacet
  facet normal 0.985902 -0.167323 0
    outer loop
      vertex 30.8027 15.692 110.325
      vertex 30.8194 15.7904 2.675
      vertex 30.8194 15.7904 110.325
    endloop
  endfacet
  facet normal 0.985902 -0.167323 0
    outer loop
      vertex 30.8194 15.7904 2.675
      vertex 30.8027 15.692 110.325
      vertex 30.8027 15.692 2.675
    endloop
  endfacet
  facet normal 0.923992 -0.382411 0
    outer loop
      vertex 30.7369 15.5038 110.325
      vertex 30.7751 15.5961 2.675
      vertex 30.7751 15.5961 110.325
    endloop
  endfacet
  facet normal 0.923992 -0.382411 0
    outer loop
      vertex 30.7751 15.5961 2.675
      vertex 30.7369 15.5038 110.325
      vertex 30.7369 15.5038 2.675
    endloop
  endfacet
  facet normal 0.998423 -0.0561362 0
    outer loop
      vertex 30.8194 15.7904 110.325
      vertex 30.825 15.89 2.675
      vertex 30.825 15.89 110.325
    endloop
  endfacet
  facet normal 0.998423 -0.0561362 0
    outer loop
      vertex 30.825 15.89 2.675
      vertex 30.8194 15.7904 110.325
      vertex 30.8194 15.7904 2.675
    endloop
  endfacet
  facet normal 0.960993 0.276574 0
    outer loop
      vertex 30.8027 16.108 110.325
      vertex 30.7751 16.2039 2.675
      vertex 30.7751 16.2039 110.325
    endloop
  endfacet
  facet normal 0.960993 0.276574 0
    outer loop
      vertex 30.7751 16.2039 2.675
      vertex 30.8027 16.108 110.325
      vertex 30.8027 16.108 2.675
    endloop
  endfacet
  facet normal 0.167323 0.985902 -0
    outer loop
      vertex 30.133 16.7777 2.675
      vertex 30.0346 16.7944 110.325
      vertex 30.133 16.7777 110.325
    endloop
  endfacet
  facet normal 0.167323 0.985902 0
    outer loop
      vertex 30.0346 16.7944 110.325
      vertex 30.133 16.7777 2.675
      vertex 30.0346 16.7944 2.675
    endloop
  endfacet
  facet normal -0.985902 0.167323 0
    outer loop
      vertex -30.8194 16.0096 2.675
      vertex -30.8027 16.108 110.325
      vertex -30.8027 16.108 2.675
    endloop
  endfacet
  facet normal -0.985902 0.167323 0
    outer loop
      vertex -30.8027 16.108 110.325
      vertex -30.8194 16.0096 2.675
      vertex -30.8194 16.0096 110.325
    endloop
  endfacet
  facet normal -0.276574 -0.960993 0
    outer loop
      vertex -30.2289 15.0499 2.675
      vertex -30.133 15.0223 110.325
      vertex -30.2289 15.0499 110.325
    endloop
  endfacet
  facet normal -0.276574 -0.960993 -0
    outer loop
      vertex -30.133 15.0223 110.325
      vertex -30.2289 15.0499 2.675
      vertex -30.133 15.0223 2.675
    endloop
  endfacet
  facet normal -0.382411 -0.923992 0
    outer loop
      vertex -30.3212 15.0881 2.675
      vertex -30.2289 15.0499 110.325
      vertex -30.3212 15.0881 110.325
    endloop
  endfacet
  facet normal -0.382411 -0.923992 -0
    outer loop
      vertex -30.2289 15.0499 110.325
      vertex -30.3212 15.0881 2.675
      vertex -30.2289 15.0499 2.675
    endloop
  endfacet
  facet normal 0.48411 -0.875007 0
    outer loop
      vertex 30.3212 15.0881 2.675
      vertex 30.4085 15.1364 110.325
      vertex 30.3212 15.0881 110.325
    endloop
  endfacet
  facet normal 0.48411 -0.875007 0
    outer loop
      vertex 30.4085 15.1364 110.325
      vertex 30.3212 15.0881 2.675
      vertex 30.4085 15.1364 2.675
    endloop
  endfacet
  facet normal 0.666414 -0.745582 0
    outer loop
      vertex 30.4899 15.1942 2.675
      vertex 30.5643 15.2607 110.325
      vertex 30.4899 15.1942 110.325
    endloop
  endfacet
  facet normal 0.666414 -0.745582 0
    outer loop
      vertex 30.5643 15.2607 110.325
      vertex 30.4899 15.1942 2.675
      vertex 30.5643 15.2607 2.675
    endloop
  endfacet
  facet normal 0.960993 -0.276574 0
    outer loop
      vertex 30.7751 15.5961 110.325
      vertex 30.8027 15.692 2.675
      vertex 30.8027 15.692 110.325
    endloop
  endfacet
  facet normal 0.960993 -0.276574 0
    outer loop
      vertex 30.8027 15.692 2.675
      vertex 30.7751 15.5961 110.325
      vertex 30.7751 15.5961 2.675
    endloop
  endfacet
  facet normal 1 -0 0
    outer loop
      vertex 30.825 15.89 110.325
      vertex 30.825 15.91 2.675
      vertex 30.825 15.91 110.325
    endloop
  endfacet
  facet normal 1 0 0
    outer loop
      vertex 30.825 15.91 2.675
      vertex 30.825 15.89 110.325
      vertex 30.825 15.89 2.675
    endloop
  endfacet
  facet normal 0.875007 0.48411 0
    outer loop
      vertex 30.7369 16.2962 110.325
      vertex 30.6886 16.3835 2.675
      vertex 30.6886 16.3835 110.325
    endloop
  endfacet
  facet normal 0.875007 0.48411 0
    outer loop
      vertex 30.6886 16.3835 2.675
      vertex 30.7369 16.2962 110.325
      vertex 30.7369 16.2962 2.675
    endloop
  endfacet
  facet normal 0.985902 0.167323 0
    outer loop
      vertex 30.8194 16.0096 110.325
      vertex 30.8027 16.108 2.675
      vertex 30.8027 16.108 110.325
    endloop
  endfacet
  facet normal 0.985902 0.167323 0
    outer loop
      vertex 30.8027 16.108 2.675
      vertex 30.8194 16.0096 110.325
      vertex 30.8194 16.0096 2.675
    endloop
  endfacet
  facet normal 0.276574 0.960993 -0
    outer loop
      vertex 30.2289 16.7501 2.675
      vertex 30.133 16.7777 110.325
      vertex 30.2289 16.7501 110.325
    endloop
  endfacet
  facet normal 0.276574 0.960993 0
    outer loop
      vertex 30.133 16.7777 110.325
      vertex 30.2289 16.7501 2.675
      vertex 30.133 16.7777 2.675
    endloop
  endfacet
  facet normal 0.382411 0.923992 -0
    outer loop
      vertex 30.3212 16.7119 2.675
      vertex 30.2289 16.7501 110.325
      vertex 30.3212 16.7119 110.325
    endloop
  endfacet
  facet normal 0.382411 0.923992 0
    outer loop
      vertex 30.2289 16.7501 110.325
      vertex 30.3212 16.7119 2.675
      vertex 30.2289 16.7501 2.675
    endloop
  endfacet
  facet normal 0.0561362 0.998423 -0
    outer loop
      vertex 30.0346 16.7944 2.675
      vertex 29.935 16.8 110.325
      vertex 30.0346 16.7944 110.325
    endloop
  endfacet
  facet normal 0.0561362 0.998423 0
    outer loop
      vertex 29.935 16.8 110.325
      vertex 30.0346 16.7944 2.675
      vertex 29.935 16.8 2.675
    endloop
  endfacet
  facet normal 0.276574 -0.960993 0
    outer loop
      vertex 30.133 15.0223 2.675
      vertex 30.2289 15.0499 110.325
      vertex 30.133 15.0223 110.325
    endloop
  endfacet
  facet normal 0.276574 -0.960993 0
    outer loop
      vertex 30.2289 15.0499 110.325
      vertex 30.133 15.0223 2.675
      vertex 30.2289 15.0499 2.675
    endloop
  endfacet
  facet normal 0.167323 -0.985902 0
    outer loop
      vertex 30.0346 15.0056 2.675
      vertex 30.133 15.0223 110.325
      vertex 30.0346 15.0056 110.325
    endloop
  endfacet
  facet normal 0.167323 -0.985902 0
    outer loop
      vertex 30.133 15.0223 110.325
      vertex 30.0346 15.0056 2.675
      vertex 30.133 15.0223 2.675
    endloop
  endfacet
  facet normal 0.578962 -0.815355 0
    outer loop
      vertex 30.4085 15.1364 2.675
      vertex 30.4899 15.1942 110.325
      vertex 30.4085 15.1364 110.325
    endloop
  endfacet
  facet normal 0.578962 -0.815355 0
    outer loop
      vertex 30.4899 15.1942 110.325
      vertex 30.4085 15.1364 2.675
      vertex 30.4899 15.1942 2.675
    endloop
  endfacet
  facet normal 0.815355 -0.578962 0
    outer loop
      vertex 30.6308 15.3351 110.325
      vertex 30.6886 15.4165 2.675
      vertex 30.6886 15.4165 110.325
    endloop
  endfacet
  facet normal 0.815355 -0.578962 0
    outer loop
      vertex 30.6886 15.4165 2.675
      vertex 30.6308 15.3351 110.325
      vertex 30.6308 15.3351 2.675
    endloop
  endfacet
  facet normal 0.998423 0.0561362 0
    outer loop
      vertex 30.825 15.91 110.325
      vertex 30.8194 16.0096 2.675
      vertex 30.8194 16.0096 110.325
    endloop
  endfacet
  facet normal 0.998423 0.0561362 0
    outer loop
      vertex 30.8194 16.0096 2.675
      vertex 30.825 15.91 110.325
      vertex 30.825 15.91 2.675
    endloop
  endfacet
  facet normal 0.745582 0.666414 0
    outer loop
      vertex 30.6308 16.4649 110.325
      vertex 30.5643 16.5393 2.675
      vertex 30.5643 16.5393 110.325
    endloop
  endfacet
  facet normal 0.745582 0.666414 0
    outer loop
      vertex 30.5643 16.5393 2.675
      vertex 30.6308 16.4649 110.325
      vertex 30.6308 16.4649 2.675
    endloop
  endfacet
  facet normal 0.923992 0.382411 0
    outer loop
      vertex 30.7751 16.2039 110.325
      vertex 30.7369 16.2962 2.675
      vertex 30.7369 16.2962 110.325
    endloop
  endfacet
  facet normal 0.923992 0.382411 0
    outer loop
      vertex 30.7369 16.2962 2.675
      vertex 30.7751 16.2039 110.325
      vertex 30.7751 16.2039 2.675
    endloop
  endfacet
  facet normal 0.578962 0.815355 -0
    outer loop
      vertex 30.4899 16.6058 2.675
      vertex 30.4085 16.6636 110.325
      vertex 30.4899 16.6058 110.325
    endloop
  endfacet
  facet normal 0.578962 0.815355 0
    outer loop
      vertex 30.4085 16.6636 110.325
      vertex 30.4899 16.6058 2.675
      vertex 30.4085 16.6636 2.675
    endloop
  endfacet
  facet normal 0.745582 -0.666414 0
    outer loop
      vertex 30.5643 15.2607 110.325
      vertex 30.6308 15.3351 2.675
      vertex 30.6308 15.3351 110.325
    endloop
  endfacet
  facet normal 0.745582 -0.666414 0
    outer loop
      vertex 30.6308 15.3351 2.675
      vertex 30.5643 15.2607 110.325
      vertex 30.5643 15.2607 2.675
    endloop
  endfacet
  facet normal 0.875007 -0.48411 0
    outer loop
      vertex 30.6886 15.4165 110.325
      vertex 30.7369 15.5038 2.675
      vertex 30.7369 15.5038 110.325
    endloop
  endfacet
  facet normal 0.875007 -0.48411 0
    outer loop
      vertex 30.7369 15.5038 2.675
      vertex 30.6886 15.4165 110.325
      vertex 30.6886 15.4165 2.675
    endloop
  endfacet
  facet normal 0.815355 0.578962 0
    outer loop
      vertex 30.6886 16.3835 110.325
      vertex 30.6308 16.4649 2.675
      vertex 30.6308 16.4649 110.325
    endloop
  endfacet
  facet normal 0.815355 0.578962 0
    outer loop
      vertex 30.6308 16.4649 2.675
      vertex 30.6886 16.3835 110.325
      vertex 30.6886 16.3835 2.675
    endloop
  endfacet
  facet normal 0.48411 0.875007 -0
    outer loop
      vertex 30.4085 16.6636 2.675
      vertex 30.3212 16.7119 110.325
      vertex 30.4085 16.6636 110.325
    endloop
  endfacet
  facet normal 0.48411 0.875007 0
    outer loop
      vertex 30.3212 16.7119 110.325
      vertex 30.4085 16.6636 2.675
      vertex 30.3212 16.7119 2.675
    endloop
  endfacet
  facet normal -1 0 0
    outer loop
      vertex -25 13.4 3
      vertex -25 15 8
      vertex -25 15 3
    endloop
  endfacet
  facet normal -1 -0 0
    outer loop
      vertex -25 15 8
      vertex -25 13.4 3
      vertex -25 13.4 8
    endloop
  endfacet
  facet normal -0 0 1
    outer loop
      vertex -25 15 8
      vertex 25 13.4 8
      vertex 25 15 8
    endloop
  endfacet
  facet normal 0 0 1
    outer loop
      vertex 25 13.4 8
      vertex -25 15 8
      vertex -25 13.4 8
    endloop
  endfacet
  facet normal 1 -0 0
    outer loop
      vertex 25 13.4 8
      vertex 25 15 3
      vertex 25 15 8
    endloop
  endfacet
  facet normal 1 0 0
    outer loop
      vertex 25 15 3
      vertex 25 13.4 8
      vertex 25 13.4 3
    endloop
  endfacet
  facet normal 0 0 -1
    outer loop
      vertex -25 13.4 3
      vertex 25 15 3
      vertex 25 13.4 3
    endloop
  endfacet
  facet normal -0 0 -1
    outer loop
      vertex 25 15 3
      vertex -25 13.4 3
      vertex -25 15 3
    endloop
  endfacet
  facet normal 0 -1 0
    outer loop
      vertex -25 13.4 3
      vertex 25 13.4 8
      vertex -25 13.4 8
    endloop
  endfacet
  facet normal 0 -1 -0
    outer loop
      vertex 25 13.4 8
      vertex -25 13.4 3
      vertex 25 13.4 3
    endloop
  endfacet
  facet normal 1 -0 0
    outer loop
      vertex -20.4 16.8 82.5
      vertex -20.4 20 30.5
      vertex -20.4 20 82.5
    endloop
  endfacet
  facet normal 1 0 0
    outer loop
      vertex -20.4 20 30.5
      vertex -20.4 16.8 82.5
      vertex -20.4 16.8 30.5
    endloop
  endfacet
  facet normal 1 -0 0
    outer loop
      vertex -20.4 15 82.5
      vertex -20.4 16.8 30.5
      vertex -20.4 16.8 82.5
    endloop
  endfacet
  facet normal 1 0 0
    outer loop
      vertex -20.4 16.8 30.5
      vertex -20.4 15 82.5
      vertex -20.4 15 30.5
    endloop
  endfacet
  facet normal 0 0 -1
    outer loop
      vertex -20.4 16.8 82.5
      vertex -18 20 82.5
      vertex -18 16.8 82.5
    endloop
  endfacet
  facet normal -0 0 -1
    outer loop
      vertex -18 20 82.5
      vertex -20.4 16.8 82.5
      vertex -20.4 20 82.5
    endloop
  endfacet
  facet normal 0 0 -1
    outer loop
      vertex -20.4 15 82.5
      vertex -18 16.8 82.5
      vertex -18 15 82.5
    endloop
  endfacet
  facet normal -0 0 -1
    outer loop
      vertex -18 16.8 82.5
      vertex -20.4 15 82.5
      vertex -20.4 16.8 82.5
    endloop
  endfacet
  facet normal -1 0 0
    outer loop
      vertex -18 16.8 30.5
      vertex -18 20 82.5
      vertex -18 20 30.5
    endloop
  endfacet
  facet normal -1 -0 0
    outer loop
      vertex -18 20 82.5
      vertex -18 16.8 30.5
      vertex -18 16.8 82.5
    endloop
  endfacet
  facet normal -1 0 0
    outer loop
      vertex -18 15 30.5
      vertex -18 16.8 82.5
      vertex -18 16.8 30.5
    endloop
  endfacet
  facet normal -1 -0 0
    outer loop
      vertex -18 16.8 82.5
      vertex -18 15 30.5
      vertex -18 15 82.5
    endloop
  endfacet
  facet normal -0 0 1
    outer loop
      vertex -20.4 20 30.5
      vertex -18 16.8 30.5
      vertex -18 20 30.5
    endloop
  endfacet
  facet normal 0 0 1
    outer loop
      vertex -18 16.8 30.5
      vertex -20.4 20 30.5
      vertex -20.4 16.8 30.5
    endloop
  endfacet
  facet normal -0 0 1
    outer loop
      vertex -20.4 16.8 30.5
      vertex -18 15 30.5
      vertex -18 16.8 30.5
    endloop
  endfacet
  facet normal 0 0 1
    outer loop
      vertex -18 15 30.5
      vertex -20.4 16.8 30.5
      vertex -20.4 15 30.5
    endloop
  endfacet
  facet normal 1 -0 0
    outer loop
      vertex -15.6 16.8 82.5
      vertex -15.6 20 30.5
      vertex -15.6 20 82.5
    endloop
  endfacet
  facet normal 1 0 0
    outer loop
      vertex -15.6 20 30.5
      vertex -15.6 16.8 82.5
      vertex -15.6 16.8 30.5
    endloop
  endfacet
  facet normal 1 -0 0
    outer loop
      vertex -15.6 15 82.5
      vertex -15.6 16.8 30.5
      vertex -15.6 16.8 82.5
    endloop
  endfacet
  facet normal 1 0 0
    outer loop
      vertex -15.6 16.8 30.5
      vertex -15.6 15 82.5
      vertex -15.6 15 30.5
    endloop
  endfacet
  facet normal 0 0 -1
    outer loop
      vertex -15.6 16.8 82.5
      vertex -13.2 20 82.5
      vertex -13.2 16.8 82.5
    endloop
  endfacet
  facet normal -0 0 -1
    outer loop
      vertex -13.2 20 82.5
      vertex -15.6 16.8 82.5
      vertex -15.6 20 82.5
    endloop
  endfacet
  facet normal 0 0 -1
    outer loop
      vertex -15.6 15 82.5
      vertex -13.2 16.8 82.5
      vertex -13.2 15 82.5
    endloop
  endfacet
  facet normal -0 0 -1
    outer loop
      vertex -13.2 16.8 82.5
      vertex -15.6 15 82.5
      vertex -15.6 16.8 82.5
    endloop
  endfacet
  facet normal -1 0 0
    outer loop
      vertex -13.2 16.8 30.5
      vertex -13.2 20 82.5
      vertex -13.2 20 30.5
    endloop
  endfacet
  facet normal -1 -0 0
    outer loop
      vertex -13.2 20 82.5
      vertex -13.2 16.8 30.5
      vertex -13.2 16.8 82.5
    endloop
  endfacet
  facet normal -1 0 0
    outer loop
      vertex -13.2 15 30.5
      vertex -13.2 16.8 82.5
      vertex -13.2 16.8 30.5
    endloop
  endfacet
  facet normal -1 -0 0
    outer loop
      vertex -13.2 16.8 82.5
      vertex -13.2 15 30.5
      vertex -13.2 15 82.5
    endloop
  endfacet
  facet normal -0 0 1
    outer loop
      vertex -15.6 20 30.5
      vertex -13.2 16.8 30.5
      vertex -13.2 20 30.5
    endloop
  endfacet
  facet normal 0 0 1
    outer loop
      vertex -13.2 16.8 30.5
      vertex -15.6 20 30.5
      vertex -15.6 16.8 30.5
    endloop
  endfacet
  facet normal -0 0 1
    outer loop
      vertex -15.6 16.8 30.5
      vertex -13.2 15 30.5
      vertex -13.2 16.8 30.5
    endloop
  endfacet
  facet normal 0 0 1
    outer loop
      vertex -13.2 15 30.5
      vertex -15.6 16.8 30.5
      vertex -15.6 15 30.5
    endloop
  endfacet
  facet normal 1 -0 0
    outer loop
      vertex -10.8 16.8 82.5
      vertex -10.8 20 30.5
      vertex -10.8 20 82.5
    endloop
  endfacet
  facet normal 1 0 0
    outer loop
      vertex -10.8 20 30.5
      vertex -10.8 16.8 82.5
      vertex -10.8 16.8 30.5
    endloop
  endfacet
  facet normal 1 -0 0
    outer loop
      vertex -10.8 15 82.5
      vertex -10.8 16.8 30.5
      vertex -10.8 16.8 82.5
    endloop
  endfacet
  facet normal 1 0 0
    outer loop
      vertex -10.8 16.8 30.5
      vertex -10.8 15 82.5
      vertex -10.8 15 30.5
    endloop
  endfacet
  facet normal 0 0 -1
    outer loop
      vertex -10.8 16.8 82.5
      vertex -8.4 20 82.5
      vertex -8.4 16.8 82.5
    endloop
  endfacet
  facet normal -0 0 -1
    outer loop
      vertex -8.4 20 82.5
      vertex -10.8 16.8 82.5
      vertex -10.8 20 82.5
    endloop
  endfacet
  facet normal 0 0 -1
    outer loop
      vertex -10.8 15 82.5
      vertex -8.4 16.8 82.5
      vertex -8.4 15 82.5
    endloop
  endfacet
  facet normal -0 0 -1
    outer loop
      vertex -8.4 16.8 82.5
      vertex -10.8 15 82.5
      vertex -10.8 16.8 82.5
    endloop
  endfacet
  facet normal -1 0 0
    outer loop
      vertex -8.4 16.8 30.5
      vertex -8.4 20 82.5
      vertex -8.4 20 30.5
    endloop
  endfacet
  facet normal -1 -0 0
    outer loop
      vertex -8.4 20 82.5
      vertex -8.4 16.8 30.5
      vertex -8.4 16.8 82.5
    endloop
  endfacet
  facet normal -1 0 0
    outer loop
      vertex -8.4 15 30.5
      vertex -8.4 16.8 82.5
      vertex -8.4 16.8 30.5
    endloop
  endfacet
  facet normal -1 -0 0
    outer loop
      vertex -8.4 16.8 82.5
      vertex -8.4 15 30.5
      vertex -8.4 15 82.5
    endloop
  endfacet
  facet normal -0 0 1
    outer loop
      vertex -10.8 20 30.5
      vertex -8.4 16.8 30.5
      vertex -8.4 20 30.5
    endloop
  endfacet
  facet normal 0 0 1
    outer loop
      vertex -8.4 16.8 30.5
      vertex -10.8 20 30.5
      vertex -10.8 16.8 30.5
    endloop
  endfacet
  facet normal -0 0 1
    outer loop
      vertex -10.8 16.8 30.5
      vertex -8.4 15 30.5
      vertex -8.4 16.8 30.5
    endloop
  endfacet
  facet normal 0 0 1
    outer loop
      vertex -8.4 15 30.5
      vertex -10.8 16.8 30.5
      vertex -10.8 15 30.5
    endloop
  endfacet
  facet normal 1 -0 0
    outer loop
      vertex -6 16.8 82.5
      vertex -6 20 30.5
      vertex -6 20 82.5
    endloop
  endfacet
  facet normal 1 0 0
    outer loop
      vertex -6 20 30.5
      vertex -6 16.8 82.5
      vertex -6 16.8 30.5
    endloop
  endfacet
  facet normal 1 -0 0
    outer loop
      vertex -6 15 82.5
      vertex -6 16.8 30.5
      vertex -6 16.8 82.5
    endloop
  endfacet
  facet normal 1 0 0
    outer loop
      vertex -6 16.8 30.5
      vertex -6 15 82.5
      vertex -6 15 30.5
    endloop
  endfacet
  facet normal 0 0 -1
    outer loop
      vertex -6 16.8 82.5
      vertex -3.6 20 82.5
      vertex -3.6 16.8 82.5
    endloop
  endfacet
  facet normal -0 0 -1
    outer loop
      vertex -3.6 20 82.5
      vertex -6 16.8 82.5
      vertex -6 20 82.5
    endloop
  endfacet
  facet normal 0 0 -1
    outer loop
      vertex -6 15 82.5
      vertex -3.6 16.8 82.5
      vertex -3.6 15 82.5
    endloop
  endfacet
  facet normal -0 0 -1
    outer loop
      vertex -3.6 16.8 82.5
      vertex -6 15 82.5
      vertex -6 16.8 82.5
    endloop
  endfacet
  facet normal -1 0 0
    outer loop
      vertex -3.6 16.8 30.5
      vertex -3.6 20 82.5
      vertex -3.6 20 30.5
    endloop
  endfacet
  facet normal -1 -0 0
    outer loop
      vertex -3.6 20 82.5
      vertex -3.6 16.8 30.5
      vertex -3.6 16.8 82.5
    endloop
  endfacet
  facet normal -1 0 0
    outer loop
      vertex -3.6 15 30.5
      vertex -3.6 16.8 82.5
      vertex -3.6 16.8 30.5
    endloop
  endfacet
  facet normal -1 -0 0
    outer loop
      vertex -3.6 16.8 82.5
      vertex -3.6 15 30.5
      vertex -3.6 15 82.5
    endloop
  endfacet
  facet normal -0 0 1
    outer loop
      vertex -6 20 30.5
      vertex -3.6 16.8 30.5
      vertex -3.6 20 30.5
    endloop
  endfacet
  facet normal 0 0 1
    outer loop
      vertex -3.6 16.8 30.5
      vertex -6 20 30.5
      vertex -6 16.8 30.5
    endloop
  endfacet
  facet normal -0 0 1
    outer loop
      vertex -6 16.8 30.5
      vertex -3.6 15 30.5
      vertex -3.6 16.8 30.5
    endloop
  endfacet
  facet normal 0 0 1
    outer loop
      vertex -3.6 15 30.5
      vertex -6 16.8 30.5
      vertex -6 15 30.5
    endloop
  endfacet
  facet normal 1 -0 0
    outer loop
      vertex -1.2 16.8 82.5
      vertex -1.2 20 30.5
      vertex -1.2 20 82.5
    endloop
  endfacet
  facet normal 1 0 0
    outer loop
      vertex -1.2 20 30.5
      vertex -1.2 16.8 82.5
      vertex -1.2 16.8 30.5
    endloop
  endfacet
  facet normal 1 -0 0
    outer loop
      vertex -1.2 15 82.5
      vertex -1.2 16.8 30.5
      vertex -1.2 16.8 82.5
    endloop
  endfacet
  facet normal 1 0 0
    outer loop
      vertex -1.2 16.8 30.5
      vertex -1.2 15 82.5
      vertex -1.2 15 30.5
    endloop
  endfacet
  facet normal 0 0 -1
    outer loop
      vertex -1.2 16.8 82.5
      vertex 1.2 20 82.5
      vertex 1.2 16.8 82.5
    endloop
  endfacet
  facet normal -0 0 -1
    outer loop
      vertex 1.2 20 82.5
      vertex -1.2 16.8 82.5
      vertex -1.2 20 82.5
    endloop
  endfacet
  facet normal 0 0 -1
    outer loop
      vertex -1.2 15 82.5
      vertex 1.2 16.8 82.5
      vertex 1.2 15 82.5
    endloop
  endfacet
  facet normal -0 0 -1
    outer loop
      vertex 1.2 16.8 82.5
      vertex -1.2 15 82.5
      vertex -1.2 16.8 82.5
    endloop
  endfacet
  facet normal -1 0 0
    outer loop
      vertex 1.2 16.8 30.5
      vertex 1.2 20 82.5
      vertex 1.2 20 30.5
    endloop
  endfacet
  facet normal -1 -0 0
    outer loop
      vertex 1.2 20 82.5
      vertex 1.2 16.8 30.5
      vertex 1.2 16.8 82.5
    endloop
  endfacet
  facet normal -1 0 0
    outer loop
      vertex 1.2 15 30.5
      vertex 1.2 16.8 82.5
      vertex 1.2 16.8 30.5
    endloop
  endfacet
  facet normal -1 -0 0
    outer loop
      vertex 1.2 16.8 82.5
      vertex 1.2 15 30.5
      vertex 1.2 15 82.5
    endloop
  endfacet
  facet normal -0 0 1
    outer loop
      vertex -1.2 20 30.5
      vertex 1.2 16.8 30.5
      vertex 1.2 20 30.5
    endloop
  endfacet
  facet normal 0 0 1
    outer loop
      vertex 1.2 16.8 30.5
      vertex -1.2 20 30.5
      vertex -1.2 16.8 30.5
    endloop
  endfacet
  facet normal -0 0 1
    outer loop
      vertex -1.2 16.8 30.5
      vertex 1.2 15 30.5
      vertex 1.2 16.8 30.5
    endloop
  endfacet
  facet normal 0 0 1
    outer loop
      vertex 1.2 15 30.5
      vertex -1.2 16.8 30.5
      vertex -1.2 15 30.5
    endloop
  endfacet
  facet normal 1 -0 0
    outer loop
      vertex 3.6 16.8 82.5
      vertex 3.6 20 30.5
      vertex 3.6 20 82.5
    endloop
  endfacet
  facet normal 1 0 0
    outer loop
      vertex 3.6 20 30.5
      vertex 3.6 16.8 82.5
      vertex 3.6 16.8 30.5
    endloop
  endfacet
  facet normal 1 -0 0
    outer loop
      vertex 3.6 15 82.5
      vertex 3.6 16.8 30.5
      vertex 3.6 16.8 82.5
    endloop
  endfacet
  facet normal 1 0 0
    outer loop
      vertex 3.6 16.8 30.5
      vertex 3.6 15 82.5
      vertex 3.6 15 30.5
    endloop
  endfacet
  facet normal 0 0 -1
    outer loop
      vertex 3.6 16.8 82.5
      vertex 6 20 82.5
      vertex 6 16.8 82.5
    endloop
  endfacet
  facet normal -0 0 -1
    outer loop
      vertex 6 20 82.5
      vertex 3.6 16.8 82.5
      vertex 3.6 20 82.5
    endloop
  endfacet
  facet normal 0 0 -1
    outer loop
      vertex 3.6 15 82.5
      vertex 6 16.8 82.5
      vertex 6 15 82.5
    endloop
  endfacet
  facet normal -0 0 -1
    outer loop
      vertex 6 16.8 82.5
      vertex 3.6 15 82.5
      vertex 3.6 16.8 82.5
    endloop
  endfacet
  facet normal -1 0 0
    outer loop
      vertex 6 16.8 30.5
      vertex 6 20 82.5
      vertex 6 20 30.5
    endloop
  endfacet
  facet normal -1 -0 0
    outer loop
      vertex 6 20 82.5
      vertex 6 16.8 30.5
      vertex 6 16.8 82.5
    endloop
  endfacet
  facet normal -1 0 0
    outer loop
      vertex 6 15 30.5
      vertex 6 16.8 82.5
      vertex 6 16.8 30.5
    endloop
  endfacet
  facet normal -1 -0 0
    outer loop
      vertex 6 16.8 82.5
      vertex 6 15 30.5
      vertex 6 15 82.5
    endloop
  endfacet
  facet normal -0 0 1
    outer loop
      vertex 3.6 20 30.5
      vertex 6 16.8 30.5
      vertex 6 20 30.5
    endloop
  endfacet
  facet normal 0 0 1
    outer loop
      vertex 6 16.8 30.5
      vertex 3.6 20 30.5
      vertex 3.6 16.8 30.5
    endloop
  endfacet
  facet normal -0 0 1
    outer loop
      vertex 3.6 16.8 30.5
      vertex 6 15 30.5
      vertex 6 16.8 30.5
    endloop
  endfacet
  facet normal 0 0 1
    outer loop
      vertex 6 15 30.5
      vertex 3.6 16.8 30.5
      vertex 3.6 15 30.5
    endloop
  endfacet
  facet normal 1 -0 0
    outer loop
      vertex 8.4 16.8 82.5
      vertex 8.4 20 30.5
      vertex 8.4 20 82.5
    endloop
  endfacet
  facet normal 1 0 0
    outer loop
      vertex 8.4 20 30.5
      vertex 8.4 16.8 82.5
      vertex 8.4 16.8 30.5
    endloop
  endfacet
  facet normal 1 -0 0
    outer loop
      vertex 8.4 15 82.5
      vertex 8.4 16.8 30.5
      vertex 8.4 16.8 82.5
    endloop
  endfacet
  facet normal 1 0 0
    outer loop
      vertex 8.4 16.8 30.5
      vertex 8.4 15 82.5
      vertex 8.4 15 30.5
    endloop
  endfacet
  facet normal 0 0 -1
    outer loop
      vertex 8.4 16.8 82.5
      vertex 10.8 20 82.5
      vertex 10.8 16.8 82.5
    endloop
  endfacet
  facet normal -0 0 -1
    outer loop
      vertex 10.8 20 82.5
      vertex 8.4 16.8 82.5
      vertex 8.4 20 82.5
    endloop
  endfacet
  facet normal 0 0 -1
    outer loop
      vertex 8.4 15 82.5
      vertex 10.8 16.8 82.5
      vertex 10.8 15 82.5
    endloop
  endfacet
  facet normal -0 0 -1
    outer loop
      vertex 10.8 16.8 82.5
      vertex 8.4 15 82.5
      vertex 8.4 16.8 82.5
    endloop
  endfacet
  facet normal -1 0 0
    outer loop
      vertex 10.8 16.8 30.5
      vertex 10.8 20 82.5
      vertex 10.8 20 30.5
    endloop
  endfacet
  facet normal -1 -0 0
    outer loop
      vertex 10.8 20 82.5
      vertex 10.8 16.8 30.5
      vertex 10.8 16.8 82.5
    endloop
  endfacet
  facet normal -1 0 0
    outer loop
      vertex 10.8 15 30.5
      vertex 10.8 16.8 82.5
      vertex 10.8 16.8 30.5
    endloop
  endfacet
  facet normal -1 -0 0
    outer loop
      vertex 10.8 16.8 82.5
      vertex 10.8 15 30.5
      vertex 10.8 15 82.5
    endloop
  endfacet
  facet normal -0 0 1
    outer loop
      vertex 8.4 20 30.5
      vertex 10.8 16.8 30.5
      vertex 10.8 20 30.5
    endloop
  endfacet
  facet normal 0 0 1
    outer loop
      vertex 10.8 16.8 30.5
      vertex 8.4 20 30.5
      vertex 8.4 16.8 30.5
    endloop
  endfacet
  facet normal -0 0 1
    outer loop
      vertex 8.4 16.8 30.5
      vertex 10.8 15 30.5
      vertex 10.8 16.8 30.5
    endloop
  endfacet
  facet normal 0 0 1
    outer loop
      vertex 10.8 15 30.5
      vertex 8.4 16.8 30.5
      vertex 8.4 15 30.5
    endloop
  endfacet
  facet normal 1 -0 0
    outer loop
      vertex 13.2 16.8 82.5
      vertex 13.2 20 30.5
      vertex 13.2 20 82.5
    endloop
  endfacet
  facet normal 1 0 0
    outer loop
      vertex 13.2 20 30.5
      vertex 13.2 16.8 82.5
      vertex 13.2 16.8 30.5
    endloop
  endfacet
  facet normal 1 -0 0
    outer loop
      vertex 13.2 15 82.5
      vertex 13.2 16.8 30.5
      vertex 13.2 16.8 82.5
    endloop
  endfacet
  facet normal 1 0 0
    outer loop
      vertex 13.2 16.8 30.5
      vertex 13.2 15 82.5
      vertex 13.2 15 30.5
    endloop
  endfacet
  facet normal 0 0 -1
    outer loop
      vertex 13.2 16.8 82.5
      vertex 15.6 20 82.5
      vertex 15.6 16.8 82.5
    endloop
  endfacet
  facet normal -0 0 -1
    outer loop
      vertex 15.6 20 82.5
      vertex 13.2 16.8 82.5
      vertex 13.2 20 82.5
    endloop
  endfacet
  facet normal 0 0 -1
    outer loop
      vertex 13.2 15 82.5
      vertex 15.6 16.8 82.5
      vertex 15.6 15 82.5
    endloop
  endfacet
  facet normal -0 0 -1
    outer loop
      vertex 15.6 16.8 82.5
      vertex 13.2 15 82.5
      vertex 13.2 16.8 82.5
    endloop
  endfacet
  facet normal -1 0 0
    outer loop
      vertex 15.6 16.8 30.5
      vertex 15.6 20 82.5
      vertex 15.6 20 30.5
    endloop
  endfacet
  facet normal -1 -0 0
    outer loop
      vertex 15.6 20 82.5
      vertex 15.6 16.8 30.5
      vertex 15.6 16.8 82.5
    endloop
  endfacet
  facet normal -1 0 0
    outer loop
      vertex 15.6 15 30.5
      vertex 15.6 16.8 82.5
      vertex 15.6 16.8 30.5
    endloop
  endfacet
  facet normal -1 -0 0
    outer loop
      vertex 15.6 16.8 82.5
      vertex 15.6 15 30.5
      vertex 15.6 15 82.5
    endloop
  endfacet
  facet normal -0 0 1
    outer loop
      vertex 13.2 20 30.5
      vertex 15.6 16.8 30.5
      vertex 15.6 20 30.5
    endloop
  endfacet
  facet normal 0 0 1
    outer loop
      vertex 15.6 16.8 30.5
      vertex 13.2 20 30.5
      vertex 13.2 16.8 30.5
    endloop
  endfacet
  facet normal -0 0 1
    outer loop
      vertex 13.2 16.8 30.5
      vertex 15.6 15 30.5
      vertex 15.6 16.8 30.5
    endloop
  endfacet
  facet normal 0 0 1
    outer loop
      vertex 15.6 15 30.5
      vertex 13.2 16.8 30.5
      vertex 13.2 15 30.5
    endloop
  endfacet
  facet normal 1 -0 0
    outer loop
      vertex 18 16.8 82.5
      vertex 18 20 30.5
      vertex 18 20 82.5
    endloop
  endfacet
  facet normal 1 0 0
    outer loop
      vertex 18 20 30.5
      vertex 18 16.8 82.5
      vertex 18 16.8 30.5
    endloop
  endfacet
  facet normal 1 -0 0
    outer loop
      vertex 18 15 82.5
      vertex 18 16.8 30.5
      vertex 18 16.8 82.5
    endloop
  endfacet
  facet normal 1 0 0
    outer loop
      vertex 18 16.8 30.5
      vertex 18 15 82.5
      vertex 18 15 30.5
    endloop
  endfacet
  facet normal 0 0 -1
    outer loop
      vertex 18 16.8 82.5
      vertex 20.4 20 82.5
      vertex 20.4 16.8 82.5
    endloop
  endfacet
  facet normal -0 0 -1
    outer loop
      vertex 20.4 20 82.5
      vertex 18 16.8 82.5
      vertex 18 20 82.5
    endloop
  endfacet
  facet normal 0 0 -1
    outer loop
      vertex 18 15 82.5
      vertex 20.4 16.8 82.5
      vertex 20.4 15 82.5
    endloop
  endfacet
  facet normal -0 0 -1
    outer loop
      vertex 20.4 16.8 82.5
      vertex 18 15 82.5
      vertex 18 16.8 82.5
    endloop
  endfacet
  facet normal -1 0 0
    outer loop
      vertex 20.4 16.8 30.5
      vertex 20.4 20 82.5
      vertex 20.4 20 30.5
    endloop
  endfacet
  facet normal -1 -0 0
    outer loop
      vertex 20.4 20 82.5
      vertex 20.4 16.8 30.5
      vertex 20.4 16.8 82.5
    endloop
  endfacet
  facet normal -1 0 0
    outer loop
      vertex 20.4 15 30.5
      vertex 20.4 16.8 82.5
      vertex 20.4 16.8 30.5
    endloop
  endfacet
  facet normal -1 -0 0
    outer loop
      vertex 20.4 16.8 82.5
      vertex 20.4 15 30.5
      vertex 20.4 15 82.5
    endloop
  endfacet
  facet normal -0 0 1
    outer loop
      vertex 18 20 30.5
      vertex 20.4 16.8 30.5
      vertex 20.4 20 30.5
    endloop
  endfacet
  facet normal 0 0 1
    outer loop
      vertex 20.4 16.8 30.5
      vertex 18 20 30.5
      vertex 18 16.8 30.5
    endloop
  endfacet
  facet normal -0 0 1
    outer loop
      vertex 18 16.8 30.5
      vertex 20.4 15 30.5
      vertex 20.4 16.8 30.5
    endloop
  endfacet
  facet normal 0 0 1
    outer loop
      vertex 20.4 15 30.5
      vertex 18 16.8 30.5
      vertex 18 15 30.5
    endloop
  endfacet
  facet normal -0.875271 0 0.483632
    outer loop
      vertex -22.7985 17.2 9.11672
      vertex -22.6575 19.2 9.3719
      vertex -22.7985 19.2 9.11672
    endloop
  endfacet
  facet normal -0.875271 0 0.483632
    outer loop
      vertex -22.6575 19.2 9.3719
      vertex -22.7985 17.2 9.11672
      vertex -22.6575 17.2 9.3719
    endloop
  endfacet
  facet normal -0.276882 0 0.960904
    outer loop
      vertex -24.4214 19.2 7.96519
      vertex -24.1413 17.2 8.0459
      vertex -24.1413 19.2 8.0459
    endloop
  endfacet
  facet normal -0.276882 0 0.960904
    outer loop
      vertex -24.1413 17.2 8.0459
      vertex -24.4214 19.2 7.96519
      vertex -24.4214 17.2 7.96519
    endloop
  endfacet
  facet normal 0.382657 0 0.923891
    outer loop
      vertex -26.1281 19.2 8.15748
      vertex -25.8587 17.2 8.0459
      vertex -25.8587 19.2 8.0459
    endloop
  endfacet
  facet normal 0.382657 0 0.923891
    outer loop
      vertex -25.8587 17.2 8.0459
      vertex -26.1281 19.2 8.15748
      vertex -26.1281 17.2 8.15748
    endloop
  endfacet
  facet normal 0.923851 -0 0.382752
    outer loop
      vertex -27.4541 17.2 9.64127
      vertex -27.3425 19.2 9.3719
      vertex -27.4541 19.2 9.64127
    endloop
  endfacet
  facet normal 0.923851 0 0.382752
    outer loop
      vertex -27.3425 19.2 9.3719
      vertex -27.4541 17.2 9.64127
      vertex -27.3425 17.2 9.3719
    endloop
  endfacet
  facet normal -0.998436 0 -0.0559069
    outer loop
      vertex -22.4 17.2 10.5
      vertex -22.4163 19.2 10.7911
      vertex -22.4 19.2 10.5
    endloop
  endfacet
  facet normal -0.998436 -0 -0.0559069
    outer loop
      vertex -22.4163 19.2 10.7911
      vertex -22.4 17.2 10.5
      vertex -22.4163 17.2 10.7911
    endloop
  endfacet
  facet normal -0.382715 0 -0.923866
    outer loop
      vertex -24.1413 17.2 12.9541
      vertex -23.8719 19.2 12.8425
      vertex -23.8719 17.2 12.8425
    endloop
  endfacet
  facet normal -0.382715 0 -0.923866
    outer loop
      vertex -23.8719 19.2 12.8425
      vertex -24.1413 17.2 12.9541
      vertex -24.1413 19.2 12.9541
    endloop
  endfacet
  facet normal -0.0560779 0 0.998426
    outer loop
      vertex -25 19.2 7.9
      vertex -24.7089 17.2 7.91635
      vertex -24.7089 19.2 7.91635
    endloop
  endfacet
  facet normal -0.0560779 0 0.998426
    outer loop
      vertex -24.7089 17.2 7.91635
      vertex -25 19.2 7.9
      vertex -25 17.2 7.9
    endloop
  endfacet
  facet normal 0.998436 -0 0.0559069
    outer loop
      vertex -27.6 17.2 10.5
      vertex -27.5837 19.2 10.2089
      vertex -27.6 19.2 10.5
    endloop
  endfacet
  facet normal 0.998436 0 0.0559069
    outer loop
      vertex -27.5837 19.2 10.2089
      vertex -27.6 17.2 10.5
      vertex -27.5837 17.2 10.2089
    endloop
  endfacet
  facet normal 0.985838 -0 0.167701
    outer loop
      vertex -27.5837 17.2 10.2089
      vertex -27.5348 19.2 9.92144
      vertex -27.5837 19.2 10.2089
    endloop
  endfacet
  facet normal 0.985838 0 0.167701
    outer loop
      vertex -27.5348 19.2 9.92144
      vertex -27.5837 17.2 10.2089
      vertex -27.5348 17.2 9.92144
    endloop
  endfacet
  facet normal 0.815595 -0 0.578623
    outer loop
      vertex -27.2015 17.2 9.11672
      vertex -27.0328 19.2 8.87893
      vertex -27.2015 19.2 9.11672
    endloop
  endfacet
  facet normal 0.815595 0 0.578623
    outer loop
      vertex -27.0328 19.2 8.87893
      vertex -27.2015 17.2 9.11672
      vertex -27.0328 17.2 8.87893
    endloop
  endfacet
  facet normal 0.167479 0 0.985876
    outer loop
      vertex -25.5786 19.2 7.96519
      vertex -25.2911 17.2 7.91635
      vertex -25.2911 19.2 7.91635
    endloop
  endfacet
  facet normal 0.167479 0 0.985876
    outer loop
      vertex -25.2911 17.2 7.91635
      vertex -25.5786 19.2 7.96519
      vertex -25.5786 17.2 7.96519
    endloop
  endfacet
  facet normal 0.666346 0 0.745643
    outer loop
      vertex -26.8385 19.2 8.66152
      vertex -26.6211 17.2 8.46724
      vertex -26.6211 19.2 8.46724
    endloop
  endfacet
  facet normal 0.666346 0 0.745643
    outer loop
      vertex -26.6211 17.2 8.46724
      vertex -26.8385 19.2 8.66152
      vertex -26.8385 17.2 8.66152
    endloop
  endfacet
  facet normal -0.985842 0 -0.167679
    outer loop
      vertex -22.4163 17.2 10.7911
      vertex -22.4652 19.2 11.0786
      vertex -22.4163 19.2 10.7911
    endloop
  endfacet
  facet normal -0.985842 -0 -0.167679
    outer loop
      vertex -22.4652 19.2 11.0786
      vertex -22.4163 17.2 10.7911
      vertex -22.4652 17.2 11.0786
    endloop
  endfacet
  facet normal 0.167679 0 -0.985842
    outer loop
      vertex -25.5786 17.2 13.0348
      vertex -25.2911 19.2 13.0837
      vertex -25.2911 17.2 13.0837
    endloop
  endfacet
  facet normal 0.167679 0 -0.985842
    outer loop
      vertex -25.2911 19.2 13.0837
      vertex -25.5786 17.2 13.0348
      vertex -25.5786 19.2 13.0348
    endloop
  endfacet
  facet normal -0.27685 0 -0.960913
    outer loop
      vertex -24.4214 17.2 13.0348
      vertex -24.1413 19.2 12.9541
      vertex -24.1413 17.2 12.9541
    endloop
  endfacet
  facet normal -0.27685 0 -0.960913
    outer loop
      vertex -24.1413 19.2 12.9541
      vertex -24.4214 17.2 13.0348
      vertex -24.4214 19.2 13.0348
    endloop
  endfacet
  facet normal -0.815595 0 0.578623
    outer loop
      vertex -22.9672 17.2 8.87893
      vertex -22.7985 19.2 9.11672
      vertex -22.9672 19.2 8.87893
    endloop
  endfacet
  facet normal -0.815595 0 0.578623
    outer loop
      vertex -22.7985 19.2 9.11672
      vertex -22.9672 17.2 8.87893
      vertex -22.7985 17.2 9.11672
    endloop
  endfacet
  facet normal -0.666346 0 0.745643
    outer loop
      vertex -23.3789 19.2 8.46724
      vertex -23.1615 17.2 8.66152
      vertex -23.1615 19.2 8.66152
    endloop
  endfacet
  facet normal -0.666346 0 0.745643
    outer loop
      vertex -23.1615 17.2 8.66152
      vertex -23.3789 19.2 8.46724
      vertex -23.3789 17.2 8.46724
    endloop
  endfacet
  facet normal 0.0560779 0 0.998426
    outer loop
      vertex -25.2911 19.2 7.91635
      vertex -25 17.2 7.9
      vertex -25 19.2 7.9
    endloop
  endfacet
  facet normal 0.0560779 0 0.998426
    outer loop
      vertex -25 17.2 7.9
      vertex -25.2911 19.2 7.91635
      vertex -25.2911 17.2 7.91635
    endloop
  endfacet
  facet normal -0.167479 0 0.985876
    outer loop
      vertex -24.7089 19.2 7.91635
      vertex -24.4214 17.2 7.96519
      vertex -24.4214 19.2 7.96519
    endloop
  endfacet
  facet normal -0.167479 0 0.985876
    outer loop
      vertex -24.4214 17.2 7.96519
      vertex -24.7089 19.2 7.91635
      vertex -24.7089 17.2 7.91635
    endloop
  endfacet
  facet normal -0.578653 0 0.815574
    outer loop
      vertex -23.6167 19.2 8.29852
      vertex -23.3789 17.2 8.46724
      vertex -23.3789 19.2 8.46724
    endloop
  endfacet
  facet normal -0.578653 0 0.815574
    outer loop
      vertex -23.3789 17.2 8.46724
      vertex -23.6167 19.2 8.29852
      vertex -23.6167 17.2 8.29852
    endloop
  endfacet
  facet normal -0.483708 0 0.875229
    outer loop
      vertex -23.8719 19.2 8.15748
      vertex -23.6167 17.2 8.29852
      vertex -23.6167 19.2 8.29852
    endloop
  endfacet
  facet normal -0.483708 0 0.875229
    outer loop
      vertex -23.6167 17.2 8.29852
      vertex -23.8719 19.2 8.15748
      vertex -23.8719 17.2 8.15748
    endloop
  endfacet
  facet normal 0 -1 0
    outer loop
      vertex -25.2911 19.2 13.0837
      vertex -24.7089 19.2 13.0837
      vertex -25 19.2 13.1
    endloop
  endfacet
  facet normal 0 -1 0
    outer loop
      vertex -25.5786 19.2 13.0348
      vertex -24.7089 19.2 13.0837
      vertex -25.2911 19.2 13.0837
    endloop
  endfacet
  facet normal 0 -1 0
    outer loop
      vertex -25.5786 19.2 13.0348
      vertex -24.4214 19.2 13.0348
      vertex -24.7089 19.2 13.0837
    endloop
  endfacet
  facet normal 0 -1 0
    outer loop
      vertex -25.8587 19.2 12.9541
      vertex -24.4214 19.2 13.0348
      vertex -25.5786 19.2 13.0348
    endloop
  endfacet
  facet normal 0 -1 0
    outer loop
      vertex -25.8587 19.2 12.9541
      vertex -24.1413 19.2 12.9541
      vertex -24.4214 19.2 13.0348
    endloop
  endfacet
  facet normal 0 -1 0
    outer loop
      vertex -26.1281 19.2 12.8425
      vertex -24.1413 19.2 12.9541
      vertex -25.8587 19.2 12.9541
    endloop
  endfacet
  facet normal 0 -1 0
    outer loop
      vertex -26.1281 19.2 12.8425
      vertex -23.8719 19.2 12.8425
      vertex -24.1413 19.2 12.9541
    endloop
  endfacet
  facet normal 0 -1 0
    outer loop
      vertex -26.3833 19.2 12.7015
      vertex -23.8719 19.2 12.8425
      vertex -26.1281 19.2 12.8425
    endloop
  endfacet
  facet normal 0 -1 0
    outer loop
      vertex -26.3833 19.2 12.7015
      vertex -23.6167 19.2 12.7015
      vertex -23.8719 19.2 12.8425
    endloop
  endfacet
  facet normal 0 -1 0
    outer loop
      vertex -26.6211 19.2 12.5328
      vertex -23.6167 19.2 12.7015
      vertex -26.3833 19.2 12.7015
    endloop
  endfacet
  facet normal 0 -1 0
    outer loop
      vertex -26.6211 19.2 12.5328
      vertex -23.3789 19.2 12.5328
      vertex -23.6167 19.2 12.7015
    endloop
  endfacet
  facet normal 0 -1 0
    outer loop
      vertex -26.8385 19.2 12.3385
      vertex -23.3789 19.2 12.5328
      vertex -26.6211 19.2 12.5328
    endloop
  endfacet
  facet normal 0 -1 0
    outer loop
      vertex -26.8385 19.2 12.3385
      vertex -23.1615 19.2 12.3385
      vertex -23.3789 19.2 12.5328
    endloop
  endfacet
  facet normal 0 -1 0
    outer loop
      vertex -27.0328 19.2 12.1211
      vertex -23.1615 19.2 12.3385
      vertex -26.8385 19.2 12.3385
    endloop
  endfacet
  facet normal 0 -1 0
    outer loop
      vertex -27.0328 19.2 12.1211
      vertex -22.9672 19.2 12.1211
      vertex -23.1615 19.2 12.3385
    endloop
  endfacet
  facet normal 0 -1 0
    outer loop
      vertex -27.2015 19.2 11.8833
      vertex -22.9672 19.2 12.1211
      vertex -27.0328 19.2 12.1211
    endloop
  endfacet
  facet normal 0 -1 0
    outer loop
      vertex -27.2015 19.2 11.8833
      vertex -22.7985 19.2 11.8833
      vertex -22.9672 19.2 12.1211
    endloop
  endfacet
  facet normal 0 -1 0
    outer loop
      vertex -27.3425 19.2 11.6281
      vertex -22.7985 19.2 11.8833
      vertex -27.2015 19.2 11.8833
    endloop
  endfacet
  facet normal 0 -1 0
    outer loop
      vertex -27.3425 19.2 11.6281
      vertex -22.6575 19.2 11.6281
      vertex -22.7985 19.2 11.8833
    endloop
  endfacet
  facet normal 0 -1 0
    outer loop
      vertex -27.4541 19.2 11.3587
      vertex -22.6575 19.2 11.6281
      vertex -27.3425 19.2 11.6281
    endloop
  endfacet
  facet normal 0 -1 0
    outer loop
      vertex -27.4541 19.2 11.3587
      vertex -22.5459 19.2 11.3587
      vertex -22.6575 19.2 11.6281
    endloop
  endfacet
  facet normal 0 -1 0
    outer loop
      vertex -27.5348 19.2 11.0786
      vertex -22.5459 19.2 11.3587
      vertex -27.4541 19.2 11.3587
    endloop
  endfacet
  facet normal 0 -1 0
    outer loop
      vertex -27.5348 19.2 11.0786
      vertex -22.4652 19.2 11.0786
      vertex -22.5459 19.2 11.3587
    endloop
  endfacet
  facet normal 0 -1 0
    outer loop
      vertex -27.5837 19.2 10.7911
      vertex -22.4652 19.2 11.0786
      vertex -27.5348 19.2 11.0786
    endloop
  endfacet
  facet normal 0 -1 0
    outer loop
      vertex -27.5837 19.2 10.7911
      vertex -22.4163 19.2 10.7911
      vertex -22.4652 19.2 11.0786
    endloop
  endfacet
  facet normal 0 -1 0
    outer loop
      vertex -27.6 19.2 10.5
      vertex -22.4163 19.2 10.7911
      vertex -27.5837 19.2 10.7911
    endloop
  endfacet
  facet normal 0 -1 0
    outer loop
      vertex -27.6 19.2 10.5
      vertex -22.4 19.2 10.5
      vertex -22.4163 19.2 10.7911
    endloop
  endfacet
  facet normal 0 -1 0
    outer loop
      vertex -27.5837 19.2 10.2089
      vertex -22.4 19.2 10.5
      vertex -27.6 19.2 10.5
    endloop
  endfacet
  facet normal 0 -1 0
    outer loop
      vertex -27.5837 19.2 10.2089
      vertex -22.4163 19.2 10.2089
      vertex -22.4 19.2 10.5
    endloop
  endfacet
  facet normal 0 -1 0
    outer loop
      vertex -27.5348 19.2 9.92144
      vertex -22.4163 19.2 10.2089
      vertex -27.5837 19.2 10.2089
    endloop
  endfacet
  facet normal 0 -1 0
    outer loop
      vertex -27.5348 19.2 9.92144
      vertex -22.4652 19.2 9.92144
      vertex -22.4163 19.2 10.2089
    endloop
  endfacet
  facet normal 0 -1 0
    outer loop
      vertex -27.4541 19.2 9.64127
      vertex -22.4652 19.2 9.92144
      vertex -27.5348 19.2 9.92144
    endloop
  endfacet
  facet normal 0 -1 0
    outer loop
      vertex -27.4541 19.2 9.64127
      vertex -22.5459 19.2 9.64127
      vertex -22.4652 19.2 9.92144
    endloop
  endfacet
  facet normal 0 -1 0
    outer loop
      vertex -27.3425 19.2 9.3719
      vertex -22.5459 19.2 9.64127
      vertex -27.4541 19.2 9.64127
    endloop
  endfacet
  facet normal 0 -1 0
    outer loop
      vertex -27.3425 19.2 9.3719
      vertex -22.6575 19.2 9.3719
      vertex -22.5459 19.2 9.64127
    endloop
  endfacet
  facet normal 0 -1 0
    outer loop
      vertex -27.2015 19.2 9.11672
      vertex -22.6575 19.2 9.3719
      vertex -27.3425 19.2 9.3719
    endloop
  endfacet
  facet normal 0 -1 0
    outer loop
      vertex -27.2015 19.2 9.11672
      vertex -22.7985 19.2 9.11672
      vertex -22.6575 19.2 9.3719
    endloop
  endfacet
  facet normal 0 -1 0
    outer loop
      vertex -27.0328 19.2 8.87893
      vertex -22.7985 19.2 9.11672
      vertex -27.2015 19.2 9.11672
    endloop
  endfacet
  facet normal 0 -1 0
    outer loop
      vertex -27.0328 19.2 8.87893
      vertex -22.9672 19.2 8.87893
      vertex -22.7985 19.2 9.11672
    endloop
  endfacet
  facet normal 0 -1 0
    outer loop
      vertex -26.8385 19.2 8.66152
      vertex -22.9672 19.2 8.87893
      vertex -27.0328 19.2 8.87893
    endloop
  endfacet
  facet normal 0 -1 0
    outer loop
      vertex -26.8385 19.2 8.66152
      vertex -23.1615 19.2 8.66152
      vertex -22.9672 19.2 8.87893
    endloop
  endfacet
  facet normal 0 -1 0
    outer loop
      vertex -26.6211 19.2 8.46724
      vertex -23.1615 19.2 8.66152
      vertex -26.8385 19.2 8.66152
    endloop
  endfacet
  facet normal 0 -1 0
    outer loop
      vertex -26.6211 19.2 8.46724
      vertex -23.3789 19.2 8.46724
      vertex -23.1615 19.2 8.66152
    endloop
  endfacet
  facet normal 0 -1 0
    outer loop
      vertex -26.3833 19.2 8.29852
      vertex -23.3789 19.2 8.46724
      vertex -26.6211 19.2 8.46724
    endloop
  endfacet
  facet normal 0 -1 0
    outer loop
      vertex -26.3833 19.2 8.29852
      vertex -23.6167 19.2 8.29852
      vertex -23.3789 19.2 8.46724
    endloop
  endfacet
  facet normal 0 -1 0
    outer loop
      vertex -26.1281 19.2 8.15748
      vertex -23.6167 19.2 8.29852
      vertex -26.3833 19.2 8.29852
    endloop
  endfacet
  facet normal 0 -1 0
    outer loop
      vertex -26.1281 19.2 8.15748
      vertex -23.8719 19.2 8.15748
      vertex -23.6167 19.2 8.29852
    endloop
  endfacet
  facet normal 0 -1 0
    outer loop
      vertex -25.8587 19.2 8.0459
      vertex -23.8719 19.2 8.15748
      vertex -26.1281 19.2 8.15748
    endloop
  endfacet
  facet normal 0 -1 0
    outer loop
      vertex -25.8587 19.2 8.0459
      vertex -24.1413 19.2 8.0459
      vertex -23.8719 19.2 8.15748
    endloop
  endfacet
  facet normal 0 -1 0
    outer loop
      vertex -25.5786 19.2 7.96519
      vertex -24.1413 19.2 8.0459
      vertex -25.8587 19.2 8.0459
    endloop
  endfacet
  facet normal 0 -1 0
    outer loop
      vertex -25.5786 19.2 7.96519
      vertex -24.4214 19.2 7.96519
      vertex -24.1413 19.2 8.0459
    endloop
  endfacet
  facet normal 0 -1 0
    outer loop
      vertex -25.2911 19.2 7.91635
      vertex -24.4214 19.2 7.96519
      vertex -25.5786 19.2 7.96519
    endloop
  endfacet
  facet normal 0 -1 0
    outer loop
      vertex -25.2911 19.2 7.91635
      vertex -24.7089 19.2 7.91635
      vertex -24.4214 19.2 7.96519
    endloop
  endfacet
  facet normal -0 -1 0
    outer loop
      vertex -24.7089 19.2 7.91635
      vertex -25.2911 19.2 7.91635
      vertex -25 19.2 7.9
    endloop
  endfacet
  facet normal 0.875271 -0 0.483632
    outer loop
      vertex -27.3425 17.2 9.3719
      vertex -27.2015 19.2 9.11672
      vertex -27.3425 19.2 9.3719
    endloop
  endfacet
  facet normal 0.875271 0 0.483632
    outer loop
      vertex -27.2015 19.2 9.11672
      vertex -27.3425 17.2 9.3719
      vertex -27.2015 17.2 9.11672
    endloop
  endfacet
  facet normal 0.483708 0 0.875229
    outer loop
      vertex -26.3833 19.2 8.29852
      vertex -26.1281 17.2 8.15748
      vertex -26.1281 19.2 8.15748
    endloop
  endfacet
  facet normal 0.483708 0 0.875229
    outer loop
      vertex -26.1281 17.2 8.15748
      vertex -26.3833 19.2 8.29852
      vertex -26.3833 17.2 8.29852
    endloop
  endfacet
  facet normal 0.578653 0 0.815574
    outer loop
      vertex -26.6211 19.2 8.46724
      vertex -26.3833 17.2 8.29852
      vertex -26.3833 19.2 8.29852
    endloop
  endfacet
  facet normal 0.578653 0 0.815574
    outer loop
      vertex -26.3833 17.2 8.29852
      vertex -26.6211 19.2 8.46724
      vertex -26.6211 17.2 8.46724
    endloop
  endfacet
  facet normal 0.745624 -0 0.666367
    outer loop
      vertex -27.0328 17.2 8.87893
      vertex -26.8385 19.2 8.66152
      vertex -27.0328 19.2 8.87893
    endloop
  endfacet
  facet normal 0.745624 0 0.666367
    outer loop
      vertex -26.8385 19.2 8.66152
      vertex -27.0328 17.2 8.87893
      vertex -26.8385 17.2 8.66152
    endloop
  endfacet
  facet normal -0.998436 0 0.0559069
    outer loop
      vertex -22.4163 17.2 10.2089
      vertex -22.4 19.2 10.5
      vertex -22.4163 19.2 10.2089
    endloop
  endfacet
  facet normal -0.998436 0 0.0559069
    outer loop
      vertex -22.4 19.2 10.5
      vertex -22.4163 17.2 10.2089
      vertex -22.4 17.2 10.5
    endloop
  endfacet
  facet normal 0.960913 0 -0.27685
    outer loop
      vertex -27.4541 17.2 11.3587
      vertex -27.5348 19.2 11.0786
      vertex -27.4541 19.2 11.3587
    endloop
  endfacet
  facet normal 0.960913 0 -0.27685
    outer loop
      vertex -27.5348 19.2 11.0786
      vertex -27.4541 17.2 11.3587
      vertex -27.5348 17.2 11.0786
    endloop
  endfacet
  facet normal -0.167679 0 -0.985842
    outer loop
      vertex -24.7089 17.2 13.0837
      vertex -24.4214 19.2 13.0348
      vertex -24.4214 17.2 13.0348
    endloop
  endfacet
  facet normal -0.167679 0 -0.985842
    outer loop
      vertex -24.4214 19.2 13.0348
      vertex -24.7089 17.2 13.0837
      vertex -24.7089 19.2 13.0837
    endloop
  endfacet
  facet normal -0.923851 0 0.382752
    outer loop
      vertex -22.6575 17.2 9.3719
      vertex -22.5459 19.2 9.64127
      vertex -22.6575 19.2 9.3719
    endloop
  endfacet
  facet normal -0.923851 0 0.382752
    outer loop
      vertex -22.5459 19.2 9.64127
      vertex -22.6575 17.2 9.3719
      vertex -22.5459 17.2 9.64127
    endloop
  endfacet
  facet normal -0.960932 0 0.276786
    outer loop
      vertex -22.5459 17.2 9.64127
      vertex -22.4652 19.2 9.92144
      vertex -22.5459 19.2 9.64127
    endloop
  endfacet
  facet normal -0.960932 0 0.276786
    outer loop
      vertex -22.4652 19.2 9.92144
      vertex -22.5459 17.2 9.64127
      vertex -22.4652 17.2 9.92144
    endloop
  endfacet
  facet normal -0.985838 0 0.167701
    outer loop
      vertex -22.4652 17.2 9.92144
      vertex -22.4163 19.2 10.2089
      vertex -22.4652 19.2 9.92144
    endloop
  endfacet
  facet normal -0.985838 0 0.167701
    outer loop
      vertex -22.4163 19.2 10.2089
      vertex -22.4652 17.2 9.92144
      vertex -22.4163 17.2 10.2089
    endloop
  endfacet
  facet normal -0.745624 0 0.666367
    outer loop
      vertex -23.1615 17.2 8.66152
      vertex -22.9672 19.2 8.87893
      vertex -23.1615 19.2 8.66152
    endloop
  endfacet
  facet normal -0.745624 0 0.666367
    outer loop
      vertex -22.9672 19.2 8.87893
      vertex -23.1615 17.2 8.66152
      vertex -22.9672 17.2 8.87893
    endloop
  endfacet
  facet normal -0.382657 0 0.923891
    outer loop
      vertex -24.1413 19.2 8.0459
      vertex -23.8719 17.2 8.15748
      vertex -23.8719 19.2 8.15748
    endloop
  endfacet
  facet normal -0.382657 0 0.923891
    outer loop
      vertex -23.8719 17.2 8.15748
      vertex -24.1413 19.2 8.0459
      vertex -24.1413 17.2 8.0459
    endloop
  endfacet
  facet normal 0.960932 -0 0.276786
    outer loop
      vertex -27.5348 17.2 9.92144
      vertex -27.4541 19.2 9.64127
      vertex -27.5348 19.2 9.92144
    endloop
  endfacet
  facet normal 0.960932 0 0.276786
    outer loop
      vertex -27.4541 19.2 9.64127
      vertex -27.5348 17.2 9.92144
      vertex -27.4541 17.2 9.64127
    endloop
  endfacet
  facet normal 0.276882 0 0.960904
    outer loop
      vertex -25.8587 19.2 8.0459
      vertex -25.5786 17.2 7.96519
      vertex -25.5786 19.2 7.96519
    endloop
  endfacet
  facet normal 0.276882 0 0.960904
    outer loop
      vertex -25.5786 17.2 7.96519
      vertex -25.8587 19.2 8.0459
      vertex -25.8587 17.2 8.0459
    endloop
  endfacet
  facet normal -0.666384 0 -0.745609
    outer loop
      vertex -23.3789 17.2 12.5328
      vertex -23.1615 19.2 12.3385
      vertex -23.1615 17.2 12.3385
    endloop
  endfacet
  facet normal -0.666384 0 -0.745609
    outer loop
      vertex -23.1615 19.2 12.3385
      vertex -23.3789 17.2 12.5328
      vertex -23.3789 19.2 12.5328
    endloop
  endfacet
  facet normal -0.923866 0 -0.382715
    outer loop
      vertex -22.5459 17.2 11.3587
      vertex -22.6575 19.2 11.6281
      vertex -22.5459 19.2 11.3587
    endloop
  endfacet
  facet normal -0.923866 -0 -0.382715
    outer loop
      vertex -22.6575 19.2 11.6281
      vertex -22.5459 17.2 11.3587
      vertex -22.6575 17.2 11.6281
    endloop
  endfacet
  facet normal -0.815606 0 -0.578607
    outer loop
      vertex -22.7985 17.2 11.8833
      vertex -22.9672 19.2 12.1211
      vertex -22.7985 19.2 11.8833
    endloop
  endfacet
  facet normal -0.815606 -0 -0.578607
    outer loop
      vertex -22.9672 19.2 12.1211
      vertex -22.7985 17.2 11.8833
      vertex -22.9672 17.2 12.1211
    endloop
  endfacet
  facet normal 0.0559069 0 -0.998436
    outer loop
      vertex -25.2911 17.2 13.0837
      vertex -25 19.2 13.1
      vertex -25 17.2 13.1
    endloop
  endfacet
  facet normal 0.0559069 0 -0.998436
    outer loop
      vertex -25 19.2 13.1
      vertex -25.2911 17.2 13.0837
      vertex -25.2911 19.2 13.0837
    endloop
  endfacet
  facet normal 0.998436 0 -0.0559069
    outer loop
      vertex -27.5837 17.2 10.7911
      vertex -27.6 19.2 10.5
      vertex -27.5837 19.2 10.7911
    endloop
  endfacet
  facet normal 0.998436 0 -0.0559069
    outer loop
      vertex -27.6 19.2 10.5
      vertex -27.5837 17.2 10.7911
      vertex -27.6 17.2 10.5
    endloop
  endfacet
  facet normal 0.923866 0 -0.382715
    outer loop
      vertex -27.3425 17.2 11.6281
      vertex -27.4541 19.2 11.3587
      vertex -27.3425 19.2 11.6281
    endloop
  endfacet
  facet normal 0.923866 0 -0.382715
    outer loop
      vertex -27.4541 19.2 11.3587
      vertex -27.3425 17.2 11.6281
      vertex -27.4541 17.2 11.3587
    endloop
  endfacet
  facet normal 0.745609 0 -0.666384
    outer loop
      vertex -26.8385 17.2 12.3385
      vertex -27.0328 19.2 12.1211
      vertex -26.8385 19.2 12.3385
    endloop
  endfacet
  facet normal 0.745609 0 -0.666384
    outer loop
      vertex -27.0328 19.2 12.1211
      vertex -26.8385 17.2 12.3385
      vertex -27.0328 17.2 12.1211
    endloop
  endfacet
  facet normal -0.960913 0 -0.27685
    outer loop
      vertex -22.4652 17.2 11.0786
      vertex -22.5459 19.2 11.3587
      vertex -22.4652 19.2 11.0786
    endloop
  endfacet
  facet normal -0.960913 -0 -0.27685
    outer loop
      vertex -22.5459 19.2 11.3587
      vertex -22.4652 17.2 11.0786
      vertex -22.5459 17.2 11.3587
    endloop
  endfacet
  facet normal -0.875287 0 -0.483603
    outer loop
      vertex -22.6575 17.2 11.6281
      vertex -22.7985 19.2 11.8833
      vertex -22.6575 19.2 11.6281
    endloop
  endfacet
  facet normal -0.875287 -0 -0.483603
    outer loop
      vertex -22.7985 19.2 11.8833
      vertex -22.6575 17.2 11.6281
      vertex -22.7985 17.2 11.8833
    endloop
  endfacet
  facet normal -0.0559069 0 -0.998436
    outer loop
      vertex -25 17.2 13.1
      vertex -24.7089 19.2 13.0837
      vertex -24.7089 17.2 13.0837
    endloop
  endfacet
  facet normal -0.0559069 0 -0.998436
    outer loop
      vertex -24.7089 19.2 13.0837
      vertex -25 17.2 13.1
      vertex -25 19.2 13.1
    endloop
  endfacet
  facet normal 0 1 0
    outer loop
      vertex -24.7089 17.2 13.0837
      vertex -25.2911 17.2 13.0837
      vertex -25 17.2 13.1
    endloop
  endfacet
  facet normal 0 1 0
    outer loop
      vertex -24.4214 17.2 13.0348
      vertex -25.2911 17.2 13.0837
      vertex -24.7089 17.2 13.0837
    endloop
  endfacet
  facet normal 0 1 0
    outer loop
      vertex -24.4214 17.2 13.0348
      vertex -25.5786 17.2 13.0348
      vertex -25.2911 17.2 13.0837
    endloop
  endfacet
  facet normal 0 1 0
    outer loop
      vertex -24.1413 17.2 12.9541
      vertex -25.5786 17.2 13.0348
      vertex -24.4214 17.2 13.0348
    endloop
  endfacet
  facet normal 0 1 0
    outer loop
      vertex -24.1413 17.2 12.9541
      vertex -25.8587 17.2 12.9541
      vertex -25.5786 17.2 13.0348
    endloop
  endfacet
  facet normal 0 1 0
    outer loop
      vertex -23.8719 17.2 12.8425
      vertex -25.8587 17.2 12.9541
      vertex -24.1413 17.2 12.9541
    endloop
  endfacet
  facet normal 0 1 0
    outer loop
      vertex -23.8719 17.2 12.8425
      vertex -26.1281 17.2 12.8425
      vertex -25.8587 17.2 12.9541
    endloop
  endfacet
  facet normal 0 1 0
    outer loop
      vertex -23.6167 17.2 12.7015
      vertex -26.1281 17.2 12.8425
      vertex -23.8719 17.2 12.8425
    endloop
  endfacet
  facet normal 0 1 0
    outer loop
      vertex -23.6167 17.2 12.7015
      vertex -26.3833 17.2 12.7015
      vertex -26.1281 17.2 12.8425
    endloop
  endfacet
  facet normal 0 1 0
    outer loop
      vertex -23.3789 17.2 12.5328
      vertex -26.3833 17.2 12.7015
      vertex -23.6167 17.2 12.7015
    endloop
  endfacet
  facet normal 0 1 0
    outer loop
      vertex -23.3789 17.2 12.5328
      vertex -26.6211 17.2 12.5328
      vertex -26.3833 17.2 12.7015
    endloop
  endfacet
  facet normal 0 1 0
    outer loop
      vertex -23.1615 17.2 12.3385
      vertex -26.6211 17.2 12.5328
      vertex -23.3789 17.2 12.5328
    endloop
  endfacet
  facet normal 0 1 0
    outer loop
      vertex -23.1615 17.2 12.3385
      vertex -26.8385 17.2 12.3385
      vertex -26.6211 17.2 12.5328
    endloop
  endfacet
  facet normal 0 1 0
    outer loop
      vertex -22.9672 17.2 12.1211
      vertex -26.8385 17.2 12.3385
      vertex -23.1615 17.2 12.3385
    endloop
  endfacet
  facet normal 0 1 0
    outer loop
      vertex -22.9672 17.2 12.1211
      vertex -27.0328 17.2 12.1211
      vertex -26.8385 17.2 12.3385
    endloop
  endfacet
  facet normal 0 1 0
    outer loop
      vertex -22.7985 17.2 11.8833
      vertex -27.0328 17.2 12.1211
      vertex -22.9672 17.2 12.1211
    endloop
  endfacet
  facet normal 0 1 0
    outer loop
      vertex -22.7985 17.2 11.8833
      vertex -27.2015 17.2 11.8833
      vertex -27.0328 17.2 12.1211
    endloop
  endfacet
  facet normal 0 1 0
    outer loop
      vertex -22.6575 17.2 11.6281
      vertex -27.2015 17.2 11.8833
      vertex -22.7985 17.2 11.8833
    endloop
  endfacet
  facet normal 0 1 0
    outer loop
      vertex -22.6575 17.2 11.6281
      vertex -27.3425 17.2 11.6281
      vertex -27.2015 17.2 11.8833
    endloop
  endfacet
  facet normal 0 1 0
    outer loop
      vertex -22.5459 17.2 11.3587
      vertex -27.3425 17.2 11.6281
      vertex -22.6575 17.2 11.6281
    endloop
  endfacet
  facet normal 0 1 0
    outer loop
      vertex -22.5459 17.2 11.3587
      vertex -27.4541 17.2 11.3587
      vertex -27.3425 17.2 11.6281
    endloop
  endfacet
  facet normal 0 1 0
    outer loop
      vertex -22.4652 17.2 11.0786
      vertex -27.4541 17.2 11.3587
      vertex -22.5459 17.2 11.3587
    endloop
  endfacet
  facet normal 0 1 0
    outer loop
      vertex -22.4652 17.2 11.0786
      vertex -27.5348 17.2 11.0786
      vertex -27.4541 17.2 11.3587
    endloop
  endfacet
  facet normal 0 1 0
    outer loop
      vertex -22.4163 17.2 10.7911
      vertex -27.5348 17.2 11.0786
      vertex -22.4652 17.2 11.0786
    endloop
  endfacet
  facet normal 0 1 0
    outer loop
      vertex -22.4163 17.2 10.7911
      vertex -27.5837 17.2 10.7911
      vertex -27.5348 17.2 11.0786
    endloop
  endfacet
  facet normal 0 1 0
    outer loop
      vertex -22.4 17.2 10.5
      vertex -27.5837 17.2 10.7911
      vertex -22.4163 17.2 10.7911
    endloop
  endfacet
  facet normal 0 1 0
    outer loop
      vertex -22.4 17.2 10.5
      vertex -27.6 17.2 10.5
      vertex -27.5837 17.2 10.7911
    endloop
  endfacet
  facet normal 0 1 -0
    outer loop
      vertex -22.4163 17.2 10.2089
      vertex -27.6 17.2 10.5
      vertex -22.4 17.2 10.5
    endloop
  endfacet
  facet normal 0 1 0
    outer loop
      vertex -22.4163 17.2 10.2089
      vertex -27.5837 17.2 10.2089
      vertex -27.6 17.2 10.5
    endloop
  endfacet
  facet normal 0 1 -0
    outer loop
      vertex -22.4652 17.2 9.92144
      vertex -27.5837 17.2 10.2089
      vertex -22.4163 17.2 10.2089
    endloop
  endfacet
  facet normal 0 1 0
    outer loop
      vertex -22.4652 17.2 9.92144
      vertex -27.5348 17.2 9.92144
      vertex -27.5837 17.2 10.2089
    endloop
  endfacet
  facet normal 0 1 -0
    outer loop
      vertex -22.5459 17.2 9.64127
      vertex -27.5348 17.2 9.92144
      vertex -22.4652 17.2 9.92144
    endloop
  endfacet
  facet normal 0 1 0
    outer loop
      vertex -22.5459 17.2 9.64127
      vertex -27.4541 17.2 9.64127
      vertex -27.5348 17.2 9.92144
    endloop
  endfacet
  facet normal 0 1 -0
    outer loop
      vertex -22.6575 17.2 9.3719
      vertex -27.4541 17.2 9.64127
      vertex -22.5459 17.2 9.64127
    endloop
  endfacet
  facet normal 0 1 0
    outer loop
      vertex -22.6575 17.2 9.3719
      vertex -27.3425 17.2 9.3719
      vertex -27.4541 17.2 9.64127
    endloop
  endfacet
  facet normal 0 1 -0
    outer loop
      vertex -22.7985 17.2 9.11672
      vertex -27.3425 17.2 9.3719
      vertex -22.6575 17.2 9.3719
    endloop
  endfacet
  facet normal 0 1 0
    outer loop
      vertex -22.7985 17.2 9.11672
      vertex -27.2015 17.2 9.11672
      vertex -27.3425 17.2 9.3719
    endloop
  endfacet
  facet normal 0 1 -0
    outer loop
      vertex -22.9672 17.2 8.87893
      vertex -27.2015 17.2 9.11672
      vertex -22.7985 17.2 9.11672
    endloop
  endfacet
  facet normal 0 1 0
    outer loop
      vertex -22.9672 17.2 8.87893
      vertex -27.0328 17.2 8.87893
      vertex -27.2015 17.2 9.11672
    endloop
  endfacet
  facet normal 0 1 -0
    outer loop
      vertex -23.1615 17.2 8.66152
      vertex -27.0328 17.2 8.87893
      vertex -22.9672 17.2 8.87893
    endloop
  endfacet
  facet normal 0 1 0
    outer loop
      vertex -23.1615 17.2 8.66152
      vertex -26.8385 17.2 8.66152
      vertex -27.0328 17.2 8.87893
    endloop
  endfacet
  facet normal 0 1 -0
    outer loop
      vertex -23.3789 17.2 8.46724
      vertex -26.8385 17.2 8.66152
      vertex -23.1615 17.2 8.66152
    endloop
  endfacet
  facet normal 0 1 0
    outer loop
      vertex -23.3789 17.2 8.46724
      vertex -26.6211 17.2 8.46724
      vertex -26.8385 17.2 8.66152
    endloop
  endfacet
  facet normal 0 1 -0
    outer loop
      vertex -23.6167 17.2 8.29852
      vertex -26.6211 17.2 8.46724
      vertex -23.3789 17.2 8.46724
    endloop
  endfacet
  facet normal 0 1 0
    outer loop
      vertex -23.6167 17.2 8.29852
      vertex -26.3833 17.2 8.29852
      vertex -26.6211 17.2 8.46724
    endloop
  endfacet
  facet normal 0 1 -0
    outer loop
      vertex -23.8719 17.2 8.15748
      vertex -26.3833 17.2 8.29852
      vertex -23.6167 17.2 8.29852
    endloop
  endfacet
  facet normal 0 1 0
    outer loop
      vertex -23.8719 17.2 8.15748
      vertex -26.1281 17.2 8.15748
      vertex -26.3833 17.2 8.29852
    endloop
  endfacet
  facet normal 0 1 -0
    outer loop
      vertex -24.1413 17.2 8.0459
      vertex -26.1281 17.2 8.15748
      vertex -23.8719 17.2 8.15748
    endloop
  endfacet
  facet normal 0 1 0
    outer loop
      vertex -24.1413 17.2 8.0459
      vertex -25.8587 17.2 8.0459
      vertex -26.1281 17.2 8.15748
    endloop
  endfacet
  facet normal 0 1 -0
    outer loop
      vertex -24.4214 17.2 7.96519
      vertex -25.8587 17.2 8.0459
      vertex -24.1413 17.2 8.0459
    endloop
  endfacet
  facet normal 0 1 0
    outer loop
      vertex -24.4214 17.2 7.96519
      vertex -25.5786 17.2 7.96519
      vertex -25.8587 17.2 8.0459
    endloop
  endfacet
  facet normal 0 1 -0
    outer loop
      vertex -24.7089 17.2 7.91635
      vertex -25.5786 17.2 7.96519
      vertex -24.4214 17.2 7.96519
    endloop
  endfacet
  facet normal 0 1 0
    outer loop
      vertex -24.7089 17.2 7.91635
      vertex -25.2911 17.2 7.91635
      vertex -25.5786 17.2 7.96519
    endloop
  endfacet
  facet normal -0 1 0
    outer loop
      vertex -25.2911 17.2 7.91635
      vertex -24.7089 17.2 7.91635
      vertex -25 17.2 7.9
    endloop
  endfacet
  facet normal 0.985842 0 -0.167679
    outer loop
      vertex -27.5348 17.2 11.0786
      vertex -27.5837 19.2 10.7911
      vertex -27.5348 19.2 11.0786
    endloop
  endfacet
  facet normal 0.985842 0 -0.167679
    outer loop
      vertex -27.5837 19.2 10.7911
      vertex -27.5348 17.2 11.0786
      vertex -27.5837 17.2 10.7911
    endloop
  endfacet
  facet normal 0.666384 0 -0.745609
    outer loop
      vertex -26.8385 17.2 12.3385
      vertex -26.6211 19.2 12.5328
      vertex -26.6211 17.2 12.5328
    endloop
  endfacet
  facet normal 0.666384 0 -0.745609
    outer loop
      vertex -26.6211 19.2 12.5328
      vertex -26.8385 17.2 12.3385
      vertex -26.8385 19.2 12.3385
    endloop
  endfacet
  facet normal 0.875287 0 -0.483603
    outer loop
      vertex -27.2015 17.2 11.8833
      vertex -27.3425 19.2 11.6281
      vertex -27.2015 19.2 11.8833
    endloop
  endfacet
  facet normal 0.875287 0 -0.483603
    outer loop
      vertex -27.3425 19.2 11.6281
      vertex -27.2015 17.2 11.8833
      vertex -27.3425 17.2 11.6281
    endloop
  endfacet
  facet normal -0.578607 0 -0.815606
    outer loop
      vertex -23.6167 17.2 12.7015
      vertex -23.3789 19.2 12.5328
      vertex -23.3789 17.2 12.5328
    endloop
  endfacet
  facet normal -0.578607 0 -0.815606
    outer loop
      vertex -23.3789 19.2 12.5328
      vertex -23.6167 17.2 12.7015
      vertex -23.6167 19.2 12.7015
    endloop
  endfacet
  facet normal -0.483603 0 -0.875287
    outer loop
      vertex -23.8719 17.2 12.8425
      vertex -23.6167 19.2 12.7015
      vertex -23.6167 17.2 12.7015
    endloop
  endfacet
  facet normal -0.483603 0 -0.875287
    outer loop
      vertex -23.6167 19.2 12.7015
      vertex -23.8719 17.2 12.8425
      vertex -23.8719 19.2 12.8425
    endloop
  endfacet
  facet normal -0.745609 0 -0.666384
    outer loop
      vertex -22.9672 17.2 12.1211
      vertex -23.1615 19.2 12.3385
      vertex -22.9672 19.2 12.1211
    endloop
  endfacet
  facet normal -0.745609 -0 -0.666384
    outer loop
      vertex -23.1615 19.2 12.3385
      vertex -22.9672 17.2 12.1211
      vertex -23.1615 17.2 12.3385
    endloop
  endfacet
  facet normal 0.382715 0 -0.923866
    outer loop
      vertex -26.1281 17.2 12.8425
      vertex -25.8587 19.2 12.9541
      vertex -25.8587 17.2 12.9541
    endloop
  endfacet
  facet normal 0.382715 0 -0.923866
    outer loop
      vertex -25.8587 19.2 12.9541
      vertex -26.1281 17.2 12.8425
      vertex -26.1281 19.2 12.8425
    endloop
  endfacet
  facet normal 0.27685 0 -0.960913
    outer loop
      vertex -25.8587 17.2 12.9541
      vertex -25.5786 19.2 13.0348
      vertex -25.5786 17.2 13.0348
    endloop
  endfacet
  facet normal 0.27685 0 -0.960913
    outer loop
      vertex -25.5786 19.2 13.0348
      vertex -25.8587 17.2 12.9541
      vertex -25.8587 19.2 12.9541
    endloop
  endfacet
  facet normal 0.815606 0 -0.578607
    outer loop
      vertex -27.0328 17.2 12.1211
      vertex -27.2015 19.2 11.8833
      vertex -27.0328 19.2 12.1211
    endloop
  endfacet
  facet normal 0.815606 0 -0.578607
    outer loop
      vertex -27.2015 19.2 11.8833
      vertex -27.0328 17.2 12.1211
      vertex -27.2015 17.2 11.8833
    endloop
  endfacet
  facet normal 0.483603 0 -0.875287
    outer loop
      vertex -26.3833 17.2 12.7015
      vertex -26.1281 19.2 12.8425
      vertex -26.1281 17.2 12.8425
    endloop
  endfacet
  facet normal 0.483603 0 -0.875287
    outer loop
      vertex -26.1281 19.2 12.8425
      vertex -26.3833 17.2 12.7015
      vertex -26.3833 19.2 12.7015
    endloop
  endfacet
  facet normal 0.578607 0 -0.815606
    outer loop
      vertex -26.6211 17.2 12.5328
      vertex -26.3833 19.2 12.7015
      vertex -26.3833 17.2 12.7015
    endloop
  endfacet
  facet normal 0.578607 0 -0.815606
    outer loop
      vertex -26.3833 19.2 12.7015
      vertex -26.6211 17.2 12.5328
      vertex -26.6211 19.2 12.5328
    endloop
  endfacet
  facet normal -0.875127 0 0.483894
    outer loop
      vertex -22.7985 17.2 101.117
      vertex -22.6575 19.2 101.372
      vertex -22.7985 19.2 101.117
    endloop
  endfacet
  facet normal -0.875127 0 0.483894
    outer loop
      vertex -22.6575 19.2 101.372
      vertex -22.7985 17.2 101.117
      vertex -22.6575 17.2 101.372
    endloop
  endfacet
  facet normal -0.277167 0 0.960822
    outer loop
      vertex -24.4214 19.2 99.9652
      vertex -24.1413 17.2 100.046
      vertex -24.1413 19.2 100.046
    endloop
  endfacet
  facet normal -0.277167 0 0.960822
    outer loop
      vertex -24.1413 17.2 100.046
      vertex -24.4214 19.2 99.9652
      vertex -24.4214 17.2 99.9652
    endloop
  endfacet
  facet normal 0.380957 0 0.924593
    outer loop
      vertex -26.1281 19.2 100.157
      vertex -25.8587 17.2 100.046
      vertex -25.8587 19.2 100.046
    endloop
  endfacet
  facet normal 0.380957 0 0.924593
    outer loop
      vertex -25.8587 17.2 100.046
      vertex -26.1281 19.2 100.157
      vertex -26.1281 17.2 100.157
    endloop
  endfacet
  facet normal 0.923665 -0 0.383201
    outer loop
      vertex -27.4541 17.2 101.641
      vertex -27.3425 19.2 101.372
      vertex -27.4541 19.2 101.641
    endloop
  endfacet
  facet normal 0.923665 0 0.383201
    outer loop
      vertex -27.3425 19.2 101.372
      vertex -27.4541 17.2 101.641
      vertex -27.3425 17.2 101.372
    endloop
  endfacet
  facet normal -0.998435 0 -0.0559261
    outer loop
      vertex -22.4 17.2 102.5
      vertex -22.4163 19.2 102.791
      vertex -22.4 19.2 102.5
    endloop
  endfacet
  facet normal -0.998435 -0 -0.0559261
    outer loop
      vertex -22.4163 19.2 102.791
      vertex -22.4 17.2 102.5
      vertex -22.4163 17.2 102.791
    endloop
  endfacet
  facet normal -0.0562488 0 0.998417
    outer loop
      vertex -25 19.2 99.9
      vertex -24.7089 17.2 99.9164
      vertex -24.7089 19.2 99.9164
    endloop
  endfacet
  facet normal -0.0562488 0 0.998417
    outer loop
      vertex -24.7089 17.2 99.9164
      vertex -25 19.2 99.9
      vertex -25 17.2 99.9
    endloop
  endfacet
  facet normal -0.486224 0 0.873834
    outer loop
      vertex -23.8719 19.2 100.157
      vertex -23.6167 17.2 100.299
      vertex -23.6167 19.2 100.299
    endloop
  endfacet
  facet normal -0.486224 0 0.873834
    outer loop
      vertex -23.6167 17.2 100.299
      vertex -23.8719 19.2 100.157
      vertex -23.8719 17.2 100.157
    endloop
  endfacet
  facet normal 0.998435 -0 0.0559261
    outer loop
      vertex -27.6 17.2 102.5
      vertex -27.5837 19.2 102.209
      vertex -27.6 19.2 102.5
    endloop
  endfacet
  facet normal 0.998435 0 0.0559261
    outer loop
      vertex -27.5837 19.2 102.209
      vertex -27.6 17.2 102.5
      vertex -27.5837 17.2 102.209
    endloop
  endfacet
  facet normal 0.815836 -0 0.578284
    outer loop
      vertex -27.2015 17.2 101.117
      vertex -27.0328 19.2 100.879
      vertex -27.2015 19.2 101.117
    endloop
  endfacet
  facet normal 0.815836 0 0.578284
    outer loop
      vertex -27.0328 19.2 100.879
      vertex -27.2015 17.2 101.117
      vertex -27.0328 17.2 100.879
    endloop
  endfacet
  facet normal 0.167346 0 0.985898
    outer loop
      vertex -25.5786 19.2 99.9652
      vertex -25.2911 17.2 99.9164
      vertex -25.2911 19.2 99.9164
    endloop
  endfacet
  facet normal 0.167346 0 0.985898
    outer loop
      vertex -25.2911 17.2 99.9164
      vertex -25.5786 19.2 99.9652
      vertex -25.5786 17.2 99.9652
    endloop
  endfacet
  facet normal -0.486224 0 -0.873834
    outer loop
      vertex -23.8719 17.2 104.843
      vertex -23.6167 19.2 104.701
      vertex -23.6167 17.2 104.701
    endloop
  endfacet
  facet normal -0.486224 0 -0.873834
    outer loop
      vertex -23.6167 19.2 104.701
      vertex -23.8719 17.2 104.843
      vertex -23.8719 19.2 104.843
    endloop
  endfacet
  facet normal -0.815836 0 0.578284
    outer loop
      vertex -22.9672 17.2 100.879
      vertex -22.7985 19.2 101.117
      vertex -22.9672 19.2 100.879
    endloop
  endfacet
  facet normal -0.815836 0 0.578284
    outer loop
      vertex -22.7985 19.2 101.117
      vertex -22.9672 17.2 100.879
      vertex -22.7985 17.2 101.117
    endloop
  endfacet
  facet normal -0.667715 0 0.744417
    outer loop
      vertex -23.3789 19.2 100.467
      vertex -23.1615 17.2 100.662
      vertex -23.1615 19.2 100.662
    endloop
  endfacet
  facet normal -0.667715 0 0.744417
    outer loop
      vertex -23.1615 17.2 100.662
      vertex -23.3789 19.2 100.467
      vertex -23.3789 17.2 100.467
    endloop
  endfacet
  facet normal -0.744999 0 0.667066
    outer loop
      vertex -23.1615 17.2 100.662
      vertex -22.9672 19.2 100.879
      vertex -23.1615 19.2 100.662
    endloop
  endfacet
  facet normal -0.744999 0 0.667066
    outer loop
      vertex -22.9672 19.2 100.879
      vertex -23.1615 17.2 100.662
      vertex -22.9672 17.2 100.879
    endloop
  endfacet
  facet normal 0.0562488 0 0.998417
    outer loop
      vertex -25.2911 19.2 99.9164
      vertex -25 17.2 99.9
      vertex -25 19.2 99.9
    endloop
  endfacet
  facet normal 0.0562488 0 0.998417
    outer loop
      vertex -25 17.2 99.9
      vertex -25.2911 19.2 99.9164
      vertex -25.2911 17.2 99.9164
    endloop
  endfacet
  facet normal -0.167346 0 0.985898
    outer loop
      vertex -24.7089 19.2 99.9164
      vertex -24.4214 17.2 99.9652
      vertex -24.4214 19.2 99.9652
    endloop
  endfacet
  facet normal -0.167346 0 0.985898
    outer loop
      vertex -24.4214 17.2 99.9652
      vertex -24.7089 19.2 99.9164
      vertex -24.7089 17.2 99.9164
    endloop
  endfacet
  facet normal -0.380957 0 0.924593
    outer loop
      vertex -24.1413 19.2 100.046
      vertex -23.8719 17.2 100.157
      vertex -23.8719 19.2 100.157
    endloop
  endfacet
  facet normal -0.380957 0 0.924593
    outer loop
      vertex -23.8719 17.2 100.157
      vertex -24.1413 19.2 100.046
      vertex -24.1413 17.2 100.046
    endloop
  endfacet
  facet normal -0.577007 0 0.816739
    outer loop
      vertex -23.6167 19.2 100.299
      vertex -23.3789 17.2 100.467
      vertex -23.3789 19.2 100.467
    endloop
  endfacet
  facet normal -0.577007 0 0.816739
    outer loop
      vertex -23.3789 17.2 100.467
      vertex -23.6167 19.2 100.299
      vertex -23.6167 17.2 100.299
    endloop
  endfacet
  facet normal 0 -1 0
    outer loop
      vertex -25.2911 19.2 105.084
      vertex -24.7089 19.2 105.084
      vertex -25 19.2 105.1
    endloop
  endfacet
  facet normal 0 -1 0
    outer loop
      vertex -25.5786 19.2 105.035
      vertex -24.7089 19.2 105.084
      vertex -25.2911 19.2 105.084
    endloop
  endfacet
  facet normal 0 -1 0
    outer loop
      vertex -25.5786 19.2 105.035
      vertex -24.4214 19.2 105.035
      vertex -24.7089 19.2 105.084
    endloop
  endfacet
  facet normal 0 -1 0
    outer loop
      vertex -25.8587 19.2 104.954
      vertex -24.4214 19.2 105.035
      vertex -25.5786 19.2 105.035
    endloop
  endfacet
  facet normal 0 -1 0
    outer loop
      vertex -25.8587 19.2 104.954
      vertex -24.1413 19.2 104.954
      vertex -24.4214 19.2 105.035
    endloop
  endfacet
  facet normal 0 -1 0
    outer loop
      vertex -26.1281 19.2 104.843
      vertex -24.1413 19.2 104.954
      vertex -25.8587 19.2 104.954
    endloop
  endfacet
  facet normal 0 -1 0
    outer loop
      vertex -26.1281 19.2 104.843
      vertex -23.8719 19.2 104.843
      vertex -24.1413 19.2 104.954
    endloop
  endfacet
  facet normal 0 -1 0
    outer loop
      vertex -26.3833 19.2 104.701
      vertex -23.8719 19.2 104.843
      vertex -26.1281 19.2 104.843
    endloop
  endfacet
  facet normal 0 -1 0
    outer loop
      vertex -26.3833 19.2 104.701
      vertex -23.6167 19.2 104.701
      vertex -23.8719 19.2 104.843
    endloop
  endfacet
  facet normal 0 -1 0
    outer loop
      vertex -26.6211 19.2 104.533
      vertex -23.6167 19.2 104.701
      vertex -26.3833 19.2 104.701
    endloop
  endfacet
  facet normal 0 -1 0
    outer loop
      vertex -26.6211 19.2 104.533
      vertex -23.3789 19.2 104.533
      vertex -23.6167 19.2 104.701
    endloop
  endfacet
  facet normal 0 -1 0
    outer loop
      vertex -26.8385 19.2 104.338
      vertex -23.3789 19.2 104.533
      vertex -26.6211 19.2 104.533
    endloop
  endfacet
  facet normal 0 -1 0
    outer loop
      vertex -26.8385 19.2 104.338
      vertex -23.1615 19.2 104.338
      vertex -23.3789 19.2 104.533
    endloop
  endfacet
  facet normal 0 -1 0
    outer loop
      vertex -27.0328 19.2 104.121
      vertex -23.1615 19.2 104.338
      vertex -26.8385 19.2 104.338
    endloop
  endfacet
  facet normal 0 -1 0
    outer loop
      vertex -27.0328 19.2 104.121
      vertex -22.9672 19.2 104.121
      vertex -23.1615 19.2 104.338
    endloop
  endfacet
  facet normal 0 -1 0
    outer loop
      vertex -27.2015 19.2 103.883
      vertex -22.9672 19.2 104.121
      vertex -27.0328 19.2 104.121
    endloop
  endfacet
  facet normal 0 -1 0
    outer loop
      vertex -27.2015 19.2 103.883
      vertex -22.7985 19.2 103.883
      vertex -22.9672 19.2 104.121
    endloop
  endfacet
  facet normal 0 -1 0
    outer loop
      vertex -27.3425 19.2 103.628
      vertex -22.7985 19.2 103.883
      vertex -27.2015 19.2 103.883
    endloop
  endfacet
  facet normal 0 -1 0
    outer loop
      vertex -27.3425 19.2 103.628
      vertex -22.6575 19.2 103.628
      vertex -22.7985 19.2 103.883
    endloop
  endfacet
  facet normal 0 -1 0
    outer loop
      vertex -27.4541 19.2 103.359
      vertex -22.6575 19.2 103.628
      vertex -27.3425 19.2 103.628
    endloop
  endfacet
  facet normal 0 -1 0
    outer loop
      vertex -27.4541 19.2 103.359
      vertex -22.5459 19.2 103.359
      vertex -22.6575 19.2 103.628
    endloop
  endfacet
  facet normal 0 -1 0
    outer loop
      vertex -27.5348 19.2 103.079
      vertex -22.5459 19.2 103.359
      vertex -27.4541 19.2 103.359
    endloop
  endfacet
  facet normal 0 -1 0
    outer loop
      vertex -27.5348 19.2 103.079
      vertex -22.4652 19.2 103.079
      vertex -22.5459 19.2 103.359
    endloop
  endfacet
  facet normal 0 -1 0
    outer loop
      vertex -27.5837 19.2 102.791
      vertex -22.4652 19.2 103.079
      vertex -27.5348 19.2 103.079
    endloop
  endfacet
  facet normal 0 -1 0
    outer loop
      vertex -27.5837 19.2 102.791
      vertex -22.4163 19.2 102.791
      vertex -22.4652 19.2 103.079
    endloop
  endfacet
  facet normal 0 -1 0
    outer loop
      vertex -27.6 19.2 102.5
      vertex -22.4163 19.2 102.791
      vertex -27.5837 19.2 102.791
    endloop
  endfacet
  facet normal 0 -1 0
    outer loop
      vertex -27.6 19.2 102.5
      vertex -22.4 19.2 102.5
      vertex -22.4163 19.2 102.791
    endloop
  endfacet
  facet normal 0 -1 0
    outer loop
      vertex -27.5837 19.2 102.209
      vertex -22.4 19.2 102.5
      vertex -27.6 19.2 102.5
    endloop
  endfacet
  facet normal 0 -1 0
    outer loop
      vertex -27.5837 19.2 102.209
      vertex -22.4163 19.2 102.209
      vertex -22.4 19.2 102.5
    endloop
  endfacet
  facet normal 0 -1 0
    outer loop
      vertex -27.5348 19.2 101.921
      vertex -22.4163 19.2 102.209
      vertex -27.5837 19.2 102.209
    endloop
  endfacet
  facet normal 0 -1 0
    outer loop
      vertex -27.5348 19.2 101.921
      vertex -22.4652 19.2 101.921
      vertex -22.4163 19.2 102.209
    endloop
  endfacet
  facet normal 0 -1 0
    outer loop
      vertex -27.4541 19.2 101.641
      vertex -22.4652 19.2 101.921
      vertex -27.5348 19.2 101.921
    endloop
  endfacet
  facet normal 0 -1 0
    outer loop
      vertex -27.4541 19.2 101.641
      vertex -22.5459 19.2 101.641
      vertex -22.4652 19.2 101.921
    endloop
  endfacet
  facet normal 0 -1 0
    outer loop
      vertex -27.3425 19.2 101.372
      vertex -22.5459 19.2 101.641
      vertex -27.4541 19.2 101.641
    endloop
  endfacet
  facet normal 0 -1 0
    outer loop
      vertex -27.3425 19.2 101.372
      vertex -22.6575 19.2 101.372
      vertex -22.5459 19.2 101.641
    endloop
  endfacet
  facet normal 0 -1 0
    outer loop
      vertex -27.2015 19.2 101.117
      vertex -22.6575 19.2 101.372
      vertex -27.3425 19.2 101.372
    endloop
  endfacet
  facet normal 0 -1 0
    outer loop
      vertex -27.2015 19.2 101.117
      vertex -22.7985 19.2 101.117
      vertex -22.6575 19.2 101.372
    endloop
  endfacet
  facet normal 0 -1 0
    outer loop
      vertex -27.0328 19.2 100.879
      vertex -22.7985 19.2 101.117
      vertex -27.2015 19.2 101.117
    endloop
  endfacet
  facet normal 0 -1 0
    outer loop
      vertex -27.0328 19.2 100.879
      vertex -22.9672 19.2 100.879
      vertex -22.7985 19.2 101.117
    endloop
  endfacet
  facet normal 0 -1 0
    outer loop
      vertex -26.8385 19.2 100.662
      vertex -22.9672 19.2 100.879
      vertex -27.0328 19.2 100.879
    endloop
  endfacet
  facet normal 0 -1 0
    outer loop
      vertex -26.8385 19.2 100.662
      vertex -23.1615 19.2 100.662
      vertex -22.9672 19.2 100.879
    endloop
  endfacet
  facet normal 0 -1 0
    outer loop
      vertex -26.6211 19.2 100.467
      vertex -23.1615 19.2 100.662
      vertex -26.8385 19.2 100.662
    endloop
  endfacet
  facet normal 0 -1 0
    outer loop
      vertex -26.6211 19.2 100.467
      vertex -23.3789 19.2 100.467
      vertex -23.1615 19.2 100.662
    endloop
  endfacet
  facet normal 0 -1 0
    outer loop
      vertex -26.3833 19.2 100.299
      vertex -23.3789 19.2 100.467
      vertex -26.6211 19.2 100.467
    endloop
  endfacet
  facet normal 0 -1 0
    outer loop
      vertex -26.3833 19.2 100.299
      vertex -23.6167 19.2 100.299
      vertex -23.3789 19.2 100.467
    endloop
  endfacet
  facet normal 0 -1 0
    outer loop
      vertex -26.1281 19.2 100.157
      vertex -23.6167 19.2 100.299
      vertex -26.3833 19.2 100.299
    endloop
  endfacet
  facet normal 0 -1 0
    outer loop
      vertex -26.1281 19.2 100.157
      vertex -23.8719 19.2 100.157
      vertex -23.6167 19.2 100.299
    endloop
  endfacet
  facet normal 0 -1 0
    outer loop
      vertex -25.8587 19.2 100.046
      vertex -23.8719 19.2 100.157
      vertex -26.1281 19.2 100.157
    endloop
  endfacet
  facet normal 0 -1 0
    outer loop
      vertex -25.8587 19.2 100.046
      vertex -24.1413 19.2 100.046
      vertex -23.8719 19.2 100.157
    endloop
  endfacet
  facet normal 0 -1 0
    outer loop
      vertex -25.5786 19.2 99.9652
      vertex -24.1413 19.2 100.046
      vertex -25.8587 19.2 100.046
    endloop
  endfacet
  facet normal 0 -1 0
    outer loop
      vertex -25.5786 19.2 99.9652
      vertex -24.4214 19.2 99.9652
      vertex -24.1413 19.2 100.046
    endloop
  endfacet
  facet normal 0 -1 0
    outer loop
      vertex -25.2911 19.2 99.9164
      vertex -24.4214 19.2 99.9652
      vertex -25.5786 19.2 99.9652
    endloop
  endfacet
  facet normal 0 -1 0
    outer loop
      vertex -25.2911 19.2 99.9164
      vertex -24.7089 19.2 99.9164
      vertex -24.4214 19.2 99.9652
    endloop
  endfacet
  facet normal -0 -1 0
    outer loop
      vertex -24.7089 19.2 99.9164
      vertex -25.2911 19.2 99.9164
      vertex -25 19.2 99.9
    endloop
  endfacet
  facet normal 0.960887 -0 0.276941
    outer loop
      vertex -27.5348 17.2 101.921
      vertex -27.4541 19.2 101.641
      vertex -27.5348 19.2 101.921
    endloop
  endfacet
  facet normal 0.960887 0 0.276941
    outer loop
      vertex -27.4541 19.2 101.641
      vertex -27.5348 17.2 101.921
      vertex -27.4541 17.2 101.641
    endloop
  endfacet
  facet normal 0.98589 -0 0.167396
    outer loop
      vertex -27.5837 17.2 102.209
      vertex -27.5348 19.2 101.921
      vertex -27.5837 19.2 102.209
    endloop
  endfacet
  facet normal 0.98589 0 0.167396
    outer loop
      vertex -27.5348 19.2 101.921
      vertex -27.5837 17.2 102.209
      vertex -27.5348 17.2 101.921
    endloop
  endfacet
  facet normal 0.875127 -0 0.483894
    outer loop
      vertex -27.3425 17.2 101.372
      vertex -27.2015 19.2 101.117
      vertex -27.3425 19.2 101.372
    endloop
  endfacet
  facet normal 0.875127 0 0.483894
    outer loop
      vertex -27.2015 19.2 101.117
      vertex -27.3425 17.2 101.372
      vertex -27.2015 17.2 101.117
    endloop
  endfacet
  facet normal 0.277167 0 0.960822
    outer loop
      vertex -25.8587 19.2 100.046
      vertex -25.5786 17.2 99.9652
      vertex -25.5786 19.2 99.9652
    endloop
  endfacet
  facet normal 0.277167 0 0.960822
    outer loop
      vertex -25.5786 17.2 99.9652
      vertex -25.8587 19.2 100.046
      vertex -25.8587 17.2 100.046
    endloop
  endfacet
  facet normal 0.577007 0 0.816739
    outer loop
      vertex -26.6211 19.2 100.467
      vertex -26.3833 17.2 100.299
      vertex -26.3833 19.2 100.299
    endloop
  endfacet
  facet normal 0.577007 0 0.816739
    outer loop
      vertex -26.3833 17.2 100.299
      vertex -26.6211 19.2 100.467
      vertex -26.6211 17.2 100.467
    endloop
  endfacet
  facet normal 0.667715 0 0.744417
    outer loop
      vertex -26.8385 19.2 100.662
      vertex -26.6211 17.2 100.467
      vertex -26.6211 19.2 100.467
    endloop
  endfacet
  facet normal 0.667715 0 0.744417
    outer loop
      vertex -26.6211 17.2 100.467
      vertex -26.8385 19.2 100.662
      vertex -26.8385 17.2 100.662
    endloop
  endfacet
  facet normal 0.486224 0 0.873834
    outer loop
      vertex -26.3833 19.2 100.299
      vertex -26.1281 17.2 100.157
      vertex -26.1281 19.2 100.157
    endloop
  endfacet
  facet normal 0.486224 0 0.873834
    outer loop
      vertex -26.1281 17.2 100.157
      vertex -26.3833 19.2 100.299
      vertex -26.3833 17.2 100.299
    endloop
  endfacet
  facet normal 0.744999 -0 0.667066
    outer loop
      vertex -27.0328 17.2 100.879
      vertex -26.8385 19.2 100.662
      vertex -27.0328 19.2 100.879
    endloop
  endfacet
  facet normal 0.744999 0 0.667066
    outer loop
      vertex -26.8385 19.2 100.662
      vertex -27.0328 17.2 100.879
      vertex -26.8385 17.2 100.662
    endloop
  endfacet
  facet normal -0.998435 0 0.0559261
    outer loop
      vertex -22.4163 17.2 102.209
      vertex -22.4 19.2 102.5
      vertex -22.4163 19.2 102.209
    endloop
  endfacet
  facet normal -0.998435 0 0.0559261
    outer loop
      vertex -22.4 19.2 102.5
      vertex -22.4163 17.2 102.209
      vertex -22.4 17.2 102.5
    endloop
  endfacet
  facet normal -0.98589 0 -0.167396
    outer loop
      vertex -22.4163 17.2 102.791
      vertex -22.4652 19.2 103.079
      vertex -22.4163 19.2 102.791
    endloop
  endfacet
  facet normal -0.98589 -0 -0.167396
    outer loop
      vertex -22.4652 19.2 103.079
      vertex -22.4163 17.2 102.791
      vertex -22.4652 17.2 103.079
    endloop
  endfacet
  facet normal -0.168012 0 -0.985785
    outer loop
      vertex -24.7089 17.2 105.084
      vertex -24.4214 19.2 105.035
      vertex -24.4214 17.2 105.035
    endloop
  endfacet
  facet normal -0.168012 0 -0.985785
    outer loop
      vertex -24.4214 19.2 105.035
      vertex -24.7089 17.2 105.084
      vertex -24.7089 19.2 105.084
    endloop
  endfacet
  facet normal -0.923665 0 0.383201
    outer loop
      vertex -22.6575 17.2 101.372
      vertex -22.5459 19.2 101.641
      vertex -22.6575 19.2 101.372
    endloop
  endfacet
  facet normal -0.923665 0 0.383201
    outer loop
      vertex -22.5459 19.2 101.641
      vertex -22.6575 17.2 101.372
      vertex -22.5459 17.2 101.641
    endloop
  endfacet
  facet normal -0.960887 0 0.276941
    outer loop
      vertex -22.5459 17.2 101.641
      vertex -22.4652 19.2 101.921
      vertex -22.5459 19.2 101.641
    endloop
  endfacet
  facet normal -0.960887 0 0.276941
    outer loop
      vertex -22.4652 19.2 101.921
      vertex -22.5459 17.2 101.641
      vertex -22.4652 17.2 101.921
    endloop
  endfacet
  facet normal -0.98589 0 0.167396
    outer loop
      vertex -22.4652 17.2 101.921
      vertex -22.4163 19.2 102.209
      vertex -22.4652 19.2 101.921
    endloop
  endfacet
  facet normal -0.98589 0 0.167396
    outer loop
      vertex -22.4163 19.2 102.209
      vertex -22.4652 17.2 101.921
      vertex -22.4163 17.2 102.209
    endloop
  endfacet
  facet normal -0.815836 0 -0.578284
    outer loop
      vertex -22.7985 17.2 103.883
      vertex -22.9672 19.2 104.121
      vertex -22.7985 19.2 103.883
    endloop
  endfacet
  facet normal -0.815836 -0 -0.578284
    outer loop
      vertex -22.9672 19.2 104.121
      vertex -22.7985 17.2 103.883
      vertex -22.9672 17.2 104.121
    endloop
  endfacet
  facet normal -0.923665 0 -0.383201
    outer loop
      vertex -22.5459 17.2 103.359
      vertex -22.6575 19.2 103.628
      vertex -22.5459 19.2 103.359
    endloop
  endfacet
  facet normal -0.923665 -0 -0.383201
    outer loop
      vertex -22.6575 19.2 103.628
      vertex -22.5459 17.2 103.359
      vertex -22.6575 17.2 103.628
    endloop
  endfacet
  facet normal -0.875127 0 -0.483894
    outer loop
      vertex -22.6575 17.2 103.628
      vertex -22.7985 19.2 103.883
      vertex -22.6575 19.2 103.628
    endloop
  endfacet
  facet normal -0.875127 -0 -0.483894
    outer loop
      vertex -22.7985 19.2 103.883
      vertex -22.6575 17.2 103.628
      vertex -22.7985 17.2 103.883
    endloop
  endfacet
  facet normal 0.168012 0 -0.985785
    outer loop
      vertex -25.5786 17.2 105.035
      vertex -25.2911 19.2 105.084
      vertex -25.2911 17.2 105.084
    endloop
  endfacet
  facet normal 0.168012 0 -0.985785
    outer loop
      vertex -25.2911 19.2 105.084
      vertex -25.5786 17.2 105.035
      vertex -25.5786 19.2 105.035
    endloop
  endfacet
  facet normal 0.998435 0 -0.0559261
    outer loop
      vertex -27.5837 17.2 102.791
      vertex -27.6 19.2 102.5
      vertex -27.5837 19.2 102.791
    endloop
  endfacet
  facet normal 0.998435 0 -0.0559261
    outer loop
      vertex -27.6 19.2 102.5
      vertex -27.5837 17.2 102.791
      vertex -27.6 17.2 102.5
    endloop
  endfacet
  facet normal 0.923665 0 -0.383201
    outer loop
      vertex -27.3425 17.2 103.628
      vertex -27.4541 19.2 103.359
      vertex -27.3425 19.2 103.628
    endloop
  endfacet
  facet normal 0.923665 0 -0.383201
    outer loop
      vertex -27.4541 19.2 103.359
      vertex -27.3425 17.2 103.628
      vertex -27.4541 17.2 103.359
    endloop
  endfacet
  facet normal 0.960887 0 -0.276941
    outer loop
      vertex -27.4541 17.2 103.359
      vertex -27.5348 19.2 103.079
      vertex -27.4541 19.2 103.359
    endloop
  endfacet
  facet normal 0.960887 0 -0.276941
    outer loop
      vertex -27.5348 19.2 103.079
      vertex -27.4541 17.2 103.359
      vertex -27.5348 17.2 103.079
    endloop
  endfacet
  facet normal -0.380957 0 -0.924593
    outer loop
      vertex -24.1413 17.2 104.954
      vertex -23.8719 19.2 104.843
      vertex -23.8719 17.2 104.843
    endloop
  endfacet
  facet normal -0.380957 0 -0.924593
    outer loop
      vertex -23.8719 19.2 104.843
      vertex -24.1413 17.2 104.954
      vertex -24.1413 19.2 104.954
    endloop
  endfacet
  facet normal -0.2778 0 -0.960639
    outer loop
      vertex -24.4214 17.2 105.035
      vertex -24.1413 19.2 104.954
      vertex -24.1413 17.2 104.954
    endloop
  endfacet
  facet normal -0.2778 0 -0.960639
    outer loop
      vertex -24.1413 19.2 104.954
      vertex -24.4214 17.2 105.035
      vertex -24.4214 19.2 105.035
    endloop
  endfacet
  facet normal -0.667715 0 -0.744417
    outer loop
      vertex -23.3789 17.2 104.533
      vertex -23.1615 19.2 104.338
      vertex -23.1615 17.2 104.338
    endloop
  endfacet
  facet normal -0.667715 0 -0.744417
    outer loop
      vertex -23.1615 19.2 104.338
      vertex -23.3789 17.2 104.533
      vertex -23.3789 19.2 104.533
    endloop
  endfacet
  facet normal -0.960887 0 -0.276941
    outer loop
      vertex -22.4652 17.2 103.079
      vertex -22.5459 19.2 103.359
      vertex -22.4652 19.2 103.079
    endloop
  endfacet
  facet normal -0.960887 -0 -0.276941
    outer loop
      vertex -22.5459 19.2 103.359
      vertex -22.4652 17.2 103.079
      vertex -22.5459 17.2 103.359
    endloop
  endfacet
  facet normal 0.577007 0 -0.816739
    outer loop
      vertex -26.6211 17.2 104.533
      vertex -26.3833 19.2 104.701
      vertex -26.3833 17.2 104.701
    endloop
  endfacet
  facet normal 0.577007 0 -0.816739
    outer loop
      vertex -26.3833 19.2 104.701
      vertex -26.6211 17.2 104.533
      vertex -26.6211 19.2 104.533
    endloop
  endfacet
  facet normal 0.486224 0 -0.873834
    outer loop
      vertex -26.3833 17.2 104.701
      vertex -26.1281 19.2 104.843
      vertex -26.1281 17.2 104.843
    endloop
  endfacet
  facet normal 0.486224 0 -0.873834
    outer loop
      vertex -26.1281 19.2 104.843
      vertex -26.3833 17.2 104.701
      vertex -26.3833 19.2 104.701
    endloop
  endfacet
  facet normal -0.0548811 0 -0.998493
    outer loop
      vertex -25 17.2 105.1
      vertex -24.7089 19.2 105.084
      vertex -24.7089 17.2 105.084
    endloop
  endfacet
  facet normal -0.0548811 0 -0.998493
    outer loop
      vertex -24.7089 19.2 105.084
      vertex -25 17.2 105.1
      vertex -25 19.2 105.1
    endloop
  endfacet
  facet normal 0.875127 0 -0.483894
    outer loop
      vertex -27.2015 17.2 103.883
      vertex -27.3425 19.2 103.628
      vertex -27.2015 19.2 103.883
    endloop
  endfacet
  facet normal 0.875127 0 -0.483894
    outer loop
      vertex -27.3425 19.2 103.628
      vertex -27.2015 17.2 103.883
      vertex -27.3425 17.2 103.628
    endloop
  endfacet
  facet normal 0.744999 0 -0.667066
    outer loop
      vertex -26.8385 17.2 104.338
      vertex -27.0328 19.2 104.121
      vertex -26.8385 19.2 104.338
    endloop
  endfacet
  facet normal 0.744999 0 -0.667066
    outer loop
      vertex -27.0328 19.2 104.121
      vertex -26.8385 17.2 104.338
      vertex -27.0328 17.2 104.121
    endloop
  endfacet
  facet normal 0.815836 0 -0.578284
    outer loop
      vertex -27.0328 17.2 104.121
      vertex -27.2015 19.2 103.883
      vertex -27.0328 19.2 104.121
    endloop
  endfacet
  facet normal 0.815836 0 -0.578284
    outer loop
      vertex -27.2015 19.2 103.883
      vertex -27.0328 17.2 104.121
      vertex -27.2015 17.2 103.883
    endloop
  endfacet
  facet normal 0.667715 0 -0.744417
    outer loop
      vertex -26.8385 17.2 104.338
      vertex -26.6211 19.2 104.533
      vertex -26.6211 17.2 104.533
    endloop
  endfacet
  facet normal 0.667715 0 -0.744417
    outer loop
      vertex -26.6211 19.2 104.533
      vertex -26.8385 17.2 104.338
      vertex -26.8385 19.2 104.338
    endloop
  endfacet
  facet normal 0 1 0
    outer loop
      vertex -24.7089 17.2 105.084
      vertex -25.2911 17.2 105.084
      vertex -25 17.2 105.1
    endloop
  endfacet
  facet normal 0 1 0
    outer loop
      vertex -24.4214 17.2 105.035
      vertex -25.2911 17.2 105.084
      vertex -24.7089 17.2 105.084
    endloop
  endfacet
  facet normal 0 1 0
    outer loop
      vertex -24.4214 17.2 105.035
      vertex -25.5786 17.2 105.035
      vertex -25.2911 17.2 105.084
    endloop
  endfacet
  facet normal 0 1 0
    outer loop
      vertex -24.1413 17.2 104.954
      vertex -25.5786 17.2 105.035
      vertex -24.4214 17.2 105.035
    endloop
  endfacet
  facet normal 0 1 0
    outer loop
      vertex -24.1413 17.2 104.954
      vertex -25.8587 17.2 104.954
      vertex -25.5786 17.2 105.035
    endloop
  endfacet
  facet normal 0 1 0
    outer loop
      vertex -23.8719 17.2 104.843
      vertex -25.8587 17.2 104.954
      vertex -24.1413 17.2 104.954
    endloop
  endfacet
  facet normal 0 1 0
    outer loop
      vertex -23.8719 17.2 104.843
      vertex -26.1281 17.2 104.843
      vertex -25.8587 17.2 104.954
    endloop
  endfacet
  facet normal 0 1 0
    outer loop
      vertex -23.6167 17.2 104.701
      vertex -26.1281 17.2 104.843
      vertex -23.8719 17.2 104.843
    endloop
  endfacet
  facet normal 0 1 0
    outer loop
      vertex -23.6167 17.2 104.701
      vertex -26.3833 17.2 104.701
      vertex -26.1281 17.2 104.843
    endloop
  endfacet
  facet normal 0 1 0
    outer loop
      vertex -23.3789 17.2 104.533
      vertex -26.3833 17.2 104.701
      vertex -23.6167 17.2 104.701
    endloop
  endfacet
  facet normal 0 1 0
    outer loop
      vertex -23.3789 17.2 104.533
      vertex -26.6211 17.2 104.533
      vertex -26.3833 17.2 104.701
    endloop
  endfacet
  facet normal 0 1 0
    outer loop
      vertex -23.1615 17.2 104.338
      vertex -26.6211 17.2 104.533
      vertex -23.3789 17.2 104.533
    endloop
  endfacet
  facet normal 0 1 0
    outer loop
      vertex -23.1615 17.2 104.338
      vertex -26.8385 17.2 104.338
      vertex -26.6211 17.2 104.533
    endloop
  endfacet
  facet normal 0 1 0
    outer loop
      vertex -22.9672 17.2 104.121
      vertex -26.8385 17.2 104.338
      vertex -23.1615 17.2 104.338
    endloop
  endfacet
  facet normal 0 1 0
    outer loop
      vertex -22.9672 17.2 104.121
      vertex -27.0328 17.2 104.121
      vertex -26.8385 17.2 104.338
    endloop
  endfacet
  facet normal 0 1 0
    outer loop
      vertex -22.7985 17.2 103.883
      vertex -27.0328 17.2 104.121
      vertex -22.9672 17.2 104.121
    endloop
  endfacet
  facet normal 0 1 0
    outer loop
      vertex -22.7985 17.2 103.883
      vertex -27.2015 17.2 103.883
      vertex -27.0328 17.2 104.121
    endloop
  endfacet
  facet normal 0 1 0
    outer loop
      vertex -22.6575 17.2 103.628
      vertex -27.2015 17.2 103.883
      vertex -22.7985 17.2 103.883
    endloop
  endfacet
  facet normal 0 1 0
    outer loop
      vertex -22.6575 17.2 103.628
      vertex -27.3425 17.2 103.628
      vertex -27.2015 17.2 103.883
    endloop
  endfacet
  facet normal 0 1 0
    outer loop
      vertex -22.5459 17.2 103.359
      vertex -27.3425 17.2 103.628
      vertex -22.6575 17.2 103.628
    endloop
  endfacet
  facet normal 0 1 0
    outer loop
      vertex -22.5459 17.2 103.359
      vertex -27.4541 17.2 103.359
      vertex -27.3425 17.2 103.628
    endloop
  endfacet
  facet normal 0 1 0
    outer loop
      vertex -22.4652 17.2 103.079
      vertex -27.4541 17.2 103.359
      vertex -22.5459 17.2 103.359
    endloop
  endfacet
  facet normal 0 1 0
    outer loop
      vertex -22.4652 17.2 103.079
      vertex -27.5348 17.2 103.079
      vertex -27.4541 17.2 103.359
    endloop
  endfacet
  facet normal 0 1 0
    outer loop
      vertex -22.4163 17.2 102.791
      vertex -27.5348 17.2 103.079
      vertex -22.4652 17.2 103.079
    endloop
  endfacet
  facet normal 0 1 0
    outer loop
      vertex -22.4163 17.2 102.791
      vertex -27.5837 17.2 102.791
      vertex -27.5348 17.2 103.079
    endloop
  endfacet
  facet normal 0 1 0
    outer loop
      vertex -22.4 17.2 102.5
      vertex -27.5837 17.2 102.791
      vertex -22.4163 17.2 102.791
    endloop
  endfacet
  facet normal 0 1 0
    outer loop
      vertex -22.4 17.2 102.5
      vertex -27.6 17.2 102.5
      vertex -27.5837 17.2 102.791
    endloop
  endfacet
  facet normal 0 1 -0
    outer loop
      vertex -22.4163 17.2 102.209
      vertex -27.6 17.2 102.5
      vertex -22.4 17.2 102.5
    endloop
  endfacet
  facet normal 0 1 0
    outer loop
      vertex -22.4163 17.2 102.209
      vertex -27.5837 17.2 102.209
      vertex -27.6 17.2 102.5
    endloop
  endfacet
  facet normal 0 1 -0
    outer loop
      vertex -22.4652 17.2 101.921
      vertex -27.5837 17.2 102.209
      vertex -22.4163 17.2 102.209
    endloop
  endfacet
  facet normal 0 1 0
    outer loop
      vertex -22.4652 17.2 101.921
      vertex -27.5348 17.2 101.921
      vertex -27.5837 17.2 102.209
    endloop
  endfacet
  facet normal 0 1 -0
    outer loop
      vertex -22.5459 17.2 101.641
      vertex -27.5348 17.2 101.921
      vertex -22.4652 17.2 101.921
    endloop
  endfacet
  facet normal 0 1 0
    outer loop
      vertex -22.5459 17.2 101.641
      vertex -27.4541 17.2 101.641
      vertex -27.5348 17.2 101.921
    endloop
  endfacet
  facet normal 0 1 -0
    outer loop
      vertex -22.6575 17.2 101.372
      vertex -27.4541 17.2 101.641
      vertex -22.5459 17.2 101.641
    endloop
  endfacet
  facet normal 0 1 0
    outer loop
      vertex -22.6575 17.2 101.372
      vertex -27.3425 17.2 101.372
      vertex -27.4541 17.2 101.641
    endloop
  endfacet
  facet normal 0 1 -0
    outer loop
      vertex -22.7985 17.2 101.117
      vertex -27.3425 17.2 101.372
      vertex -22.6575 17.2 101.372
    endloop
  endfacet
  facet normal 0 1 0
    outer loop
      vertex -22.7985 17.2 101.117
      vertex -27.2015 17.2 101.117
      vertex -27.3425 17.2 101.372
    endloop
  endfacet
  facet normal 0 1 -0
    outer loop
      vertex -22.9672 17.2 100.879
      vertex -27.2015 17.2 101.117
      vertex -22.7985 17.2 101.117
    endloop
  endfacet
  facet normal 0 1 0
    outer loop
      vertex -22.9672 17.2 100.879
      vertex -27.0328 17.2 100.879
      vertex -27.2015 17.2 101.117
    endloop
  endfacet
  facet normal 0 1 -0
    outer loop
      vertex -23.1615 17.2 100.662
      vertex -27.0328 17.2 100.879
      vertex -22.9672 17.2 100.879
    endloop
  endfacet
  facet normal 0 1 0
    outer loop
      vertex -23.1615 17.2 100.662
      vertex -26.8385 17.2 100.662
      vertex -27.0328 17.2 100.879
    endloop
  endfacet
  facet normal 0 1 -0
    outer loop
      vertex -23.3789 17.2 100.467
      vertex -26.8385 17.2 100.662
      vertex -23.1615 17.2 100.662
    endloop
  endfacet
  facet normal 0 1 0
    outer loop
      vertex -23.3789 17.2 100.467
      vertex -26.6211 17.2 100.467
      vertex -26.8385 17.2 100.662
    endloop
  endfacet
  facet normal 0 1 -0
    outer loop
      vertex -23.6167 17.2 100.299
      vertex -26.6211 17.2 100.467
      vertex -23.3789 17.2 100.467
    endloop
  endfacet
  facet normal 0 1 0
    outer loop
      vertex -23.6167 17.2 100.299
      vertex -26.3833 17.2 100.299
      vertex -26.6211 17.2 100.467
    endloop
  endfacet
  facet normal 0 1 -0
    outer loop
      vertex -23.8719 17.2 100.157
      vertex -26.3833 17.2 100.299
      vertex -23.6167 17.2 100.299
    endloop
  endfacet
  facet normal 0 1 0
    outer loop
      vertex -23.8719 17.2 100.157
      vertex -26.1281 17.2 100.157
      vertex -26.3833 17.2 100.299
    endloop
  endfacet
  facet normal 0 1 -0
    outer loop
      vertex -24.1413 17.2 100.046
      vertex -26.1281 17.2 100.157
      vertex -23.8719 17.2 100.157
    endloop
  endfacet
  facet normal 0 1 0
    outer loop
      vertex -24.1413 17.2 100.046
      vertex -25.8587 17.2 100.046
      vertex -26.1281 17.2 100.157
    endloop
  endfacet
  facet normal 0 1 -0
    outer loop
      vertex -24.4214 17.2 99.9652
      vertex -25.8587 17.2 100.046
      vertex -24.1413 17.2 100.046
    endloop
  endfacet
  facet normal 0 1 0
    outer loop
      vertex -24.4214 17.2 99.9652
      vertex -25.5786 17.2 99.9652
      vertex -25.8587 17.2 100.046
    endloop
  endfacet
  facet normal 0 1 -0
    outer loop
      vertex -24.7089 17.2 99.9164
      vertex -25.5786 17.2 99.9652
      vertex -24.4214 17.2 99.9652
    endloop
  endfacet
  facet normal 0 1 0
    outer loop
      vertex -24.7089 17.2 99.9164
      vertex -25.2911 17.2 99.9164
      vertex -25.5786 17.2 99.9652
    endloop
  endfacet
  facet normal -0 1 0
    outer loop
      vertex -25.2911 17.2 99.9164
      vertex -24.7089 17.2 99.9164
      vertex -25 17.2 99.9
    endloop
  endfacet
  facet normal 0.98589 0 -0.167396
    outer loop
      vertex -27.5348 17.2 103.079
      vertex -27.5837 19.2 102.791
      vertex -27.5348 19.2 103.079
    endloop
  endfacet
  facet normal 0.98589 0 -0.167396
    outer loop
      vertex -27.5837 19.2 102.791
      vertex -27.5348 17.2 103.079
      vertex -27.5837 17.2 102.791
    endloop
  endfacet
  facet normal -0.577007 0 -0.816739
    outer loop
      vertex -23.6167 17.2 104.701
      vertex -23.3789 19.2 104.533
      vertex -23.3789 17.2 104.533
    endloop
  endfacet
  facet normal -0.577007 0 -0.816739
    outer loop
      vertex -23.3789 19.2 104.533
      vertex -23.6167 17.2 104.701
      vertex -23.6167 19.2 104.701
    endloop
  endfacet
  facet normal -0.744999 0 -0.667066
    outer loop
      vertex -22.9672 17.2 104.121
      vertex -23.1615 19.2 104.338
      vertex -22.9672 19.2 104.121
    endloop
  endfacet
  facet normal -0.744999 -0 -0.667066
    outer loop
      vertex -23.1615 19.2 104.338
      vertex -22.9672 17.2 104.121
      vertex -23.1615 17.2 104.338
    endloop
  endfacet
  facet normal 0.380957 0 -0.924593
    outer loop
      vertex -26.1281 17.2 104.843
      vertex -25.8587 19.2 104.954
      vertex -25.8587 17.2 104.954
    endloop
  endfacet
  facet normal 0.380957 0 -0.924593
    outer loop
      vertex -25.8587 19.2 104.954
      vertex -26.1281 17.2 104.843
      vertex -26.1281 19.2 104.843
    endloop
  endfacet
  facet normal 0.0548811 0 -0.998493
    outer loop
      vertex -25.2911 17.2 105.084
      vertex -25 19.2 105.1
      vertex -25 17.2 105.1
    endloop
  endfacet
  facet normal 0.0548811 0 -0.998493
    outer loop
      vertex -25 19.2 105.1
      vertex -25.2911 17.2 105.084
      vertex -25.2911 19.2 105.084
    endloop
  endfacet
  facet normal 0.2778 0 -0.960639
    outer loop
      vertex -25.8587 17.2 104.954
      vertex -25.5786 19.2 105.035
      vertex -25.5786 17.2 105.035
    endloop
  endfacet
  facet normal 0.2778 0 -0.960639
    outer loop
      vertex -25.5786 19.2 105.035
      vertex -25.8587 17.2 104.954
      vertex -25.8587 19.2 104.954
    endloop
  endfacet
  facet normal -0.998436 0 0.0559069
    outer loop
      vertex 27.5837 17.2 10.2089
      vertex 27.6 19.2 10.5
      vertex 27.5837 19.2 10.2089
    endloop
  endfacet
  facet normal -0.998436 0 0.0559069
    outer loop
      vertex 27.6 19.2 10.5
      vertex 27.5837 17.2 10.2089
      vertex 27.6 17.2 10.5
    endloop
  endfacet
  facet normal 0.998436 -0 0.0559069
    outer loop
      vertex 22.4 17.2 10.5
      vertex 22.4163 19.2 10.2089
      vertex 22.4 19.2 10.5
    endloop
  endfacet
  facet normal 0.998436 0 0.0559069
    outer loop
      vertex 22.4163 19.2 10.2089
      vertex 22.4 17.2 10.5
      vertex 22.4163 17.2 10.2089
    endloop
  endfacet
  facet normal 0.0560779 0 0.998426
    outer loop
      vertex 24.7089 19.2 7.91635
      vertex 25 17.2 7.9
      vertex 25 19.2 7.9
    endloop
  endfacet
  facet normal 0.0560779 0 0.998426
    outer loop
      vertex 25 17.2 7.9
      vertex 24.7089 19.2 7.91635
      vertex 24.7089 17.2 7.91635
    endloop
  endfacet
  facet normal -0.0559069 0 -0.998436
    outer loop
      vertex 25 17.2 13.1
      vertex 25.2911 19.2 13.0837
      vertex 25.2911 17.2 13.0837
    endloop
  endfacet
  facet normal -0.0559069 0 -0.998436
    outer loop
      vertex 25.2911 19.2 13.0837
      vertex 25 17.2 13.1
      vertex 25 19.2 13.1
    endloop
  endfacet
  facet normal -0.666346 0 0.745643
    outer loop
      vertex 26.6211 19.2 8.46724
      vertex 26.8385 17.2 8.66152
      vertex 26.8385 19.2 8.66152
    endloop
  endfacet
  facet normal -0.666346 0 0.745643
    outer loop
      vertex 26.8385 17.2 8.66152
      vertex 26.6211 19.2 8.46724
      vertex 26.6211 17.2 8.46724
    endloop
  endfacet
  facet normal 0.745624 -0 0.666367
    outer loop
      vertex 22.9672 17.2 8.87893
      vertex 23.1615 19.2 8.66152
      vertex 22.9672 19.2 8.87893
    endloop
  endfacet
  facet normal 0.745624 0 0.666367
    outer loop
      vertex 23.1615 19.2 8.66152
      vertex 22.9672 17.2 8.87893
      vertex 23.1615 17.2 8.66152
    endloop
  endfacet
  facet normal 0.382657 0 0.923891
    outer loop
      vertex 23.8719 19.2 8.15748
      vertex 24.1413 17.2 8.0459
      vertex 24.1413 19.2 8.0459
    endloop
  endfacet
  facet normal 0.382657 0 0.923891
    outer loop
      vertex 24.1413 17.2 8.0459
      vertex 23.8719 19.2 8.15748
      vertex 23.8719 17.2 8.15748
    endloop
  endfacet
  facet normal -0.875287 0 -0.483603
    outer loop
      vertex 27.3425 17.2 11.6281
      vertex 27.2015 19.2 11.8833
      vertex 27.3425 19.2 11.6281
    endloop
  endfacet
  facet normal -0.875287 -0 -0.483603
    outer loop
      vertex 27.2015 19.2 11.8833
      vertex 27.3425 17.2 11.6281
      vertex 27.2015 17.2 11.8833
    endloop
  endfacet
  facet normal -0.923851 0 0.382752
    outer loop
      vertex 27.3425 17.2 9.3719
      vertex 27.4541 19.2 9.64127
      vertex 27.3425 19.2 9.3719
    endloop
  endfacet
  facet normal -0.923851 0 0.382752
    outer loop
      vertex 27.4541 19.2 9.64127
      vertex 27.3425 17.2 9.3719
      vertex 27.4541 17.2 9.64127
    endloop
  endfacet
  facet normal -0.985838 0 0.167701
    outer loop
      vertex 27.5348 17.2 9.92144
      vertex 27.5837 19.2 10.2089
      vertex 27.5348 19.2 9.92144
    endloop
  endfacet
  facet normal -0.985838 0 0.167701
    outer loop
      vertex 27.5837 19.2 10.2089
      vertex 27.5348 17.2 9.92144
      vertex 27.5837 17.2 10.2089
    endloop
  endfacet
  facet normal -0.276882 0 0.960904
    outer loop
      vertex 25.5786 19.2 7.96519
      vertex 25.8587 17.2 8.0459
      vertex 25.8587 19.2 8.0459
    endloop
  endfacet
  facet normal -0.276882 0 0.960904
    outer loop
      vertex 25.8587 17.2 8.0459
      vertex 25.5786 19.2 7.96519
      vertex 25.5786 17.2 7.96519
    endloop
  endfacet
  facet normal -0.167479 0 0.985876
    outer loop
      vertex 25.2911 19.2 7.91635
      vertex 25.5786 17.2 7.96519
      vertex 25.5786 19.2 7.96519
    endloop
  endfacet
  facet normal -0.167479 0 0.985876
    outer loop
      vertex 25.5786 17.2 7.96519
      vertex 25.2911 19.2 7.91635
      vertex 25.2911 17.2 7.91635
    endloop
  endfacet
  facet normal -0.483708 0 0.875229
    outer loop
      vertex 26.1281 19.2 8.15748
      vertex 26.3833 17.2 8.29852
      vertex 26.3833 19.2 8.29852
    endloop
  endfacet
  facet normal -0.483708 0 0.875229
    outer loop
      vertex 26.3833 17.2 8.29852
      vertex 26.1281 19.2 8.15748
      vertex 26.1281 17.2 8.15748
    endloop
  endfacet
  facet normal 0.923851 -0 0.382752
    outer loop
      vertex 22.5459 17.2 9.64127
      vertex 22.6575 19.2 9.3719
      vertex 22.5459 19.2 9.64127
    endloop
  endfacet
  facet normal 0.923851 0 0.382752
    outer loop
      vertex 22.6575 19.2 9.3719
      vertex 22.5459 17.2 9.64127
      vertex 22.6575 17.2 9.3719
    endloop
  endfacet
  facet normal 0 -1 0
    outer loop
      vertex 24.7089 19.2 13.0837
      vertex 25.2911 19.2 13.0837
      vertex 25 19.2 13.1
    endloop
  endfacet
  facet normal 0 -1 0
    outer loop
      vertex 24.4214 19.2 13.0348
      vertex 25.2911 19.2 13.0837
      vertex 24.7089 19.2 13.0837
    endloop
  endfacet
  facet normal 0 -1 0
    outer loop
      vertex 24.4214 19.2 13.0348
      vertex 25.5786 19.2 13.0348
      vertex 25.2911 19.2 13.0837
    endloop
  endfacet
  facet normal 0 -1 0
    outer loop
      vertex 24.1413 19.2 12.9541
      vertex 25.5786 19.2 13.0348
      vertex 24.4214 19.2 13.0348
    endloop
  endfacet
  facet normal 0 -1 0
    outer loop
      vertex 24.1413 19.2 12.9541
      vertex 25.8587 19.2 12.9541
      vertex 25.5786 19.2 13.0348
    endloop
  endfacet
  facet normal 0 -1 0
    outer loop
      vertex 23.8719 19.2 12.8425
      vertex 25.8587 19.2 12.9541
      vertex 24.1413 19.2 12.9541
    endloop
  endfacet
  facet normal 0 -1 0
    outer loop
      vertex 23.8719 19.2 12.8425
      vertex 26.1281 19.2 12.8425
      vertex 25.8587 19.2 12.9541
    endloop
  endfacet
  facet normal 0 -1 0
    outer loop
      vertex 23.6167 19.2 12.7015
      vertex 26.1281 19.2 12.8425
      vertex 23.8719 19.2 12.8425
    endloop
  endfacet
  facet normal 0 -1 0
    outer loop
      vertex 23.6167 19.2 12.7015
      vertex 26.3833 19.2 12.7015
      vertex 26.1281 19.2 12.8425
    endloop
  endfacet
  facet normal 0 -1 0
    outer loop
      vertex 23.3789 19.2 12.5328
      vertex 26.3833 19.2 12.7015
      vertex 23.6167 19.2 12.7015
    endloop
  endfacet
  facet normal 0 -1 0
    outer loop
      vertex 23.3789 19.2 12.5328
      vertex 26.6211 19.2 12.5328
      vertex 26.3833 19.2 12.7015
    endloop
  endfacet
  facet normal 0 -1 0
    outer loop
      vertex 23.1615 19.2 12.3385
      vertex 26.6211 19.2 12.5328
      vertex 23.3789 19.2 12.5328
    endloop
  endfacet
  facet normal 0 -1 0
    outer loop
      vertex 23.1615 19.2 12.3385
      vertex 26.8385 19.2 12.3385
      vertex 26.6211 19.2 12.5328
    endloop
  endfacet
  facet normal 0 -1 0
    outer loop
      vertex 22.9672 19.2 12.1211
      vertex 26.8385 19.2 12.3385
      vertex 23.1615 19.2 12.3385
    endloop
  endfacet
  facet normal 0 -1 0
    outer loop
      vertex 22.9672 19.2 12.1211
      vertex 27.0328 19.2 12.1211
      vertex 26.8385 19.2 12.3385
    endloop
  endfacet
  facet normal 0 -1 0
    outer loop
      vertex 22.7985 19.2 11.8833
      vertex 27.0328 19.2 12.1211
      vertex 22.9672 19.2 12.1211
    endloop
  endfacet
  facet normal 0 -1 0
    outer loop
      vertex 22.7985 19.2 11.8833
      vertex 27.2015 19.2 11.8833
      vertex 27.0328 19.2 12.1211
    endloop
  endfacet
  facet normal 0 -1 0
    outer loop
      vertex 22.6575 19.2 11.6281
      vertex 27.2015 19.2 11.8833
      vertex 22.7985 19.2 11.8833
    endloop
  endfacet
  facet normal 0 -1 0
    outer loop
      vertex 22.6575 19.2 11.6281
      vertex 27.3425 19.2 11.6281
      vertex 27.2015 19.2 11.8833
    endloop
  endfacet
  facet normal 0 -1 0
    outer loop
      vertex 22.5459 19.2 11.3587
      vertex 27.3425 19.2 11.6281
      vertex 22.6575 19.2 11.6281
    endloop
  endfacet
  facet normal 0 -1 0
    outer loop
      vertex 22.5459 19.2 11.3587
      vertex 27.4541 19.2 11.3587
      vertex 27.3425 19.2 11.6281
    endloop
  endfacet
  facet normal 0 -1 0
    outer loop
      vertex 22.4652 19.2 11.0786
      vertex 27.4541 19.2 11.3587
      vertex 22.5459 19.2 11.3587
    endloop
  endfacet
  facet normal 0 -1 0
    outer loop
      vertex 22.4652 19.2 11.0786
      vertex 27.5348 19.2 11.0786
      vertex 27.4541 19.2 11.3587
    endloop
  endfacet
  facet normal 0 -1 0
    outer loop
      vertex 22.4163 19.2 10.7911
      vertex 27.5348 19.2 11.0786
      vertex 22.4652 19.2 11.0786
    endloop
  endfacet
  facet normal 0 -1 0
    outer loop
      vertex 22.4163 19.2 10.7911
      vertex 27.5837 19.2 10.7911
      vertex 27.5348 19.2 11.0786
    endloop
  endfacet
  facet normal 0 -1 0
    outer loop
      vertex 22.4 19.2 10.5
      vertex 27.5837 19.2 10.7911
      vertex 22.4163 19.2 10.7911
    endloop
  endfacet
  facet normal 0 -1 0
    outer loop
      vertex 22.4 19.2 10.5
      vertex 27.6 19.2 10.5
      vertex 27.5837 19.2 10.7911
    endloop
  endfacet
  facet normal 0 -1 0
    outer loop
      vertex 22.4163 19.2 10.2089
      vertex 27.6 19.2 10.5
      vertex 22.4 19.2 10.5
    endloop
  endfacet
  facet normal 0 -1 0
    outer loop
      vertex 22.4163 19.2 10.2089
      vertex 27.5837 19.2 10.2089
      vertex 27.6 19.2 10.5
    endloop
  endfacet
  facet normal 0 -1 0
    outer loop
      vertex 22.4652 19.2 9.92144
      vertex 27.5837 19.2 10.2089
      vertex 22.4163 19.2 10.2089
    endloop
  endfacet
  facet normal 0 -1 0
    outer loop
      vertex 22.4652 19.2 9.92144
      vertex 27.5348 19.2 9.92144
      vertex 27.5837 19.2 10.2089
    endloop
  endfacet
  facet normal 0 -1 0
    outer loop
      vertex 22.5459 19.2 9.64127
      vertex 27.5348 19.2 9.92144
      vertex 22.4652 19.2 9.92144
    endloop
  endfacet
  facet normal 0 -1 0
    outer loop
      vertex 22.5459 19.2 9.64127
      vertex 27.4541 19.2 9.64127
      vertex 27.5348 19.2 9.92144
    endloop
  endfacet
  facet normal 0 -1 0
    outer loop
      vertex 22.6575 19.2 9.3719
      vertex 27.4541 19.2 9.64127
      vertex 22.5459 19.2 9.64127
    endloop
  endfacet
  facet normal 0 -1 0
    outer loop
      vertex 22.6575 19.2 9.3719
      vertex 27.3425 19.2 9.3719
      vertex 27.4541 19.2 9.64127
    endloop
  endfacet
  facet normal 0 -1 0
    outer loop
      vertex 22.7985 19.2 9.11672
      vertex 27.3425 19.2 9.3719
      vertex 22.6575 19.2 9.3719
    endloop
  endfacet
  facet normal 0 -1 0
    outer loop
      vertex 22.7985 19.2 9.11672
      vertex 27.2015 19.2 9.11672
      vertex 27.3425 19.2 9.3719
    endloop
  endfacet
  facet normal 0 -1 0
    outer loop
      vertex 22.9672 19.2 8.87893
      vertex 27.2015 19.2 9.11672
      vertex 22.7985 19.2 9.11672
    endloop
  endfacet
  facet normal 0 -1 0
    outer loop
      vertex 22.9672 19.2 8.87893
      vertex 27.0328 19.2 8.87893
      vertex 27.2015 19.2 9.11672
    endloop
  endfacet
  facet normal 0 -1 0
    outer loop
      vertex 23.1615 19.2 8.66152
      vertex 27.0328 19.2 8.87893
      vertex 22.9672 19.2 8.87893
    endloop
  endfacet
  facet normal 0 -1 0
    outer loop
      vertex 23.1615 19.2 8.66152
      vertex 26.8385 19.2 8.66152
      vertex 27.0328 19.2 8.87893
    endloop
  endfacet
  facet normal 0 -1 0
    outer loop
      vertex 23.3789 19.2 8.46724
      vertex 26.8385 19.2 8.66152
      vertex 23.1615 19.2 8.66152
    endloop
  endfacet
  facet normal 0 -1 0
    outer loop
      vertex 23.3789 19.2 8.46724
      vertex 26.6211 19.2 8.46724
      vertex 26.8385 19.2 8.66152
    endloop
  endfacet
  facet normal 0 -1 0
    outer loop
      vertex 23.6167 19.2 8.29852
      vertex 26.6211 19.2 8.46724
      vertex 23.3789 19.2 8.46724
    endloop
  endfacet
  facet normal 0 -1 0
    outer loop
      vertex 23.6167 19.2 8.29852
      vertex 26.3833 19.2 8.29852
      vertex 26.6211 19.2 8.46724
    endloop
  endfacet
  facet normal 0 -1 0
    outer loop
      vertex 23.8719 19.2 8.15748
      vertex 26.3833 19.2 8.29852
      vertex 23.6167 19.2 8.29852
    endloop
  endfacet
  facet normal 0 -1 0
    outer loop
      vertex 23.8719 19.2 8.15748
      vertex 26.1281 19.2 8.15748
      vertex 26.3833 19.2 8.29852
    endloop
  endfacet
  facet normal 0 -1 0
    outer loop
      vertex 24.1413 19.2 8.0459
      vertex 26.1281 19.2 8.15748
      vertex 23.8719 19.2 8.15748
    endloop
  endfacet
  facet normal 0 -1 0
    outer loop
      vertex 24.1413 19.2 8.0459
      vertex 25.8587 19.2 8.0459
      vertex 26.1281 19.2 8.15748
    endloop
  endfacet
  facet normal 0 -1 0
    outer loop
      vertex 24.4214 19.2 7.96519
      vertex 25.8587 19.2 8.0459
      vertex 24.1413 19.2 8.0459
    endloop
  endfacet
  facet normal 0 -1 0
    outer loop
      vertex 24.4214 19.2 7.96519
      vertex 25.5786 19.2 7.96519
      vertex 25.8587 19.2 8.0459
    endloop
  endfacet
  facet normal 0 -1 0
    outer loop
      vertex 24.7089 19.2 7.91635
      vertex 25.5786 19.2 7.96519
      vertex 24.4214 19.2 7.96519
    endloop
  endfacet
  facet normal 0 -1 0
    outer loop
      vertex 24.7089 19.2 7.91635
      vertex 25.2911 19.2 7.91635
      vertex 25.5786 19.2 7.96519
    endloop
  endfacet
  facet normal -0 -1 0
    outer loop
      vertex 25.2911 19.2 7.91635
      vertex 24.7089 19.2 7.91635
      vertex 25 19.2 7.9
    endloop
  endfacet
  facet normal 0.167479 0 0.985876
    outer loop
      vertex 24.4214 19.2 7.96519
      vertex 24.7089 17.2 7.91635
      vertex 24.7089 19.2 7.91635
    endloop
  endfacet
  facet normal 0.167479 0 0.985876
    outer loop
      vertex 24.7089 17.2 7.91635
      vertex 24.4214 19.2 7.96519
      vertex 24.4214 17.2 7.96519
    endloop
  endfacet
  facet normal -0.985842 0 -0.167679
    outer loop
      vertex 27.5837 17.2 10.7911
      vertex 27.5348 19.2 11.0786
      vertex 27.5837 19.2 10.7911
    endloop
  endfacet
  facet normal -0.985842 -0 -0.167679
    outer loop
      vertex 27.5348 19.2 11.0786
      vertex 27.5837 17.2 10.7911
      vertex 27.5348 17.2 11.0786
    endloop
  endfacet
  facet normal -0.167679 0 -0.985842
    outer loop
      vertex 25.2911 17.2 13.0837
      vertex 25.5786 19.2 13.0348
      vertex 25.5786 17.2 13.0348
    endloop
  endfacet
  facet normal -0.167679 0 -0.985842
    outer loop
      vertex 25.5786 19.2 13.0348
      vertex 25.2911 17.2 13.0837
      vertex 25.2911 19.2 13.0837
    endloop
  endfacet
  facet normal -0.960932 0 0.276786
    outer loop
      vertex 27.4541 17.2 9.64127
      vertex 27.5348 19.2 9.92144
      vertex 27.4541 19.2 9.64127
    endloop
  endfacet
  facet normal -0.960932 0 0.276786
    outer loop
      vertex 27.5348 19.2 9.92144
      vertex 27.4541 17.2 9.64127
      vertex 27.5348 17.2 9.92144
    endloop
  endfacet
  facet normal -0.815595 0 0.578623
    outer loop
      vertex 27.0328 17.2 8.87893
      vertex 27.2015 19.2 9.11672
      vertex 27.0328 19.2 8.87893
    endloop
  endfacet
  facet normal -0.815595 0 0.578623
    outer loop
      vertex 27.2015 19.2 9.11672
      vertex 27.0328 17.2 8.87893
      vertex 27.2015 17.2 9.11672
    endloop
  endfacet
  facet normal -0.745624 0 0.666367
    outer loop
      vertex 26.8385 17.2 8.66152
      vertex 27.0328 19.2 8.87893
      vertex 26.8385 19.2 8.66152
    endloop
  endfacet
  facet normal -0.745624 0 0.666367
    outer loop
      vertex 27.0328 19.2 8.87893
      vertex 26.8385 17.2 8.66152
      vertex 27.0328 17.2 8.87893
    endloop
  endfacet
  facet normal -0.875271 0 0.483632
    outer loop
      vertex 27.2015 17.2 9.11672
      vertex 27.3425 19.2 9.3719
      vertex 27.2015 19.2 9.11672
    endloop
  endfacet
  facet normal -0.875271 0 0.483632
    outer loop
      vertex 27.3425 19.2 9.3719
      vertex 27.2015 17.2 9.11672
      vertex 27.3425 17.2 9.3719
    endloop
  endfacet
  facet normal -0.0560779 0 0.998426
    outer loop
      vertex 25 19.2 7.9
      vertex 25.2911 17.2 7.91635
      vertex 25.2911 19.2 7.91635
    endloop
  endfacet
  facet normal -0.0560779 0 0.998426
    outer loop
      vertex 25.2911 17.2 7.91635
      vertex 25 19.2 7.9
      vertex 25 17.2 7.9
    endloop
  endfacet
  facet normal -0.382657 0 0.923891
    outer loop
      vertex 25.8587 19.2 8.0459
      vertex 26.1281 17.2 8.15748
      vertex 26.1281 19.2 8.15748
    endloop
  endfacet
  facet normal -0.382657 0 0.923891
    outer loop
      vertex 26.1281 17.2 8.15748
      vertex 25.8587 19.2 8.0459
      vertex 25.8587 17.2 8.0459
    endloop
  endfacet
  facet normal -0.578653 0 0.815574
    outer loop
      vertex 26.3833 19.2 8.29852
      vertex 26.6211 17.2 8.46724
      vertex 26.6211 19.2 8.46724
    endloop
  endfacet
  facet normal -0.578653 0 0.815574
    outer loop
      vertex 26.6211 17.2 8.46724
      vertex 26.3833 19.2 8.29852
      vertex 26.3833 17.2 8.29852
    endloop
  endfacet
  facet normal 0.875271 -0 0.483632
    outer loop
      vertex 22.6575 17.2 9.3719
      vertex 22.7985 19.2 9.11672
      vertex 22.6575 19.2 9.3719
    endloop
  endfacet
  facet normal 0.875271 0 0.483632
    outer loop
      vertex 22.7985 19.2 9.11672
      vertex 22.6575 17.2 9.3719
      vertex 22.7985 17.2 9.11672
    endloop
  endfacet
  facet normal 0.815595 -0 0.578623
    outer loop
      vertex 22.7985 17.2 9.11672
      vertex 22.9672 19.2 8.87893
      vertex 22.7985 19.2 9.11672
    endloop
  endfacet
  facet normal 0.815595 0 0.578623
    outer loop
      vertex 22.9672 19.2 8.87893
      vertex 22.7985 17.2 9.11672
      vertex 22.9672 17.2 8.87893
    endloop
  endfacet
  facet normal 0.960932 -0 0.276786
    outer loop
      vertex 22.4652 17.2 9.92144
      vertex 22.5459 19.2 9.64127
      vertex 22.4652 19.2 9.92144
    endloop
  endfacet
  facet normal 0.960932 0 0.276786
    outer loop
      vertex 22.5459 19.2 9.64127
      vertex 22.4652 17.2 9.92144
      vertex 22.5459 17.2 9.64127
    endloop
  endfacet
  facet normal 0.985838 -0 0.167701
    outer loop
      vertex 22.4163 17.2 10.2089
      vertex 22.4652 19.2 9.92144
      vertex 22.4163 19.2 10.2089
    endloop
  endfacet
  facet normal 0.985838 0 0.167701
    outer loop
      vertex 22.4652 19.2 9.92144
      vertex 22.4163 17.2 10.2089
      vertex 22.4652 17.2 9.92144
    endloop
  endfacet
  facet normal 0.578653 0 0.815574
    outer loop
      vertex 23.3789 19.2 8.46724
      vertex 23.6167 17.2 8.29852
      vertex 23.6167 19.2 8.29852
    endloop
  endfacet
  facet normal 0.578653 0 0.815574
    outer loop
      vertex 23.6167 17.2 8.29852
      vertex 23.3789 19.2 8.46724
      vertex 23.3789 17.2 8.46724
    endloop
  endfacet
  facet normal 0.483708 0 0.875229
    outer loop
      vertex 23.6167 19.2 8.29852
      vertex 23.8719 17.2 8.15748
      vertex 23.8719 19.2 8.15748
    endloop
  endfacet
  facet normal 0.483708 0 0.875229
    outer loop
      vertex 23.8719 17.2 8.15748
      vertex 23.6167 19.2 8.29852
      vertex 23.6167 17.2 8.29852
    endloop
  endfacet
  facet normal 0.666346 0 0.745643
    outer loop
      vertex 23.1615 19.2 8.66152
      vertex 23.3789 17.2 8.46724
      vertex 23.3789 19.2 8.46724
    endloop
  endfacet
  facet normal 0.666346 0 0.745643
    outer loop
      vertex 23.3789 17.2 8.46724
      vertex 23.1615 19.2 8.66152
      vertex 23.1615 17.2 8.66152
    endloop
  endfacet
  facet normal 0.276882 0 0.960904
    outer loop
      vertex 24.1413 19.2 8.0459
      vertex 24.4214 17.2 7.96519
      vertex 24.4214 19.2 7.96519
    endloop
  endfacet
  facet normal 0.276882 0 0.960904
    outer loop
      vertex 24.4214 17.2 7.96519
      vertex 24.1413 19.2 8.0459
      vertex 24.1413 17.2 8.0459
    endloop
  endfacet
  facet normal -0.998436 0 -0.0559069
    outer loop
      vertex 27.6 17.2 10.5
      vertex 27.5837 19.2 10.7911
      vertex 27.6 19.2 10.5
    endloop
  endfacet
  facet normal -0.998436 -0 -0.0559069
    outer loop
      vertex 27.5837 19.2 10.7911
      vertex 27.6 17.2 10.5
      vertex 27.5837 17.2 10.7911
    endloop
  endfacet
  facet normal -0.745609 0 -0.666384
    outer loop
      vertex 27.0328 17.2 12.1211
      vertex 26.8385 19.2 12.3385
      vertex 27.0328 19.2 12.1211
    endloop
  endfacet
  facet normal -0.745609 -0 -0.666384
    outer loop
      vertex 26.8385 19.2 12.3385
      vertex 27.0328 17.2 12.1211
      vertex 26.8385 17.2 12.3385
    endloop
  endfacet
  facet normal 0 1 0
    outer loop
      vertex 25.2911 17.2 13.0837
      vertex 24.7089 17.2 13.0837
      vertex 25 17.2 13.1
    endloop
  endfacet
  facet normal 0 1 0
    outer loop
      vertex 25.5786 17.2 13.0348
      vertex 24.7089 17.2 13.0837
      vertex 25.2911 17.2 13.0837
    endloop
  endfacet
  facet normal 0 1 0
    outer loop
      vertex 25.5786 17.2 13.0348
      vertex 24.4214 17.2 13.0348
      vertex 24.7089 17.2 13.0837
    endloop
  endfacet
  facet normal 0 1 0
    outer loop
      vertex 25.8587 17.2 12.9541
      vertex 24.4214 17.2 13.0348
      vertex 25.5786 17.2 13.0348
    endloop
  endfacet
  facet normal 0 1 0
    outer loop
      vertex 25.8587 17.2 12.9541
      vertex 24.1413 17.2 12.9541
      vertex 24.4214 17.2 13.0348
    endloop
  endfacet
  facet normal 0 1 0
    outer loop
      vertex 26.1281 17.2 12.8425
      vertex 24.1413 17.2 12.9541
      vertex 25.8587 17.2 12.9541
    endloop
  endfacet
  facet normal 0 1 0
    outer loop
      vertex 26.1281 17.2 12.8425
      vertex 23.8719 17.2 12.8425
      vertex 24.1413 17.2 12.9541
    endloop
  endfacet
  facet normal 0 1 0
    outer loop
      vertex 26.3833 17.2 12.7015
      vertex 23.8719 17.2 12.8425
      vertex 26.1281 17.2 12.8425
    endloop
  endfacet
  facet normal 0 1 0
    outer loop
      vertex 26.3833 17.2 12.7015
      vertex 23.6167 17.2 12.7015
      vertex 23.8719 17.2 12.8425
    endloop
  endfacet
  facet normal 0 1 0
    outer loop
      vertex 26.6211 17.2 12.5328
      vertex 23.6167 17.2 12.7015
      vertex 26.3833 17.2 12.7015
    endloop
  endfacet
  facet normal 0 1 0
    outer loop
      vertex 26.6211 17.2 12.5328
      vertex 23.3789 17.2 12.5328
      vertex 23.6167 17.2 12.7015
    endloop
  endfacet
  facet normal 0 1 0
    outer loop
      vertex 26.8385 17.2 12.3385
      vertex 23.3789 17.2 12.5328
      vertex 26.6211 17.2 12.5328
    endloop
  endfacet
  facet normal 0 1 0
    outer loop
      vertex 26.8385 17.2 12.3385
      vertex 23.1615 17.2 12.3385
      vertex 23.3789 17.2 12.5328
    endloop
  endfacet
  facet normal 0 1 0
    outer loop
      vertex 27.0328 17.2 12.1211
      vertex 23.1615 17.2 12.3385
      vertex 26.8385 17.2 12.3385
    endloop
  endfacet
  facet normal 0 1 0
    outer loop
      vertex 27.0328 17.2 12.1211
      vertex 22.9672 17.2 12.1211
      vertex 23.1615 17.2 12.3385
    endloop
  endfacet
  facet normal 0 1 0
    outer loop
      vertex 27.2015 17.2 11.8833
      vertex 22.9672 17.2 12.1211
      vertex 27.0328 17.2 12.1211
    endloop
  endfacet
  facet normal 0 1 0
    outer loop
      vertex 27.2015 17.2 11.8833
      vertex 22.7985 17.2 11.8833
      vertex 22.9672 17.2 12.1211
    endloop
  endfacet
  facet normal 0 1 0
    outer loop
      vertex 27.3425 17.2 11.6281
      vertex 22.7985 17.2 11.8833
      vertex 27.2015 17.2 11.8833
    endloop
  endfacet
  facet normal 0 1 0
    outer loop
      vertex 27.3425 17.2 11.6281
      vertex 22.6575 17.2 11.6281
      vertex 22.7985 17.2 11.8833
    endloop
  endfacet
  facet normal 0 1 0
    outer loop
      vertex 27.4541 17.2 11.3587
      vertex 22.6575 17.2 11.6281
      vertex 27.3425 17.2 11.6281
    endloop
  endfacet
  facet normal 0 1 0
    outer loop
      vertex 27.4541 17.2 11.3587
      vertex 22.5459 17.2 11.3587
      vertex 22.6575 17.2 11.6281
    endloop
  endfacet
  facet normal 0 1 0
    outer loop
      vertex 27.5348 17.2 11.0786
      vertex 22.5459 17.2 11.3587
      vertex 27.4541 17.2 11.3587
    endloop
  endfacet
  facet normal 0 1 0
    outer loop
      vertex 27.5348 17.2 11.0786
      vertex 22.4652 17.2 11.0786
      vertex 22.5459 17.2 11.3587
    endloop
  endfacet
  facet normal 0 1 0
    outer loop
      vertex 27.5837 17.2 10.7911
      vertex 22.4652 17.2 11.0786
      vertex 27.5348 17.2 11.0786
    endloop
  endfacet
  facet normal 0 1 0
    outer loop
      vertex 27.5837 17.2 10.7911
      vertex 22.4163 17.2 10.7911
      vertex 22.4652 17.2 11.0786
    endloop
  endfacet
  facet normal 0 1 0
    outer loop
      vertex 27.6 17.2 10.5
      vertex 22.4163 17.2 10.7911
      vertex 27.5837 17.2 10.7911
    endloop
  endfacet
  facet normal 0 1 0
    outer loop
      vertex 27.6 17.2 10.5
      vertex 22.4 17.2 10.5
      vertex 22.4163 17.2 10.7911
    endloop
  endfacet
  facet normal 0 1 -0
    outer loop
      vertex 27.5837 17.2 10.2089
      vertex 22.4 17.2 10.5
      vertex 27.6 17.2 10.5
    endloop
  endfacet
  facet normal 0 1 0
    outer loop
      vertex 27.5837 17.2 10.2089
      vertex 22.4163 17.2 10.2089
      vertex 22.4 17.2 10.5
    endloop
  endfacet
  facet normal 0 1 -0
    outer loop
      vertex 27.5348 17.2 9.92144
      vertex 22.4163 17.2 10.2089
      vertex 27.5837 17.2 10.2089
    endloop
  endfacet
  facet normal 0 1 0
    outer loop
      vertex 27.5348 17.2 9.92144
      vertex 22.4652 17.2 9.92144
      vertex 22.4163 17.2 10.2089
    endloop
  endfacet
  facet normal 0 1 -0
    outer loop
      vertex 27.4541 17.2 9.64127
      vertex 22.4652 17.2 9.92144
      vertex 27.5348 17.2 9.92144
    endloop
  endfacet
  facet normal 0 1 0
    outer loop
      vertex 27.4541 17.2 9.64127
      vertex 22.5459 17.2 9.64127
      vertex 22.4652 17.2 9.92144
    endloop
  endfacet
  facet normal 0 1 -0
    outer loop
      vertex 27.3425 17.2 9.3719
      vertex 22.5459 17.2 9.64127
      vertex 27.4541 17.2 9.64127
    endloop
  endfacet
  facet normal 0 1 0
    outer loop
      vertex 27.3425 17.2 9.3719
      vertex 22.6575 17.2 9.3719
      vertex 22.5459 17.2 9.64127
    endloop
  endfacet
  facet normal 0 1 -0
    outer loop
      vertex 27.2015 17.2 9.11672
      vertex 22.6575 17.2 9.3719
      vertex 27.3425 17.2 9.3719
    endloop
  endfacet
  facet normal 0 1 0
    outer loop
      vertex 27.2015 17.2 9.11672
      vertex 22.7985 17.2 9.11672
      vertex 22.6575 17.2 9.3719
    endloop
  endfacet
  facet normal 0 1 -0
    outer loop
      vertex 27.0328 17.2 8.87893
      vertex 22.7985 17.2 9.11672
      vertex 27.2015 17.2 9.11672
    endloop
  endfacet
  facet normal 0 1 0
    outer loop
      vertex 27.0328 17.2 8.87893
      vertex 22.9672 17.2 8.87893
      vertex 22.7985 17.2 9.11672
    endloop
  endfacet
  facet normal 0 1 -0
    outer loop
      vertex 26.8385 17.2 8.66152
      vertex 22.9672 17.2 8.87893
      vertex 27.0328 17.2 8.87893
    endloop
  endfacet
  facet normal 0 1 0
    outer loop
      vertex 26.8385 17.2 8.66152
      vertex 23.1615 17.2 8.66152
      vertex 22.9672 17.2 8.87893
    endloop
  endfacet
  facet normal 0 1 -0
    outer loop
      vertex 26.6211 17.2 8.46724
      vertex 23.1615 17.2 8.66152
      vertex 26.8385 17.2 8.66152
    endloop
  endfacet
  facet normal 0 1 0
    outer loop
      vertex 26.6211 17.2 8.46724
      vertex 23.3789 17.2 8.46724
      vertex 23.1615 17.2 8.66152
    endloop
  endfacet
  facet normal 0 1 -0
    outer loop
      vertex 26.3833 17.2 8.29852
      vertex 23.3789 17.2 8.46724
      vertex 26.6211 17.2 8.46724
    endloop
  endfacet
  facet normal 0 1 0
    outer loop
      vertex 26.3833 17.2 8.29852
      vertex 23.6167 17.2 8.29852
      vertex 23.3789 17.2 8.46724
    endloop
  endfacet
  facet normal 0 1 -0
    outer loop
      vertex 26.1281 17.2 8.15748
      vertex 23.6167 17.2 8.29852
      vertex 26.3833 17.2 8.29852
    endloop
  endfacet
  facet normal 0 1 0
    outer loop
      vertex 26.1281 17.2 8.15748
      vertex 23.8719 17.2 8.15748
      vertex 23.6167 17.2 8.29852
    endloop
  endfacet
  facet normal 0 1 -0
    outer loop
      vertex 25.8587 17.2 8.0459
      vertex 23.8719 17.2 8.15748
      vertex 26.1281 17.2 8.15748
    endloop
  endfacet
  facet normal 0 1 0
    outer loop
      vertex 25.8587 17.2 8.0459
      vertex 24.1413 17.2 8.0459
      vertex 23.8719 17.2 8.15748
    endloop
  endfacet
  facet normal 0 1 -0
    outer loop
      vertex 25.5786 17.2 7.96519
      vertex 24.1413 17.2 8.0459
      vertex 25.8587 17.2 8.0459
    endloop
  endfacet
  facet normal 0 1 0
    outer loop
      vertex 25.5786 17.2 7.96519
      vertex 24.4214 17.2 7.96519
      vertex 24.1413 17.2 8.0459
    endloop
  endfacet
  facet normal 0 1 -0
    outer loop
      vertex 25.2911 17.2 7.91635
      vertex 24.4214 17.2 7.96519
      vertex 25.5786 17.2 7.96519
    endloop
  endfacet
  facet normal 0 1 0
    outer loop
      vertex 25.2911 17.2 7.91635
      vertex 24.7089 17.2 7.91635
      vertex 24.4214 17.2 7.96519
    endloop
  endfacet
  facet normal -0 1 0
    outer loop
      vertex 24.7089 17.2 7.91635
      vertex 25.2911 17.2 7.91635
      vertex 25 17.2 7.9
    endloop
  endfacet
  facet normal -0.666384 0 -0.745609
    outer loop
      vertex 26.6211 17.2 12.5328
      vertex 26.8385 19.2 12.3385
      vertex 26.8385 17.2 12.3385
    endloop
  endfacet
  facet normal -0.666384 0 -0.745609
    outer loop
      vertex 26.8385 19.2 12.3385
      vertex 26.6211 17.2 12.5328
      vertex 26.6211 19.2 12.5328
    endloop
  endfacet
  facet normal -0.923866 0 -0.382715
    outer loop
      vertex 27.4541 17.2 11.3587
      vertex 27.3425 19.2 11.6281
      vertex 27.4541 19.2 11.3587
    endloop
  endfacet
  facet normal -0.923866 -0 -0.382715
    outer loop
      vertex 27.3425 19.2 11.6281
      vertex 27.4541 17.2 11.3587
      vertex 27.3425 17.2 11.6281
    endloop
  endfacet
  facet normal -0.815606 0 -0.578607
    outer loop
      vertex 27.2015 17.2 11.8833
      vertex 27.0328 19.2 12.1211
      vertex 27.2015 19.2 11.8833
    endloop
  endfacet
  facet normal -0.815606 -0 -0.578607
    outer loop
      vertex 27.0328 19.2 12.1211
      vertex 27.2015 17.2 11.8833
      vertex 27.0328 17.2 12.1211
    endloop
  endfacet
  facet normal 0.960913 0 -0.27685
    outer loop
      vertex 22.5459 17.2 11.3587
      vertex 22.4652 19.2 11.0786
      vertex 22.5459 19.2 11.3587
    endloop
  endfacet
  facet normal 0.960913 0 -0.27685
    outer loop
      vertex 22.4652 19.2 11.0786
      vertex 22.5459 17.2 11.3587
      vertex 22.4652 17.2 11.0786
    endloop
  endfacet
  facet normal 0.923866 0 -0.382715
    outer loop
      vertex 22.6575 17.2 11.6281
      vertex 22.5459 19.2 11.3587
      vertex 22.6575 19.2 11.6281
    endloop
  endfacet
  facet normal 0.923866 0 -0.382715
    outer loop
      vertex 22.5459 19.2 11.3587
      vertex 22.6575 17.2 11.6281
      vertex 22.5459 17.2 11.3587
    endloop
  endfacet
  facet normal 0.998436 0 -0.0559069
    outer loop
      vertex 22.4163 17.2 10.7911
      vertex 22.4 19.2 10.5
      vertex 22.4163 19.2 10.7911
    endloop
  endfacet
  facet normal 0.998436 0 -0.0559069
    outer loop
      vertex 22.4 19.2 10.5
      vertex 22.4163 17.2 10.7911
      vertex 22.4 17.2 10.5
    endloop
  endfacet
  facet normal -0.382715 0 -0.923866
    outer loop
      vertex 25.8587 17.2 12.9541
      vertex 26.1281 19.2 12.8425
      vertex 26.1281 17.2 12.8425
    endloop
  endfacet
  facet normal -0.382715 0 -0.923866
    outer loop
      vertex 26.1281 19.2 12.8425
      vertex 25.8587 17.2 12.9541
      vertex 25.8587 19.2 12.9541
    endloop
  endfacet
  facet normal -0.27685 0 -0.960913
    outer loop
      vertex 25.5786 17.2 13.0348
      vertex 25.8587 19.2 12.9541
      vertex 25.8587 17.2 12.9541
    endloop
  endfacet
  facet normal -0.27685 0 -0.960913
    outer loop
      vertex 25.8587 19.2 12.9541
      vertex 25.5786 17.2 13.0348
      vertex 25.5786 19.2 13.0348
    endloop
  endfacet
  facet normal -0.483603 0 -0.875287
    outer loop
      vertex 26.1281 17.2 12.8425
      vertex 26.3833 19.2 12.7015
      vertex 26.3833 17.2 12.7015
    endloop
  endfacet
  facet normal -0.483603 0 -0.875287
    outer loop
      vertex 26.3833 19.2 12.7015
      vertex 26.1281 17.2 12.8425
      vertex 26.1281 19.2 12.8425
    endloop
  endfacet
  facet normal -0.578607 0 -0.815606
    outer loop
      vertex 26.3833 17.2 12.7015
      vertex 26.6211 19.2 12.5328
      vertex 26.6211 17.2 12.5328
    endloop
  endfacet
  facet normal -0.578607 0 -0.815606
    outer loop
      vertex 26.6211 19.2 12.5328
      vertex 26.3833 17.2 12.7015
      vertex 26.3833 19.2 12.7015
    endloop
  endfacet
  facet normal -0.960913 0 -0.27685
    outer loop
      vertex 27.5348 17.2 11.0786
      vertex 27.4541 19.2 11.3587
      vertex 27.5348 19.2 11.0786
    endloop
  endfacet
  facet normal -0.960913 -0 -0.27685
    outer loop
      vertex 27.4541 19.2 11.3587
      vertex 27.5348 17.2 11.0786
      vertex 27.4541 17.2 11.3587
    endloop
  endfacet
  facet normal 0.0559069 0 -0.998436
    outer loop
      vertex 24.7089 17.2 13.0837
      vertex 25 19.2 13.1
      vertex 25 17.2 13.1
    endloop
  endfacet
  facet normal 0.0559069 0 -0.998436
    outer loop
      vertex 25 19.2 13.1
      vertex 24.7089 17.2 13.0837
      vertex 24.7089 19.2 13.0837
    endloop
  endfacet
  facet normal 0.578607 0 -0.815606
    outer loop
      vertex 23.3789 17.2 12.5328
      vertex 23.6167 19.2 12.7015
      vertex 23.6167 17.2 12.7015
    endloop
  endfacet
  facet normal 0.578607 0 -0.815606
    outer loop
      vertex 23.6167 19.2 12.7015
      vertex 23.3789 17.2 12.5328
      vertex 23.3789 19.2 12.5328
    endloop
  endfacet
  facet normal 0.483603 0 -0.875287
    outer loop
      vertex 23.6167 17.2 12.7015
      vertex 23.8719 19.2 12.8425
      vertex 23.8719 17.2 12.8425
    endloop
  endfacet
  facet normal 0.483603 0 -0.875287
    outer loop
      vertex 23.8719 19.2 12.8425
      vertex 23.6167 17.2 12.7015
      vertex 23.6167 19.2 12.7015
    endloop
  endfacet
  facet normal 0.875287 0 -0.483603
    outer loop
      vertex 22.7985 17.2 11.8833
      vertex 22.6575 19.2 11.6281
      vertex 22.7985 19.2 11.8833
    endloop
  endfacet
  facet normal 0.875287 0 -0.483603
    outer loop
      vertex 22.6575 19.2 11.6281
      vertex 22.7985 17.2 11.8833
      vertex 22.6575 17.2 11.6281
    endloop
  endfacet
  facet normal 0.745609 0 -0.666384
    outer loop
      vertex 23.1615 17.2 12.3385
      vertex 22.9672 19.2 12.1211
      vertex 23.1615 19.2 12.3385
    endloop
  endfacet
  facet normal 0.745609 0 -0.666384
    outer loop
      vertex 22.9672 19.2 12.1211
      vertex 23.1615 17.2 12.3385
      vertex 22.9672 17.2 12.1211
    endloop
  endfacet
  facet normal 0.666384 0 -0.745609
    outer loop
      vertex 23.1615 17.2 12.3385
      vertex 23.3789 19.2 12.5328
      vertex 23.3789 17.2 12.5328
    endloop
  endfacet
  facet normal 0.666384 0 -0.745609
    outer loop
      vertex 23.3789 19.2 12.5328
      vertex 23.1615 17.2 12.3385
      vertex 23.1615 19.2 12.3385
    endloop
  endfacet
  facet normal 0.985842 0 -0.167679
    outer loop
      vertex 22.4652 17.2 11.0786
      vertex 22.4163 19.2 10.7911
      vertex 22.4652 19.2 11.0786
    endloop
  endfacet
  facet normal 0.985842 0 -0.167679
    outer loop
      vertex 22.4163 19.2 10.7911
      vertex 22.4652 17.2 11.0786
      vertex 22.4163 17.2 10.7911
    endloop
  endfacet
  facet normal 0.167679 0 -0.985842
    outer loop
      vertex 24.4214 17.2 13.0348
      vertex 24.7089 19.2 13.0837
      vertex 24.7089 17.2 13.0837
    endloop
  endfacet
  facet normal 0.167679 0 -0.985842
    outer loop
      vertex 24.7089 19.2 13.0837
      vertex 24.4214 17.2 13.0348
      vertex 24.4214 19.2 13.0348
    endloop
  endfacet
  facet normal 0.382715 0 -0.923866
    outer loop
      vertex 23.8719 17.2 12.8425
      vertex 24.1413 19.2 12.9541
      vertex 24.1413 17.2 12.9541
    endloop
  endfacet
  facet normal 0.382715 0 -0.923866
    outer loop
      vertex 24.1413 19.2 12.9541
      vertex 23.8719 17.2 12.8425
      vertex 23.8719 19.2 12.8425
    endloop
  endfacet
  facet normal 0.815606 0 -0.578607
    outer loop
      vertex 22.9672 17.2 12.1211
      vertex 22.7985 19.2 11.8833
      vertex 22.9672 19.2 12.1211
    endloop
  endfacet
  facet normal 0.815606 0 -0.578607
    outer loop
      vertex 22.7985 19.2 11.8833
      vertex 22.9672 17.2 12.1211
      vertex 22.7985 17.2 11.8833
    endloop
  endfacet
  facet normal 0.27685 0 -0.960913
    outer loop
      vertex 24.1413 17.2 12.9541
      vertex 24.4214 19.2 13.0348
      vertex 24.4214 17.2 13.0348
    endloop
  endfacet
  facet normal 0.27685 0 -0.960913
    outer loop
      vertex 24.4214 19.2 13.0348
      vertex 24.1413 17.2 12.9541
      vertex 24.1413 19.2 12.9541
    endloop
  endfacet
  facet normal -0.875127 0 0.483894
    outer loop
      vertex 27.2015 17.2 101.117
      vertex 27.3425 19.2 101.372
      vertex 27.2015 19.2 101.117
    endloop
  endfacet
  facet normal -0.875127 0 0.483894
    outer loop
      vertex 27.3425 19.2 101.372
      vertex 27.2015 17.2 101.117
      vertex 27.3425 17.2 101.372
    endloop
  endfacet
  facet normal -0.167346 0 0.985898
    outer loop
      vertex 25.2911 19.2 99.9164
      vertex 25.5786 17.2 99.9652
      vertex 25.5786 19.2 99.9652
    endloop
  endfacet
  facet normal -0.167346 0 0.985898
    outer loop
      vertex 25.5786 17.2 99.9652
      vertex 25.2911 19.2 99.9164
      vertex 25.2911 17.2 99.9164
    endloop
  endfacet
  facet normal -0.277167 0 0.960822
    outer loop
      vertex 25.5786 19.2 99.9652
      vertex 25.8587 17.2 100.046
      vertex 25.8587 19.2 100.046
    endloop
  endfacet
  facet normal -0.277167 0 0.960822
    outer loop
      vertex 25.8587 17.2 100.046
      vertex 25.5786 19.2 99.9652
      vertex 25.5786 17.2 99.9652
    endloop
  endfacet
  facet normal 0.380957 0 0.924593
    outer loop
      vertex 23.8719 19.2 100.157
      vertex 24.1413 17.2 100.046
      vertex 24.1413 19.2 100.046
    endloop
  endfacet
  facet normal 0.380957 0 0.924593
    outer loop
      vertex 24.1413 17.2 100.046
      vertex 23.8719 19.2 100.157
      vertex 23.8719 17.2 100.157
    endloop
  endfacet
  facet normal 0.923665 -0 0.383201
    outer loop
      vertex 22.5459 17.2 101.641
      vertex 22.6575 19.2 101.372
      vertex 22.5459 19.2 101.641
    endloop
  endfacet
  facet normal 0.923665 0 0.383201
    outer loop
      vertex 22.6575 19.2 101.372
      vertex 22.5459 17.2 101.641
      vertex 22.6575 17.2 101.372
    endloop
  endfacet
  facet normal -0.998435 0 -0.0559261
    outer loop
      vertex 27.6 17.2 102.5
      vertex 27.5837 19.2 102.791
      vertex 27.6 19.2 102.5
    endloop
  endfacet
  facet normal -0.998435 -0 -0.0559261
    outer loop
      vertex 27.5837 19.2 102.791
      vertex 27.6 17.2 102.5
      vertex 27.5837 17.2 102.791
    endloop
  endfacet
  facet normal -0.0562488 0 0.998417
    outer loop
      vertex 25 19.2 99.9
      vertex 25.2911 17.2 99.9164
      vertex 25.2911 19.2 99.9164
    endloop
  endfacet
  facet normal -0.0562488 0 0.998417
    outer loop
      vertex 25.2911 17.2 99.9164
      vertex 25 19.2 99.9
      vertex 25 17.2 99.9
    endloop
  endfacet
  facet normal -0.486224 0 0.873834
    outer loop
      vertex 26.1281 19.2 100.157
      vertex 26.3833 17.2 100.299
      vertex 26.3833 19.2 100.299
    endloop
  endfacet
  facet normal -0.486224 0 0.873834
    outer loop
      vertex 26.3833 17.2 100.299
      vertex 26.1281 19.2 100.157
      vertex 26.1281 17.2 100.157
    endloop
  endfacet
  facet normal 0.998435 -0 0.0559261
    outer loop
      vertex 22.4 17.2 102.5
      vertex 22.4163 19.2 102.209
      vertex 22.4 19.2 102.5
    endloop
  endfacet
  facet normal 0.998435 0 0.0559261
    outer loop
      vertex 22.4163 19.2 102.209
      vertex 22.4 17.2 102.5
      vertex 22.4163 17.2 102.209
    endloop
  endfacet
  facet normal 0.815836 -0 0.578284
    outer loop
      vertex 22.7985 17.2 101.117
      vertex 22.9672 19.2 100.879
      vertex 22.7985 19.2 101.117
    endloop
  endfacet
  facet normal 0.815836 0 0.578284
    outer loop
      vertex 22.9672 19.2 100.879
      vertex 22.7985 17.2 101.117
      vertex 22.9672 17.2 100.879
    endloop
  endfacet
  facet normal 0.167346 0 0.985898
    outer loop
      vertex 24.4214 19.2 99.9652
      vertex 24.7089 17.2 99.9164
      vertex 24.7089 19.2 99.9164
    endloop
  endfacet
  facet normal 0.167346 0 0.985898
    outer loop
      vertex 24.7089 17.2 99.9164
      vertex 24.4214 19.2 99.9652
      vertex 24.4214 17.2 99.9652
    endloop
  endfacet
  facet normal -0.486224 0 -0.873834
    outer loop
      vertex 26.1281 17.2 104.843
      vertex 26.3833 19.2 104.701
      vertex 26.3833 17.2 104.701
    endloop
  endfacet
  facet normal -0.486224 0 -0.873834
    outer loop
      vertex 26.3833 19.2 104.701
      vertex 26.1281 17.2 104.843
      vertex 26.1281 19.2 104.843
    endloop
  endfacet
  facet normal -0.815836 0 0.578284
    outer loop
      vertex 27.0328 17.2 100.879
      vertex 27.2015 19.2 101.117
      vertex 27.0328 19.2 100.879
    endloop
  endfacet
  facet normal -0.815836 0 0.578284
    outer loop
      vertex 27.2015 19.2 101.117
      vertex 27.0328 17.2 100.879
      vertex 27.2015 17.2 101.117
    endloop
  endfacet
  facet normal -0.667715 0 0.744417
    outer loop
      vertex 26.6211 19.2 100.467
      vertex 26.8385 17.2 100.662
      vertex 26.8385 19.2 100.662
    endloop
  endfacet
  facet normal -0.667715 0 0.744417
    outer loop
      vertex 26.8385 17.2 100.662
      vertex 26.6211 19.2 100.467
      vertex 26.6211 17.2 100.467
    endloop
  endfacet
  facet normal 0.0562488 0 0.998417
    outer loop
      vertex 24.7089 19.2 99.9164
      vertex 25 17.2 99.9
      vertex 25 19.2 99.9
    endloop
  endfacet
  facet normal 0.0562488 0 0.998417
    outer loop
      vertex 25 17.2 99.9
      vertex 24.7089 19.2 99.9164
      vertex 24.7089 17.2 99.9164
    endloop
  endfacet
  facet normal -0.380957 0 0.924593
    outer loop
      vertex 25.8587 19.2 100.046
      vertex 26.1281 17.2 100.157
      vertex 26.1281 19.2 100.157
    endloop
  endfacet
  facet normal -0.380957 0 0.924593
    outer loop
      vertex 26.1281 17.2 100.157
      vertex 25.8587 19.2 100.046
      vertex 25.8587 17.2 100.046
    endloop
  endfacet
  facet normal -0.577007 0 0.816739
    outer loop
      vertex 26.3833 19.2 100.299
      vertex 26.6211 17.2 100.467
      vertex 26.6211 19.2 100.467
    endloop
  endfacet
  facet normal -0.577007 0 0.816739
    outer loop
      vertex 26.6211 17.2 100.467
      vertex 26.3833 19.2 100.299
      vertex 26.3833 17.2 100.299
    endloop
  endfacet
  facet normal 0 -1 0
    outer loop
      vertex 24.7089 19.2 105.084
      vertex 25.2911 19.2 105.084
      vertex 25 19.2 105.1
    endloop
  endfacet
  facet normal 0 -1 0
    outer loop
      vertex 24.4214 19.2 105.035
      vertex 25.2911 19.2 105.084
      vertex 24.7089 19.2 105.084
    endloop
  endfacet
  facet normal 0 -1 0
    outer loop
      vertex 24.4214 19.2 105.035
      vertex 25.5786 19.2 105.035
      vertex 25.2911 19.2 105.084
    endloop
  endfacet
  facet normal 0 -1 0
    outer loop
      vertex 24.1413 19.2 104.954
      vertex 25.5786 19.2 105.035
      vertex 24.4214 19.2 105.035
    endloop
  endfacet
  facet normal 0 -1 0
    outer loop
      vertex 24.1413 19.2 104.954
      vertex 25.8587 19.2 104.954
      vertex 25.5786 19.2 105.035
    endloop
  endfacet
  facet normal 0 -1 0
    outer loop
      vertex 23.8719 19.2 104.843
      vertex 25.8587 19.2 104.954
      vertex 24.1413 19.2 104.954
    endloop
  endfacet
  facet normal 0 -1 0
    outer loop
      vertex 23.8719 19.2 104.843
      vertex 26.1281 19.2 104.843
      vertex 25.8587 19.2 104.954
    endloop
  endfacet
  facet normal 0 -1 0
    outer loop
      vertex 23.6167 19.2 104.701
      vertex 26.1281 19.2 104.843
      vertex 23.8719 19.2 104.843
    endloop
  endfacet
  facet normal 0 -1 0
    outer loop
      vertex 23.6167 19.2 104.701
      vertex 26.3833 19.2 104.701
      vertex 26.1281 19.2 104.843
    endloop
  endfacet
  facet normal 0 -1 0
    outer loop
      vertex 23.3789 19.2 104.533
      vertex 26.3833 19.2 104.701
      vertex 23.6167 19.2 104.701
    endloop
  endfacet
  facet normal 0 -1 0
    outer loop
      vertex 23.3789 19.2 104.533
      vertex 26.6211 19.2 104.533
      vertex 26.3833 19.2 104.701
    endloop
  endfacet
  facet normal 0 -1 0
    outer loop
      vertex 23.1615 19.2 104.338
      vertex 26.6211 19.2 104.533
      vertex 23.3789 19.2 104.533
    endloop
  endfacet
  facet normal 0 -1 0
    outer loop
      vertex 23.1615 19.2 104.338
      vertex 26.8385 19.2 104.338
      vertex 26.6211 19.2 104.533
    endloop
  endfacet
  facet normal 0 -1 0
    outer loop
      vertex 22.9672 19.2 104.121
      vertex 26.8385 19.2 104.338
      vertex 23.1615 19.2 104.338
    endloop
  endfacet
  facet normal 0 -1 0
    outer loop
      vertex 22.9672 19.2 104.121
      vertex 27.0328 19.2 104.121
      vertex 26.8385 19.2 104.338
    endloop
  endfacet
  facet normal 0 -1 0
    outer loop
      vertex 22.7985 19.2 103.883
      vertex 27.0328 19.2 104.121
      vertex 22.9672 19.2 104.121
    endloop
  endfacet
  facet normal 0 -1 0
    outer loop
      vertex 22.7985 19.2 103.883
      vertex 27.2015 19.2 103.883
      vertex 27.0328 19.2 104.121
    endloop
  endfacet
  facet normal 0 -1 0
    outer loop
      vertex 22.6575 19.2 103.628
      vertex 27.2015 19.2 103.883
      vertex 22.7985 19.2 103.883
    endloop
  endfacet
  facet normal 0 -1 0
    outer loop
      vertex 22.6575 19.2 103.628
      vertex 27.3425 19.2 103.628
      vertex 27.2015 19.2 103.883
    endloop
  endfacet
  facet normal 0 -1 0
    outer loop
      vertex 22.5459 19.2 103.359
      vertex 27.3425 19.2 103.628
      vertex 22.6575 19.2 103.628
    endloop
  endfacet
  facet normal 0 -1 0
    outer loop
      vertex 22.5459 19.2 103.359
      vertex 27.4541 19.2 103.359
      vertex 27.3425 19.2 103.628
    endloop
  endfacet
  facet normal 0 -1 0
    outer loop
      vertex 22.4652 19.2 103.079
      vertex 27.4541 19.2 103.359
      vertex 22.5459 19.2 103.359
    endloop
  endfacet
  facet normal 0 -1 0
    outer loop
      vertex 22.4652 19.2 103.079
      vertex 27.5348 19.2 103.079
      vertex 27.4541 19.2 103.359
    endloop
  endfacet
  facet normal 0 -1 0
    outer loop
      vertex 22.4163 19.2 102.791
      vertex 27.5348 19.2 103.079
      vertex 22.4652 19.2 103.079
    endloop
  endfacet
  facet normal 0 -1 0
    outer loop
      vertex 22.4163 19.2 102.791
      vertex 27.5837 19.2 102.791
      vertex 27.5348 19.2 103.079
    endloop
  endfacet
  facet normal 0 -1 0
    outer loop
      vertex 22.4 19.2 102.5
      vertex 27.5837 19.2 102.791
      vertex 22.4163 19.2 102.791
    endloop
  endfacet
  facet normal 0 -1 0
    outer loop
      vertex 22.4 19.2 102.5
      vertex 27.6 19.2 102.5
      vertex 27.5837 19.2 102.791
    endloop
  endfacet
  facet normal 0 -1 0
    outer loop
      vertex 22.4163 19.2 102.209
      vertex 27.6 19.2 102.5
      vertex 22.4 19.2 102.5
    endloop
  endfacet
  facet normal 0 -1 0
    outer loop
      vertex 22.4163 19.2 102.209
      vertex 27.5837 19.2 102.209
      vertex 27.6 19.2 102.5
    endloop
  endfacet
  facet normal 0 -1 0
    outer loop
      vertex 22.4652 19.2 101.921
      vertex 27.5837 19.2 102.209
      vertex 22.4163 19.2 102.209
    endloop
  endfacet
  facet normal 0 -1 0
    outer loop
      vertex 22.4652 19.2 101.921
      vertex 27.5348 19.2 101.921
      vertex 27.5837 19.2 102.209
    endloop
  endfacet
  facet normal 0 -1 0
    outer loop
      vertex 22.5459 19.2 101.641
      vertex 27.5348 19.2 101.921
      vertex 22.4652 19.2 101.921
    endloop
  endfacet
  facet normal 0 -1 0
    outer loop
      vertex 22.5459 19.2 101.641
      vertex 27.4541 19.2 101.641
      vertex 27.5348 19.2 101.921
    endloop
  endfacet
  facet normal 0 -1 0
    outer loop
      vertex 22.6575 19.2 101.372
      vertex 27.4541 19.2 101.641
      vertex 22.5459 19.2 101.641
    endloop
  endfacet
  facet normal 0 -1 0
    outer loop
      vertex 22.6575 19.2 101.372
      vertex 27.3425 19.2 101.372
      vertex 27.4541 19.2 101.641
    endloop
  endfacet
  facet normal 0 -1 0
    outer loop
      vertex 22.7985 19.2 101.117
      vertex 27.3425 19.2 101.372
      vertex 22.6575 19.2 101.372
    endloop
  endfacet
  facet normal 0 -1 0
    outer loop
      vertex 22.7985 19.2 101.117
      vertex 27.2015 19.2 101.117
      vertex 27.3425 19.2 101.372
    endloop
  endfacet
  facet normal 0 -1 0
    outer loop
      vertex 22.9672 19.2 100.879
      vertex 27.2015 19.2 101.117
      vertex 22.7985 19.2 101.117
    endloop
  endfacet
  facet normal 0 -1 0
    outer loop
      vertex 22.9672 19.2 100.879
      vertex 27.0328 19.2 100.879
      vertex 27.2015 19.2 101.117
    endloop
  endfacet
  facet normal 0 -1 0
    outer loop
      vertex 23.1615 19.2 100.662
      vertex 27.0328 19.2 100.879
      vertex 22.9672 19.2 100.879
    endloop
  endfacet
  facet normal 0 -1 0
    outer loop
      vertex 23.1615 19.2 100.662
      vertex 26.8385 19.2 100.662
      vertex 27.0328 19.2 100.879
    endloop
  endfacet
  facet normal 0 -1 0
    outer loop
      vertex 23.3789 19.2 100.467
      vertex 26.8385 19.2 100.662
      vertex 23.1615 19.2 100.662
    endloop
  endfacet
  facet normal 0 -1 0
    outer loop
      vertex 23.3789 19.2 100.467
      vertex 26.6211 19.2 100.467
      vertex 26.8385 19.2 100.662
    endloop
  endfacet
  facet normal 0 -1 0
    outer loop
      vertex 23.6167 19.2 100.299
      vertex 26.6211 19.2 100.467
      vertex 23.3789 19.2 100.467
    endloop
  endfacet
  facet normal 0 -1 0
    outer loop
      vertex 23.6167 19.2 100.299
      vertex 26.3833 19.2 100.299
      vertex 26.6211 19.2 100.467
    endloop
  endfacet
  facet normal 0 -1 0
    outer loop
      vertex 23.8719 19.2 100.157
      vertex 26.3833 19.2 100.299
      vertex 23.6167 19.2 100.299
    endloop
  endfacet
  facet normal 0 -1 0
    outer loop
      vertex 23.8719 19.2 100.157
      vertex 26.1281 19.2 100.157
      vertex 26.3833 19.2 100.299
    endloop
  endfacet
  facet normal 0 -1 0
    outer loop
      vertex 24.1413 19.2 100.046
      vertex 26.1281 19.2 100.157
      vertex 23.8719 19.2 100.157
    endloop
  endfacet
  facet normal 0 -1 0
    outer loop
      vertex 24.1413 19.2 100.046
      vertex 25.8587 19.2 100.046
      vertex 26.1281 19.2 100.157
    endloop
  endfacet
  facet normal 0 -1 0
    outer loop
      vertex 24.4214 19.2 99.9652
      vertex 25.8587 19.2 100.046
      vertex 24.1413 19.2 100.046
    endloop
  endfacet
  facet normal 0 -1 0
    outer loop
      vertex 24.4214 19.2 99.9652
      vertex 25.5786 19.2 99.9652
      vertex 25.8587 19.2 100.046
    endloop
  endfacet
  facet normal 0 -1 0
    outer loop
      vertex 24.7089 19.2 99.9164
      vertex 25.5786 19.2 99.9652
      vertex 24.4214 19.2 99.9652
    endloop
  endfacet
  facet normal 0 -1 0
    outer loop
      vertex 24.7089 19.2 99.9164
      vertex 25.2911 19.2 99.9164
      vertex 25.5786 19.2 99.9652
    endloop
  endfacet
  facet normal -0 -1 0
    outer loop
      vertex 25.2911 19.2 99.9164
      vertex 24.7089 19.2 99.9164
      vertex 25 19.2 99.9
    endloop
  endfacet
  facet normal 0.960887 -0 0.276941
    outer loop
      vertex 22.4652 17.2 101.921
      vertex 22.5459 19.2 101.641
      vertex 22.4652 19.2 101.921
    endloop
  endfacet
  facet normal 0.960887 0 0.276941
    outer loop
      vertex 22.5459 19.2 101.641
      vertex 22.4652 17.2 101.921
      vertex 22.5459 17.2 101.641
    endloop
  endfacet
  facet normal 0.98589 -0 0.167396
    outer loop
      vertex 22.4163 17.2 102.209
      vertex 22.4652 19.2 101.921
      vertex 22.4163 19.2 102.209
    endloop
  endfacet
  facet normal 0.98589 0 0.167396
    outer loop
      vertex 22.4652 19.2 101.921
      vertex 22.4163 17.2 102.209
      vertex 22.4652 17.2 101.921
    endloop
  endfacet
  facet normal 0.875127 -0 0.483894
    outer loop
      vertex 22.6575 17.2 101.372
      vertex 22.7985 19.2 101.117
      vertex 22.6575 19.2 101.372
    endloop
  endfacet
  facet normal 0.875127 0 0.483894
    outer loop
      vertex 22.7985 19.2 101.117
      vertex 22.6575 17.2 101.372
      vertex 22.7985 17.2 101.117
    endloop
  endfacet
  facet normal 0.277167 0 0.960822
    outer loop
      vertex 24.1413 19.2 100.046
      vertex 24.4214 17.2 99.9652
      vertex 24.4214 19.2 99.9652
    endloop
  endfacet
  facet normal 0.277167 0 0.960822
    outer loop
      vertex 24.4214 17.2 99.9652
      vertex 24.1413 19.2 100.046
      vertex 24.1413 17.2 100.046
    endloop
  endfacet
  facet normal 0.577007 0 0.816739
    outer loop
      vertex 23.3789 19.2 100.467
      vertex 23.6167 17.2 100.299
      vertex 23.6167 19.2 100.299
    endloop
  endfacet
  facet normal 0.577007 0 0.816739
    outer loop
      vertex 23.6167 17.2 100.299
      vertex 23.3789 19.2 100.467
      vertex 23.3789 17.2 100.467
    endloop
  endfacet
  facet normal 0.667715 0 0.744417
    outer loop
      vertex 23.1615 19.2 100.662
      vertex 23.3789 17.2 100.467
      vertex 23.3789 19.2 100.467
    endloop
  endfacet
  facet normal 0.667715 0 0.744417
    outer loop
      vertex 23.3789 17.2 100.467
      vertex 23.1615 19.2 100.662
      vertex 23.1615 17.2 100.662
    endloop
  endfacet
  facet normal 0.486224 0 0.873834
    outer loop
      vertex 23.6167 19.2 100.299
      vertex 23.8719 17.2 100.157
      vertex 23.8719 19.2 100.157
    endloop
  endfacet
  facet normal 0.486224 0 0.873834
    outer loop
      vertex 23.8719 17.2 100.157
      vertex 23.6167 19.2 100.299
      vertex 23.6167 17.2 100.299
    endloop
  endfacet
  facet normal 0.744999 -0 0.667066
    outer loop
      vertex 22.9672 17.2 100.879
      vertex 23.1615 19.2 100.662
      vertex 22.9672 19.2 100.879
    endloop
  endfacet
  facet normal 0.744999 0 0.667066
    outer loop
      vertex 23.1615 19.2 100.662
      vertex 22.9672 17.2 100.879
      vertex 23.1615 17.2 100.662
    endloop
  endfacet
  facet normal -0.998435 0 0.0559261
    outer loop
      vertex 27.5837 17.2 102.209
      vertex 27.6 19.2 102.5
      vertex 27.5837 19.2 102.209
    endloop
  endfacet
  facet normal -0.998435 0 0.0559261
    outer loop
      vertex 27.6 19.2 102.5
      vertex 27.5837 17.2 102.209
      vertex 27.6 17.2 102.5
    endloop
  endfacet
  facet normal -0.98589 0 -0.167396
    outer loop
      vertex 27.5837 17.2 102.791
      vertex 27.5348 19.2 103.079
      vertex 27.5837 19.2 102.791
    endloop
  endfacet
  facet normal -0.98589 -0 -0.167396
    outer loop
      vertex 27.5348 19.2 103.079
      vertex 27.5837 17.2 102.791
      vertex 27.5348 17.2 103.079
    endloop
  endfacet
  facet normal -0.168012 0 -0.985785
    outer loop
      vertex 25.2911 17.2 105.084
      vertex 25.5786 19.2 105.035
      vertex 25.5786 17.2 105.035
    endloop
  endfacet
  facet normal -0.168012 0 -0.985785
    outer loop
      vertex 25.5786 19.2 105.035
      vertex 25.2911 17.2 105.084
      vertex 25.2911 19.2 105.084
    endloop
  endfacet
  facet normal -0.923665 0 0.383201
    outer loop
      vertex 27.3425 17.2 101.372
      vertex 27.4541 19.2 101.641
      vertex 27.3425 19.2 101.372
    endloop
  endfacet
  facet normal -0.923665 0 0.383201
    outer loop
      vertex 27.4541 19.2 101.641
      vertex 27.3425 17.2 101.372
      vertex 27.4541 17.2 101.641
    endloop
  endfacet
  facet normal -0.960887 0 0.276941
    outer loop
      vertex 27.4541 17.2 101.641
      vertex 27.5348 19.2 101.921
      vertex 27.4541 19.2 101.641
    endloop
  endfacet
  facet normal -0.960887 0 0.276941
    outer loop
      vertex 27.5348 19.2 101.921
      vertex 27.4541 17.2 101.641
      vertex 27.5348 17.2 101.921
    endloop
  endfacet
  facet normal -0.98589 0 0.167396
    outer loop
      vertex 27.5348 17.2 101.921
      vertex 27.5837 19.2 102.209
      vertex 27.5348 19.2 101.921
    endloop
  endfacet
  facet normal -0.98589 0 0.167396
    outer loop
      vertex 27.5837 19.2 102.209
      vertex 27.5348 17.2 101.921
      vertex 27.5837 17.2 102.209
    endloop
  endfacet
  facet normal -0.744999 0 0.667066
    outer loop
      vertex 26.8385 17.2 100.662
      vertex 27.0328 19.2 100.879
      vertex 26.8385 19.2 100.662
    endloop
  endfacet
  facet normal -0.744999 0 0.667066
    outer loop
      vertex 27.0328 19.2 100.879
      vertex 26.8385 17.2 100.662
      vertex 27.0328 17.2 100.879
    endloop
  endfacet
  facet normal -0.815836 0 -0.578284
    outer loop
      vertex 27.2015 17.2 103.883
      vertex 27.0328 19.2 104.121
      vertex 27.2015 19.2 103.883
    endloop
  endfacet
  facet normal -0.815836 -0 -0.578284
    outer loop
      vertex 27.0328 19.2 104.121
      vertex 27.2015 17.2 103.883
      vertex 27.0328 17.2 104.121
    endloop
  endfacet
  facet normal -0.923665 0 -0.383201
    outer loop
      vertex 27.4541 17.2 103.359
      vertex 27.3425 19.2 103.628
      vertex 27.4541 19.2 103.359
    endloop
  endfacet
  facet normal -0.923665 -0 -0.383201
    outer loop
      vertex 27.3425 19.2 103.628
      vertex 27.4541 17.2 103.359
      vertex 27.3425 17.2 103.628
    endloop
  endfacet
  facet normal -0.875127 0 -0.483894
    outer loop
      vertex 27.3425 17.2 103.628
      vertex 27.2015 19.2 103.883
      vertex 27.3425 19.2 103.628
    endloop
  endfacet
  facet normal -0.875127 -0 -0.483894
    outer loop
      vertex 27.2015 19.2 103.883
      vertex 27.3425 17.2 103.628
      vertex 27.2015 17.2 103.883
    endloop
  endfacet
  facet normal 0.168012 0 -0.985785
    outer loop
      vertex 24.4214 17.2 105.035
      vertex 24.7089 19.2 105.084
      vertex 24.7089 17.2 105.084
    endloop
  endfacet
  facet normal 0.168012 0 -0.985785
    outer loop
      vertex 24.7089 19.2 105.084
      vertex 24.4214 17.2 105.035
      vertex 24.4214 19.2 105.035
    endloop
  endfacet
  facet normal 0.998435 0 -0.0559261
    outer loop
      vertex 22.4163 17.2 102.791
      vertex 22.4 19.2 102.5
      vertex 22.4163 19.2 102.791
    endloop
  endfacet
  facet normal 0.998435 0 -0.0559261
    outer loop
      vertex 22.4 19.2 102.5
      vertex 22.4163 17.2 102.791
      vertex 22.4 17.2 102.5
    endloop
  endfacet
  facet normal 0.923665 0 -0.383201
    outer loop
      vertex 22.6575 17.2 103.628
      vertex 22.5459 19.2 103.359
      vertex 22.6575 19.2 103.628
    endloop
  endfacet
  facet normal 0.923665 0 -0.383201
    outer loop
      vertex 22.5459 19.2 103.359
      vertex 22.6575 17.2 103.628
      vertex 22.5459 17.2 103.359
    endloop
  endfacet
  facet normal 0.960887 0 -0.276941
    outer loop
      vertex 22.5459 17.2 103.359
      vertex 22.4652 19.2 103.079
      vertex 22.5459 19.2 103.359
    endloop
  endfacet
  facet normal 0.960887 0 -0.276941
    outer loop
      vertex 22.4652 19.2 103.079
      vertex 22.5459 17.2 103.359
      vertex 22.4652 17.2 103.079
    endloop
  endfacet
  facet normal -0.380957 0 -0.924593
    outer loop
      vertex 25.8587 17.2 104.954
      vertex 26.1281 19.2 104.843
      vertex 26.1281 17.2 104.843
    endloop
  endfacet
  facet normal -0.380957 0 -0.924593
    outer loop
      vertex 26.1281 19.2 104.843
      vertex 25.8587 17.2 104.954
      vertex 25.8587 19.2 104.954
    endloop
  endfacet
  facet normal -0.2778 0 -0.960639
    outer loop
      vertex 25.5786 17.2 105.035
      vertex 25.8587 19.2 104.954
      vertex 25.8587 17.2 104.954
    endloop
  endfacet
  facet normal -0.2778 0 -0.960639
    outer loop
      vertex 25.8587 19.2 104.954
      vertex 25.5786 17.2 105.035
      vertex 25.5786 19.2 105.035
    endloop
  endfacet
  facet normal -0.960887 0 -0.276941
    outer loop
      vertex 27.5348 17.2 103.079
      vertex 27.4541 19.2 103.359
      vertex 27.5348 19.2 103.079
    endloop
  endfacet
  facet normal -0.960887 -0 -0.276941
    outer loop
      vertex 27.4541 19.2 103.359
      vertex 27.5348 17.2 103.079
      vertex 27.4541 17.2 103.359
    endloop
  endfacet
  facet normal 0.577007 0 -0.816739
    outer loop
      vertex 23.3789 17.2 104.533
      vertex 23.6167 19.2 104.701
      vertex 23.6167 17.2 104.701
    endloop
  endfacet
  facet normal 0.577007 0 -0.816739
    outer loop
      vertex 23.6167 19.2 104.701
      vertex 23.3789 17.2 104.533
      vertex 23.3789 19.2 104.533
    endloop
  endfacet
  facet normal 0.486224 0 -0.873834
    outer loop
      vertex 23.6167 17.2 104.701
      vertex 23.8719 19.2 104.843
      vertex 23.8719 17.2 104.843
    endloop
  endfacet
  facet normal 0.486224 0 -0.873834
    outer loop
      vertex 23.8719 19.2 104.843
      vertex 23.6167 17.2 104.701
      vertex 23.6167 19.2 104.701
    endloop
  endfacet
  facet normal 0.2778 0 -0.960639
    outer loop
      vertex 24.1413 17.2 104.954
      vertex 24.4214 19.2 105.035
      vertex 24.4214 17.2 105.035
    endloop
  endfacet
  facet normal 0.2778 0 -0.960639
    outer loop
      vertex 24.4214 19.2 105.035
      vertex 24.1413 17.2 104.954
      vertex 24.1413 19.2 104.954
    endloop
  endfacet
  facet normal -0.0548811 0 -0.998493
    outer loop
      vertex 25 17.2 105.1
      vertex 25.2911 19.2 105.084
      vertex 25.2911 17.2 105.084
    endloop
  endfacet
  facet normal -0.0548811 0 -0.998493
    outer loop
      vertex 25.2911 19.2 105.084
      vertex 25 17.2 105.1
      vertex 25 19.2 105.1
    endloop
  endfacet
  facet normal 0.875127 0 -0.483894
    outer loop
      vertex 22.7985 17.2 103.883
      vertex 22.6575 19.2 103.628
      vertex 22.7985 19.2 103.883
    endloop
  endfacet
  facet normal 0.875127 0 -0.483894
    outer loop
      vertex 22.6575 19.2 103.628
      vertex 22.7985 17.2 103.883
      vertex 22.6575 17.2 103.628
    endloop
  endfacet
  facet normal 0.744999 0 -0.667066
    outer loop
      vertex 23.1615 17.2 104.338
      vertex 22.9672 19.2 104.121
      vertex 23.1615 19.2 104.338
    endloop
  endfacet
  facet normal 0.744999 0 -0.667066
    outer loop
      vertex 22.9672 19.2 104.121
      vertex 23.1615 17.2 104.338
      vertex 22.9672 17.2 104.121
    endloop
  endfacet
  facet normal 0.815836 0 -0.578284
    outer loop
      vertex 22.9672 17.2 104.121
      vertex 22.7985 19.2 103.883
      vertex 22.9672 19.2 104.121
    endloop
  endfacet
  facet normal 0.815836 0 -0.578284
    outer loop
      vertex 22.7985 19.2 103.883
      vertex 22.9672 17.2 104.121
      vertex 22.7985 17.2 103.883
    endloop
  endfacet
  facet normal 0.667715 0 -0.744417
    outer loop
      vertex 23.1615 17.2 104.338
      vertex 23.3789 19.2 104.533
      vertex 23.3789 17.2 104.533
    endloop
  endfacet
  facet normal 0.667715 0 -0.744417
    outer loop
      vertex 23.3789 19.2 104.533
      vertex 23.1615 17.2 104.338
      vertex 23.1615 19.2 104.338
    endloop
  endfacet
  facet normal 0 1 0
    outer loop
      vertex 25.2911 17.2 105.084
      vertex 24.7089 17.2 105.084
      vertex 25 17.2 105.1
    endloop
  endfacet
  facet normal 0 1 0
    outer loop
      vertex 25.5786 17.2 105.035
      vertex 24.7089 17.2 105.084
      vertex 25.2911 17.2 105.084
    endloop
  endfacet
  facet normal 0 1 0
    outer loop
      vertex 25.5786 17.2 105.035
      vertex 24.4214 17.2 105.035
      vertex 24.7089 17.2 105.084
    endloop
  endfacet
  facet normal 0 1 0
    outer loop
      vertex 25.8587 17.2 104.954
      vertex 24.4214 17.2 105.035
      vertex 25.5786 17.2 105.035
    endloop
  endfacet
  facet normal 0 1 0
    outer loop
      vertex 25.8587 17.2 104.954
      vertex 24.1413 17.2 104.954
      vertex 24.4214 17.2 105.035
    endloop
  endfacet
  facet normal 0 1 0
    outer loop
      vertex 26.1281 17.2 104.843
      vertex 24.1413 17.2 104.954
      vertex 25.8587 17.2 104.954
    endloop
  endfacet
  facet normal 0 1 0
    outer loop
      vertex 26.1281 17.2 104.843
      vertex 23.8719 17.2 104.843
      vertex 24.1413 17.2 104.954
    endloop
  endfacet
  facet normal 0 1 0
    outer loop
      vertex 26.3833 17.2 104.701
      vertex 23.8719 17.2 104.843
      vertex 26.1281 17.2 104.843
    endloop
  endfacet
  facet normal 0 1 0
    outer loop
      vertex 26.3833 17.2 104.701
      vertex 23.6167 17.2 104.701
      vertex 23.8719 17.2 104.843
    endloop
  endfacet
  facet normal 0 1 0
    outer loop
      vertex 26.6211 17.2 104.533
      vertex 23.6167 17.2 104.701
      vertex 26.3833 17.2 104.701
    endloop
  endfacet
  facet normal 0 1 0
    outer loop
      vertex 26.6211 17.2 104.533
      vertex 23.3789 17.2 104.533
      vertex 23.6167 17.2 104.701
    endloop
  endfacet
  facet normal 0 1 0
    outer loop
      vertex 26.8385 17.2 104.338
      vertex 23.3789 17.2 104.533
      vertex 26.6211 17.2 104.533
    endloop
  endfacet
  facet normal 0 1 0
    outer loop
      vertex 26.8385 17.2 104.338
      vertex 23.1615 17.2 104.338
      vertex 23.3789 17.2 104.533
    endloop
  endfacet
  facet normal 0 1 0
    outer loop
      vertex 27.0328 17.2 104.121
      vertex 23.1615 17.2 104.338
      vertex 26.8385 17.2 104.338
    endloop
  endfacet
  facet normal 0 1 0
    outer loop
      vertex 27.0328 17.2 104.121
      vertex 22.9672 17.2 104.121
      vertex 23.1615 17.2 104.338
    endloop
  endfacet
  facet normal 0 1 0
    outer loop
      vertex 27.2015 17.2 103.883
      vertex 22.9672 17.2 104.121
      vertex 27.0328 17.2 104.121
    endloop
  endfacet
  facet normal 0 1 0
    outer loop
      vertex 27.2015 17.2 103.883
      vertex 22.7985 17.2 103.883
      vertex 22.9672 17.2 104.121
    endloop
  endfacet
  facet normal 0 1 0
    outer loop
      vertex 27.3425 17.2 103.628
      vertex 22.7985 17.2 103.883
      vertex 27.2015 17.2 103.883
    endloop
  endfacet
  facet normal 0 1 0
    outer loop
      vertex 27.3425 17.2 103.628
      vertex 22.6575 17.2 103.628
      vertex 22.7985 17.2 103.883
    endloop
  endfacet
  facet normal 0 1 0
    outer loop
      vertex 27.4541 17.2 103.359
      vertex 22.6575 17.2 103.628
      vertex 27.3425 17.2 103.628
    endloop
  endfacet
  facet normal 0 1 0
    outer loop
      vertex 27.4541 17.2 103.359
      vertex 22.5459 17.2 103.359
      vertex 22.6575 17.2 103.628
    endloop
  endfacet
  facet normal 0 1 0
    outer loop
      vertex 27.5348 17.2 103.079
      vertex 22.5459 17.2 103.359
      vertex 27.4541 17.2 103.359
    endloop
  endfacet
  facet normal 0 1 0
    outer loop
      vertex 27.5348 17.2 103.079
      vertex 22.4652 17.2 103.079
      vertex 22.5459 17.2 103.359
    endloop
  endfacet
  facet normal 0 1 0
    outer loop
      vertex 27.5837 17.2 102.791
      vertex 22.4652 17.2 103.079
      vertex 27.5348 17.2 103.079
    endloop
  endfacet
  facet normal 0 1 0
    outer loop
      vertex 27.5837 17.2 102.791
      vertex 22.4163 17.2 102.791
      vertex 22.4652 17.2 103.079
    endloop
  endfacet
  facet normal 0 1 0
    outer loop
      vertex 27.6 17.2 102.5
      vertex 22.4163 17.2 102.791
      vertex 27.5837 17.2 102.791
    endloop
  endfacet
  facet normal 0 1 0
    outer loop
      vertex 27.6 17.2 102.5
      vertex 22.4 17.2 102.5
      vertex 22.4163 17.2 102.791
    endloop
  endfacet
  facet normal 0 1 -0
    outer loop
      vertex 27.5837 17.2 102.209
      vertex 22.4 17.2 102.5
      vertex 27.6 17.2 102.5
    endloop
  endfacet
  facet normal 0 1 0
    outer loop
      vertex 27.5837 17.2 102.209
      vertex 22.4163 17.2 102.209
      vertex 22.4 17.2 102.5
    endloop
  endfacet
  facet normal 0 1 -0
    outer loop
      vertex 27.5348 17.2 101.921
      vertex 22.4163 17.2 102.209
      vertex 27.5837 17.2 102.209
    endloop
  endfacet
  facet normal 0 1 0
    outer loop
      vertex 27.5348 17.2 101.921
      vertex 22.4652 17.2 101.921
      vertex 22.4163 17.2 102.209
    endloop
  endfacet
  facet normal 0 1 -0
    outer loop
      vertex 27.4541 17.2 101.641
      vertex 22.4652 17.2 101.921
      vertex 27.5348 17.2 101.921
    endloop
  endfacet
  facet normal 0 1 0
    outer loop
      vertex 27.4541 17.2 101.641
      vertex 22.5459 17.2 101.641
      vertex 22.4652 17.2 101.921
    endloop
  endfacet
  facet normal 0 1 -0
    outer loop
      vertex 27.3425 17.2 101.372
      vertex 22.5459 17.2 101.641
      vertex 27.4541 17.2 101.641
    endloop
  endfacet
  facet normal 0 1 0
    outer loop
      vertex 27.3425 17.2 101.372
      vertex 22.6575 17.2 101.372
      vertex 22.5459 17.2 101.641
    endloop
  endfacet
  facet normal 0 1 -0
    outer loop
      vertex 27.2015 17.2 101.117
      vertex 22.6575 17.2 101.372
      vertex 27.3425 17.2 101.372
    endloop
  endfacet
  facet normal 0 1 0
    outer loop
      vertex 27.2015 17.2 101.117
      vertex 22.7985 17.2 101.117
      vertex 22.6575 17.2 101.372
    endloop
  endfacet
  facet normal 0 1 -0
    outer loop
      vertex 27.0328 17.2 100.879
      vertex 22.7985 17.2 101.117
      vertex 27.2015 17.2 101.117
    endloop
  endfacet
  facet normal 0 1 0
    outer loop
      vertex 27.0328 17.2 100.879
      vertex 22.9672 17.2 100.879
      vertex 22.7985 17.2 101.117
    endloop
  endfacet
  facet normal 0 1 -0
    outer loop
      vertex 26.8385 17.2 100.662
      vertex 22.9672 17.2 100.879
      vertex 27.0328 17.2 100.879
    endloop
  endfacet
  facet normal 0 1 0
    outer loop
      vertex 26.8385 17.2 100.662
      vertex 23.1615 17.2 100.662
      vertex 22.9672 17.2 100.879
    endloop
  endfacet
  facet normal 0 1 -0
    outer loop
      vertex 26.6211 17.2 100.467
      vertex 23.1615 17.2 100.662
      vertex 26.8385 17.2 100.662
    endloop
  endfacet
  facet normal 0 1 0
    outer loop
      vertex 26.6211 17.2 100.467
      vertex 23.3789 17.2 100.467
      vertex 23.1615 17.2 100.662
    endloop
  endfacet
  facet normal 0 1 -0
    outer loop
      vertex 26.3833 17.2 100.299
      vertex 23.3789 17.2 100.467
      vertex 26.6211 17.2 100.467
    endloop
  endfacet
  facet normal 0 1 0
    outer loop
      vertex 26.3833 17.2 100.299
      vertex 23.6167 17.2 100.299
      vertex 23.3789 17.2 100.467
    endloop
  endfacet
  facet normal 0 1 -0
    outer loop
      vertex 26.1281 17.2 100.157
      vertex 23.6167 17.2 100.299
      vertex 26.3833 17.2 100.299
    endloop
  endfacet
  facet normal 0 1 0
    outer loop
      vertex 26.1281 17.2 100.157
      vertex 23.8719 17.2 100.157
      vertex 23.6167 17.2 100.299
    endloop
  endfacet
  facet normal 0 1 -0
    outer loop
      vertex 25.8587 17.2 100.046
      vertex 23.8719 17.2 100.157
      vertex 26.1281 17.2 100.157
    endloop
  endfacet
  facet normal 0 1 0
    outer loop
      vertex 25.8587 17.2 100.046
      vertex 24.1413 17.2 100.046
      vertex 23.8719 17.2 100.157
    endloop
  endfacet
  facet normal 0 1 -0
    outer loop
      vertex 25.5786 17.2 99.9652
      vertex 24.1413 17.2 100.046
      vertex 25.8587 17.2 100.046
    endloop
  endfacet
  facet normal 0 1 0
    outer loop
      vertex 25.5786 17.2 99.9652
      vertex 24.4214 17.2 99.9652
      vertex 24.1413 17.2 100.046
    endloop
  endfacet
  facet normal 0 1 -0
    outer loop
      vertex 25.2911 17.2 99.9164
      vertex 24.4214 17.2 99.9652
      vertex 25.5786 17.2 99.9652
    endloop
  endfacet
  facet normal 0 1 0
    outer loop
      vertex 25.2911 17.2 99.9164
      vertex 24.7089 17.2 99.9164
      vertex 24.4214 17.2 99.9652
    endloop
  endfacet
  facet normal -0 1 0
    outer loop
      vertex 24.7089 17.2 99.9164
      vertex 25.2911 17.2 99.9164
      vertex 25 17.2 99.9
    endloop
  endfacet
  facet normal 0.98589 0 -0.167396
    outer loop
      vertex 22.4652 17.2 103.079
      vertex 22.4163 19.2 102.791
      vertex 22.4652 19.2 103.079
    endloop
  endfacet
  facet normal 0.98589 0 -0.167396
    outer loop
      vertex 22.4163 19.2 102.791
      vertex 22.4652 17.2 103.079
      vertex 22.4163 17.2 102.791
    endloop
  endfacet
  facet normal -0.577007 0 -0.816739
    outer loop
      vertex 26.3833 17.2 104.701
      vertex 26.6211 19.2 104.533
      vertex 26.6211 17.2 104.533
    endloop
  endfacet
  facet normal -0.577007 0 -0.816739
    outer loop
      vertex 26.6211 19.2 104.533
      vertex 26.3833 17.2 104.701
      vertex 26.3833 19.2 104.701
    endloop
  endfacet
  facet normal -0.744999 0 -0.667066
    outer loop
      vertex 27.0328 17.2 104.121
      vertex 26.8385 19.2 104.338
      vertex 27.0328 19.2 104.121
    endloop
  endfacet
  facet normal -0.744999 -0 -0.667066
    outer loop
      vertex 26.8385 19.2 104.338
      vertex 27.0328 17.2 104.121
      vertex 26.8385 17.2 104.338
    endloop
  endfacet
  facet normal -0.667715 0 -0.744417
    outer loop
      vertex 26.6211 17.2 104.533
      vertex 26.8385 19.2 104.338
      vertex 26.8385 17.2 104.338
    endloop
  endfacet
  facet normal -0.667715 0 -0.744417
    outer loop
      vertex 26.8385 19.2 104.338
      vertex 26.6211 17.2 104.533
      vertex 26.6211 19.2 104.533
    endloop
  endfacet
  facet normal 0.380957 0 -0.924593
    outer loop
      vertex 23.8719 17.2 104.843
      vertex 24.1413 19.2 104.954
      vertex 24.1413 17.2 104.954
    endloop
  endfacet
  facet normal 0.380957 0 -0.924593
    outer loop
      vertex 24.1413 19.2 104.954
      vertex 23.8719 17.2 104.843
      vertex 23.8719 19.2 104.843
    endloop
  endfacet
  facet normal 0.0548811 0 -0.998493
    outer loop
      vertex 24.7089 17.2 105.084
      vertex 25 19.2 105.1
      vertex 25 17.2 105.1
    endloop
  endfacet
  facet normal 0.0548811 0 -0.998493
    outer loop
      vertex 25 19.2 105.1
      vertex 24.7089 17.2 105.084
      vertex 24.7089 19.2 105.084
    endloop
  endfacet
endsolid OpenSCAD_Model
