solid OpenSCAD_Model
  facet normal -1 0 0
    outer loop
      vertex -33.5 -9.3 38.2
      vertex -33.5 -4.58889 93.2889
      vertex -33.5 11.8 38.2
    endloop
  endfacet
  facet normal -1 -0 0
    outer loop
      vertex -33.5 -4.58889 93.2889
      vertex -33.5 -9.3 38.2
      vertex -33.5 -13.0111 93.2889
    endloop
  endfacet
  facet normal -1 0 0
    outer loop
      vertex -33.5 -9.3 33.2
      vertex -33.5 11.8 35.8
      vertex -33.5 11.8 33.2
    endloop
  endfacet
  facet normal -1 -0 0
    outer loop
      vertex -33.5 11.8 35.8
      vertex -33.5 -9.3 33.2
      vertex -33.5 -9.3 35.8
    endloop
  endfacet
  facet normal -1 0 0
    outer loop
      vertex -33.5 -9.3 28.2
      vertex -33.5 11.8 30.8
      vertex -33.5 11.8 28.2
    endloop
  endfacet
  facet normal -1 -0 0
    outer loop
      vertex -33.5 11.8 30.8
      vertex -33.5 -9.3 28.2
      vertex -33.5 -9.3 30.8
    endloop
  endfacet
  facet normal -1 0 0
    outer loop
      vertex -33.5 -9.3 23.2
      vertex -33.5 11.8 25.8
      vertex -33.5 11.8 23.2
    endloop
  endfacet
  facet normal -1 -0 0
    outer loop
      vertex -33.5 11.8 25.8
      vertex -33.5 -9.3 23.2
      vertex -33.5 -9.3 25.8
    endloop
  endfacet
  facet normal -1 0 0
    outer loop
      vertex -33.5 -9.3 18.2
      vertex -33.5 11.8 20.8
      vertex -33.5 11.8 18.2
    endloop
  endfacet
  facet normal -1 -0 0
    outer loop
      vertex -33.5 11.8 20.8
      vertex -33.5 -9.3 18.2
      vertex -33.5 -9.3 20.8
    endloop
  endfacet
  facet normal -1 0 0
    outer loop
      vertex -33.5 -9.3 13.2
      vertex -33.5 11.8 15.8
      vertex -33.5 11.8 13.2
    endloop
  endfacet
  facet normal -1 -0 0
    outer loop
      vertex -33.5 11.8 15.8
      vertex -33.5 -9.3 13.2
      vertex -33.5 -9.3 15.8
    endloop
  endfacet
  facet normal -1 0 0
    outer loop
      vertex -33.5 11.8 13.2
      vertex -33.5 16.8 4
      vertex -33.5 11.8 10.8
    endloop
  endfacet
  facet normal -1 0 0
    outer loop
      vertex -33.5 16.8 4
      vertex -33.5 -9.3 10.8
      vertex -33.5 11.8 10.8
    endloop
  endfacet
  facet normal -1 0 0
    outer loop
      vertex -33.5 -16.8 4
      vertex -33.5 -9.3 13.2
      vertex -33.5 -9.3 10.8
    endloop
  endfacet
  facet normal -1 -0 0
    outer loop
      vertex -33.5 -9.3 13.2
      vertex -33.5 -16.8 4
      vertex -33.5 -9.3 15.8
    endloop
  endfacet
  facet normal -1 -0 0
    outer loop
      vertex -33.5 -9.3 15.8
      vertex -33.5 -16.8 4
      vertex -33.5 -9.3 18.2
    endloop
  endfacet
  facet normal -1 -0 0
    outer loop
      vertex -33.5 -9.3 18.2
      vertex -33.5 -16.8 4
      vertex -33.5 -9.3 20.8
    endloop
  endfacet
  facet normal -1 -0 0
    outer loop
      vertex -33.5 -9.3 20.8
      vertex -33.5 -16.8 4
      vertex -33.5 -9.3 23.2
    endloop
  endfacet
  facet normal -1 -0 0
    outer loop
      vertex -33.5 -9.3 23.2
      vertex -33.5 -16.8 4
      vertex -33.5 -9.3 25.8
    endloop
  endfacet
  facet normal -1 -0 0
    outer loop
      vertex -33.5 -9.3 25.8
      vertex -33.5 -16.8 4
      vertex -33.5 -9.3 28.2
    endloop
  endfacet
  facet normal -1 -0 0
    outer loop
      vertex -33.5 -9.3 28.2
      vertex -33.5 -16.8 4
      vertex -33.5 -9.3 30.8
    endloop
  endfacet
  facet normal -1 -0 0
    outer loop
      vertex -33.5 -9.3 30.8
      vertex -33.5 -16.8 4
      vertex -33.5 -9.3 33.2
    endloop
  endfacet
  facet normal -1 -0 0
    outer loop
      vertex -33.5 -9.3 33.2
      vertex -33.5 -16.8 4
      vertex -33.5 -9.3 35.8
    endloop
  endfacet
  facet normal -1 -0 0
    outer loop
      vertex -33.5 -9.3 35.8
      vertex -33.5 -16.8 4
      vertex -33.5 -9.3 38.2
    endloop
  endfacet
  facet normal -1 0 0
    outer loop
      vertex -33.5 -16.8 109
      vertex -33.5 -13.0111 93.2889
      vertex -33.5 -16.8 4
    endloop
  endfacet
  facet normal -1 -0 0
    outer loop
      vertex -33.5 -9.3 38.2
      vertex -33.5 -16.8 4
      vertex -33.5 -13.0111 93.2889
    endloop
  endfacet
  facet normal -1 0 0
    outer loop
      vertex -33.5 -16.8 4
      vertex -33.5 -9.3 10.8
      vertex -33.5 16.8 4
    endloop
  endfacet
  facet normal -1 0 0
    outer loop
      vertex -33.5 11.8 15.8
      vertex -33.5 16.8 4
      vertex -33.5 11.8 13.2
    endloop
  endfacet
  facet normal -1 0 0
    outer loop
      vertex -33.5 11.8 18.2
      vertex -33.5 16.8 4
      vertex -33.5 11.8 15.8
    endloop
  endfacet
  facet normal -1 0 0
    outer loop
      vertex -33.5 11.8 20.8
      vertex -33.5 16.8 4
      vertex -33.5 11.8 18.2
    endloop
  endfacet
  facet normal -1 0 0
    outer loop
      vertex -33.5 11.8 23.2
      vertex -33.5 16.8 4
      vertex -33.5 11.8 20.8
    endloop
  endfacet
  facet normal -1 0 0
    outer loop
      vertex -33.5 11.8 25.8
      vertex -33.5 16.8 4
      vertex -33.5 11.8 23.2
    endloop
  endfacet
  facet normal -1 0 0
    outer loop
      vertex -33.5 11.8 28.2
      vertex -33.5 16.8 4
      vertex -33.5 11.8 25.8
    endloop
  endfacet
  facet normal -1 0 0
    outer loop
      vertex -33.5 11.8 30.8
      vertex -33.5 16.8 4
      vertex -33.5 11.8 28.2
    endloop
  endfacet
  facet normal -1 0 0
    outer loop
      vertex -33.5 11.8 33.2
      vertex -33.5 16.8 4
      vertex -33.5 11.8 30.8
    endloop
  endfacet
  facet normal -1 0 0
    outer loop
      vertex -33.5 11.8 35.8
      vertex -33.5 16.8 4
      vertex -33.5 11.8 33.2
    endloop
  endfacet
  facet normal -1 0 0
    outer loop
      vertex -33.5 11.8 38.2
      vertex -33.5 16.8 4
      vertex -33.5 11.8 35.8
    endloop
  endfacet
  facet normal -1 0 0
    outer loop
      vertex -33.5 16.8 4
      vertex -33.5 11.8 38.2
      vertex -33.5 16.8 109
    endloop
  endfacet
  facet normal -1 0 0
    outer loop
      vertex -33.5 -4.58889 93.2889
      vertex -33.5 16.8 109
      vertex -33.5 11.8 38.2
    endloop
  endfacet
  facet normal -1 0 0
    outer loop
      vertex -33.5 -4.58889 107.711
      vertex -33.5 16.8 109
      vertex -33.5 -4.58889 93.2889
    endloop
  endfacet
  facet normal -1 0 0
    outer loop
      vertex -33.5 -16.8 109
      vertex -33.5 -4.58889 107.711
      vertex -33.5 -13.0111 107.711
    endloop
  endfacet
  facet normal -1 0 0
    outer loop
      vertex -33.5 -4.58889 107.711
      vertex -33.5 -16.8 109
      vertex -33.5 16.8 109
    endloop
  endfacet
  facet normal -1 0 0
    outer loop
      vertex -33.5 -13.0111 93.2889
      vertex -33.5 -16.8 109
      vertex -33.5 -13.0111 107.711
    endloop
  endfacet
  facet normal 0.875207 0 -0.483749
    outer loop
      vertex 33.1039 -16.8 2.26447
      vertex 32.8869 16.8 1.87187
      vertex 33.1039 16.8 2.26447
    endloop
  endfacet
  facet normal 0.875207 0 -0.483749
    outer loop
      vertex 32.8869 16.8 1.87187
      vertex 33.1039 -16.8 2.26447
      vertex 32.8869 -16.8 1.87187
    endloop
  endfacet
  facet normal 0.81553 0 -0.578715
    outer loop
      vertex 32.8869 -16.8 1.87187
      vertex 32.6273 16.8 1.50604
      vertex 32.8869 16.8 1.87187
    endloop
  endfacet
  facet normal 0.81553 0 -0.578715
    outer loop
      vertex 32.6273 16.8 1.50604
      vertex 32.8869 -16.8 1.87187
      vertex 32.6273 -16.8 1.50604
    endloop
  endfacet
  facet normal -0.745177 0 0.666867
    outer loop
      vertex -32.6273 -16.8 111.494
      vertex -32.3284 16.8 111.828
      vertex -32.6273 16.8 111.494
    endloop
  endfacet
  facet normal -0.745177 0 0.666867
    outer loop
      vertex -32.3284 16.8 111.828
      vertex -32.6273 -16.8 111.494
      vertex -32.3284 -16.8 111.828
    endloop
  endfacet
  facet normal 0.745623 0 -0.666368
    outer loop
      vertex 32.6273 -16.8 1.50604
      vertex 32.3284 16.8 1.17159
      vertex 32.6273 16.8 1.50604
    endloop
  endfacet
  facet normal 0.745623 0 -0.666368
    outer loop
      vertex 32.3284 16.8 1.17159
      vertex 32.6273 -16.8 1.50604
      vertex 32.3284 -16.8 1.17159
    endloop
  endfacet
  facet normal 0.923926 0 -0.382572
    outer loop
      vertex 33.2755 -16.8 2.67889
      vertex 33.1039 16.8 2.26447
      vertex 33.2755 16.8 2.67889
    endloop
  endfacet
  facet normal 0.923926 0 -0.382572
    outer loop
      vertex 33.1039 16.8 2.26447
      vertex 33.2755 -16.8 2.67889
      vertex 33.1039 -16.8 2.26447
    endloop
  endfacet
  facet normal 0.874893 -0 0.484316
    outer loop
      vertex 32.8869 -16.8 111.128
      vertex 33.1039 16.8 110.736
      vertex 32.8869 16.8 111.128
    endloop
  endfacet
  facet normal 0.874893 0 0.484316
    outer loop
      vertex 33.1039 16.8 110.736
      vertex 32.8869 -16.8 111.128
      vertex 33.1039 -16.8 110.736
    endloop
  endfacet
  facet normal 0.0557417 0 0.998445
    outer loop
      vertex 29.5 16.8 113
      vertex 29.9478 -16.8 112.975
      vertex 29.9478 16.8 112.975
    endloop
  endfacet
  facet normal 0.0557417 0 0.998445
    outer loop
      vertex 29.9478 -16.8 112.975
      vertex 29.5 16.8 113
      vertex 29.5 -16.8 113
    endloop
  endfacet
  facet normal 0.483749 0 0.875207
    outer loop
      vertex 31.2355 16.8 112.604
      vertex 31.6281 -16.8 112.387
      vertex 31.6281 16.8 112.387
    endloop
  endfacet
  facet normal 0.483749 0 0.875207
    outer loop
      vertex 31.6281 -16.8 112.387
      vertex 31.2355 16.8 112.604
      vertex 31.2355 -16.8 112.604
    endloop
  endfacet
  facet normal 1 -0 0
    outer loop
      vertex 33.5 -9.41111 60.3389
      vertex 33.5 -3.58889 55.6611
      vertex 33.5 -3.58889 60.3389
    endloop
  endfacet
  facet normal 1 0 0
    outer loop
      vertex 33.5 -3.58889 55.6611
      vertex 33.5 -9.41111 60.3389
      vertex 33.5 -9.41111 55.6611
    endloop
  endfacet
  facet normal 1 -0 0
    outer loop
      vertex 33.5 -9.41111 73.7889
      vertex 33.5 -3.58889 69.0611
      vertex 33.5 -3.38889 73.7889
    endloop
  endfacet
  facet normal 1 0 0
    outer loop
      vertex 33.5 -3.58889 69.0611
      vertex 33.5 -9.41111 73.7889
      vertex 33.5 -9.41111 69.0611
    endloop
  endfacet
  facet normal 1 -0 0
    outer loop
      vertex 33.5 -9.3 15.8
      vertex 33.5 11.8 13.2
      vertex 33.5 11.8 15.8
    endloop
  endfacet
  facet normal 1 0 0
    outer loop
      vertex 33.5 11.8 13.2
      vertex 33.5 -9.3 15.8
      vertex 33.5 -9.3 13.2
    endloop
  endfacet
  facet normal 1 -0 0
    outer loop
      vertex 33.5 -9.3 20.8
      vertex 33.5 11.8 18.2
      vertex 33.5 11.8 20.8
    endloop
  endfacet
  facet normal 1 0 0
    outer loop
      vertex 33.5 11.8 18.2
      vertex 33.5 -9.3 20.8
      vertex 33.5 -9.3 18.2
    endloop
  endfacet
  facet normal 1 -0 0
    outer loop
      vertex 33.5 -9.3 25.8
      vertex 33.5 11.8 23.2
      vertex 33.5 11.8 25.8
    endloop
  endfacet
  facet normal 1 0 0
    outer loop
      vertex 33.5 11.8 23.2
      vertex 33.5 -9.3 25.8
      vertex 33.5 -9.3 23.2
    endloop
  endfacet
  facet normal 1 -0 0
    outer loop
      vertex 33.5 -9.3 30.8
      vertex 33.5 11.8 28.2
      vertex 33.5 11.8 30.8
    endloop
  endfacet
  facet normal 1 0 0
    outer loop
      vertex 33.5 11.8 28.2
      vertex 33.5 -9.3 30.8
      vertex 33.5 -9.3 28.2
    endloop
  endfacet
  facet normal 1 -0 0
    outer loop
      vertex 33.5 -9.3 35.8
      vertex 33.5 11.8 33.2
      vertex 33.5 11.8 35.8
    endloop
  endfacet
  facet normal 1 0 0
    outer loop
      vertex 33.5 11.8 33.2
      vertex 33.5 -9.3 35.8
      vertex 33.5 -9.3 33.2
    endloop
  endfacet
  facet normal 1 0 0
    outer loop
      vertex 33.5 16.8 109
      vertex 33.5 11.8 38.2
      vertex 33.5 16.8 4
    endloop
  endfacet
  facet normal 1 0 0
    outer loop
      vertex 33.5 -3.38889 73.7889
      vertex 33.5 16.8 109
      vertex 33.5 -3.38889 84.8111
    endloop
  endfacet
  facet normal 1 -0 0
    outer loop
      vertex 33.5 -16.8 109
      vertex 33.5 -3.38889 84.8111
      vertex 33.5 16.8 109
    endloop
  endfacet
  facet normal 1 0 0
    outer loop
      vertex 33.5 -16.8 109
      vertex 33.5 -9.41111 73.7889
      vertex 33.5 -9.41111 84.8111
    endloop
  endfacet
  facet normal 1 0 0
    outer loop
      vertex 33.5 -9.41111 73.7889
      vertex 33.5 -16.8 109
      vertex 33.5 -9.41111 69.0611
    endloop
  endfacet
  facet normal 1 0 0
    outer loop
      vertex 33.5 -9.41111 69.0611
      vertex 33.5 -16.8 109
      vertex 33.5 -9.41111 60.3389
    endloop
  endfacet
  facet normal 1 0 0
    outer loop
      vertex 33.5 -9.41111 60.3389
      vertex 33.5 -16.8 109
      vertex 33.5 -9.41111 55.6611
    endloop
  endfacet
  facet normal 1 0 0
    outer loop
      vertex 33.5 -16.8 4
      vertex 33.5 -9.41111 55.6611
      vertex 33.5 -16.8 109
    endloop
  endfacet
  facet normal 1 0 0
    outer loop
      vertex 33.5 -3.38889 84.8111
      vertex 33.5 -16.8 109
      vertex 33.5 -9.41111 84.8111
    endloop
  endfacet
  facet normal 1 -0 0
    outer loop
      vertex 33.5 11.8 35.8
      vertex 33.5 16.8 4
      vertex 33.5 11.8 38.2
    endloop
  endfacet
  facet normal 1 -0 0
    outer loop
      vertex 33.5 11.8 33.2
      vertex 33.5 16.8 4
      vertex 33.5 11.8 35.8
    endloop
  endfacet
  facet normal 1 -0 0
    outer loop
      vertex 33.5 11.8 30.8
      vertex 33.5 16.8 4
      vertex 33.5 11.8 33.2
    endloop
  endfacet
  facet normal 1 -0 0
    outer loop
      vertex 33.5 11.8 28.2
      vertex 33.5 16.8 4
      vertex 33.5 11.8 30.8
    endloop
  endfacet
  facet normal 1 -0 0
    outer loop
      vertex 33.5 11.8 25.8
      vertex 33.5 16.8 4
      vertex 33.5 11.8 28.2
    endloop
  endfacet
  facet normal 1 -0 0
    outer loop
      vertex 33.5 11.8 23.2
      vertex 33.5 16.8 4
      vertex 33.5 11.8 25.8
    endloop
  endfacet
  facet normal 1 -0 0
    outer loop
      vertex 33.5 11.8 20.8
      vertex 33.5 16.8 4
      vertex 33.5 11.8 23.2
    endloop
  endfacet
  facet normal 1 -0 0
    outer loop
      vertex 33.5 11.8 18.2
      vertex 33.5 16.8 4
      vertex 33.5 11.8 20.8
    endloop
  endfacet
  facet normal 1 -0 0
    outer loop
      vertex 33.5 11.8 15.8
      vertex 33.5 16.8 4
      vertex 33.5 11.8 18.2
    endloop
  endfacet
  facet normal 1 -0 0
    outer loop
      vertex 33.5 11.8 13.2
      vertex 33.5 16.8 4
      vertex 33.5 11.8 15.8
    endloop
  endfacet
  facet normal 1 -0 0
    outer loop
      vertex 33.5 11.8 10.8
      vertex 33.5 16.8 4
      vertex 33.5 11.8 13.2
    endloop
  endfacet
  facet normal 1 -0 0
    outer loop
      vertex 33.5 -9.3 10.8
      vertex 33.5 16.8 4
      vertex 33.5 11.8 10.8
    endloop
  endfacet
  facet normal 1 0 0
    outer loop
      vertex 33.5 -9.3 15.8
      vertex 33.5 -16.8 4
      vertex 33.5 -9.3 13.2
    endloop
  endfacet
  facet normal 1 0 0
    outer loop
      vertex 33.5 -9.3 10.8
      vertex 33.5 -16.8 4
      vertex 33.5 16.8 4
    endloop
  endfacet
  facet normal 1 0 0
    outer loop
      vertex 33.5 -9.3 13.2
      vertex 33.5 -16.8 4
      vertex 33.5 -9.3 10.8
    endloop
  endfacet
  facet normal 1 0 0
    outer loop
      vertex 33.5 16.8 109
      vertex 33.5 -3.38889 73.7889
      vertex 33.5 11.8 38.2
    endloop
  endfacet
  facet normal 1 -0 0
    outer loop
      vertex 33.5 -3.58889 69.0611
      vertex 33.5 11.8 38.2
      vertex 33.5 -3.38889 73.7889
    endloop
  endfacet
  facet normal 1 -0 0
    outer loop
      vertex 33.5 -3.58889 60.3389
      vertex 33.5 11.8 38.2
      vertex 33.5 -3.58889 69.0611
    endloop
  endfacet
  facet normal 1 -0 0
    outer loop
      vertex 33.5 -3.58889 55.6611
      vertex 33.5 11.8 38.2
      vertex 33.5 -3.58889 60.3389
    endloop
  endfacet
  facet normal 1 -0 0
    outer loop
      vertex 33.5 -3.58889 46.9389
      vertex 33.5 11.8 38.2
      vertex 33.5 -3.58889 55.6611
    endloop
  endfacet
  facet normal 1 0 0
    outer loop
      vertex 33.5 -3.58889 46.9389
      vertex 33.5 -9.3 38.2
      vertex 33.5 11.8 38.2
    endloop
  endfacet
  facet normal 1 0 0
    outer loop
      vertex 33.5 -16.8 4
      vertex 33.5 -9.3 35.8
      vertex 33.5 -9.3 38.2
    endloop
  endfacet
  facet normal 1 0 0
    outer loop
      vertex 33.5 -9.3 35.8
      vertex 33.5 -16.8 4
      vertex 33.5 -9.3 33.2
    endloop
  endfacet
  facet normal 1 0 0
    outer loop
      vertex 33.5 -9.41111 46.9389
      vertex 33.5 -16.8 4
      vertex 33.5 -9.3 38.2
    endloop
  endfacet
  facet normal 1 0 0
    outer loop
      vertex 33.5 -9.3 33.2
      vertex 33.5 -16.8 4
      vertex 33.5 -9.3 30.8
    endloop
  endfacet
  facet normal 1 0 0
    outer loop
      vertex 33.5 -9.3 30.8
      vertex 33.5 -16.8 4
      vertex 33.5 -9.3 28.2
    endloop
  endfacet
  facet normal 1 0 0
    outer loop
      vertex 33.5 -9.3 28.2
      vertex 33.5 -16.8 4
      vertex 33.5 -9.3 25.8
    endloop
  endfacet
  facet normal 1 0 0
    outer loop
      vertex 33.5 -9.3 25.8
      vertex 33.5 -16.8 4
      vertex 33.5 -9.3 23.2
    endloop
  endfacet
  facet normal 1 0 0
    outer loop
      vertex 33.5 -9.3 23.2
      vertex 33.5 -16.8 4
      vertex 33.5 -9.3 20.8
    endloop
  endfacet
  facet normal 1 0 0
    outer loop
      vertex 33.5 -9.3 20.8
      vertex 33.5 -16.8 4
      vertex 33.5 -9.3 18.2
    endloop
  endfacet
  facet normal 1 0 0
    outer loop
      vertex 33.5 -9.3 18.2
      vertex 33.5 -16.8 4
      vertex 33.5 -9.3 15.8
    endloop
  endfacet
  facet normal 1 0 0
    outer loop
      vertex 33.5 -9.41111 55.6611
      vertex 33.5 -16.8 4
      vertex 33.5 -9.41111 46.9389
    endloop
  endfacet
  facet normal 1 -0 0
    outer loop
      vertex 33.5 -9.41111 46.9389
      vertex 33.5 -9.3 38.2
      vertex 33.5 -3.58889 46.9389
    endloop
  endfacet
  facet normal -0 0 1
    outer loop
      vertex -1.2 2.5 113
      vertex 1 -3.2 113
      vertex 1.2 2.5 113
    endloop
  endfacet
  facet normal 0 0 1
    outer loop
      vertex -4.8 2.5 113
      vertex -1.2 2.5 113
      vertex -4.8 13.5 113
    endloop
  endfacet
  facet normal -0 0 1
    outer loop
      vertex -4.8 2.5 113
      vertex 1 -3.2 113
      vertex -1.2 2.5 113
    endloop
  endfacet
  facet normal -0 0 1
    outer loop
      vertex -7.2 2.5 113
      vertex 1 -3.2 113
      vertex -4.8 2.5 113
    endloop
  endfacet
  facet normal 0 0 1
    outer loop
      vertex -10.8 2.5 113
      vertex -7.2 2.5 113
      vertex -10.8 13.5 113
    endloop
  endfacet
  facet normal -0 0 1
    outer loop
      vertex -10.8 2.5 113
      vertex 1 -3.2 113
      vertex -7.2 2.5 113
    endloop
  endfacet
  facet normal 0 0 1
    outer loop
      vertex -23 -3.2 113
      vertex -10.8 2.5 113
      vertex -13.2 2.5 113
    endloop
  endfacet
  facet normal 0 0 1
    outer loop
      vertex -16.8 2.5 113
      vertex -13.2 2.5 113
      vertex -16.8 13.5 113
    endloop
  endfacet
  facet normal 0 0 1
    outer loop
      vertex -23 -3.2 113
      vertex -13.2 2.5 113
      vertex -16.8 2.5 113
    endloop
  endfacet
  facet normal 0 0 1
    outer loop
      vertex -23 -3.2 113
      vertex -16.8 2.5 113
      vertex -19.2 2.5 113
    endloop
  endfacet
  facet normal 0 0 1
    outer loop
      vertex -10.8 2.5 113
      vertex -23 -3.2 113
      vertex 1 -3.2 113
    endloop
  endfacet
  facet normal 0 0 1
    outer loop
      vertex 29.5 16.8 113
      vertex 28.5 -6.7 113
      vertex 29.5 -16.8 113
    endloop
  endfacet
  facet normal 0 0 1
    outer loop
      vertex 29.5 16.8 113
      vertex 28.4717 -6.19616 113
      vertex 28.5 -6.7 113
    endloop
  endfacet
  facet normal 0 0 1
    outer loop
      vertex 29.5 16.8 113
      vertex 28.3872 -5.69866 113
      vertex 28.4717 -6.19616 113
    endloop
  endfacet
  facet normal 0 0 1
    outer loop
      vertex 29.5 16.8 113
      vertex 28.2475 -5.21374 113
      vertex 28.3872 -5.69866 113
    endloop
  endfacet
  facet normal 0 0 1
    outer loop
      vertex 29.5 16.8 113
      vertex 28.0544 -4.74752 113
      vertex 28.2475 -5.21374 113
    endloop
  endfacet
  facet normal 0 0 1
    outer loop
      vertex 29.5 16.8 113
      vertex 27.8103 -4.30585 113
      vertex 28.0544 -4.74752 113
    endloop
  endfacet
  facet normal 0 0 1
    outer loop
      vertex 29.5 16.8 113
      vertex 27.5182 -3.8943 113
      vertex 27.8103 -4.30585 113
    endloop
  endfacet
  facet normal 0 0 1
    outer loop
      vertex 29.5 16.8 113
      vertex 27.182 -3.51802 113
      vertex 27.5182 -3.8943 113
    endloop
  endfacet
  facet normal 0 0 1
    outer loop
      vertex 29.5 16.8 113
      vertex 26.8057 -3.18176 113
      vertex 27.182 -3.51802 113
    endloop
  endfacet
  facet normal 0 0 1
    outer loop
      vertex 29.5 16.8 113
      vertex 26.3941 -2.88974 113
      vertex 26.8057 -3.18176 113
    endloop
  endfacet
  facet normal 0 0 1
    outer loop
      vertex 29.5 16.8 113
      vertex 25.9525 -2.64564 113
      vertex 26.3941 -2.88974 113
    endloop
  endfacet
  facet normal 0 0 1
    outer loop
      vertex 29.5 16.8 113
      vertex 25.4863 -2.45252 113
      vertex 25.9525 -2.64564 113
    endloop
  endfacet
  facet normal 0 0 1
    outer loop
      vertex 29.5 16.8 113
      vertex 25.0013 -2.31282 113
      vertex 25.4863 -2.45252 113
    endloop
  endfacet
  facet normal -0 0 1
    outer loop
      vertex 19.2 2.5 113
      vertex 25.0013 -2.31282 113
      vertex 29.5 16.8 113
    endloop
  endfacet
  facet normal 0 0 1
    outer loop
      vertex 25.0013 -2.31282 113
      vertex 19.2 2.5 113
      vertex 24.5038 -2.22829 113
    endloop
  endfacet
  facet normal 0 0 1
    outer loop
      vertex 24.5038 -2.22829 113
      vertex 19.2 2.5 113
      vertex 24 -2.2 113
    endloop
  endfacet
  facet normal 0 0 1
    outer loop
      vertex 24 -2.2 113
      vertex 19.2 2.5 113
      vertex 23.4962 -2.22829 113
    endloop
  endfacet
  facet normal 0 0 1
    outer loop
      vertex 23.4962 -2.22829 113
      vertex 19.2 2.5 113
      vertex 22.9987 -2.31282 113
    endloop
  endfacet
  facet normal 0 0 1
    outer loop
      vertex 22.9987 -2.31282 113
      vertex 19.2 2.5 113
      vertex 22.5137 -2.45252 113
    endloop
  endfacet
  facet normal 0 0 1
    outer loop
      vertex 22.5137 -2.45252 113
      vertex 19.2 2.5 113
      vertex 22.0475 -2.64564 113
    endloop
  endfacet
  facet normal 0 0 1
    outer loop
      vertex 22.0475 -2.64564 113
      vertex 19.2 2.5 113
      vertex 21.6059 -2.88974 113
    endloop
  endfacet
  facet normal 0 0 1
    outer loop
      vertex 21.6059 -2.88974 113
      vertex 19.2 2.5 113
      vertex 21.1943 -3.18176 113
    endloop
  endfacet
  facet normal 0 0 1
    outer loop
      vertex 21.1943 -3.18176 113
      vertex 19.2 2.5 113
      vertex 20.818 -3.51802 113
    endloop
  endfacet
  facet normal -0 0 1
    outer loop
      vertex 16.8 2.5 113
      vertex 20.818 -3.51802 113
      vertex 19.2 2.5 113
    endloop
  endfacet
  facet normal 0 0 1
    outer loop
      vertex 20.818 -3.51802 113
      vertex 16.8 2.5 113
      vertex 20.4818 -3.8943 113
    endloop
  endfacet
  facet normal 0 0 1
    outer loop
      vertex 19.9456 -4.74752 113
      vertex 13.2 2.5 113
      vertex 19.7525 -5.21374 113
    endloop
  endfacet
  facet normal -0 0 1
    outer loop
      vertex 13.2 2.5 113
      vertex 19.9456 -4.74752 113
      vertex 16.8 2.5 113
    endloop
  endfacet
  facet normal 0 0 1
    outer loop
      vertex 20.1897 -4.30585 113
      vertex 16.8 2.5 113
      vertex 19.9456 -4.74752 113
    endloop
  endfacet
  facet normal 0 0 1
    outer loop
      vertex 20.4818 -3.8943 113
      vertex 16.8 2.5 113
      vertex 20.1897 -4.30585 113
    endloop
  endfacet
  facet normal 0 0 1
    outer loop
      vertex 19.2 2.5 113
      vertex 29.5 16.8 113
      vertex 19.2 13.5 113
    endloop
  endfacet
  facet normal 0 0 1
    outer loop
      vertex 29.5 16.8 113
      vertex 16.8 13.5 113
      vertex 19.2 13.5 113
    endloop
  endfacet
  facet normal 0 0 1
    outer loop
      vertex 16.8 13.5 113
      vertex 13.2 13.5 113
      vertex 16.8 2.5 113
    endloop
  endfacet
  facet normal 0 0 1
    outer loop
      vertex 29.5 16.8 113
      vertex 13.2 13.5 113
      vertex 16.8 13.5 113
    endloop
  endfacet
  facet normal 0 0 1
    outer loop
      vertex 29.5 16.8 113
      vertex 10.8 13.5 113
      vertex 13.2 13.5 113
    endloop
  endfacet
  facet normal 0 0 1
    outer loop
      vertex 10.8 13.5 113
      vertex 7.2 13.5 113
      vertex 10.8 2.5 113
    endloop
  endfacet
  facet normal 0 0 1
    outer loop
      vertex 29.5 16.8 113
      vertex 7.2 13.5 113
      vertex 10.8 13.5 113
    endloop
  endfacet
  facet normal 0 0 1
    outer loop
      vertex 29.5 16.8 113
      vertex 4.8 13.5 113
      vertex 7.2 13.5 113
    endloop
  endfacet
  facet normal 0 0 1
    outer loop
      vertex 4.8 13.5 113
      vertex 1.2 13.5 113
      vertex 4.8 2.5 113
    endloop
  endfacet
  facet normal 0 0 1
    outer loop
      vertex 29.5 16.8 113
      vertex 1.2 13.5 113
      vertex 4.8 13.5 113
    endloop
  endfacet
  facet normal 0 0 1
    outer loop
      vertex 29.5 16.8 113
      vertex -1.2 13.5 113
      vertex 1.2 13.5 113
    endloop
  endfacet
  facet normal 0 0 1
    outer loop
      vertex -1.2 13.5 113
      vertex -4.8 13.5 113
      vertex -1.2 2.5 113
    endloop
  endfacet
  facet normal -0 0 1
    outer loop
      vertex -29.5 16.8 113
      vertex -1.2 13.5 113
      vertex 29.5 16.8 113
    endloop
  endfacet
  facet normal 0 0 1
    outer loop
      vertex -1.2 13.5 113
      vertex -29.5 16.8 113
      vertex -4.8 13.5 113
    endloop
  endfacet
  facet normal 0 0 1
    outer loop
      vertex -7.2 13.5 113
      vertex -10.8 13.5 113
      vertex -7.2 2.5 113
    endloop
  endfacet
  facet normal 0 0 1
    outer loop
      vertex -4.8 13.5 113
      vertex -29.5 16.8 113
      vertex -7.2 13.5 113
    endloop
  endfacet
  facet normal 0 0 1
    outer loop
      vertex -7.2 13.5 113
      vertex -29.5 16.8 113
      vertex -10.8 13.5 113
    endloop
  endfacet
  facet normal 0 0 1
    outer loop
      vertex -13.2 13.5 113
      vertex -16.8 13.5 113
      vertex -13.2 2.5 113
    endloop
  endfacet
  facet normal 0 0 1
    outer loop
      vertex -10.8 13.5 113
      vertex -29.5 16.8 113
      vertex -13.2 13.5 113
    endloop
  endfacet
  facet normal 0 0 1
    outer loop
      vertex -13.2 13.5 113
      vertex -29.5 16.8 113
      vertex -16.8 13.5 113
    endloop
  endfacet
  facet normal 0 0 1
    outer loop
      vertex -29.5 16.8 113
      vertex -19.2 2.5 113
      vertex -19.2 13.5 113
    endloop
  endfacet
  facet normal 0 0 1
    outer loop
      vertex -29.5 -16.8 113
      vertex -23 -3.2 113
      vertex -29.5 16.8 113
    endloop
  endfacet
  facet normal 0 0 1
    outer loop
      vertex -19.2 2.5 113
      vertex -29.5 16.8 113
      vertex -23 -3.2 113
    endloop
  endfacet
  facet normal 0 0 1
    outer loop
      vertex -16.8 13.5 113
      vertex -29.5 16.8 113
      vertex -19.2 13.5 113
    endloop
  endfacet
  facet normal -0 0 1
    outer loop
      vertex 28.4717 -7.20384 113
      vertex 29.5 -16.8 113
      vertex 28.5 -6.7 113
    endloop
  endfacet
  facet normal -0 0 1
    outer loop
      vertex 28.3872 -7.70134 113
      vertex 29.5 -16.8 113
      vertex 28.4717 -7.20384 113
    endloop
  endfacet
  facet normal -0 0 1
    outer loop
      vertex 28.2475 -8.18626 113
      vertex 29.5 -16.8 113
      vertex 28.3872 -7.70134 113
    endloop
  endfacet
  facet normal -0 0 1
    outer loop
      vertex 28.0544 -8.65248 113
      vertex 29.5 -16.8 113
      vertex 28.2475 -8.18626 113
    endloop
  endfacet
  facet normal -0 0 1
    outer loop
      vertex 27.8103 -9.09414 113
      vertex 29.5 -16.8 113
      vertex 28.0544 -8.65248 113
    endloop
  endfacet
  facet normal -0 0 1
    outer loop
      vertex 27.5182 -9.5057 113
      vertex 29.5 -16.8 113
      vertex 27.8103 -9.09414 113
    endloop
  endfacet
  facet normal -0 0 1
    outer loop
      vertex 27.182 -9.88198 113
      vertex 29.5 -16.8 113
      vertex 27.5182 -9.5057 113
    endloop
  endfacet
  facet normal -0 0 1
    outer loop
      vertex 26.8057 -10.2182 113
      vertex 29.5 -16.8 113
      vertex 27.182 -9.88198 113
    endloop
  endfacet
  facet normal -0 0 1
    outer loop
      vertex 26.3941 -10.5103 113
      vertex 29.5 -16.8 113
      vertex 26.8057 -10.2182 113
    endloop
  endfacet
  facet normal -0 0 1
    outer loop
      vertex 25.9525 -10.7544 113
      vertex 29.5 -16.8 113
      vertex 26.3941 -10.5103 113
    endloop
  endfacet
  facet normal -0 0 1
    outer loop
      vertex 25.4863 -10.9475 113
      vertex 29.5 -16.8 113
      vertex 25.9525 -10.7544 113
    endloop
  endfacet
  facet normal -0 0 1
    outer loop
      vertex 25.0013 -11.0872 113
      vertex 29.5 -16.8 113
      vertex 25.4863 -10.9475 113
    endloop
  endfacet
  facet normal -0 0 1
    outer loop
      vertex 24.5038 -11.1717 113
      vertex 29.5 -16.8 113
      vertex 25.0013 -11.0872 113
    endloop
  endfacet
  facet normal -0 0 1
    outer loop
      vertex 24 -11.2 113
      vertex 29.5 -16.8 113
      vertex 24.5038 -11.1717 113
    endloop
  endfacet
  facet normal 0 0 1
    outer loop
      vertex 23.4962 -11.1717 113
      vertex 29.5 -16.8 113
      vertex 24 -11.2 113
    endloop
  endfacet
  facet normal 0 0 1
    outer loop
      vertex 22.9987 -11.0872 113
      vertex 29.5 -16.8 113
      vertex 23.4962 -11.1717 113
    endloop
  endfacet
  facet normal 0 0 1
    outer loop
      vertex 22.5137 -10.9475 113
      vertex 29.5 -16.8 113
      vertex 22.9987 -11.0872 113
    endloop
  endfacet
  facet normal 0 0 1
    outer loop
      vertex 22.0475 -10.7544 113
      vertex 29.5 -16.8 113
      vertex 22.5137 -10.9475 113
    endloop
  endfacet
  facet normal 0 0 1
    outer loop
      vertex 1 -10.2 113
      vertex 22.0475 -10.7544 113
      vertex 21.6059 -10.5103 113
    endloop
  endfacet
  facet normal 0 0 1
    outer loop
      vertex 1 -10.2 113
      vertex 21.6059 -10.5103 113
      vertex 21.1943 -10.2182 113
    endloop
  endfacet
  facet normal 0 0 1
    outer loop
      vertex 19.7525 -5.21374 113
      vertex 13.2 2.5 113
      vertex 19.6128 -5.69866 113
    endloop
  endfacet
  facet normal 0 0 1
    outer loop
      vertex 19.6128 -5.69866 113
      vertex 13.2 2.5 113
      vertex 19.5283 -6.19616 113
    endloop
  endfacet
  facet normal -0 0 1
    outer loop
      vertex 10.8 2.5 113
      vertex 19.5283 -6.19616 113
      vertex 13.2 2.5 113
    endloop
  endfacet
  facet normal 0 0 1
    outer loop
      vertex 19.5283 -6.19616 113
      vertex 10.8 2.5 113
      vertex 19.5 -6.7 113
    endloop
  endfacet
  facet normal 0 0 1
    outer loop
      vertex 13.2 2.5 113
      vertex 16.8 2.5 113
      vertex 13.2 13.5 113
    endloop
  endfacet
  facet normal 0 0 1
    outer loop
      vertex 1 -10.2 113
      vertex 19.5 -6.7 113
      vertex 10.8 2.5 113
    endloop
  endfacet
  facet normal 0 0 1
    outer loop
      vertex 19.5 -6.7 113
      vertex 1 -10.2 113
      vertex 19.5283 -7.20384 113
    endloop
  endfacet
  facet normal 0 0 1
    outer loop
      vertex 19.5283 -7.20384 113
      vertex 1 -10.2 113
      vertex 19.6128 -7.70134 113
    endloop
  endfacet
  facet normal 0 0 1
    outer loop
      vertex 19.6128 -7.70134 113
      vertex 1 -10.2 113
      vertex 19.7525 -8.18626 113
    endloop
  endfacet
  facet normal 0 0 1
    outer loop
      vertex 19.7525 -8.18626 113
      vertex 1 -10.2 113
      vertex 19.9456 -8.65248 113
    endloop
  endfacet
  facet normal 0 0 1
    outer loop
      vertex 19.9456 -8.65248 113
      vertex 1 -10.2 113
      vertex 20.1897 -9.09414 113
    endloop
  endfacet
  facet normal 0 0 1
    outer loop
      vertex 7.2 2.5 113
      vertex 10.8 2.5 113
      vertex 7.2 13.5 113
    endloop
  endfacet
  facet normal 0 0 1
    outer loop
      vertex 1 -3.2 113
      vertex 10.8 2.5 113
      vertex 7.2 2.5 113
    endloop
  endfacet
  facet normal 0 0 1
    outer loop
      vertex 20.1897 -9.09414 113
      vertex 1 -10.2 113
      vertex 20.4818 -9.5057 113
    endloop
  endfacet
  facet normal 0 0 1
    outer loop
      vertex 1 -3.2 113
      vertex 7.2 2.5 113
      vertex 4.8 2.5 113
    endloop
  endfacet
  facet normal 0 0 1
    outer loop
      vertex 10.8 2.5 113
      vertex 1 -3.2 113
      vertex 1 -10.2 113
    endloop
  endfacet
  facet normal 0 0 1
    outer loop
      vertex 20.4818 -9.5057 113
      vertex 1 -10.2 113
      vertex 20.818 -9.88198 113
    endloop
  endfacet
  facet normal 0 0 1
    outer loop
      vertex 1.2 2.5 113
      vertex 4.8 2.5 113
      vertex 1.2 13.5 113
    endloop
  endfacet
  facet normal 0 0 1
    outer loop
      vertex 1 -3.2 113
      vertex 4.8 2.5 113
      vertex 1.2 2.5 113
    endloop
  endfacet
  facet normal 0 0 1
    outer loop
      vertex 20.818 -9.88198 113
      vertex 1 -10.2 113
      vertex 21.1943 -10.2182 113
    endloop
  endfacet
  facet normal 0 0 1
    outer loop
      vertex 22.0475 -10.7544 113
      vertex 1 -10.2 113
      vertex 29.5 -16.8 113
    endloop
  endfacet
  facet normal 0 0 1
    outer loop
      vertex -29.5 -16.8 113
      vertex 1 -10.2 113
      vertex -23 -10.2 113
    endloop
  endfacet
  facet normal 0 0 1
    outer loop
      vertex 1 -10.2 113
      vertex -29.5 -16.8 113
      vertex 29.5 -16.8 113
    endloop
  endfacet
  facet normal 0 0 1
    outer loop
      vertex -23 -3.2 113
      vertex -29.5 -16.8 113
      vertex -23 -10.2 113
    endloop
  endfacet
  facet normal -0.924114 0 0.382116
    outer loop
      vertex -33.2755 -16.8 110.321
      vertex -33.1039 16.8 110.736
      vertex -33.2755 16.8 110.321
    endloop
  endfacet
  facet normal -0.924114 0 0.382116
    outer loop
      vertex -33.1039 16.8 110.736
      vertex -33.2755 -16.8 110.321
      vertex -33.1039 -16.8 110.736
    endloop
  endfacet
  facet normal 0.960904 0 -0.276882
    outer loop
      vertex 33.3997 -16.8 3.10992
      vertex 33.2755 16.8 2.67889
      vertex 33.3997 16.8 3.10992
    endloop
  endfacet
  facet normal 0.960904 0 -0.276882
    outer loop
      vertex 33.2755 16.8 2.67889
      vertex 33.3997 -16.8 3.10992
      vertex 33.2755 -16.8 2.67889
    endloop
  endfacet
  facet normal 0.998421 0 -0.05618
    outer loop
      vertex 33.5 -16.8 4
      vertex 33.4748 16.8 3.55215
      vertex 33.5 16.8 4
    endloop
  endfacet
  facet normal 0.998421 0 -0.05618
    outer loop
      vertex 33.4748 16.8 3.55215
      vertex 33.5 -16.8 4
      vertex 33.4748 -16.8 3.55215
    endloop
  endfacet
  facet normal 0.960899 -0 0.276899
    outer loop
      vertex 33.2755 -16.8 110.321
      vertex 33.3997 16.8 109.89
      vertex 33.2755 16.8 110.321
    endloop
  endfacet
  facet normal 0.960899 0 0.276899
    outer loop
      vertex 33.3997 16.8 109.89
      vertex 33.2755 -16.8 110.321
      vertex 33.3997 -16.8 109.89
    endloop
  endfacet
  facet normal -0.383349 0 0.923604
    outer loop
      vertex -31.2355 16.8 112.604
      vertex -30.8211 -16.8 112.776
      vertex -30.8211 16.8 112.776
    endloop
  endfacet
  facet normal -0.383349 0 0.923604
    outer loop
      vertex -30.8211 -16.8 112.776
      vertex -31.2355 16.8 112.604
      vertex -31.2355 -16.8 112.604
    endloop
  endfacet
  facet normal -0.483749 0 0.875207
    outer loop
      vertex -31.6281 16.8 112.387
      vertex -31.2355 -16.8 112.604
      vertex -31.2355 16.8 112.604
    endloop
  endfacet
  facet normal -0.483749 0 0.875207
    outer loop
      vertex -31.2355 -16.8 112.604
      vertex -31.6281 16.8 112.387
      vertex -31.6281 -16.8 112.387
    endloop
  endfacet
  facet normal 0.276488 0 0.961017
    outer loop
      vertex 30.3901 16.8 112.9
      vertex 30.8211 -16.8 112.776
      vertex 30.8211 16.8 112.776
    endloop
  endfacet
  facet normal 0.276488 0 0.961017
    outer loop
      vertex 30.8211 -16.8 112.776
      vertex 30.3901 16.8 112.9
      vertex 30.3901 -16.8 112.9
    endloop
  endfacet
  facet normal 0.815656 -0 0.578537
    outer loop
      vertex 32.6273 -16.8 111.494
      vertex 32.8869 16.8 111.128
      vertex 32.6273 16.8 111.494
    endloop
  endfacet
  facet normal 0.815656 0 0.578537
    outer loop
      vertex 32.8869 16.8 111.128
      vertex 32.6273 -16.8 111.494
      vertex 32.8869 -16.8 111.128
    endloop
  endfacet
  facet normal -0.815656 0 0.578537
    outer loop
      vertex -32.8869 -16.8 111.128
      vertex -32.6273 16.8 111.494
      vertex -32.8869 16.8 111.128
    endloop
  endfacet
  facet normal -0.815656 0 0.578537
    outer loop
      vertex -32.6273 16.8 111.494
      vertex -32.8869 -16.8 111.128
      vertex -32.6273 -16.8 111.494
    endloop
  endfacet
  facet normal -0.875207 0 -0.483749
    outer loop
      vertex -32.8869 -16.8 1.87187
      vertex -33.1039 16.8 2.26447
      vertex -32.8869 16.8 1.87187
    endloop
  endfacet
  facet normal -0.875207 -0 -0.483749
    outer loop
      vertex -33.1039 16.8 2.26447
      vertex -32.8869 -16.8 1.87187
      vertex -33.1039 -16.8 2.26447
    endloop
  endfacet
  facet normal -0.923926 0 -0.382572
    outer loop
      vertex -33.1039 -16.8 2.26447
      vertex -33.2755 16.8 2.67889
      vertex -33.1039 16.8 2.26447
    endloop
  endfacet
  facet normal -0.923926 -0 -0.382572
    outer loop
      vertex -33.2755 16.8 2.67889
      vertex -33.1039 -16.8 2.26447
      vertex -33.2755 -16.8 2.67889
    endloop
  endfacet
  facet normal 0 -1 0
    outer loop
      vertex -21.4385 -16.8 100.605
      vertex -29.5 -16.8 113
      vertex -21.6217 -16.8 100.657
    endloop
  endfacet
  facet normal 0 -1 0
    outer loop
      vertex 29.5 -16.8 113
      vertex 21.8097 -16.8 100.689
      vertex 22 -16.8 100.7
    endloop
  endfacet
  facet normal 0 -1 0
    outer loop
      vertex -21.2624 -16.8 100.532
      vertex -29.5 -16.8 113
      vertex -21.4385 -16.8 100.605
    endloop
  endfacet
  facet normal 0 -1 0
    outer loop
      vertex 29.5 -16.8 113
      vertex 21.6217 -16.8 100.657
      vertex 21.8097 -16.8 100.689
    endloop
  endfacet
  facet normal 0 -1 0
    outer loop
      vertex -21.0955 -16.8 100.439
      vertex -29.5 -16.8 113
      vertex -21.2624 -16.8 100.532
    endloop
  endfacet
  facet normal 0 -1 0
    outer loop
      vertex 29.5 -16.8 113
      vertex 21.4385 -16.8 100.605
      vertex 21.6217 -16.8 100.657
    endloop
  endfacet
  facet normal 0 -1 0
    outer loop
      vertex -20.9401 -16.8 100.329
      vertex -29.5 -16.8 113
      vertex -21.0955 -16.8 100.439
    endloop
  endfacet
  facet normal 0 -1 0
    outer loop
      vertex 29.5 -16.8 113
      vertex 21.2624 -16.8 100.532
      vertex 21.4385 -16.8 100.605
    endloop
  endfacet
  facet normal 0 -1 0
    outer loop
      vertex -29.5 -16.8 113
      vertex -20.9401 -16.8 100.329
      vertex 29.5 -16.8 113
    endloop
  endfacet
  facet normal 0 -1 0
    outer loop
      vertex 29.5 -16.8 113
      vertex 21.0955 -16.8 100.439
      vertex 21.2624 -16.8 100.532
    endloop
  endfacet
  facet normal 0 -1 0
    outer loop
      vertex 20.9401 -16.8 100.329
      vertex 29.5 -16.8 113
      vertex -20.9401 -16.8 100.329
    endloop
  endfacet
  facet normal 0 -1 0
    outer loop
      vertex 29.5 -16.8 113
      vertex 20.9401 -16.8 100.329
      vertex 21.0955 -16.8 100.439
    endloop
  endfacet
  facet normal 0 -1 0
    outer loop
      vertex -20.7979 -16.8 100.202
      vertex 20.9401 -16.8 100.329
      vertex -20.9401 -16.8 100.329
    endloop
  endfacet
  facet normal 0 -1 0
    outer loop
      vertex -20.7979 -16.8 100.202
      vertex 20.7979 -16.8 100.202
      vertex 20.9401 -16.8 100.329
    endloop
  endfacet
  facet normal 0 -1 0
    outer loop
      vertex -20.6709 -16.8 100.06
      vertex 20.7979 -16.8 100.202
      vertex -20.7979 -16.8 100.202
    endloop
  endfacet
  facet normal 0 -1 0
    outer loop
      vertex -20.6709 -16.8 100.06
      vertex 20.6709 -16.8 100.06
      vertex 20.7979 -16.8 100.202
    endloop
  endfacet
  facet normal 0 -1 0
    outer loop
      vertex -20.5606 -16.8 99.9045
      vertex 20.6709 -16.8 100.06
      vertex -20.6709 -16.8 100.06
    endloop
  endfacet
  facet normal 0 -1 0
    outer loop
      vertex -20.5606 -16.8 99.9045
      vertex 20.5606 -16.8 99.9045
      vertex 20.6709 -16.8 100.06
    endloop
  endfacet
  facet normal 0 -1 0
    outer loop
      vertex -20.4684 -16.8 99.7376
      vertex 20.5606 -16.8 99.9045
      vertex -20.5606 -16.8 99.9045
    endloop
  endfacet
  facet normal 0 -1 0
    outer loop
      vertex -20.4684 -16.8 99.7376
      vertex 20.4684 -16.8 99.7376
      vertex 20.5606 -16.8 99.9045
    endloop
  endfacet
  facet normal 0 -1 0
    outer loop
      vertex -20.3954 -16.8 99.5615
      vertex 20.4684 -16.8 99.7376
      vertex -20.4684 -16.8 99.7376
    endloop
  endfacet
  facet normal 0 -1 0
    outer loop
      vertex -20.3954 -16.8 99.5615
      vertex 20.3954 -16.8 99.5615
      vertex 20.4684 -16.8 99.7376
    endloop
  endfacet
  facet normal 0 -1 0
    outer loop
      vertex -20.3426 -16.8 99.3783
      vertex 20.3954 -16.8 99.5615
      vertex -20.3954 -16.8 99.5615
    endloop
  endfacet
  facet normal 0 -1 0
    outer loop
      vertex -20.3426 -16.8 99.3783
      vertex 20.3426 -16.8 99.3783
      vertex 20.3954 -16.8 99.5615
    endloop
  endfacet
  facet normal 0 -1 0
    outer loop
      vertex -20.3107 -16.8 99.1903
      vertex 20.3426 -16.8 99.3783
      vertex -20.3426 -16.8 99.3783
    endloop
  endfacet
  facet normal 0 -1 0
    outer loop
      vertex -20.3107 -16.8 99.1903
      vertex 20.3107 -16.8 99.1903
      vertex 20.3426 -16.8 99.3783
    endloop
  endfacet
  facet normal 0 -1 0
    outer loop
      vertex -20.3 -16.8 99
      vertex 20.3107 -16.8 99.1903
      vertex -20.3107 -16.8 99.1903
    endloop
  endfacet
  facet normal 0 -1 0
    outer loop
      vertex -20.3 -16.8 99
      vertex 20.3 -16.8 99
      vertex 20.3107 -16.8 99.1903
    endloop
  endfacet
  facet normal 0 -1 0
    outer loop
      vertex -20.3107 -16.8 98.8097
      vertex 20.3 -16.8 99
      vertex -20.3 -16.8 99
    endloop
  endfacet
  facet normal 0 -1 0
    outer loop
      vertex -20.3107 -16.8 98.8097
      vertex 20.3107 -16.8 98.8097
      vertex 20.3 -16.8 99
    endloop
  endfacet
  facet normal 0 -1 0
    outer loop
      vertex -20.3426 -16.8 98.6217
      vertex 20.3107 -16.8 98.8097
      vertex -20.3107 -16.8 98.8097
    endloop
  endfacet
  facet normal 0 -1 0
    outer loop
      vertex -20.3426 -16.8 98.6217
      vertex 20.3426 -16.8 98.6217
      vertex 20.3107 -16.8 98.8097
    endloop
  endfacet
  facet normal 0 -1 0
    outer loop
      vertex -20.3954 -16.8 98.4385
      vertex 20.3426 -16.8 98.6217
      vertex -20.3426 -16.8 98.6217
    endloop
  endfacet
  facet normal 0 -1 0
    outer loop
      vertex -20.3954 -16.8 98.4385
      vertex 20.3954 -16.8 98.4385
      vertex 20.3426 -16.8 98.6217
    endloop
  endfacet
  facet normal 0 -1 0
    outer loop
      vertex -20.4684 -16.8 98.2624
      vertex 20.3954 -16.8 98.4385
      vertex -20.3954 -16.8 98.4385
    endloop
  endfacet
  facet normal 0 -1 0
    outer loop
      vertex -20.4684 -16.8 98.2624
      vertex 20.4684 -16.8 98.2624
      vertex 20.3954 -16.8 98.4385
    endloop
  endfacet
  facet normal 0 -1 0
    outer loop
      vertex -20.5606 -16.8 98.0955
      vertex 20.4684 -16.8 98.2624
      vertex -20.4684 -16.8 98.2624
    endloop
  endfacet
  facet normal 0 -1 0
    outer loop
      vertex -20.5606 -16.8 98.0955
      vertex 20.5606 -16.8 98.0955
      vertex 20.4684 -16.8 98.2624
    endloop
  endfacet
  facet normal 0 -1 0
    outer loop
      vertex -20.6709 -16.8 97.9401
      vertex 20.5606 -16.8 98.0955
      vertex -20.5606 -16.8 98.0955
    endloop
  endfacet
  facet normal 0 -1 0
    outer loop
      vertex -20.6709 -16.8 97.9401
      vertex 20.6709 -16.8 97.9401
      vertex 20.5606 -16.8 98.0955
    endloop
  endfacet
  facet normal 0 -1 0
    outer loop
      vertex -20.7979 -16.8 97.7979
      vertex 20.6709 -16.8 97.9401
      vertex -20.6709 -16.8 97.9401
    endloop
  endfacet
  facet normal 0 -1 0
    outer loop
      vertex -20.7979 -16.8 97.7979
      vertex 20.7979 -16.8 97.7979
      vertex 20.6709 -16.8 97.9401
    endloop
  endfacet
  facet normal 0 -1 0
    outer loop
      vertex -20.9401 -16.8 97.6709
      vertex 20.7979 -16.8 97.7979
      vertex -20.7979 -16.8 97.7979
    endloop
  endfacet
  facet normal 0 -1 0
    outer loop
      vertex -20.9401 -16.8 97.6709
      vertex 20.9401 -16.8 97.6709
      vertex 20.7979 -16.8 97.7979
    endloop
  endfacet
  facet normal 0 -1 0
    outer loop
      vertex -21.0955 -16.8 97.5606
      vertex 20.9401 -16.8 97.6709
      vertex -20.9401 -16.8 97.6709
    endloop
  endfacet
  facet normal 0 -1 0
    outer loop
      vertex -21.0955 -16.8 97.5606
      vertex 21.0955 -16.8 97.5606
      vertex 20.9401 -16.8 97.6709
    endloop
  endfacet
  facet normal 0 -1 0
    outer loop
      vertex -21.2624 -16.8 97.4684
      vertex 21.0955 -16.8 97.5606
      vertex -21.0955 -16.8 97.5606
    endloop
  endfacet
  facet normal 0 -1 0
    outer loop
      vertex -21.2624 -16.8 97.4684
      vertex 21.2624 -16.8 97.4684
      vertex 21.0955 -16.8 97.5606
    endloop
  endfacet
  facet normal 0 -1 0
    outer loop
      vertex -21.4385 -16.8 97.3954
      vertex 21.2624 -16.8 97.4684
      vertex -21.2624 -16.8 97.4684
    endloop
  endfacet
  facet normal 0 -1 0
    outer loop
      vertex -21.4385 -16.8 97.3954
      vertex 21.4385 -16.8 97.3954
      vertex 21.2624 -16.8 97.4684
    endloop
  endfacet
  facet normal 0 -1 0
    outer loop
      vertex -33.5 -16.8 4
      vertex -21.4385 -16.8 97.3954
      vertex -21.6217 -16.8 97.3426
    endloop
  endfacet
  facet normal 0 -1 -0
    outer loop
      vertex -21.4385 -16.8 97.3954
      vertex -33.5 -16.8 4
      vertex 21.4385 -16.8 97.3954
    endloop
  endfacet
  facet normal 0 -1 0
    outer loop
      vertex -33.5 -16.8 4
      vertex -21.6217 -16.8 97.3426
      vertex -21.8097 -16.8 97.3107
    endloop
  endfacet
  facet normal 0 -1 0
    outer loop
      vertex 33.5 -16.8 4
      vertex 21.4385 -16.8 97.3954
      vertex -33.5 -16.8 4
    endloop
  endfacet
  facet normal 0 -1 0
    outer loop
      vertex -33.5 -16.8 4
      vertex -21.8097 -16.8 97.3107
      vertex -22 -16.8 97.3
    endloop
  endfacet
  facet normal 0 -1 0
    outer loop
      vertex 21.4385 -16.8 97.3954
      vertex 33.5 -16.8 4
      vertex 21.6217 -16.8 97.3426
    endloop
  endfacet
  facet normal 0 -1 0
    outer loop
      vertex -33.5 -16.8 109
      vertex -29.5 -16.8 113
      vertex -29.9478 -16.8 112.975
    endloop
  endfacet
  facet normal 0 -1 0
    outer loop
      vertex -21.8097 -16.8 100.689
      vertex -29.5 -16.8 113
      vertex -22 -16.8 100.7
    endloop
  endfacet
  facet normal 0 -1 0
    outer loop
      vertex -33.5 -16.8 109
      vertex -29.9478 -16.8 112.975
      vertex -30.3901 -16.8 112.9
    endloop
  endfacet
  facet normal 0 -1 0
    outer loop
      vertex -21.6217 -16.8 100.657
      vertex -29.5 -16.8 113
      vertex -21.8097 -16.8 100.689
    endloop
  endfacet
  facet normal 0 -1 0
    outer loop
      vertex -33.5 -16.8 109
      vertex -30.3901 -16.8 112.9
      vertex -30.8211 -16.8 112.776
    endloop
  endfacet
  facet normal 0 -1 0
    outer loop
      vertex 22.1903 -16.8 100.689
      vertex 29.5 -16.8 113
      vertex 22 -16.8 100.7
    endloop
  endfacet
  facet normal 0 -1 0
    outer loop
      vertex -33.5 -16.8 109
      vertex -30.8211 -16.8 112.776
      vertex -31.2355 -16.8 112.604
    endloop
  endfacet
  facet normal 0 -1 0
    outer loop
      vertex 22.3783 -16.8 100.657
      vertex 29.5 -16.8 113
      vertex 22.1903 -16.8 100.689
    endloop
  endfacet
  facet normal 0 -1 0
    outer loop
      vertex -33.5 -16.8 109
      vertex -31.2355 -16.8 112.604
      vertex -31.6281 -16.8 112.387
    endloop
  endfacet
  facet normal 0 -1 0
    outer loop
      vertex 22.5615 -16.8 100.605
      vertex 29.5 -16.8 113
      vertex 22.3783 -16.8 100.657
    endloop
  endfacet
  facet normal 0 -1 0
    outer loop
      vertex -33.5 -16.8 109
      vertex -31.6281 -16.8 112.387
      vertex -31.994 -16.8 112.127
    endloop
  endfacet
  facet normal 0 -1 0
    outer loop
      vertex 22.7376 -16.8 100.532
      vertex 29.5 -16.8 113
      vertex 22.5615 -16.8 100.605
    endloop
  endfacet
  facet normal 0 -1 0
    outer loop
      vertex -33.5 -16.8 109
      vertex -31.994 -16.8 112.127
      vertex -32.3284 -16.8 111.828
    endloop
  endfacet
  facet normal 0 -1 0
    outer loop
      vertex 22.9045 -16.8 100.439
      vertex 29.5 -16.8 113
      vertex 22.7376 -16.8 100.532
    endloop
  endfacet
  facet normal 0 -1 0
    outer loop
      vertex -33.5 -16.8 109
      vertex -32.3284 -16.8 111.828
      vertex -32.6273 -16.8 111.494
    endloop
  endfacet
  facet normal -0 -1 0
    outer loop
      vertex 33.5 -16.8 109
      vertex 29.5 -16.8 113
      vertex 22.9045 -16.8 100.439
    endloop
  endfacet
  facet normal 0 -1 0
    outer loop
      vertex -33.5 -16.8 109
      vertex -32.6273 -16.8 111.494
      vertex -32.8869 -16.8 111.128
    endloop
  endfacet
  facet normal 0 -1 0
    outer loop
      vertex 29.5 -16.8 113
      vertex 33.5 -16.8 109
      vertex 29.9478 -16.8 112.975
    endloop
  endfacet
  facet normal 0 -1 0
    outer loop
      vertex -33.5 -16.8 109
      vertex -32.8869 -16.8 111.128
      vertex -33.1039 -16.8 110.736
    endloop
  endfacet
  facet normal 0 -1 0
    outer loop
      vertex 29.9478 -16.8 112.975
      vertex 33.5 -16.8 109
      vertex 30.3901 -16.8 112.9
    endloop
  endfacet
  facet normal 0 -1 0
    outer loop
      vertex -33.5 -16.8 109
      vertex -33.1039 -16.8 110.736
      vertex -33.2755 -16.8 110.321
    endloop
  endfacet
  facet normal 0 -1 0
    outer loop
      vertex 30.8211 -16.8 112.776
      vertex 33.5 -16.8 109
      vertex 31.2355 -16.8 112.604
    endloop
  endfacet
  facet normal 0 -1 0
    outer loop
      vertex -33.5 -16.8 109
      vertex -33.2755 -16.8 110.321
      vertex -33.3997 -16.8 109.89
    endloop
  endfacet
  facet normal 0 -1 0
    outer loop
      vertex 31.2355 -16.8 112.604
      vertex 33.5 -16.8 109
      vertex 31.6281 -16.8 112.387
    endloop
  endfacet
  facet normal 0 -1 0
    outer loop
      vertex -33.5 -16.8 109
      vertex -33.3997 -16.8 109.89
      vertex -33.4748 -16.8 109.448
    endloop
  endfacet
  facet normal 0 -1 0
    outer loop
      vertex 31.6281 -16.8 112.387
      vertex 33.5 -16.8 109
      vertex 31.994 -16.8 112.127
    endloop
  endfacet
  facet normal 0 -1 -0
    outer loop
      vertex -29.5 -16.8 113
      vertex -33.5 -16.8 109
      vertex -22.9045 -16.8 100.439
    endloop
  endfacet
  facet normal 0 -1 0
    outer loop
      vertex 31.994 -16.8 112.127
      vertex 33.5 -16.8 109
      vertex 32.3284 -16.8 111.828
    endloop
  endfacet
  facet normal 0 -1 0
    outer loop
      vertex 32.6273 -16.8 111.494
      vertex 33.5 -16.8 109
      vertex 32.8869 -16.8 111.128
    endloop
  endfacet
  facet normal 0 -1 0
    outer loop
      vertex -29.5 -16.8 113
      vertex -22.1903 -16.8 100.689
      vertex -22 -16.8 100.7
    endloop
  endfacet
  facet normal 0 -1 0
    outer loop
      vertex -29.5 -16.8 113
      vertex -22.3783 -16.8 100.657
      vertex -22.1903 -16.8 100.689
    endloop
  endfacet
  facet normal 0 -1 0
    outer loop
      vertex -29.5 -16.8 113
      vertex -22.5615 -16.8 100.605
      vertex -22.3783 -16.8 100.657
    endloop
  endfacet
  facet normal 0 -1 0
    outer loop
      vertex -29.5 -16.8 113
      vertex -22.7376 -16.8 100.532
      vertex -22.5615 -16.8 100.605
    endloop
  endfacet
  facet normal 0 -1 0
    outer loop
      vertex -29.5 -16.8 113
      vertex -22.9045 -16.8 100.439
      vertex -22.7376 -16.8 100.532
    endloop
  endfacet
  facet normal 0 -1 0
    outer loop
      vertex -33.5 -16.8 109
      vertex -23.0599 -16.8 100.329
      vertex -22.9045 -16.8 100.439
    endloop
  endfacet
  facet normal 0 -1 0
    outer loop
      vertex -33.5 -16.8 109
      vertex -23.2021 -16.8 100.202
      vertex -23.0599 -16.8 100.329
    endloop
  endfacet
  facet normal 0 -1 0
    outer loop
      vertex -33.5 -16.8 109
      vertex -23.3291 -16.8 100.06
      vertex -23.2021 -16.8 100.202
    endloop
  endfacet
  facet normal 0 -1 0
    outer loop
      vertex -33.5 -16.8 109
      vertex -23.4394 -16.8 99.9045
      vertex -23.3291 -16.8 100.06
    endloop
  endfacet
  facet normal 0 -1 0
    outer loop
      vertex -33.5 -16.8 109
      vertex -23.5316 -16.8 99.7376
      vertex -23.4394 -16.8 99.9045
    endloop
  endfacet
  facet normal 0 -1 0
    outer loop
      vertex -33.5 -16.8 109
      vertex -23.6046 -16.8 99.5615
      vertex -23.5316 -16.8 99.7376
    endloop
  endfacet
  facet normal 0 -1 0
    outer loop
      vertex -33.5 -16.8 109
      vertex -23.6574 -16.8 99.3783
      vertex -23.6046 -16.8 99.5615
    endloop
  endfacet
  facet normal 0 -1 0
    outer loop
      vertex -33.5 -16.8 109
      vertex -23.6893 -16.8 99.1903
      vertex -23.6574 -16.8 99.3783
    endloop
  endfacet
  facet normal 0 -1 0
    outer loop
      vertex -33.5 -16.8 109
      vertex -23.7 -16.8 99
      vertex -23.6893 -16.8 99.1903
    endloop
  endfacet
  facet normal 0 -1 0
    outer loop
      vertex -33.5 -16.8 109
      vertex -23.6893 -16.8 98.8097
      vertex -23.7 -16.8 99
    endloop
  endfacet
  facet normal 0 -1 0
    outer loop
      vertex -33.5 -16.8 109
      vertex -23.6574 -16.8 98.6217
      vertex -23.6893 -16.8 98.8097
    endloop
  endfacet
  facet normal 0 -1 0
    outer loop
      vertex -33.5 -16.8 109
      vertex -23.6046 -16.8 98.4385
      vertex -23.6574 -16.8 98.6217
    endloop
  endfacet
  facet normal 0 -1 0
    outer loop
      vertex -33.5 -16.8 109
      vertex -23.5316 -16.8 98.2624
      vertex -23.6046 -16.8 98.4385
    endloop
  endfacet
  facet normal 0 -1 0
    outer loop
      vertex -33.5 -16.8 109
      vertex -23.4394 -16.8 98.0955
      vertex -23.5316 -16.8 98.2624
    endloop
  endfacet
  facet normal 0 -1 0
    outer loop
      vertex -33.5 -16.8 109
      vertex -23.3291 -16.8 97.9401
      vertex -23.4394 -16.8 98.0955
    endloop
  endfacet
  facet normal 0 -1 0
    outer loop
      vertex -33.5 -16.8 4
      vertex -23.3291 -16.8 97.9401
      vertex -33.5 -16.8 109
    endloop
  endfacet
  facet normal 0 -1 0
    outer loop
      vertex 21.6217 -16.8 97.3426
      vertex 33.5 -16.8 4
      vertex 21.8097 -16.8 97.3107
    endloop
  endfacet
  facet normal 0 -1 -0
    outer loop
      vertex -22.1903 -16.8 97.3107
      vertex -33.5 -16.8 4
      vertex -22 -16.8 97.3
    endloop
  endfacet
  facet normal 0 -1 -0
    outer loop
      vertex -22.3783 -16.8 97.3426
      vertex -33.5 -16.8 4
      vertex -22.1903 -16.8 97.3107
    endloop
  endfacet
  facet normal 0 -1 -0
    outer loop
      vertex -22.5615 -16.8 97.3954
      vertex -33.5 -16.8 4
      vertex -22.3783 -16.8 97.3426
    endloop
  endfacet
  facet normal 0 -1 -0
    outer loop
      vertex -22.7376 -16.8 97.4684
      vertex -33.5 -16.8 4
      vertex -22.5615 -16.8 97.3954
    endloop
  endfacet
  facet normal 0 -1 -0
    outer loop
      vertex -22.9045 -16.8 97.5606
      vertex -33.5 -16.8 4
      vertex -22.7376 -16.8 97.4684
    endloop
  endfacet
  facet normal 0 -1 -0
    outer loop
      vertex -23.0599 -16.8 97.6709
      vertex -33.5 -16.8 4
      vertex -22.9045 -16.8 97.5606
    endloop
  endfacet
  facet normal 0 -1 -0
    outer loop
      vertex -23.2021 -16.8 97.7979
      vertex -33.5 -16.8 4
      vertex -23.0599 -16.8 97.6709
    endloop
  endfacet
  facet normal 0 -1 -0
    outer loop
      vertex -23.3291 -16.8 97.9401
      vertex -33.5 -16.8 4
      vertex -23.2021 -16.8 97.7979
    endloop
  endfacet
  facet normal 0 -1 0
    outer loop
      vertex 32.8869 -16.8 111.128
      vertex 33.5 -16.8 109
      vertex 33.1039 -16.8 110.736
    endloop
  endfacet
  facet normal 0 -1 0
    outer loop
      vertex 33.1039 -16.8 110.736
      vertex 33.5 -16.8 109
      vertex 33.2755 -16.8 110.321
    endloop
  endfacet
  facet normal 0 -1 0
    outer loop
      vertex 33.2755 -16.8 110.321
      vertex 33.5 -16.8 109
      vertex 33.3997 -16.8 109.89
    endloop
  endfacet
  facet normal 0 -1 0
    outer loop
      vertex 33.3997 -16.8 109.89
      vertex 33.5 -16.8 109
      vertex 33.4748 -16.8 109.448
    endloop
  endfacet
  facet normal 0 -1 0
    outer loop
      vertex 32.3284 -16.8 111.828
      vertex 33.5 -16.8 109
      vertex 32.6273 -16.8 111.494
    endloop
  endfacet
  facet normal 0 -1 0
    outer loop
      vertex 30.3901 -16.8 112.9
      vertex 33.5 -16.8 109
      vertex 30.8211 -16.8 112.776
    endloop
  endfacet
  facet normal 0 -1 0
    outer loop
      vertex 23.0599 -16.8 100.329
      vertex 33.5 -16.8 109
      vertex 22.9045 -16.8 100.439
    endloop
  endfacet
  facet normal 0 -1 0
    outer loop
      vertex 23.2021 -16.8 100.202
      vertex 33.5 -16.8 109
      vertex 23.0599 -16.8 100.329
    endloop
  endfacet
  facet normal 0 -1 0
    outer loop
      vertex 23.3291 -16.8 100.06
      vertex 33.5 -16.8 109
      vertex 23.2021 -16.8 100.202
    endloop
  endfacet
  facet normal 0 -1 0
    outer loop
      vertex 23.4394 -16.8 99.9045
      vertex 33.5 -16.8 109
      vertex 23.3291 -16.8 100.06
    endloop
  endfacet
  facet normal 0 -1 0
    outer loop
      vertex 23.5316 -16.8 99.7376
      vertex 33.5 -16.8 109
      vertex 23.4394 -16.8 99.9045
    endloop
  endfacet
  facet normal 0 -1 0
    outer loop
      vertex 23.6046 -16.8 99.5615
      vertex 33.5 -16.8 109
      vertex 23.5316 -16.8 99.7376
    endloop
  endfacet
  facet normal 0 -1 0
    outer loop
      vertex 23.6574 -16.8 99.3783
      vertex 33.5 -16.8 109
      vertex 23.6046 -16.8 99.5615
    endloop
  endfacet
  facet normal 0 -1 0
    outer loop
      vertex 23.6893 -16.8 99.1903
      vertex 33.5 -16.8 109
      vertex 23.6574 -16.8 99.3783
    endloop
  endfacet
  facet normal 0 -1 0
    outer loop
      vertex 23.7 -16.8 99
      vertex 33.5 -16.8 109
      vertex 23.6893 -16.8 99.1903
    endloop
  endfacet
  facet normal 0 -1 0
    outer loop
      vertex 23.6893 -16.8 98.8097
      vertex 33.5 -16.8 109
      vertex 23.7 -16.8 99
    endloop
  endfacet
  facet normal 0 -1 0
    outer loop
      vertex 23.6574 -16.8 98.6217
      vertex 33.5 -16.8 109
      vertex 23.6893 -16.8 98.8097
    endloop
  endfacet
  facet normal 0 -1 0
    outer loop
      vertex 23.6046 -16.8 98.4385
      vertex 33.5 -16.8 109
      vertex 23.6574 -16.8 98.6217
    endloop
  endfacet
  facet normal 0 -1 0
    outer loop
      vertex 23.5316 -16.8 98.2624
      vertex 33.5 -16.8 109
      vertex 23.6046 -16.8 98.4385
    endloop
  endfacet
  facet normal 0 -1 0
    outer loop
      vertex 23.4394 -16.8 98.0955
      vertex 33.5 -16.8 109
      vertex 23.5316 -16.8 98.2624
    endloop
  endfacet
  facet normal 0 -1 0
    outer loop
      vertex 23.3291 -16.8 97.9401
      vertex 33.5 -16.8 109
      vertex 23.4394 -16.8 98.0955
    endloop
  endfacet
  facet normal 0 -1 0
    outer loop
      vertex 33.5 -16.8 4
      vertex 23.3291 -16.8 97.9401
      vertex 23.2021 -16.8 97.7979
    endloop
  endfacet
  facet normal 0 -1 0
    outer loop
      vertex 21.8097 -16.8 97.3107
      vertex 33.5 -16.8 4
      vertex 22 -16.8 97.3
    endloop
  endfacet
  facet normal 0 -1 0
    outer loop
      vertex 22 -16.8 97.3
      vertex 33.5 -16.8 4
      vertex 22.1903 -16.8 97.3107
    endloop
  endfacet
  facet normal 0 -1 0
    outer loop
      vertex 22.1903 -16.8 97.3107
      vertex 33.5 -16.8 4
      vertex 22.3783 -16.8 97.3426
    endloop
  endfacet
  facet normal 0 -1 0
    outer loop
      vertex 22.3783 -16.8 97.3426
      vertex 33.5 -16.8 4
      vertex 22.5615 -16.8 97.3954
    endloop
  endfacet
  facet normal 0 -1 0
    outer loop
      vertex 22.5615 -16.8 97.3954
      vertex 33.5 -16.8 4
      vertex 22.7376 -16.8 97.4684
    endloop
  endfacet
  facet normal 0 -1 0
    outer loop
      vertex 22.7376 -16.8 97.4684
      vertex 33.5 -16.8 4
      vertex 22.9045 -16.8 97.5606
    endloop
  endfacet
  facet normal 0 -1 0
    outer loop
      vertex 22.9045 -16.8 97.5606
      vertex 33.5 -16.8 4
      vertex 23.0599 -16.8 97.6709
    endloop
  endfacet
  facet normal 0 -1 0
    outer loop
      vertex 23.0599 -16.8 97.6709
      vertex 33.5 -16.8 4
      vertex 23.2021 -16.8 97.7979
    endloop
  endfacet
  facet normal 0 -1 0
    outer loop
      vertex 23.3291 -16.8 97.9401
      vertex 33.5 -16.8 4
      vertex 33.5 -16.8 109
    endloop
  endfacet
  facet normal 0 -1 0
    outer loop
      vertex -29.5 -16.8 0
      vertex -33.5 -16.8 4
      vertex -33.4748 -16.8 3.55215
    endloop
  endfacet
  facet normal 0 -1 0
    outer loop
      vertex -33.5 -16.8 4
      vertex -29.5 -16.8 0
      vertex 33.5 -16.8 4
    endloop
  endfacet
  facet normal 0 -1 0
    outer loop
      vertex -29.5 -16.8 0
      vertex -33.4748 -16.8 3.55215
      vertex -33.3997 -16.8 3.10992
    endloop
  endfacet
  facet normal 0 -1 0
    outer loop
      vertex 29.5 -16.8 0
      vertex 33.5 -16.8 4
      vertex -29.5 -16.8 0
    endloop
  endfacet
  facet normal 0 -1 0
    outer loop
      vertex -29.5 -16.8 0
      vertex -33.3997 -16.8 3.10992
      vertex -33.2755 -16.8 2.67889
    endloop
  endfacet
  facet normal 0 -1 0
    outer loop
      vertex 33.5 -16.8 4
      vertex 29.5 -16.8 0
      vertex 33.4748 -16.8 3.55215
    endloop
  endfacet
  facet normal 0 -1 0
    outer loop
      vertex -29.5 -16.8 0
      vertex -33.2755 -16.8 2.67889
      vertex -33.1039 -16.8 2.26447
    endloop
  endfacet
  facet normal 0 -1 0
    outer loop
      vertex 33.4748 -16.8 3.55215
      vertex 29.5 -16.8 0
      vertex 33.3997 -16.8 3.10992
    endloop
  endfacet
  facet normal 0 -1 0
    outer loop
      vertex -29.5 -16.8 0
      vertex -33.1039 -16.8 2.26447
      vertex -32.8869 -16.8 1.87187
    endloop
  endfacet
  facet normal 0 -1 0
    outer loop
      vertex 33.3997 -16.8 3.10992
      vertex 29.5 -16.8 0
      vertex 33.2755 -16.8 2.67889
    endloop
  endfacet
  facet normal 0 -1 0
    outer loop
      vertex -29.5 -16.8 0
      vertex -32.8869 -16.8 1.87187
      vertex -32.6273 -16.8 1.50604
    endloop
  endfacet
  facet normal 0 -1 0
    outer loop
      vertex 33.2755 -16.8 2.67889
      vertex 29.5 -16.8 0
      vertex 33.1039 -16.8 2.26447
    endloop
  endfacet
  facet normal 0 -1 0
    outer loop
      vertex -29.5 -16.8 0
      vertex -32.6273 -16.8 1.50604
      vertex -32.3284 -16.8 1.17159
    endloop
  endfacet
  facet normal 0 -1 0
    outer loop
      vertex 33.1039 -16.8 2.26447
      vertex 29.5 -16.8 0
      vertex 32.8869 -16.8 1.87187
    endloop
  endfacet
  facet normal 0 -1 0
    outer loop
      vertex -29.5 -16.8 0
      vertex -32.3284 -16.8 1.17159
      vertex -31.994 -16.8 0.872681
    endloop
  endfacet
  facet normal 0 -1 0
    outer loop
      vertex 32.8869 -16.8 1.87187
      vertex 29.5 -16.8 0
      vertex 32.6273 -16.8 1.50604
    endloop
  endfacet
  facet normal 0 -1 0
    outer loop
      vertex -29.5 -16.8 0
      vertex -31.994 -16.8 0.872681
      vertex -31.6281 -16.8 0.613113
    endloop
  endfacet
  facet normal 0 -1 0
    outer loop
      vertex 32.6273 -16.8 1.50604
      vertex 29.5 -16.8 0
      vertex 32.3284 -16.8 1.17159
    endloop
  endfacet
  facet normal 0 -1 0
    outer loop
      vertex -29.5 -16.8 0
      vertex -31.6281 -16.8 0.613113
      vertex -31.2355 -16.8 0.396133
    endloop
  endfacet
  facet normal 0 -1 0
    outer loop
      vertex 32.3284 -16.8 1.17159
      vertex 29.5 -16.8 0
      vertex 31.994 -16.8 0.872681
    endloop
  endfacet
  facet normal 0 -1 0
    outer loop
      vertex -29.5 -16.8 0
      vertex -31.2355 -16.8 0.396133
      vertex -30.8211 -16.8 0.224472
    endloop
  endfacet
  facet normal 0 -1 0
    outer loop
      vertex 31.994 -16.8 0.872681
      vertex 29.5 -16.8 0
      vertex 31.6281 -16.8 0.613113
    endloop
  endfacet
  facet normal 0 -1 0
    outer loop
      vertex -29.5 -16.8 0
      vertex -30.8211 -16.8 0.224472
      vertex -30.3901 -16.8 0.100296
    endloop
  endfacet
  facet normal 0 -1 0
    outer loop
      vertex 31.6281 -16.8 0.613113
      vertex 29.5 -16.8 0
      vertex 31.2355 -16.8 0.396133
    endloop
  endfacet
  facet normal 0 -1 0
    outer loop
      vertex -29.5 -16.8 0
      vertex -30.3901 -16.8 0.100296
      vertex -29.9478 -16.8 0.0251617
    endloop
  endfacet
  facet normal 0 -1 0
    outer loop
      vertex 31.2355 -16.8 0.396133
      vertex 29.5 -16.8 0
      vertex 30.8211 -16.8 0.224472
    endloop
  endfacet
  facet normal 0 -1 0
    outer loop
      vertex 30.8211 -16.8 0.224472
      vertex 29.5 -16.8 0
      vertex 30.3901 -16.8 0.100296
    endloop
  endfacet
  facet normal 0 -1 0
    outer loop
      vertex 30.3901 -16.8 0.100296
      vertex 29.5 -16.8 0
      vertex 29.9478 -16.8 0.0251617
    endloop
  endfacet
  facet normal -0.960899 0 0.276899
    outer loop
      vertex -33.3997 -16.8 109.89
      vertex -33.2755 16.8 110.321
      vertex -33.3997 16.8 109.89
    endloop
  endfacet
  facet normal -0.960899 0 0.276899
    outer loop
      vertex -33.2755 16.8 110.321
      vertex -33.3997 -16.8 109.89
      vertex -33.2755 -16.8 110.321
    endloop
  endfacet
  facet normal -0.998422 0 0.0561612
    outer loop
      vertex -33.5 -16.8 109
      vertex -33.4748 16.8 109.448
      vertex -33.5 16.8 109
    endloop
  endfacet
  facet normal -0.998422 0 0.0561612
    outer loop
      vertex -33.4748 16.8 109.448
      vertex -33.5 -16.8 109
      vertex -33.4748 -16.8 109.448
    endloop
  endfacet
  facet normal -0.985871 0 0.167509
    outer loop
      vertex -33.4748 -16.8 109.448
      vertex -33.3997 16.8 109.89
      vertex -33.4748 16.8 109.448
    endloop
  endfacet
  facet normal -0.985871 0 0.167509
    outer loop
      vertex -33.3997 16.8 109.89
      vertex -33.4748 -16.8 109.448
      vertex -33.3997 -16.8 109.89
    endloop
  endfacet
  facet normal -0.874893 0 0.484316
    outer loop
      vertex -33.1039 -16.8 110.736
      vertex -32.8869 16.8 111.128
      vertex -33.1039 16.8 110.736
    endloop
  endfacet
  facet normal -0.874893 0 0.484316
    outer loop
      vertex -32.8869 16.8 111.128
      vertex -33.1039 -16.8 110.736
      vertex -32.8869 -16.8 111.128
    endloop
  endfacet
  facet normal -0.578594 0 -0.815615
    outer loop
      vertex -31.994 -16.8 0.872681
      vertex -31.6281 16.8 0.613113
      vertex -31.6281 -16.8 0.613113
    endloop
  endfacet
  facet normal -0.578594 0 -0.815615
    outer loop
      vertex -31.6281 16.8 0.613113
      vertex -31.994 -16.8 0.872681
      vertex -31.994 16.8 0.872681
    endloop
  endfacet
  facet normal 0.0561011 0 -0.998425
    outer loop
      vertex 29.5 -16.8 0
      vertex 29.9478 16.8 0.0251617
      vertex 29.9478 -16.8 0.0251617
    endloop
  endfacet
  facet normal 0.0561011 0 -0.998425
    outer loop
      vertex 29.9478 16.8 0.0251617
      vertex 29.5 -16.8 0
      vertex 29.5 16.8 0
    endloop
  endfacet
  facet normal 0.985885 0 -0.167424
    outer loop
      vertex 33.4748 -16.8 3.55215
      vertex 33.3997 16.8 3.10992
      vertex 33.4748 16.8 3.55215
    endloop
  endfacet
  facet normal 0.985885 0 -0.167424
    outer loop
      vertex 33.3997 16.8 3.10992
      vertex 33.4748 -16.8 3.55215
      vertex 33.3997 -16.8 3.10992
    endloop
  endfacet
  facet normal 0.985871 -0 0.167509
    outer loop
      vertex 33.3997 -16.8 109.89
      vertex 33.4748 16.8 109.448
      vertex 33.3997 16.8 109.89
    endloop
  endfacet
  facet normal 0.985871 0 0.167509
    outer loop
      vertex 33.4748 16.8 109.448
      vertex 33.3997 -16.8 109.89
      vertex 33.4748 -16.8 109.448
    endloop
  endfacet
  facet normal 0.924114 -0 0.382116
    outer loop
      vertex 33.1039 -16.8 110.736
      vertex 33.2755 16.8 110.321
      vertex 33.1039 16.8 110.736
    endloop
  endfacet
  facet normal 0.924114 0 0.382116
    outer loop
      vertex 33.2755 16.8 110.321
      vertex 33.1039 -16.8 110.736
      vertex 33.2755 -16.8 110.321
    endloop
  endfacet
  facet normal 0.998422 -0 0.0561612
    outer loop
      vertex 33.4748 -16.8 109.448
      vertex 33.5 16.8 109
      vertex 33.4748 16.8 109.448
    endloop
  endfacet
  facet normal 0.998422 0 0.0561612
    outer loop
      vertex 33.5 16.8 109
      vertex 33.4748 -16.8 109.448
      vertex 33.5 -16.8 109
    endloop
  endfacet
  facet normal -0.579234 0 0.815161
    outer loop
      vertex -31.994 16.8 112.127
      vertex -31.6281 -16.8 112.387
      vertex -31.6281 16.8 112.387
    endloop
  endfacet
  facet normal -0.579234 0 0.815161
    outer loop
      vertex -31.6281 -16.8 112.387
      vertex -31.994 16.8 112.127
      vertex -31.994 -16.8 112.127
    endloop
  endfacet
  facet normal -0.167182 0 0.985926
    outer loop
      vertex -30.3901 16.8 112.9
      vertex -29.9478 -16.8 112.975
      vertex -29.9478 16.8 112.975
    endloop
  endfacet
  facet normal -0.167182 0 0.985926
    outer loop
      vertex -29.9478 -16.8 112.975
      vertex -30.3901 16.8 112.9
      vertex -30.3901 -16.8 112.9
    endloop
  endfacet
  facet normal 0.167182 0 0.985926
    outer loop
      vertex 29.9478 16.8 112.975
      vertex 30.3901 -16.8 112.9
      vertex 30.3901 16.8 112.9
    endloop
  endfacet
  facet normal 0.167182 0 0.985926
    outer loop
      vertex 30.3901 -16.8 112.9
      vertex 29.9478 16.8 112.975
      vertex 29.9478 -16.8 112.975
    endloop
  endfacet
  facet normal 0.383349 0 0.923604
    outer loop
      vertex 30.8211 16.8 112.776
      vertex 31.2355 -16.8 112.604
      vertex 31.2355 16.8 112.604
    endloop
  endfacet
  facet normal 0.383349 0 0.923604
    outer loop
      vertex 31.2355 -16.8 112.604
      vertex 30.8211 16.8 112.776
      vertex 30.8211 -16.8 112.776
    endloop
  endfacet
  facet normal 0.579234 0 0.815161
    outer loop
      vertex 31.6281 16.8 112.387
      vertex 31.994 -16.8 112.127
      vertex 31.994 16.8 112.127
    endloop
  endfacet
  facet normal 0.579234 0 0.815161
    outer loop
      vertex 31.994 -16.8 112.127
      vertex 31.6281 16.8 112.387
      vertex 31.6281 -16.8 112.387
    endloop
  endfacet
  facet normal 0.666547 0 0.745463
    outer loop
      vertex 31.994 16.8 112.127
      vertex 32.3284 -16.8 111.828
      vertex 32.3284 16.8 111.828
    endloop
  endfacet
  facet normal 0.666547 0 0.745463
    outer loop
      vertex 32.3284 -16.8 111.828
      vertex 31.994 16.8 112.127
      vertex 31.994 -16.8 112.127
    endloop
  endfacet
  facet normal -0.81553 0 -0.578715
    outer loop
      vertex -32.6273 -16.8 1.50604
      vertex -32.8869 16.8 1.87187
      vertex -32.6273 16.8 1.50604
    endloop
  endfacet
  facet normal -0.81553 -0 -0.578715
    outer loop
      vertex -32.8869 16.8 1.87187
      vertex -32.6273 -16.8 1.50604
      vertex -32.8869 -16.8 1.87187
    endloop
  endfacet
  facet normal -0.483715 0 -0.875226
    outer loop
      vertex -31.6281 -16.8 0.613113
      vertex -31.2355 16.8 0.396133
      vertex -31.2355 -16.8 0.396133
    endloop
  endfacet
  facet normal -0.483715 0 -0.875226
    outer loop
      vertex -31.2355 16.8 0.396133
      vertex -31.6281 -16.8 0.613113
      vertex -31.6281 16.8 0.613113
    endloop
  endfacet
  facet normal 0 0 -1
    outer loop
      vertex 26.8111 6.41111 0
      vertex 29.5 -16.8 0
      vertex 26.8111 -9.41111 0
    endloop
  endfacet
  facet normal 0 0 -1
    outer loop
      vertex 29.5 -16.8 0
      vertex 8.78889 -9.41111 0
      vertex 26.8111 -9.41111 0
    endloop
  endfacet
  facet normal 0 0 -1
    outer loop
      vertex 8.78889 -9.41111 0
      vertex 6.61111 -9.41111 0
      vertex 8.78889 6.41111 0
    endloop
  endfacet
  facet normal 0 0 -1
    outer loop
      vertex 29.5 -16.8 0
      vertex 6.61111 -9.41111 0
      vertex 8.78889 -9.41111 0
    endloop
  endfacet
  facet normal 0 0 -1
    outer loop
      vertex -29.5 -16.8 0
      vertex 6.61111 -9.41111 0
      vertex 29.5 -16.8 0
    endloop
  endfacet
  facet normal 0 0 -1
    outer loop
      vertex -8.81111 -9.41111 0
      vertex -11.2889 -9.41111 0
      vertex -8.81111 8.51111 0
    endloop
  endfacet
  facet normal -0 0 -1
    outer loop
      vertex 6.61111 -9.41111 0
      vertex -29.5 -16.8 0
      vertex -8.81111 -9.41111 0
    endloop
  endfacet
  facet normal -0 0 -1
    outer loop
      vertex -8.81111 -9.41111 0
      vertex -29.5 -16.8 0
      vertex -11.2889 -9.41111 0
    endloop
  endfacet
  facet normal -0 0 -1
    outer loop
      vertex -26.7111 -9.41111 0
      vertex -29.5 -16.8 0
      vertex -26.7111 8.51111 0
    endloop
  endfacet
  facet normal -0 0 -1
    outer loop
      vertex -11.2889 -9.41111 0
      vertex -29.5 -16.8 0
      vertex -26.7111 -9.41111 0
    endloop
  endfacet
  facet normal 0 0 -1
    outer loop
      vertex 29.5 -16.8 0
      vertex 26.8111 6.41111 0
      vertex 29.5 16.8 0
    endloop
  endfacet
  facet normal 0 0 -1
    outer loop
      vertex 8.78889 6.41111 0
      vertex 29.5 16.8 0
      vertex 26.8111 6.41111 0
    endloop
  endfacet
  facet normal 0 0 -1
    outer loop
      vertex 6.61111 8.51111 0
      vertex 8.78889 6.41111 0
      vertex 6.61111 -9.41111 0
    endloop
  endfacet
  facet normal 0 0 -1
    outer loop
      vertex 8.78889 6.41111 0
      vertex 6.61111 8.51111 0
      vertex 29.5 16.8 0
    endloop
  endfacet
  facet normal 0 0 -1
    outer loop
      vertex -29.5 16.8 0
      vertex 6.61111 8.51111 0
      vertex -8.81111 8.51111 0
    endloop
  endfacet
  facet normal 0 0 -1
    outer loop
      vertex -11.2889 8.51111 0
      vertex -8.81111 8.51111 0
      vertex -11.2889 -9.41111 0
    endloop
  endfacet
  facet normal 0 0 -1
    outer loop
      vertex -29.5 16.8 0
      vertex -8.81111 8.51111 0
      vertex -11.2889 8.51111 0
    endloop
  endfacet
  facet normal 0 0 -1
    outer loop
      vertex -29.5 16.8 0
      vertex -11.2889 8.51111 0
      vertex -26.7111 8.51111 0
    endloop
  endfacet
  facet normal 0 0 -1
    outer loop
      vertex 6.61111 8.51111 0
      vertex -29.5 16.8 0
      vertex 29.5 16.8 0
    endloop
  endfacet
  facet normal 0 0 -1
    outer loop
      vertex -29.5 16.8 0
      vertex -26.7111 8.51111 0
      vertex -29.5 -16.8 0
    endloop
  endfacet
  facet normal -0.0557417 0 0.998445
    outer loop
      vertex -29.9478 16.8 112.975
      vertex -29.5 -16.8 113
      vertex -29.5 16.8 113
    endloop
  endfacet
  facet normal -0.0557417 0 0.998445
    outer loop
      vertex -29.5 -16.8 113
      vertex -29.9478 16.8 112.975
      vertex -29.9478 -16.8 112.975
    endloop
  endfacet
  facet normal -0.276488 0 0.961017
    outer loop
      vertex -30.8211 16.8 112.776
      vertex -30.3901 -16.8 112.9
      vertex -30.3901 16.8 112.9
    endloop
  endfacet
  facet normal -0.276488 0 0.961017
    outer loop
      vertex -30.3901 -16.8 112.9
      vertex -30.8211 16.8 112.776
      vertex -30.8211 -16.8 112.776
    endloop
  endfacet
  facet normal -0.666547 0 0.745463
    outer loop
      vertex -32.3284 16.8 111.828
      vertex -31.994 -16.8 112.127
      vertex -31.994 16.8 112.127
    endloop
  endfacet
  facet normal -0.666547 0 0.745463
    outer loop
      vertex -31.994 -16.8 112.127
      vertex -32.3284 16.8 111.828
      vertex -32.3284 -16.8 111.828
    endloop
  endfacet
  facet normal 0.745177 -0 0.666867
    outer loop
      vertex 32.3284 -16.8 111.828
      vertex 32.6273 16.8 111.494
      vertex 32.3284 16.8 111.828
    endloop
  endfacet
  facet normal 0.745177 0 0.666867
    outer loop
      vertex 32.6273 16.8 111.494
      vertex 32.3284 -16.8 111.828
      vertex 32.6273 -16.8 111.494
    endloop
  endfacet
  facet normal 0 1 -0
    outer loop
      vertex 33.4748 16.8 3.55215
      vertex 30.5933 16.8 4
      vertex 33.5 16.8 4
    endloop
  endfacet
  facet normal 0 1 -0
    outer loop
      vertex 33.3997 16.8 3.10992
      vertex 30.5933 16.8 4
      vertex 33.4748 16.8 3.55215
    endloop
  endfacet
  facet normal 0 1 -0
    outer loop
      vertex 33.2755 16.8 2.67889
      vertex 30.5933 16.8 4
      vertex 33.3997 16.8 3.10992
    endloop
  endfacet
  facet normal 0 1 0
    outer loop
      vertex 30.5933 16.8 4
      vertex 33.2755 16.8 2.67889
      vertex 30.5402 16.8 3.90392
    endloop
  endfacet
  facet normal 0 1 -0
    outer loop
      vertex 33.1039 16.8 2.26447
      vertex 30.5402 16.8 3.90392
      vertex 33.2755 16.8 2.67889
    endloop
  endfacet
  facet normal 0 1 0
    outer loop
      vertex 30.5402 16.8 3.90392
      vertex 33.1039 16.8 2.26447
      vertex 30.3455 16.8 3.62953
    endloop
  endfacet
  facet normal 0 1 -0
    outer loop
      vertex 32.8869 16.8 1.87187
      vertex 30.3455 16.8 3.62953
      vertex 33.1039 16.8 2.26447
    endloop
  endfacet
  facet normal 0 1 -0
    outer loop
      vertex 32.6273 16.8 1.50604
      vertex 30.3455 16.8 3.62953
      vertex 32.8869 16.8 1.87187
    endloop
  endfacet
  facet normal 0 1 0
    outer loop
      vertex 30.3455 16.8 3.62953
      vertex 32.6273 16.8 1.50604
      vertex 30.1213 16.8 3.37869
    endloop
  endfacet
  facet normal 0 1 -0
    outer loop
      vertex 32.3284 16.8 1.17159
      vertex 30.1213 16.8 3.37869
      vertex 32.6273 16.8 1.50604
    endloop
  endfacet
  facet normal 0 1 -0
    outer loop
      vertex 31.994 16.8 0.872681
      vertex 30.1213 16.8 3.37869
      vertex 32.3284 16.8 1.17159
    endloop
  endfacet
  facet normal 0 1 0
    outer loop
      vertex 30.1213 16.8 3.37869
      vertex 31.994 16.8 0.872681
      vertex 29.8705 16.8 3.15451
    endloop
  endfacet
  facet normal 0 1 -0
    outer loop
      vertex 31.6281 16.8 0.613113
      vertex 29.8705 16.8 3.15451
      vertex 31.994 16.8 0.872681
    endloop
  endfacet
  facet normal 0 1 0
    outer loop
      vertex 29.8705 16.8 3.15451
      vertex 31.2355 16.8 0.396133
      vertex 29.5961 16.8 2.95984
    endloop
  endfacet
  facet normal 0 1 -0
    outer loop
      vertex 31.2355 16.8 0.396133
      vertex 29.8705 16.8 3.15451
      vertex 31.6281 16.8 0.613113
    endloop
  endfacet
  facet normal 0 1 0
    outer loop
      vertex -30.5933 16.8 4
      vertex -18.5 16.8 17
      vertex -18.5 16.8 4
    endloop
  endfacet
  facet normal 0 1 -0
    outer loop
      vertex -18.5 16.8 96
      vertex -30.5933 16.8 109
      vertex -18.5 16.8 109
    endloop
  endfacet
  facet normal 0 1 0
    outer loop
      vertex -30.5933 16.8 109
      vertex -18.5 16.8 96
      vertex -31 16.8 96
    endloop
  endfacet
  facet normal 0 1 0
    outer loop
      vertex -30.5933 16.8 109
      vertex -31 16.8 96
      vertex -33.5 16.8 109
    endloop
  endfacet
  facet normal 0 1 -0
    outer loop
      vertex -31 16.8 17
      vertex -33.5 16.8 109
      vertex -31 16.8 96
    endloop
  endfacet
  facet normal 0 1 0
    outer loop
      vertex -18.5 16.8 17
      vertex -30.5933 16.8 4
      vertex -31 16.8 17
    endloop
  endfacet
  facet normal 0 1 0
    outer loop
      vertex -31 16.8 17
      vertex -33.5 16.8 4
      vertex -33.5 16.8 109
    endloop
  endfacet
  facet normal 0 1 0
    outer loop
      vertex -30.5933 16.8 4
      vertex -33.5 16.8 4
      vertex -31 16.8 17
    endloop
  endfacet
  facet normal 0 1 0
    outer loop
      vertex -33.2755 16.8 2.67889
      vertex -30.5933 16.8 4
      vertex -30.5402 16.8 3.90392
    endloop
  endfacet
  facet normal 0 1 0
    outer loop
      vertex -33.1039 16.8 2.26447
      vertex -30.5402 16.8 3.90392
      vertex -30.3455 16.8 3.62953
    endloop
  endfacet
  facet normal 0 1 0
    outer loop
      vertex -30.5933 16.8 4
      vertex -33.4748 16.8 3.55215
      vertex -33.5 16.8 4
    endloop
  endfacet
  facet normal 0 1 0
    outer loop
      vertex -32.6273 16.8 1.50604
      vertex -30.3455 16.8 3.62953
      vertex -30.1213 16.8 3.37869
    endloop
  endfacet
  facet normal 0 1 0
    outer loop
      vertex -31.994 16.8 0.872681
      vertex -30.1213 16.8 3.37869
      vertex -29.8705 16.8 3.15451
    endloop
  endfacet
  facet normal 0 1 0
    outer loop
      vertex -30.5933 16.8 4
      vertex -33.3997 16.8 3.10992
      vertex -33.4748 16.8 3.55215
    endloop
  endfacet
  facet normal 0 1 0
    outer loop
      vertex -31.2355 16.8 0.396133
      vertex -29.8705 16.8 3.15451
      vertex -29.5961 16.8 2.95984
    endloop
  endfacet
  facet normal 0 1 0
    outer loop
      vertex -30.3901 16.8 0.100296
      vertex -29.5961 16.8 2.95984
      vertex -29.3017 16.8 2.7971
    endloop
  endfacet
  facet normal 0 1 0
    outer loop
      vertex -30.5933 16.8 4
      vertex -33.2755 16.8 2.67889
      vertex -33.3997 16.8 3.10992
    endloop
  endfacet
  facet normal 0 1 0
    outer loop
      vertex -29.9478 16.8 0.0251617
      vertex -29.3017 16.8 2.7971
      vertex -28.9908 16.8 2.66835
    endloop
  endfacet
  facet normal 0 1 0
    outer loop
      vertex -29.5 16.8 0
      vertex -28.9908 16.8 2.66835
      vertex -28.6676 16.8 2.57523
    endloop
  endfacet
  facet normal 0 1 0
    outer loop
      vertex -29.5 16.8 0
      vertex -28.6676 16.8 2.57523
      vertex -28.3359 16.8 2.51888
    endloop
  endfacet
  facet normal 0 1 0
    outer loop
      vertex -29.5 16.8 0
      vertex -28.3359 16.8 2.51888
      vertex -28 16.8 2.5
    endloop
  endfacet
  facet normal 0 1 0
    outer loop
      vertex -30.5402 16.8 3.90392
      vertex -33.1039 16.8 2.26447
      vertex -33.2755 16.8 2.67889
    endloop
  endfacet
  facet normal 0 1 0
    outer loop
      vertex 28 16.8 2.5
      vertex 29.5 16.8 0
      vertex -28 16.8 2.5
    endloop
  endfacet
  facet normal 0 1 -0
    outer loop
      vertex 30.8211 16.8 0.224472
      vertex 29.5961 16.8 2.95984
      vertex 31.2355 16.8 0.396133
    endloop
  endfacet
  facet normal 0 1 0
    outer loop
      vertex -29.5 16.8 0
      vertex -28 16.8 2.5
      vertex 29.5 16.8 0
    endloop
  endfacet
  facet normal 0 1 -0
    outer loop
      vertex 30.3901 16.8 0.100296
      vertex 29.5961 16.8 2.95984
      vertex 30.8211 16.8 0.224472
    endloop
  endfacet
  facet normal 0 1 0
    outer loop
      vertex -28.9908 16.8 2.66835
      vertex -29.5 16.8 0
      vertex -29.9478 16.8 0.0251617
    endloop
  endfacet
  facet normal 0 1 0
    outer loop
      vertex 29.5961 16.8 2.95984
      vertex 30.3901 16.8 0.100296
      vertex 29.3017 16.8 2.7971
    endloop
  endfacet
  facet normal 0 1 0
    outer loop
      vertex -30.3455 16.8 3.62953
      vertex -32.8869 16.8 1.87187
      vertex -33.1039 16.8 2.26447
    endloop
  endfacet
  facet normal 0 1 -0
    outer loop
      vertex 29.9478 16.8 0.0251617
      vertex 29.3017 16.8 2.7971
      vertex 30.3901 16.8 0.100296
    endloop
  endfacet
  facet normal 0 1 0
    outer loop
      vertex -30.3455 16.8 3.62953
      vertex -32.6273 16.8 1.50604
      vertex -32.8869 16.8 1.87187
    endloop
  endfacet
  facet normal 0 1 0
    outer loop
      vertex 29.3017 16.8 2.7971
      vertex 29.9478 16.8 0.0251617
      vertex 28.9908 16.8 2.66835
    endloop
  endfacet
  facet normal 0 1 0
    outer loop
      vertex -30.1213 16.8 3.37869
      vertex -32.3284 16.8 1.17159
      vertex -32.6273 16.8 1.50604
    endloop
  endfacet
  facet normal 0 1 -0
    outer loop
      vertex 29.5 16.8 0
      vertex 28.9908 16.8 2.66835
      vertex 29.9478 16.8 0.0251617
    endloop
  endfacet
  facet normal 0 1 0
    outer loop
      vertex -30.1213 16.8 3.37869
      vertex -31.994 16.8 0.872681
      vertex -32.3284 16.8 1.17159
    endloop
  endfacet
  facet normal 0 1 0
    outer loop
      vertex 28.9908 16.8 2.66835
      vertex 29.5 16.8 0
      vertex 28.6676 16.8 2.57523
    endloop
  endfacet
  facet normal 0 1 0
    outer loop
      vertex -29.8705 16.8 3.15451
      vertex -31.6281 16.8 0.613113
      vertex -31.994 16.8 0.872681
    endloop
  endfacet
  facet normal 0 1 0
    outer loop
      vertex 28.6676 16.8 2.57523
      vertex 29.5 16.8 0
      vertex 28.3359 16.8 2.51888
    endloop
  endfacet
  facet normal 0 1 0
    outer loop
      vertex -29.8705 16.8 3.15451
      vertex -31.2355 16.8 0.396133
      vertex -31.6281 16.8 0.613113
    endloop
  endfacet
  facet normal 0 1 0
    outer loop
      vertex 28.3359 16.8 2.51888
      vertex 29.5 16.8 0
      vertex 28 16.8 2.5
    endloop
  endfacet
  facet normal 0 1 0
    outer loop
      vertex -29.5961 16.8 2.95984
      vertex -30.8211 16.8 0.224472
      vertex -31.2355 16.8 0.396133
    endloop
  endfacet
  facet normal 0 1 0
    outer loop
      vertex -29.5961 16.8 2.95984
      vertex -30.3901 16.8 0.100296
      vertex -30.8211 16.8 0.224472
    endloop
  endfacet
  facet normal 0 1 0
    outer loop
      vertex -29.3017 16.8 2.7971
      vertex -29.9478 16.8 0.0251617
      vertex -30.3901 16.8 0.100296
    endloop
  endfacet
  facet normal 0 1 0
    outer loop
      vertex 28.9908 16.8 110.332
      vertex 29.5 16.8 113
      vertex 29.9478 16.8 112.975
    endloop
  endfacet
  facet normal 0 1 0
    outer loop
      vertex 29.5 16.8 113
      vertex 28 16.8 110.5
      vertex -29.5 16.8 113
    endloop
  endfacet
  facet normal 0 1 0
    outer loop
      vertex 29.3017 16.8 110.203
      vertex 29.9478 16.8 112.975
      vertex 30.3901 16.8 112.9
    endloop
  endfacet
  facet normal 0 1 -0
    outer loop
      vertex -28 16.8 110.5
      vertex -29.5 16.8 113
      vertex 28 16.8 110.5
    endloop
  endfacet
  facet normal 0 1 0
    outer loop
      vertex 29.5961 16.8 110.04
      vertex 30.3901 16.8 112.9
      vertex 30.8211 16.8 112.776
    endloop
  endfacet
  facet normal 0 1 -0
    outer loop
      vertex -28.3359 16.8 110.481
      vertex -29.5 16.8 113
      vertex -28 16.8 110.5
    endloop
  endfacet
  facet normal 0 1 0
    outer loop
      vertex 29.5961 16.8 110.04
      vertex 30.8211 16.8 112.776
      vertex 31.2355 16.8 112.604
    endloop
  endfacet
  facet normal 0 1 -0
    outer loop
      vertex -28.6676 16.8 110.425
      vertex -29.5 16.8 113
      vertex -28.3359 16.8 110.481
    endloop
  endfacet
  facet normal 0 1 0
    outer loop
      vertex 29.8705 16.8 109.845
      vertex 31.2355 16.8 112.604
      vertex 31.6281 16.8 112.387
    endloop
  endfacet
  facet normal 0 1 -0
    outer loop
      vertex -28.9908 16.8 110.332
      vertex -29.5 16.8 113
      vertex -28.6676 16.8 110.425
    endloop
  endfacet
  facet normal 0 1 0
    outer loop
      vertex 29.8705 16.8 109.845
      vertex 31.6281 16.8 112.387
      vertex 31.994 16.8 112.127
    endloop
  endfacet
  facet normal 0 1 0
    outer loop
      vertex -29.5 16.8 113
      vertex -28.9908 16.8 110.332
      vertex -29.9478 16.8 112.975
    endloop
  endfacet
  facet normal 0 1 0
    outer loop
      vertex 30.1213 16.8 109.621
      vertex 31.994 16.8 112.127
      vertex 32.3284 16.8 111.828
    endloop
  endfacet
  facet normal 0 1 -0
    outer loop
      vertex -29.3017 16.8 110.203
      vertex -29.9478 16.8 112.975
      vertex -28.9908 16.8 110.332
    endloop
  endfacet
  facet normal 0 1 0
    outer loop
      vertex 30.1213 16.8 109.621
      vertex 32.3284 16.8 111.828
      vertex 32.6273 16.8 111.494
    endloop
  endfacet
  facet normal 0 1 0
    outer loop
      vertex -29.9478 16.8 112.975
      vertex -29.3017 16.8 110.203
      vertex -30.3901 16.8 112.9
    endloop
  endfacet
  facet normal 0 1 0
    outer loop
      vertex 30.3455 16.8 109.37
      vertex 32.6273 16.8 111.494
      vertex 32.8869 16.8 111.128
    endloop
  endfacet
  facet normal 0 1 -0
    outer loop
      vertex -29.5961 16.8 110.04
      vertex -30.3901 16.8 112.9
      vertex -29.3017 16.8 110.203
    endloop
  endfacet
  facet normal 0 1 0
    outer loop
      vertex 30.3455 16.8 109.37
      vertex 32.8869 16.8 111.128
      vertex 33.1039 16.8 110.736
    endloop
  endfacet
  facet normal 0 1 0
    outer loop
      vertex -30.3901 16.8 112.9
      vertex -29.5961 16.8 110.04
      vertex -30.8211 16.8 112.776
    endloop
  endfacet
  facet normal 0 1 0
    outer loop
      vertex -30.8211 16.8 112.776
      vertex -29.5961 16.8 110.04
      vertex -31.2355 16.8 112.604
    endloop
  endfacet
  facet normal 0 1 0
    outer loop
      vertex 29.5 16.8 113
      vertex 28.3359 16.8 110.481
      vertex 28 16.8 110.5
    endloop
  endfacet
  facet normal 0 1 0
    outer loop
      vertex 29.5 16.8 113
      vertex 28.6676 16.8 110.425
      vertex 28.3359 16.8 110.481
    endloop
  endfacet
  facet normal 0 1 0
    outer loop
      vertex 29.5 16.8 113
      vertex 28.9908 16.8 110.332
      vertex 28.6676 16.8 110.425
    endloop
  endfacet
  facet normal 0 1 0
    outer loop
      vertex 30.5402 16.8 109.096
      vertex 33.1039 16.8 110.736
      vertex 33.2755 16.8 110.321
    endloop
  endfacet
  facet normal 0 1 0
    outer loop
      vertex 29.9478 16.8 112.975
      vertex 29.3017 16.8 110.203
      vertex 28.9908 16.8 110.332
    endloop
  endfacet
  facet normal 0 1 0
    outer loop
      vertex 30.3901 16.8 112.9
      vertex 29.5961 16.8 110.04
      vertex 29.3017 16.8 110.203
    endloop
  endfacet
  facet normal 0 1 0
    outer loop
      vertex 30.5933 16.8 109
      vertex 33.2755 16.8 110.321
      vertex 33.3997 16.8 109.89
    endloop
  endfacet
  facet normal 0 1 0
    outer loop
      vertex 31.2355 16.8 112.604
      vertex 29.8705 16.8 109.845
      vertex 29.5961 16.8 110.04
    endloop
  endfacet
  facet normal 0 1 0
    outer loop
      vertex 31.994 16.8 112.127
      vertex 30.1213 16.8 109.621
      vertex 29.8705 16.8 109.845
    endloop
  endfacet
  facet normal 0 1 0
    outer loop
      vertex 30.5933 16.8 109
      vertex 33.3997 16.8 109.89
      vertex 33.4748 16.8 109.448
    endloop
  endfacet
  facet normal 0 1 0
    outer loop
      vertex 32.6273 16.8 111.494
      vertex 30.3455 16.8 109.37
      vertex 30.1213 16.8 109.621
    endloop
  endfacet
  facet normal 0 1 0
    outer loop
      vertex 33.1039 16.8 110.736
      vertex 30.5402 16.8 109.096
      vertex 30.3455 16.8 109.37
    endloop
  endfacet
  facet normal 0 1 0
    outer loop
      vertex 30.5933 16.8 109
      vertex 33.4748 16.8 109.448
      vertex 33.5 16.8 109
    endloop
  endfacet
  facet normal 0 1 0
    outer loop
      vertex 33.2755 16.8 110.321
      vertex 30.5933 16.8 109
      vertex 30.5402 16.8 109.096
    endloop
  endfacet
  facet normal 0 1 -0
    outer loop
      vertex 31 16.8 96
      vertex 30.5933 16.8 109
      vertex 33.5 16.8 109
    endloop
  endfacet
  facet normal 0 1 0
    outer loop
      vertex 18.5 16.8 96
      vertex 30.5933 16.8 109
      vertex 31 16.8 96
    endloop
  endfacet
  facet normal 0 1 0
    outer loop
      vertex 33.5 16.8 109
      vertex 31 16.8 17
      vertex 31 16.8 96
    endloop
  endfacet
  facet normal 0 1 -0
    outer loop
      vertex 33.5 16.8 4
      vertex 31 16.8 17
      vertex 33.5 16.8 109
    endloop
  endfacet
  facet normal 0 1 0
    outer loop
      vertex 30.5933 16.8 4
      vertex 31 16.8 17
      vertex 33.5 16.8 4
    endloop
  endfacet
  facet normal 0 1 0
    outer loop
      vertex 31 16.8 17
      vertex 30.5933 16.8 4
      vertex 18.5 16.8 17
    endloop
  endfacet
  facet normal 0 1 0
    outer loop
      vertex 18.5 16.8 17
      vertex 30.5933 16.8 4
      vertex 18.5 16.8 4
    endloop
  endfacet
  facet normal 0 1 -0
    outer loop
      vertex -29.8705 16.8 109.845
      vertex -31.2355 16.8 112.604
      vertex -29.5961 16.8 110.04
    endloop
  endfacet
  facet normal 0 1 0
    outer loop
      vertex -31.2355 16.8 112.604
      vertex -29.8705 16.8 109.845
      vertex -31.6281 16.8 112.387
    endloop
  endfacet
  facet normal 0 1 0
    outer loop
      vertex -31.6281 16.8 112.387
      vertex -29.8705 16.8 109.845
      vertex -31.994 16.8 112.127
    endloop
  endfacet
  facet normal 0 1 -0
    outer loop
      vertex -30.1213 16.8 109.621
      vertex -31.994 16.8 112.127
      vertex -29.8705 16.8 109.845
    endloop
  endfacet
  facet normal 0 1 0
    outer loop
      vertex -31.994 16.8 112.127
      vertex -30.1213 16.8 109.621
      vertex -32.3284 16.8 111.828
    endloop
  endfacet
  facet normal 0 1 0
    outer loop
      vertex -32.3284 16.8 111.828
      vertex -30.1213 16.8 109.621
      vertex -32.6273 16.8 111.494
    endloop
  endfacet
  facet normal 0 1 -0
    outer loop
      vertex -30.3455 16.8 109.37
      vertex -32.6273 16.8 111.494
      vertex -30.1213 16.8 109.621
    endloop
  endfacet
  facet normal 0 1 0
    outer loop
      vertex -32.6273 16.8 111.494
      vertex -30.3455 16.8 109.37
      vertex -32.8869 16.8 111.128
    endloop
  endfacet
  facet normal 0 1 0
    outer loop
      vertex -32.8869 16.8 111.128
      vertex -30.3455 16.8 109.37
      vertex -33.1039 16.8 110.736
    endloop
  endfacet
  facet normal 0 1 -0
    outer loop
      vertex -30.5402 16.8 109.096
      vertex -33.1039 16.8 110.736
      vertex -30.3455 16.8 109.37
    endloop
  endfacet
  facet normal 0 1 0
    outer loop
      vertex -33.1039 16.8 110.736
      vertex -30.5402 16.8 109.096
      vertex -33.2755 16.8 110.321
    endloop
  endfacet
  facet normal 0 1 -0
    outer loop
      vertex -30.5933 16.8 109
      vertex -33.2755 16.8 110.321
      vertex -30.5402 16.8 109.096
    endloop
  endfacet
  facet normal 0 1 0
    outer loop
      vertex -33.2755 16.8 110.321
      vertex -30.5933 16.8 109
      vertex -33.3997 16.8 109.89
    endloop
  endfacet
  facet normal 0 1 0
    outer loop
      vertex -33.3997 16.8 109.89
      vertex -30.5933 16.8 109
      vertex -33.4748 16.8 109.448
    endloop
  endfacet
  facet normal 0 1 0
    outer loop
      vertex -33.4748 16.8 109.448
      vertex -30.5933 16.8 109
      vertex -33.5 16.8 109
    endloop
  endfacet
  facet normal 0 1 0
    outer loop
      vertex 30.5933 16.8 109
      vertex 18.5 16.8 96
      vertex 18.5 16.8 109
    endloop
  endfacet
  facet normal -0.960904 0 -0.276882
    outer loop
      vertex -33.2755 -16.8 2.67889
      vertex -33.3997 16.8 3.10992
      vertex -33.2755 16.8 2.67889
    endloop
  endfacet
  facet normal -0.960904 -0 -0.276882
    outer loop
      vertex -33.3997 16.8 3.10992
      vertex -33.2755 -16.8 2.67889
      vertex -33.3997 -16.8 3.10992
    endloop
  endfacet
  facet normal -0.985885 0 -0.167424
    outer loop
      vertex -33.3997 -16.8 3.10992
      vertex -33.4748 16.8 3.55215
      vertex -33.3997 16.8 3.10992
    endloop
  endfacet
  facet normal -0.985885 -0 -0.167424
    outer loop
      vertex -33.4748 16.8 3.55215
      vertex -33.3997 -16.8 3.10992
      vertex -33.4748 -16.8 3.55215
    endloop
  endfacet
  facet normal -0.382704 0 -0.923871
    outer loop
      vertex -31.2355 -16.8 0.396133
      vertex -30.8211 16.8 0.224472
      vertex -30.8211 -16.8 0.224472
    endloop
  endfacet
  facet normal -0.382704 0 -0.923871
    outer loop
      vertex -30.8211 16.8 0.224472
      vertex -31.2355 -16.8 0.396133
      vertex -31.2355 16.8 0.396133
    endloop
  endfacet
  facet normal -0.666434 0 -0.745564
    outer loop
      vertex -32.3284 -16.8 1.17159
      vertex -31.994 16.8 0.872681
      vertex -31.994 -16.8 0.872681
    endloop
  endfacet
  facet normal -0.666434 0 -0.745564
    outer loop
      vertex -31.994 16.8 0.872681
      vertex -32.3284 -16.8 1.17159
      vertex -32.3284 16.8 1.17159
    endloop
  endfacet
  facet normal -0.27685 0 -0.960913
    outer loop
      vertex -30.8211 -16.8 0.224472
      vertex -30.3901 16.8 0.100296
      vertex -30.3901 -16.8 0.100296
    endloop
  endfacet
  facet normal -0.27685 0 -0.960913
    outer loop
      vertex -30.3901 16.8 0.100296
      vertex -30.8211 -16.8 0.224472
      vertex -30.8211 16.8 0.224472
    endloop
  endfacet
  facet normal -0.167473 0 -0.985877
    outer loop
      vertex -30.3901 -16.8 0.100296
      vertex -29.9478 16.8 0.0251617
      vertex -29.9478 -16.8 0.0251617
    endloop
  endfacet
  facet normal -0.167473 0 -0.985877
    outer loop
      vertex -29.9478 16.8 0.0251617
      vertex -30.3901 -16.8 0.100296
      vertex -30.3901 16.8 0.100296
    endloop
  endfacet
  facet normal -0.998421 0 -0.05618
    outer loop
      vertex -33.4748 -16.8 3.55215
      vertex -33.5 16.8 4
      vertex -33.4748 16.8 3.55215
    endloop
  endfacet
  facet normal -0.998421 -0 -0.05618
    outer loop
      vertex -33.5 16.8 4
      vertex -33.4748 -16.8 3.55215
      vertex -33.5 -16.8 4
    endloop
  endfacet
  facet normal -0.745623 0 -0.666368
    outer loop
      vertex -32.3284 -16.8 1.17159
      vertex -32.6273 16.8 1.50604
      vertex -32.3284 16.8 1.17159
    endloop
  endfacet
  facet normal -0.745623 -0 -0.666368
    outer loop
      vertex -32.6273 16.8 1.50604
      vertex -32.3284 -16.8 1.17159
      vertex -32.6273 -16.8 1.50604
    endloop
  endfacet
  facet normal -0.0561011 0 -0.998425
    outer loop
      vertex -29.9478 -16.8 0.0251617
      vertex -29.5 16.8 0
      vertex -29.5 -16.8 0
    endloop
  endfacet
  facet normal -0.0561011 0 -0.998425
    outer loop
      vertex -29.5 16.8 0
      vertex -29.9478 -16.8 0.0251617
      vertex -29.9478 16.8 0.0251617
    endloop
  endfacet
  facet normal 0.167473 0 -0.985877
    outer loop
      vertex 29.9478 -16.8 0.0251617
      vertex 30.3901 16.8 0.100296
      vertex 30.3901 -16.8 0.100296
    endloop
  endfacet
  facet normal 0.167473 0 -0.985877
    outer loop
      vertex 30.3901 16.8 0.100296
      vertex 29.9478 -16.8 0.0251617
      vertex 29.9478 16.8 0.0251617
    endloop
  endfacet
  facet normal 0.382704 0 -0.923871
    outer loop
      vertex 30.8211 -16.8 0.224472
      vertex 31.2355 16.8 0.396133
      vertex 31.2355 -16.8 0.396133
    endloop
  endfacet
  facet normal 0.382704 0 -0.923871
    outer loop
      vertex 31.2355 16.8 0.396133
      vertex 30.8211 -16.8 0.224472
      vertex 30.8211 16.8 0.224472
    endloop
  endfacet
  facet normal 0.483715 0 -0.875226
    outer loop
      vertex 31.2355 -16.8 0.396133
      vertex 31.6281 16.8 0.613113
      vertex 31.6281 -16.8 0.613113
    endloop
  endfacet
  facet normal 0.483715 0 -0.875226
    outer loop
      vertex 31.6281 16.8 0.613113
      vertex 31.2355 -16.8 0.396133
      vertex 31.2355 16.8 0.396133
    endloop
  endfacet
  facet normal 0.578594 0 -0.815615
    outer loop
      vertex 31.6281 -16.8 0.613113
      vertex 31.994 16.8 0.872681
      vertex 31.994 -16.8 0.872681
    endloop
  endfacet
  facet normal 0.578594 0 -0.815615
    outer loop
      vertex 31.994 16.8 0.872681
      vertex 31.6281 -16.8 0.613113
      vertex 31.6281 16.8 0.613113
    endloop
  endfacet
  facet normal 0.666434 0 -0.745564
    outer loop
      vertex 31.994 -16.8 0.872681
      vertex 32.3284 16.8 1.17159
      vertex 32.3284 -16.8 1.17159
    endloop
  endfacet
  facet normal 0.666434 0 -0.745564
    outer loop
      vertex 32.3284 16.8 1.17159
      vertex 31.994 -16.8 0.872681
      vertex 31.994 16.8 0.872681
    endloop
  endfacet
  facet normal 0.27685 0 -0.960913
    outer loop
      vertex 30.3901 -16.8 0.100296
      vertex 30.8211 16.8 0.224472
      vertex 30.8211 -16.8 0.224472
    endloop
  endfacet
  facet normal 0.27685 0 -0.960913
    outer loop
      vertex 30.8211 16.8 0.224472
      vertex 30.3901 -16.8 0.100296
      vertex 30.3901 16.8 0.100296
    endloop
  endfacet
  facet normal -0.985897 0 0.167353
    outer loop
      vertex 30.9248 -14.3 4.83244
      vertex 30.9811 12.4 5.16411
      vertex 30.9248 12.4 4.83244
    endloop
  endfacet
  facet normal -0.985897 0 0.167353
    outer loop
      vertex 30.9811 12.4 5.16411
      vertex 30.9248 -14.3 4.83244
      vertex 30.9811 -14.3 5.16411
    endloop
  endfacet
  facet normal -0.960864 0 0.277021
    outer loop
      vertex 30.8316 -14.3 4.50917
      vertex 30.9248 12.4 4.83244
      vertex 30.8316 12.4 4.50917
    endloop
  endfacet
  facet normal -0.960864 0 0.277021
    outer loop
      vertex 30.9248 12.4 4.83244
      vertex 30.8316 -14.3 4.50917
      vertex 30.9248 -14.3 4.83244
    endloop
  endfacet
  facet normal -0.923928 0 0.382567
    outer loop
      vertex 30.7029 -14.3 4.19835
      vertex 30.8316 12.4 4.50917
      vertex 30.7029 12.4 4.19835
    endloop
  endfacet
  facet normal -0.923928 0 0.382567
    outer loop
      vertex 30.8316 12.4 4.50917
      vertex 30.7029 -14.3 4.19835
      vertex 30.8316 -14.3 4.50917
    endloop
  endfacet
  facet normal 0.579269 0 -0.815136
    outer loop
      vertex -29.8705 -14.3 109.845
      vertex -29.5961 16.8 110.04
      vertex -29.5961 -14.3 110.04
    endloop
  endfacet
  facet normal 0.579269 0 -0.815136
    outer loop
      vertex -29.5961 16.8 110.04
      vertex -29.8705 -14.3 109.845
      vertex -29.8705 16.8 109.845
    endloop
  endfacet
  facet normal -1 0 0
    outer loop
      vertex 31 -8.7 54.95
      vertex 31 -4.3 61.05
      vertex 31 -4.3 54.95
    endloop
  endfacet
  facet normal -1 -0 0
    outer loop
      vertex 31 -4.3 61.05
      vertex 31 -8.7 54.95
      vertex 31 -8.7 61.05
    endloop
  endfacet
  facet normal -1 0 0
    outer loop
      vertex 31 -4.3 54.95
      vertex 31 11.8 38.2
      vertex 31 -4.3 47.65
    endloop
  endfacet
  facet normal -1 0 0
    outer loop
      vertex 31 -9.3 38.2
      vertex 31 -4.3 47.65
      vertex 31 11.8 38.2
    endloop
  endfacet
  facet normal -1 0 0
    outer loop
      vertex 31 -9.3 38.2
      vertex 31 -8.7 54.95
      vertex 31 -8.7 47.65
    endloop
  endfacet
  facet normal -1 0 0
    outer loop
      vertex 31 -14.3 107.5
      vertex 31 -8.7 54.95
      vertex 31 -9.3 38.2
    endloop
  endfacet
  facet normal -1 0 0
    outer loop
      vertex 31 -8.7 54.95
      vertex 31 -14.3 107.5
      vertex 31 -8.7 61.05
    endloop
  endfacet
  facet normal -1 -0 0
    outer loop
      vertex 31 -4.3 47.65
      vertex 31 -9.3 38.2
      vertex 31 -8.7 47.65
    endloop
  endfacet
  facet normal -1 0 0
    outer loop
      vertex 31 -9.3 33.2
      vertex 31 11.8 35.8
      vertex 31 11.8 33.2
    endloop
  endfacet
  facet normal -1 -0 0
    outer loop
      vertex 31 11.8 35.8
      vertex 31 -9.3 33.2
      vertex 31 -9.3 35.8
    endloop
  endfacet
  facet normal -1 0 0
    outer loop
      vertex 31 -9.3 28.2
      vertex 31 11.8 30.8
      vertex 31 11.8 28.2
    endloop
  endfacet
  facet normal -1 -0 0
    outer loop
      vertex 31 11.8 30.8
      vertex 31 -9.3 28.2
      vertex 31 -9.3 30.8
    endloop
  endfacet
  facet normal -1 0 0
    outer loop
      vertex 31 -9.3 23.2
      vertex 31 11.8 25.8
      vertex 31 11.8 23.2
    endloop
  endfacet
  facet normal -1 -0 0
    outer loop
      vertex 31 11.8 25.8
      vertex 31 -9.3 23.2
      vertex 31 -9.3 25.8
    endloop
  endfacet
  facet normal -1 0 0
    outer loop
      vertex 31 -9.3 18.2
      vertex 31 11.8 20.8
      vertex 31 11.8 18.2
    endloop
  endfacet
  facet normal -1 -0 0
    outer loop
      vertex 31 11.8 20.8
      vertex 31 -9.3 18.2
      vertex 31 -9.3 20.8
    endloop
  endfacet
  facet normal -1 0 0
    outer loop
      vertex 31 -9.3 13.2
      vertex 31 11.8 15.8
      vertex 31 11.8 13.2
    endloop
  endfacet
  facet normal -1 -0 0
    outer loop
      vertex 31 11.8 15.8
      vertex 31 -9.3 13.2
      vertex 31 -9.3 15.8
    endloop
  endfacet
  facet normal -1 0 0
    outer loop
      vertex 31 11.8 10.8
      vertex 31 12.4 17
      vertex 31 12.4 5.5
    endloop
  endfacet
  facet normal -1 0 0
    outer loop
      vertex 31 12.4 17
      vertex 31 11.8 38.2
      vertex 31 12.4 96
    endloop
  endfacet
  facet normal -1 0 0
    outer loop
      vertex 31 12.4 17
      vertex 31 11.8 10.8
      vertex 31 11.8 13.2
    endloop
  endfacet
  facet normal -1 0 0
    outer loop
      vertex 31 12.4 5.5
      vertex 31 -9.3 10.8
      vertex 31 11.8 10.8
    endloop
  endfacet
  facet normal -1 0 0
    outer loop
      vertex 31 -14.3 5.5
      vertex 31 -9.3 13.2
      vertex 31 -9.3 10.8
    endloop
  endfacet
  facet normal -1 -0 0
    outer loop
      vertex 31 -9.3 13.2
      vertex 31 -14.3 5.5
      vertex 31 -9.3 15.8
    endloop
  endfacet
  facet normal -1 -0 0
    outer loop
      vertex 31 -9.3 15.8
      vertex 31 -14.3 5.5
      vertex 31 -9.3 18.2
    endloop
  endfacet
  facet normal -1 -0 0
    outer loop
      vertex 31 -9.3 18.2
      vertex 31 -14.3 5.5
      vertex 31 -9.3 20.8
    endloop
  endfacet
  facet normal -1 -0 0
    outer loop
      vertex 31 -9.3 20.8
      vertex 31 -14.3 5.5
      vertex 31 -9.3 23.2
    endloop
  endfacet
  facet normal -1 -0 0
    outer loop
      vertex 31 -9.3 23.2
      vertex 31 -14.3 5.5
      vertex 31 -9.3 25.8
    endloop
  endfacet
  facet normal -1 -0 0
    outer loop
      vertex 31 -9.3 25.8
      vertex 31 -14.3 5.5
      vertex 31 -9.3 28.2
    endloop
  endfacet
  facet normal -1 -0 0
    outer loop
      vertex 31 -9.3 28.2
      vertex 31 -14.3 5.5
      vertex 31 -9.3 30.8
    endloop
  endfacet
  facet normal -1 -0 0
    outer loop
      vertex 31 -9.3 30.8
      vertex 31 -14.3 5.5
      vertex 31 -9.3 33.2
    endloop
  endfacet
  facet normal -1 -0 0
    outer loop
      vertex 31 -9.3 33.2
      vertex 31 -14.3 5.5
      vertex 31 -9.3 35.8
    endloop
  endfacet
  facet normal -1 -0 0
    outer loop
      vertex 31 -9.3 35.8
      vertex 31 -14.3 5.5
      vertex 31 -9.3 38.2
    endloop
  endfacet
  facet normal -1 0 0
    outer loop
      vertex 31 -14.3 5.5
      vertex 31 -9.3 10.8
      vertex 31 12.4 5.5
    endloop
  endfacet
  facet normal -1 0 0
    outer loop
      vertex 31 12.4 17
      vertex 31 16.8 96
      vertex 31 16.8 17
    endloop
  endfacet
  facet normal -1 -0 0
    outer loop
      vertex 31 16.8 96
      vertex 31 12.4 17
      vertex 31 12.4 96
    endloop
  endfacet
  facet normal -1 0 0
    outer loop
      vertex 31 12.4 17
      vertex 31 11.8 13.2
      vertex 31 11.8 15.8
    endloop
  endfacet
  facet normal -1 -0 0
    outer loop
      vertex 31 12.4 17
      vertex 31 11.8 15.8
      vertex 31 11.8 18.2
    endloop
  endfacet
  facet normal -1 0 0
    outer loop
      vertex 31 12.4 17
      vertex 31 11.8 18.2
      vertex 31 11.8 20.8
    endloop
  endfacet
  facet normal -1 0 0
    outer loop
      vertex 31 12.4 17
      vertex 31 11.8 20.8
      vertex 31 11.8 23.2
    endloop
  endfacet
  facet normal -1 0 0
    outer loop
      vertex 31 12.4 17
      vertex 31 11.8 23.2
      vertex 31 11.8 25.8
    endloop
  endfacet
  facet normal -1 0 0
    outer loop
      vertex 31 12.4 17
      vertex 31 11.8 25.8
      vertex 31 11.8 28.2
    endloop
  endfacet
  facet normal -1 0 0
    outer loop
      vertex 31 12.4 17
      vertex 31 11.8 28.2
      vertex 31 11.8 30.8
    endloop
  endfacet
  facet normal -1 0 0
    outer loop
      vertex 31 12.4 17
      vertex 31 11.8 30.8
      vertex 31 11.8 33.2
    endloop
  endfacet
  facet normal -1 0 0
    outer loop
      vertex 31 12.4 17
      vertex 31 11.8 33.2
      vertex 31 11.8 35.8
    endloop
  endfacet
  facet normal -1 0 0
    outer loop
      vertex 31 12.4 17
      vertex 31 11.8 35.8
      vertex 31 11.8 38.2
    endloop
  endfacet
  facet normal -1 0 0
    outer loop
      vertex 31 -4.1 74.5
      vertex 31 12.4 96
      vertex 31 11.8 38.2
    endloop
  endfacet
  facet normal -1 0 0
    outer loop
      vertex 31 -4.1 84.1
      vertex 31 12.4 96
      vertex 31 -4.1 74.5
    endloop
  endfacet
  facet normal -1 0 0
    outer loop
      vertex 31 -14.3 107.5
      vertex 31 12.4 96
      vertex 31 -4.1 84.1
    endloop
  endfacet
  facet normal -1 0 0
    outer loop
      vertex 31 -14.3 107.5
      vertex 31 -4.1 84.1
      vertex 31 -8.7 84.1
    endloop
  endfacet
  facet normal -1 0 0
    outer loop
      vertex 31 -8.7 61.05
      vertex 31 -14.3 107.5
      vertex 31 -8.7 68.35
    endloop
  endfacet
  facet normal -1 0 0
    outer loop
      vertex 31 -14.3 107.5
      vertex 31 -9.3 38.2
      vertex 31 -14.3 5.5
    endloop
  endfacet
  facet normal -1 0 0
    outer loop
      vertex 31 12.4 96
      vertex 31 -14.3 107.5
      vertex 31 12.4 107.5
    endloop
  endfacet
  facet normal -1 0 0
    outer loop
      vertex 31 -8.7 68.35
      vertex 31 -14.3 107.5
      vertex 31 -8.7 84.1
    endloop
  endfacet
  facet normal -1 0 0
    outer loop
      vertex 31 -4.3 61.05
      vertex 31 11.8 38.2
      vertex 31 -4.3 54.95
    endloop
  endfacet
  facet normal -1 0 0
    outer loop
      vertex 31 -4.3 68.35
      vertex 31 11.8 38.2
      vertex 31 -4.3 61.05
    endloop
  endfacet
  facet normal -1 0 0
    outer loop
      vertex 31 11.8 38.2
      vertex 31 -4.3 68.35
      vertex 31 -4.1 74.5
    endloop
  endfacet
  facet normal -1 0 0
    outer loop
      vertex 31 -4.3 68.35
      vertex 31 -8.7 74.5
      vertex 31 -4.1 74.5
    endloop
  endfacet
  facet normal 0 -0 0
    outer loop
      vertex 31 -8.7 74.5
      vertex 31 -8.7 68.35
      vertex 31 -8.7 84.1
    endloop
  endfacet
  facet normal -1 0 0
    outer loop
      vertex 31 -8.7 68.35
      vertex 31 -8.7 74.5
      vertex 31 -4.3 68.35
    endloop
  endfacet
  facet normal 0 0 -1
    outer loop
      vertex 28 -14.3 110.5
      vertex 27.8103 -9.09414 110.5
      vertex 28 -8.75083 110.5
    endloop
  endfacet
  facet normal 0 0 -1
    outer loop
      vertex 28 -14.3 110.5
      vertex 27.5182 -9.5057 110.5
      vertex 27.8103 -9.09414 110.5
    endloop
  endfacet
  facet normal 0 0 -1
    outer loop
      vertex 28 -14.3 110.5
      vertex 27.182 -9.88198 110.5
      vertex 27.5182 -9.5057 110.5
    endloop
  endfacet
  facet normal 0 0 -1
    outer loop
      vertex 28 -14.3 110.5
      vertex 26.8057 -10.2182 110.5
      vertex 27.182 -9.88198 110.5
    endloop
  endfacet
  facet normal 0 0 -1
    outer loop
      vertex 28 -14.3 110.5
      vertex 26.3941 -10.5103 110.5
      vertex 26.8057 -10.2182 110.5
    endloop
  endfacet
  facet normal 0 0 -1
    outer loop
      vertex 28 -14.3 110.5
      vertex 25.9525 -10.7544 110.5
      vertex 26.3941 -10.5103 110.5
    endloop
  endfacet
  facet normal 0 0 -1
    outer loop
      vertex 28 -14.3 110.5
      vertex 25.4863 -10.9475 110.5
      vertex 25.9525 -10.7544 110.5
    endloop
  endfacet
  facet normal 0 0 -1
    outer loop
      vertex 28 -14.3 110.5
      vertex 25.0013 -11.0872 110.5
      vertex 25.4863 -10.9475 110.5
    endloop
  endfacet
  facet normal 0 0 -1
    outer loop
      vertex 28 -14.3 110.5
      vertex 24.5038 -11.1717 110.5
      vertex 25.0013 -11.0872 110.5
    endloop
  endfacet
  facet normal 0 0 -1
    outer loop
      vertex 28 -14.3 110.5
      vertex 24 -11.2 110.5
      vertex 24.5038 -11.1717 110.5
    endloop
  endfacet
  facet normal 0 0 -1
    outer loop
      vertex 28 -14.3 110.5
      vertex 23.4962 -11.1717 110.5
      vertex 24 -11.2 110.5
    endloop
  endfacet
  facet normal 0 0 -1
    outer loop
      vertex 28 -14.3 110.5
      vertex 22.9987 -11.0872 110.5
      vertex 23.4962 -11.1717 110.5
    endloop
  endfacet
  facet normal 0 0 -1
    outer loop
      vertex 28 -14.3 110.5
      vertex 22.5137 -10.9475 110.5
      vertex 22.9987 -11.0872 110.5
    endloop
  endfacet
  facet normal 0 0 -1
    outer loop
      vertex 28 -14.3 110.5
      vertex 22.0475 -10.7544 110.5
      vertex 22.5137 -10.9475 110.5
    endloop
  endfacet
  facet normal 0 0 -1
    outer loop
      vertex 1 -10.2 110.5
      vertex 22.0475 -10.7544 110.5
      vertex 28 -14.3 110.5
    endloop
  endfacet
  facet normal 0 0 -1
    outer loop
      vertex 20.818 -3.51802 110.5
      vertex 16.8 2.5 110.5
      vertex 19.2 2.5 110.5
    endloop
  endfacet
  facet normal 0 0 -1
    outer loop
      vertex 1 -10.2 110.5
      vertex 19.5 -6.7 110.5
      vertex 19.5283 -7.20384 110.5
    endloop
  endfacet
  facet normal 0 0 -1
    outer loop
      vertex 1 -10.2 110.5
      vertex 19.5283 -7.20384 110.5
      vertex 19.6128 -7.70134 110.5
    endloop
  endfacet
  facet normal 0 0 -1
    outer loop
      vertex 16.8 2.5 110.5
      vertex 13.2 2.5 110.5
      vertex 16.8 13.5 110.5
    endloop
  endfacet
  facet normal 0 0 -1
    outer loop
      vertex 19.5283 -6.19616 110.5
      vertex 13.2 2.5 110.5
      vertex 16.8 2.5 110.5
    endloop
  endfacet
  facet normal 0 0 -1
    outer loop
      vertex 1 -10.2 110.5
      vertex 19.6128 -7.70134 110.5
      vertex 19.7525 -8.18626 110.5
    endloop
  endfacet
  facet normal 0 0 -1
    outer loop
      vertex 1 -10.2 110.5
      vertex 19.7525 -8.18626 110.5
      vertex 19.9456 -8.65248 110.5
    endloop
  endfacet
  facet normal 0 0 -1
    outer loop
      vertex 1 -10.2 110.5
      vertex 19.9456 -8.65248 110.5
      vertex 20.1897 -9.09414 110.5
    endloop
  endfacet
  facet normal 0 0 -1
    outer loop
      vertex 19.5283 -6.19616 110.5
      vertex 10.8 2.5 110.5
      vertex 13.2 2.5 110.5
    endloop
  endfacet
  facet normal 0 0 -1
    outer loop
      vertex 1 -10.2 110.5
      vertex 20.1897 -9.09414 110.5
      vertex 20.4818 -9.5057 110.5
    endloop
  endfacet
  facet normal 0 0 -1
    outer loop
      vertex 10.8 2.5 110.5
      vertex 7.2 2.5 110.5
      vertex 10.8 13.5 110.5
    endloop
  endfacet
  facet normal -0 0 -1
    outer loop
      vertex 19.5 -6.7 110.5
      vertex 1 -10.2 110.5
      vertex 10.8 2.5 110.5
    endloop
  endfacet
  facet normal 0 0 -1
    outer loop
      vertex 1 -10.2 110.5
      vertex 20.4818 -9.5057 110.5
      vertex 20.818 -9.88198 110.5
    endloop
  endfacet
  facet normal 0 0 -1
    outer loop
      vertex 1 -3.2 110.5
      vertex 10.8 2.5 110.5
      vertex 1 -10.2 110.5
    endloop
  endfacet
  facet normal 0 0 -1
    outer loop
      vertex 1 -10.2 110.5
      vertex 20.818 -9.88198 110.5
      vertex 21.1943 -10.2182 110.5
    endloop
  endfacet
  facet normal 0 0 -1
    outer loop
      vertex 4.8 2.5 110.5
      vertex 1.2 2.5 110.5
      vertex 4.8 13.5 110.5
    endloop
  endfacet
  facet normal -0 0 -1
    outer loop
      vertex 7.2 2.5 110.5
      vertex 1 -3.2 110.5
      vertex 4.8 2.5 110.5
    endloop
  endfacet
  facet normal 0 0 -1
    outer loop
      vertex 1 -10.2 110.5
      vertex 21.1943 -10.2182 110.5
      vertex 21.6059 -10.5103 110.5
    endloop
  endfacet
  facet normal -0 0 -1
    outer loop
      vertex 10.8 2.5 110.5
      vertex 1 -3.2 110.5
      vertex 7.2 2.5 110.5
    endloop
  endfacet
  facet normal 0 0 -1
    outer loop
      vertex 22.0475 -10.7544 110.5
      vertex 1 -10.2 110.5
      vertex 21.6059 -10.5103 110.5
    endloop
  endfacet
  facet normal 0 0 -1
    outer loop
      vertex -28 -14.3 110.5
      vertex 1 -10.2 110.5
      vertex 28 -14.3 110.5
    endloop
  endfacet
  facet normal -0 0 -1
    outer loop
      vertex -23 -10.2 110.5
      vertex -28 -14.3 110.5
      vertex -23 -3.2 110.5
    endloop
  endfacet
  facet normal -0 0 -1
    outer loop
      vertex 1 -10.2 110.5
      vertex -28 -14.3 110.5
      vertex -23 -10.2 110.5
    endloop
  endfacet
  facet normal 0 0 -1
    outer loop
      vertex 27.8103 -4.30585 110.5
      vertex 28 16.8 110.5
      vertex 28 -4.64917 110.5
    endloop
  endfacet
  facet normal 0 0 -1
    outer loop
      vertex 27.5182 -3.8943 110.5
      vertex 28 16.8 110.5
      vertex 27.8103 -4.30585 110.5
    endloop
  endfacet
  facet normal 0 0 -1
    outer loop
      vertex 27.182 -3.51802 110.5
      vertex 28 16.8 110.5
      vertex 27.5182 -3.8943 110.5
    endloop
  endfacet
  facet normal 0 0 -1
    outer loop
      vertex 26.8057 -3.18176 110.5
      vertex 28 16.8 110.5
      vertex 27.182 -3.51802 110.5
    endloop
  endfacet
  facet normal 0 0 -1
    outer loop
      vertex 26.3941 -2.88974 110.5
      vertex 28 16.8 110.5
      vertex 26.8057 -3.18176 110.5
    endloop
  endfacet
  facet normal 0 0 -1
    outer loop
      vertex 25.9525 -2.64564 110.5
      vertex 28 16.8 110.5
      vertex 26.3941 -2.88974 110.5
    endloop
  endfacet
  facet normal 0 0 -1
    outer loop
      vertex 25.4863 -2.45252 110.5
      vertex 28 16.8 110.5
      vertex 25.9525 -2.64564 110.5
    endloop
  endfacet
  facet normal 0 0 -1
    outer loop
      vertex 25.0013 -2.31282 110.5
      vertex 28 16.8 110.5
      vertex 25.4863 -2.45252 110.5
    endloop
  endfacet
  facet normal 0 0 -1
    outer loop
      vertex 19.2 2.5 110.5
      vertex 25.0013 -2.31282 110.5
      vertex 24.5038 -2.22829 110.5
    endloop
  endfacet
  facet normal 0 0 -1
    outer loop
      vertex 19.2 2.5 110.5
      vertex 24.5038 -2.22829 110.5
      vertex 24 -2.2 110.5
    endloop
  endfacet
  facet normal 0 0 -1
    outer loop
      vertex 19.2 2.5 110.5
      vertex 24 -2.2 110.5
      vertex 23.4962 -2.22829 110.5
    endloop
  endfacet
  facet normal 0 0 -1
    outer loop
      vertex 19.2 2.5 110.5
      vertex 23.4962 -2.22829 110.5
      vertex 22.9987 -2.31282 110.5
    endloop
  endfacet
  facet normal 0 0 -1
    outer loop
      vertex 19.2 2.5 110.5
      vertex 22.9987 -2.31282 110.5
      vertex 22.5137 -2.45252 110.5
    endloop
  endfacet
  facet normal 0 0 -1
    outer loop
      vertex 19.2 2.5 110.5
      vertex 22.5137 -2.45252 110.5
      vertex 22.0475 -2.64564 110.5
    endloop
  endfacet
  facet normal 0 0 -1
    outer loop
      vertex 19.2 2.5 110.5
      vertex 22.0475 -2.64564 110.5
      vertex 21.6059 -2.88974 110.5
    endloop
  endfacet
  facet normal 0 0 -1
    outer loop
      vertex 19.2 2.5 110.5
      vertex 21.6059 -2.88974 110.5
      vertex 21.1943 -3.18176 110.5
    endloop
  endfacet
  facet normal 0 0 -1
    outer loop
      vertex 19.2 2.5 110.5
      vertex 21.1943 -3.18176 110.5
      vertex 20.818 -3.51802 110.5
    endloop
  endfacet
  facet normal 0 0 -1
    outer loop
      vertex 16.8 2.5 110.5
      vertex 20.818 -3.51802 110.5
      vertex 20.4818 -3.8943 110.5
    endloop
  endfacet
  facet normal 0 0 -1
    outer loop
      vertex 16.8 2.5 110.5
      vertex 20.4818 -3.8943 110.5
      vertex 20.1897 -4.30585 110.5
    endloop
  endfacet
  facet normal 0 0 -1
    outer loop
      vertex 16.8 2.5 110.5
      vertex 20.1897 -4.30585 110.5
      vertex 19.9456 -4.74752 110.5
    endloop
  endfacet
  facet normal 0 0 -1
    outer loop
      vertex 16.8 2.5 110.5
      vertex 19.9456 -4.74752 110.5
      vertex 19.7525 -5.21374 110.5
    endloop
  endfacet
  facet normal 0 0 -1
    outer loop
      vertex 10.8 2.5 110.5
      vertex 19.5283 -6.19616 110.5
      vertex 19.5 -6.7 110.5
    endloop
  endfacet
  facet normal 0 0 -1
    outer loop
      vertex 16.8 2.5 110.5
      vertex 19.6128 -5.69866 110.5
      vertex 19.5283 -6.19616 110.5
    endloop
  endfacet
  facet normal 0 0 -1
    outer loop
      vertex 16.8 2.5 110.5
      vertex 19.7525 -5.21374 110.5
      vertex 19.6128 -5.69866 110.5
    endloop
  endfacet
  facet normal 0 0 -1
    outer loop
      vertex 25.0013 -2.31282 110.5
      vertex 19.2 2.5 110.5
      vertex 28 16.8 110.5
    endloop
  endfacet
  facet normal 0 0 -1
    outer loop
      vertex 19.2 13.5 110.5
      vertex 28 16.8 110.5
      vertex 19.2 2.5 110.5
    endloop
  endfacet
  facet normal 0 0 -1
    outer loop
      vertex 16.8 13.5 110.5
      vertex 28 16.8 110.5
      vertex 19.2 13.5 110.5
    endloop
  endfacet
  facet normal 0 0 -1
    outer loop
      vertex 13.2 13.5 110.5
      vertex 16.8 13.5 110.5
      vertex 13.2 2.5 110.5
    endloop
  endfacet
  facet normal 0 0 -1
    outer loop
      vertex 13.2 13.5 110.5
      vertex 28 16.8 110.5
      vertex 16.8 13.5 110.5
    endloop
  endfacet
  facet normal 0 0 -1
    outer loop
      vertex 10.8 13.5 110.5
      vertex 28 16.8 110.5
      vertex 13.2 13.5 110.5
    endloop
  endfacet
  facet normal 0 0 -1
    outer loop
      vertex 7.2 13.5 110.5
      vertex 10.8 13.5 110.5
      vertex 7.2 2.5 110.5
    endloop
  endfacet
  facet normal 0 0 -1
    outer loop
      vertex 7.2 13.5 110.5
      vertex 28 16.8 110.5
      vertex 10.8 13.5 110.5
    endloop
  endfacet
  facet normal 0 0 -1
    outer loop
      vertex 4.8 13.5 110.5
      vertex 28 16.8 110.5
      vertex 7.2 13.5 110.5
    endloop
  endfacet
  facet normal 0 0 -1
    outer loop
      vertex 1.2 13.5 110.5
      vertex 4.8 13.5 110.5
      vertex 1.2 2.5 110.5
    endloop
  endfacet
  facet normal 0 0 -1
    outer loop
      vertex 1.2 13.5 110.5
      vertex 28 16.8 110.5
      vertex 4.8 13.5 110.5
    endloop
  endfacet
  facet normal 0 0 -1
    outer loop
      vertex -1.2 13.5 110.5
      vertex 28 16.8 110.5
      vertex 1.2 13.5 110.5
    endloop
  endfacet
  facet normal 0 0 -1
    outer loop
      vertex -4.8 13.5 110.5
      vertex -1.2 13.5 110.5
      vertex -4.8 2.5 110.5
    endloop
  endfacet
  facet normal 0 0 -1
    outer loop
      vertex -28 16.8 110.5
      vertex -1.2 13.5 110.5
      vertex -4.8 13.5 110.5
    endloop
  endfacet
  facet normal 0 0 -1
    outer loop
      vertex -28 16.8 110.5
      vertex -4.8 13.5 110.5
      vertex -7.2 13.5 110.5
    endloop
  endfacet
  facet normal 0 0 -1
    outer loop
      vertex -10.8 13.5 110.5
      vertex -7.2 13.5 110.5
      vertex -10.8 2.5 110.5
    endloop
  endfacet
  facet normal 0 0 -1
    outer loop
      vertex -28 16.8 110.5
      vertex -7.2 13.5 110.5
      vertex -10.8 13.5 110.5
    endloop
  endfacet
  facet normal 0 0 -1
    outer loop
      vertex -28 16.8 110.5
      vertex -10.8 13.5 110.5
      vertex -13.2 13.5 110.5
    endloop
  endfacet
  facet normal 0 0 -1
    outer loop
      vertex -16.8 13.5 110.5
      vertex -13.2 13.5 110.5
      vertex -16.8 2.5 110.5
    endloop
  endfacet
  facet normal 0 0 -1
    outer loop
      vertex -28 16.8 110.5
      vertex -13.2 13.5 110.5
      vertex -16.8 13.5 110.5
    endloop
  endfacet
  facet normal 0 0 -1
    outer loop
      vertex -28 16.8 110.5
      vertex -16.8 13.5 110.5
      vertex -19.2 13.5 110.5
    endloop
  endfacet
  facet normal 0 0 -1
    outer loop
      vertex -28 16.8 110.5
      vertex -23 -3.2 110.5
      vertex -28 -14.3 110.5
    endloop
  endfacet
  facet normal 0 0 -1
    outer loop
      vertex -1.2 13.5 110.5
      vertex -28 16.8 110.5
      vertex 28 16.8 110.5
    endloop
  endfacet
  facet normal 0 0 -1
    outer loop
      vertex -23 -3.2 110.5
      vertex -28 16.8 110.5
      vertex -19.2 13.5 110.5
    endloop
  endfacet
  facet normal -0 0 -1
    outer loop
      vertex 4.8 2.5 110.5
      vertex 1 -3.2 110.5
      vertex 1.2 2.5 110.5
    endloop
  endfacet
  facet normal 0 0 -1
    outer loop
      vertex 1 -3.2 110.5
      vertex -1.2 2.5 110.5
      vertex 1.2 2.5 110.5
    endloop
  endfacet
  facet normal 0 0 -1
    outer loop
      vertex -1.2 2.5 110.5
      vertex -4.8 2.5 110.5
      vertex -1.2 13.5 110.5
    endloop
  endfacet
  facet normal 0 0 -1
    outer loop
      vertex 1 -3.2 110.5
      vertex -4.8 2.5 110.5
      vertex -1.2 2.5 110.5
    endloop
  endfacet
  facet normal 0 0 -1
    outer loop
      vertex 1 -3.2 110.5
      vertex -7.2 2.5 110.5
      vertex -4.8 2.5 110.5
    endloop
  endfacet
  facet normal 0 0 -1
    outer loop
      vertex -7.2 2.5 110.5
      vertex -10.8 2.5 110.5
      vertex -7.2 13.5 110.5
    endloop
  endfacet
  facet normal 0 0 -1
    outer loop
      vertex 1 -3.2 110.5
      vertex -10.8 2.5 110.5
      vertex -7.2 2.5 110.5
    endloop
  endfacet
  facet normal 0 0 -1
    outer loop
      vertex -23 -3.2 110.5
      vertex -10.8 2.5 110.5
      vertex 1 -3.2 110.5
    endloop
  endfacet
  facet normal 0 0 -1
    outer loop
      vertex -13.2 2.5 110.5
      vertex -16.8 2.5 110.5
      vertex -13.2 13.5 110.5
    endloop
  endfacet
  facet normal -0 0 -1
    outer loop
      vertex -10.8 2.5 110.5
      vertex -23 -3.2 110.5
      vertex -13.2 2.5 110.5
    endloop
  endfacet
  facet normal -0 0 -1
    outer loop
      vertex -13.2 2.5 110.5
      vertex -23 -3.2 110.5
      vertex -16.8 2.5 110.5
    endloop
  endfacet
  facet normal -0 0 -1
    outer loop
      vertex -19.2 2.5 110.5
      vertex -23 -3.2 110.5
      vertex -19.2 13.5 110.5
    endloop
  endfacet
  facet normal -0 0 -1
    outer loop
      vertex -16.8 2.5 110.5
      vertex -23 -3.2 110.5
      vertex -19.2 2.5 110.5
    endloop
  endfacet
  facet normal 0 1 -0
    outer loop
      vertex 6.1 -14.3 2.5
      vertex -8.55 -14.3 5.5
      vertex 6.1 -14.3 5.5
    endloop
  endfacet
  facet normal 0 1 0
    outer loop
      vertex -8.55 -14.3 5.5
      vertex 6.1 -14.3 2.5
      vertex -8.55 -14.3 2.5
    endloop
  endfacet
  facet normal 0 1 0
    outer loop
      vertex 22 -14.3 8
      vertex 28 -14.3 2.5
      vertex 21.6081 -14.3 8.02201
    endloop
  endfacet
  facet normal 0 1 0
    outer loop
      vertex 28 -14.3 2.5
      vertex 30.9811 -14.3 5.16411
      vertex 30.9248 -14.3 4.83244
    endloop
  endfacet
  facet normal 0 1 0
    outer loop
      vertex 28 -14.3 2.5
      vertex 30.9248 -14.3 4.83244
      vertex 30.8316 -14.3 4.50917
    endloop
  endfacet
  facet normal 0 1 0
    outer loop
      vertex 28 -14.3 2.5
      vertex 30.8316 -14.3 4.50917
      vertex 30.7029 -14.3 4.19835
    endloop
  endfacet
  facet normal 0 1 0
    outer loop
      vertex 28 -14.3 2.5
      vertex 30.7029 -14.3 4.19835
      vertex 30.5402 -14.3 3.90392
    endloop
  endfacet
  facet normal 0 1 0
    outer loop
      vertex 28 -14.3 2.5
      vertex 30.5402 -14.3 3.90392
      vertex 30.3455 -14.3 3.62953
    endloop
  endfacet
  facet normal 0 1 0
    outer loop
      vertex 28 -14.3 2.5
      vertex 30.3455 -14.3 3.62953
      vertex 30.1213 -14.3 3.37869
    endloop
  endfacet
  facet normal 0 1 0
    outer loop
      vertex 28 -14.3 2.5
      vertex 30.1213 -14.3 3.37869
      vertex 29.8705 -14.3 3.15451
    endloop
  endfacet
  facet normal 0 1 0
    outer loop
      vertex 28 -14.3 2.5
      vertex 29.8705 -14.3 3.15451
      vertex 29.5961 -14.3 2.95984
    endloop
  endfacet
  facet normal 0 1 0
    outer loop
      vertex 28 -14.3 2.5
      vertex 29.5961 -14.3 2.95984
      vertex 29.3017 -14.3 2.7971
    endloop
  endfacet
  facet normal 0 1 0
    outer loop
      vertex 28 -14.3 2.5
      vertex 29.3017 -14.3 2.7971
      vertex 28.9908 -14.3 2.66835
    endloop
  endfacet
  facet normal 0 1 0
    outer loop
      vertex 28 -14.3 2.5
      vertex 28.9908 -14.3 2.66835
      vertex 28.6676 -14.3 2.57523
    endloop
  endfacet
  facet normal 0 1 0
    outer loop
      vertex 28 -14.3 2.5
      vertex 28.6676 -14.3 2.57523
      vertex 28.3359 -14.3 2.51888
    endloop
  endfacet
  facet normal 0 1 0
    outer loop
      vertex 9.1 -14.3 2.5
      vertex 21.6081 -14.3 8.02201
      vertex 28 -14.3 2.5
    endloop
  endfacet
  facet normal 0 1 0
    outer loop
      vertex 21.6081 -14.3 8.02201
      vertex 9.1 -14.3 2.5
      vertex 9.1 -14.3 5.5
    endloop
  endfacet
  facet normal 0 1 0
    outer loop
      vertex -20.844 -14.3 29.8345
      vertex 19.8178 -14.3 14.2364
      vertex -20.7736 -14.3 29.4199
    endloop
  endfacet
  facet normal 0 1 0
    outer loop
      vertex -20.9604 -14.3 27.7615
      vertex -21.6081 -14.3 14.978
      vertex -22 -14.3 15
    endloop
  endfacet
  facet normal 0 1 -0
    outer loop
      vertex 19.5251 -14.3 13.9749
      vertex -20.7736 -14.3 29.4199
      vertex 19.8178 -14.3 14.2364
    endloop
  endfacet
  facet normal 0 1 0
    outer loop
      vertex -20.9604 -14.3 27.7615
      vertex -21.2212 -14.3 14.9122
      vertex -21.6081 -14.3 14.978
    endloop
  endfacet
  facet normal 0 1 0
    outer loop
      vertex -20.7736 -14.3 29.4199
      vertex 19.5251 -14.3 13.9749
      vertex -20.75 -14.3 29
    endloop
  endfacet
  facet normal 0 1 0
    outer loop
      vertex -20.9604 -14.3 27.7615
      vertex -20.844 -14.3 14.8036
      vertex -21.2212 -14.3 14.9122
    endloop
  endfacet
  facet normal 0 1 -0
    outer loop
      vertex 19.2636 -14.3 13.6822
      vertex -20.75 -14.3 29
      vertex 19.5251 -14.3 13.9749
    endloop
  endfacet
  facet normal 0 1 0
    outer loop
      vertex -20.9604 -14.3 27.7615
      vertex -20.4814 -14.3 14.6534
      vertex -20.844 -14.3 14.8036
    endloop
  endfacet
  facet normal 0 1 0
    outer loop
      vertex -20.75 -14.3 29
      vertex 19.2636 -14.3 13.6822
      vertex -20.7736 -14.3 28.5801
    endloop
  endfacet
  facet normal 0 1 0
    outer loop
      vertex -20.9604 -14.3 27.7615
      vertex -20.1379 -14.3 14.4635
      vertex -20.4814 -14.3 14.6534
    endloop
  endfacet
  facet normal 0 1 -0
    outer loop
      vertex 6.1 -14.3 5.5
      vertex -20.7736 -14.3 28.5801
      vertex 19.2636 -14.3 13.6822
    endloop
  endfacet
  facet normal 0 1 0
    outer loop
      vertex -20.9604 -14.3 27.7615
      vertex -19.8178 -14.3 14.2364
      vertex -20.1379 -14.3 14.4635
    endloop
  endfacet
  facet normal 0 1 0
    outer loop
      vertex -20.7736 -14.3 28.5801
      vertex 6.1 -14.3 5.5
      vertex -20.844 -14.3 28.1655
    endloop
  endfacet
  facet normal 0 1 0
    outer loop
      vertex -20.9604 -14.3 27.7615
      vertex -19.5251 -14.3 13.9749
      vertex -19.8178 -14.3 14.2364
    endloop
  endfacet
  facet normal 0 1 -0
    outer loop
      vertex -8.55 -14.3 5.5
      vertex -20.844 -14.3 28.1655
      vertex 6.1 -14.3 5.5
    endloop
  endfacet
  facet normal 0 1 0
    outer loop
      vertex -20.9604 -14.3 27.7615
      vertex -19.2636 -14.3 13.6822
      vertex -19.5251 -14.3 13.9749
    endloop
  endfacet
  facet normal 0 1 0
    outer loop
      vertex 6.1 -14.3 5.5
      vertex 19.2636 -14.3 13.6822
      vertex 19.0365 -14.3 13.3621
    endloop
  endfacet
  facet normal 0 1 0
    outer loop
      vertex -20.844 -14.3 28.1655
      vertex -8.55 -14.3 5.5
      vertex -20.9604 -14.3 27.7615
    endloop
  endfacet
  facet normal 0 1 0
    outer loop
      vertex 6.1 -14.3 5.5
      vertex 19.0365 -14.3 13.3621
      vertex 18.8466 -14.3 13.0186
    endloop
  endfacet
  facet normal 0 1 0
    outer loop
      vertex -20.9604 -14.3 27.7615
      vertex -19.0365 -14.3 13.3621
      vertex -19.2636 -14.3 13.6822
    endloop
  endfacet
  facet normal 0 1 0
    outer loop
      vertex 6.1 -14.3 5.5
      vertex 18.8466 -14.3 13.0186
      vertex 18.6964 -14.3 12.656
    endloop
  endfacet
  facet normal 0 1 0
    outer loop
      vertex -20.9604 -14.3 27.7615
      vertex -8.55 -14.3 5.5
      vertex -19.0365 -14.3 13.3621
    endloop
  endfacet
  facet normal 0 1 0
    outer loop
      vertex 9.1 -14.3 5.5
      vertex 18.6964 -14.3 12.656
      vertex 18.5878 -14.3 12.2788
    endloop
  endfacet
  facet normal 0 1 0
    outer loop
      vertex -19.0365 -14.3 13.3621
      vertex -8.55 -14.3 5.5
      vertex -18.8466 -14.3 13.0186
    endloop
  endfacet
  facet normal 0 1 0
    outer loop
      vertex 9.1 -14.3 5.5
      vertex 18.5878 -14.3 12.2788
      vertex 18.522 -14.3 11.8919
    endloop
  endfacet
  facet normal 0 1 0
    outer loop
      vertex -18.8466 -14.3 13.0186
      vertex -8.55 -14.3 5.5
      vertex -18.6964 -14.3 12.656
    endloop
  endfacet
  facet normal 0 1 0
    outer loop
      vertex 9.1 -14.3 5.5
      vertex 18.522 -14.3 11.8919
      vertex 18.5 -14.3 11.5
    endloop
  endfacet
  facet normal 0 1 0
    outer loop
      vertex -18.6964 -14.3 12.656
      vertex -8.55 -14.3 5.5
      vertex -18.5878 -14.3 12.2788
    endloop
  endfacet
  facet normal 0 1 0
    outer loop
      vertex 9.1 -14.3 5.5
      vertex 18.5 -14.3 11.5
      vertex 18.522 -14.3 11.1081
    endloop
  endfacet
  facet normal 0 1 -0
    outer loop
      vertex -11.55 -14.3 5.5
      vertex -18.5878 -14.3 12.2788
      vertex -8.55 -14.3 5.5
    endloop
  endfacet
  facet normal 0 1 0
    outer loop
      vertex 9.1 -14.3 5.5
      vertex 18.522 -14.3 11.1081
      vertex 18.5878 -14.3 10.7212
    endloop
  endfacet
  facet normal 0 1 0
    outer loop
      vertex -18.5878 -14.3 12.2788
      vertex -11.55 -14.3 5.5
      vertex -18.522 -14.3 11.8919
    endloop
  endfacet
  facet normal 0 1 0
    outer loop
      vertex 9.1 -14.3 5.5
      vertex 18.5878 -14.3 10.7212
      vertex 18.6964 -14.3 10.344
    endloop
  endfacet
  facet normal 0 1 0
    outer loop
      vertex -18.522 -14.3 11.8919
      vertex -11.55 -14.3 5.5
      vertex -18.5 -14.3 11.5
    endloop
  endfacet
  facet normal 0 1 0
    outer loop
      vertex 9.1 -14.3 5.5
      vertex 18.6964 -14.3 10.344
      vertex 18.8466 -14.3 9.98141
    endloop
  endfacet
  facet normal 0 1 0
    outer loop
      vertex -18.5 -14.3 11.5
      vertex -11.55 -14.3 5.5
      vertex -18.522 -14.3 11.1081
    endloop
  endfacet
  facet normal 0 1 0
    outer loop
      vertex 9.1 -14.3 5.5
      vertex 18.8466 -14.3 9.98141
      vertex 19.0365 -14.3 9.63789
    endloop
  endfacet
  facet normal 0 1 0
    outer loop
      vertex -18.522 -14.3 11.1081
      vertex -11.55 -14.3 5.5
      vertex -18.5878 -14.3 10.7212
    endloop
  endfacet
  facet normal 0 1 0
    outer loop
      vertex 9.1 -14.3 5.5
      vertex 19.0365 -14.3 9.63789
      vertex 19.2636 -14.3 9.31779
    endloop
  endfacet
  facet normal 0 1 0
    outer loop
      vertex -18.5878 -14.3 10.7212
      vertex -11.55 -14.3 5.5
      vertex -18.6964 -14.3 10.344
    endloop
  endfacet
  facet normal 0 1 0
    outer loop
      vertex 9.1 -14.3 5.5
      vertex 19.2636 -14.3 9.31779
      vertex 19.5251 -14.3 9.02513
    endloop
  endfacet
  facet normal 0 1 0
    outer loop
      vertex -18.6964 -14.3 10.344
      vertex -11.55 -14.3 5.5
      vertex -18.8466 -14.3 9.98141
    endloop
  endfacet
  facet normal 0 1 0
    outer loop
      vertex 9.1 -14.3 5.5
      vertex 19.5251 -14.3 9.02513
      vertex 19.8178 -14.3 8.76359
    endloop
  endfacet
  facet normal 0 1 0
    outer loop
      vertex -18.8466 -14.3 9.98141
      vertex -11.55 -14.3 5.5
      vertex -19.0365 -14.3 9.63789
    endloop
  endfacet
  facet normal 0 1 0
    outer loop
      vertex 9.1 -14.3 5.5
      vertex 19.8178 -14.3 8.76359
      vertex 20.1379 -14.3 8.53646
    endloop
  endfacet
  facet normal 0 1 0
    outer loop
      vertex -19.0365 -14.3 9.63789
      vertex -11.55 -14.3 5.5
      vertex -19.2636 -14.3 9.31779
    endloop
  endfacet
  facet normal 0 1 0
    outer loop
      vertex 9.1 -14.3 5.5
      vertex 20.1379 -14.3 8.53646
      vertex 20.4814 -14.3 8.34661
    endloop
  endfacet
  facet normal 0 1 0
    outer loop
      vertex -19.2636 -14.3 9.31779
      vertex -11.55 -14.3 5.5
      vertex -19.5251 -14.3 9.02513
    endloop
  endfacet
  facet normal 0 1 0
    outer loop
      vertex 9.1 -14.3 5.5
      vertex 20.4814 -14.3 8.34661
      vertex 20.844 -14.3 8.19641
    endloop
  endfacet
  facet normal 0 1 0
    outer loop
      vertex -19.5251 -14.3 9.02513
      vertex -11.55 -14.3 5.5
      vertex -19.8178 -14.3 8.76359
    endloop
  endfacet
  facet normal 0 1 0
    outer loop
      vertex 9.1 -14.3 5.5
      vertex 20.844 -14.3 8.19641
      vertex 21.2212 -14.3 8.08775
    endloop
  endfacet
  facet normal 0 1 0
    outer loop
      vertex -19.8178 -14.3 8.76359
      vertex -11.55 -14.3 5.5
      vertex -20.1379 -14.3 8.53646
    endloop
  endfacet
  facet normal 0 1 0
    outer loop
      vertex 9.1 -14.3 5.5
      vertex 21.2212 -14.3 8.08775
      vertex 21.6081 -14.3 8.02201
    endloop
  endfacet
  facet normal 0 1 -0
    outer loop
      vertex -11.55 -14.3 2.5
      vertex -20.1379 -14.3 8.53646
      vertex -11.55 -14.3 5.5
    endloop
  endfacet
  facet normal 0 1 0
    outer loop
      vertex 22.7788 -14.3 8.08775
      vertex 28 -14.3 2.5
      vertex 22.3919 -14.3 8.02201
    endloop
  endfacet
  facet normal 0 1 0
    outer loop
      vertex -20.1379 -14.3 8.53646
      vertex -11.55 -14.3 2.5
      vertex -20.4814 -14.3 8.34661
    endloop
  endfacet
  facet normal 0 1 0
    outer loop
      vertex -19 -14.3 91
      vertex -21.6081 -14.3 87.978
      vertex -22 -14.3 88
    endloop
  endfacet
  facet normal 0 1 0
    outer loop
      vertex -19 -14.3 91
      vertex -21.2212 -14.3 87.9122
      vertex -21.6081 -14.3 87.978
    endloop
  endfacet
  facet normal 0 1 0
    outer loop
      vertex 20.4814 -14.3 87.6534
      vertex 20.9604 -14.3 88.2385
      vertex 20.844 -14.3 87.8344
    endloop
  endfacet
  facet normal 0 1 0
    outer loop
      vertex -19 -14.3 91
      vertex -20.844 -14.3 87.8036
      vertex -21.2212 -14.3 87.9122
    endloop
  endfacet
  facet normal 0 1 0
    outer loop
      vertex 20.4814 -14.3 87.6534
      vertex 20.844 -14.3 87.8344
      vertex 20.8384 -14.3 87.8013
    endloop
  endfacet
  facet normal 0 1 0
    outer loop
      vertex 20.1379 -14.3 87.4635
      vertex 20.9604 -14.3 88.2385
      vertex 20.4814 -14.3 87.6534
    endloop
  endfacet
  facet normal 0 1 0
    outer loop
      vertex -19 -14.3 91
      vertex -20.4814 -14.3 87.6534
      vertex -20.844 -14.3 87.8036
    endloop
  endfacet
  facet normal 0 1 0
    outer loop
      vertex 19.8178 -14.3 87.2364
      vertex 20.9604 -14.3 88.2385
      vertex 20.1379 -14.3 87.4635
    endloop
  endfacet
  facet normal 0 1 0
    outer loop
      vertex -19 -14.3 91
      vertex -20.1379 -14.3 87.4635
      vertex -20.4814 -14.3 87.6534
    endloop
  endfacet
  facet normal 0 1 -0
    outer loop
      vertex 19.2636 -14.3 86.6822
      vertex 19 -14.3 91
      vertex 19.5251 -14.3 86.9749
    endloop
  endfacet
  facet normal 0 1 0
    outer loop
      vertex -19 -14.3 91
      vertex -19.8178 -14.3 87.2364
      vertex -20.1379 -14.3 87.4635
    endloop
  endfacet
  facet normal 0 1 -0
    outer loop
      vertex 19.0365 -14.3 86.3621
      vertex 19 -14.3 91
      vertex 19.2636 -14.3 86.6822
    endloop
  endfacet
  facet normal 0 1 0
    outer loop
      vertex -19 -14.3 91
      vertex -19.5251 -14.3 86.9749
      vertex -19.8178 -14.3 87.2364
    endloop
  endfacet
  facet normal 0 1 0
    outer loop
      vertex 18.8466 -14.3 86.0186
      vertex 19 -14.3 91
      vertex 19.0365 -14.3 86.3621
    endloop
  endfacet
  facet normal 0 1 0
    outer loop
      vertex -19 -14.3 91
      vertex -19.2636 -14.3 86.6822
      vertex -19.5251 -14.3 86.9749
    endloop
  endfacet
  facet normal 0 1 0
    outer loop
      vertex 18.6964 -14.3 85.656
      vertex 19 -14.3 91
      vertex 18.8466 -14.3 86.0186
    endloop
  endfacet
  facet normal 0 1 0
    outer loop
      vertex -19 -14.3 91
      vertex -19.0365 -14.3 86.3621
      vertex -19.2636 -14.3 86.6822
    endloop
  endfacet
  facet normal 0 1 0
    outer loop
      vertex 18.5878 -14.3 85.2788
      vertex 19 -14.3 91
      vertex 18.6964 -14.3 85.656
    endloop
  endfacet
  facet normal 0 1 0
    outer loop
      vertex -19 -14.3 91
      vertex -18.8466 -14.3 86.0186
      vertex -19.0365 -14.3 86.3621
    endloop
  endfacet
  facet normal 0 1 0
    outer loop
      vertex 19 -14.3 91
      vertex 18.5878 -14.3 85.2788
      vertex -19 -14.3 91
    endloop
  endfacet
  facet normal 0 1 0
    outer loop
      vertex -19 -14.3 91
      vertex -18.6964 -14.3 85.656
      vertex -18.8466 -14.3 86.0186
    endloop
  endfacet
  facet normal 0 1 -0
    outer loop
      vertex -18.5878 -14.3 85.2788
      vertex -19 -14.3 91
      vertex 18.5878 -14.3 85.2788
    endloop
  endfacet
  facet normal 0 1 0
    outer loop
      vertex -19 -14.3 91
      vertex -18.5878 -14.3 85.2788
      vertex -18.6964 -14.3 85.656
    endloop
  endfacet
  facet normal 0 1 -0
    outer loop
      vertex 18.522 -14.3 84.8919
      vertex -18.5878 -14.3 85.2788
      vertex 18.5878 -14.3 85.2788
    endloop
  endfacet
  facet normal 0 1 0
    outer loop
      vertex 18.522 -14.3 84.8919
      vertex -18.522 -14.3 84.8919
      vertex -18.5878 -14.3 85.2788
    endloop
  endfacet
  facet normal 0 1 -0
    outer loop
      vertex 18.5 -14.3 84.5
      vertex -18.522 -14.3 84.8919
      vertex 18.522 -14.3 84.8919
    endloop
  endfacet
  facet normal 0 1 0
    outer loop
      vertex 18.5 -14.3 84.5
      vertex -18.5 -14.3 84.5
      vertex -18.522 -14.3 84.8919
    endloop
  endfacet
  facet normal 0 1 0
    outer loop
      vertex 18.522 -14.3 84.1081
      vertex -18.5 -14.3 84.5
      vertex 18.5 -14.3 84.5
    endloop
  endfacet
  facet normal 0 1 0
    outer loop
      vertex 18.522 -14.3 84.1081
      vertex -18.522 -14.3 84.1081
      vertex -18.5 -14.3 84.5
    endloop
  endfacet
  facet normal 0 1 0
    outer loop
      vertex 18.5878 -14.3 83.7212
      vertex -18.522 -14.3 84.1081
      vertex 18.522 -14.3 84.1081
    endloop
  endfacet
  facet normal 0 1 0
    outer loop
      vertex 18.5878 -14.3 83.7212
      vertex -18.5878 -14.3 83.7212
      vertex -18.522 -14.3 84.1081
    endloop
  endfacet
  facet normal 0 1 0
    outer loop
      vertex 18.6964 -14.3 83.344
      vertex -18.5878 -14.3 83.7212
      vertex 18.5878 -14.3 83.7212
    endloop
  endfacet
  facet normal 0 1 0
    outer loop
      vertex 18.6964 -14.3 83.344
      vertex -18.6964 -14.3 83.344
      vertex -18.5878 -14.3 83.7212
    endloop
  endfacet
  facet normal 0 1 0
    outer loop
      vertex 18.8466 -14.3 82.9814
      vertex -18.6964 -14.3 83.344
      vertex 18.6964 -14.3 83.344
    endloop
  endfacet
  facet normal 0 1 0
    outer loop
      vertex 18.8466 -14.3 82.9814
      vertex -18.8466 -14.3 82.9814
      vertex -18.6964 -14.3 83.344
    endloop
  endfacet
  facet normal 0 1 0
    outer loop
      vertex 19.0365 -14.3 82.6379
      vertex -18.8466 -14.3 82.9814
      vertex 18.8466 -14.3 82.9814
    endloop
  endfacet
  facet normal 0 1 0
    outer loop
      vertex 19.0365 -14.3 82.6379
      vertex -19.0365 -14.3 82.6379
      vertex -18.8466 -14.3 82.9814
    endloop
  endfacet
  facet normal 0 1 0
    outer loop
      vertex 19.2636 -14.3 82.3178
      vertex -19.0365 -14.3 82.6379
      vertex 19.0365 -14.3 82.6379
    endloop
  endfacet
  facet normal 0 1 0
    outer loop
      vertex 19.2636 -14.3 82.3178
      vertex -19.2636 -14.3 82.3178
      vertex -19.0365 -14.3 82.6379
    endloop
  endfacet
  facet normal 0 1 0
    outer loop
      vertex 19.5251 -14.3 82.0251
      vertex -19.2636 -14.3 82.3178
      vertex 19.2636 -14.3 82.3178
    endloop
  endfacet
  facet normal 0 1 0
    outer loop
      vertex 19.5251 -14.3 82.0251
      vertex -19.5251 -14.3 82.0251
      vertex -19.2636 -14.3 82.3178
    endloop
  endfacet
  facet normal 0 1 0
    outer loop
      vertex 19.8178 -14.3 81.7636
      vertex -19.5251 -14.3 82.0251
      vertex 19.5251 -14.3 82.0251
    endloop
  endfacet
  facet normal 0 1 0
    outer loop
      vertex 19.8178 -14.3 81.7636
      vertex -19.8178 -14.3 81.7636
      vertex -19.5251 -14.3 82.0251
    endloop
  endfacet
  facet normal 0 1 0
    outer loop
      vertex -21.8484 -14.3 31.6516
      vertex 19.8178 -14.3 81.7636
      vertex 20.1379 -14.3 81.5365
    endloop
  endfacet
  facet normal 0 1 0
    outer loop
      vertex 19.8178 -14.3 81.7636
      vertex -21.8484 -14.3 31.6516
      vertex -19.8178 -14.3 81.7636
    endloop
  endfacet
  facet normal 0 1 0
    outer loop
      vertex -21.5681 -14.3 31.3381
      vertex 20.1379 -14.3 81.5365
      vertex 20.4814 -14.3 81.3466
    endloop
  endfacet
  facet normal -0 1 0
    outer loop
      vertex -22.1619 -14.3 31.9319
      vertex -19.8178 -14.3 81.7636
      vertex -21.8484 -14.3 31.6516
    endloop
  endfacet
  facet normal 0 1 0
    outer loop
      vertex -21.3248 -14.3 30.9951
      vertex 20.4814 -14.3 81.3466
      vertex 20.844 -14.3 81.1964
    endloop
  endfacet
  facet normal 0 1 0
    outer loop
      vertex -19.8178 -14.3 81.7636
      vertex -22.1619 -14.3 31.9319
      vertex -20.1379 -14.3 81.5365
    endloop
  endfacet
  facet normal 0 1 0
    outer loop
      vertex 21.6081 -14.3 81.022
      vertex 21.6081 -14.3 14.978
      vertex 21.2212 -14.3 81.0878
    endloop
  endfacet
  facet normal -0 1 0
    outer loop
      vertex -22.5049 -14.3 32.1752
      vertex -20.1379 -14.3 81.5365
      vertex -22.1619 -14.3 31.9319
    endloop
  endfacet
  facet normal 0 1 0
    outer loop
      vertex 21.6081 -14.3 14.978
      vertex 21.6081 -14.3 81.022
      vertex 22 -14.3 15
    endloop
  endfacet
  facet normal 0 1 0
    outer loop
      vertex -20.1379 -14.3 81.5365
      vertex -22.5049 -14.3 32.1752
      vertex -20.4814 -14.3 81.3466
    endloop
  endfacet
  facet normal 0 1 -0
    outer loop
      vertex 22 -14.3 15
      vertex 21.6081 -14.3 81.022
      vertex 22 -14.3 81
    endloop
  endfacet
  facet normal 0 1 0
    outer loop
      vertex -20.4814 -14.3 81.3466
      vertex -22.8729 -14.3 32.3786
      vertex -20.844 -14.3 81.1964
    endloop
  endfacet
  facet normal 0 1 0
    outer loop
      vertex -21.4962 -14.3 94.5283
      vertex -19 -14.3 91
      vertex -22 -14.3 94.5
    endloop
  endfacet
  facet normal 0 1 0
    outer loop
      vertex -20.9987 -14.3 94.6128
      vertex -19 -14.3 91
      vertex -21.4962 -14.3 94.5283
    endloop
  endfacet
  facet normal 0 1 0
    outer loop
      vertex -20.5137 -14.3 94.7525
      vertex -19 -14.3 91
      vertex -20.9987 -14.3 94.6128
    endloop
  endfacet
  facet normal 0 1 0
    outer loop
      vertex -20.0475 -14.3 94.9456
      vertex -19 -14.3 91
      vertex -20.5137 -14.3 94.7525
    endloop
  endfacet
  facet normal 0 1 0
    outer loop
      vertex -19.6059 -14.3 95.1897
      vertex -19 -14.3 91
      vertex -20.0475 -14.3 94.9456
    endloop
  endfacet
  facet normal 0 1 0
    outer loop
      vertex -19.1943 -14.3 95.4818
      vertex -19 -14.3 91
      vertex -19.6059 -14.3 95.1897
    endloop
  endfacet
  facet normal 0 1 -0
    outer loop
      vertex -19 -14.3 91
      vertex -19.1943 -14.3 95.4818
      vertex -19 -14.3 95.6554
    endloop
  endfacet
  facet normal 0 1 0
    outer loop
      vertex 19 -14.3 110
      vertex 22.5038 -14.3 103.472
      vertex 22 -14.3 103.5
    endloop
  endfacet
  facet normal 0 1 0
    outer loop
      vertex 28 -14.3 110.5
      vertex 23.0013 -14.3 103.387
      vertex 22.5038 -14.3 103.472
    endloop
  endfacet
  facet normal 0 1 0
    outer loop
      vertex 28 -14.3 110.5
      vertex 23.4863 -14.3 103.247
      vertex 23.0013 -14.3 103.387
    endloop
  endfacet
  facet normal 0 1 0
    outer loop
      vertex 28 -14.3 110.5
      vertex 23.9525 -14.3 103.054
      vertex 23.4863 -14.3 103.247
    endloop
  endfacet
  facet normal 0 1 0
    outer loop
      vertex 28 -14.3 110.5
      vertex 24.3941 -14.3 102.81
      vertex 23.9525 -14.3 103.054
    endloop
  endfacet
  facet normal 0 1 0
    outer loop
      vertex 31 -14.3 107.5
      vertex 24.8057 -14.3 102.518
      vertex 24.3941 -14.3 102.81
    endloop
  endfacet
  facet normal 0 1 0
    outer loop
      vertex 31 -14.3 107.5
      vertex 25.182 -14.3 102.182
      vertex 24.8057 -14.3 102.518
    endloop
  endfacet
  facet normal 0 1 0
    outer loop
      vertex 31 -14.3 107.5
      vertex 25.5182 -14.3 101.806
      vertex 25.182 -14.3 102.182
    endloop
  endfacet
  facet normal 0 1 0
    outer loop
      vertex 31 -14.3 107.5
      vertex 25.8103 -14.3 101.394
      vertex 25.5182 -14.3 101.806
    endloop
  endfacet
  facet normal 0 1 0
    outer loop
      vertex 31 -14.3 107.5
      vertex 26.0544 -14.3 100.952
      vertex 25.8103 -14.3 101.394
    endloop
  endfacet
  facet normal 0 1 0
    outer loop
      vertex 31 -14.3 107.5
      vertex 26.2475 -14.3 100.486
      vertex 26.0544 -14.3 100.952
    endloop
  endfacet
  facet normal 0 1 0
    outer loop
      vertex 31 -14.3 107.5
      vertex 26.3872 -14.3 100.001
      vertex 26.2475 -14.3 100.486
    endloop
  endfacet
  facet normal 0 1 0
    outer loop
      vertex 31 -14.3 107.5
      vertex 26.4717 -14.3 99.5038
      vertex 26.3872 -14.3 100.001
    endloop
  endfacet
  facet normal 0 1 0
    outer loop
      vertex 31 -14.3 107.5
      vertex 26.5 -14.3 99
      vertex 26.4717 -14.3 99.5038
    endloop
  endfacet
  facet normal 0 1 0
    outer loop
      vertex 31 -14.3 107.5
      vertex 26.4717 -14.3 98.4962
      vertex 26.5 -14.3 99
    endloop
  endfacet
  facet normal 0 1 -0
    outer loop
      vertex 27.8786 -14.3 88.6271
      vertex 26.4717 -14.3 98.4962
      vertex 31 -14.3 107.5
    endloop
  endfacet
  facet normal 0 1 0
    outer loop
      vertex 26.4717 -14.3 98.4962
      vertex 27.8786 -14.3 88.6271
      vertex 26.3872 -14.3 97.9987
    endloop
  endfacet
  facet normal -0 1 -0
    outer loop
      vertex 27.6752 -14.3 88.9951
      vertex 26.3872 -14.3 97.9987
      vertex 27.8786 -14.3 88.6271
    endloop
  endfacet
  facet normal 0 1 0
    outer loop
      vertex 23.2615 -14.3 90.5396
      vertex 22 -14.3 94.5
      vertex 22.5038 -14.3 94.5283
    endloop
  endfacet
  facet normal 0 1 0
    outer loop
      vertex 23.6655 -14.3 90.656
      vertex 22.5038 -14.3 94.5283
      vertex 23.0013 -14.3 94.6128
    endloop
  endfacet
  facet normal 0 1 0
    outer loop
      vertex 24.0801 -14.3 90.7264
      vertex 23.0013 -14.3 94.6128
      vertex 23.4863 -14.3 94.7525
    endloop
  endfacet
  facet normal 0 1 0
    outer loop
      vertex 24.5 -14.3 90.75
      vertex 23.4863 -14.3 94.7525
      vertex 23.9525 -14.3 94.9456
    endloop
  endfacet
  facet normal 0 1 0
    outer loop
      vertex 24.9199 -14.3 90.7264
      vertex 23.9525 -14.3 94.9456
      vertex 24.3941 -14.3 95.1897
    endloop
  endfacet
  facet normal 0 1 0
    outer loop
      vertex 25.3345 -14.3 90.656
      vertex 24.3941 -14.3 95.1897
      vertex 24.8057 -14.3 95.4818
    endloop
  endfacet
  facet normal 0 1 0
    outer loop
      vertex 23.0013 -14.3 94.6128
      vertex 24.0801 -14.3 90.7264
      vertex 23.6655 -14.3 90.656
    endloop
  endfacet
  facet normal 0 1 0
    outer loop
      vertex 23.4863 -14.3 94.7525
      vertex 24.5 -14.3 90.75
      vertex 24.0801 -14.3 90.7264
    endloop
  endfacet
  facet normal 0 1 0
    outer loop
      vertex 25.7385 -14.3 90.5396
      vertex 24.8057 -14.3 95.4818
      vertex 25.182 -14.3 95.818
    endloop
  endfacet
  facet normal 0 1 0
    outer loop
      vertex 26.1271 -14.3 90.3786
      vertex 25.182 -14.3 95.818
      vertex 25.5182 -14.3 96.1943
    endloop
  endfacet
  facet normal 0 1 0
    outer loop
      vertex 26.8381 -14.3 89.9319
      vertex 25.5182 -14.3 96.1943
      vertex 25.8103 -14.3 96.6059
    endloop
  endfacet
  facet normal 0 1 0
    outer loop
      vertex 27.1516 -14.3 89.6516
      vertex 25.8103 -14.3 96.6059
      vertex 26.0544 -14.3 97.0475
    endloop
  endfacet
  facet normal 0 1 0
    outer loop
      vertex 26.3872 -14.3 97.9987
      vertex 27.6752 -14.3 88.9951
      vertex 26.2475 -14.3 97.5137
    endloop
  endfacet
  facet normal 0 1 0
    outer loop
      vertex 23.9525 -14.3 94.9456
      vertex 24.9199 -14.3 90.7264
      vertex 24.5 -14.3 90.75
    endloop
  endfacet
  facet normal 0 1 0
    outer loop
      vertex 24.3941 -14.3 95.1897
      vertex 25.3345 -14.3 90.656
      vertex 24.9199 -14.3 90.7264
    endloop
  endfacet
  facet normal 0 1 0
    outer loop
      vertex 24.8057 -14.3 95.4818
      vertex 25.7385 -14.3 90.5396
      vertex 25.3345 -14.3 90.656
    endloop
  endfacet
  facet normal 0 1 0
    outer loop
      vertex 25.182 -14.3 95.818
      vertex 26.1271 -14.3 90.3786
      vertex 25.7385 -14.3 90.5396
    endloop
  endfacet
  facet normal 0 1 0
    outer loop
      vertex 25.5182 -14.3 96.1943
      vertex 26.4951 -14.3 90.1752
      vertex 26.1271 -14.3 90.3786
    endloop
  endfacet
  facet normal 0 1 0
    outer loop
      vertex 25.5182 -14.3 96.1943
      vertex 26.8381 -14.3 89.9319
      vertex 26.4951 -14.3 90.1752
    endloop
  endfacet
  facet normal 0 1 0
    outer loop
      vertex 25.8103 -14.3 96.6059
      vertex 27.1516 -14.3 89.6516
      vertex 26.8381 -14.3 89.9319
    endloop
  endfacet
  facet normal 0 1 0
    outer loop
      vertex 26.0544 -14.3 97.0475
      vertex 27.4319 -14.3 89.3381
      vertex 27.1516 -14.3 89.6516
    endloop
  endfacet
  facet normal 0 1 0
    outer loop
      vertex 26.2475 -14.3 97.5137
      vertex 27.4319 -14.3 89.3381
      vertex 26.0544 -14.3 97.0475
    endloop
  endfacet
  facet normal -0 1 -0
    outer loop
      vertex 27.4319 -14.3 89.3381
      vertex 26.2475 -14.3 97.5137
      vertex 27.6752 -14.3 88.9951
    endloop
  endfacet
  facet normal 0 1 0
    outer loop
      vertex 31 -14.3 107.5
      vertex 28.0396 -14.3 88.2385
      vertex 27.8786 -14.3 88.6271
    endloop
  endfacet
  facet normal 0 1 0
    outer loop
      vertex 31 -14.3 107.5
      vertex 28.156 -14.3 87.8344
      vertex 28.0396 -14.3 88.2385
    endloop
  endfacet
  facet normal 0 1 0
    outer loop
      vertex 31 -14.3 107.5
      vertex 28.2264 -14.3 87.4199
      vertex 28.156 -14.3 87.8344
    endloop
  endfacet
  facet normal 0 1 0
    outer loop
      vertex 31 -14.3 107.5
      vertex 28.25 -14.3 87
      vertex 28.2264 -14.3 87.4199
    endloop
  endfacet
  facet normal 0 1 0
    outer loop
      vertex 31 -14.3 107.5
      vertex 28.2264 -14.3 86.5801
      vertex 28.25 -14.3 87
    endloop
  endfacet
  facet normal 0 1 0
    outer loop
      vertex 25.3345 -14.3 83.344
      vertex 25.1534 -14.3 82.9814
      vertex 25.3013 -14.3 83.3384
    endloop
  endfacet
  facet normal 0 1 0
    outer loop
      vertex 25.7385 -14.3 83.4604
      vertex 25.1534 -14.3 82.9814
      vertex 25.3345 -14.3 83.344
    endloop
  endfacet
  facet normal 0 1 0
    outer loop
      vertex 24.9635 -14.3 82.6379
      vertex 25.7385 -14.3 83.4604
      vertex 26.1271 -14.3 83.6214
    endloop
  endfacet
  facet normal 0 1 0
    outer loop
      vertex 24.7364 -14.3 82.3178
      vertex 26.1271 -14.3 83.6214
      vertex 26.4951 -14.3 83.8248
    endloop
  endfacet
  facet normal 0 1 0
    outer loop
      vertex 25.7385 -14.3 83.4604
      vertex 24.9635 -14.3 82.6379
      vertex 25.1534 -14.3 82.9814
    endloop
  endfacet
  facet normal 0 1 0
    outer loop
      vertex 24.4749 -14.3 82.0251
      vertex 26.4951 -14.3 83.8248
      vertex 26.8381 -14.3 84.0681
    endloop
  endfacet
  facet normal 0 1 0
    outer loop
      vertex 26.1271 -14.3 83.6214
      vertex 24.7364 -14.3 82.3178
      vertex 24.9635 -14.3 82.6379
    endloop
  endfacet
  facet normal 0 1 0
    outer loop
      vertex 26.4951 -14.3 83.8248
      vertex 24.4749 -14.3 82.0251
      vertex 24.7364 -14.3 82.3178
    endloop
  endfacet
  facet normal 0 1 0
    outer loop
      vertex 24.4749 -14.3 13.9749
      vertex 24.4749 -14.3 82.0251
      vertex 26.8381 -14.3 84.0681
    endloop
  endfacet
  facet normal -0 1 0
    outer loop
      vertex -23.2615 -14.3 32.5396
      vertex -20.844 -14.3 81.1964
      vertex -22.8729 -14.3 32.3786
    endloop
  endfacet
  facet normal 0 1 0
    outer loop
      vertex 22 -14.3 15
      vertex 22 -14.3 81
      vertex 22.3919 -14.3 81.022
    endloop
  endfacet
  facet normal 0 1 0
    outer loop
      vertex 22.3919 -14.3 14.978
      vertex 22.3919 -14.3 81.022
      vertex 22.7788 -14.3 81.0878
    endloop
  endfacet
  facet normal 0 1 0
    outer loop
      vertex 22.7788 -14.3 14.9122
      vertex 22.7788 -14.3 81.0878
      vertex 23.156 -14.3 81.1964
    endloop
  endfacet
  facet normal 0 1 0
    outer loop
      vertex 23.156 -14.3 14.8036
      vertex 23.156 -14.3 81.1964
      vertex 23.5186 -14.3 81.3466
    endloop
  endfacet
  facet normal 0 1 0
    outer loop
      vertex 23.5186 -14.3 14.6534
      vertex 23.5186 -14.3 81.3466
      vertex 23.8621 -14.3 81.5365
    endloop
  endfacet
  facet normal 0 1 0
    outer loop
      vertex 23.8621 -14.3 14.4635
      vertex 23.8621 -14.3 81.5365
      vertex 24.1822 -14.3 81.7636
    endloop
  endfacet
  facet normal 0 1 0
    outer loop
      vertex 24.4749 -14.3 82.0251
      vertex 24.4749 -14.3 13.9749
      vertex 24.1822 -14.3 81.7636
    endloop
  endfacet
  facet normal 0 1 0
    outer loop
      vertex 24.4749 -14.3 13.9749
      vertex 26.8381 -14.3 84.0681
      vertex 27.1516 -14.3 84.3484
    endloop
  endfacet
  facet normal 0 1 0
    outer loop
      vertex -22 -14.3 81
      vertex -24.0801 -14.3 32.7264
      vertex -24.5 -14.3 32.75
    endloop
  endfacet
  facet normal 0 1 0
    outer loop
      vertex -21.6081 -14.3 81.022
      vertex -24.0801 -14.3 32.7264
      vertex -22 -14.3 81
    endloop
  endfacet
  facet normal -0 1 0
    outer loop
      vertex -24.0801 -14.3 32.7264
      vertex -21.6081 -14.3 81.022
      vertex -23.6655 -14.3 32.656
    endloop
  endfacet
  facet normal 0 1 0
    outer loop
      vertex -21.2212 -14.3 81.0878
      vertex -23.6655 -14.3 32.656
      vertex -21.6081 -14.3 81.022
    endloop
  endfacet
  facet normal -0 1 0
    outer loop
      vertex -23.6655 -14.3 32.656
      vertex -21.2212 -14.3 81.0878
      vertex -23.2615 -14.3 32.5396
    endloop
  endfacet
  facet normal 0 1 0
    outer loop
      vertex -20.844 -14.3 81.1964
      vertex -23.2615 -14.3 32.5396
      vertex -21.2212 -14.3 81.0878
    endloop
  endfacet
  facet normal -0 1 0
    outer loop
      vertex -22.8729 -14.3 32.3786
      vertex -20.4814 -14.3 81.3466
      vertex -22.5049 -14.3 32.1752
    endloop
  endfacet
  facet normal 0 1 0
    outer loop
      vertex 20.1379 -14.3 81.5365
      vertex -21.5681 -14.3 31.3381
      vertex -21.8484 -14.3 31.6516
    endloop
  endfacet
  facet normal 0 1 0
    outer loop
      vertex 20.4814 -14.3 81.3466
      vertex -21.3248 -14.3 30.9951
      vertex -21.5681 -14.3 31.3381
    endloop
  endfacet
  facet normal 0 1 0
    outer loop
      vertex 21.2212 -14.3 14.9122
      vertex 21.2212 -14.3 81.0878
      vertex 21.6081 -14.3 14.978
    endloop
  endfacet
  facet normal 0 1 0
    outer loop
      vertex 21.2212 -14.3 81.0878
      vertex 21.2212 -14.3 14.9122
      vertex 20.844 -14.3 81.1964
    endloop
  endfacet
  facet normal 0 1 0
    outer loop
      vertex 24.7364 -14.3 13.6822
      vertex 27.1516 -14.3 84.3484
      vertex 27.4319 -14.3 84.6619
    endloop
  endfacet
  facet normal 0 1 0
    outer loop
      vertex 20.844 -14.3 14.8036
      vertex 20.844 -14.3 81.1964
      vertex 21.2212 -14.3 14.9122
    endloop
  endfacet
  facet normal 0 1 0
    outer loop
      vertex 20.844 -14.3 81.1964
      vertex 20.844 -14.3 14.8036
      vertex -21.3248 -14.3 30.9951
    endloop
  endfacet
  facet normal 0 1 0
    outer loop
      vertex -21.3248 -14.3 30.9951
      vertex 20.844 -14.3 14.8036
      vertex -21.1214 -14.3 30.6271
    endloop
  endfacet
  facet normal 0 1 -0
    outer loop
      vertex 20.4814 -14.3 14.6534
      vertex -21.1214 -14.3 30.6271
      vertex 20.844 -14.3 14.8036
    endloop
  endfacet
  facet normal 0 1 0
    outer loop
      vertex -21.1214 -14.3 30.6271
      vertex 20.4814 -14.3 14.6534
      vertex -20.9604 -14.3 30.2385
    endloop
  endfacet
  facet normal 0 1 -0
    outer loop
      vertex 20.1379 -14.3 14.4635
      vertex -20.9604 -14.3 30.2385
      vertex 20.4814 -14.3 14.6534
    endloop
  endfacet
  facet normal 0 1 0
    outer loop
      vertex -20.9604 -14.3 30.2385
      vertex 20.1379 -14.3 14.4635
      vertex -20.844 -14.3 29.8345
    endloop
  endfacet
  facet normal 0 1 -0
    outer loop
      vertex 19.8178 -14.3 14.2364
      vertex -20.844 -14.3 29.8345
      vertex 20.1379 -14.3 14.4635
    endloop
  endfacet
  facet normal 0 1 0
    outer loop
      vertex -20.9604 -14.3 27.7615
      vertex -22 -14.3 15
      vertex -21.1214 -14.3 27.3729
    endloop
  endfacet
  facet normal 0 1 -0
    outer loop
      vertex -22.3919 -14.3 14.978
      vertex -23.6655 -14.3 25.344
      vertex -22 -14.3 15
    endloop
  endfacet
  facet normal 0 1 0
    outer loop
      vertex -23.2615 -14.3 25.4604
      vertex -22 -14.3 15
      vertex -23.6655 -14.3 25.344
    endloop
  endfacet
  facet normal 0 1 0
    outer loop
      vertex -22.8729 -14.3 25.6214
      vertex -22 -14.3 15
      vertex -23.2615 -14.3 25.4604
    endloop
  endfacet
  facet normal 0 1 0
    outer loop
      vertex -22.5049 -14.3 25.8248
      vertex -22 -14.3 15
      vertex -22.8729 -14.3 25.6214
    endloop
  endfacet
  facet normal 0 1 0
    outer loop
      vertex -22.1619 -14.3 26.0681
      vertex -22 -14.3 15
      vertex -22.5049 -14.3 25.8248
    endloop
  endfacet
  facet normal 0 1 0
    outer loop
      vertex -21.8484 -14.3 26.3484
      vertex -22 -14.3 15
      vertex -22.1619 -14.3 26.0681
    endloop
  endfacet
  facet normal 0 1 0
    outer loop
      vertex -21.5681 -14.3 26.6619
      vertex -22 -14.3 15
      vertex -21.8484 -14.3 26.3484
    endloop
  endfacet
  facet normal 0 1 0
    outer loop
      vertex -21.3248 -14.3 27.0049
      vertex -22 -14.3 15
      vertex -21.5681 -14.3 26.6619
    endloop
  endfacet
  facet normal 0 1 0
    outer loop
      vertex -21.1214 -14.3 27.3729
      vertex -22 -14.3 15
      vertex -21.3248 -14.3 27.0049
    endloop
  endfacet
  facet normal 0 1 0
    outer loop
      vertex 31 -14.3 5.5
      vertex 27.4319 -14.3 84.6619
      vertex 27.6752 -14.3 85.0049
    endloop
  endfacet
  facet normal 0 1 0
    outer loop
      vertex 31 -14.3 5.5
      vertex 27.6752 -14.3 85.0049
      vertex 27.8786 -14.3 85.3729
    endloop
  endfacet
  facet normal 0 1 0
    outer loop
      vertex 31 -14.3 5.5
      vertex 27.8786 -14.3 85.3729
      vertex 28.0396 -14.3 85.7615
    endloop
  endfacet
  facet normal 0 1 0
    outer loop
      vertex 31 -14.3 5.5
      vertex 28.0396 -14.3 85.7615
      vertex 28.156 -14.3 86.1656
    endloop
  endfacet
  facet normal 0 1 0
    outer loop
      vertex 31 -14.3 5.5
      vertex 28.156 -14.3 86.1656
      vertex 28.2264 -14.3 86.5801
    endloop
  endfacet
  facet normal 0 1 -0
    outer loop
      vertex 31 -14.3 5.5
      vertex 28.2264 -14.3 86.5801
      vertex 31 -14.3 107.5
    endloop
  endfacet
  facet normal 0 1 0
    outer loop
      vertex 22.3919 -14.3 81.022
      vertex 22.3919 -14.3 14.978
      vertex 22 -14.3 15
    endloop
  endfacet
  facet normal 0 1 0
    outer loop
      vertex 22.7788 -14.3 81.0878
      vertex 22.7788 -14.3 14.9122
      vertex 22.3919 -14.3 14.978
    endloop
  endfacet
  facet normal 0 1 0
    outer loop
      vertex 23.156 -14.3 81.1964
      vertex 23.156 -14.3 14.8036
      vertex 22.7788 -14.3 14.9122
    endloop
  endfacet
  facet normal 0 1 0
    outer loop
      vertex 23.5186 -14.3 81.3466
      vertex 23.5186 -14.3 14.6534
      vertex 23.156 -14.3 14.8036
    endloop
  endfacet
  facet normal 0 1 0
    outer loop
      vertex 23.8621 -14.3 81.5365
      vertex 23.8621 -14.3 14.4635
      vertex 23.5186 -14.3 14.6534
    endloop
  endfacet
  facet normal 0 1 0
    outer loop
      vertex 24.1822 -14.3 81.7636
      vertex 24.1822 -14.3 14.2364
      vertex 23.8621 -14.3 14.4635
    endloop
  endfacet
  facet normal 0 1 0
    outer loop
      vertex 24.1822 -14.3 81.7636
      vertex 24.4749 -14.3 13.9749
      vertex 24.1822 -14.3 14.2364
    endloop
  endfacet
  facet normal 0 1 0
    outer loop
      vertex 27.1516 -14.3 84.3484
      vertex 24.7364 -14.3 13.6822
      vertex 24.4749 -14.3 13.9749
    endloop
  endfacet
  facet normal 0 1 0
    outer loop
      vertex 27.4319 -14.3 84.6619
      vertex 24.9635 -14.3 13.3621
      vertex 24.7364 -14.3 13.6822
    endloop
  endfacet
  facet normal 0 1 0
    outer loop
      vertex 27.4319 -14.3 84.6619
      vertex 31 -14.3 5.5
      vertex 24.9635 -14.3 13.3621
    endloop
  endfacet
  facet normal 0 1 0
    outer loop
      vertex 24.9635 -14.3 13.3621
      vertex 31 -14.3 5.5
      vertex 25.1534 -14.3 13.0186
    endloop
  endfacet
  facet normal 0 1 0
    outer loop
      vertex 25.1534 -14.3 13.0186
      vertex 31 -14.3 5.5
      vertex 25.3036 -14.3 12.656
    endloop
  endfacet
  facet normal 0 1 0
    outer loop
      vertex 25.3036 -14.3 12.656
      vertex 31 -14.3 5.5
      vertex 25.4122 -14.3 12.2788
    endloop
  endfacet
  facet normal 0 1 0
    outer loop
      vertex 25.4122 -14.3 12.2788
      vertex 31 -14.3 5.5
      vertex 25.478 -14.3 11.8919
    endloop
  endfacet
  facet normal 0 1 0
    outer loop
      vertex 25.478 -14.3 11.8919
      vertex 31 -14.3 5.5
      vertex 25.5 -14.3 11.5
    endloop
  endfacet
  facet normal 0 1 0
    outer loop
      vertex 22.3919 -14.3 8.02201
      vertex 28 -14.3 2.5
      vertex 22 -14.3 8
    endloop
  endfacet
  facet normal 0 1 0
    outer loop
      vertex 23.156 -14.3 8.19641
      vertex 28 -14.3 2.5
      vertex 22.7788 -14.3 8.08775
    endloop
  endfacet
  facet normal 0 1 0
    outer loop
      vertex 23.5186 -14.3 8.34661
      vertex 28 -14.3 2.5
      vertex 23.156 -14.3 8.19641
    endloop
  endfacet
  facet normal 0 1 0
    outer loop
      vertex 23.8621 -14.3 8.53646
      vertex 28 -14.3 2.5
      vertex 23.5186 -14.3 8.34661
    endloop
  endfacet
  facet normal 0 1 0
    outer loop
      vertex 24.1822 -14.3 8.76359
      vertex 28 -14.3 2.5
      vertex 23.8621 -14.3 8.53646
    endloop
  endfacet
  facet normal 0 1 0
    outer loop
      vertex 24.4749 -14.3 9.02513
      vertex 28 -14.3 2.5
      vertex 24.1822 -14.3 8.76359
    endloop
  endfacet
  facet normal 0 1 0
    outer loop
      vertex 28 -14.3 2.5
      vertex 31 -14.3 5.5
      vertex 30.9811 -14.3 5.16411
    endloop
  endfacet
  facet normal 0 1 -0
    outer loop
      vertex 28 -14.3 2.5
      vertex 24.4749 -14.3 9.02513
      vertex 31 -14.3 5.5
    endloop
  endfacet
  facet normal 0 1 0
    outer loop
      vertex 24.7364 -14.3 9.31779
      vertex 31 -14.3 5.5
      vertex 24.4749 -14.3 9.02513
    endloop
  endfacet
  facet normal 0 1 0
    outer loop
      vertex 24.9635 -14.3 9.63789
      vertex 31 -14.3 5.5
      vertex 24.7364 -14.3 9.31779
    endloop
  endfacet
  facet normal 0 1 0
    outer loop
      vertex 25.1534 -14.3 9.98141
      vertex 31 -14.3 5.5
      vertex 24.9635 -14.3 9.63789
    endloop
  endfacet
  facet normal 0 1 0
    outer loop
      vertex 25.3036 -14.3 10.344
      vertex 31 -14.3 5.5
      vertex 25.1534 -14.3 9.98141
    endloop
  endfacet
  facet normal 0 1 0
    outer loop
      vertex 25.4122 -14.3 10.7212
      vertex 31 -14.3 5.5
      vertex 25.3036 -14.3 10.344
    endloop
  endfacet
  facet normal 0 1 0
    outer loop
      vertex 25.478 -14.3 11.1081
      vertex 31 -14.3 5.5
      vertex 25.4122 -14.3 10.7212
    endloop
  endfacet
  facet normal 0 1 0
    outer loop
      vertex 25.5 -14.3 11.5
      vertex 31 -14.3 5.5
      vertex 25.478 -14.3 11.1081
    endloop
  endfacet
  facet normal 0 1 0
    outer loop
      vertex 31 -14.3 107.5
      vertex 28 -14.3 110.5
      vertex 28.3359 -14.3 110.481
    endloop
  endfacet
  facet normal 0 1 0
    outer loop
      vertex 28 -14.3 110.5
      vertex 19 -14.3 110
      vertex -28 -14.3 110.5
    endloop
  endfacet
  facet normal 0 1 0
    outer loop
      vertex 31 -14.3 107.5
      vertex 28.3359 -14.3 110.481
      vertex 28.6676 -14.3 110.425
    endloop
  endfacet
  facet normal 0 1 -0
    outer loop
      vertex -19 -14.3 110
      vertex -28 -14.3 110.5
      vertex 19 -14.3 110
    endloop
  endfacet
  facet normal 0 1 0
    outer loop
      vertex 31 -14.3 107.5
      vertex 28.6676 -14.3 110.425
      vertex 28.9908 -14.3 110.332
    endloop
  endfacet
  facet normal 0 1 -0
    outer loop
      vertex -23.0013 -14.3 103.387
      vertex -28 -14.3 110.5
      vertex -19 -14.3 110
    endloop
  endfacet
  facet normal 0 1 0
    outer loop
      vertex 31 -14.3 107.5
      vertex 28.9908 -14.3 110.332
      vertex 29.3017 -14.3 110.203
    endloop
  endfacet
  facet normal 0 1 -0
    outer loop
      vertex -23.4863 -14.3 103.247
      vertex -28 -14.3 110.5
      vertex -23.0013 -14.3 103.387
    endloop
  endfacet
  facet normal 0 1 0
    outer loop
      vertex 31 -14.3 107.5
      vertex 29.3017 -14.3 110.203
      vertex 29.5961 -14.3 110.04
    endloop
  endfacet
  facet normal 0 1 -0
    outer loop
      vertex -23.9525 -14.3 103.054
      vertex -28 -14.3 110.5
      vertex -23.4863 -14.3 103.247
    endloop
  endfacet
  facet normal 0 1 -0
    outer loop
      vertex -24.3941 -14.3 102.81
      vertex -28 -14.3 110.5
      vertex -23.9525 -14.3 103.054
    endloop
  endfacet
  facet normal 0 1 0
    outer loop
      vertex 31 -14.3 107.5
      vertex 29.5961 -14.3 110.04
      vertex 29.8705 -14.3 109.845
    endloop
  endfacet
  facet normal 0 1 0
    outer loop
      vertex 31 -14.3 107.5
      vertex 29.8705 -14.3 109.845
      vertex 30.1213 -14.3 109.621
    endloop
  endfacet
  facet normal 0 1 0
    outer loop
      vertex 31 -14.3 107.5
      vertex 30.1213 -14.3 109.621
      vertex 30.3455 -14.3 109.37
    endloop
  endfacet
  facet normal 0 1 0
    outer loop
      vertex 31 -14.3 107.5
      vertex 30.3455 -14.3 109.37
      vertex 30.5402 -14.3 109.096
    endloop
  endfacet
  facet normal 0 1 0
    outer loop
      vertex 31 -14.3 107.5
      vertex 30.5402 -14.3 109.096
      vertex 30.7029 -14.3 108.802
    endloop
  endfacet
  facet normal 0 1 0
    outer loop
      vertex 31 -14.3 107.5
      vertex 30.7029 -14.3 108.802
      vertex 30.8316 -14.3 108.491
    endloop
  endfacet
  facet normal 0 1 0
    outer loop
      vertex 31 -14.3 107.5
      vertex 30.8316 -14.3 108.491
      vertex 30.9248 -14.3 108.168
    endloop
  endfacet
  facet normal 0 1 0
    outer loop
      vertex 31 -14.3 107.5
      vertex 30.9248 -14.3 108.168
      vertex 30.9811 -14.3 107.836
    endloop
  endfacet
  facet normal 0 1 0
    outer loop
      vertex 24.3941 -14.3 102.81
      vertex 28 -14.3 110.5
      vertex 31 -14.3 107.5
    endloop
  endfacet
  facet normal 0 1 -0
    outer loop
      vertex 22.5038 -14.3 103.472
      vertex 19 -14.3 110
      vertex 28 -14.3 110.5
    endloop
  endfacet
  facet normal 0 1 -0
    outer loop
      vertex 21.4962 -14.3 103.472
      vertex 19 -14.3 110
      vertex 22 -14.3 103.5
    endloop
  endfacet
  facet normal 0 1 -0
    outer loop
      vertex 20.9987 -14.3 103.387
      vertex 19 -14.3 110
      vertex 21.4962 -14.3 103.472
    endloop
  endfacet
  facet normal 0 1 -0
    outer loop
      vertex 20.5137 -14.3 103.247
      vertex 19 -14.3 110
      vertex 20.9987 -14.3 103.387
    endloop
  endfacet
  facet normal 0 1 -0
    outer loop
      vertex 20.0475 -14.3 103.054
      vertex 19 -14.3 110
      vertex 20.5137 -14.3 103.247
    endloop
  endfacet
  facet normal 0 1 -0
    outer loop
      vertex 19.6059 -14.3 102.81
      vertex 19 -14.3 110
      vertex 20.0475 -14.3 103.054
    endloop
  endfacet
  facet normal 0 1 -0
    outer loop
      vertex 19.1943 -14.3 102.518
      vertex 19 -14.3 110
      vertex 19.6059 -14.3 102.81
    endloop
  endfacet
  facet normal 0 1 0
    outer loop
      vertex 19 -14.3 110
      vertex 19.1943 -14.3 102.518
      vertex 19 -14.3 102.345
    endloop
  endfacet
  facet normal -0 1 0
    outer loop
      vertex -31 -14.3 107.5
      vertex -28 -14.3 110.5
      vertex -24.3941 -14.3 102.81
    endloop
  endfacet
  facet normal 0 1 0
    outer loop
      vertex -28 -14.3 110.5
      vertex -31 -14.3 107.5
      vertex -28.3359 -14.3 110.481
    endloop
  endfacet
  facet normal 0 1 0
    outer loop
      vertex -28.3359 -14.3 110.481
      vertex -31 -14.3 107.5
      vertex -28.6676 -14.3 110.425
    endloop
  endfacet
  facet normal 0 1 0
    outer loop
      vertex -28.6676 -14.3 110.425
      vertex -31 -14.3 107.5
      vertex -28.9908 -14.3 110.332
    endloop
  endfacet
  facet normal 0 1 0
    outer loop
      vertex -28.9908 -14.3 110.332
      vertex -31 -14.3 107.5
      vertex -29.3017 -14.3 110.203
    endloop
  endfacet
  facet normal 0 1 0
    outer loop
      vertex -29.3017 -14.3 110.203
      vertex -31 -14.3 107.5
      vertex -29.5961 -14.3 110.04
    endloop
  endfacet
  facet normal 0 1 0
    outer loop
      vertex -29.5961 -14.3 110.04
      vertex -31 -14.3 107.5
      vertex -29.8705 -14.3 109.845
    endloop
  endfacet
  facet normal 0 1 0
    outer loop
      vertex -30.3455 -14.3 109.37
      vertex -31 -14.3 107.5
      vertex -30.5402 -14.3 109.096
    endloop
  endfacet
  facet normal 0 1 0
    outer loop
      vertex -30.5402 -14.3 109.096
      vertex -31 -14.3 107.5
      vertex -30.7029 -14.3 108.802
    endloop
  endfacet
  facet normal 0 1 0
    outer loop
      vertex -30.7029 -14.3 108.802
      vertex -31 -14.3 107.5
      vertex -30.8316 -14.3 108.491
    endloop
  endfacet
  facet normal 0 1 0
    outer loop
      vertex -22.5038 -14.3 103.472
      vertex -19 -14.3 110
      vertex -22 -14.3 103.5
    endloop
  endfacet
  facet normal 0 1 0
    outer loop
      vertex -19 -14.3 110
      vertex -21.4962 -14.3 103.472
      vertex -22 -14.3 103.5
    endloop
  endfacet
  facet normal 0 1 0
    outer loop
      vertex -19 -14.3 110
      vertex -20.9987 -14.3 103.387
      vertex -21.4962 -14.3 103.472
    endloop
  endfacet
  facet normal 0 1 0
    outer loop
      vertex -19 -14.3 110
      vertex -20.5137 -14.3 103.247
      vertex -20.9987 -14.3 103.387
    endloop
  endfacet
  facet normal 0 1 0
    outer loop
      vertex -19 -14.3 110
      vertex -20.0475 -14.3 103.054
      vertex -20.5137 -14.3 103.247
    endloop
  endfacet
  facet normal 0 1 0
    outer loop
      vertex -19 -14.3 110
      vertex -19.6059 -14.3 102.81
      vertex -20.0475 -14.3 103.054
    endloop
  endfacet
  facet normal 0 1 0
    outer loop
      vertex -19 -14.3 110
      vertex -19.1943 -14.3 102.518
      vertex -19.6059 -14.3 102.81
    endloop
  endfacet
  facet normal -0 1 0
    outer loop
      vertex -19.1943 -14.3 102.518
      vertex -19 -14.3 110
      vertex -19 -14.3 102.345
    endloop
  endfacet
  facet normal 0 1 0
    outer loop
      vertex -23.0013 -14.3 103.387
      vertex -19 -14.3 110
      vertex -22.5038 -14.3 103.472
    endloop
  endfacet
  facet normal 0 1 0
    outer loop
      vertex -30.1213 -14.3 109.621
      vertex -31 -14.3 107.5
      vertex -30.3455 -14.3 109.37
    endloop
  endfacet
  facet normal 0 1 0
    outer loop
      vertex -30.8316 -14.3 108.491
      vertex -31 -14.3 107.5
      vertex -30.9248 -14.3 108.168
    endloop
  endfacet
  facet normal 0 1 0
    outer loop
      vertex -30.9248 -14.3 108.168
      vertex -31 -14.3 107.5
      vertex -30.9811 -14.3 107.836
    endloop
  endfacet
  facet normal 0 1 0
    outer loop
      vertex -29.8705 -14.3 109.845
      vertex -31 -14.3 107.5
      vertex -30.1213 -14.3 109.621
    endloop
  endfacet
  facet normal 0 1 -0
    outer loop
      vertex -24.8057 -14.3 102.518
      vertex -31 -14.3 107.5
      vertex -24.3941 -14.3 102.81
    endloop
  endfacet
  facet normal 0 1 -0
    outer loop
      vertex -25.182 -14.3 102.182
      vertex -31 -14.3 107.5
      vertex -24.8057 -14.3 102.518
    endloop
  endfacet
  facet normal 0 1 -0
    outer loop
      vertex -25.5182 -14.3 101.806
      vertex -31 -14.3 107.5
      vertex -25.182 -14.3 102.182
    endloop
  endfacet
  facet normal 0 1 -0
    outer loop
      vertex -25.8103 -14.3 101.394
      vertex -31 -14.3 107.5
      vertex -25.5182 -14.3 101.806
    endloop
  endfacet
  facet normal 0 1 -0
    outer loop
      vertex -26.0544 -14.3 100.952
      vertex -31 -14.3 107.5
      vertex -25.8103 -14.3 101.394
    endloop
  endfacet
  facet normal 0 1 -0
    outer loop
      vertex -26.2475 -14.3 100.486
      vertex -31 -14.3 107.5
      vertex -26.0544 -14.3 100.952
    endloop
  endfacet
  facet normal 0 1 -0
    outer loop
      vertex -26.3872 -14.3 100.001
      vertex -31 -14.3 107.5
      vertex -26.2475 -14.3 100.486
    endloop
  endfacet
  facet normal 0 1 -0
    outer loop
      vertex -26.4717 -14.3 99.5038
      vertex -31 -14.3 107.5
      vertex -26.3872 -14.3 100.001
    endloop
  endfacet
  facet normal 0 1 -0
    outer loop
      vertex -26.5 -14.3 99
      vertex -31 -14.3 107.5
      vertex -26.4717 -14.3 99.5038
    endloop
  endfacet
  facet normal 0 1 0
    outer loop
      vertex -26.4717 -14.3 98.4962
      vertex -31 -14.3 107.5
      vertex -26.5 -14.3 99
    endloop
  endfacet
  facet normal 0 1 0
    outer loop
      vertex -26.3872 -14.3 97.9987
      vertex -31 -14.3 107.5
      vertex -26.4717 -14.3 98.4962
    endloop
  endfacet
  facet normal 0 1 0
    outer loop
      vertex -26.2475 -14.3 97.5137
      vertex -31 -14.3 107.5
      vertex -26.3872 -14.3 97.9987
    endloop
  endfacet
  facet normal 0 1 0
    outer loop
      vertex -25.4122 -14.3 85.2788
      vertex -26.2475 -14.3 97.5137
      vertex -26.0544 -14.3 97.0475
    endloop
  endfacet
  facet normal 0 1 0
    outer loop
      vertex -22 -14.3 88
      vertex -22 -14.3 94.5
      vertex -19 -14.3 91
    endloop
  endfacet
  facet normal 0 1 0
    outer loop
      vertex -22.3919 -14.3 87.978
      vertex -22 -14.3 94.5
      vertex -22 -14.3 88
    endloop
  endfacet
  facet normal 0 1 0
    outer loop
      vertex -22 -14.3 94.5
      vertex -22.3919 -14.3 87.978
      vertex -22.5038 -14.3 94.5283
    endloop
  endfacet
  facet normal 0 1 0
    outer loop
      vertex -22.5038 -14.3 94.5283
      vertex -22.7788 -14.3 87.9122
      vertex -23.0013 -14.3 94.6128
    endloop
  endfacet
  facet normal 0 1 0
    outer loop
      vertex -23.156 -14.3 87.8036
      vertex -23.0013 -14.3 94.6128
      vertex -22.7788 -14.3 87.9122
    endloop
  endfacet
  facet normal 0 1 0
    outer loop
      vertex -23.0013 -14.3 94.6128
      vertex -23.156 -14.3 87.8036
      vertex -23.4863 -14.3 94.7525
    endloop
  endfacet
  facet normal 0 1 0
    outer loop
      vertex 22.5038 -14.3 94.5283
      vertex 23.6655 -14.3 90.656
      vertex 23.2615 -14.3 90.5396
    endloop
  endfacet
  facet normal 0 1 0
    outer loop
      vertex 22 -14.3 94.5
      vertex 23.2615 -14.3 90.5396
      vertex 22.8729 -14.3 90.3786
    endloop
  endfacet
  facet normal 0 1 0
    outer loop
      vertex 22 -14.3 94.5
      vertex 22.8729 -14.3 90.3786
      vertex 22.5049 -14.3 90.1752
    endloop
  endfacet
  facet normal 0 1 0
    outer loop
      vertex 22 -14.3 94.5
      vertex 22.5049 -14.3 90.1752
      vertex 19 -14.3 91
    endloop
  endfacet
  facet normal 0 1 -0
    outer loop
      vertex 22.1619 -14.3 89.9319
      vertex 19 -14.3 91
      vertex 22.5049 -14.3 90.1752
    endloop
  endfacet
  facet normal 0 1 -0
    outer loop
      vertex 21.8484 -14.3 89.6516
      vertex 19 -14.3 91
      vertex 22.1619 -14.3 89.9319
    endloop
  endfacet
  facet normal 0 1 -0
    outer loop
      vertex 21.5681 -14.3 89.3381
      vertex 19 -14.3 91
      vertex 21.8484 -14.3 89.6516
    endloop
  endfacet
  facet normal 0 1 -0
    outer loop
      vertex 21.3248 -14.3 88.9951
      vertex 19 -14.3 91
      vertex 21.5681 -14.3 89.3381
    endloop
  endfacet
  facet normal 0 1 -0
    outer loop
      vertex 21.1214 -14.3 88.6271
      vertex 19 -14.3 91
      vertex 21.3248 -14.3 88.9951
    endloop
  endfacet
  facet normal 0 1 -0
    outer loop
      vertex 20.9604 -14.3 88.2385
      vertex 19 -14.3 91
      vertex 21.1214 -14.3 88.6271
    endloop
  endfacet
  facet normal 0 1 -0
    outer loop
      vertex 19.8178 -14.3 87.2364
      vertex 19 -14.3 91
      vertex 20.9604 -14.3 88.2385
    endloop
  endfacet
  facet normal 0 1 -0
    outer loop
      vertex 19.5251 -14.3 86.9749
      vertex 19 -14.3 91
      vertex 19.8178 -14.3 87.2364
    endloop
  endfacet
  facet normal 0 1 0
    outer loop
      vertex -22.7788 -14.3 87.9122
      vertex -22.5038 -14.3 94.5283
      vertex -22.3919 -14.3 87.978
    endloop
  endfacet
  facet normal 0 1 0
    outer loop
      vertex -23.5186 -14.3 87.6534
      vertex -23.4863 -14.3 94.7525
      vertex -23.156 -14.3 87.8036
    endloop
  endfacet
  facet normal 0 1 0
    outer loop
      vertex -23.4863 -14.3 94.7525
      vertex -23.5186 -14.3 87.6534
      vertex -23.9525 -14.3 94.9456
    endloop
  endfacet
  facet normal 0 1 -0
    outer loop
      vertex -23.8621 -14.3 87.4635
      vertex -23.9525 -14.3 94.9456
      vertex -23.5186 -14.3 87.6534
    endloop
  endfacet
  facet normal 0 1 0
    outer loop
      vertex -23.9525 -14.3 94.9456
      vertex -23.8621 -14.3 87.4635
      vertex -24.3941 -14.3 95.1897
    endloop
  endfacet
  facet normal 0 1 -0
    outer loop
      vertex -24.1822 -14.3 87.2364
      vertex -24.3941 -14.3 95.1897
      vertex -23.8621 -14.3 87.4635
    endloop
  endfacet
  facet normal 0 1 0
    outer loop
      vertex -24.3941 -14.3 95.1897
      vertex -24.1822 -14.3 87.2364
      vertex -24.8057 -14.3 95.4818
    endloop
  endfacet
  facet normal 0 1 -0
    outer loop
      vertex -24.4749 -14.3 86.9749
      vertex -24.8057 -14.3 95.4818
      vertex -24.1822 -14.3 87.2364
    endloop
  endfacet
  facet normal 0 1 0
    outer loop
      vertex -24.8057 -14.3 95.4818
      vertex -24.4749 -14.3 86.9749
      vertex -25.182 -14.3 95.818
    endloop
  endfacet
  facet normal 0 1 -0
    outer loop
      vertex -24.7364 -14.3 86.6822
      vertex -25.182 -14.3 95.818
      vertex -24.4749 -14.3 86.9749
    endloop
  endfacet
  facet normal 0 1 0
    outer loop
      vertex -25.182 -14.3 95.818
      vertex -24.7364 -14.3 86.6822
      vertex -25.5182 -14.3 96.1943
    endloop
  endfacet
  facet normal 0 1 -0
    outer loop
      vertex -24.9635 -14.3 86.3621
      vertex -25.5182 -14.3 96.1943
      vertex -24.7364 -14.3 86.6822
    endloop
  endfacet
  facet normal 0 1 0
    outer loop
      vertex -25.5182 -14.3 96.1943
      vertex -24.9635 -14.3 86.3621
      vertex -25.8103 -14.3 96.6059
    endloop
  endfacet
  facet normal 0 1 -0
    outer loop
      vertex -25.1534 -14.3 86.0186
      vertex -25.8103 -14.3 96.6059
      vertex -24.9635 -14.3 86.3621
    endloop
  endfacet
  facet normal 0 1 -0
    outer loop
      vertex -25.3036 -14.3 85.656
      vertex -25.8103 -14.3 96.6059
      vertex -25.1534 -14.3 86.0186
    endloop
  endfacet
  facet normal 0 1 0
    outer loop
      vertex -25.8103 -14.3 96.6059
      vertex -25.3036 -14.3 85.656
      vertex -26.0544 -14.3 97.0475
    endloop
  endfacet
  facet normal 0 1 -0
    outer loop
      vertex -25.4122 -14.3 85.2788
      vertex -26.0544 -14.3 97.0475
      vertex -25.3036 -14.3 85.656
    endloop
  endfacet
  facet normal 0 1 0
    outer loop
      vertex -26.2475 -14.3 97.5137
      vertex -25.4122 -14.3 85.2788
      vertex -25.478 -14.3 84.8919
    endloop
  endfacet
  facet normal 0 1 0
    outer loop
      vertex -26.2475 -14.3 97.5137
      vertex -25.478 -14.3 84.8919
      vertex -31 -14.3 107.5
    endloop
  endfacet
  facet normal 0 1 -0
    outer loop
      vertex -25.5 -14.3 84.5
      vertex -31 -14.3 107.5
      vertex -25.478 -14.3 84.8919
    endloop
  endfacet
  facet normal 0 1 0
    outer loop
      vertex -25.478 -14.3 84.1081
      vertex -31 -14.3 107.5
      vertex -25.5 -14.3 84.5
    endloop
  endfacet
  facet normal 0 1 0
    outer loop
      vertex -28.156 -14.3 29.8345
      vertex -25.478 -14.3 84.1081
      vertex -25.4122 -14.3 83.7212
    endloop
  endfacet
  facet normal 0 1 0
    outer loop
      vertex -24.5 -14.3 32.75
      vertex -22.3919 -14.3 81.022
      vertex -22 -14.3 81
    endloop
  endfacet
  facet normal 0 1 0
    outer loop
      vertex -24.9199 -14.3 32.7264
      vertex -22.3919 -14.3 81.022
      vertex -24.5 -14.3 32.75
    endloop
  endfacet
  facet normal 0 1 0
    outer loop
      vertex -22.3919 -14.3 81.022
      vertex -24.9199 -14.3 32.7264
      vertex -22.7788 -14.3 81.0878
    endloop
  endfacet
  facet normal 0 1 0
    outer loop
      vertex -25.3345 -14.3 32.656
      vertex -22.7788 -14.3 81.0878
      vertex -24.9199 -14.3 32.7264
    endloop
  endfacet
  facet normal 0 1 0
    outer loop
      vertex -22.7788 -14.3 81.0878
      vertex -25.3345 -14.3 32.656
      vertex -23.156 -14.3 81.1964
    endloop
  endfacet
  facet normal 0 1 0
    outer loop
      vertex -25.7385 -14.3 32.5396
      vertex -23.156 -14.3 81.1964
      vertex -25.3345 -14.3 32.656
    endloop
  endfacet
  facet normal 0 1 0
    outer loop
      vertex -23.156 -14.3 81.1964
      vertex -25.7385 -14.3 32.5396
      vertex -23.5186 -14.3 81.3466
    endloop
  endfacet
  facet normal 0 1 0
    outer loop
      vertex -26.1271 -14.3 32.3786
      vertex -23.5186 -14.3 81.3466
      vertex -25.7385 -14.3 32.5396
    endloop
  endfacet
  facet normal 0 1 0
    outer loop
      vertex -23.5186 -14.3 81.3466
      vertex -26.1271 -14.3 32.3786
      vertex -23.8621 -14.3 81.5365
    endloop
  endfacet
  facet normal 0 1 0
    outer loop
      vertex -26.4951 -14.3 32.1752
      vertex -23.8621 -14.3 81.5365
      vertex -26.1271 -14.3 32.3786
    endloop
  endfacet
  facet normal 0 1 0
    outer loop
      vertex -23.8621 -14.3 81.5365
      vertex -26.4951 -14.3 32.1752
      vertex -24.1822 -14.3 81.7636
    endloop
  endfacet
  facet normal 0 1 0
    outer loop
      vertex -26.8381 -14.3 31.9319
      vertex -24.1822 -14.3 81.7636
      vertex -26.4951 -14.3 32.1752
    endloop
  endfacet
  facet normal 0 1 0
    outer loop
      vertex -24.1822 -14.3 81.7636
      vertex -26.8381 -14.3 31.9319
      vertex -24.4749 -14.3 82.0251
    endloop
  endfacet
  facet normal 0 1 0
    outer loop
      vertex -27.1516 -14.3 31.6516
      vertex -24.4749 -14.3 82.0251
      vertex -26.8381 -14.3 31.9319
    endloop
  endfacet
  facet normal 0 1 0
    outer loop
      vertex -24.4749 -14.3 82.0251
      vertex -27.1516 -14.3 31.6516
      vertex -24.7364 -14.3 82.3178
    endloop
  endfacet
  facet normal 0 1 0
    outer loop
      vertex -27.4319 -14.3 31.3381
      vertex -24.7364 -14.3 82.3178
      vertex -27.1516 -14.3 31.6516
    endloop
  endfacet
  facet normal 0 1 0
    outer loop
      vertex -24.7364 -14.3 82.3178
      vertex -27.4319 -14.3 31.3381
      vertex -24.9635 -14.3 82.6379
    endloop
  endfacet
  facet normal 0 1 0
    outer loop
      vertex -27.6752 -14.3 30.9951
      vertex -24.9635 -14.3 82.6379
      vertex -27.4319 -14.3 31.3381
    endloop
  endfacet
  facet normal 0 1 0
    outer loop
      vertex -24.9635 -14.3 82.6379
      vertex -27.6752 -14.3 30.9951
      vertex -25.1534 -14.3 82.9814
    endloop
  endfacet
  facet normal 0 1 0
    outer loop
      vertex -27.8786 -14.3 30.6271
      vertex -25.1534 -14.3 82.9814
      vertex -27.6752 -14.3 30.9951
    endloop
  endfacet
  facet normal 0 1 0
    outer loop
      vertex -25.1534 -14.3 82.9814
      vertex -27.8786 -14.3 30.6271
      vertex -25.3036 -14.3 83.344
    endloop
  endfacet
  facet normal 0 1 0
    outer loop
      vertex -28.0396 -14.3 30.2385
      vertex -25.3036 -14.3 83.344
      vertex -27.8786 -14.3 30.6271
    endloop
  endfacet
  facet normal 0 1 0
    outer loop
      vertex -25.3036 -14.3 83.344
      vertex -28.0396 -14.3 30.2385
      vertex -25.4122 -14.3 83.7212
    endloop
  endfacet
  facet normal 0 1 0
    outer loop
      vertex -28.156 -14.3 29.8345
      vertex -25.4122 -14.3 83.7212
      vertex -28.0396 -14.3 30.2385
    endloop
  endfacet
  facet normal 0 1 0
    outer loop
      vertex -25.478 -14.3 84.1081
      vertex -28.156 -14.3 29.8345
      vertex -31 -14.3 107.5
    endloop
  endfacet
  facet normal 0 1 -0
    outer loop
      vertex -28.2264 -14.3 29.4199
      vertex -31 -14.3 107.5
      vertex -28.156 -14.3 29.8345
    endloop
  endfacet
  facet normal 0 1 0
    outer loop
      vertex -31 -14.3 5.5
      vertex -28.2264 -14.3 29.4199
      vertex -28.25 -14.3 29
    endloop
  endfacet
  facet normal 0 1 0
    outer loop
      vertex -23.6655 -14.3 25.344
      vertex -22.3919 -14.3 14.978
      vertex -24.0801 -14.3 25.2736
    endloop
  endfacet
  facet normal 0 1 -0
    outer loop
      vertex -22.7788 -14.3 14.9122
      vertex -24.0801 -14.3 25.2736
      vertex -22.3919 -14.3 14.978
    endloop
  endfacet
  facet normal 0 1 0
    outer loop
      vertex -24.0801 -14.3 25.2736
      vertex -22.7788 -14.3 14.9122
      vertex -24.5 -14.3 25.25
    endloop
  endfacet
  facet normal 0 1 -0
    outer loop
      vertex -23.156 -14.3 14.8036
      vertex -24.5 -14.3 25.25
      vertex -22.7788 -14.3 14.9122
    endloop
  endfacet
  facet normal 0 1 0
    outer loop
      vertex -24.5 -14.3 25.25
      vertex -23.156 -14.3 14.8036
      vertex -24.9199 -14.3 25.2736
    endloop
  endfacet
  facet normal 0 1 -0
    outer loop
      vertex -23.5186 -14.3 14.6534
      vertex -24.9199 -14.3 25.2736
      vertex -23.156 -14.3 14.8036
    endloop
  endfacet
  facet normal 0 1 0
    outer loop
      vertex -24.9199 -14.3 25.2736
      vertex -23.5186 -14.3 14.6534
      vertex -25.3345 -14.3 25.344
    endloop
  endfacet
  facet normal 0 1 -0
    outer loop
      vertex -23.8621 -14.3 14.4635
      vertex -25.3345 -14.3 25.344
      vertex -23.5186 -14.3 14.6534
    endloop
  endfacet
  facet normal 0 1 0
    outer loop
      vertex -25.3345 -14.3 25.344
      vertex -23.8621 -14.3 14.4635
      vertex -25.7385 -14.3 25.4604
    endloop
  endfacet
  facet normal 0 1 -0
    outer loop
      vertex -24.1822 -14.3 14.2364
      vertex -25.7385 -14.3 25.4604
      vertex -23.8621 -14.3 14.4635
    endloop
  endfacet
  facet normal 0 1 0
    outer loop
      vertex -25.7385 -14.3 25.4604
      vertex -24.1822 -14.3 14.2364
      vertex -26.1271 -14.3 25.6214
    endloop
  endfacet
  facet normal 0 1 -0
    outer loop
      vertex -24.4749 -14.3 13.9749
      vertex -26.1271 -14.3 25.6214
      vertex -24.1822 -14.3 14.2364
    endloop
  endfacet
  facet normal 0 1 0
    outer loop
      vertex -26.1271 -14.3 25.6214
      vertex -24.4749 -14.3 13.9749
      vertex -26.4951 -14.3 25.8248
    endloop
  endfacet
  facet normal 0 1 -0
    outer loop
      vertex -24.7364 -14.3 13.6822
      vertex -26.4951 -14.3 25.8248
      vertex -24.4749 -14.3 13.9749
    endloop
  endfacet
  facet normal 0 1 0
    outer loop
      vertex -26.4951 -14.3 25.8248
      vertex -24.7364 -14.3 13.6822
      vertex -26.8381 -14.3 26.0681
    endloop
  endfacet
  facet normal 0 1 -0
    outer loop
      vertex -24.9635 -14.3 13.3621
      vertex -26.8381 -14.3 26.0681
      vertex -24.7364 -14.3 13.6822
    endloop
  endfacet
  facet normal 0 1 0
    outer loop
      vertex -26.8381 -14.3 26.0681
      vertex -24.9635 -14.3 13.3621
      vertex -27.1516 -14.3 26.3484
    endloop
  endfacet
  facet normal 0 1 -0
    outer loop
      vertex -25.1534 -14.3 13.0186
      vertex -27.1516 -14.3 26.3484
      vertex -24.9635 -14.3 13.3621
    endloop
  endfacet
  facet normal 0 1 0
    outer loop
      vertex -27.1516 -14.3 26.3484
      vertex -25.1534 -14.3 13.0186
      vertex -27.4319 -14.3 26.6619
    endloop
  endfacet
  facet normal 0 1 -0
    outer loop
      vertex -25.3036 -14.3 12.656
      vertex -27.4319 -14.3 26.6619
      vertex -25.1534 -14.3 13.0186
    endloop
  endfacet
  facet normal 0 1 0
    outer loop
      vertex -31 -14.3 5.5
      vertex -27.4319 -14.3 26.6619
      vertex -25.3036 -14.3 12.656
    endloop
  endfacet
  facet normal 0 1 0
    outer loop
      vertex -27.4319 -14.3 26.6619
      vertex -31 -14.3 5.5
      vertex -27.6752 -14.3 27.0049
    endloop
  endfacet
  facet normal 0 1 0
    outer loop
      vertex -27.6752 -14.3 27.0049
      vertex -31 -14.3 5.5
      vertex -27.8786 -14.3 27.3729
    endloop
  endfacet
  facet normal 0 1 0
    outer loop
      vertex -27.8786 -14.3 27.3729
      vertex -31 -14.3 5.5
      vertex -28.0396 -14.3 27.7615
    endloop
  endfacet
  facet normal 0 1 0
    outer loop
      vertex -31 -14.3 5.5
      vertex -25.3036 -14.3 12.656
      vertex -25.4122 -14.3 12.2788
    endloop
  endfacet
  facet normal 0 1 0
    outer loop
      vertex -31 -14.3 5.5
      vertex -25.4122 -14.3 12.2788
      vertex -25.478 -14.3 11.8919
    endloop
  endfacet
  facet normal 0 1 0
    outer loop
      vertex -28.0396 -14.3 27.7615
      vertex -31 -14.3 5.5
      vertex -28.156 -14.3 28.1655
    endloop
  endfacet
  facet normal 0 1 0
    outer loop
      vertex -31 -14.3 5.5
      vertex -25.478 -14.3 11.8919
      vertex -25.5 -14.3 11.5
    endloop
  endfacet
  facet normal 0 1 0
    outer loop
      vertex -31 -14.3 5.5
      vertex -25.5 -14.3 11.5
      vertex -25.478 -14.3 11.1081
    endloop
  endfacet
  facet normal 0 1 0
    outer loop
      vertex 18.6964 -14.3 12.656
      vertex 9.1 -14.3 5.5
      vertex 6.1 -14.3 5.5
    endloop
  endfacet
  facet normal 0 1 0
    outer loop
      vertex -20.4814 -14.3 8.34661
      vertex -11.55 -14.3 2.5
      vertex -20.844 -14.3 8.19641
    endloop
  endfacet
  facet normal 0 1 0
    outer loop
      vertex -20.844 -14.3 8.19641
      vertex -11.55 -14.3 2.5
      vertex -21.2212 -14.3 8.08775
    endloop
  endfacet
  facet normal 0 1 0
    outer loop
      vertex -28 -14.3 2.5
      vertex -21.2212 -14.3 8.08775
      vertex -11.55 -14.3 2.5
    endloop
  endfacet
  facet normal 0 1 0
    outer loop
      vertex -21.2212 -14.3 8.08775
      vertex -28 -14.3 2.5
      vertex -21.6081 -14.3 8.02201
    endloop
  endfacet
  facet normal 0 1 0
    outer loop
      vertex -21.6081 -14.3 8.02201
      vertex -28 -14.3 2.5
      vertex -22 -14.3 8
    endloop
  endfacet
  facet normal 0 1 0
    outer loop
      vertex -28.2264 -14.3 29.4199
      vertex -31 -14.3 5.5
      vertex -31 -14.3 107.5
    endloop
  endfacet
  facet normal 0 1 0
    outer loop
      vertex -28.2264 -14.3 28.5801
      vertex -31 -14.3 5.5
      vertex -28.25 -14.3 29
    endloop
  endfacet
  facet normal 0 1 0
    outer loop
      vertex -28.156 -14.3 28.1655
      vertex -31 -14.3 5.5
      vertex -28.2264 -14.3 28.5801
    endloop
  endfacet
  facet normal 0 1 0
    outer loop
      vertex -25.4122 -14.3 10.7212
      vertex -31 -14.3 5.5
      vertex -25.478 -14.3 11.1081
    endloop
  endfacet
  facet normal 0 1 0
    outer loop
      vertex -25.3036 -14.3 10.344
      vertex -31 -14.3 5.5
      vertex -25.4122 -14.3 10.7212
    endloop
  endfacet
  facet normal 0 1 0
    outer loop
      vertex -25.1534 -14.3 9.98141
      vertex -31 -14.3 5.5
      vertex -25.3036 -14.3 10.344
    endloop
  endfacet
  facet normal 0 1 0
    outer loop
      vertex -24.9635 -14.3 9.63789
      vertex -31 -14.3 5.5
      vertex -25.1534 -14.3 9.98141
    endloop
  endfacet
  facet normal 0 1 0
    outer loop
      vertex -24.7364 -14.3 9.31779
      vertex -31 -14.3 5.5
      vertex -24.9635 -14.3 9.63789
    endloop
  endfacet
  facet normal 0 1 0
    outer loop
      vertex -24.4749 -14.3 9.02513
      vertex -31 -14.3 5.5
      vertex -24.7364 -14.3 9.31779
    endloop
  endfacet
  facet normal 0 1 0
    outer loop
      vertex -28 -14.3 2.5
      vertex -24.4749 -14.3 9.02513
      vertex -24.1822 -14.3 8.76359
    endloop
  endfacet
  facet normal 0 1 0
    outer loop
      vertex -28 -14.3 2.5
      vertex -24.1822 -14.3 8.76359
      vertex -23.8621 -14.3 8.53646
    endloop
  endfacet
  facet normal 0 1 0
    outer loop
      vertex -28 -14.3 2.5
      vertex -23.8621 -14.3 8.53646
      vertex -23.5186 -14.3 8.34661
    endloop
  endfacet
  facet normal 0 1 0
    outer loop
      vertex -28 -14.3 2.5
      vertex -23.5186 -14.3 8.34661
      vertex -23.156 -14.3 8.19641
    endloop
  endfacet
  facet normal 0 1 0
    outer loop
      vertex -28 -14.3 2.5
      vertex -23.156 -14.3 8.19641
      vertex -22.7788 -14.3 8.08775
    endloop
  endfacet
  facet normal 0 1 0
    outer loop
      vertex -22 -14.3 8
      vertex -28 -14.3 2.5
      vertex -22.3919 -14.3 8.02201
    endloop
  endfacet
  facet normal 0 1 0
    outer loop
      vertex -24.4749 -14.3 9.02513
      vertex -28 -14.3 2.5
      vertex -31 -14.3 5.5
    endloop
  endfacet
  facet normal 0 1 0
    outer loop
      vertex -31 -14.3 5.5
      vertex -28 -14.3 2.5
      vertex -30.9811 -14.3 5.16411
    endloop
  endfacet
  facet normal 0 1 0
    outer loop
      vertex -30.9811 -14.3 5.16411
      vertex -28 -14.3 2.5
      vertex -30.9248 -14.3 4.83244
    endloop
  endfacet
  facet normal 0 1 0
    outer loop
      vertex -30.9248 -14.3 4.83244
      vertex -28 -14.3 2.5
      vertex -30.8316 -14.3 4.50917
    endloop
  endfacet
  facet normal 0 1 0
    outer loop
      vertex -30.8316 -14.3 4.50917
      vertex -28 -14.3 2.5
      vertex -30.7029 -14.3 4.19835
    endloop
  endfacet
  facet normal 0 1 0
    outer loop
      vertex -30.7029 -14.3 4.19835
      vertex -28 -14.3 2.5
      vertex -30.5402 -14.3 3.90392
    endloop
  endfacet
  facet normal 0 1 0
    outer loop
      vertex -30.5402 -14.3 3.90392
      vertex -28 -14.3 2.5
      vertex -30.3455 -14.3 3.62953
    endloop
  endfacet
  facet normal 0 1 0
    outer loop
      vertex -30.3455 -14.3 3.62953
      vertex -28 -14.3 2.5
      vertex -30.1213 -14.3 3.37869
    endloop
  endfacet
  facet normal 0 1 0
    outer loop
      vertex -30.1213 -14.3 3.37869
      vertex -28 -14.3 2.5
      vertex -29.8705 -14.3 3.15451
    endloop
  endfacet
  facet normal 0 1 0
    outer loop
      vertex -29.8705 -14.3 3.15451
      vertex -28 -14.3 2.5
      vertex -29.5961 -14.3 2.95984
    endloop
  endfacet
  facet normal 0 1 0
    outer loop
      vertex -29.5961 -14.3 2.95984
      vertex -28 -14.3 2.5
      vertex -29.3017 -14.3 2.7971
    endloop
  endfacet
  facet normal 0 1 0
    outer loop
      vertex -29.3017 -14.3 2.7971
      vertex -28 -14.3 2.5
      vertex -28.9908 -14.3 2.66835
    endloop
  endfacet
  facet normal 0 1 0
    outer loop
      vertex -28.9908 -14.3 2.66835
      vertex -28 -14.3 2.5
      vertex -28.6676 -14.3 2.57523
    endloop
  endfacet
  facet normal 0 1 0
    outer loop
      vertex -22.3919 -14.3 8.02201
      vertex -28 -14.3 2.5
      vertex -22.7788 -14.3 8.08775
    endloop
  endfacet
  facet normal 0 1 0
    outer loop
      vertex -28.6676 -14.3 2.57523
      vertex -28 -14.3 2.5
      vertex -28.3359 -14.3 2.51888
    endloop
  endfacet
  facet normal 0 1 0
    outer loop
      vertex 19.1943 -14.3 95.4818
      vertex 19 -14.3 91
      vertex 19 -14.3 95.6554
    endloop
  endfacet
  facet normal 0 1 0
    outer loop
      vertex 19.6059 -14.3 95.1897
      vertex 19 -14.3 91
      vertex 19.1943 -14.3 95.4818
    endloop
  endfacet
  facet normal 0 1 0
    outer loop
      vertex 20.0475 -14.3 94.9456
      vertex 19 -14.3 91
      vertex 19.6059 -14.3 95.1897
    endloop
  endfacet
  facet normal 0 1 0
    outer loop
      vertex 20.5137 -14.3 94.7525
      vertex 19 -14.3 91
      vertex 20.0475 -14.3 94.9456
    endloop
  endfacet
  facet normal 0 1 0
    outer loop
      vertex 20.9987 -14.3 94.6128
      vertex 19 -14.3 91
      vertex 20.5137 -14.3 94.7525
    endloop
  endfacet
  facet normal 0 1 0
    outer loop
      vertex 21.4962 -14.3 94.5283
      vertex 19 -14.3 91
      vertex 20.9987 -14.3 94.6128
    endloop
  endfacet
  facet normal 0 1 0
    outer loop
      vertex 19 -14.3 91
      vertex 21.4962 -14.3 94.5283
      vertex 22 -14.3 94.5
    endloop
  endfacet
  facet normal 0 1 0
    outer loop
      vertex 24.1822 -14.3 87.2364
      vertex 24.5 -14.3 88.75
      vertex 24.6959 -14.3 88.739
    endloop
  endfacet
  facet normal 0 1 0
    outer loop
      vertex 24.1822 -14.3 87.2364
      vertex 24.6959 -14.3 88.739
      vertex 24.8894 -14.3 88.7061
    endloop
  endfacet
  facet normal -0 1 0
    outer loop
      vertex 23.8621 -14.3 87.4635
      vertex 24.5 -14.3 88.75
      vertex 24.1822 -14.3 87.2364
    endloop
  endfacet
  facet normal 0 1 0
    outer loop
      vertex 24.1822 -14.3 87.2364
      vertex 24.8894 -14.3 88.7061
      vertex 25.078 -14.3 88.6518
    endloop
  endfacet
  facet normal 0 1 0
    outer loop
      vertex 24.5 -14.3 88.75
      vertex 23.8621 -14.3 87.4635
      vertex 24.3041 -14.3 88.739
    endloop
  endfacet
  facet normal 0 1 0
    outer loop
      vertex 24.1822 -14.3 87.2364
      vertex 25.078 -14.3 88.6518
      vertex 25.2593 -14.3 88.5767
    endloop
  endfacet
  facet normal 0 1 0
    outer loop
      vertex 24.3041 -14.3 88.739
      vertex 23.8621 -14.3 87.4635
      vertex 24.1106 -14.3 88.7061
    endloop
  endfacet
  facet normal 0 1 0
    outer loop
      vertex 24.1822 -14.3 87.2364
      vertex 25.2593 -14.3 88.5767
      vertex 25.4311 -14.3 88.4818
    endloop
  endfacet
  facet normal 0 1 0
    outer loop
      vertex 23.922 -14.3 88.6518
      vertex 23.8621 -14.3 87.4635
      vertex 23.7407 -14.3 88.5767
    endloop
  endfacet
  facet normal 0 1 0
    outer loop
      vertex 24.4749 -14.3 86.9749
      vertex 25.4311 -14.3 88.4818
      vertex 25.5911 -14.3 88.3682
    endloop
  endfacet
  facet normal -0 1 0
    outer loop
      vertex 23.5186 -14.3 87.6534
      vertex 23.7407 -14.3 88.5767
      vertex 23.8621 -14.3 87.4635
    endloop
  endfacet
  facet normal 0 1 0
    outer loop
      vertex 24.4749 -14.3 86.9749
      vertex 25.5911 -14.3 88.3682
      vertex 25.7374 -14.3 88.2374
    endloop
  endfacet
  facet normal 0 1 0
    outer loop
      vertex 23.7407 -14.3 88.5767
      vertex 23.5186 -14.3 87.6534
      vertex 23.5689 -14.3 88.4818
    endloop
  endfacet
  facet normal 0 1 0
    outer loop
      vertex 24.4749 -14.3 86.9749
      vertex 25.7374 -14.3 88.2374
      vertex 25.8682 -14.3 88.0911
    endloop
  endfacet
  facet normal 0 1 0
    outer loop
      vertex 23.5689 -14.3 88.4818
      vertex 23.5186 -14.3 87.6534
      vertex 23.4089 -14.3 88.3682
    endloop
  endfacet
  facet normal 0 1 0
    outer loop
      vertex 24.4749 -14.3 86.9749
      vertex 25.8682 -14.3 88.0911
      vertex 25.9818 -14.3 87.9311
    endloop
  endfacet
  facet normal 0 1 0
    outer loop
      vertex 23.4089 -14.3 88.3682
      vertex 23.5186 -14.3 87.6534
      vertex 23.2626 -14.3 88.2374
    endloop
  endfacet
  facet normal 0 1 0
    outer loop
      vertex 23.2626 -14.3 88.2374
      vertex 23.156 -14.3 87.8036
      vertex 23.1318 -14.3 88.0911
    endloop
  endfacet
  facet normal 0 1 0
    outer loop
      vertex 23.0182 -14.3 87.9311
      vertex 23.156 -14.3 87.8036
      vertex 22.9764 -14.3 87.8553
    endloop
  endfacet
  facet normal 0 1 0
    outer loop
      vertex 24.4749 -14.3 86.9749
      vertex 25.9818 -14.3 87.9311
      vertex 26.0767 -14.3 87.7593
    endloop
  endfacet
  facet normal 0 1 0
    outer loop
      vertex 23.1318 -14.3 88.0911
      vertex 23.156 -14.3 87.8036
      vertex 23.0182 -14.3 87.9311
    endloop
  endfacet
  facet normal 0 1 0
    outer loop
      vertex 24.7364 -14.3 86.6822
      vertex 26.0767 -14.3 87.7593
      vertex 26.1518 -14.3 87.578
    endloop
  endfacet
  facet normal -0 1 0
    outer loop
      vertex 23.156 -14.3 87.8036
      vertex 23.2626 -14.3 88.2374
      vertex 23.5186 -14.3 87.6534
    endloop
  endfacet
  facet normal 0 1 0
    outer loop
      vertex 24.7364 -14.3 86.6822
      vertex 26.1518 -14.3 87.578
      vertex 26.2061 -14.3 87.3894
    endloop
  endfacet
  facet normal 0 1 0
    outer loop
      vertex 24.1106 -14.3 88.7061
      vertex 23.8621 -14.3 87.4635
      vertex 23.922 -14.3 88.6518
    endloop
  endfacet
  facet normal 0 1 0
    outer loop
      vertex 24.7364 -14.3 86.6822
      vertex 26.2061 -14.3 87.3894
      vertex 26.239 -14.3 87.1959
    endloop
  endfacet
  facet normal 0 1 0
    outer loop
      vertex 24.7364 -14.3 86.6822
      vertex 26.239 -14.3 87.1959
      vertex 26.25 -14.3 87
    endloop
  endfacet
  facet normal 0 1 0
    outer loop
      vertex 25.4311 -14.3 88.4818
      vertex 24.4749 -14.3 86.9749
      vertex 24.1822 -14.3 87.2364
    endloop
  endfacet
  facet normal 0 1 0
    outer loop
      vertex 24.9635 -14.3 86.3621
      vertex 26.25 -14.3 87
      vertex 26.239 -14.3 86.8041
    endloop
  endfacet
  facet normal 0 1 0
    outer loop
      vertex 26.0767 -14.3 87.7593
      vertex 24.7364 -14.3 86.6822
      vertex 24.4749 -14.3 86.9749
    endloop
  endfacet
  facet normal 0 1 0
    outer loop
      vertex 24.9635 -14.3 86.3621
      vertex 26.239 -14.3 86.8041
      vertex 26.2061 -14.3 86.6106
    endloop
  endfacet
  facet normal 0 1 0
    outer loop
      vertex 24.9635 -14.3 86.3621
      vertex 26.2061 -14.3 86.6106
      vertex 26.1518 -14.3 86.422
    endloop
  endfacet
  facet normal 0 1 0
    outer loop
      vertex 26.25 -14.3 87
      vertex 24.9635 -14.3 86.3621
      vertex 24.7364 -14.3 86.6822
    endloop
  endfacet
  facet normal 0 1 -0
    outer loop
      vertex 26.0767 -14.3 86.2407
      vertex 24.9635 -14.3 86.3621
      vertex 26.1518 -14.3 86.422
    endloop
  endfacet
  facet normal 0 1 0
    outer loop
      vertex 25.1534 -14.3 86.0186
      vertex 26.0767 -14.3 86.2407
      vertex 25.9818 -14.3 86.0689
    endloop
  endfacet
  facet normal 0 1 0
    outer loop
      vertex 26.0767 -14.3 86.2407
      vertex 25.1534 -14.3 86.0186
      vertex 24.9635 -14.3 86.3621
    endloop
  endfacet
  facet normal 0 1 -0
    outer loop
      vertex 25.8682 -14.3 85.9089
      vertex 25.1534 -14.3 86.0186
      vertex 25.9818 -14.3 86.0689
    endloop
  endfacet
  facet normal 0 1 -0
    outer loop
      vertex 25.7374 -14.3 85.7626
      vertex 25.1534 -14.3 86.0186
      vertex 25.8682 -14.3 85.9089
    endloop
  endfacet
  facet normal 0 1 0
    outer loop
      vertex 25.7374 -14.3 85.7626
      vertex 25.3036 -14.3 85.656
      vertex 25.1534 -14.3 86.0186
    endloop
  endfacet
  facet normal 0 1 -0
    outer loop
      vertex 25.5911 -14.3 85.6318
      vertex 25.3036 -14.3 85.656
      vertex 25.7374 -14.3 85.7626
    endloop
  endfacet
  facet normal 0 1 -0
    outer loop
      vertex 25.4311 -14.3 85.5182
      vertex 25.3036 -14.3 85.656
      vertex 25.5911 -14.3 85.6318
    endloop
  endfacet
  facet normal 0 1 0
    outer loop
      vertex 25.3036 -14.3 85.656
      vertex 25.4311 -14.3 85.5182
      vertex 25.3553 -14.3 85.4764
    endloop
  endfacet
  facet normal 0 1 0
    outer loop
      vertex -24.3041 -14.3 30.739
      vertex -24.6959 -14.3 30.739
      vertex -24.5 -14.3 30.75
    endloop
  endfacet
  facet normal 0 1 0
    outer loop
      vertex -24.1106 -14.3 30.7061
      vertex -24.6959 -14.3 30.739
      vertex -24.3041 -14.3 30.739
    endloop
  endfacet
  facet normal 0 1 0
    outer loop
      vertex -24.1106 -14.3 30.7061
      vertex -24.8894 -14.3 30.7061
      vertex -24.6959 -14.3 30.739
    endloop
  endfacet
  facet normal 0 1 0
    outer loop
      vertex -23.922 -14.3 30.6518
      vertex -24.8894 -14.3 30.7061
      vertex -24.1106 -14.3 30.7061
    endloop
  endfacet
  facet normal 0 1 0
    outer loop
      vertex -23.922 -14.3 30.6518
      vertex -25.078 -14.3 30.6518
      vertex -24.8894 -14.3 30.7061
    endloop
  endfacet
  facet normal 0 1 0
    outer loop
      vertex -23.7407 -14.3 30.5767
      vertex -25.078 -14.3 30.6518
      vertex -23.922 -14.3 30.6518
    endloop
  endfacet
  facet normal 0 1 0
    outer loop
      vertex -23.7407 -14.3 30.5767
      vertex -25.2593 -14.3 30.5767
      vertex -25.078 -14.3 30.6518
    endloop
  endfacet
  facet normal 0 1 0
    outer loop
      vertex -23.5689 -14.3 30.4818
      vertex -25.2593 -14.3 30.5767
      vertex -23.7407 -14.3 30.5767
    endloop
  endfacet
  facet normal 0 1 0
    outer loop
      vertex -23.5689 -14.3 30.4818
      vertex -25.4311 -14.3 30.4818
      vertex -25.2593 -14.3 30.5767
    endloop
  endfacet
  facet normal 0 1 0
    outer loop
      vertex -23.4089 -14.3 30.3682
      vertex -25.4311 -14.3 30.4818
      vertex -23.5689 -14.3 30.4818
    endloop
  endfacet
  facet normal 0 1 0
    outer loop
      vertex -23.4089 -14.3 30.3682
      vertex -25.5911 -14.3 30.3682
      vertex -25.4311 -14.3 30.4818
    endloop
  endfacet
  facet normal 0 1 0
    outer loop
      vertex -23.2626 -14.3 30.2374
      vertex -25.5911 -14.3 30.3682
      vertex -23.4089 -14.3 30.3682
    endloop
  endfacet
  facet normal 0 1 0
    outer loop
      vertex -23.2626 -14.3 30.2374
      vertex -25.7374 -14.3 30.2374
      vertex -25.5911 -14.3 30.3682
    endloop
  endfacet
  facet normal 0 1 0
    outer loop
      vertex -23.1318 -14.3 30.0911
      vertex -25.7374 -14.3 30.2374
      vertex -23.2626 -14.3 30.2374
    endloop
  endfacet
  facet normal 0 1 0
    outer loop
      vertex -23.1318 -14.3 30.0911
      vertex -25.8682 -14.3 30.0911
      vertex -25.7374 -14.3 30.2374
    endloop
  endfacet
  facet normal 0 1 0
    outer loop
      vertex -23.0182 -14.3 29.9311
      vertex -25.8682 -14.3 30.0911
      vertex -23.1318 -14.3 30.0911
    endloop
  endfacet
  facet normal 0 1 0
    outer loop
      vertex -23.0182 -14.3 29.9311
      vertex -25.9818 -14.3 29.9311
      vertex -25.8682 -14.3 30.0911
    endloop
  endfacet
  facet normal 0 1 0
    outer loop
      vertex -22.9233 -14.3 29.7593
      vertex -25.9818 -14.3 29.9311
      vertex -23.0182 -14.3 29.9311
    endloop
  endfacet
  facet normal 0 1 0
    outer loop
      vertex -22.9233 -14.3 29.7593
      vertex -26.0767 -14.3 29.7593
      vertex -25.9818 -14.3 29.9311
    endloop
  endfacet
  facet normal 0 1 0
    outer loop
      vertex -22.8482 -14.3 29.578
      vertex -26.0767 -14.3 29.7593
      vertex -22.9233 -14.3 29.7593
    endloop
  endfacet
  facet normal 0 1 0
    outer loop
      vertex -22.8482 -14.3 29.578
      vertex -26.1518 -14.3 29.578
      vertex -26.0767 -14.3 29.7593
    endloop
  endfacet
  facet normal 0 1 0
    outer loop
      vertex -22.7939 -14.3 29.3894
      vertex -26.1518 -14.3 29.578
      vertex -22.8482 -14.3 29.578
    endloop
  endfacet
  facet normal 0 1 0
    outer loop
      vertex -22.7939 -14.3 29.3894
      vertex -26.2061 -14.3 29.3894
      vertex -26.1518 -14.3 29.578
    endloop
  endfacet
  facet normal 0 1 0
    outer loop
      vertex -22.761 -14.3 29.1959
      vertex -26.2061 -14.3 29.3894
      vertex -22.7939 -14.3 29.3894
    endloop
  endfacet
  facet normal 0 1 0
    outer loop
      vertex -22.761 -14.3 29.1959
      vertex -26.239 -14.3 29.1959
      vertex -26.2061 -14.3 29.3894
    endloop
  endfacet
  facet normal 0 1 0
    outer loop
      vertex -22.75 -14.3 29
      vertex -26.239 -14.3 29.1959
      vertex -22.761 -14.3 29.1959
    endloop
  endfacet
  facet normal 0 1 0
    outer loop
      vertex -22.75 -14.3 29
      vertex -26.25 -14.3 29
      vertex -26.239 -14.3 29.1959
    endloop
  endfacet
  facet normal 0 1 -0
    outer loop
      vertex -22.761 -14.3 28.8041
      vertex -26.25 -14.3 29
      vertex -22.75 -14.3 29
    endloop
  endfacet
  facet normal 0 1 0
    outer loop
      vertex -22.761 -14.3 28.8041
      vertex -26.239 -14.3 28.8041
      vertex -26.25 -14.3 29
    endloop
  endfacet
  facet normal 0 1 -0
    outer loop
      vertex -22.7939 -14.3 28.6106
      vertex -26.239 -14.3 28.8041
      vertex -22.761 -14.3 28.8041
    endloop
  endfacet
  facet normal 0 1 0
    outer loop
      vertex -22.7939 -14.3 28.6106
      vertex -26.2061 -14.3 28.6106
      vertex -26.239 -14.3 28.8041
    endloop
  endfacet
  facet normal 0 1 -0
    outer loop
      vertex -22.8482 -14.3 28.422
      vertex -26.2061 -14.3 28.6106
      vertex -22.7939 -14.3 28.6106
    endloop
  endfacet
  facet normal 0 1 0
    outer loop
      vertex -22.8482 -14.3 28.422
      vertex -26.1518 -14.3 28.422
      vertex -26.2061 -14.3 28.6106
    endloop
  endfacet
  facet normal 0 1 -0
    outer loop
      vertex -22.9233 -14.3 28.2407
      vertex -26.1518 -14.3 28.422
      vertex -22.8482 -14.3 28.422
    endloop
  endfacet
  facet normal 0 1 0
    outer loop
      vertex -22.9233 -14.3 28.2407
      vertex -26.0767 -14.3 28.2407
      vertex -26.1518 -14.3 28.422
    endloop
  endfacet
  facet normal 0 1 -0
    outer loop
      vertex -23.0182 -14.3 28.0689
      vertex -26.0767 -14.3 28.2407
      vertex -22.9233 -14.3 28.2407
    endloop
  endfacet
  facet normal 0 1 0
    outer loop
      vertex -23.0182 -14.3 28.0689
      vertex -25.9818 -14.3 28.0689
      vertex -26.0767 -14.3 28.2407
    endloop
  endfacet
  facet normal 0 1 -0
    outer loop
      vertex -23.1318 -14.3 27.9089
      vertex -25.9818 -14.3 28.0689
      vertex -23.0182 -14.3 28.0689
    endloop
  endfacet
  facet normal 0 1 0
    outer loop
      vertex -23.1318 -14.3 27.9089
      vertex -25.8682 -14.3 27.9089
      vertex -25.9818 -14.3 28.0689
    endloop
  endfacet
  facet normal 0 1 -0
    outer loop
      vertex -23.2626 -14.3 27.7626
      vertex -25.8682 -14.3 27.9089
      vertex -23.1318 -14.3 27.9089
    endloop
  endfacet
  facet normal 0 1 0
    outer loop
      vertex -23.2626 -14.3 27.7626
      vertex -25.7374 -14.3 27.7626
      vertex -25.8682 -14.3 27.9089
    endloop
  endfacet
  facet normal 0 1 -0
    outer loop
      vertex -23.4089 -14.3 27.6318
      vertex -25.7374 -14.3 27.7626
      vertex -23.2626 -14.3 27.7626
    endloop
  endfacet
  facet normal 0 1 0
    outer loop
      vertex -23.4089 -14.3 27.6318
      vertex -25.5911 -14.3 27.6318
      vertex -25.7374 -14.3 27.7626
    endloop
  endfacet
  facet normal 0 1 -0
    outer loop
      vertex -23.5689 -14.3 27.5182
      vertex -25.5911 -14.3 27.6318
      vertex -23.4089 -14.3 27.6318
    endloop
  endfacet
  facet normal 0 1 0
    outer loop
      vertex -23.5689 -14.3 27.5182
      vertex -25.4311 -14.3 27.5182
      vertex -25.5911 -14.3 27.6318
    endloop
  endfacet
  facet normal 0 1 -0
    outer loop
      vertex -23.7407 -14.3 27.4233
      vertex -25.4311 -14.3 27.5182
      vertex -23.5689 -14.3 27.5182
    endloop
  endfacet
  facet normal 0 1 0
    outer loop
      vertex -23.7407 -14.3 27.4233
      vertex -25.2593 -14.3 27.4233
      vertex -25.4311 -14.3 27.5182
    endloop
  endfacet
  facet normal 0 1 -0
    outer loop
      vertex -23.922 -14.3 27.3482
      vertex -25.2593 -14.3 27.4233
      vertex -23.7407 -14.3 27.4233
    endloop
  endfacet
  facet normal 0 1 0
    outer loop
      vertex -23.922 -14.3 27.3482
      vertex -25.078 -14.3 27.3482
      vertex -25.2593 -14.3 27.4233
    endloop
  endfacet
  facet normal 0 1 -0
    outer loop
      vertex -24.1106 -14.3 27.2939
      vertex -25.078 -14.3 27.3482
      vertex -23.922 -14.3 27.3482
    endloop
  endfacet
  facet normal 0 1 0
    outer loop
      vertex -24.1106 -14.3 27.2939
      vertex -24.8894 -14.3 27.2939
      vertex -25.078 -14.3 27.3482
    endloop
  endfacet
  facet normal 0 1 -0
    outer loop
      vertex -24.3041 -14.3 27.261
      vertex -24.8894 -14.3 27.2939
      vertex -24.1106 -14.3 27.2939
    endloop
  endfacet
  facet normal 0 1 0
    outer loop
      vertex -24.3041 -14.3 27.261
      vertex -24.6959 -14.3 27.261
      vertex -24.8894 -14.3 27.2939
    endloop
  endfacet
  facet normal -0 1 0
    outer loop
      vertex -24.6959 -14.3 27.261
      vertex -24.3041 -14.3 27.261
      vertex -24.5 -14.3 27.25
    endloop
  endfacet
  facet normal 0.924006 0 -0.382378
    outer loop
      vertex -30.7029 -14.3 108.802
      vertex -30.8316 12.4 108.491
      vertex -30.7029 12.4 108.802
    endloop
  endfacet
  facet normal 0.924006 0 -0.382378
    outer loop
      vertex -30.8316 12.4 108.491
      vertex -30.7029 -14.3 108.802
      vertex -30.8316 -14.3 108.491
    endloop
  endfacet
  facet normal -0.998421 0 0.0561796
    outer loop
      vertex 30.9811 -14.3 5.16411
      vertex 31 12.4 5.5
      vertex 30.9811 12.4 5.16411
    endloop
  endfacet
  facet normal -0.998421 0 0.0561796
    outer loop
      vertex 31 12.4 5.5
      vertex 30.9811 -14.3 5.16411
      vertex 31 -14.3 5.5
    endloop
  endfacet
  facet normal -0.998422 0 -0.0561612
    outer loop
      vertex 31 -14.3 107.5
      vertex 30.9811 12.4 107.836
      vertex 31 12.4 107.5
    endloop
  endfacet
  facet normal -0.998422 -0 -0.0561612
    outer loop
      vertex 30.9811 12.4 107.836
      vertex 31 -14.3 107.5
      vertex 30.9811 -14.3 107.836
    endloop
  endfacet
  facet normal -0.960802 0 -0.277235
    outer loop
      vertex 30.9248 -14.3 108.168
      vertex 30.8316 12.4 108.491
      vertex 30.9248 12.4 108.168
    endloop
  endfacet
  facet normal -0.960802 -0 -0.277235
    outer loop
      vertex 30.8316 12.4 108.491
      vertex 30.9248 -14.3 108.168
      vertex 30.8316 -14.3 108.491
    endloop
  endfacet
  facet normal 0.960802 0 -0.277235
    outer loop
      vertex -30.8316 -14.3 108.491
      vertex -30.9248 12.4 108.168
      vertex -30.8316 12.4 108.491
    endloop
  endfacet
  facet normal 0.960802 0 -0.277235
    outer loop
      vertex -30.9248 12.4 108.168
      vertex -30.8316 -14.3 108.491
      vertex -30.9248 -14.3 108.168
    endloop
  endfacet
  facet normal 0.960864 -0 0.277021
    outer loop
      vertex -30.9248 -14.3 4.83244
      vertex -30.8316 12.4 4.50917
      vertex -30.9248 12.4 4.83244
    endloop
  endfacet
  facet normal 0.960864 0 0.277021
    outer loop
      vertex -30.8316 12.4 4.50917
      vertex -30.9248 -14.3 4.83244
      vertex -30.8316 -14.3 4.50917
    endloop
  endfacet
  facet normal 0.875269 0 0.483637
    outer loop
      vertex -30.7029 12.4 4.19835
      vertex -30.7029 -14.3 4.19835
      vertex -30.5933 12.4 4
    endloop
  endfacet
  facet normal 0.875229 -0 0.483708
    outer loop
      vertex -30.5933 12.4 4
      vertex -30.5402 16.8 3.90392
      vertex -30.5933 16.8 4
    endloop
  endfacet
  facet normal 0.875256 2.24568e-07 0.48366
    outer loop
      vertex -30.5402 -14.3 3.90392
      vertex -30.5933 12.4 4
      vertex -30.7029 -14.3 4.19835
    endloop
  endfacet
  facet normal 0.875229 0 0.483708
    outer loop
      vertex -30.5933 12.4 4
      vertex -30.5402 -14.3 3.90392
      vertex -30.5402 16.8 3.90392
    endloop
  endfacet
  facet normal 0.745801 0 -0.666169
    outer loop
      vertex -30.1213 -14.3 109.621
      vertex -30.3455 16.8 109.37
      vertex -30.1213 16.8 109.621
    endloop
  endfacet
  facet normal 0.745801 0 -0.666169
    outer loop
      vertex -30.3455 16.8 109.37
      vertex -30.1213 -14.3 109.621
      vertex -30.3455 -14.3 109.37
    endloop
  endfacet
  facet normal 0.276527 0 -0.961006
    outer loop
      vertex -28.9908 -14.3 110.332
      vertex -28.6676 16.8 110.425
      vertex -28.6676 -14.3 110.425
    endloop
  endfacet
  facet normal 0.276527 0 -0.961006
    outer loop
      vertex -28.6676 16.8 110.425
      vertex -28.9908 -14.3 110.332
      vertex -28.9908 16.8 110.332
    endloop
  endfacet
  facet normal -0.383244 0 -0.923647
    outer loop
      vertex 28.9908 -14.3 110.332
      vertex 29.3017 16.8 110.203
      vertex 29.3017 -14.3 110.203
    endloop
  endfacet
  facet normal -0.383244 0 -0.923647
    outer loop
      vertex 29.3017 16.8 110.203
      vertex 28.9908 -14.3 110.332
      vertex 28.9908 16.8 110.332
    endloop
  endfacet
  facet normal -0.985924 0 -0.167191
    outer loop
      vertex 30.9811 -14.3 107.836
      vertex 30.9248 12.4 108.168
      vertex 30.9811 12.4 107.836
    endloop
  endfacet
  facet normal -0.985924 -0 -0.167191
    outer loop
      vertex 30.9248 12.4 108.168
      vertex 30.9811 -14.3 107.836
      vertex 30.9248 -14.3 108.168
    endloop
  endfacet
  facet normal 0.985924 0 -0.167191
    outer loop
      vertex -30.9248 -14.3 108.168
      vertex -30.9811 12.4 107.836
      vertex -30.9248 12.4 108.168
    endloop
  endfacet
  facet normal 0.985924 0 -0.167191
    outer loop
      vertex -30.9811 12.4 107.836
      vertex -30.9248 -14.3 108.168
      vertex -30.9811 -14.3 107.836
    endloop
  endfacet
  facet normal 0.998422 0 -0.0561612
    outer loop
      vertex -30.9811 -14.3 107.836
      vertex -31 12.4 107.5
      vertex -30.9811 12.4 107.836
    endloop
  endfacet
  facet normal 0.998422 0 -0.0561612
    outer loop
      vertex -31 12.4 107.5
      vertex -30.9811 -14.3 107.836
      vertex -31 -14.3 107.5
    endloop
  endfacet
  facet normal 1 -0 0
    outer loop
      vertex -31 -9.3 15.8
      vertex -31 11.8 13.2
      vertex -31 11.8 15.8
    endloop
  endfacet
  facet normal 1 0 0
    outer loop
      vertex -31 11.8 13.2
      vertex -31 -9.3 15.8
      vertex -31 -9.3 13.2
    endloop
  endfacet
  facet normal 1 -0 0
    outer loop
      vertex -31 -9.3 20.8
      vertex -31 11.8 18.2
      vertex -31 11.8 20.8
    endloop
  endfacet
  facet normal 1 0 0
    outer loop
      vertex -31 11.8 18.2
      vertex -31 -9.3 20.8
      vertex -31 -9.3 18.2
    endloop
  endfacet
  facet normal 1 -0 0
    outer loop
      vertex -31 -9.3 25.8
      vertex -31 11.8 23.2
      vertex -31 11.8 25.8
    endloop
  endfacet
  facet normal 1 0 0
    outer loop
      vertex -31 11.8 23.2
      vertex -31 -9.3 25.8
      vertex -31 -9.3 23.2
    endloop
  endfacet
  facet normal 1 -0 0
    outer loop
      vertex -31 -9.3 30.8
      vertex -31 11.8 28.2
      vertex -31 11.8 30.8
    endloop
  endfacet
  facet normal 1 0 0
    outer loop
      vertex -31 11.8 28.2
      vertex -31 -9.3 30.8
      vertex -31 -9.3 28.2
    endloop
  endfacet
  facet normal 1 -0 0
    outer loop
      vertex -31 -9.3 35.8
      vertex -31 11.8 33.2
      vertex -31 11.8 35.8
    endloop
  endfacet
  facet normal 1 0 0
    outer loop
      vertex -31 11.8 33.2
      vertex -31 -9.3 35.8
      vertex -31 -9.3 33.2
    endloop
  endfacet
  facet normal 1 -0 0
    outer loop
      vertex -31 -5.3 107
      vertex -31 12.4 96
      vertex -31 12.4 107.5
    endloop
  endfacet
  facet normal 1 0 0
    outer loop
      vertex -31 12.4 96
      vertex -31 11.8 38.2
      vertex -31 12.4 17
    endloop
  endfacet
  facet normal 1 -0 0
    outer loop
      vertex -31 11.8 35.8
      vertex -31 12.4 17
      vertex -31 11.8 38.2
    endloop
  endfacet
  facet normal 1 0 0
    outer loop
      vertex -31 12.4 96
      vertex -31 -5.3 107
      vertex -31 -5.3 94
    endloop
  endfacet
  facet normal 1 -0 0
    outer loop
      vertex -31 -14.3 107.5
      vertex -31 -5.3 107
      vertex -31 12.4 107.5
    endloop
  endfacet
  facet normal 1 0 0
    outer loop
      vertex -31 -12.3 107
      vertex -31 -14.3 107.5
      vertex -31 -12.3 94
    endloop
  endfacet
  facet normal 1 0 0
    outer loop
      vertex -31 -5.3 107
      vertex -31 -14.3 107.5
      vertex -31 -12.3 107
    endloop
  endfacet
  facet normal 1 -0 0
    outer loop
      vertex -31 12.4 96
      vertex -31 16.8 17
      vertex -31 16.8 96
    endloop
  endfacet
  facet normal 1 0 0
    outer loop
      vertex -31 16.8 17
      vertex -31 12.4 96
      vertex -31 12.4 17
    endloop
  endfacet
  facet normal 1 -0 0
    outer loop
      vertex -31 11.8 33.2
      vertex -31 12.4 17
      vertex -31 11.8 35.8
    endloop
  endfacet
  facet normal 1 -0 0
    outer loop
      vertex -31 11.8 30.8
      vertex -31 12.4 17
      vertex -31 11.8 33.2
    endloop
  endfacet
  facet normal 1 -0 0
    outer loop
      vertex -31 11.8 28.2
      vertex -31 12.4 17
      vertex -31 11.8 30.8
    endloop
  endfacet
  facet normal 1 -0 0
    outer loop
      vertex -31 11.8 25.8
      vertex -31 12.4 17
      vertex -31 11.8 28.2
    endloop
  endfacet
  facet normal 1 -0 0
    outer loop
      vertex -31 11.8 23.2
      vertex -31 12.4 17
      vertex -31 11.8 25.8
    endloop
  endfacet
  facet normal 1 -0 0
    outer loop
      vertex -31 11.8 20.8
      vertex -31 12.4 17
      vertex -31 11.8 23.2
    endloop
  endfacet
  facet normal 1 -0 0
    outer loop
      vertex -31 11.8 18.2
      vertex -31 12.4 17
      vertex -31 11.8 20.8
    endloop
  endfacet
  facet normal 1 0 0
    outer loop
      vertex -31 11.8 15.8
      vertex -31 12.4 17
      vertex -31 11.8 18.2
    endloop
  endfacet
  facet normal 1 0 0
    outer loop
      vertex -31 11.8 13.2
      vertex -31 12.4 17
      vertex -31 11.8 15.8
    endloop
  endfacet
  facet normal 1 0 0
    outer loop
      vertex -31 11.8 10.8
      vertex -31 12.4 17
      vertex -31 11.8 13.2
    endloop
  endfacet
  facet normal 1 0 0
    outer loop
      vertex -31 12.4 17
      vertex -31 11.8 10.8
      vertex -31 12.4 5.5
    endloop
  endfacet
  facet normal 1 -0 0
    outer loop
      vertex -31 -9.3 10.8
      vertex -31 12.4 5.5
      vertex -31 11.8 10.8
    endloop
  endfacet
  facet normal 1 0 0
    outer loop
      vertex -31 -9.3 15.8
      vertex -31 -14.3 5.5
      vertex -31 -9.3 13.2
    endloop
  endfacet
  facet normal 1 0 0
    outer loop
      vertex -31 -9.3 10.8
      vertex -31 -14.3 5.5
      vertex -31 12.4 5.5
    endloop
  endfacet
  facet normal 1 0 0
    outer loop
      vertex -31 -9.3 13.2
      vertex -31 -14.3 5.5
      vertex -31 -9.3 10.8
    endloop
  endfacet
  facet normal 1 0 0
    outer loop
      vertex -31 12.4 96
      vertex -31 -5.3 94
      vertex -31 11.8 38.2
    endloop
  endfacet
  facet normal 1 0 0
    outer loop
      vertex -31 -5.3 94
      vertex -31 -9.3 38.2
      vertex -31 11.8 38.2
    endloop
  endfacet
  facet normal 1 0 0
    outer loop
      vertex -31 -14.3 5.5
      vertex -31 -9.3 35.8
      vertex -31 -9.3 38.2
    endloop
  endfacet
  facet normal 1 0 0
    outer loop
      vertex -31 -9.3 35.8
      vertex -31 -14.3 5.5
      vertex -31 -9.3 33.2
    endloop
  endfacet
  facet normal 1 0 0
    outer loop
      vertex -31 -9.3 33.2
      vertex -31 -14.3 5.5
      vertex -31 -9.3 30.8
    endloop
  endfacet
  facet normal 1 0 0
    outer loop
      vertex -31 -12.3 94
      vertex -31 -14.3 5.5
      vertex -31 -9.3 38.2
    endloop
  endfacet
  facet normal 1 0 0
    outer loop
      vertex -31 -14.3 5.5
      vertex -31 -12.3 94
      vertex -31 -14.3 107.5
    endloop
  endfacet
  facet normal 1 0 0
    outer loop
      vertex -31 -9.3 30.8
      vertex -31 -14.3 5.5
      vertex -31 -9.3 28.2
    endloop
  endfacet
  facet normal 1 0 0
    outer loop
      vertex -31 -9.3 28.2
      vertex -31 -14.3 5.5
      vertex -31 -9.3 25.8
    endloop
  endfacet
  facet normal 1 0 0
    outer loop
      vertex -31 -9.3 25.8
      vertex -31 -14.3 5.5
      vertex -31 -9.3 23.2
    endloop
  endfacet
  facet normal 1 0 0
    outer loop
      vertex -31 -9.3 23.2
      vertex -31 -14.3 5.5
      vertex -31 -9.3 20.8
    endloop
  endfacet
  facet normal 1 0 0
    outer loop
      vertex -31 -9.3 20.8
      vertex -31 -14.3 5.5
      vertex -31 -9.3 18.2
    endloop
  endfacet
  facet normal 1 0 0
    outer loop
      vertex -31 -9.3 18.2
      vertex -31 -14.3 5.5
      vertex -31 -9.3 15.8
    endloop
  endfacet
  facet normal 1 -0 0
    outer loop
      vertex -31 -12.3 94
      vertex -31 -9.3 38.2
      vertex -31 -5.3 94
    endloop
  endfacet
  facet normal 0 0 1
    outer loop
      vertex 28 16.8 2.5
      vertex 26.1 5.7 2.5
      vertex 28 -14.3 2.5
    endloop
  endfacet
  facet normal 0 0 1
    outer loop
      vertex 28 16.8 2.5
      vertex 9.5 5.7 2.5
      vertex 26.1 5.7 2.5
    endloop
  endfacet
  facet normal 0 0 1
    outer loop
      vertex 9.5 5.7 2.5
      vertex 9.1 -7.2 2.5
      vertex 9.5 -8.7 2.5
    endloop
  endfacet
  facet normal 0 0 1
    outer loop
      vertex 9.5 5.7 2.5
      vertex 6.1 -7.2 2.5
      vertex 9.1 -7.2 2.5
    endloop
  endfacet
  facet normal 0 0 1
    outer loop
      vertex 5.9 -8.7 2.5
      vertex 6.1 -7.2 2.5
      vertex 5.9 7.8 2.5
    endloop
  endfacet
  facet normal 0 0 1
    outer loop
      vertex 9.5 5.7 2.5
      vertex 5.9 7.8 2.5
      vertex 6.1 -7.2 2.5
    endloop
  endfacet
  facet normal 0 0 1
    outer loop
      vertex 28 16.8 2.5
      vertex 5.9 7.8 2.5
      vertex 9.5 5.7 2.5
    endloop
  endfacet
  facet normal -0 0 1
    outer loop
      vertex -28 16.8 2.5
      vertex 5.9 7.8 2.5
      vertex 28 16.8 2.5
    endloop
  endfacet
  facet normal 0 0 1
    outer loop
      vertex -8.1 7.8 2.5
      vertex -8.55 -7.2 2.5
      vertex -8.1 -8.7 2.5
    endloop
  endfacet
  facet normal 0 0 1
    outer loop
      vertex -8.1 7.8 2.5
      vertex -11.55 -7.2 2.5
      vertex -8.55 -7.2 2.5
    endloop
  endfacet
  facet normal 0 0 1
    outer loop
      vertex -12 -8.7 2.5
      vertex -11.55 -7.2 2.5
      vertex -12 7.8 2.5
    endloop
  endfacet
  facet normal 0 0 1
    outer loop
      vertex -8.1 7.8 2.5
      vertex -12 7.8 2.5
      vertex -11.55 -7.2 2.5
    endloop
  endfacet
  facet normal 0 0 1
    outer loop
      vertex 5.9 7.8 2.5
      vertex -28 16.8 2.5
      vertex -8.1 7.8 2.5
    endloop
  endfacet
  facet normal 0 0 1
    outer loop
      vertex -8.1 7.8 2.5
      vertex -28 16.8 2.5
      vertex -12 7.8 2.5
    endloop
  endfacet
  facet normal 0 0 1
    outer loop
      vertex -28 -14.3 2.5
      vertex -26 7.8 2.5
      vertex -28 16.8 2.5
    endloop
  endfacet
  facet normal 0 0 1
    outer loop
      vertex -12 7.8 2.5
      vertex -28 16.8 2.5
      vertex -26 7.8 2.5
    endloop
  endfacet
  facet normal -0 0 1
    outer loop
      vertex 26.1 -8.7 2.5
      vertex 28 -14.3 2.5
      vertex 26.1 5.7 2.5
    endloop
  endfacet
  facet normal 0 0 1
    outer loop
      vertex 9.1 -14.3 2.5
      vertex 26.1 -8.7 2.5
      vertex 9.5 -8.7 2.5
    endloop
  endfacet
  facet normal 0 0 1
    outer loop
      vertex 26.1 -8.7 2.5
      vertex 9.1 -14.3 2.5
      vertex 28 -14.3 2.5
    endloop
  endfacet
  facet normal 0 0 1
    outer loop
      vertex 9.1 -14.3 2.5
      vertex 9.5 -8.7 2.5
      vertex 9.1 -7.2 2.5
    endloop
  endfacet
  facet normal 0 0 1
    outer loop
      vertex 6.1 -7.2 2.5
      vertex 5.9 -8.7 2.5
      vertex 6.1 -14.3 2.5
    endloop
  endfacet
  facet normal -0 0 1
    outer loop
      vertex -8.1 -8.7 2.5
      vertex 6.1 -14.3 2.5
      vertex 5.9 -8.7 2.5
    endloop
  endfacet
  facet normal 0 0 1
    outer loop
      vertex -8.1 -8.7 2.5
      vertex -8.55 -14.3 2.5
      vertex 6.1 -14.3 2.5
    endloop
  endfacet
  facet normal 0 0 1
    outer loop
      vertex -8.55 -14.3 2.5
      vertex -8.1 -8.7 2.5
      vertex -8.55 -7.2 2.5
    endloop
  endfacet
  facet normal 0 0 1
    outer loop
      vertex -11.55 -7.2 2.5
      vertex -12 -8.7 2.5
      vertex -11.55 -14.3 2.5
    endloop
  endfacet
  facet normal -0 0 1
    outer loop
      vertex -26 -8.7 2.5
      vertex -11.55 -14.3 2.5
      vertex -12 -8.7 2.5
    endloop
  endfacet
  facet normal 0 0 1
    outer loop
      vertex -26 -8.7 2.5
      vertex -28 -14.3 2.5
      vertex -11.55 -14.3 2.5
    endloop
  endfacet
  facet normal 0 0 1
    outer loop
      vertex -26 7.8 2.5
      vertex -28 -14.3 2.5
      vertex -26 -8.7 2.5
    endloop
  endfacet
  facet normal 0.923928 -0 0.382567
    outer loop
      vertex -30.8316 -14.3 4.50917
      vertex -30.7029 12.4 4.19835
      vertex -30.8316 12.4 4.50917
    endloop
  endfacet
  facet normal 0.923928 0 0.382567
    outer loop
      vertex -30.7029 12.4 4.19835
      vertex -30.8316 -14.3 4.50917
      vertex -30.7029 -14.3 4.19835
    endloop
  endfacet
  facet normal 0.383244 0 -0.923647
    outer loop
      vertex -29.3017 -14.3 110.203
      vertex -28.9908 16.8 110.332
      vertex -28.9908 -14.3 110.332
    endloop
  endfacet
  facet normal 0.383244 0 -0.923647
    outer loop
      vertex -28.9908 16.8 110.332
      vertex -29.3017 -14.3 110.203
      vertex -29.3017 16.8 110.203
    endloop
  endfacet
  facet normal 0.166471 0 -0.986046
    outer loop
      vertex -28.6676 -14.3 110.425
      vertex -28.3359 16.8 110.481
      vertex -28.3359 -14.3 110.481
    endloop
  endfacet
  facet normal 0.166471 0 -0.986046
    outer loop
      vertex -28.3359 16.8 110.481
      vertex -28.6676 -14.3 110.425
      vertex -28.6676 16.8 110.425
    endloop
  endfacet
  facet normal -0.815158 0 -0.579238
    outer loop
      vertex 30.5402 -14.3 109.096
      vertex 30.3455 16.8 109.37
      vertex 30.5402 16.8 109.096
    endloop
  endfacet
  facet normal -0.815158 -0 -0.579238
    outer loop
      vertex 30.3455 16.8 109.37
      vertex 30.5402 -14.3 109.096
      vertex 30.3455 -14.3 109.37
    endloop
  endfacet
  facet normal -0.924006 0 -0.382378
    outer loop
      vertex 30.8316 -14.3 108.491
      vertex 30.7029 12.4 108.802
      vertex 30.8316 12.4 108.491
    endloop
  endfacet
  facet normal -0.924006 -0 -0.382378
    outer loop
      vertex 30.7029 12.4 108.802
      vertex 30.8316 -14.3 108.491
      vertex 30.7029 -14.3 108.802
    endloop
  endfacet
  facet normal -0.666134 0 -0.745832
    outer loop
      vertex 29.8705 -14.3 109.845
      vertex 30.1213 16.8 109.621
      vertex 30.1213 -14.3 109.621
    endloop
  endfacet
  facet normal -0.666134 0 -0.745832
    outer loop
      vertex 30.1213 16.8 109.621
      vertex 29.8705 -14.3 109.845
      vertex 29.8705 16.8 109.845
    endloop
  endfacet
  facet normal -0.666432 0 0.745566
    outer loop
      vertex 29.8705 16.8 3.15451
      vertex 30.1213 -14.3 3.37869
      vertex 30.1213 16.8 3.37869
    endloop
  endfacet
  facet normal -0.666432 0 0.745566
    outer loop
      vertex 30.1213 -14.3 3.37869
      vertex 29.8705 16.8 3.15451
      vertex 29.8705 -14.3 3.15451
    endloop
  endfacet
  facet normal -0.276857 0 0.960911
    outer loop
      vertex 28.6676 16.8 2.57523
      vertex 28.9908 -14.3 2.66835
      vertex 28.9908 16.8 2.66835
    endloop
  endfacet
  facet normal -0.276857 0 0.960911
    outer loop
      vertex 28.9908 -14.3 2.66835
      vertex 28.6676 16.8 2.57523
      vertex 28.6676 -14.3 2.57523
    endloop
  endfacet
  facet normal -0.38261 0 0.92391
    outer loop
      vertex 28.9908 16.8 2.66835
      vertex 29.3017 -14.3 2.7971
      vertex 29.3017 16.8 2.7971
    endloop
  endfacet
  facet normal -0.38261 0 0.92391
    outer loop
      vertex 29.3017 -14.3 2.7971
      vertex 28.9908 16.8 2.66835
      vertex 28.9908 -14.3 2.66835
    endloop
  endfacet
  facet normal 0.985897 -0 0.167353
    outer loop
      vertex -30.9811 -14.3 5.16411
      vertex -30.9248 12.4 4.83244
      vertex -30.9811 12.4 5.16411
    endloop
  endfacet
  facet normal 0.985897 0 0.167353
    outer loop
      vertex -30.9248 12.4 4.83244
      vertex -30.9811 -14.3 5.16411
      vertex -30.9248 -14.3 4.83244
    endloop
  endfacet
  facet normal 0.998421 -0 0.0561796
    outer loop
      vertex -31 -14.3 5.5
      vertex -30.9811 12.4 5.16411
      vertex -31 12.4 5.5
    endloop
  endfacet
  facet normal 0.998421 0 0.0561796
    outer loop
      vertex -30.9811 12.4 5.16411
      vertex -31 -14.3 5.5
      vertex -30.9811 -14.3 5.16411
    endloop
  endfacet
  facet normal 0.666134 0 -0.745832
    outer loop
      vertex -30.1213 -14.3 109.621
      vertex -29.8705 16.8 109.845
      vertex -29.8705 -14.3 109.845
    endloop
  endfacet
  facet normal 0.666134 0 -0.745832
    outer loop
      vertex -29.8705 16.8 109.845
      vertex -30.1213 -14.3 109.621
      vertex -30.1213 16.8 109.621
    endloop
  endfacet
  facet normal 0.484381 0 -0.874857
    outer loop
      vertex -29.5961 -14.3 110.04
      vertex -29.3017 16.8 110.203
      vertex -29.3017 -14.3 110.203
    endloop
  endfacet
  facet normal 0.484381 0 -0.874857
    outer loop
      vertex -29.3017 16.8 110.203
      vertex -29.5961 -14.3 110.04
      vertex -29.5961 16.8 110.04
    endloop
  endfacet
  facet normal 0.0564742 0 -0.998404
    outer loop
      vertex -28.3359 -14.3 110.481
      vertex -28 16.8 110.5
      vertex -28 -14.3 110.5
    endloop
  endfacet
  facet normal 0.0564742 0 -0.998404
    outer loop
      vertex -28 16.8 110.5
      vertex -28.3359 -14.3 110.481
      vertex -28.3359 16.8 110.481
    endloop
  endfacet
  facet normal -0.0564708 0 -0.998404
    outer loop
      vertex 28.3359 -14.3 110.481
      vertex 28.2475 -8.18626 110.486
      vertex 28.3359 -7.87935 110.481
    endloop
  endfacet
  facet normal -0.0568595 -5.63837e-06 -0.998382
    outer loop
      vertex 28.3359 -14.3 110.481
      vertex 28.0544 -8.65248 110.497
      vertex 28.2475 -8.18626 110.486
    endloop
  endfacet
  facet normal -0.0564742 -0 -0.998404
    outer loop
      vertex 28 -8.75083 110.5
      vertex 28.3359 -14.3 110.481
      vertex 28 -14.3 110.5
    endloop
  endfacet
  facet normal -0.0552026 7.72161e-05 -0.998475
    outer loop
      vertex 28.3359 -14.3 110.481
      vertex 28 -8.75083 110.5
      vertex 28.0544 -8.65248 110.497
    endloop
  endfacet
  facet normal -0.0564708 0 -0.998404
    outer loop
      vertex 28.2475 -5.21374 110.486
      vertex 28.3359 16.8 110.481
      vertex 28.3359 -5.52065 110.481
    endloop
  endfacet
  facet normal -0.0568692 1.60502e-06 -0.998382
    outer loop
      vertex 28.0544 -4.74752 110.497
      vertex 28.3359 16.8 110.481
      vertex 28.2475 -5.21374 110.486
    endloop
  endfacet
  facet normal -0.0551022 -2.15529e-05 -0.998481
    outer loop
      vertex 28 -4.64917 110.5
      vertex 28.3359 16.8 110.481
      vertex 28.0544 -4.74752 110.497
    endloop
  endfacet
  facet normal -0.0564742 0 -0.998404
    outer loop
      vertex 28.3359 16.8 110.481
      vertex 28 -4.64917 110.5
      vertex 28 16.8 110.5
    endloop
  endfacet
  facet normal -0.276527 0 -0.961006
    outer loop
      vertex 28.6676 -14.3 110.425
      vertex 28.9908 16.8 110.332
      vertex 28.9908 -14.3 110.332
    endloop
  endfacet
  facet normal -0.276527 0 -0.961006
    outer loop
      vertex 28.9908 16.8 110.332
      vertex 28.6676 -14.3 110.425
      vertex 28.6676 16.8 110.425
    endloop
  endfacet
  facet normal -0.484381 0 -0.874857
    outer loop
      vertex 29.3017 -14.3 110.203
      vertex 29.5961 16.8 110.04
      vertex 29.5961 -14.3 110.04
    endloop
  endfacet
  facet normal -0.484381 0 -0.874857
    outer loop
      vertex 29.5961 16.8 110.04
      vertex 29.3017 -14.3 110.203
      vertex 29.3017 16.8 110.203
    endloop
  endfacet
  facet normal -0.579269 0 -0.815136
    outer loop
      vertex 29.5961 -14.3 110.04
      vertex 29.8705 16.8 109.845
      vertex 29.8705 -14.3 109.845
    endloop
  endfacet
  facet normal -0.579269 0 -0.815136
    outer loop
      vertex 29.8705 16.8 109.845
      vertex 29.5961 -14.3 110.04
      vertex 29.5961 16.8 110.04
    endloop
  endfacet
  facet normal -0.874907 -0 -0.484292
    outer loop
      vertex 30.7029 12.4 108.802
      vertex 30.7029 -14.3 108.802
      vertex 30.5933 12.4 109
    endloop
  endfacet
  facet normal -0.875059 0 -0.484017
    outer loop
      vertex 30.5933 12.4 109
      vertex 30.5402 16.8 109.096
      vertex 30.5933 16.8 109
    endloop
  endfacet
  facet normal -0.874956 -8.69405e-07 -0.484202
    outer loop
      vertex 30.5402 -14.3 109.096
      vertex 30.5933 12.4 109
      vertex 30.7029 -14.3 108.802
    endloop
  endfacet
  facet normal -0.875059 0 -0.484017
    outer loop
      vertex 30.5933 12.4 109
      vertex 30.5402 -14.3 109.096
      vertex 30.5402 16.8 109.096
    endloop
  endfacet
  facet normal -0.745801 0 -0.666169
    outer loop
      vertex 30.3455 -14.3 109.37
      vertex 30.1213 16.8 109.621
      vertex 30.3455 16.8 109.37
    endloop
  endfacet
  facet normal -0.745801 -0 -0.666169
    outer loop
      vertex 30.1213 16.8 109.621
      vertex 30.3455 -14.3 109.37
      vertex 30.1213 -14.3 109.621
    endloop
  endfacet
  facet normal -0.815547 0 0.578691
    outer loop
      vertex 30.3455 -14.3 3.62953
      vertex 30.5402 16.8 3.90392
      vertex 30.3455 16.8 3.62953
    endloop
  endfacet
  facet normal -0.815547 0 0.578691
    outer loop
      vertex 30.5402 16.8 3.90392
      vertex 30.3455 -14.3 3.62953
      vertex 30.5402 -14.3 3.90392
    endloop
  endfacet
  facet normal -0.0561186 0 0.998424
    outer loop
      vertex 28 16.8 2.5
      vertex 28.3359 -14.3 2.51888
      vertex 28.3359 16.8 2.51888
    endloop
  endfacet
  facet normal -0.0561186 0 0.998424
    outer loop
      vertex 28.3359 -14.3 2.51888
      vertex 28 16.8 2.5
      vertex 28 -14.3 2.5
    endloop
  endfacet
  facet normal -0.745589 0 0.666406
    outer loop
      vertex 30.1213 -14.3 3.37869
      vertex 30.3455 16.8 3.62953
      vertex 30.1213 16.8 3.37869
    endloop
  endfacet
  facet normal -0.745589 0 0.666406
    outer loop
      vertex 30.3455 16.8 3.62953
      vertex 30.1213 -14.3 3.37869
      vertex 30.3455 -14.3 3.62953
    endloop
  endfacet
  facet normal 0.38261 0 0.92391
    outer loop
      vertex -29.3017 16.8 2.7971
      vertex -28.9908 -14.3 2.66835
      vertex -28.9908 16.8 2.66835
    endloop
  endfacet
  facet normal 0.38261 0 0.92391
    outer loop
      vertex -28.9908 -14.3 2.66835
      vertex -29.3017 16.8 2.7971
      vertex -29.3017 -14.3 2.7971
    endloop
  endfacet
  facet normal 0.815158 0 -0.579238
    outer loop
      vertex -30.3455 -14.3 109.37
      vertex -30.5402 16.8 109.096
      vertex -30.3455 16.8 109.37
    endloop
  endfacet
  facet normal 0.815158 0 -0.579238
    outer loop
      vertex -30.5402 16.8 109.096
      vertex -30.3455 -14.3 109.37
      vertex -30.5402 -14.3 109.096
    endloop
  endfacet
  facet normal 0.875059 0 -0.484017
    outer loop
      vertex -30.5402 16.8 109.096
      vertex -30.5933 12.4 109
      vertex -30.5933 16.8 109
    endloop
  endfacet
  facet normal 0.875059 0 -0.484017
    outer loop
      vertex -30.5402 -14.3 109.096
      vertex -30.5933 12.4 109
      vertex -30.5402 16.8 109.096
    endloop
  endfacet
  facet normal 0.874907 -1.29086e-06 -0.484292
    outer loop
      vertex -30.5402 -14.3 109.096
      vertex -30.7029 12.4 108.802
      vertex -30.5933 12.4 109
    endloop
  endfacet
  facet normal 0.874956 0 -0.484202
    outer loop
      vertex -30.7029 12.4 108.802
      vertex -30.5402 -14.3 109.096
      vertex -30.7029 -14.3 108.802
    endloop
  endfacet
  facet normal -0.164781 0 -0.98633
    outer loop
      vertex 28.6676 -14.3 110.425
      vertex 28.5 -6.7 110.453
      vertex 28.6676 16.8 110.425
    endloop
  endfacet
  facet normal -0.171394 -0.000149989 -0.985203
    outer loop
      vertex 28.6676 -14.3 110.425
      vertex 28.4717 -7.20384 110.458
      vertex 28.5 -6.7 110.453
    endloop
  endfacet
  facet normal -0.163824 6.49559e-05 -0.98649
    outer loop
      vertex 28.6676 -14.3 110.425
      vertex 28.3872 -7.70134 110.472
      vertex 28.4717 -7.20384 110.458
    endloop
  endfacet
  facet normal -0.166471 -0 -0.986046
    outer loop
      vertex 28.3359 -7.87935 110.481
      vertex 28.6676 -14.3 110.425
      vertex 28.3359 -14.3 110.481
    endloop
  endfacet
  facet normal -0.171839 -0.000285323 -0.985125
    outer loop
      vertex 28.6676 -14.3 110.425
      vertex 28.3359 -7.87935 110.481
      vertex 28.3872 -7.70134 110.472
    endloop
  endfacet
  facet normal -0.172949 5.99243e-05 -0.984931
    outer loop
      vertex 28.4717 -6.19616 110.458
      vertex 28.6676 16.8 110.425
      vertex 28.5 -6.7 110.453
    endloop
  endfacet
  facet normal -0.163579 -2.219e-05 -0.98653
    outer loop
      vertex 28.3872 -5.69866 110.472
      vertex 28.6676 16.8 110.425
      vertex 28.4717 -6.19616 110.458
    endloop
  endfacet
  facet normal -0.17249 9.20307e-05 -0.985011
    outer loop
      vertex 28.3359 -5.52065 110.481
      vertex 28.6676 16.8 110.425
      vertex 28.3872 -5.69866 110.472
    endloop
  endfacet
  facet normal -0.166471 0 -0.986046
    outer loop
      vertex 28.6676 16.8 110.425
      vertex 28.3359 -5.52065 110.481
      vertex 28.3359 16.8 110.481
    endloop
  endfacet
  facet normal -0.875229 0 0.483708
    outer loop
      vertex 30.5402 16.8 3.90392
      vertex 30.5933 12.4 4
      vertex 30.5933 16.8 4
    endloop
  endfacet
  facet normal -0.875229 0 0.483708
    outer loop
      vertex 30.5402 -14.3 3.90392
      vertex 30.5933 12.4 4
      vertex 30.5402 16.8 3.90392
    endloop
  endfacet
  facet normal -0.875269 3.33353e-07 0.483637
    outer loop
      vertex 30.5402 -14.3 3.90392
      vertex 30.7029 12.4 4.19835
      vertex 30.5933 12.4 4
    endloop
  endfacet
  facet normal -0.875256 0 0.48366
    outer loop
      vertex 30.7029 12.4 4.19835
      vertex 30.5402 -14.3 3.90392
      vertex 30.7029 -14.3 4.19835
    endloop
  endfacet
  facet normal -0.167483 0 0.985875
    outer loop
      vertex 28.3359 16.8 2.51888
      vertex 28.6676 -14.3 2.57523
      vertex 28.6676 16.8 2.57523
    endloop
  endfacet
  facet normal -0.167483 0 0.985875
    outer loop
      vertex 28.6676 -14.3 2.57523
      vertex 28.3359 16.8 2.51888
      vertex 28.3359 -14.3 2.51888
    endloop
  endfacet
  facet normal -0.483789 0 0.875185
    outer loop
      vertex 29.3017 16.8 2.7971
      vertex 29.5961 -14.3 2.95984
      vertex 29.5961 16.8 2.95984
    endloop
  endfacet
  facet normal -0.483789 0 0.875185
    outer loop
      vertex 29.5961 -14.3 2.95984
      vertex 29.3017 16.8 2.7971
      vertex 29.3017 -14.3 2.7971
    endloop
  endfacet
  facet normal -0.578618 0 0.815599
    outer loop
      vertex 29.5961 16.8 2.95984
      vertex 29.8705 -14.3 3.15451
      vertex 29.8705 16.8 3.15451
    endloop
  endfacet
  facet normal -0.578618 0 0.815599
    outer loop
      vertex 29.8705 -14.3 3.15451
      vertex 29.5961 16.8 2.95984
      vertex 29.5961 -14.3 2.95984
    endloop
  endfacet
  facet normal 0.578618 0 0.815599
    outer loop
      vertex -29.8705 16.8 3.15451
      vertex -29.5961 -14.3 2.95984
      vertex -29.5961 16.8 2.95984
    endloop
  endfacet
  facet normal 0.578618 0 0.815599
    outer loop
      vertex -29.5961 -14.3 2.95984
      vertex -29.8705 16.8 3.15451
      vertex -29.8705 -14.3 3.15451
    endloop
  endfacet
  facet normal 0.483789 0 0.875185
    outer loop
      vertex -29.5961 16.8 2.95984
      vertex -29.3017 -14.3 2.7971
      vertex -29.3017 16.8 2.7971
    endloop
  endfacet
  facet normal 0.483789 0 0.875185
    outer loop
      vertex -29.3017 -14.3 2.7971
      vertex -29.5961 16.8 2.95984
      vertex -29.5961 -14.3 2.95984
    endloop
  endfacet
  facet normal 0.815547 -0 0.578691
    outer loop
      vertex -30.5402 -14.3 3.90392
      vertex -30.3455 16.8 3.62953
      vertex -30.5402 16.8 3.90392
    endloop
  endfacet
  facet normal 0.815547 0 0.578691
    outer loop
      vertex -30.3455 16.8 3.62953
      vertex -30.5402 -14.3 3.90392
      vertex -30.3455 -14.3 3.62953
    endloop
  endfacet
  facet normal 0.276857 0 0.960911
    outer loop
      vertex -28.9908 16.8 2.66835
      vertex -28.6676 -14.3 2.57523
      vertex -28.6676 16.8 2.57523
    endloop
  endfacet
  facet normal 0.276857 0 0.960911
    outer loop
      vertex -28.6676 -14.3 2.57523
      vertex -28.9908 16.8 2.66835
      vertex -28.9908 -14.3 2.66835
    endloop
  endfacet
  facet normal 0.167483 0 0.985875
    outer loop
      vertex -28.6676 16.8 2.57523
      vertex -28.3359 -14.3 2.51888
      vertex -28.3359 16.8 2.51888
    endloop
  endfacet
  facet normal 0.167483 0 0.985875
    outer loop
      vertex -28.3359 -14.3 2.51888
      vertex -28.6676 16.8 2.57523
      vertex -28.6676 -14.3 2.57523
    endloop
  endfacet
  facet normal 0.0561186 0 0.998424
    outer loop
      vertex -28.3359 16.8 2.51888
      vertex -28 -14.3 2.5
      vertex -28 16.8 2.5
    endloop
  endfacet
  facet normal 0.0561186 0 0.998424
    outer loop
      vertex -28 -14.3 2.5
      vertex -28.3359 16.8 2.51888
      vertex -28.3359 -14.3 2.51888
    endloop
  endfacet
  facet normal 0.745589 -0 0.666406
    outer loop
      vertex -30.3455 -14.3 3.62953
      vertex -30.1213 16.8 3.37869
      vertex -30.3455 16.8 3.62953
    endloop
  endfacet
  facet normal 0.745589 0 0.666406
    outer loop
      vertex -30.1213 16.8 3.37869
      vertex -30.3455 -14.3 3.62953
      vertex -30.1213 -14.3 3.37869
    endloop
  endfacet
  facet normal 0.666432 0 0.745566
    outer loop
      vertex -30.1213 16.8 3.37869
      vertex -29.8705 -14.3 3.15451
      vertex -29.8705 16.8 3.15451
    endloop
  endfacet
  facet normal 0.666432 0 0.745566
    outer loop
      vertex -29.8705 -14.3 3.15451
      vertex -30.1213 16.8 3.37869
      vertex -30.1213 -14.3 3.37869
    endloop
  endfacet
  facet normal -0 0 1
    outer loop
      vertex -31 16.8 17
      vertex -18.5 12.4 17
      vertex -18.5 16.8 17
    endloop
  endfacet
  facet normal 0 0 1
    outer loop
      vertex -18.5 12.4 17
      vertex -31 16.8 17
      vertex -31 12.4 17
    endloop
  endfacet
  facet normal 1 -0 0
    outer loop
      vertex -18.5 12.4 17
      vertex -18.5 16.8 4
      vertex -18.5 16.8 17
    endloop
  endfacet
  facet normal 1 0 0
    outer loop
      vertex -18.5 16.8 4
      vertex -18.5 12.4 17
      vertex -18.5 12.4 4
    endloop
  endfacet
  facet normal 0 0 -1
    outer loop
      vertex -30.5933 12.4 4
      vertex -18.5 16.8 4
      vertex -18.5 12.4 4
    endloop
  endfacet
  facet normal -0 0 -1
    outer loop
      vertex -18.5 16.8 4
      vertex -30.5933 12.4 4
      vertex -30.5933 16.8 4
    endloop
  endfacet
  facet normal 0 -1 0
    outer loop
      vertex -31 12.4 5.5
      vertex -18.5 12.4 17
      vertex -31 12.4 17
    endloop
  endfacet
  facet normal 0 -1 0
    outer loop
      vertex -30.5933 12.4 4
      vertex -31 12.4 5.5
      vertex -30.9811 12.4 5.16411
    endloop
  endfacet
  facet normal 0 -1 0
    outer loop
      vertex -30.5933 12.4 4
      vertex -30.9811 12.4 5.16411
      vertex -30.9248 12.4 4.83244
    endloop
  endfacet
  facet normal 0 -1 0
    outer loop
      vertex -30.5933 12.4 4
      vertex -30.9248 12.4 4.83244
      vertex -30.8316 12.4 4.50917
    endloop
  endfacet
  facet normal 0 -1 0
    outer loop
      vertex -30.5933 12.4 4
      vertex -30.8316 12.4 4.50917
      vertex -30.7029 12.4 4.19835
    endloop
  endfacet
  facet normal 0 -1 0
    outer loop
      vertex -31 12.4 5.5
      vertex -30.5933 12.4 4
      vertex -18.5 12.4 4
    endloop
  endfacet
  facet normal 0 -1 0
    outer loop
      vertex -31 12.4 5.5
      vertex -18.5 12.4 4
      vertex -18.5 12.4 17
    endloop
  endfacet
  facet normal 0 0 1
    outer loop
      vertex -18.5 16.8 109
      vertex -19.2 13.5 109
      vertex -18.5 13.5 109
    endloop
  endfacet
  facet normal -0 0 1
    outer loop
      vertex -30.5933 16.8 109
      vertex -19.2 13.5 109
      vertex -18.5 16.8 109
    endloop
  endfacet
  facet normal 0 0 1
    outer loop
      vertex -30.5933 12.4 109
      vertex -19.2 13.5 109
      vertex -30.5933 16.8 109
    endloop
  endfacet
  facet normal 0 0 1
    outer loop
      vertex -19.2 13.5 109
      vertex -30.5933 12.4 109
      vertex -19.2 12.4 109
    endloop
  endfacet
  facet normal 1 0 0
    outer loop
      vertex -18.5 13.5 108.25
      vertex -18.5 16.8 109
      vertex -18.5 13.5 109
    endloop
  endfacet
  facet normal 1 0 0
    outer loop
      vertex -18.5 16.8 109
      vertex -18.5 13.5 108.25
      vertex -18.5 16.8 96
    endloop
  endfacet
  facet normal 1 0 0
    outer loop
      vertex -18.5 12.4 96
      vertex -18.5 13.5 108.25
      vertex -18.5 12.4 108.25
    endloop
  endfacet
  facet normal 1 0 0
    outer loop
      vertex -18.5 13.5 108.25
      vertex -18.5 12.4 96
      vertex -18.5 16.8 96
    endloop
  endfacet
  facet normal 0 0 -1
    outer loop
      vertex -31 12.4 96
      vertex -18.5 16.8 96
      vertex -18.5 12.4 96
    endloop
  endfacet
  facet normal -0 0 -1
    outer loop
      vertex -18.5 16.8 96
      vertex -31 12.4 96
      vertex -31 16.8 96
    endloop
  endfacet
  facet normal 0 -1 0
    outer loop
      vertex -30.8316 12.4 108.491
      vertex -30.5933 12.4 109
      vertex -30.7029 12.4 108.802
    endloop
  endfacet
  facet normal 0 -1 0
    outer loop
      vertex -30.5933 12.4 109
      vertex -30.8316 12.4 108.491
      vertex -31 12.4 107.5
    endloop
  endfacet
  facet normal 0 -1 0
    outer loop
      vertex -30.5933 12.4 109
      vertex -19.2 12.4 108.25
      vertex -19.2 12.4 109
    endloop
  endfacet
  facet normal 0 -1 0
    outer loop
      vertex -31 12.4 107.5
      vertex -30.8316 12.4 108.491
      vertex -30.9248 12.4 108.168
    endloop
  endfacet
  facet normal 0 -1 -0
    outer loop
      vertex -30.5933 12.4 109
      vertex -31 12.4 107.5
      vertex -19.2 12.4 108.25
    endloop
  endfacet
  facet normal 0 -1 0
    outer loop
      vertex -31 12.4 107.5
      vertex -30.9248 12.4 108.168
      vertex -30.9811 12.4 107.836
    endloop
  endfacet
  facet normal 0 -1 0
    outer loop
      vertex -18.5 12.4 96
      vertex -19.2 12.4 108.25
      vertex -31 12.4 107.5
    endloop
  endfacet
  facet normal 0 -1 0
    outer loop
      vertex -18.5 12.4 96
      vertex -31 12.4 107.5
      vertex -31 12.4 96
    endloop
  endfacet
  facet normal 0 -1 0
    outer loop
      vertex -19.2 12.4 108.25
      vertex -18.5 12.4 96
      vertex -18.5 12.4 108.25
    endloop
  endfacet
  facet normal -1 0 0
    outer loop
      vertex 18.5 12.4 4
      vertex 18.5 16.8 17
      vertex 18.5 16.8 4
    endloop
  endfacet
  facet normal -1 -0 0
    outer loop
      vertex 18.5 16.8 17
      vertex 18.5 12.4 4
      vertex 18.5 12.4 17
    endloop
  endfacet
  facet normal -0 0 1
    outer loop
      vertex 18.5 16.8 17
      vertex 31 12.4 17
      vertex 31 16.8 17
    endloop
  endfacet
  facet normal 0 0 1
    outer loop
      vertex 31 12.4 17
      vertex 18.5 16.8 17
      vertex 18.5 12.4 17
    endloop
  endfacet
  facet normal 0 0 -1
    outer loop
      vertex 18.5 12.4 4
      vertex 30.5933 16.8 4
      vertex 30.5933 12.4 4
    endloop
  endfacet
  facet normal -0 0 -1
    outer loop
      vertex 30.5933 16.8 4
      vertex 18.5 12.4 4
      vertex 18.5 16.8 4
    endloop
  endfacet
  facet normal 0 -1 0
    outer loop
      vertex 18.5 12.4 17
      vertex 31 12.4 5.5
      vertex 31 12.4 17
    endloop
  endfacet
  facet normal 0 -1 0
    outer loop
      vertex 18.5 12.4 4
      vertex 31 12.4 5.5
      vertex 18.5 12.4 17
    endloop
  endfacet
  facet normal 0 -1 0
    outer loop
      vertex 30.5933 12.4 4
      vertex 31 12.4 5.5
      vertex 18.5 12.4 4
    endloop
  endfacet
  facet normal 0 -1 0
    outer loop
      vertex 31 12.4 5.5
      vertex 30.5933 12.4 4
      vertex 30.9811 12.4 5.16411
    endloop
  endfacet
  facet normal 0 -1 0
    outer loop
      vertex 30.9811 12.4 5.16411
      vertex 30.5933 12.4 4
      vertex 30.9248 12.4 4.83244
    endloop
  endfacet
  facet normal 0 -1 0
    outer loop
      vertex 30.9248 12.4 4.83244
      vertex 30.5933 12.4 4
      vertex 30.8316 12.4 4.50917
    endloop
  endfacet
  facet normal 0 -1 0
    outer loop
      vertex 30.8316 12.4 4.50917
      vertex 30.5933 12.4 4
      vertex 30.7029 12.4 4.19835
    endloop
  endfacet
  facet normal -1 0 0
    outer loop
      vertex 18.5 16.8 96
      vertex 18.5 13.5 108.25
      vertex 18.5 16.8 109
    endloop
  endfacet
  facet normal -1 0 0
    outer loop
      vertex 18.5 12.4 96
      vertex 18.5 13.5 108.25
      vertex 18.5 16.8 96
    endloop
  endfacet
  facet normal -1 -0 0
    outer loop
      vertex 18.5 13.5 108.25
      vertex 18.5 12.4 96
      vertex 18.5 12.4 108.25
    endloop
  endfacet
  facet normal -1 -0 0
    outer loop
      vertex 18.5 16.8 109
      vertex 18.5 13.5 108.25
      vertex 18.5 13.5 109
    endloop
  endfacet
  facet normal 0 0 1
    outer loop
      vertex 30.5933 16.8 109
      vertex 19.2 13.5 109
      vertex 30.5933 12.4 109
    endloop
  endfacet
  facet normal -0 0 1
    outer loop
      vertex 18.5 16.8 109
      vertex 19.2 13.5 109
      vertex 30.5933 16.8 109
    endloop
  endfacet
  facet normal 0 0 1
    outer loop
      vertex 19.2 13.5 109
      vertex 18.5 16.8 109
      vertex 18.5 13.5 109
    endloop
  endfacet
  facet normal 0 0 1
    outer loop
      vertex 30.5933 12.4 109
      vertex 19.2 13.5 109
      vertex 19.2 12.4 109
    endloop
  endfacet
  facet normal 0 0 -1
    outer loop
      vertex 18.5 12.4 96
      vertex 31 16.8 96
      vertex 31 12.4 96
    endloop
  endfacet
  facet normal -0 0 -1
    outer loop
      vertex 31 16.8 96
      vertex 18.5 12.4 96
      vertex 18.5 16.8 96
    endloop
  endfacet
  facet normal 0 -1 0
    outer loop
      vertex 18.5 12.4 96
      vertex 19.2 12.4 108.25
      vertex 18.5 12.4 108.25
    endloop
  endfacet
  facet normal 0 -1 0
    outer loop
      vertex 19.2 12.4 108.25
      vertex 31 12.4 107.5
      vertex 30.9248 12.4 108.168
    endloop
  endfacet
  facet normal 0 -1 0
    outer loop
      vertex 30.9248 12.4 108.168
      vertex 31 12.4 107.5
      vertex 30.9811 12.4 107.836
    endloop
  endfacet
  facet normal 0 -1 -0
    outer loop
      vertex 19.2 12.4 108.25
      vertex 18.5 12.4 96
      vertex 31 12.4 107.5
    endloop
  endfacet
  facet normal 0 -1 -0
    outer loop
      vertex 31 12.4 107.5
      vertex 18.5 12.4 96
      vertex 31 12.4 96
    endloop
  endfacet
  facet normal 0 -1 0
    outer loop
      vertex 19.2 12.4 108.25
      vertex 30.5933 12.4 109
      vertex 19.2 12.4 109
    endloop
  endfacet
  facet normal 0 -1 0
    outer loop
      vertex 30.9248 12.4 108.168
      vertex 30.5933 12.4 109
      vertex 19.2 12.4 108.25
    endloop
  endfacet
  facet normal -0 -1 -0
    outer loop
      vertex 30.8316 12.4 108.491
      vertex 30.5933 12.4 109
      vertex 30.9248 12.4 108.168
    endloop
  endfacet
  facet normal 0 -1 0
    outer loop
      vertex 30.5933 12.4 109
      vertex 30.8316 12.4 108.491
      vertex 30.7029 12.4 108.802
    endloop
  endfacet
  facet normal 0.578683 0 -0.815553
    outer loop
      vertex -20.1379 -14.3 8.53646
      vertex -19.8178 -9.8 8.76359
      vertex -19.8178 -14.3 8.76359
    endloop
  endfacet
  facet normal 0.578683 0 -0.815553
    outer loop
      vertex -19.8178 -9.8 8.76359
      vertex -20.1379 -14.3 8.53646
      vertex -20.1379 -9.8 8.53646
    endloop
  endfacet
  facet normal -0.382697 0 -0.923874
    outer loop
      vertex -23.5186 -14.3 8.34661
      vertex -23.156 -9.8 8.19641
      vertex -23.156 -14.3 8.19641
    endloop
  endfacet
  facet normal -0.382697 0 -0.923874
    outer loop
      vertex -23.156 -9.8 8.19641
      vertex -23.5186 -14.3 8.34661
      vertex -23.5186 -9.8 8.34661
    endloop
  endfacet
  facet normal -0.875177 0 -0.483803
    outer loop
      vertex -24.9635 -14.3 9.63789
      vertex -25.1534 -9.8 9.98141
      vertex -24.9635 -9.8 9.63789
    endloop
  endfacet
  facet normal -0.875177 -0 -0.483803
    outer loop
      vertex -25.1534 -9.8 9.98141
      vertex -24.9635 -14.3 9.63789
      vertex -25.1534 -14.3 9.98141
    endloop
  endfacet
  facet normal 0.998428 -0 0.0560485
    outer loop
      vertex -18.522 -14.3 11.8919
      vertex -18.5 -9.8 11.5
      vertex -18.522 -9.8 11.8919
    endloop
  endfacet
  facet normal 0.998428 0 0.0560485
    outer loop
      vertex -18.5 -9.8 11.5
      vertex -18.522 -14.3 11.8919
      vertex -18.5 -14.3 11.5
    endloop
  endfacet
  facet normal -0.483825 0 0.875165
    outer loop
      vertex -23.8621 -9.8 14.4635
      vertex -23.5186 -14.3 14.6534
      vertex -23.5186 -9.8 14.6534
    endloop
  endfacet
  facet normal -0.483825 0 0.875165
    outer loop
      vertex -23.5186 -14.3 14.6534
      vertex -23.8621 -9.8 14.4635
      vertex -23.8621 -14.3 14.4635
    endloop
  endfacet
  facet normal 0.92387 0 -0.382706
    outer loop
      vertex -18.6964 -14.3 10.344
      vertex -18.8466 -9.8 9.98141
      vertex -18.6964 -9.8 10.344
    endloop
  endfacet
  facet normal 0.92387 0 -0.382706
    outer loop
      vertex -18.8466 -9.8 9.98141
      vertex -18.6964 -14.3 10.344
      vertex -18.8466 -14.3 9.98141
    endloop
  endfacet
  facet normal 0.985844 0 -0.167662
    outer loop
      vertex -18.522 -14.3 11.1081
      vertex -18.5878 -9.8 10.7212
      vertex -18.522 -9.8 11.1081
    endloop
  endfacet
  facet normal 0.985844 0 -0.167662
    outer loop
      vertex -18.5878 -9.8 10.7212
      vertex -18.522 -14.3 11.1081
      vertex -18.5878 -14.3 10.7212
    endloop
  endfacet
  facet normal 0.875177 0 -0.483803
    outer loop
      vertex -18.8466 -14.3 9.98141
      vertex -19.0365 -9.8 9.63789
      vertex -18.8466 -9.8 9.98141
    endloop
  endfacet
  facet normal 0.875177 0 -0.483803
    outer loop
      vertex -19.0365 -9.8 9.63789
      vertex -18.8466 -14.3 9.98141
      vertex -19.0365 -14.3 9.63789
    endloop
  endfacet
  facet normal 0.276813 0 -0.960924
    outer loop
      vertex -21.2212 -14.3 8.08775
      vertex -20.844 -9.8 8.19641
      vertex -20.844 -14.3 8.19641
    endloop
  endfacet
  facet normal 0.276813 0 -0.960924
    outer loop
      vertex -20.844 -9.8 8.19641
      vertex -21.2212 -14.3 8.08775
      vertex -21.2212 -9.8 8.08775
    endloop
  endfacet
  facet normal 0.0560739 0 -0.998427
    outer loop
      vertex -22 -14.3 8
      vertex -21.6081 -9.8 8.02201
      vertex -21.6081 -14.3 8.02201
    endloop
  endfacet
  facet normal 0.0560739 0 -0.998427
    outer loop
      vertex -21.6081 -9.8 8.02201
      vertex -22 -14.3 8
      vertex -22 -9.8 8
    endloop
  endfacet
  facet normal -0.985844 0 -0.167662
    outer loop
      vertex -25.4122 -14.3 10.7212
      vertex -25.478 -9.8 11.1081
      vertex -25.4122 -9.8 10.7212
    endloop
  endfacet
  facet normal -0.985844 -0 -0.167662
    outer loop
      vertex -25.478 -9.8 11.1081
      vertex -25.4122 -14.3 10.7212
      vertex -25.478 -14.3 11.1081
    endloop
  endfacet
  facet normal -0.745689 0 -0.666294
    outer loop
      vertex -24.4749 -14.3 9.02513
      vertex -24.7364 -9.8 9.31779
      vertex -24.4749 -9.8 9.02513
    endloop
  endfacet
  facet normal -0.745689 -0 -0.666294
    outer loop
      vertex -24.7364 -9.8 9.31779
      vertex -24.4749 -14.3 9.02513
      vertex -24.7364 -14.3 9.31779
    endloop
  endfacet
  facet normal -0.167514 0 -0.98587
    outer loop
      vertex -22.7788 -14.3 8.08775
      vertex -22.3919 -9.8 8.02201
      vertex -22.3919 -14.3 8.02201
    endloop
  endfacet
  facet normal -0.167514 0 -0.98587
    outer loop
      vertex -22.3919 -9.8 8.02201
      vertex -22.7788 -14.3 8.08775
      vertex -22.7788 -9.8 8.08775
    endloop
  endfacet
  facet normal -0.6663 0 -0.745684
    outer loop
      vertex -24.4749 -14.3 9.02513
      vertex -24.1822 -9.8 8.76359
      vertex -24.1822 -14.3 8.76359
    endloop
  endfacet
  facet normal -0.6663 0 -0.745684
    outer loop
      vertex -24.1822 -9.8 8.76359
      vertex -24.4749 -14.3 9.02513
      vertex -24.4749 -9.8 9.02513
    endloop
  endfacet
  facet normal 0.923874 -0 0.382697
    outer loop
      vertex -18.8466 -14.3 13.0186
      vertex -18.6964 -9.8 12.656
      vertex -18.8466 -9.8 13.0186
    endloop
  endfacet
  facet normal 0.923874 0 0.382697
    outer loop
      vertex -18.6964 -9.8 12.656
      vertex -18.8466 -14.3 13.0186
      vertex -18.6964 -14.3 12.656
    endloop
  endfacet
  facet normal -0.167662 0 0.985844
    outer loop
      vertex -22.7788 -9.8 14.9122
      vertex -22.3919 -14.3 14.978
      vertex -22.3919 -9.8 14.978
    endloop
  endfacet
  facet normal -0.167662 0 0.985844
    outer loop
      vertex -22.3919 -14.3 14.978
      vertex -22.7788 -9.8 14.9122
      vertex -22.7788 -14.3 14.9122
    endloop
  endfacet
  facet normal -0.666244 0 0.745734
    outer loop
      vertex -24.4749 -9.8 13.9749
      vertex -24.1822 -14.3 14.2364
      vertex -24.1822 -9.8 14.2364
    endloop
  endfacet
  facet normal -0.666244 0 0.745734
    outer loop
      vertex -24.1822 -14.3 14.2364
      vertex -24.4749 -9.8 13.9749
      vertex -24.4749 -14.3 13.9749
    endloop
  endfacet
  facet normal 0.960964 0 -0.276672
    outer loop
      vertex -18.5878 -14.3 10.7212
      vertex -18.6964 -9.8 10.344
      vertex -18.5878 -9.8 10.7212
    endloop
  endfacet
  facet normal 0.960964 0 -0.276672
    outer loop
      vertex -18.6964 -9.8 10.344
      vertex -18.5878 -14.3 10.7212
      vertex -18.6964 -14.3 10.344
    endloop
  endfacet
  facet normal 0.745689 0 -0.666294
    outer loop
      vertex -19.2636 -14.3 9.31779
      vertex -19.5251 -9.8 9.02513
      vertex -19.2636 -9.8 9.31779
    endloop
  endfacet
  facet normal 0.745689 0 -0.666294
    outer loop
      vertex -19.5251 -9.8 9.02513
      vertex -19.2636 -14.3 9.31779
      vertex -19.5251 -14.3 9.02513
    endloop
  endfacet
  facet normal 0.815589 0 -0.578632
    outer loop
      vertex -19.0365 -14.3 9.63789
      vertex -19.2636 -9.8 9.31779
      vertex -19.0365 -9.8 9.63789
    endloop
  endfacet
  facet normal 0.815589 0 -0.578632
    outer loop
      vertex -19.2636 -9.8 9.31779
      vertex -19.0365 -14.3 9.63789
      vertex -19.2636 -14.3 9.31779
    endloop
  endfacet
  facet normal 0.6663 0 -0.745684
    outer loop
      vertex -19.8178 -14.3 8.76359
      vertex -19.5251 -9.8 9.02513
      vertex -19.5251 -14.3 9.02513
    endloop
  endfacet
  facet normal 0.6663 0 -0.745684
    outer loop
      vertex -19.5251 -9.8 9.02513
      vertex -19.8178 -14.3 8.76359
      vertex -19.8178 -9.8 8.76359
    endloop
  endfacet
  facet normal 0.483727 0 -0.875219
    outer loop
      vertex -20.4814 -14.3 8.34661
      vertex -20.1379 -9.8 8.53646
      vertex -20.1379 -14.3 8.53646
    endloop
  endfacet
  facet normal 0.483727 0 -0.875219
    outer loop
      vertex -20.1379 -9.8 8.53646
      vertex -20.4814 -14.3 8.34661
      vertex -20.4814 -9.8 8.34661
    endloop
  endfacet
  facet normal -0.0560739 0 -0.998427
    outer loop
      vertex -22.3919 -14.3 8.02201
      vertex -22 -9.8 8
      vertex -22 -14.3 8
    endloop
  endfacet
  facet normal -0.0560739 0 -0.998427
    outer loop
      vertex -22 -9.8 8
      vertex -22.3919 -14.3 8.02201
      vertex -22.3919 -9.8 8.02201
    endloop
  endfacet
  facet normal 0.382697 0 -0.923874
    outer loop
      vertex -20.844 -14.3 8.19641
      vertex -20.4814 -9.8 8.34661
      vertex -20.4814 -14.3 8.34661
    endloop
  endfacet
  facet normal 0.382697 0 -0.923874
    outer loop
      vertex -20.4814 -9.8 8.34661
      vertex -20.844 -14.3 8.19641
      vertex -20.844 -9.8 8.19641
    endloop
  endfacet
  facet normal 0.167514 0 -0.98587
    outer loop
      vertex -21.6081 -14.3 8.02201
      vertex -21.2212 -9.8 8.08775
      vertex -21.2212 -14.3 8.08775
    endloop
  endfacet
  facet normal 0.167514 0 -0.98587
    outer loop
      vertex -21.2212 -9.8 8.08775
      vertex -21.6081 -14.3 8.02201
      vertex -21.6081 -9.8 8.02201
    endloop
  endfacet
  facet normal -0.998428 0 -0.0560485
    outer loop
      vertex -25.478 -14.3 11.1081
      vertex -25.5 -9.8 11.5
      vertex -25.478 -9.8 11.1081
    endloop
  endfacet
  facet normal -0.998428 -0 -0.0560485
    outer loop
      vertex -25.5 -9.8 11.5
      vertex -25.478 -14.3 11.1081
      vertex -25.5 -14.3 11.5
    endloop
  endfacet
  facet normal 0 1 0
    outer loop
      vertex -21.6081 -9.8 14.978
      vertex -22.3919 -9.8 14.978
      vertex -22 -9.8 15
    endloop
  endfacet
  facet normal 0 1 0
    outer loop
      vertex -21.2212 -9.8 14.9122
      vertex -22.3919 -9.8 14.978
      vertex -21.6081 -9.8 14.978
    endloop
  endfacet
  facet normal 0 1 0
    outer loop
      vertex -21.2212 -9.8 14.9122
      vertex -22.7788 -9.8 14.9122
      vertex -22.3919 -9.8 14.978
    endloop
  endfacet
  facet normal 0 1 0
    outer loop
      vertex -20.844 -9.8 14.8036
      vertex -22.7788 -9.8 14.9122
      vertex -21.2212 -9.8 14.9122
    endloop
  endfacet
  facet normal 0 1 0
    outer loop
      vertex -20.844 -9.8 14.8036
      vertex -23.156 -9.8 14.8036
      vertex -22.7788 -9.8 14.9122
    endloop
  endfacet
  facet normal 0 1 0
    outer loop
      vertex -20.4814 -9.8 14.6534
      vertex -23.156 -9.8 14.8036
      vertex -20.844 -9.8 14.8036
    endloop
  endfacet
  facet normal 0 1 0
    outer loop
      vertex -20.4814 -9.8 14.6534
      vertex -23.5186 -9.8 14.6534
      vertex -23.156 -9.8 14.8036
    endloop
  endfacet
  facet normal 0 1 0
    outer loop
      vertex -20.1379 -9.8 14.4635
      vertex -23.5186 -9.8 14.6534
      vertex -20.4814 -9.8 14.6534
    endloop
  endfacet
  facet normal 0 1 0
    outer loop
      vertex -20.1379 -9.8 14.4635
      vertex -23.8621 -9.8 14.4635
      vertex -23.5186 -9.8 14.6534
    endloop
  endfacet
  facet normal 0 1 0
    outer loop
      vertex -19.8178 -9.8 14.2364
      vertex -23.8621 -9.8 14.4635
      vertex -20.1379 -9.8 14.4635
    endloop
  endfacet
  facet normal 0 1 0
    outer loop
      vertex -19.8178 -9.8 14.2364
      vertex -24.1822 -9.8 14.2364
      vertex -23.8621 -9.8 14.4635
    endloop
  endfacet
  facet normal 0 1 0
    outer loop
      vertex -19.5251 -9.8 13.9749
      vertex -24.1822 -9.8 14.2364
      vertex -19.8178 -9.8 14.2364
    endloop
  endfacet
  facet normal 0 1 0
    outer loop
      vertex -19.5251 -9.8 13.9749
      vertex -24.4749 -9.8 13.9749
      vertex -24.1822 -9.8 14.2364
    endloop
  endfacet
  facet normal 0 1 0
    outer loop
      vertex -19.2636 -9.8 13.6822
      vertex -24.4749 -9.8 13.9749
      vertex -19.5251 -9.8 13.9749
    endloop
  endfacet
  facet normal 0 1 0
    outer loop
      vertex -19.2636 -9.8 13.6822
      vertex -24.7364 -9.8 13.6822
      vertex -24.4749 -9.8 13.9749
    endloop
  endfacet
  facet normal 0 1 0
    outer loop
      vertex -19.0365 -9.8 13.3621
      vertex -24.7364 -9.8 13.6822
      vertex -19.2636 -9.8 13.6822
    endloop
  endfacet
  facet normal 0 1 0
    outer loop
      vertex -19.0365 -9.8 13.3621
      vertex -24.9635 -9.8 13.3621
      vertex -24.7364 -9.8 13.6822
    endloop
  endfacet
  facet normal 0 1 0
    outer loop
      vertex -18.8466 -9.8 13.0186
      vertex -24.9635 -9.8 13.3621
      vertex -19.0365 -9.8 13.3621
    endloop
  endfacet
  facet normal 0 1 0
    outer loop
      vertex -18.8466 -9.8 13.0186
      vertex -25.1534 -9.8 13.0186
      vertex -24.9635 -9.8 13.3621
    endloop
  endfacet
  facet normal 0 1 0
    outer loop
      vertex -18.6964 -9.8 12.656
      vertex -25.1534 -9.8 13.0186
      vertex -18.8466 -9.8 13.0186
    endloop
  endfacet
  facet normal 0 1 0
    outer loop
      vertex -18.6964 -9.8 12.656
      vertex -25.3036 -9.8 12.656
      vertex -25.1534 -9.8 13.0186
    endloop
  endfacet
  facet normal 0 1 0
    outer loop
      vertex -18.5878 -9.8 12.2788
      vertex -25.3036 -9.8 12.656
      vertex -18.6964 -9.8 12.656
    endloop
  endfacet
  facet normal 0 1 0
    outer loop
      vertex -18.5878 -9.8 12.2788
      vertex -25.4122 -9.8 12.2788
      vertex -25.3036 -9.8 12.656
    endloop
  endfacet
  facet normal 0 1 0
    outer loop
      vertex -18.522 -9.8 11.8919
      vertex -25.4122 -9.8 12.2788
      vertex -18.5878 -9.8 12.2788
    endloop
  endfacet
  facet normal 0 1 0
    outer loop
      vertex -18.522 -9.8 11.8919
      vertex -25.478 -9.8 11.8919
      vertex -25.4122 -9.8 12.2788
    endloop
  endfacet
  facet normal 0 1 0
    outer loop
      vertex -18.5 -9.8 11.5
      vertex -25.478 -9.8 11.8919
      vertex -18.522 -9.8 11.8919
    endloop
  endfacet
  facet normal 0 1 0
    outer loop
      vertex -18.5 -9.8 11.5
      vertex -25.5 -9.8 11.5
      vertex -25.478 -9.8 11.8919
    endloop
  endfacet
  facet normal 0 1 -0
    outer loop
      vertex -18.522 -9.8 11.1081
      vertex -25.5 -9.8 11.5
      vertex -18.5 -9.8 11.5
    endloop
  endfacet
  facet normal 0 1 0
    outer loop
      vertex -18.522 -9.8 11.1081
      vertex -25.478 -9.8 11.1081
      vertex -25.5 -9.8 11.5
    endloop
  endfacet
  facet normal 0 1 -0
    outer loop
      vertex -18.5878 -9.8 10.7212
      vertex -25.478 -9.8 11.1081
      vertex -18.522 -9.8 11.1081
    endloop
  endfacet
  facet normal 0 1 0
    outer loop
      vertex -18.5878 -9.8 10.7212
      vertex -25.4122 -9.8 10.7212
      vertex -25.478 -9.8 11.1081
    endloop
  endfacet
  facet normal 0 1 -0
    outer loop
      vertex -18.6964 -9.8 10.344
      vertex -25.4122 -9.8 10.7212
      vertex -18.5878 -9.8 10.7212
    endloop
  endfacet
  facet normal 0 1 0
    outer loop
      vertex -18.6964 -9.8 10.344
      vertex -25.3036 -9.8 10.344
      vertex -25.4122 -9.8 10.7212
    endloop
  endfacet
  facet normal 0 1 -0
    outer loop
      vertex -18.8466 -9.8 9.98141
      vertex -25.3036 -9.8 10.344
      vertex -18.6964 -9.8 10.344
    endloop
  endfacet
  facet normal 0 1 0
    outer loop
      vertex -18.8466 -9.8 9.98141
      vertex -25.1534 -9.8 9.98141
      vertex -25.3036 -9.8 10.344
    endloop
  endfacet
  facet normal 0 1 -0
    outer loop
      vertex -19.0365 -9.8 9.63789
      vertex -25.1534 -9.8 9.98141
      vertex -18.8466 -9.8 9.98141
    endloop
  endfacet
  facet normal 0 1 0
    outer loop
      vertex -19.0365 -9.8 9.63789
      vertex -24.9635 -9.8 9.63789
      vertex -25.1534 -9.8 9.98141
    endloop
  endfacet
  facet normal 0 1 -0
    outer loop
      vertex -19.2636 -9.8 9.31779
      vertex -24.9635 -9.8 9.63789
      vertex -19.0365 -9.8 9.63789
    endloop
  endfacet
  facet normal 0 1 0
    outer loop
      vertex -19.2636 -9.8 9.31779
      vertex -24.7364 -9.8 9.31779
      vertex -24.9635 -9.8 9.63789
    endloop
  endfacet
  facet normal 0 1 -0
    outer loop
      vertex -19.5251 -9.8 9.02513
      vertex -24.7364 -9.8 9.31779
      vertex -19.2636 -9.8 9.31779
    endloop
  endfacet
  facet normal 0 1 0
    outer loop
      vertex -19.5251 -9.8 9.02513
      vertex -24.4749 -9.8 9.02513
      vertex -24.7364 -9.8 9.31779
    endloop
  endfacet
  facet normal 0 1 -0
    outer loop
      vertex -19.8178 -9.8 8.76359
      vertex -24.4749 -9.8 9.02513
      vertex -19.5251 -9.8 9.02513
    endloop
  endfacet
  facet normal 0 1 0
    outer loop
      vertex -19.8178 -9.8 8.76359
      vertex -24.1822 -9.8 8.76359
      vertex -24.4749 -9.8 9.02513
    endloop
  endfacet
  facet normal 0 1 -0
    outer loop
      vertex -20.1379 -9.8 8.53646
      vertex -24.1822 -9.8 8.76359
      vertex -19.8178 -9.8 8.76359
    endloop
  endfacet
  facet normal 0 1 0
    outer loop
      vertex -20.1379 -9.8 8.53646
      vertex -23.8621 -9.8 8.53646
      vertex -24.1822 -9.8 8.76359
    endloop
  endfacet
  facet normal 0 1 -0
    outer loop
      vertex -20.4814 -9.8 8.34661
      vertex -23.8621 -9.8 8.53646
      vertex -20.1379 -9.8 8.53646
    endloop
  endfacet
  facet normal 0 1 0
    outer loop
      vertex -20.4814 -9.8 8.34661
      vertex -23.5186 -9.8 8.34661
      vertex -23.8621 -9.8 8.53646
    endloop
  endfacet
  facet normal 0 1 -0
    outer loop
      vertex -20.844 -9.8 8.19641
      vertex -23.5186 -9.8 8.34661
      vertex -20.4814 -9.8 8.34661
    endloop
  endfacet
  facet normal 0 1 0
    outer loop
      vertex -20.844 -9.8 8.19641
      vertex -23.156 -9.8 8.19641
      vertex -23.5186 -9.8 8.34661
    endloop
  endfacet
  facet normal 0 1 -0
    outer loop
      vertex -21.2212 -9.8 8.08775
      vertex -23.156 -9.8 8.19641
      vertex -20.844 -9.8 8.19641
    endloop
  endfacet
  facet normal 0 1 0
    outer loop
      vertex -21.2212 -9.8 8.08775
      vertex -22.7788 -9.8 8.08775
      vertex -23.156 -9.8 8.19641
    endloop
  endfacet
  facet normal 0 1 -0
    outer loop
      vertex -21.6081 -9.8 8.02201
      vertex -22.7788 -9.8 8.08775
      vertex -21.2212 -9.8 8.08775
    endloop
  endfacet
  facet normal 0 1 0
    outer loop
      vertex -21.6081 -9.8 8.02201
      vertex -22.3919 -9.8 8.02201
      vertex -22.7788 -9.8 8.08775
    endloop
  endfacet
  facet normal -0 1 0
    outer loop
      vertex -22.3919 -9.8 8.02201
      vertex -21.6081 -9.8 8.02201
      vertex -22 -9.8 8
    endloop
  endfacet
  facet normal -0.92387 0 -0.382706
    outer loop
      vertex -25.1534 -14.3 9.98141
      vertex -25.3036 -9.8 10.344
      vertex -25.1534 -9.8 9.98141
    endloop
  endfacet
  facet normal -0.92387 -0 -0.382706
    outer loop
      vertex -25.3036 -9.8 10.344
      vertex -25.1534 -14.3 9.98141
      vertex -25.3036 -14.3 10.344
    endloop
  endfacet
  facet normal -0.960964 0 -0.276672
    outer loop
      vertex -25.3036 -14.3 10.344
      vertex -25.4122 -9.8 10.7212
      vertex -25.3036 -9.8 10.344
    endloop
  endfacet
  facet normal -0.960964 -0 -0.276672
    outer loop
      vertex -25.4122 -9.8 10.7212
      vertex -25.3036 -14.3 10.344
      vertex -25.4122 -14.3 10.7212
    endloop
  endfacet
  facet normal -0.815589 0 -0.578632
    outer loop
      vertex -24.7364 -14.3 9.31779
      vertex -24.9635 -9.8 9.63789
      vertex -24.7364 -9.8 9.31779
    endloop
  endfacet
  facet normal -0.815589 -0 -0.578632
    outer loop
      vertex -24.9635 -9.8 9.63789
      vertex -24.7364 -14.3 9.31779
      vertex -24.9635 -14.3 9.63789
    endloop
  endfacet
  facet normal -0.276813 0 -0.960924
    outer loop
      vertex -23.156 -14.3 8.19641
      vertex -22.7788 -9.8 8.08775
      vertex -22.7788 -14.3 8.08775
    endloop
  endfacet
  facet normal -0.276813 0 -0.960924
    outer loop
      vertex -22.7788 -9.8 8.08775
      vertex -23.156 -14.3 8.19641
      vertex -23.156 -9.8 8.19641
    endloop
  endfacet
  facet normal -0.578683 0 -0.815553
    outer loop
      vertex -24.1822 -14.3 8.76359
      vertex -23.8621 -9.8 8.53646
      vertex -23.8621 -14.3 8.53646
    endloop
  endfacet
  facet normal -0.578683 0 -0.815553
    outer loop
      vertex -23.8621 -9.8 8.53646
      vertex -24.1822 -14.3 8.76359
      vertex -24.1822 -9.8 8.76359
    endloop
  endfacet
  facet normal -0.483727 0 -0.875219
    outer loop
      vertex -23.8621 -14.3 8.53646
      vertex -23.5186 -9.8 8.34661
      vertex -23.5186 -14.3 8.34661
    endloop
  endfacet
  facet normal -0.483727 0 -0.875219
    outer loop
      vertex -23.5186 -9.8 8.34661
      vertex -23.8621 -14.3 8.53646
      vertex -23.8621 -9.8 8.53646
    endloop
  endfacet
  facet normal 0.998428 0 -0.0560485
    outer loop
      vertex -18.5 -14.3 11.5
      vertex -18.522 -9.8 11.1081
      vertex -18.5 -9.8 11.5
    endloop
  endfacet
  facet normal 0.998428 0 -0.0560485
    outer loop
      vertex -18.522 -9.8 11.1081
      vertex -18.5 -14.3 11.5
      vertex -18.522 -14.3 11.1081
    endloop
  endfacet
  facet normal 0.0560485 0 0.998428
    outer loop
      vertex -22 -9.8 15
      vertex -21.6081 -14.3 14.978
      vertex -21.6081 -9.8 14.978
    endloop
  endfacet
  facet normal 0.0560485 0 0.998428
    outer loop
      vertex -21.6081 -14.3 14.978
      vertex -22 -9.8 15
      vertex -22 -14.3 15
    endloop
  endfacet
  facet normal 0.960964 -0 0.276672
    outer loop
      vertex -18.6964 -14.3 12.656
      vertex -18.5878 -9.8 12.2788
      vertex -18.6964 -9.8 12.656
    endloop
  endfacet
  facet normal 0.960964 0 0.276672
    outer loop
      vertex -18.5878 -9.8 12.2788
      vertex -18.6964 -14.3 12.656
      vertex -18.5878 -14.3 12.2788
    endloop
  endfacet
  facet normal 0.276672 0 0.960964
    outer loop
      vertex -21.2212 -9.8 14.9122
      vertex -20.844 -14.3 14.8036
      vertex -20.844 -9.8 14.8036
    endloop
  endfacet
  facet normal 0.276672 0 0.960964
    outer loop
      vertex -20.844 -14.3 14.8036
      vertex -21.2212 -9.8 14.9122
      vertex -21.2212 -14.3 14.9122
    endloop
  endfacet
  facet normal 0.666244 0 0.745734
    outer loop
      vertex -19.8178 -9.8 14.2364
      vertex -19.5251 -14.3 13.9749
      vertex -19.5251 -9.8 13.9749
    endloop
  endfacet
  facet normal 0.666244 0 0.745734
    outer loop
      vertex -19.5251 -14.3 13.9749
      vertex -19.8178 -9.8 14.2364
      vertex -19.8178 -14.3 14.2364
    endloop
  endfacet
  facet normal 0.483825 0 0.875165
    outer loop
      vertex -20.4814 -9.8 14.6534
      vertex -20.1379 -14.3 14.4635
      vertex -20.1379 -9.8 14.4635
    endloop
  endfacet
  facet normal 0.483825 0 0.875165
    outer loop
      vertex -20.1379 -14.3 14.4635
      vertex -20.4814 -9.8 14.6534
      vertex -20.4814 -14.3 14.6534
    endloop
  endfacet
  facet normal -0.382697 0 0.923874
    outer loop
      vertex -23.5186 -9.8 14.6534
      vertex -23.156 -14.3 14.8036
      vertex -23.156 -9.8 14.8036
    endloop
  endfacet
  facet normal -0.382697 0 0.923874
    outer loop
      vertex -23.156 -14.3 14.8036
      vertex -23.5186 -9.8 14.6534
      vertex -23.5186 -14.3 14.6534
    endloop
  endfacet
  facet normal -0.578632 0 0.815589
    outer loop
      vertex -24.1822 -9.8 14.2364
      vertex -23.8621 -14.3 14.4635
      vertex -23.8621 -9.8 14.4635
    endloop
  endfacet
  facet normal -0.578632 0 0.815589
    outer loop
      vertex -23.8621 -14.3 14.4635
      vertex -24.1822 -9.8 14.2364
      vertex -24.1822 -14.3 14.2364
    endloop
  endfacet
  facet normal -0.960964 0 0.276672
    outer loop
      vertex -25.4122 -14.3 12.2788
      vertex -25.3036 -9.8 12.656
      vertex -25.4122 -9.8 12.2788
    endloop
  endfacet
  facet normal -0.960964 0 0.276672
    outer loop
      vertex -25.3036 -9.8 12.656
      vertex -25.4122 -14.3 12.2788
      vertex -25.3036 -14.3 12.656
    endloop
  endfacet
  facet normal -0.998428 0 0.0560485
    outer loop
      vertex -25.5 -14.3 11.5
      vertex -25.478 -9.8 11.8919
      vertex -25.5 -9.8 11.5
    endloop
  endfacet
  facet normal -0.998428 0 0.0560485
    outer loop
      vertex -25.478 -9.8 11.8919
      vertex -25.5 -14.3 11.5
      vertex -25.478 -14.3 11.8919
    endloop
  endfacet
  facet normal -0.745734 0 0.666244
    outer loop
      vertex -24.7364 -14.3 13.6822
      vertex -24.4749 -9.8 13.9749
      vertex -24.7364 -9.8 13.6822
    endloop
  endfacet
  facet normal -0.745734 0 0.666244
    outer loop
      vertex -24.4749 -9.8 13.9749
      vertex -24.7364 -14.3 13.6822
      vertex -24.4749 -14.3 13.9749
    endloop
  endfacet
  facet normal -0.875165 0 0.483825
    outer loop
      vertex -25.1534 -14.3 13.0186
      vertex -24.9635 -9.8 13.3621
      vertex -25.1534 -9.8 13.0186
    endloop
  endfacet
  facet normal -0.875165 0 0.483825
    outer loop
      vertex -24.9635 -9.8 13.3621
      vertex -25.1534 -14.3 13.0186
      vertex -24.9635 -14.3 13.3621
    endloop
  endfacet
  facet normal 0.985844 -0 0.167662
    outer loop
      vertex -18.5878 -14.3 12.2788
      vertex -18.522 -9.8 11.8919
      vertex -18.5878 -9.8 12.2788
    endloop
  endfacet
  facet normal 0.985844 0 0.167662
    outer loop
      vertex -18.522 -9.8 11.8919
      vertex -18.5878 -14.3 12.2788
      vertex -18.522 -14.3 11.8919
    endloop
  endfacet
  facet normal 0.875165 -0 0.483825
    outer loop
      vertex -19.0365 -14.3 13.3621
      vertex -18.8466 -9.8 13.0186
      vertex -19.0365 -9.8 13.3621
    endloop
  endfacet
  facet normal 0.875165 0 0.483825
    outer loop
      vertex -18.8466 -9.8 13.0186
      vertex -19.0365 -14.3 13.3621
      vertex -18.8466 -14.3 13.0186
    endloop
  endfacet
  facet normal 0.815589 -0 0.578632
    outer loop
      vertex -19.2636 -14.3 13.6822
      vertex -19.0365 -9.8 13.3621
      vertex -19.2636 -9.8 13.6822
    endloop
  endfacet
  facet normal 0.815589 0 0.578632
    outer loop
      vertex -19.0365 -9.8 13.3621
      vertex -19.2636 -14.3 13.6822
      vertex -19.0365 -14.3 13.3621
    endloop
  endfacet
  facet normal 0.745734 -0 0.666244
    outer loop
      vertex -19.5251 -14.3 13.9749
      vertex -19.2636 -9.8 13.6822
      vertex -19.5251 -9.8 13.9749
    endloop
  endfacet
  facet normal 0.745734 0 0.666244
    outer loop
      vertex -19.2636 -9.8 13.6822
      vertex -19.5251 -14.3 13.9749
      vertex -19.2636 -14.3 13.6822
    endloop
  endfacet
  facet normal 0.167662 0 0.985844
    outer loop
      vertex -21.6081 -9.8 14.978
      vertex -21.2212 -14.3 14.9122
      vertex -21.2212 -9.8 14.9122
    endloop
  endfacet
  facet normal 0.167662 0 0.985844
    outer loop
      vertex -21.2212 -14.3 14.9122
      vertex -21.6081 -9.8 14.978
      vertex -21.6081 -14.3 14.978
    endloop
  endfacet
  facet normal 0.382697 0 0.923874
    outer loop
      vertex -20.844 -9.8 14.8036
      vertex -20.4814 -14.3 14.6534
      vertex -20.4814 -9.8 14.6534
    endloop
  endfacet
  facet normal 0.382697 0 0.923874
    outer loop
      vertex -20.4814 -14.3 14.6534
      vertex -20.844 -9.8 14.8036
      vertex -20.844 -14.3 14.8036
    endloop
  endfacet
  facet normal 0.578632 0 0.815589
    outer loop
      vertex -20.1379 -9.8 14.4635
      vertex -19.8178 -14.3 14.2364
      vertex -19.8178 -9.8 14.2364
    endloop
  endfacet
  facet normal 0.578632 0 0.815589
    outer loop
      vertex -19.8178 -14.3 14.2364
      vertex -20.1379 -9.8 14.4635
      vertex -20.1379 -14.3 14.4635
    endloop
  endfacet
  facet normal -0.0560485 0 0.998428
    outer loop
      vertex -22.3919 -9.8 14.978
      vertex -22 -14.3 15
      vertex -22 -9.8 15
    endloop
  endfacet
  facet normal -0.0560485 0 0.998428
    outer loop
      vertex -22 -14.3 15
      vertex -22.3919 -9.8 14.978
      vertex -22.3919 -14.3 14.978
    endloop
  endfacet
  facet normal -0.276672 0 0.960964
    outer loop
      vertex -23.156 -9.8 14.8036
      vertex -22.7788 -14.3 14.9122
      vertex -22.7788 -9.8 14.9122
    endloop
  endfacet
  facet normal -0.276672 0 0.960964
    outer loop
      vertex -22.7788 -14.3 14.9122
      vertex -23.156 -9.8 14.8036
      vertex -23.156 -14.3 14.8036
    endloop
  endfacet
  facet normal -0.923874 0 0.382697
    outer loop
      vertex -25.3036 -14.3 12.656
      vertex -25.1534 -9.8 13.0186
      vertex -25.3036 -9.8 12.656
    endloop
  endfacet
  facet normal -0.923874 0 0.382697
    outer loop
      vertex -25.1534 -9.8 13.0186
      vertex -25.3036 -14.3 12.656
      vertex -25.1534 -14.3 13.0186
    endloop
  endfacet
  facet normal -0.985844 0 0.167662
    outer loop
      vertex -25.478 -14.3 11.8919
      vertex -25.4122 -9.8 12.2788
      vertex -25.478 -9.8 11.8919
    endloop
  endfacet
  facet normal -0.985844 0 0.167662
    outer loop
      vertex -25.4122 -9.8 12.2788
      vertex -25.478 -14.3 11.8919
      vertex -25.4122 -14.3 12.2788
    endloop
  endfacet
  facet normal -0.815589 0 0.578632
    outer loop
      vertex -24.9635 -14.3 13.3621
      vertex -24.7364 -9.8 13.6822
      vertex -24.9635 -9.8 13.3621
    endloop
  endfacet
  facet normal -0.815589 0 0.578632
    outer loop
      vertex -24.7364 -9.8 13.6822
      vertex -24.9635 -14.3 13.3621
      vertex -24.7364 -14.3 13.6822
    endloop
  endfacet
  facet normal 0.998428 0 -0.0560485
    outer loop
      vertex -18.5 -14.3 84.5
      vertex -18.522 -9.8 84.1081
      vertex -18.5 -9.8 84.5
    endloop
  endfacet
  facet normal 0.998428 0 -0.0560485
    outer loop
      vertex -18.522 -9.8 84.1081
      vertex -18.5 -14.3 84.5
      vertex -18.522 -14.3 84.1081
    endloop
  endfacet
  facet normal -0.998428 0 -0.0560485
    outer loop
      vertex -25.478 -14.3 84.1081
      vertex -25.5 -9.8 84.5
      vertex -25.478 -9.8 84.1081
    endloop
  endfacet
  facet normal -0.998428 -0 -0.0560485
    outer loop
      vertex -25.5 -9.8 84.5
      vertex -25.478 -14.3 84.1081
      vertex -25.5 -14.3 84.5
    endloop
  endfacet
  facet normal -0.0560485 0 -0.998428
    outer loop
      vertex -22.3919 -14.3 81.022
      vertex -22 -9.8 81
      vertex -22 -14.3 81
    endloop
  endfacet
  facet normal -0.0560485 0 -0.998428
    outer loop
      vertex -22 -9.8 81
      vertex -22.3919 -14.3 81.022
      vertex -22.3919 -9.8 81.022
    endloop
  endfacet
  facet normal 0.666244 0 -0.745734
    outer loop
      vertex -19.8178 -14.3 81.7636
      vertex -19.5251 -9.8 82.0251
      vertex -19.5251 -14.3 82.0251
    endloop
  endfacet
  facet normal 0.666244 0 -0.745734
    outer loop
      vertex -19.5251 -9.8 82.0251
      vertex -19.8178 -14.3 81.7636
      vertex -19.8178 -9.8 81.7636
    endloop
  endfacet
  facet normal -0.666244 0 -0.745734
    outer loop
      vertex -24.4749 -14.3 82.0251
      vertex -24.1822 -9.8 81.7636
      vertex -24.1822 -14.3 81.7636
    endloop
  endfacet
  facet normal -0.666244 0 -0.745734
    outer loop
      vertex -24.1822 -9.8 81.7636
      vertex -24.4749 -14.3 82.0251
      vertex -24.4749 -9.8 82.0251
    endloop
  endfacet
  facet normal -0.382697 0 -0.923874
    outer loop
      vertex -23.5186 -14.3 81.3466
      vertex -23.156 -9.8 81.1964
      vertex -23.156 -14.3 81.1964
    endloop
  endfacet
  facet normal -0.382697 0 -0.923874
    outer loop
      vertex -23.156 -9.8 81.1964
      vertex -23.5186 -14.3 81.3466
      vertex -23.5186 -9.8 81.3466
    endloop
  endfacet
  facet normal -0.745734 0 0.666244
    outer loop
      vertex -24.7364 -14.3 86.6822
      vertex -24.4749 -9.8 86.9749
      vertex -24.7364 -9.8 86.6822
    endloop
  endfacet
  facet normal -0.745734 0 0.666244
    outer loop
      vertex -24.4749 -9.8 86.9749
      vertex -24.7364 -14.3 86.6822
      vertex -24.4749 -14.3 86.9749
    endloop
  endfacet
  facet normal 0.960964 0 -0.276672
    outer loop
      vertex -18.5878 -14.3 83.7212
      vertex -18.6964 -9.8 83.344
      vertex -18.5878 -9.8 83.7212
    endloop
  endfacet
  facet normal 0.960964 0 -0.276672
    outer loop
      vertex -18.6964 -9.8 83.344
      vertex -18.5878 -14.3 83.7212
      vertex -18.6964 -14.3 83.344
    endloop
  endfacet
  facet normal 0.985844 0 -0.167662
    outer loop
      vertex -18.522 -14.3 84.1081
      vertex -18.5878 -9.8 83.7212
      vertex -18.522 -9.8 84.1081
    endloop
  endfacet
  facet normal 0.985844 0 -0.167662
    outer loop
      vertex -18.5878 -9.8 83.7212
      vertex -18.522 -14.3 84.1081
      vertex -18.5878 -14.3 83.7212
    endloop
  endfacet
  facet normal 0.276672 0 -0.960964
    outer loop
      vertex -21.2212 -14.3 81.0878
      vertex -20.844 -9.8 81.1964
      vertex -20.844 -14.3 81.1964
    endloop
  endfacet
  facet normal 0.276672 0 -0.960964
    outer loop
      vertex -20.844 -9.8 81.1964
      vertex -21.2212 -14.3 81.0878
      vertex -21.2212 -9.8 81.0878
    endloop
  endfacet
  facet normal 0.167662 0 -0.985844
    outer loop
      vertex -21.6081 -14.3 81.022
      vertex -21.2212 -9.8 81.0878
      vertex -21.2212 -14.3 81.0878
    endloop
  endfacet
  facet normal 0.167662 0 -0.985844
    outer loop
      vertex -21.2212 -9.8 81.0878
      vertex -21.6081 -14.3 81.022
      vertex -21.6081 -9.8 81.022
    endloop
  endfacet
  facet normal -0.815589 0 -0.578632
    outer loop
      vertex -24.7364 -14.3 82.3178
      vertex -24.9635 -9.8 82.6379
      vertex -24.7364 -9.8 82.3178
    endloop
  endfacet
  facet normal -0.815589 -0 -0.578632
    outer loop
      vertex -24.9635 -9.8 82.6379
      vertex -24.7364 -14.3 82.3178
      vertex -24.9635 -14.3 82.6379
    endloop
  endfacet
  facet normal -0.745734 0 -0.666244
    outer loop
      vertex -24.4749 -14.3 82.0251
      vertex -24.7364 -9.8 82.3178
      vertex -24.4749 -9.8 82.0251
    endloop
  endfacet
  facet normal -0.745734 -0 -0.666244
    outer loop
      vertex -24.7364 -9.8 82.3178
      vertex -24.4749 -14.3 82.0251
      vertex -24.7364 -14.3 82.3178
    endloop
  endfacet
  facet normal -0.578632 0 -0.815589
    outer loop
      vertex -24.1822 -14.3 81.7636
      vertex -23.8621 -9.8 81.5365
      vertex -23.8621 -14.3 81.5365
    endloop
  endfacet
  facet normal -0.578632 0 -0.815589
    outer loop
      vertex -23.8621 -9.8 81.5365
      vertex -24.1822 -14.3 81.7636
      vertex -24.1822 -9.8 81.7636
    endloop
  endfacet
  facet normal -0.167662 0 -0.985844
    outer loop
      vertex -22.7788 -14.3 81.0878
      vertex -22.3919 -9.8 81.022
      vertex -22.3919 -14.3 81.022
    endloop
  endfacet
  facet normal -0.167662 0 -0.985844
    outer loop
      vertex -22.3919 -9.8 81.022
      vertex -22.7788 -14.3 81.0878
      vertex -22.7788 -9.8 81.0878
    endloop
  endfacet
  facet normal 0.875165 -0 0.483825
    outer loop
      vertex -19.0365 -14.3 86.3621
      vertex -18.8466 -9.8 86.0186
      vertex -19.0365 -9.8 86.3621
    endloop
  endfacet
  facet normal 0.875165 0 0.483825
    outer loop
      vertex -18.8466 -9.8 86.0186
      vertex -19.0365 -14.3 86.3621
      vertex -18.8466 -14.3 86.0186
    endloop
  endfacet
  facet normal 0.276672 0 0.960964
    outer loop
      vertex -21.2212 -9.8 87.9122
      vertex -20.844 -14.3 87.8036
      vertex -20.844 -9.8 87.8036
    endloop
  endfacet
  facet normal 0.276672 0 0.960964
    outer loop
      vertex -20.844 -14.3 87.8036
      vertex -21.2212 -9.8 87.9122
      vertex -21.2212 -14.3 87.9122
    endloop
  endfacet
  facet normal 0.985844 -0 0.167662
    outer loop
      vertex -18.5878 -14.3 85.2788
      vertex -18.522 -9.8 84.8919
      vertex -18.5878 -9.8 85.2788
    endloop
  endfacet
  facet normal 0.985844 0 0.167662
    outer loop
      vertex -18.522 -9.8 84.8919
      vertex -18.5878 -14.3 85.2788
      vertex -18.522 -14.3 84.8919
    endloop
  endfacet
  facet normal 0.960964 -0 0.276672
    outer loop
      vertex -18.6964 -14.3 85.656
      vertex -18.5878 -9.8 85.2788
      vertex -18.6964 -9.8 85.656
    endloop
  endfacet
  facet normal 0.960964 0 0.276672
    outer loop
      vertex -18.5878 -9.8 85.2788
      vertex -18.6964 -14.3 85.656
      vertex -18.5878 -14.3 85.2788
    endloop
  endfacet
  facet normal -0.382697 0 0.923874
    outer loop
      vertex -23.5186 -9.8 87.6534
      vertex -23.156 -14.3 87.8036
      vertex -23.156 -9.8 87.8036
    endloop
  endfacet
  facet normal -0.382697 0 0.923874
    outer loop
      vertex -23.156 -14.3 87.8036
      vertex -23.5186 -9.8 87.6534
      vertex -23.5186 -14.3 87.6534
    endloop
  endfacet
  facet normal -0.666244 0 0.745734
    outer loop
      vertex -24.4749 -9.8 86.9749
      vertex -24.1822 -14.3 87.2364
      vertex -24.1822 -9.8 87.2364
    endloop
  endfacet
  facet normal -0.666244 0 0.745734
    outer loop
      vertex -24.1822 -14.3 87.2364
      vertex -24.4749 -9.8 86.9749
      vertex -24.4749 -14.3 86.9749
    endloop
  endfacet
  facet normal -0.578632 0 0.815589
    outer loop
      vertex -24.1822 -9.8 87.2364
      vertex -23.8621 -14.3 87.4635
      vertex -23.8621 -9.8 87.4635
    endloop
  endfacet
  facet normal -0.578632 0 0.815589
    outer loop
      vertex -23.8621 -14.3 87.4635
      vertex -24.1822 -9.8 87.2364
      vertex -24.1822 -14.3 87.2364
    endloop
  endfacet
  facet normal 0.923874 0 -0.382697
    outer loop
      vertex -18.6964 -14.3 83.344
      vertex -18.8466 -9.8 82.9814
      vertex -18.6964 -9.8 83.344
    endloop
  endfacet
  facet normal 0.923874 0 -0.382697
    outer loop
      vertex -18.8466 -9.8 82.9814
      vertex -18.6964 -14.3 83.344
      vertex -18.8466 -14.3 82.9814
    endloop
  endfacet
  facet normal 0.875165 0 -0.483825
    outer loop
      vertex -18.8466 -14.3 82.9814
      vertex -19.0365 -9.8 82.6379
      vertex -18.8466 -9.8 82.9814
    endloop
  endfacet
  facet normal 0.875165 0 -0.483825
    outer loop
      vertex -19.0365 -9.8 82.6379
      vertex -18.8466 -14.3 82.9814
      vertex -19.0365 -14.3 82.6379
    endloop
  endfacet
  facet normal 0.815589 0 -0.578632
    outer loop
      vertex -19.0365 -14.3 82.6379
      vertex -19.2636 -9.8 82.3178
      vertex -19.0365 -9.8 82.6379
    endloop
  endfacet
  facet normal 0.815589 0 -0.578632
    outer loop
      vertex -19.2636 -9.8 82.3178
      vertex -19.0365 -14.3 82.6379
      vertex -19.2636 -14.3 82.3178
    endloop
  endfacet
  facet normal 0.0560485 0 -0.998428
    outer loop
      vertex -22 -14.3 81
      vertex -21.6081 -9.8 81.022
      vertex -21.6081 -14.3 81.022
    endloop
  endfacet
  facet normal 0.0560485 0 -0.998428
    outer loop
      vertex -21.6081 -9.8 81.022
      vertex -22 -14.3 81
      vertex -22 -9.8 81
    endloop
  endfacet
  facet normal 0.578632 0 -0.815589
    outer loop
      vertex -20.1379 -14.3 81.5365
      vertex -19.8178 -9.8 81.7636
      vertex -19.8178 -14.3 81.7636
    endloop
  endfacet
  facet normal 0.578632 0 -0.815589
    outer loop
      vertex -19.8178 -9.8 81.7636
      vertex -20.1379 -14.3 81.5365
      vertex -20.1379 -9.8 81.5365
    endloop
  endfacet
  facet normal 0.382697 0 -0.923874
    outer loop
      vertex -20.844 -14.3 81.1964
      vertex -20.4814 -9.8 81.3466
      vertex -20.4814 -14.3 81.3466
    endloop
  endfacet
  facet normal 0.382697 0 -0.923874
    outer loop
      vertex -20.4814 -9.8 81.3466
      vertex -20.844 -14.3 81.1964
      vertex -20.844 -9.8 81.1964
    endloop
  endfacet
  facet normal 0.483825 0 -0.875165
    outer loop
      vertex -20.4814 -14.3 81.3466
      vertex -20.1379 -9.8 81.5365
      vertex -20.1379 -14.3 81.5365
    endloop
  endfacet
  facet normal 0.483825 0 -0.875165
    outer loop
      vertex -20.1379 -9.8 81.5365
      vertex -20.4814 -14.3 81.3466
      vertex -20.4814 -9.8 81.3466
    endloop
  endfacet
  facet normal -0.875165 0 -0.483825
    outer loop
      vertex -24.9635 -14.3 82.6379
      vertex -25.1534 -9.8 82.9814
      vertex -24.9635 -9.8 82.6379
    endloop
  endfacet
  facet normal -0.875165 -0 -0.483825
    outer loop
      vertex -25.1534 -9.8 82.9814
      vertex -24.9635 -14.3 82.6379
      vertex -25.1534 -14.3 82.9814
    endloop
  endfacet
  facet normal -0.960964 0 -0.276672
    outer loop
      vertex -25.3036 -14.3 83.344
      vertex -25.4122 -9.8 83.7212
      vertex -25.3036 -9.8 83.344
    endloop
  endfacet
  facet normal -0.960964 -0 -0.276672
    outer loop
      vertex -25.4122 -9.8 83.7212
      vertex -25.3036 -14.3 83.344
      vertex -25.4122 -14.3 83.7212
    endloop
  endfacet
  facet normal 0.998428 -0 0.0560485
    outer loop
      vertex -18.522 -14.3 84.8919
      vertex -18.5 -9.8 84.5
      vertex -18.522 -9.8 84.8919
    endloop
  endfacet
  facet normal 0.998428 0 0.0560485
    outer loop
      vertex -18.5 -9.8 84.5
      vertex -18.522 -14.3 84.8919
      vertex -18.5 -14.3 84.5
    endloop
  endfacet
  facet normal 0.0560485 0 0.998428
    outer loop
      vertex -22 -9.8 88
      vertex -21.6081 -14.3 87.978
      vertex -21.6081 -9.8 87.978
    endloop
  endfacet
  facet normal 0.0560485 0 0.998428
    outer loop
      vertex -21.6081 -14.3 87.978
      vertex -22 -9.8 88
      vertex -22 -14.3 88
    endloop
  endfacet
  facet normal 0.167662 0 0.985844
    outer loop
      vertex -21.6081 -9.8 87.978
      vertex -21.2212 -14.3 87.9122
      vertex -21.2212 -9.8 87.9122
    endloop
  endfacet
  facet normal 0.167662 0 0.985844
    outer loop
      vertex -21.2212 -14.3 87.9122
      vertex -21.6081 -9.8 87.978
      vertex -21.6081 -14.3 87.978
    endloop
  endfacet
  facet normal 0.483825 0 0.875165
    outer loop
      vertex -20.4814 -9.8 87.6534
      vertex -20.1379 -14.3 87.4635
      vertex -20.1379 -9.8 87.4635
    endloop
  endfacet
  facet normal 0.483825 0 0.875165
    outer loop
      vertex -20.1379 -14.3 87.4635
      vertex -20.4814 -9.8 87.6534
      vertex -20.4814 -14.3 87.6534
    endloop
  endfacet
  facet normal 0.666244 0 0.745734
    outer loop
      vertex -19.8178 -9.8 87.2364
      vertex -19.5251 -14.3 86.9749
      vertex -19.5251 -9.8 86.9749
    endloop
  endfacet
  facet normal 0.666244 0 0.745734
    outer loop
      vertex -19.5251 -14.3 86.9749
      vertex -19.8178 -9.8 87.2364
      vertex -19.8178 -14.3 87.2364
    endloop
  endfacet
  facet normal 0.578632 0 0.815589
    outer loop
      vertex -20.1379 -9.8 87.4635
      vertex -19.8178 -14.3 87.2364
      vertex -19.8178 -9.8 87.2364
    endloop
  endfacet
  facet normal 0.578632 0 0.815589
    outer loop
      vertex -19.8178 -14.3 87.2364
      vertex -20.1379 -9.8 87.4635
      vertex -20.1379 -14.3 87.4635
    endloop
  endfacet
  facet normal 0.745734 -0 0.666244
    outer loop
      vertex -19.5251 -14.3 86.9749
      vertex -19.2636 -9.8 86.6822
      vertex -19.5251 -9.8 86.9749
    endloop
  endfacet
  facet normal 0.745734 0 0.666244
    outer loop
      vertex -19.2636 -9.8 86.6822
      vertex -19.5251 -14.3 86.9749
      vertex -19.2636 -14.3 86.6822
    endloop
  endfacet
  facet normal 0.815589 -0 0.578632
    outer loop
      vertex -19.2636 -14.3 86.6822
      vertex -19.0365 -9.8 86.3621
      vertex -19.2636 -9.8 86.6822
    endloop
  endfacet
  facet normal 0.815589 0 0.578632
    outer loop
      vertex -19.0365 -9.8 86.3621
      vertex -19.2636 -14.3 86.6822
      vertex -19.0365 -14.3 86.3621
    endloop
  endfacet
  facet normal -0.167662 0 0.985844
    outer loop
      vertex -22.7788 -9.8 87.9122
      vertex -22.3919 -14.3 87.978
      vertex -22.3919 -9.8 87.978
    endloop
  endfacet
  facet normal -0.167662 0 0.985844
    outer loop
      vertex -22.3919 -14.3 87.978
      vertex -22.7788 -9.8 87.9122
      vertex -22.7788 -14.3 87.9122
    endloop
  endfacet
  facet normal -0.0560485 0 0.998428
    outer loop
      vertex -22.3919 -9.8 87.978
      vertex -22 -14.3 88
      vertex -22 -9.8 88
    endloop
  endfacet
  facet normal -0.0560485 0 0.998428
    outer loop
      vertex -22 -14.3 88
      vertex -22.3919 -9.8 87.978
      vertex -22.3919 -14.3 87.978
    endloop
  endfacet
  facet normal -0.875165 0 0.483825
    outer loop
      vertex -25.1534 -14.3 86.0186
      vertex -24.9635 -9.8 86.3621
      vertex -25.1534 -9.8 86.0186
    endloop
  endfacet
  facet normal -0.875165 0 0.483825
    outer loop
      vertex -24.9635 -9.8 86.3621
      vertex -25.1534 -14.3 86.0186
      vertex -24.9635 -14.3 86.3621
    endloop
  endfacet
  facet normal -0.960964 0 0.276672
    outer loop
      vertex -25.4122 -14.3 85.2788
      vertex -25.3036 -9.8 85.656
      vertex -25.4122 -9.8 85.2788
    endloop
  endfacet
  facet normal -0.960964 0 0.276672
    outer loop
      vertex -25.3036 -9.8 85.656
      vertex -25.4122 -14.3 85.2788
      vertex -25.3036 -14.3 85.656
    endloop
  endfacet
  facet normal -0.998428 0 0.0560485
    outer loop
      vertex -25.5 -14.3 84.5
      vertex -25.478 -9.8 84.8919
      vertex -25.5 -9.8 84.5
    endloop
  endfacet
  facet normal -0.998428 0 0.0560485
    outer loop
      vertex -25.478 -9.8 84.8919
      vertex -25.5 -14.3 84.5
      vertex -25.478 -14.3 84.8919
    endloop
  endfacet
  facet normal -0.923874 0 0.382697
    outer loop
      vertex -25.3036 -14.3 85.656
      vertex -25.1534 -9.8 86.0186
      vertex -25.3036 -9.8 85.656
    endloop
  endfacet
  facet normal -0.923874 0 0.382697
    outer loop
      vertex -25.1534 -9.8 86.0186
      vertex -25.3036 -14.3 85.656
      vertex -25.1534 -14.3 86.0186
    endloop
  endfacet
  facet normal 0.745734 0 -0.666244
    outer loop
      vertex -19.2636 -14.3 82.3178
      vertex -19.5251 -9.8 82.0251
      vertex -19.2636 -9.8 82.3178
    endloop
  endfacet
  facet normal 0.745734 0 -0.666244
    outer loop
      vertex -19.5251 -9.8 82.0251
      vertex -19.2636 -14.3 82.3178
      vertex -19.5251 -14.3 82.0251
    endloop
  endfacet
  facet normal 0 1 0
    outer loop
      vertex -21.6081 -9.8 87.978
      vertex -22.3919 -9.8 87.978
      vertex -22 -9.8 88
    endloop
  endfacet
  facet normal 0 1 0
    outer loop
      vertex -21.2212 -9.8 87.9122
      vertex -22.3919 -9.8 87.978
      vertex -21.6081 -9.8 87.978
    endloop
  endfacet
  facet normal 0 1 0
    outer loop
      vertex -21.2212 -9.8 87.9122
      vertex -22.7788 -9.8 87.9122
      vertex -22.3919 -9.8 87.978
    endloop
  endfacet
  facet normal 0 1 0
    outer loop
      vertex -20.844 -9.8 87.8036
      vertex -22.7788 -9.8 87.9122
      vertex -21.2212 -9.8 87.9122
    endloop
  endfacet
  facet normal 0 1 0
    outer loop
      vertex -20.844 -9.8 87.8036
      vertex -23.156 -9.8 87.8036
      vertex -22.7788 -9.8 87.9122
    endloop
  endfacet
  facet normal 0 1 0
    outer loop
      vertex -20.4814 -9.8 87.6534
      vertex -23.156 -9.8 87.8036
      vertex -20.844 -9.8 87.8036
    endloop
  endfacet
  facet normal 0 1 0
    outer loop
      vertex -20.4814 -9.8 87.6534
      vertex -23.5186 -9.8 87.6534
      vertex -23.156 -9.8 87.8036
    endloop
  endfacet
  facet normal 0 1 0
    outer loop
      vertex -20.1379 -9.8 87.4635
      vertex -23.5186 -9.8 87.6534
      vertex -20.4814 -9.8 87.6534
    endloop
  endfacet
  facet normal 0 1 0
    outer loop
      vertex -20.1379 -9.8 87.4635
      vertex -23.8621 -9.8 87.4635
      vertex -23.5186 -9.8 87.6534
    endloop
  endfacet
  facet normal 0 1 0
    outer loop
      vertex -19.8178 -9.8 87.2364
      vertex -23.8621 -9.8 87.4635
      vertex -20.1379 -9.8 87.4635
    endloop
  endfacet
  facet normal 0 1 0
    outer loop
      vertex -19.8178 -9.8 87.2364
      vertex -24.1822 -9.8 87.2364
      vertex -23.8621 -9.8 87.4635
    endloop
  endfacet
  facet normal 0 1 0
    outer loop
      vertex -19.5251 -9.8 86.9749
      vertex -24.1822 -9.8 87.2364
      vertex -19.8178 -9.8 87.2364
    endloop
  endfacet
  facet normal 0 1 0
    outer loop
      vertex -19.5251 -9.8 86.9749
      vertex -24.4749 -9.8 86.9749
      vertex -24.1822 -9.8 87.2364
    endloop
  endfacet
  facet normal 0 1 0
    outer loop
      vertex -19.2636 -9.8 86.6822
      vertex -24.4749 -9.8 86.9749
      vertex -19.5251 -9.8 86.9749
    endloop
  endfacet
  facet normal 0 1 0
    outer loop
      vertex -19.2636 -9.8 86.6822
      vertex -24.7364 -9.8 86.6822
      vertex -24.4749 -9.8 86.9749
    endloop
  endfacet
  facet normal 0 1 0
    outer loop
      vertex -19.0365 -9.8 86.3621
      vertex -24.7364 -9.8 86.6822
      vertex -19.2636 -9.8 86.6822
    endloop
  endfacet
  facet normal 0 1 0
    outer loop
      vertex -19.0365 -9.8 86.3621
      vertex -24.9635 -9.8 86.3621
      vertex -24.7364 -9.8 86.6822
    endloop
  endfacet
  facet normal 0 1 0
    outer loop
      vertex -18.8466 -9.8 86.0186
      vertex -24.9635 -9.8 86.3621
      vertex -19.0365 -9.8 86.3621
    endloop
  endfacet
  facet normal 0 1 0
    outer loop
      vertex -18.8466 -9.8 86.0186
      vertex -25.1534 -9.8 86.0186
      vertex -24.9635 -9.8 86.3621
    endloop
  endfacet
  facet normal 0 1 0
    outer loop
      vertex -18.6964 -9.8 85.656
      vertex -25.1534 -9.8 86.0186
      vertex -18.8466 -9.8 86.0186
    endloop
  endfacet
  facet normal 0 1 0
    outer loop
      vertex -18.6964 -9.8 85.656
      vertex -25.3036 -9.8 85.656
      vertex -25.1534 -9.8 86.0186
    endloop
  endfacet
  facet normal 0 1 0
    outer loop
      vertex -18.5878 -9.8 85.2788
      vertex -25.3036 -9.8 85.656
      vertex -18.6964 -9.8 85.656
    endloop
  endfacet
  facet normal 0 1 0
    outer loop
      vertex -18.5878 -9.8 85.2788
      vertex -25.4122 -9.8 85.2788
      vertex -25.3036 -9.8 85.656
    endloop
  endfacet
  facet normal 0 1 0
    outer loop
      vertex -18.522 -9.8 84.8919
      vertex -25.4122 -9.8 85.2788
      vertex -18.5878 -9.8 85.2788
    endloop
  endfacet
  facet normal 0 1 0
    outer loop
      vertex -18.522 -9.8 84.8919
      vertex -25.478 -9.8 84.8919
      vertex -25.4122 -9.8 85.2788
    endloop
  endfacet
  facet normal 0 1 0
    outer loop
      vertex -18.5 -9.8 84.5
      vertex -25.478 -9.8 84.8919
      vertex -18.522 -9.8 84.8919
    endloop
  endfacet
  facet normal 0 1 0
    outer loop
      vertex -18.5 -9.8 84.5
      vertex -25.5 -9.8 84.5
      vertex -25.478 -9.8 84.8919
    endloop
  endfacet
  facet normal 0 1 -0
    outer loop
      vertex -18.522 -9.8 84.1081
      vertex -25.5 -9.8 84.5
      vertex -18.5 -9.8 84.5
    endloop
  endfacet
  facet normal 0 1 0
    outer loop
      vertex -18.522 -9.8 84.1081
      vertex -25.478 -9.8 84.1081
      vertex -25.5 -9.8 84.5
    endloop
  endfacet
  facet normal 0 1 -0
    outer loop
      vertex -18.5878 -9.8 83.7212
      vertex -25.478 -9.8 84.1081
      vertex -18.522 -9.8 84.1081
    endloop
  endfacet
  facet normal 0 1 0
    outer loop
      vertex -18.5878 -9.8 83.7212
      vertex -25.4122 -9.8 83.7212
      vertex -25.478 -9.8 84.1081
    endloop
  endfacet
  facet normal 0 1 -0
    outer loop
      vertex -18.6964 -9.8 83.344
      vertex -25.4122 -9.8 83.7212
      vertex -18.5878 -9.8 83.7212
    endloop
  endfacet
  facet normal 0 1 0
    outer loop
      vertex -18.6964 -9.8 83.344
      vertex -25.3036 -9.8 83.344
      vertex -25.4122 -9.8 83.7212
    endloop
  endfacet
  facet normal 0 1 -0
    outer loop
      vertex -18.8466 -9.8 82.9814
      vertex -25.3036 -9.8 83.344
      vertex -18.6964 -9.8 83.344
    endloop
  endfacet
  facet normal 0 1 0
    outer loop
      vertex -18.8466 -9.8 82.9814
      vertex -25.1534 -9.8 82.9814
      vertex -25.3036 -9.8 83.344
    endloop
  endfacet
  facet normal 0 1 -0
    outer loop
      vertex -19.0365 -9.8 82.6379
      vertex -25.1534 -9.8 82.9814
      vertex -18.8466 -9.8 82.9814
    endloop
  endfacet
  facet normal 0 1 0
    outer loop
      vertex -19.0365 -9.8 82.6379
      vertex -24.9635 -9.8 82.6379
      vertex -25.1534 -9.8 82.9814
    endloop
  endfacet
  facet normal 0 1 -0
    outer loop
      vertex -19.2636 -9.8 82.3178
      vertex -24.9635 -9.8 82.6379
      vertex -19.0365 -9.8 82.6379
    endloop
  endfacet
  facet normal 0 1 0
    outer loop
      vertex -19.2636 -9.8 82.3178
      vertex -24.7364 -9.8 82.3178
      vertex -24.9635 -9.8 82.6379
    endloop
  endfacet
  facet normal 0 1 -0
    outer loop
      vertex -19.5251 -9.8 82.0251
      vertex -24.7364 -9.8 82.3178
      vertex -19.2636 -9.8 82.3178
    endloop
  endfacet
  facet normal 0 1 0
    outer loop
      vertex -19.5251 -9.8 82.0251
      vertex -24.4749 -9.8 82.0251
      vertex -24.7364 -9.8 82.3178
    endloop
  endfacet
  facet normal 0 1 -0
    outer loop
      vertex -19.8178 -9.8 81.7636
      vertex -24.4749 -9.8 82.0251
      vertex -19.5251 -9.8 82.0251
    endloop
  endfacet
  facet normal 0 1 0
    outer loop
      vertex -19.8178 -9.8 81.7636
      vertex -24.1822 -9.8 81.7636
      vertex -24.4749 -9.8 82.0251
    endloop
  endfacet
  facet normal 0 1 -0
    outer loop
      vertex -20.1379 -9.8 81.5365
      vertex -24.1822 -9.8 81.7636
      vertex -19.8178 -9.8 81.7636
    endloop
  endfacet
  facet normal 0 1 0
    outer loop
      vertex -20.1379 -9.8 81.5365
      vertex -23.8621 -9.8 81.5365
      vertex -24.1822 -9.8 81.7636
    endloop
  endfacet
  facet normal 0 1 -0
    outer loop
      vertex -20.4814 -9.8 81.3466
      vertex -23.8621 -9.8 81.5365
      vertex -20.1379 -9.8 81.5365
    endloop
  endfacet
  facet normal 0 1 0
    outer loop
      vertex -20.4814 -9.8 81.3466
      vertex -23.5186 -9.8 81.3466
      vertex -23.8621 -9.8 81.5365
    endloop
  endfacet
  facet normal 0 1 -0
    outer loop
      vertex -20.844 -9.8 81.1964
      vertex -23.5186 -9.8 81.3466
      vertex -20.4814 -9.8 81.3466
    endloop
  endfacet
  facet normal 0 1 0
    outer loop
      vertex -20.844 -9.8 81.1964
      vertex -23.156 -9.8 81.1964
      vertex -23.5186 -9.8 81.3466
    endloop
  endfacet
  facet normal 0 1 -0
    outer loop
      vertex -21.2212 -9.8 81.0878
      vertex -23.156 -9.8 81.1964
      vertex -20.844 -9.8 81.1964
    endloop
  endfacet
  facet normal 0 1 0
    outer loop
      vertex -21.2212 -9.8 81.0878
      vertex -22.7788 -9.8 81.0878
      vertex -23.156 -9.8 81.1964
    endloop
  endfacet
  facet normal 0 1 -0
    outer loop
      vertex -21.6081 -9.8 81.022
      vertex -22.7788 -9.8 81.0878
      vertex -21.2212 -9.8 81.0878
    endloop
  endfacet
  facet normal 0 1 0
    outer loop
      vertex -21.6081 -9.8 81.022
      vertex -22.3919 -9.8 81.022
      vertex -22.7788 -9.8 81.0878
    endloop
  endfacet
  facet normal -0 1 0
    outer loop
      vertex -22.3919 -9.8 81.022
      vertex -21.6081 -9.8 81.022
      vertex -22 -9.8 81
    endloop
  endfacet
  facet normal -0.985844 0 -0.167662
    outer loop
      vertex -25.4122 -14.3 83.7212
      vertex -25.478 -9.8 84.1081
      vertex -25.4122 -9.8 83.7212
    endloop
  endfacet
  facet normal -0.985844 -0 -0.167662
    outer loop
      vertex -25.478 -9.8 84.1081
      vertex -25.4122 -14.3 83.7212
      vertex -25.478 -14.3 84.1081
    endloop
  endfacet
  facet normal -0.923874 0 -0.382697
    outer loop
      vertex -25.1534 -14.3 82.9814
      vertex -25.3036 -9.8 83.344
      vertex -25.1534 -9.8 82.9814
    endloop
  endfacet
  facet normal -0.923874 -0 -0.382697
    outer loop
      vertex -25.3036 -9.8 83.344
      vertex -25.1534 -14.3 82.9814
      vertex -25.3036 -14.3 83.344
    endloop
  endfacet
  facet normal -0.483825 0 -0.875165
    outer loop
      vertex -23.8621 -14.3 81.5365
      vertex -23.5186 -9.8 81.3466
      vertex -23.5186 -14.3 81.3466
    endloop
  endfacet
  facet normal -0.483825 0 -0.875165
    outer loop
      vertex -23.5186 -9.8 81.3466
      vertex -23.8621 -14.3 81.5365
      vertex -23.8621 -9.8 81.5365
    endloop
  endfacet
  facet normal -0.276672 0 -0.960964
    outer loop
      vertex -23.156 -14.3 81.1964
      vertex -22.7788 -9.8 81.0878
      vertex -22.7788 -14.3 81.0878
    endloop
  endfacet
  facet normal -0.276672 0 -0.960964
    outer loop
      vertex -22.7788 -9.8 81.0878
      vertex -23.156 -14.3 81.1964
      vertex -23.156 -9.8 81.1964
    endloop
  endfacet
  facet normal 0.382697 0 0.923874
    outer loop
      vertex -20.844 -9.8 87.8036
      vertex -20.4814 -14.3 87.6534
      vertex -20.4814 -9.8 87.6534
    endloop
  endfacet
  facet normal 0.382697 0 0.923874
    outer loop
      vertex -20.4814 -14.3 87.6534
      vertex -20.844 -9.8 87.8036
      vertex -20.844 -14.3 87.8036
    endloop
  endfacet
  facet normal 0.923874 -0 0.382697
    outer loop
      vertex -18.8466 -14.3 86.0186
      vertex -18.6964 -9.8 85.656
      vertex -18.8466 -9.8 86.0186
    endloop
  endfacet
  facet normal 0.923874 0 0.382697
    outer loop
      vertex -18.6964 -9.8 85.656
      vertex -18.8466 -14.3 86.0186
      vertex -18.6964 -14.3 85.656
    endloop
  endfacet
  facet normal -0.276672 0 0.960964
    outer loop
      vertex -23.156 -9.8 87.8036
      vertex -22.7788 -14.3 87.9122
      vertex -22.7788 -9.8 87.9122
    endloop
  endfacet
  facet normal -0.276672 0 0.960964
    outer loop
      vertex -22.7788 -14.3 87.9122
      vertex -23.156 -9.8 87.8036
      vertex -23.156 -14.3 87.8036
    endloop
  endfacet
  facet normal -0.483825 0 0.875165
    outer loop
      vertex -23.8621 -9.8 87.4635
      vertex -23.5186 -14.3 87.6534
      vertex -23.5186 -9.8 87.6534
    endloop
  endfacet
  facet normal -0.483825 0 0.875165
    outer loop
      vertex -23.5186 -14.3 87.6534
      vertex -23.8621 -9.8 87.4635
      vertex -23.8621 -14.3 87.4635
    endloop
  endfacet
  facet normal -0.815589 0 0.578632
    outer loop
      vertex -24.9635 -14.3 86.3621
      vertex -24.7364 -9.8 86.6822
      vertex -24.9635 -9.8 86.3621
    endloop
  endfacet
  facet normal -0.815589 0 0.578632
    outer loop
      vertex -24.7364 -9.8 86.6822
      vertex -24.9635 -14.3 86.3621
      vertex -24.7364 -14.3 86.6822
    endloop
  endfacet
  facet normal -0.985844 0 0.167662
    outer loop
      vertex -25.478 -14.3 84.8919
      vertex -25.4122 -9.8 85.2788
      vertex -25.478 -9.8 84.8919
    endloop
  endfacet
  facet normal -0.985844 0 0.167662
    outer loop
      vertex -25.4122 -9.8 85.2788
      vertex -25.478 -14.3 84.8919
      vertex -25.4122 -14.3 85.2788
    endloop
  endfacet
  facet normal 0.998428 0 -0.0560485
    outer loop
      vertex 25.5 -14.3 11.5
      vertex 25.478 -9.8 11.1081
      vertex 25.5 -9.8 11.5
    endloop
  endfacet
  facet normal 0.998428 0 -0.0560485
    outer loop
      vertex 25.478 -9.8 11.1081
      vertex 25.5 -14.3 11.5
      vertex 25.478 -14.3 11.1081
    endloop
  endfacet
  facet normal -0.0560739 0 -0.998427
    outer loop
      vertex 21.6081 -14.3 8.02201
      vertex 22 -9.8 8
      vertex 22 -14.3 8
    endloop
  endfacet
  facet normal -0.0560739 0 -0.998427
    outer loop
      vertex 22 -9.8 8
      vertex 21.6081 -14.3 8.02201
      vertex 21.6081 -9.8 8.02201
    endloop
  endfacet
  facet normal 0.6663 0 -0.745684
    outer loop
      vertex 24.1822 -14.3 8.76359
      vertex 24.4749 -9.8 9.02513
      vertex 24.4749 -14.3 9.02513
    endloop
  endfacet
  facet normal 0.6663 0 -0.745684
    outer loop
      vertex 24.4749 -9.8 9.02513
      vertex 24.1822 -14.3 8.76359
      vertex 24.1822 -9.8 8.76359
    endloop
  endfacet
  facet normal -0.745689 0 -0.666294
    outer loop
      vertex 19.5251 -14.3 9.02513
      vertex 19.2636 -9.8 9.31779
      vertex 19.5251 -9.8 9.02513
    endloop
  endfacet
  facet normal -0.745689 -0 -0.666294
    outer loop
      vertex 19.2636 -9.8 9.31779
      vertex 19.5251 -14.3 9.02513
      vertex 19.2636 -14.3 9.31779
    endloop
  endfacet
  facet normal -0.382697 0 -0.923874
    outer loop
      vertex 20.4814 -14.3 8.34661
      vertex 20.844 -9.8 8.19641
      vertex 20.844 -14.3 8.19641
    endloop
  endfacet
  facet normal -0.382697 0 -0.923874
    outer loop
      vertex 20.844 -9.8 8.19641
      vertex 20.4814 -14.3 8.34661
      vertex 20.4814 -9.8 8.34661
    endloop
  endfacet
  facet normal 0.92387 0 -0.382706
    outer loop
      vertex 25.3036 -14.3 10.344
      vertex 25.1534 -9.8 9.98141
      vertex 25.3036 -9.8 10.344
    endloop
  endfacet
  facet normal 0.92387 0 -0.382706
    outer loop
      vertex 25.1534 -9.8 9.98141
      vertex 25.3036 -14.3 10.344
      vertex 25.1534 -14.3 9.98141
    endloop
  endfacet
  facet normal 0.985844 0 -0.167662
    outer loop
      vertex 25.478 -14.3 11.1081
      vertex 25.4122 -9.8 10.7212
      vertex 25.478 -9.8 11.1081
    endloop
  endfacet
  facet normal 0.985844 0 -0.167662
    outer loop
      vertex 25.4122 -9.8 10.7212
      vertex 25.478 -14.3 11.1081
      vertex 25.4122 -14.3 10.7212
    endloop
  endfacet
  facet normal 0.276813 0 -0.960924
    outer loop
      vertex 22.7788 -14.3 8.08775
      vertex 23.156 -9.8 8.19641
      vertex 23.156 -14.3 8.19641
    endloop
  endfacet
  facet normal 0.276813 0 -0.960924
    outer loop
      vertex 23.156 -9.8 8.19641
      vertex 22.7788 -14.3 8.08775
      vertex 22.7788 -9.8 8.08775
    endloop
  endfacet
  facet normal 0.167514 0 -0.98587
    outer loop
      vertex 22.3919 -14.3 8.02201
      vertex 22.7788 -9.8 8.08775
      vertex 22.7788 -14.3 8.08775
    endloop
  endfacet
  facet normal 0.167514 0 -0.98587
    outer loop
      vertex 22.7788 -9.8 8.08775
      vertex 22.3919 -14.3 8.02201
      vertex 22.3919 -9.8 8.02201
    endloop
  endfacet
  facet normal -0.92387 0 -0.382706
    outer loop
      vertex 18.8466 -14.3 9.98141
      vertex 18.6964 -9.8 10.344
      vertex 18.8466 -9.8 9.98141
    endloop
  endfacet
  facet normal -0.92387 -0 -0.382706
    outer loop
      vertex 18.6964 -9.8 10.344
      vertex 18.8466 -14.3 9.98141
      vertex 18.6964 -14.3 10.344
    endloop
  endfacet
  facet normal -0.875177 0 -0.483803
    outer loop
      vertex 19.0365 -14.3 9.63789
      vertex 18.8466 -9.8 9.98141
      vertex 19.0365 -9.8 9.63789
    endloop
  endfacet
  facet normal -0.875177 -0 -0.483803
    outer loop
      vertex 18.8466 -9.8 9.98141
      vertex 19.0365 -14.3 9.63789
      vertex 18.8466 -14.3 9.98141
    endloop
  endfacet
  facet normal -0.985844 0 -0.167662
    outer loop
      vertex 18.5878 -14.3 10.7212
      vertex 18.522 -9.8 11.1081
      vertex 18.5878 -9.8 10.7212
    endloop
  endfacet
  facet normal -0.985844 -0 -0.167662
    outer loop
      vertex 18.522 -9.8 11.1081
      vertex 18.5878 -14.3 10.7212
      vertex 18.522 -14.3 11.1081
    endloop
  endfacet
  facet normal -0.998428 0 0.0560485
    outer loop
      vertex 18.5 -14.3 11.5
      vertex 18.522 -9.8 11.8919
      vertex 18.5 -9.8 11.5
    endloop
  endfacet
  facet normal -0.998428 0 0.0560485
    outer loop
      vertex 18.522 -9.8 11.8919
      vertex 18.5 -14.3 11.5
      vertex 18.522 -14.3 11.8919
    endloop
  endfacet
  facet normal -0.167514 0 -0.98587
    outer loop
      vertex 21.2212 -14.3 8.08775
      vertex 21.6081 -9.8 8.02201
      vertex 21.6081 -14.3 8.02201
    endloop
  endfacet
  facet normal -0.167514 0 -0.98587
    outer loop
      vertex 21.6081 -9.8 8.02201
      vertex 21.2212 -14.3 8.08775
      vertex 21.2212 -9.8 8.08775
    endloop
  endfacet
  facet normal 0.998428 -0 0.0560485
    outer loop
      vertex 25.478 -14.3 11.8919
      vertex 25.5 -9.8 11.5
      vertex 25.478 -9.8 11.8919
    endloop
  endfacet
  facet normal 0.998428 0 0.0560485
    outer loop
      vertex 25.5 -9.8 11.5
      vertex 25.478 -14.3 11.8919
      vertex 25.5 -14.3 11.5
    endloop
  endfacet
  facet normal -0.167662 0 0.985844
    outer loop
      vertex 21.2212 -9.8 14.9122
      vertex 21.6081 -14.3 14.978
      vertex 21.6081 -9.8 14.978
    endloop
  endfacet
  facet normal -0.167662 0 0.985844
    outer loop
      vertex 21.6081 -14.3 14.978
      vertex 21.2212 -9.8 14.9122
      vertex 21.2212 -14.3 14.9122
    endloop
  endfacet
  facet normal 0.167662 0 0.985844
    outer loop
      vertex 22.3919 -9.8 14.978
      vertex 22.7788 -14.3 14.9122
      vertex 22.7788 -9.8 14.9122
    endloop
  endfacet
  facet normal 0.167662 0 0.985844
    outer loop
      vertex 22.7788 -14.3 14.9122
      vertex 22.3919 -9.8 14.978
      vertex 22.3919 -14.3 14.978
    endloop
  endfacet
  facet normal 0.960964 0 -0.276672
    outer loop
      vertex 25.4122 -14.3 10.7212
      vertex 25.3036 -9.8 10.344
      vertex 25.4122 -9.8 10.7212
    endloop
  endfacet
  facet normal 0.960964 0 -0.276672
    outer loop
      vertex 25.3036 -9.8 10.344
      vertex 25.4122 -14.3 10.7212
      vertex 25.3036 -14.3 10.344
    endloop
  endfacet
  facet normal 0.815589 0 -0.578632
    outer loop
      vertex 24.9635 -14.3 9.63789
      vertex 24.7364 -9.8 9.31779
      vertex 24.9635 -9.8 9.63789
    endloop
  endfacet
  facet normal 0.815589 0 -0.578632
    outer loop
      vertex 24.7364 -9.8 9.31779
      vertex 24.9635 -14.3 9.63789
      vertex 24.7364 -14.3 9.31779
    endloop
  endfacet
  facet normal 0.745689 0 -0.666294
    outer loop
      vertex 24.7364 -14.3 9.31779
      vertex 24.4749 -9.8 9.02513
      vertex 24.7364 -9.8 9.31779
    endloop
  endfacet
  facet normal 0.745689 0 -0.666294
    outer loop
      vertex 24.4749 -9.8 9.02513
      vertex 24.7364 -14.3 9.31779
      vertex 24.4749 -14.3 9.02513
    endloop
  endfacet
  facet normal 0.875177 0 -0.483803
    outer loop
      vertex 25.1534 -14.3 9.98141
      vertex 24.9635 -9.8 9.63789
      vertex 25.1534 -9.8 9.98141
    endloop
  endfacet
  facet normal 0.875177 0 -0.483803
    outer loop
      vertex 24.9635 -9.8 9.63789
      vertex 25.1534 -14.3 9.98141
      vertex 24.9635 -14.3 9.63789
    endloop
  endfacet
  facet normal 0.578683 0 -0.815553
    outer loop
      vertex 23.8621 -14.3 8.53646
      vertex 24.1822 -9.8 8.76359
      vertex 24.1822 -14.3 8.76359
    endloop
  endfacet
  facet normal 0.578683 0 -0.815553
    outer loop
      vertex 24.1822 -9.8 8.76359
      vertex 23.8621 -14.3 8.53646
      vertex 23.8621 -9.8 8.53646
    endloop
  endfacet
  facet normal 0.483727 0 -0.875219
    outer loop
      vertex 23.5186 -14.3 8.34661
      vertex 23.8621 -9.8 8.53646
      vertex 23.8621 -14.3 8.53646
    endloop
  endfacet
  facet normal 0.483727 0 -0.875219
    outer loop
      vertex 23.8621 -9.8 8.53646
      vertex 23.5186 -14.3 8.34661
      vertex 23.5186 -9.8 8.34661
    endloop
  endfacet
  facet normal -0.960964 0 -0.276672
    outer loop
      vertex 18.6964 -14.3 10.344
      vertex 18.5878 -9.8 10.7212
      vertex 18.6964 -9.8 10.344
    endloop
  endfacet
  facet normal -0.960964 -0 -0.276672
    outer loop
      vertex 18.5878 -9.8 10.7212
      vertex 18.6964 -14.3 10.344
      vertex 18.5878 -14.3 10.7212
    endloop
  endfacet
  facet normal -0.483727 0 -0.875219
    outer loop
      vertex 20.1379 -14.3 8.53646
      vertex 20.4814 -9.8 8.34661
      vertex 20.4814 -14.3 8.34661
    endloop
  endfacet
  facet normal -0.483727 0 -0.875219
    outer loop
      vertex 20.4814 -9.8 8.34661
      vertex 20.1379 -14.3 8.53646
      vertex 20.1379 -9.8 8.53646
    endloop
  endfacet
  facet normal -0.578683 0 -0.815553
    outer loop
      vertex 19.8178 -14.3 8.76359
      vertex 20.1379 -9.8 8.53646
      vertex 20.1379 -14.3 8.53646
    endloop
  endfacet
  facet normal -0.578683 0 -0.815553
    outer loop
      vertex 20.1379 -9.8 8.53646
      vertex 19.8178 -14.3 8.76359
      vertex 19.8178 -9.8 8.76359
    endloop
  endfacet
  facet normal -0.276813 0 -0.960924
    outer loop
      vertex 20.844 -14.3 8.19641
      vertex 21.2212 -9.8 8.08775
      vertex 21.2212 -14.3 8.08775
    endloop
  endfacet
  facet normal -0.276813 0 -0.960924
    outer loop
      vertex 21.2212 -9.8 8.08775
      vertex 20.844 -14.3 8.19641
      vertex 20.844 -9.8 8.19641
    endloop
  endfacet
  facet normal 0.985844 -0 0.167662
    outer loop
      vertex 25.4122 -14.3 12.2788
      vertex 25.478 -9.8 11.8919
      vertex 25.4122 -9.8 12.2788
    endloop
  endfacet
  facet normal 0.985844 0 0.167662
    outer loop
      vertex 25.478 -9.8 11.8919
      vertex 25.4122 -14.3 12.2788
      vertex 25.478 -14.3 11.8919
    endloop
  endfacet
  facet normal -0.985844 0 0.167662
    outer loop
      vertex 18.522 -14.3 11.8919
      vertex 18.5878 -9.8 12.2788
      vertex 18.522 -9.8 11.8919
    endloop
  endfacet
  facet normal -0.985844 0 0.167662
    outer loop
      vertex 18.5878 -9.8 12.2788
      vertex 18.522 -14.3 11.8919
      vertex 18.5878 -14.3 12.2788
    endloop
  endfacet
  facet normal -0.923874 0 0.382697
    outer loop
      vertex 18.6964 -14.3 12.656
      vertex 18.8466 -9.8 13.0186
      vertex 18.6964 -9.8 12.656
    endloop
  endfacet
  facet normal -0.923874 0 0.382697
    outer loop
      vertex 18.8466 -9.8 13.0186
      vertex 18.6964 -14.3 12.656
      vertex 18.8466 -14.3 13.0186
    endloop
  endfacet
  facet normal 0.382697 0 0.923874
    outer loop
      vertex 23.156 -9.8 14.8036
      vertex 23.5186 -14.3 14.6534
      vertex 23.5186 -9.8 14.6534
    endloop
  endfacet
  facet normal 0.382697 0 0.923874
    outer loop
      vertex 23.5186 -14.3 14.6534
      vertex 23.156 -9.8 14.8036
      vertex 23.156 -14.3 14.8036
    endloop
  endfacet
  facet normal 0.276672 0 0.960964
    outer loop
      vertex 22.7788 -9.8 14.9122
      vertex 23.156 -14.3 14.8036
      vertex 23.156 -9.8 14.8036
    endloop
  endfacet
  facet normal 0.276672 0 0.960964
    outer loop
      vertex 23.156 -14.3 14.8036
      vertex 22.7788 -9.8 14.9122
      vertex 22.7788 -14.3 14.9122
    endloop
  endfacet
  facet normal 0.0560739 0 -0.998427
    outer loop
      vertex 22 -14.3 8
      vertex 22.3919 -9.8 8.02201
      vertex 22.3919 -14.3 8.02201
    endloop
  endfacet
  facet normal 0.0560739 0 -0.998427
    outer loop
      vertex 22.3919 -9.8 8.02201
      vertex 22 -14.3 8
      vertex 22 -9.8 8
    endloop
  endfacet
  facet normal 0.382697 0 -0.923874
    outer loop
      vertex 23.156 -14.3 8.19641
      vertex 23.5186 -9.8 8.34661
      vertex 23.5186 -14.3 8.34661
    endloop
  endfacet
  facet normal 0.382697 0 -0.923874
    outer loop
      vertex 23.5186 -9.8 8.34661
      vertex 23.156 -14.3 8.19641
      vertex 23.156 -9.8 8.19641
    endloop
  endfacet
  facet normal -0.815589 0 -0.578632
    outer loop
      vertex 19.2636 -14.3 9.31779
      vertex 19.0365 -9.8 9.63789
      vertex 19.2636 -9.8 9.31779
    endloop
  endfacet
  facet normal -0.815589 -0 -0.578632
    outer loop
      vertex 19.0365 -9.8 9.63789
      vertex 19.2636 -14.3 9.31779
      vertex 19.0365 -14.3 9.63789
    endloop
  endfacet
  facet normal 0 1 0
    outer loop
      vertex 22.3919 -9.8 14.978
      vertex 21.6081 -9.8 14.978
      vertex 22 -9.8 15
    endloop
  endfacet
  facet normal 0 1 0
    outer loop
      vertex 22.7788 -9.8 14.9122
      vertex 21.6081 -9.8 14.978
      vertex 22.3919 -9.8 14.978
    endloop
  endfacet
  facet normal 0 1 0
    outer loop
      vertex 22.7788 -9.8 14.9122
      vertex 21.2212 -9.8 14.9122
      vertex 21.6081 -9.8 14.978
    endloop
  endfacet
  facet normal 0 1 0
    outer loop
      vertex 23.156 -9.8 14.8036
      vertex 21.2212 -9.8 14.9122
      vertex 22.7788 -9.8 14.9122
    endloop
  endfacet
  facet normal 0 1 0
    outer loop
      vertex 23.156 -9.8 14.8036
      vertex 20.844 -9.8 14.8036
      vertex 21.2212 -9.8 14.9122
    endloop
  endfacet
  facet normal 0 1 0
    outer loop
      vertex 23.5186 -9.8 14.6534
      vertex 20.844 -9.8 14.8036
      vertex 23.156 -9.8 14.8036
    endloop
  endfacet
  facet normal 0 1 0
    outer loop
      vertex 23.5186 -9.8 14.6534
      vertex 20.4814 -9.8 14.6534
      vertex 20.844 -9.8 14.8036
    endloop
  endfacet
  facet normal 0 1 0
    outer loop
      vertex 23.8621 -9.8 14.4635
      vertex 20.4814 -9.8 14.6534
      vertex 23.5186 -9.8 14.6534
    endloop
  endfacet
  facet normal 0 1 0
    outer loop
      vertex 23.8621 -9.8 14.4635
      vertex 20.1379 -9.8 14.4635
      vertex 20.4814 -9.8 14.6534
    endloop
  endfacet
  facet normal 0 1 0
    outer loop
      vertex 24.1822 -9.8 14.2364
      vertex 20.1379 -9.8 14.4635
      vertex 23.8621 -9.8 14.4635
    endloop
  endfacet
  facet normal 0 1 0
    outer loop
      vertex 24.1822 -9.8 14.2364
      vertex 19.8178 -9.8 14.2364
      vertex 20.1379 -9.8 14.4635
    endloop
  endfacet
  facet normal 0 1 0
    outer loop
      vertex 24.4749 -9.8 13.9749
      vertex 19.8178 -9.8 14.2364
      vertex 24.1822 -9.8 14.2364
    endloop
  endfacet
  facet normal 0 1 0
    outer loop
      vertex 24.4749 -9.8 13.9749
      vertex 19.5251 -9.8 13.9749
      vertex 19.8178 -9.8 14.2364
    endloop
  endfacet
  facet normal 0 1 0
    outer loop
      vertex 24.7364 -9.8 13.6822
      vertex 19.5251 -9.8 13.9749
      vertex 24.4749 -9.8 13.9749
    endloop
  endfacet
  facet normal 0 1 0
    outer loop
      vertex 24.7364 -9.8 13.6822
      vertex 19.2636 -9.8 13.6822
      vertex 19.5251 -9.8 13.9749
    endloop
  endfacet
  facet normal 0 1 0
    outer loop
      vertex 24.9635 -9.8 13.3621
      vertex 19.2636 -9.8 13.6822
      vertex 24.7364 -9.8 13.6822
    endloop
  endfacet
  facet normal 0 1 0
    outer loop
      vertex 24.9635 -9.8 13.3621
      vertex 19.0365 -9.8 13.3621
      vertex 19.2636 -9.8 13.6822
    endloop
  endfacet
  facet normal 0 1 0
    outer loop
      vertex 25.1534 -9.8 13.0186
      vertex 19.0365 -9.8 13.3621
      vertex 24.9635 -9.8 13.3621
    endloop
  endfacet
  facet normal 0 1 0
    outer loop
      vertex 25.1534 -9.8 13.0186
      vertex 18.8466 -9.8 13.0186
      vertex 19.0365 -9.8 13.3621
    endloop
  endfacet
  facet normal 0 1 0
    outer loop
      vertex 25.3036 -9.8 12.656
      vertex 18.8466 -9.8 13.0186
      vertex 25.1534 -9.8 13.0186
    endloop
  endfacet
  facet normal 0 1 0
    outer loop
      vertex 25.3036 -9.8 12.656
      vertex 18.6964 -9.8 12.656
      vertex 18.8466 -9.8 13.0186
    endloop
  endfacet
  facet normal 0 1 0
    outer loop
      vertex 25.4122 -9.8 12.2788
      vertex 18.6964 -9.8 12.656
      vertex 25.3036 -9.8 12.656
    endloop
  endfacet
  facet normal 0 1 0
    outer loop
      vertex 25.4122 -9.8 12.2788
      vertex 18.5878 -9.8 12.2788
      vertex 18.6964 -9.8 12.656
    endloop
  endfacet
  facet normal 0 1 0
    outer loop
      vertex 25.478 -9.8 11.8919
      vertex 18.5878 -9.8 12.2788
      vertex 25.4122 -9.8 12.2788
    endloop
  endfacet
  facet normal 0 1 0
    outer loop
      vertex 25.478 -9.8 11.8919
      vertex 18.522 -9.8 11.8919
      vertex 18.5878 -9.8 12.2788
    endloop
  endfacet
  facet normal 0 1 0
    outer loop
      vertex 25.5 -9.8 11.5
      vertex 18.522 -9.8 11.8919
      vertex 25.478 -9.8 11.8919
    endloop
  endfacet
  facet normal 0 1 0
    outer loop
      vertex 25.5 -9.8 11.5
      vertex 18.5 -9.8 11.5
      vertex 18.522 -9.8 11.8919
    endloop
  endfacet
  facet normal 0 1 -0
    outer loop
      vertex 25.478 -9.8 11.1081
      vertex 18.5 -9.8 11.5
      vertex 25.5 -9.8 11.5
    endloop
  endfacet
  facet normal 0 1 0
    outer loop
      vertex 25.478 -9.8 11.1081
      vertex 18.522 -9.8 11.1081
      vertex 18.5 -9.8 11.5
    endloop
  endfacet
  facet normal 0 1 -0
    outer loop
      vertex 25.4122 -9.8 10.7212
      vertex 18.522 -9.8 11.1081
      vertex 25.478 -9.8 11.1081
    endloop
  endfacet
  facet normal 0 1 0
    outer loop
      vertex 25.4122 -9.8 10.7212
      vertex 18.5878 -9.8 10.7212
      vertex 18.522 -9.8 11.1081
    endloop
  endfacet
  facet normal 0 1 -0
    outer loop
      vertex 25.3036 -9.8 10.344
      vertex 18.5878 -9.8 10.7212
      vertex 25.4122 -9.8 10.7212
    endloop
  endfacet
  facet normal 0 1 0
    outer loop
      vertex 25.3036 -9.8 10.344
      vertex 18.6964 -9.8 10.344
      vertex 18.5878 -9.8 10.7212
    endloop
  endfacet
  facet normal 0 1 -0
    outer loop
      vertex 25.1534 -9.8 9.98141
      vertex 18.6964 -9.8 10.344
      vertex 25.3036 -9.8 10.344
    endloop
  endfacet
  facet normal 0 1 0
    outer loop
      vertex 25.1534 -9.8 9.98141
      vertex 18.8466 -9.8 9.98141
      vertex 18.6964 -9.8 10.344
    endloop
  endfacet
  facet normal 0 1 -0
    outer loop
      vertex 24.9635 -9.8 9.63789
      vertex 18.8466 -9.8 9.98141
      vertex 25.1534 -9.8 9.98141
    endloop
  endfacet
  facet normal 0 1 0
    outer loop
      vertex 24.9635 -9.8 9.63789
      vertex 19.0365 -9.8 9.63789
      vertex 18.8466 -9.8 9.98141
    endloop
  endfacet
  facet normal 0 1 -0
    outer loop
      vertex 24.7364 -9.8 9.31779
      vertex 19.0365 -9.8 9.63789
      vertex 24.9635 -9.8 9.63789
    endloop
  endfacet
  facet normal 0 1 0
    outer loop
      vertex 24.7364 -9.8 9.31779
      vertex 19.2636 -9.8 9.31779
      vertex 19.0365 -9.8 9.63789
    endloop
  endfacet
  facet normal 0 1 -0
    outer loop
      vertex 24.4749 -9.8 9.02513
      vertex 19.2636 -9.8 9.31779
      vertex 24.7364 -9.8 9.31779
    endloop
  endfacet
  facet normal 0 1 0
    outer loop
      vertex 24.4749 -9.8 9.02513
      vertex 19.5251 -9.8 9.02513
      vertex 19.2636 -9.8 9.31779
    endloop
  endfacet
  facet normal 0 1 -0
    outer loop
      vertex 24.1822 -9.8 8.76359
      vertex 19.5251 -9.8 9.02513
      vertex 24.4749 -9.8 9.02513
    endloop
  endfacet
  facet normal 0 1 0
    outer loop
      vertex 24.1822 -9.8 8.76359
      vertex 19.8178 -9.8 8.76359
      vertex 19.5251 -9.8 9.02513
    endloop
  endfacet
  facet normal 0 1 -0
    outer loop
      vertex 23.8621 -9.8 8.53646
      vertex 19.8178 -9.8 8.76359
      vertex 24.1822 -9.8 8.76359
    endloop
  endfacet
  facet normal 0 1 0
    outer loop
      vertex 23.8621 -9.8 8.53646
      vertex 20.1379 -9.8 8.53646
      vertex 19.8178 -9.8 8.76359
    endloop
  endfacet
  facet normal 0 1 -0
    outer loop
      vertex 23.5186 -9.8 8.34661
      vertex 20.1379 -9.8 8.53646
      vertex 23.8621 -9.8 8.53646
    endloop
  endfacet
  facet normal 0 1 0
    outer loop
      vertex 23.5186 -9.8 8.34661
      vertex 20.4814 -9.8 8.34661
      vertex 20.1379 -9.8 8.53646
    endloop
  endfacet
  facet normal 0 1 -0
    outer loop
      vertex 23.156 -9.8 8.19641
      vertex 20.4814 -9.8 8.34661
      vertex 23.5186 -9.8 8.34661
    endloop
  endfacet
  facet normal 0 1 0
    outer loop
      vertex 23.156 -9.8 8.19641
      vertex 20.844 -9.8 8.19641
      vertex 20.4814 -9.8 8.34661
    endloop
  endfacet
  facet normal 0 1 -0
    outer loop
      vertex 22.7788 -9.8 8.08775
      vertex 20.844 -9.8 8.19641
      vertex 23.156 -9.8 8.19641
    endloop
  endfacet
  facet normal 0 1 0
    outer loop
      vertex 22.7788 -9.8 8.08775
      vertex 21.2212 -9.8 8.08775
      vertex 20.844 -9.8 8.19641
    endloop
  endfacet
  facet normal 0 1 -0
    outer loop
      vertex 22.3919 -9.8 8.02201
      vertex 21.2212 -9.8 8.08775
      vertex 22.7788 -9.8 8.08775
    endloop
  endfacet
  facet normal 0 1 0
    outer loop
      vertex 22.3919 -9.8 8.02201
      vertex 21.6081 -9.8 8.02201
      vertex 21.2212 -9.8 8.08775
    endloop
  endfacet
  facet normal -0 1 0
    outer loop
      vertex 21.6081 -9.8 8.02201
      vertex 22.3919 -9.8 8.02201
      vertex 22 -9.8 8
    endloop
  endfacet
  facet normal -0.998428 0 -0.0560485
    outer loop
      vertex 18.522 -14.3 11.1081
      vertex 18.5 -9.8 11.5
      vertex 18.522 -9.8 11.1081
    endloop
  endfacet
  facet normal -0.998428 -0 -0.0560485
    outer loop
      vertex 18.5 -9.8 11.5
      vertex 18.522 -14.3 11.1081
      vertex 18.5 -14.3 11.5
    endloop
  endfacet
  facet normal -0.6663 0 -0.745684
    outer loop
      vertex 19.5251 -14.3 9.02513
      vertex 19.8178 -9.8 8.76359
      vertex 19.8178 -14.3 8.76359
    endloop
  endfacet
  facet normal -0.6663 0 -0.745684
    outer loop
      vertex 19.8178 -9.8 8.76359
      vertex 19.5251 -14.3 9.02513
      vertex 19.5251 -9.8 9.02513
    endloop
  endfacet
  facet normal 0.666244 0 0.745734
    outer loop
      vertex 24.1822 -9.8 14.2364
      vertex 24.4749 -14.3 13.9749
      vertex 24.4749 -9.8 13.9749
    endloop
  endfacet
  facet normal 0.666244 0 0.745734
    outer loop
      vertex 24.4749 -14.3 13.9749
      vertex 24.1822 -9.8 14.2364
      vertex 24.1822 -14.3 14.2364
    endloop
  endfacet
  facet normal 0.923874 -0 0.382697
    outer loop
      vertex 25.1534 -14.3 13.0186
      vertex 25.3036 -9.8 12.656
      vertex 25.1534 -9.8 13.0186
    endloop
  endfacet
  facet normal 0.923874 0 0.382697
    outer loop
      vertex 25.3036 -9.8 12.656
      vertex 25.1534 -14.3 13.0186
      vertex 25.3036 -14.3 12.656
    endloop
  endfacet
  facet normal 0.815589 -0 0.578632
    outer loop
      vertex 24.7364 -14.3 13.6822
      vertex 24.9635 -9.8 13.3621
      vertex 24.7364 -9.8 13.6822
    endloop
  endfacet
  facet normal 0.815589 0 0.578632
    outer loop
      vertex 24.9635 -9.8 13.3621
      vertex 24.7364 -14.3 13.6822
      vertex 24.9635 -14.3 13.3621
    endloop
  endfacet
  facet normal 0.0560485 0 0.998428
    outer loop
      vertex 22 -9.8 15
      vertex 22.3919 -14.3 14.978
      vertex 22.3919 -9.8 14.978
    endloop
  endfacet
  facet normal 0.0560485 0 0.998428
    outer loop
      vertex 22.3919 -14.3 14.978
      vertex 22 -9.8 15
      vertex 22 -14.3 15
    endloop
  endfacet
  facet normal -0.745734 0 0.666244
    outer loop
      vertex 19.2636 -14.3 13.6822
      vertex 19.5251 -9.8 13.9749
      vertex 19.2636 -9.8 13.6822
    endloop
  endfacet
  facet normal -0.745734 0 0.666244
    outer loop
      vertex 19.5251 -9.8 13.9749
      vertex 19.2636 -14.3 13.6822
      vertex 19.5251 -14.3 13.9749
    endloop
  endfacet
  facet normal -0.960964 0 0.276672
    outer loop
      vertex 18.5878 -14.3 12.2788
      vertex 18.6964 -9.8 12.656
      vertex 18.5878 -9.8 12.2788
    endloop
  endfacet
  facet normal -0.960964 0 0.276672
    outer loop
      vertex 18.6964 -9.8 12.656
      vertex 18.5878 -14.3 12.2788
      vertex 18.6964 -14.3 12.656
    endloop
  endfacet
  facet normal 0.483825 0 0.875165
    outer loop
      vertex 23.5186 -9.8 14.6534
      vertex 23.8621 -14.3 14.4635
      vertex 23.8621 -9.8 14.4635
    endloop
  endfacet
  facet normal 0.483825 0 0.875165
    outer loop
      vertex 23.8621 -14.3 14.4635
      vertex 23.5186 -9.8 14.6534
      vertex 23.5186 -14.3 14.6534
    endloop
  endfacet
  facet normal 0.960964 -0 0.276672
    outer loop
      vertex 25.3036 -14.3 12.656
      vertex 25.4122 -9.8 12.2788
      vertex 25.3036 -9.8 12.656
    endloop
  endfacet
  facet normal 0.960964 0 0.276672
    outer loop
      vertex 25.4122 -9.8 12.2788
      vertex 25.3036 -14.3 12.656
      vertex 25.4122 -14.3 12.2788
    endloop
  endfacet
  facet normal 0.875165 -0 0.483825
    outer loop
      vertex 24.9635 -14.3 13.3621
      vertex 25.1534 -9.8 13.0186
      vertex 24.9635 -9.8 13.3621
    endloop
  endfacet
  facet normal 0.875165 0 0.483825
    outer loop
      vertex 25.1534 -9.8 13.0186
      vertex 24.9635 -14.3 13.3621
      vertex 25.1534 -14.3 13.0186
    endloop
  endfacet
  facet normal -0.0560485 0 0.998428
    outer loop
      vertex 21.6081 -9.8 14.978
      vertex 22 -14.3 15
      vertex 22 -9.8 15
    endloop
  endfacet
  facet normal -0.0560485 0 0.998428
    outer loop
      vertex 22 -14.3 15
      vertex 21.6081 -9.8 14.978
      vertex 21.6081 -14.3 14.978
    endloop
  endfacet
  facet normal -0.578632 0 0.815589
    outer loop
      vertex 19.8178 -9.8 14.2364
      vertex 20.1379 -14.3 14.4635
      vertex 20.1379 -9.8 14.4635
    endloop
  endfacet
  facet normal -0.578632 0 0.815589
    outer loop
      vertex 20.1379 -14.3 14.4635
      vertex 19.8178 -9.8 14.2364
      vertex 19.8178 -14.3 14.2364
    endloop
  endfacet
  facet normal -0.666244 0 0.745734
    outer loop
      vertex 19.5251 -9.8 13.9749
      vertex 19.8178 -14.3 14.2364
      vertex 19.8178 -9.8 14.2364
    endloop
  endfacet
  facet normal -0.666244 0 0.745734
    outer loop
      vertex 19.8178 -14.3 14.2364
      vertex 19.5251 -9.8 13.9749
      vertex 19.5251 -14.3 13.9749
    endloop
  endfacet
  facet normal -0.815589 0 0.578632
    outer loop
      vertex 19.0365 -14.3 13.3621
      vertex 19.2636 -9.8 13.6822
      vertex 19.0365 -9.8 13.3621
    endloop
  endfacet
  facet normal -0.815589 0 0.578632
    outer loop
      vertex 19.2636 -9.8 13.6822
      vertex 19.0365 -14.3 13.3621
      vertex 19.2636 -14.3 13.6822
    endloop
  endfacet
  facet normal -0.875165 0 0.483825
    outer loop
      vertex 18.8466 -14.3 13.0186
      vertex 19.0365 -9.8 13.3621
      vertex 18.8466 -9.8 13.0186
    endloop
  endfacet
  facet normal -0.875165 0 0.483825
    outer loop
      vertex 19.0365 -9.8 13.3621
      vertex 18.8466 -14.3 13.0186
      vertex 19.0365 -14.3 13.3621
    endloop
  endfacet
  facet normal 0.578632 0 0.815589
    outer loop
      vertex 23.8621 -9.8 14.4635
      vertex 24.1822 -14.3 14.2364
      vertex 24.1822 -9.8 14.2364
    endloop
  endfacet
  facet normal 0.578632 0 0.815589
    outer loop
      vertex 24.1822 -14.3 14.2364
      vertex 23.8621 -9.8 14.4635
      vertex 23.8621 -14.3 14.4635
    endloop
  endfacet
  facet normal 0.745734 -0 0.666244
    outer loop
      vertex 24.4749 -14.3 13.9749
      vertex 24.7364 -9.8 13.6822
      vertex 24.4749 -9.8 13.9749
    endloop
  endfacet
  facet normal 0.745734 0 0.666244
    outer loop
      vertex 24.7364 -9.8 13.6822
      vertex 24.4749 -14.3 13.9749
      vertex 24.7364 -14.3 13.6822
    endloop
  endfacet
  facet normal -0.382697 0 0.923874
    outer loop
      vertex 20.4814 -9.8 14.6534
      vertex 20.844 -14.3 14.8036
      vertex 20.844 -9.8 14.8036
    endloop
  endfacet
  facet normal -0.382697 0 0.923874
    outer loop
      vertex 20.844 -14.3 14.8036
      vertex 20.4814 -9.8 14.6534
      vertex 20.4814 -14.3 14.6534
    endloop
  endfacet
  facet normal -0.276672 0 0.960964
    outer loop
      vertex 20.844 -9.8 14.8036
      vertex 21.2212 -14.3 14.9122
      vertex 21.2212 -9.8 14.9122
    endloop
  endfacet
  facet normal -0.276672 0 0.960964
    outer loop
      vertex 21.2212 -14.3 14.9122
      vertex 20.844 -9.8 14.8036
      vertex 20.844 -14.3 14.8036
    endloop
  endfacet
  facet normal -0.483825 0 0.875165
    outer loop
      vertex 20.1379 -9.8 14.4635
      vertex 20.4814 -14.3 14.6534
      vertex 20.4814 -9.8 14.6534
    endloop
  endfacet
  facet normal -0.483825 0 0.875165
    outer loop
      vertex 20.4814 -14.3 14.6534
      vertex 20.1379 -9.8 14.4635
      vertex 20.1379 -14.3 14.4635
    endloop
  endfacet
  facet normal 0.875165 0 -0.483825
    outer loop
      vertex 25.1534 -14.3 82.9814
      vertex 24.9635 -9.8 82.6379
      vertex 25.1534 -9.8 82.9814
    endloop
  endfacet
  facet normal 0.875165 0 -0.483825
    outer loop
      vertex 24.9635 -9.8 82.6379
      vertex 25.1534 -14.3 82.9814
      vertex 24.9635 -14.3 82.6379
    endloop
  endfacet
  facet normal 0.276672 0 -0.960964
    outer loop
      vertex 22.7788 -14.3 81.0878
      vertex 23.156 -9.8 81.1964
      vertex 23.156 -14.3 81.1964
    endloop
  endfacet
  facet normal 0.276672 0 -0.960964
    outer loop
      vertex 23.156 -9.8 81.1964
      vertex 22.7788 -14.3 81.0878
      vertex 22.7788 -9.8 81.0878
    endloop
  endfacet
  facet normal -0.382697 0 -0.923874
    outer loop
      vertex 20.4814 -14.3 81.3466
      vertex 20.844 -9.8 81.1964
      vertex 20.844 -14.3 81.1964
    endloop
  endfacet
  facet normal -0.382697 0 -0.923874
    outer loop
      vertex 20.844 -9.8 81.1964
      vertex 20.4814 -14.3 81.3466
      vertex 20.4814 -9.8 81.3466
    endloop
  endfacet
  facet normal -0.960964 0 -0.276672
    outer loop
      vertex 18.6964 -14.3 83.344
      vertex 18.5878 -9.8 83.7212
      vertex 18.6964 -9.8 83.344
    endloop
  endfacet
  facet normal -0.960964 -0 -0.276672
    outer loop
      vertex 18.5878 -9.8 83.7212
      vertex 18.6964 -14.3 83.344
      vertex 18.5878 -14.3 83.7212
    endloop
  endfacet
  facet normal 0.0560485 0 -0.998428
    outer loop
      vertex 22 -14.3 81
      vertex 22.3919 -9.8 81.022
      vertex 22.3919 -14.3 81.022
    endloop
  endfacet
  facet normal 0.0560485 0 -0.998428
    outer loop
      vertex 22.3919 -9.8 81.022
      vertex 22 -14.3 81
      vertex 22 -9.8 81
    endloop
  endfacet
  facet normal 0.483825 0 -0.875165
    outer loop
      vertex 23.5186 -14.3 81.3466
      vertex 23.8621 -9.8 81.5365
      vertex 23.8621 -14.3 81.5365
    endloop
  endfacet
  facet normal 0.483825 0 -0.875165
    outer loop
      vertex 23.8621 -9.8 81.5365
      vertex 23.5186 -14.3 81.3466
      vertex 23.5186 -9.8 81.3466
    endloop
  endfacet
  facet normal -0.998428 0 -0.0560485
    outer loop
      vertex 18.522 -14.3 84.1081
      vertex 18.5 -9.8 84.5
      vertex 18.522 -9.8 84.1081
    endloop
  endfacet
  facet normal -0.998428 -0 -0.0560485
    outer loop
      vertex 18.5 -9.8 84.5
      vertex 18.522 -14.3 84.1081
      vertex 18.5 -14.3 84.5
    endloop
  endfacet
  facet normal -0.815589 0 -0.578632
    outer loop
      vertex 19.2636 -14.3 82.3178
      vertex 19.0365 -9.8 82.6379
      vertex 19.2636 -9.8 82.3178
    endloop
  endfacet
  facet normal -0.815589 -0 -0.578632
    outer loop
      vertex 19.0365 -9.8 82.6379
      vertex 19.2636 -14.3 82.3178
      vertex 19.0365 -14.3 82.6379
    endloop
  endfacet
  facet normal -0.167662 0 -0.985844
    outer loop
      vertex 21.2212 -14.3 81.0878
      vertex 21.6081 -9.8 81.022
      vertex 21.6081 -14.3 81.022
    endloop
  endfacet
  facet normal -0.167662 0 -0.985844
    outer loop
      vertex 21.6081 -9.8 81.022
      vertex 21.2212 -14.3 81.0878
      vertex 21.2212 -9.8 81.0878
    endloop
  endfacet
  facet normal 0.483825 0 0.875165
    outer loop
      vertex 23.5186 -9.8 87.6534
      vertex 23.8621 -14.3 87.4635
      vertex 23.8621 -9.8 87.4635
    endloop
  endfacet
  facet normal 0.483825 0 0.875165
    outer loop
      vertex 23.8621 -14.3 87.4635
      vertex 23.5186 -9.8 87.6534
      vertex 23.5186 -14.3 87.6534
    endloop
  endfacet
  facet normal 0.815589 0 -0.578632
    outer loop
      vertex 24.9635 -14.3 82.6379
      vertex 24.7364 -9.8 82.3178
      vertex 24.9635 -9.8 82.6379
    endloop
  endfacet
  facet normal 0.815589 0 -0.578632
    outer loop
      vertex 24.7364 -9.8 82.3178
      vertex 24.9635 -14.3 82.6379
      vertex 24.7364 -14.3 82.3178
    endloop
  endfacet
  facet normal 0.666244 0 -0.745734
    outer loop
      vertex 24.1822 -14.3 81.7636
      vertex 24.4749 -9.8 82.0251
      vertex 24.4749 -14.3 82.0251
    endloop
  endfacet
  facet normal 0.666244 0 -0.745734
    outer loop
      vertex 24.4749 -9.8 82.0251
      vertex 24.1822 -14.3 81.7636
      vertex 24.1822 -9.8 81.7636
    endloop
  endfacet
  facet normal 0.745734 0 -0.666244
    outer loop
      vertex 24.7364 -14.3 82.3178
      vertex 24.4749 -9.8 82.0251
      vertex 24.7364 -9.8 82.3178
    endloop
  endfacet
  facet normal 0.745734 0 -0.666244
    outer loop
      vertex 24.4749 -9.8 82.0251
      vertex 24.7364 -14.3 82.3178
      vertex 24.4749 -14.3 82.0251
    endloop
  endfacet
  facet normal -0.0560485 0 -0.998428
    outer loop
      vertex 21.6081 -14.3 81.022
      vertex 22 -9.8 81
      vertex 22 -14.3 81
    endloop
  endfacet
  facet normal -0.0560485 0 -0.998428
    outer loop
      vertex 22 -9.8 81
      vertex 21.6081 -14.3 81.022
      vertex 21.6081 -9.8 81.022
    endloop
  endfacet
  facet normal 0.167662 0 -0.985844
    outer loop
      vertex 22.3919 -14.3 81.022
      vertex 22.7788 -9.8 81.0878
      vertex 22.7788 -14.3 81.0878
    endloop
  endfacet
  facet normal 0.167662 0 -0.985844
    outer loop
      vertex 22.7788 -9.8 81.0878
      vertex 22.3919 -14.3 81.022
      vertex 22.3919 -9.8 81.022
    endloop
  endfacet
  facet normal 0.382697 0 -0.923874
    outer loop
      vertex 23.156 -14.3 81.1964
      vertex 23.5186 -9.8 81.3466
      vertex 23.5186 -14.3 81.3466
    endloop
  endfacet
  facet normal 0.382697 0 -0.923874
    outer loop
      vertex 23.5186 -9.8 81.3466
      vertex 23.156 -14.3 81.1964
      vertex 23.156 -9.8 81.1964
    endloop
  endfacet
  facet normal 0.578632 0 -0.815589
    outer loop
      vertex 23.8621 -14.3 81.5365
      vertex 24.1822 -9.8 81.7636
      vertex 24.1822 -14.3 81.7636
    endloop
  endfacet
  facet normal 0.578632 0 -0.815589
    outer loop
      vertex 24.1822 -9.8 81.7636
      vertex 23.8621 -14.3 81.5365
      vertex 23.8621 -9.8 81.5365
    endloop
  endfacet
  facet normal -0.998428 0 0.0560485
    outer loop
      vertex 18.5 -14.3 84.5
      vertex 18.522 -9.8 84.8919
      vertex 18.5 -9.8 84.5
    endloop
  endfacet
  facet normal -0.998428 0 0.0560485
    outer loop
      vertex 18.522 -9.8 84.8919
      vertex 18.5 -14.3 84.5
      vertex 18.522 -14.3 84.8919
    endloop
  endfacet
  facet normal -0.985844 0 -0.167662
    outer loop
      vertex 18.5878 -14.3 83.7212
      vertex 18.522 -9.8 84.1081
      vertex 18.5878 -9.8 83.7212
    endloop
  endfacet
  facet normal -0.985844 -0 -0.167662
    outer loop
      vertex 18.522 -9.8 84.1081
      vertex 18.5878 -14.3 83.7212
      vertex 18.522 -14.3 84.1081
    endloop
  endfacet
  facet normal -0.923874 0 -0.382697
    outer loop
      vertex 18.8466 -14.3 82.9814
      vertex 18.6964 -9.8 83.344
      vertex 18.8466 -9.8 82.9814
    endloop
  endfacet
  facet normal -0.923874 -0 -0.382697
    outer loop
      vertex 18.6964 -9.8 83.344
      vertex 18.8466 -14.3 82.9814
      vertex 18.6964 -14.3 83.344
    endloop
  endfacet
  facet normal -0.875165 0 -0.483825
    outer loop
      vertex 19.0365 -14.3 82.6379
      vertex 18.8466 -9.8 82.9814
      vertex 19.0365 -9.8 82.6379
    endloop
  endfacet
  facet normal -0.875165 -0 -0.483825
    outer loop
      vertex 18.8466 -9.8 82.9814
      vertex 19.0365 -14.3 82.6379
      vertex 18.8466 -14.3 82.9814
    endloop
  endfacet
  facet normal -0.276672 0 -0.960964
    outer loop
      vertex 20.844 -14.3 81.1964
      vertex 21.2212 -9.8 81.0878
      vertex 21.2212 -14.3 81.0878
    endloop
  endfacet
  facet normal -0.276672 0 -0.960964
    outer loop
      vertex 21.2212 -9.8 81.0878
      vertex 20.844 -14.3 81.1964
      vertex 20.844 -9.8 81.1964
    endloop
  endfacet
  facet normal -0.578632 0 -0.815589
    outer loop
      vertex 19.8178 -14.3 81.7636
      vertex 20.1379 -9.8 81.5365
      vertex 20.1379 -14.3 81.5365
    endloop
  endfacet
  facet normal -0.578632 0 -0.815589
    outer loop
      vertex 20.1379 -9.8 81.5365
      vertex 19.8178 -14.3 81.7636
      vertex 19.8178 -9.8 81.7636
    endloop
  endfacet
  facet normal -0.666244 0 -0.745734
    outer loop
      vertex 19.5251 -14.3 82.0251
      vertex 19.8178 -9.8 81.7636
      vertex 19.8178 -14.3 81.7636
    endloop
  endfacet
  facet normal -0.666244 0 -0.745734
    outer loop
      vertex 19.8178 -9.8 81.7636
      vertex 19.5251 -14.3 82.0251
      vertex 19.5251 -9.8 82.0251
    endloop
  endfacet
  facet normal -0.483825 0 -0.875165
    outer loop
      vertex 20.1379 -14.3 81.5365
      vertex 20.4814 -9.8 81.3466
      vertex 20.4814 -14.3 81.3466
    endloop
  endfacet
  facet normal -0.483825 0 -0.875165
    outer loop
      vertex 20.4814 -9.8 81.3466
      vertex 20.1379 -14.3 81.5365
      vertex 20.1379 -9.8 81.5365
    endloop
  endfacet
  facet normal -0.745734 0 -0.666244
    outer loop
      vertex 19.5251 -14.3 82.0251
      vertex 19.2636 -9.8 82.3178
      vertex 19.5251 -9.8 82.0251
    endloop
  endfacet
  facet normal -0.745734 -0 -0.666244
    outer loop
      vertex 19.2636 -9.8 82.3178
      vertex 19.5251 -14.3 82.0251
      vertex 19.2636 -14.3 82.3178
    endloop
  endfacet
  facet normal -0.985844 0 0.167662
    outer loop
      vertex 18.522 -14.3 84.8919
      vertex 18.5878 -9.8 85.2788
      vertex 18.522 -9.8 84.8919
    endloop
  endfacet
  facet normal -0.985844 0 0.167662
    outer loop
      vertex 18.5878 -9.8 85.2788
      vertex 18.522 -14.3 84.8919
      vertex 18.5878 -14.3 85.2788
    endloop
  endfacet
  facet normal -0.875165 0 0.483825
    outer loop
      vertex 18.8466 -14.3 86.0186
      vertex 19.0365 -9.8 86.3621
      vertex 18.8466 -9.8 86.0186
    endloop
  endfacet
  facet normal -0.875165 0 0.483825
    outer loop
      vertex 19.0365 -9.8 86.3621
      vertex 18.8466 -14.3 86.0186
      vertex 19.0365 -14.3 86.3621
    endloop
  endfacet
  facet normal 0 1 0
    outer loop
      vertex 25.3036 -9.8 83.344
      vertex 25.3013 -9.8 83.3384
      vertex 25.1534 -9.8 82.9814
    endloop
  endfacet
  facet normal 0.923856 0 -0.38274
    outer loop
      vertex 25.3013 -14.3 83.3384
      vertex 25.1534 -9.8 82.9814
      vertex 25.3013 -9.8 83.3384
    endloop
  endfacet
  facet normal 0.923856 0 -0.38274
    outer loop
      vertex 25.1534 -9.8 82.9814
      vertex 25.3013 -14.3 83.3384
      vertex 25.1534 -14.3 82.9814
    endloop
  endfacet
  facet normal 0 1 0
    outer loop
      vertex 22.3919 -9.8 87.978
      vertex 21.6081 -9.8 87.978
      vertex 22 -9.8 88
    endloop
  endfacet
  facet normal 0 1 0
    outer loop
      vertex 22.7788 -9.8 87.9122
      vertex 21.6081 -9.8 87.978
      vertex 22.3919 -9.8 87.978
    endloop
  endfacet
  facet normal 0 1 0
    outer loop
      vertex 22.7788 -9.8 87.9122
      vertex 21.2212 -9.8 87.9122
      vertex 21.6081 -9.8 87.978
    endloop
  endfacet
  facet normal 0 1 0
    outer loop
      vertex 23.156 -9.8 87.8036
      vertex 21.2212 -9.8 87.9122
      vertex 22.7788 -9.8 87.9122
    endloop
  endfacet
  facet normal 0 1 0
    outer loop
      vertex 23.156 -9.8 87.8036
      vertex 20.844 -9.8 87.8036
      vertex 21.2212 -9.8 87.9122
    endloop
  endfacet
  facet normal 0 1 0
    outer loop
      vertex 23.5186 -9.8 87.6534
      vertex 20.844 -9.8 87.8036
      vertex 23.156 -9.8 87.8036
    endloop
  endfacet
  facet normal 0 1 0
    outer loop
      vertex 23.5186 -9.8 87.6534
      vertex 20.4814 -9.8 87.6534
      vertex 20.844 -9.8 87.8036
    endloop
  endfacet
  facet normal 0 1 0
    outer loop
      vertex 23.8621 -9.8 87.4635
      vertex 20.4814 -9.8 87.6534
      vertex 23.5186 -9.8 87.6534
    endloop
  endfacet
  facet normal 0 1 0
    outer loop
      vertex 23.8621 -9.8 87.4635
      vertex 20.1379 -9.8 87.4635
      vertex 20.4814 -9.8 87.6534
    endloop
  endfacet
  facet normal 0 1 0
    outer loop
      vertex 24.1822 -9.8 87.2364
      vertex 20.1379 -9.8 87.4635
      vertex 23.8621 -9.8 87.4635
    endloop
  endfacet
  facet normal 0 1 0
    outer loop
      vertex 24.1822 -9.8 87.2364
      vertex 19.8178 -9.8 87.2364
      vertex 20.1379 -9.8 87.4635
    endloop
  endfacet
  facet normal 0 1 0
    outer loop
      vertex 24.4749 -9.8 86.9749
      vertex 19.8178 -9.8 87.2364
      vertex 24.1822 -9.8 87.2364
    endloop
  endfacet
  facet normal 0 1 0
    outer loop
      vertex 24.4749 -9.8 86.9749
      vertex 19.5251 -9.8 86.9749
      vertex 19.8178 -9.8 87.2364
    endloop
  endfacet
  facet normal 0 1 0
    outer loop
      vertex 24.7364 -9.8 86.6822
      vertex 19.5251 -9.8 86.9749
      vertex 24.4749 -9.8 86.9749
    endloop
  endfacet
  facet normal 0 1 0
    outer loop
      vertex 24.7364 -9.8 86.6822
      vertex 19.2636 -9.8 86.6822
      vertex 19.5251 -9.8 86.9749
    endloop
  endfacet
  facet normal 0 1 0
    outer loop
      vertex 24.9635 -9.8 86.3621
      vertex 19.2636 -9.8 86.6822
      vertex 24.7364 -9.8 86.6822
    endloop
  endfacet
  facet normal 0 1 0
    outer loop
      vertex 24.9635 -9.8 86.3621
      vertex 19.0365 -9.8 86.3621
      vertex 19.2636 -9.8 86.6822
    endloop
  endfacet
  facet normal 0 1 0
    outer loop
      vertex 25.1534 -9.8 86.0186
      vertex 19.0365 -9.8 86.3621
      vertex 24.9635 -9.8 86.3621
    endloop
  endfacet
  facet normal 0 1 0
    outer loop
      vertex 25.1534 -9.8 86.0186
      vertex 18.8466 -9.8 86.0186
      vertex 19.0365 -9.8 86.3621
    endloop
  endfacet
  facet normal 0 1 0
    outer loop
      vertex 25.3036 -9.8 85.656
      vertex 18.8466 -9.8 86.0186
      vertex 25.1534 -9.8 86.0186
    endloop
  endfacet
  facet normal 0 1 0
    outer loop
      vertex 25.3036 -9.8 85.656
      vertex 18.6964 -9.8 85.656
      vertex 18.8466 -9.8 86.0186
    endloop
  endfacet
  facet normal 0 1 0
    outer loop
      vertex 25.4122 -9.8 85.2788
      vertex 18.6964 -9.8 85.656
      vertex 25.3036 -9.8 85.656
    endloop
  endfacet
  facet normal 0 1 0
    outer loop
      vertex 25.4122 -9.8 85.2788
      vertex 18.5878 -9.8 85.2788
      vertex 18.6964 -9.8 85.656
    endloop
  endfacet
  facet normal 0 1 0
    outer loop
      vertex 25.478 -9.8 84.8919
      vertex 18.5878 -9.8 85.2788
      vertex 25.4122 -9.8 85.2788
    endloop
  endfacet
  facet normal 0 1 0
    outer loop
      vertex 25.478 -9.8 84.8919
      vertex 18.522 -9.8 84.8919
      vertex 18.5878 -9.8 85.2788
    endloop
  endfacet
  facet normal 0 1 0
    outer loop
      vertex 25.5 -9.8 84.5
      vertex 18.522 -9.8 84.8919
      vertex 25.478 -9.8 84.8919
    endloop
  endfacet
  facet normal 0 1 0
    outer loop
      vertex 25.5 -9.8 84.5
      vertex 18.5 -9.8 84.5
      vertex 18.522 -9.8 84.8919
    endloop
  endfacet
  facet normal 0 1 -0
    outer loop
      vertex 25.478 -9.8 84.1081
      vertex 18.5 -9.8 84.5
      vertex 25.5 -9.8 84.5
    endloop
  endfacet
  facet normal 0 1 0
    outer loop
      vertex 25.478 -9.8 84.1081
      vertex 18.522 -9.8 84.1081
      vertex 18.5 -9.8 84.5
    endloop
  endfacet
  facet normal 0 1 -0
    outer loop
      vertex 25.4122 -9.8 83.7212
      vertex 18.522 -9.8 84.1081
      vertex 25.478 -9.8 84.1081
    endloop
  endfacet
  facet normal 0 1 0
    outer loop
      vertex 25.4122 -9.8 83.7212
      vertex 18.5878 -9.8 83.7212
      vertex 18.522 -9.8 84.1081
    endloop
  endfacet
  facet normal 0 1 -0
    outer loop
      vertex 25.3036 -9.8 83.344
      vertex 18.5878 -9.8 83.7212
      vertex 25.4122 -9.8 83.7212
    endloop
  endfacet
  facet normal 0 1 0
    outer loop
      vertex 25.3036 -9.8 83.344
      vertex 18.6964 -9.8 83.344
      vertex 18.5878 -9.8 83.7212
    endloop
  endfacet
  facet normal 0 1 -0
    outer loop
      vertex 25.1534 -9.8 82.9814
      vertex 18.6964 -9.8 83.344
      vertex 25.3036 -9.8 83.344
    endloop
  endfacet
  facet normal 0 1 0
    outer loop
      vertex 25.1534 -9.8 82.9814
      vertex 18.8466 -9.8 82.9814
      vertex 18.6964 -9.8 83.344
    endloop
  endfacet
  facet normal 0 1 -0
    outer loop
      vertex 24.9635 -9.8 82.6379
      vertex 18.8466 -9.8 82.9814
      vertex 25.1534 -9.8 82.9814
    endloop
  endfacet
  facet normal 0 1 0
    outer loop
      vertex 24.9635 -9.8 82.6379
      vertex 19.0365 -9.8 82.6379
      vertex 18.8466 -9.8 82.9814
    endloop
  endfacet
  facet normal 0 1 -0
    outer loop
      vertex 24.7364 -9.8 82.3178
      vertex 19.0365 -9.8 82.6379
      vertex 24.9635 -9.8 82.6379
    endloop
  endfacet
  facet normal 0 1 0
    outer loop
      vertex 24.7364 -9.8 82.3178
      vertex 19.2636 -9.8 82.3178
      vertex 19.0365 -9.8 82.6379
    endloop
  endfacet
  facet normal 0 1 -0
    outer loop
      vertex 24.4749 -9.8 82.0251
      vertex 19.2636 -9.8 82.3178
      vertex 24.7364 -9.8 82.3178
    endloop
  endfacet
  facet normal 0 1 0
    outer loop
      vertex 24.4749 -9.8 82.0251
      vertex 19.5251 -9.8 82.0251
      vertex 19.2636 -9.8 82.3178
    endloop
  endfacet
  facet normal 0 1 -0
    outer loop
      vertex 24.1822 -9.8 81.7636
      vertex 19.5251 -9.8 82.0251
      vertex 24.4749 -9.8 82.0251
    endloop
  endfacet
  facet normal 0 1 0
    outer loop
      vertex 24.1822 -9.8 81.7636
      vertex 19.8178 -9.8 81.7636
      vertex 19.5251 -9.8 82.0251
    endloop
  endfacet
  facet normal 0 1 -0
    outer loop
      vertex 23.8621 -9.8 81.5365
      vertex 19.8178 -9.8 81.7636
      vertex 24.1822 -9.8 81.7636
    endloop
  endfacet
  facet normal 0 1 0
    outer loop
      vertex 23.8621 -9.8 81.5365
      vertex 20.1379 -9.8 81.5365
      vertex 19.8178 -9.8 81.7636
    endloop
  endfacet
  facet normal 0 1 -0
    outer loop
      vertex 23.5186 -9.8 81.3466
      vertex 20.1379 -9.8 81.5365
      vertex 23.8621 -9.8 81.5365
    endloop
  endfacet
  facet normal 0 1 0
    outer loop
      vertex 23.5186 -9.8 81.3466
      vertex 20.4814 -9.8 81.3466
      vertex 20.1379 -9.8 81.5365
    endloop
  endfacet
  facet normal 0 1 -0
    outer loop
      vertex 23.156 -9.8 81.1964
      vertex 20.4814 -9.8 81.3466
      vertex 23.5186 -9.8 81.3466
    endloop
  endfacet
  facet normal 0 1 0
    outer loop
      vertex 23.156 -9.8 81.1964
      vertex 20.844 -9.8 81.1964
      vertex 20.4814 -9.8 81.3466
    endloop
  endfacet
  facet normal 0 1 -0
    outer loop
      vertex 22.7788 -9.8 81.0878
      vertex 20.844 -9.8 81.1964
      vertex 23.156 -9.8 81.1964
    endloop
  endfacet
  facet normal 0 1 0
    outer loop
      vertex 22.7788 -9.8 81.0878
      vertex 21.2212 -9.8 81.0878
      vertex 20.844 -9.8 81.1964
    endloop
  endfacet
  facet normal 0 1 -0
    outer loop
      vertex 22.3919 -9.8 81.022
      vertex 21.2212 -9.8 81.0878
      vertex 22.7788 -9.8 81.0878
    endloop
  endfacet
  facet normal 0 1 0
    outer loop
      vertex 22.3919 -9.8 81.022
      vertex 21.6081 -9.8 81.022
      vertex 21.2212 -9.8 81.0878
    endloop
  endfacet
  facet normal -0 1 0
    outer loop
      vertex 21.6081 -9.8 81.022
      vertex 22.3919 -9.8 81.022
      vertex 22 -9.8 81
    endloop
  endfacet
  facet normal 0.923874 -0 0.382697
    outer loop
      vertex 25.1534 -14.3 86.0186
      vertex 25.3036 -9.8 85.656
      vertex 25.1534 -9.8 86.0186
    endloop
  endfacet
  facet normal 0.923874 0 0.382697
    outer loop
      vertex 25.3036 -9.8 85.656
      vertex 25.1534 -14.3 86.0186
      vertex 25.3036 -14.3 85.656
    endloop
  endfacet
  facet normal 0 -1 0
    outer loop
      vertex 25.3036 -9.8 85.656
      vertex 25.3553 -9.8 85.4764
      vertex 25.4122 -9.8 85.2788
    endloop
  endfacet
  facet normal 0.960977 -0 0.276629
    outer loop
      vertex 25.3036 -14.3 85.656
      vertex 25.3553 -9.8 85.4764
      vertex 25.3036 -9.8 85.656
    endloop
  endfacet
  facet normal 0.960977 0 0.276629
    outer loop
      vertex 25.3553 -9.8 85.4764
      vertex 25.3036 -14.3 85.656
      vertex 25.3553 -14.3 85.4764
    endloop
  endfacet
  facet normal 0.815589 -0 0.578632
    outer loop
      vertex 24.7364 -14.3 86.6822
      vertex 24.9635 -9.8 86.3621
      vertex 24.7364 -9.8 86.6822
    endloop
  endfacet
  facet normal 0.815589 0 0.578632
    outer loop
      vertex 24.9635 -9.8 86.3621
      vertex 24.7364 -14.3 86.6822
      vertex 24.9635 -14.3 86.3621
    endloop
  endfacet
  facet normal 0.875165 -0 0.483825
    outer loop
      vertex 24.9635 -14.3 86.3621
      vertex 25.1534 -9.8 86.0186
      vertex 24.9635 -9.8 86.3621
    endloop
  endfacet
  facet normal 0.875165 0 0.483825
    outer loop
      vertex 25.1534 -9.8 86.0186
      vertex 24.9635 -14.3 86.3621
      vertex 25.1534 -14.3 86.0186
    endloop
  endfacet
  facet normal -0.923874 0 0.382697
    outer loop
      vertex 18.6964 -14.3 85.656
      vertex 18.8466 -9.8 86.0186
      vertex 18.6964 -9.8 85.656
    endloop
  endfacet
  facet normal -0.923874 0 0.382697
    outer loop
      vertex 18.8466 -9.8 86.0186
      vertex 18.6964 -14.3 85.656
      vertex 18.8466 -14.3 86.0186
    endloop
  endfacet
  facet normal -0.960964 0 0.276672
    outer loop
      vertex 18.5878 -14.3 85.2788
      vertex 18.6964 -9.8 85.656
      vertex 18.5878 -9.8 85.2788
    endloop
  endfacet
  facet normal -0.960964 0 0.276672
    outer loop
      vertex 18.6964 -9.8 85.656
      vertex 18.5878 -14.3 85.2788
      vertex 18.6964 -14.3 85.656
    endloop
  endfacet
  facet normal 0.382697 0 0.923874
    outer loop
      vertex 23.156 -9.8 87.8036
      vertex 23.5186 -14.3 87.6534
      vertex 23.5186 -9.8 87.6534
    endloop
  endfacet
  facet normal 0.382697 0 0.923874
    outer loop
      vertex 23.5186 -14.3 87.6534
      vertex 23.156 -9.8 87.8036
      vertex 23.156 -14.3 87.8036
    endloop
  endfacet
  facet normal 0.276629 0 0.960977
    outer loop
      vertex 23.156 -9.8 87.8036
      vertex 22.9764 -9.8 87.8553
      vertex 23.156 -14.3 87.8036
    endloop
  endfacet
  facet normal 0 -1 0
    outer loop
      vertex 22.7788 -9.8 87.9122
      vertex 22.9764 -9.8 87.8553
      vertex 23.156 -9.8 87.8036
    endloop
  endfacet
  facet normal 0.276629 0 0.960977
    outer loop
      vertex 23.156 -14.3 87.8036
      vertex 22.9764 -9.8 87.8553
      vertex 22.9764 -14.3 87.8553
    endloop
  endfacet
  facet normal 0.666244 0 0.745734
    outer loop
      vertex 24.1822 -9.8 87.2364
      vertex 24.4749 -14.3 86.9749
      vertex 24.4749 -9.8 86.9749
    endloop
  endfacet
  facet normal 0.666244 0 0.745734
    outer loop
      vertex 24.4749 -14.3 86.9749
      vertex 24.1822 -9.8 87.2364
      vertex 24.1822 -14.3 87.2364
    endloop
  endfacet
  facet normal -0.745734 0 0.666244
    outer loop
      vertex 19.2636 -14.3 86.6822
      vertex 19.5251 -9.8 86.9749
      vertex 19.2636 -9.8 86.6822
    endloop
  endfacet
  facet normal -0.745734 0 0.666244
    outer loop
      vertex 19.5251 -9.8 86.9749
      vertex 19.2636 -14.3 86.6822
      vertex 19.5251 -14.3 86.9749
    endloop
  endfacet
  facet normal -0.666244 0 0.745734
    outer loop
      vertex 19.5251 -9.8 86.9749
      vertex 19.8178 -14.3 87.2364
      vertex 19.8178 -9.8 87.2364
    endloop
  endfacet
  facet normal -0.666244 0 0.745734
    outer loop
      vertex 19.8178 -14.3 87.2364
      vertex 19.5251 -9.8 86.9749
      vertex 19.5251 -14.3 86.9749
    endloop
  endfacet
  facet normal 0.745734 -0 0.666244
    outer loop
      vertex 24.4749 -14.3 86.9749
      vertex 24.7364 -9.8 86.6822
      vertex 24.4749 -9.8 86.9749
    endloop
  endfacet
  facet normal 0.745734 0 0.666244
    outer loop
      vertex 24.7364 -9.8 86.6822
      vertex 24.4749 -14.3 86.9749
      vertex 24.7364 -14.3 86.6822
    endloop
  endfacet
  facet normal 0.578632 0 0.815589
    outer loop
      vertex 23.8621 -9.8 87.4635
      vertex 24.1822 -14.3 87.2364
      vertex 24.1822 -9.8 87.2364
    endloop
  endfacet
  facet normal 0.578632 0 0.815589
    outer loop
      vertex 24.1822 -14.3 87.2364
      vertex 23.8621 -9.8 87.4635
      vertex 23.8621 -14.3 87.4635
    endloop
  endfacet
  facet normal -0.578632 0 0.815589
    outer loop
      vertex 19.8178 -9.8 87.2364
      vertex 20.1379 -14.3 87.4635
      vertex 20.1379 -9.8 87.4635
    endloop
  endfacet
  facet normal -0.578632 0 0.815589
    outer loop
      vertex 20.1379 -14.3 87.4635
      vertex 19.8178 -9.8 87.2364
      vertex 19.8178 -14.3 87.2364
    endloop
  endfacet
  facet normal 0 1 0
    outer loop
      vertex 20.4814 -9.8 87.6534
      vertex 20.8384 -9.8 87.8013
      vertex 20.844 -9.8 87.8036
    endloop
  endfacet
  facet normal -0.38274 0 0.923856
    outer loop
      vertex 20.4814 -9.8 87.6534
      vertex 20.8384 -14.3 87.8013
      vertex 20.8384 -9.8 87.8013
    endloop
  endfacet
  facet normal -0.38274 0 0.923856
    outer loop
      vertex 20.8384 -14.3 87.8013
      vertex 20.4814 -9.8 87.6534
      vertex 20.4814 -14.3 87.6534
    endloop
  endfacet
  facet normal -0.815589 0 0.578632
    outer loop
      vertex 19.0365 -14.3 86.3621
      vertex 19.2636 -9.8 86.6822
      vertex 19.0365 -9.8 86.3621
    endloop
  endfacet
  facet normal -0.815589 0 0.578632
    outer loop
      vertex 19.2636 -9.8 86.6822
      vertex 19.0365 -14.3 86.3621
      vertex 19.2636 -14.3 86.6822
    endloop
  endfacet
  facet normal -0.483825 0 0.875165
    outer loop
      vertex 20.1379 -9.8 87.4635
      vertex 20.4814 -14.3 87.6534
      vertex 20.4814 -9.8 87.6534
    endloop
  endfacet
  facet normal -0.483825 0 0.875165
    outer loop
      vertex 20.4814 -14.3 87.6534
      vertex 20.1379 -9.8 87.4635
      vertex 20.1379 -14.3 87.4635
    endloop
  endfacet
  facet normal -0.998427 0 -0.0560628
    outer loop
      vertex -22.75 -14.3 29
      vertex -22.761 -9.8 29.1959
      vertex -22.75 -9.8 29
    endloop
  endfacet
  facet normal -0.998427 -0 -0.0560628
    outer loop
      vertex -22.761 -9.8 29.1959
      vertex -22.75 -14.3 29
      vertex -22.761 -14.3 29.1959
    endloop
  endfacet
  facet normal -0.483522 0 0.875332
    outer loop
      vertex -23.7407 -9.8 27.4233
      vertex -23.5689 -14.3 27.5182
      vertex -23.5689 -9.8 27.5182
    endloop
  endfacet
  facet normal -0.483522 0 0.875332
    outer loop
      vertex -23.5689 -14.3 27.5182
      vertex -23.7407 -9.8 27.4233
      vertex -23.7407 -14.3 27.4233
    endloop
  endfacet
  facet normal 0.382697 0 0.923874
    outer loop
      vertex -25.2593 -9.8 27.4233
      vertex -25.078 -14.3 27.3482
      vertex -25.078 -9.8 27.3482
    endloop
  endfacet
  facet normal 0.382697 0 0.923874
    outer loop
      vertex -25.078 -14.3 27.3482
      vertex -25.2593 -9.8 27.4233
      vertex -25.2593 -14.3 27.4233
    endloop
  endfacet
  facet normal 0.875332 -0 0.483522
    outer loop
      vertex -26.0767 -14.3 28.2407
      vertex -25.9818 -9.8 28.0689
      vertex -26.0767 -9.8 28.2407
    endloop
  endfacet
  facet normal 0.875332 0 0.483522
    outer loop
      vertex -25.9818 -9.8 28.0689
      vertex -26.0767 -14.3 28.2407
      vertex -25.9818 -14.3 28.0689
    endloop
  endfacet
  facet normal 0.875332 0 -0.483522
    outer loop
      vertex -25.9818 -14.3 29.9311
      vertex -26.0767 -9.8 29.7593
      vertex -25.9818 -9.8 29.9311
    endloop
  endfacet
  facet normal 0.875332 0 -0.483522
    outer loop
      vertex -26.0767 -9.8 29.7593
      vertex -25.9818 -14.3 29.9311
      vertex -26.0767 -14.3 29.7593
    endloop
  endfacet
  facet normal -0.960964 0 0.276672
    outer loop
      vertex -22.8482 -14.3 28.422
      vertex -22.7939 -9.8 28.6106
      vertex -22.8482 -9.8 28.422
    endloop
  endfacet
  facet normal -0.960964 0 0.276672
    outer loop
      vertex -22.7939 -9.8 28.6106
      vertex -22.8482 -14.3 28.422
      vertex -22.7939 -14.3 28.6106
    endloop
  endfacet
  facet normal -0.745494 0 0.666512
    outer loop
      vertex -23.2626 -14.3 27.7626
      vertex -23.1318 -9.8 27.9089
      vertex -23.2626 -9.8 27.7626
    endloop
  endfacet
  facet normal -0.745494 0 0.666512
    outer loop
      vertex -23.1318 -9.8 27.9089
      vertex -23.2626 -14.3 27.7626
      vertex -23.1318 -14.3 27.9089
    endloop
  endfacet
  facet normal -0.382697 0 0.923874
    outer loop
      vertex -23.922 -9.8 27.3482
      vertex -23.7407 -14.3 27.4233
      vertex -23.7407 -9.8 27.4233
    endloop
  endfacet
  facet normal -0.382697 0 0.923874
    outer loop
      vertex -23.7407 -14.3 27.4233
      vertex -23.922 -9.8 27.3482
      vertex -23.922 -14.3 27.3482
    endloop
  endfacet
  facet normal -0.276672 0 0.960964
    outer loop
      vertex -24.1106 -9.8 27.2939
      vertex -23.922 -14.3 27.3482
      vertex -23.922 -9.8 27.3482
    endloop
  endfacet
  facet normal -0.276672 0 0.960964
    outer loop
      vertex -23.922 -14.3 27.3482
      vertex -24.1106 -9.8 27.2939
      vertex -24.1106 -14.3 27.2939
    endloop
  endfacet
  facet normal 0.745494 -0 0.666512
    outer loop
      vertex -25.8682 -14.3 27.9089
      vertex -25.7374 -9.8 27.7626
      vertex -25.8682 -9.8 27.9089
    endloop
  endfacet
  facet normal 0.745494 0 0.666512
    outer loop
      vertex -25.7374 -9.8 27.7626
      vertex -25.8682 -14.3 27.9089
      vertex -25.7374 -14.3 27.7626
    endloop
  endfacet
  facet normal 0.666512 0 0.745494
    outer loop
      vertex -25.7374 -9.8 27.7626
      vertex -25.5911 -14.3 27.6318
      vertex -25.5911 -9.8 27.6318
    endloop
  endfacet
  facet normal 0.666512 0 0.745494
    outer loop
      vertex -25.5911 -14.3 27.6318
      vertex -25.7374 -9.8 27.7626
      vertex -25.7374 -14.3 27.7626
    endloop
  endfacet
  facet normal -0.998427 0 0.0560628
    outer loop
      vertex -22.761 -14.3 28.8041
      vertex -22.75 -9.8 29
      vertex -22.761 -9.8 28.8041
    endloop
  endfacet
  facet normal -0.998427 0 0.0560628
    outer loop
      vertex -22.75 -9.8 29
      vertex -22.761 -14.3 28.8041
      vertex -22.75 -14.3 29
    endloop
  endfacet
  facet normal -0.923874 0 -0.382697
    outer loop
      vertex -22.8482 -14.3 29.578
      vertex -22.9233 -9.8 29.7593
      vertex -22.8482 -9.8 29.578
    endloop
  endfacet
  facet normal -0.923874 -0 -0.382697
    outer loop
      vertex -22.9233 -9.8 29.7593
      vertex -22.8482 -14.3 29.578
      vertex -22.9233 -14.3 29.7593
    endloop
  endfacet
  facet normal -0.276672 0 -0.960964
    outer loop
      vertex -24.1106 -14.3 30.7061
      vertex -23.922 -9.8 30.6518
      vertex -23.922 -14.3 30.6518
    endloop
  endfacet
  facet normal -0.276672 0 -0.960964
    outer loop
      vertex -23.922 -9.8 30.6518
      vertex -24.1106 -14.3 30.7061
      vertex -24.1106 -9.8 30.7061
    endloop
  endfacet
  facet normal -0.745494 0 -0.666512
    outer loop
      vertex -23.1318 -14.3 30.0911
      vertex -23.2626 -9.8 30.2374
      vertex -23.1318 -9.8 30.0911
    endloop
  endfacet
  facet normal -0.745494 -0 -0.666512
    outer loop
      vertex -23.2626 -9.8 30.2374
      vertex -23.1318 -14.3 30.0911
      vertex -23.2626 -14.3 30.2374
    endloop
  endfacet
  facet normal 0.0560628 0 -0.998427
    outer loop
      vertex -24.6959 -14.3 30.739
      vertex -24.5 -9.8 30.75
      vertex -24.5 -14.3 30.75
    endloop
  endfacet
  facet normal 0.0560628 0 -0.998427
    outer loop
      vertex -24.5 -9.8 30.75
      vertex -24.6959 -14.3 30.739
      vertex -24.6959 -9.8 30.739
    endloop
  endfacet
  facet normal 0.578922 0 -0.815383
    outer loop
      vertex -25.5911 -14.3 30.3682
      vertex -25.4311 -9.8 30.4818
      vertex -25.4311 -14.3 30.4818
    endloop
  endfacet
  facet normal 0.578922 0 -0.815383
    outer loop
      vertex -25.4311 -9.8 30.4818
      vertex -25.5911 -14.3 30.3682
      vertex -25.5911 -9.8 30.3682
    endloop
  endfacet
  facet normal 0.666512 0 -0.745494
    outer loop
      vertex -25.7374 -14.3 30.2374
      vertex -25.5911 -9.8 30.3682
      vertex -25.5911 -14.3 30.3682
    endloop
  endfacet
  facet normal 0.666512 0 -0.745494
    outer loop
      vertex -25.5911 -9.8 30.3682
      vertex -25.7374 -14.3 30.2374
      vertex -25.7374 -9.8 30.2374
    endloop
  endfacet
  facet normal -0.985852 0 0.16762
    outer loop
      vertex -22.7939 -14.3 28.6106
      vertex -22.761 -9.8 28.8041
      vertex -22.7939 -9.8 28.6106
    endloop
  endfacet
  facet normal -0.985852 0 0.16762
    outer loop
      vertex -22.761 -9.8 28.8041
      vertex -22.7939 -14.3 28.6106
      vertex -22.761 -14.3 28.8041
    endloop
  endfacet
  facet normal -0.923874 0 0.382697
    outer loop
      vertex -22.9233 -14.3 28.2407
      vertex -22.8482 -9.8 28.422
      vertex -22.9233 -9.8 28.2407
    endloop
  endfacet
  facet normal -0.923874 0 0.382697
    outer loop
      vertex -22.8482 -9.8 28.422
      vertex -22.9233 -14.3 28.2407
      vertex -22.8482 -14.3 28.422
    endloop
  endfacet
  facet normal -0.875332 0 0.483522
    outer loop
      vertex -23.0182 -14.3 28.0689
      vertex -22.9233 -9.8 28.2407
      vertex -23.0182 -9.8 28.0689
    endloop
  endfacet
  facet normal -0.875332 0 0.483522
    outer loop
      vertex -22.9233 -9.8 28.2407
      vertex -23.0182 -14.3 28.0689
      vertex -22.9233 -14.3 28.2407
    endloop
  endfacet
  facet normal -0.815383 0 0.578922
    outer loop
      vertex -23.1318 -14.3 27.9089
      vertex -23.0182 -9.8 28.0689
      vertex -23.1318 -9.8 27.9089
    endloop
  endfacet
  facet normal -0.815383 0 0.578922
    outer loop
      vertex -23.0182 -9.8 28.0689
      vertex -23.1318 -14.3 27.9089
      vertex -23.0182 -14.3 28.0689
    endloop
  endfacet
  facet normal -0.666512 0 0.745494
    outer loop
      vertex -23.4089 -9.8 27.6318
      vertex -23.2626 -14.3 27.7626
      vertex -23.2626 -9.8 27.7626
    endloop
  endfacet
  facet normal -0.666512 0 0.745494
    outer loop
      vertex -23.2626 -14.3 27.7626
      vertex -23.4089 -9.8 27.6318
      vertex -23.4089 -14.3 27.6318
    endloop
  endfacet
  facet normal -0.0560628 0 0.998427
    outer loop
      vertex -24.5 -9.8 27.25
      vertex -24.3041 -14.3 27.261
      vertex -24.3041 -9.8 27.261
    endloop
  endfacet
  facet normal -0.0560628 0 0.998427
    outer loop
      vertex -24.3041 -14.3 27.261
      vertex -24.5 -9.8 27.25
      vertex -24.5 -14.3 27.25
    endloop
  endfacet
  facet normal 0.998427 -0 0.0560628
    outer loop
      vertex -26.25 -14.3 29
      vertex -26.239 -9.8 28.8041
      vertex -26.25 -9.8 29
    endloop
  endfacet
  facet normal 0.998427 0 0.0560628
    outer loop
      vertex -26.239 -9.8 28.8041
      vertex -26.25 -14.3 29
      vertex -26.239 -14.3 28.8041
    endloop
  endfacet
  facet normal 0.960964 -0 0.276672
    outer loop
      vertex -26.2061 -14.3 28.6106
      vertex -26.1518 -9.8 28.422
      vertex -26.2061 -9.8 28.6106
    endloop
  endfacet
  facet normal 0.960964 0 0.276672
    outer loop
      vertex -26.1518 -9.8 28.422
      vertex -26.2061 -14.3 28.6106
      vertex -26.1518 -14.3 28.422
    endloop
  endfacet
  facet normal 0.0560628 0 0.998427
    outer loop
      vertex -24.6959 -9.8 27.261
      vertex -24.5 -14.3 27.25
      vertex -24.5 -9.8 27.25
    endloop
  endfacet
  facet normal 0.0560628 0 0.998427
    outer loop
      vertex -24.5 -14.3 27.25
      vertex -24.6959 -9.8 27.261
      vertex -24.6959 -14.3 27.261
    endloop
  endfacet
  facet normal 0.16762 0 0.985852
    outer loop
      vertex -24.8894 -9.8 27.2939
      vertex -24.6959 -14.3 27.261
      vertex -24.6959 -9.8 27.261
    endloop
  endfacet
  facet normal 0.16762 0 0.985852
    outer loop
      vertex -24.6959 -14.3 27.261
      vertex -24.8894 -9.8 27.2939
      vertex -24.8894 -14.3 27.2939
    endloop
  endfacet
  facet normal 0.483522 0 0.875332
    outer loop
      vertex -25.4311 -9.8 27.5182
      vertex -25.2593 -14.3 27.4233
      vertex -25.2593 -9.8 27.4233
    endloop
  endfacet
  facet normal 0.483522 0 0.875332
    outer loop
      vertex -25.2593 -14.3 27.4233
      vertex -25.4311 -9.8 27.5182
      vertex -25.4311 -14.3 27.5182
    endloop
  endfacet
  facet normal 0.578922 0 0.815383
    outer loop
      vertex -25.5911 -9.8 27.6318
      vertex -25.4311 -14.3 27.5182
      vertex -25.4311 -9.8 27.5182
    endloop
  endfacet
  facet normal 0.578922 0 0.815383
    outer loop
      vertex -25.4311 -14.3 27.5182
      vertex -25.5911 -9.8 27.6318
      vertex -25.5911 -14.3 27.6318
    endloop
  endfacet
  facet normal -0.0560628 0 -0.998427
    outer loop
      vertex -24.5 -14.3 30.75
      vertex -24.3041 -9.8 30.739
      vertex -24.3041 -14.3 30.739
    endloop
  endfacet
  facet normal -0.0560628 0 -0.998427
    outer loop
      vertex -24.3041 -9.8 30.739
      vertex -24.5 -14.3 30.75
      vertex -24.5 -9.8 30.75
    endloop
  endfacet
  facet normal -0.985852 0 -0.16762
    outer loop
      vertex -22.761 -14.3 29.1959
      vertex -22.7939 -9.8 29.3894
      vertex -22.761 -9.8 29.1959
    endloop
  endfacet
  facet normal -0.985852 -0 -0.16762
    outer loop
      vertex -22.7939 -9.8 29.3894
      vertex -22.761 -14.3 29.1959
      vertex -22.7939 -14.3 29.3894
    endloop
  endfacet
  facet normal -0.16762 0 -0.985852
    outer loop
      vertex -24.3041 -14.3 30.739
      vertex -24.1106 -9.8 30.7061
      vertex -24.1106 -14.3 30.7061
    endloop
  endfacet
  facet normal -0.16762 0 -0.985852
    outer loop
      vertex -24.1106 -9.8 30.7061
      vertex -24.3041 -14.3 30.739
      vertex -24.3041 -9.8 30.739
    endloop
  endfacet
  facet normal -0.483522 0 -0.875332
    outer loop
      vertex -23.7407 -14.3 30.5767
      vertex -23.5689 -9.8 30.4818
      vertex -23.5689 -14.3 30.4818
    endloop
  endfacet
  facet normal -0.483522 0 -0.875332
    outer loop
      vertex -23.5689 -9.8 30.4818
      vertex -23.7407 -14.3 30.5767
      vertex -23.7407 -9.8 30.5767
    endloop
  endfacet
  facet normal -0.666512 0 -0.745494
    outer loop
      vertex -23.4089 -14.3 30.3682
      vertex -23.2626 -9.8 30.2374
      vertex -23.2626 -14.3 30.2374
    endloop
  endfacet
  facet normal -0.666512 0 -0.745494
    outer loop
      vertex -23.2626 -9.8 30.2374
      vertex -23.4089 -14.3 30.3682
      vertex -23.4089 -9.8 30.3682
    endloop
  endfacet
  facet normal -0.578922 0 -0.815383
    outer loop
      vertex -23.5689 -14.3 30.4818
      vertex -23.4089 -9.8 30.3682
      vertex -23.4089 -14.3 30.3682
    endloop
  endfacet
  facet normal -0.578922 0 -0.815383
    outer loop
      vertex -23.4089 -9.8 30.3682
      vertex -23.5689 -14.3 30.4818
      vertex -23.5689 -9.8 30.4818
    endloop
  endfacet
  facet normal 0.276672 0 -0.960964
    outer loop
      vertex -25.078 -14.3 30.6518
      vertex -24.8894 -9.8 30.7061
      vertex -24.8894 -14.3 30.7061
    endloop
  endfacet
  facet normal 0.276672 0 -0.960964
    outer loop
      vertex -24.8894 -9.8 30.7061
      vertex -25.078 -14.3 30.6518
      vertex -25.078 -9.8 30.6518
    endloop
  endfacet
  facet normal 0.382697 0 -0.923874
    outer loop
      vertex -25.2593 -14.3 30.5767
      vertex -25.078 -9.8 30.6518
      vertex -25.078 -14.3 30.6518
    endloop
  endfacet
  facet normal 0.382697 0 -0.923874
    outer loop
      vertex -25.078 -9.8 30.6518
      vertex -25.2593 -14.3 30.5767
      vertex -25.2593 -9.8 30.5767
    endloop
  endfacet
  facet normal 0.16762 0 -0.985852
    outer loop
      vertex -24.8894 -14.3 30.7061
      vertex -24.6959 -9.8 30.739
      vertex -24.6959 -14.3 30.739
    endloop
  endfacet
  facet normal 0.16762 0 -0.985852
    outer loop
      vertex -24.6959 -9.8 30.739
      vertex -24.8894 -14.3 30.7061
      vertex -24.8894 -9.8 30.7061
    endloop
  endfacet
  facet normal 0.483522 0 -0.875332
    outer loop
      vertex -25.4311 -14.3 30.4818
      vertex -25.2593 -9.8 30.5767
      vertex -25.2593 -14.3 30.5767
    endloop
  endfacet
  facet normal 0.483522 0 -0.875332
    outer loop
      vertex -25.2593 -9.8 30.5767
      vertex -25.4311 -14.3 30.4818
      vertex -25.4311 -9.8 30.4818
    endloop
  endfacet
  facet normal 0.960964 0 -0.276672
    outer loop
      vertex -26.1518 -14.3 29.578
      vertex -26.2061 -9.8 29.3894
      vertex -26.1518 -9.8 29.578
    endloop
  endfacet
  facet normal 0.960964 0 -0.276672
    outer loop
      vertex -26.2061 -9.8 29.3894
      vertex -26.1518 -14.3 29.578
      vertex -26.2061 -14.3 29.3894
    endloop
  endfacet
  facet normal 0.998427 0 -0.0560628
    outer loop
      vertex -26.239 -14.3 29.1959
      vertex -26.25 -9.8 29
      vertex -26.239 -9.8 29.1959
    endloop
  endfacet
  facet normal 0.998427 0 -0.0560628
    outer loop
      vertex -26.25 -9.8 29
      vertex -26.239 -14.3 29.1959
      vertex -26.25 -14.3 29
    endloop
  endfacet
  facet normal 0.745494 0 -0.666512
    outer loop
      vertex -25.7374 -14.3 30.2374
      vertex -25.8682 -9.8 30.0911
      vertex -25.7374 -9.8 30.2374
    endloop
  endfacet
  facet normal 0.745494 0 -0.666512
    outer loop
      vertex -25.8682 -9.8 30.0911
      vertex -25.7374 -14.3 30.2374
      vertex -25.8682 -14.3 30.0911
    endloop
  endfacet
  facet normal -0.578922 0 0.815383
    outer loop
      vertex -23.5689 -9.8 27.5182
      vertex -23.4089 -14.3 27.6318
      vertex -23.4089 -9.8 27.6318
    endloop
  endfacet
  facet normal -0.578922 0 0.815383
    outer loop
      vertex -23.4089 -14.3 27.6318
      vertex -23.5689 -9.8 27.5182
      vertex -23.5689 -14.3 27.5182
    endloop
  endfacet
  facet normal -0.16762 0 0.985852
    outer loop
      vertex -24.3041 -9.8 27.261
      vertex -24.1106 -14.3 27.2939
      vertex -24.1106 -9.8 27.2939
    endloop
  endfacet
  facet normal -0.16762 0 0.985852
    outer loop
      vertex -24.1106 -14.3 27.2939
      vertex -24.3041 -9.8 27.261
      vertex -24.3041 -14.3 27.261
    endloop
  endfacet
  facet normal 0 1 0
    outer loop
      vertex -24.5 -9.8 30.75
      vertex -24.5 -9.8 32.75
      vertex -24.0801 -9.8 32.7264
    endloop
  endfacet
  facet normal 0 1 0
    outer loop
      vertex -24.3041 -9.8 30.739
      vertex -24.0801 -9.8 32.7264
      vertex -23.6655 -9.8 32.656
    endloop
  endfacet
  facet normal 0 1 0
    outer loop
      vertex -24.5 -9.8 32.75
      vertex -24.5 -9.8 30.75
      vertex -24.9199 -9.8 32.7264
    endloop
  endfacet
  facet normal 0 1 0
    outer loop
      vertex -24.1106 -9.8 30.7061
      vertex -23.6655 -9.8 32.656
      vertex -23.2615 -9.8 32.5396
    endloop
  endfacet
  facet normal 0 1 -0
    outer loop
      vertex -24.6959 -9.8 30.739
      vertex -24.9199 -9.8 32.7264
      vertex -24.5 -9.8 30.75
    endloop
  endfacet
  facet normal 0 1 0
    outer loop
      vertex -23.922 -9.8 30.6518
      vertex -23.2615 -9.8 32.5396
      vertex -22.8729 -9.8 32.3786
    endloop
  endfacet
  facet normal 0 1 0
    outer loop
      vertex -24.9199 -9.8 32.7264
      vertex -24.6959 -9.8 30.739
      vertex -25.3345 -9.8 32.656
    endloop
  endfacet
  facet normal 0 1 0
    outer loop
      vertex -23.7407 -9.8 30.5767
      vertex -22.8729 -9.8 32.3786
      vertex -22.5049 -9.8 32.1752
    endloop
  endfacet
  facet normal 0 1 -0
    outer loop
      vertex -24.8894 -9.8 30.7061
      vertex -25.3345 -9.8 32.656
      vertex -24.6959 -9.8 30.739
    endloop
  endfacet
  facet normal 0 1 0
    outer loop
      vertex -23.5689 -9.8 30.4818
      vertex -22.5049 -9.8 32.1752
      vertex -22.1619 -9.8 31.9319
    endloop
  endfacet
  facet normal 0 1 0
    outer loop
      vertex -25.3345 -9.8 32.656
      vertex -24.8894 -9.8 30.7061
      vertex -25.7385 -9.8 32.5396
    endloop
  endfacet
  facet normal 0 1 0
    outer loop
      vertex -23.4089 -9.8 30.3682
      vertex -22.1619 -9.8 31.9319
      vertex -21.8484 -9.8 31.6516
    endloop
  endfacet
  facet normal 0 1 -0
    outer loop
      vertex -25.078 -9.8 30.6518
      vertex -25.7385 -9.8 32.5396
      vertex -24.8894 -9.8 30.7061
    endloop
  endfacet
  facet normal 0 1 0
    outer loop
      vertex -23.2626 -9.8 30.2374
      vertex -21.8484 -9.8 31.6516
      vertex -21.5681 -9.8 31.3381
    endloop
  endfacet
  facet normal 0 1 0
    outer loop
      vertex -25.7385 -9.8 32.5396
      vertex -25.078 -9.8 30.6518
      vertex -26.1271 -9.8 32.3786
    endloop
  endfacet
  facet normal 0 1 0
    outer loop
      vertex -23.1318 -9.8 30.0911
      vertex -21.5681 -9.8 31.3381
      vertex -21.3248 -9.8 30.9951
    endloop
  endfacet
  facet normal 0 1 -0
    outer loop
      vertex -25.2593 -9.8 30.5767
      vertex -26.1271 -9.8 32.3786
      vertex -25.078 -9.8 30.6518
    endloop
  endfacet
  facet normal 0 1 0
    outer loop
      vertex -26.1271 -9.8 32.3786
      vertex -25.2593 -9.8 30.5767
      vertex -26.4951 -9.8 32.1752
    endloop
  endfacet
  facet normal 0 1 0
    outer loop
      vertex -24.0801 -9.8 32.7264
      vertex -24.3041 -9.8 30.739
      vertex -24.5 -9.8 30.75
    endloop
  endfacet
  facet normal 0 1 0
    outer loop
      vertex -23.6655 -9.8 32.656
      vertex -24.1106 -9.8 30.7061
      vertex -24.3041 -9.8 30.739
    endloop
  endfacet
  facet normal 0 1 0
    outer loop
      vertex -23.2615 -9.8 32.5396
      vertex -23.922 -9.8 30.6518
      vertex -24.1106 -9.8 30.7061
    endloop
  endfacet
  facet normal 0 1 0
    outer loop
      vertex -23.0182 -9.8 29.9311
      vertex -21.3248 -9.8 30.9951
      vertex -21.1214 -9.8 30.6271
    endloop
  endfacet
  facet normal 0 1 0
    outer loop
      vertex -22.8729 -9.8 32.3786
      vertex -23.7407 -9.8 30.5767
      vertex -23.922 -9.8 30.6518
    endloop
  endfacet
  facet normal 0 1 0
    outer loop
      vertex -22.5049 -9.8 32.1752
      vertex -23.5689 -9.8 30.4818
      vertex -23.7407 -9.8 30.5767
    endloop
  endfacet
  facet normal 0 1 0
    outer loop
      vertex -22.1619 -9.8 31.9319
      vertex -23.4089 -9.8 30.3682
      vertex -23.5689 -9.8 30.4818
    endloop
  endfacet
  facet normal 0 1 0
    outer loop
      vertex -22.9233 -9.8 29.7593
      vertex -21.1214 -9.8 30.6271
      vertex -20.9604 -9.8 30.2385
    endloop
  endfacet
  facet normal 0 1 0
    outer loop
      vertex -21.8484 -9.8 31.6516
      vertex -23.2626 -9.8 30.2374
      vertex -23.4089 -9.8 30.3682
    endloop
  endfacet
  facet normal 0 1 0
    outer loop
      vertex -21.5681 -9.8 31.3381
      vertex -23.1318 -9.8 30.0911
      vertex -23.2626 -9.8 30.2374
    endloop
  endfacet
  facet normal 0 1 0
    outer loop
      vertex -21.3248 -9.8 30.9951
      vertex -23.0182 -9.8 29.9311
      vertex -23.1318 -9.8 30.0911
    endloop
  endfacet
  facet normal 0 1 0
    outer loop
      vertex -22.8482 -9.8 29.578
      vertex -20.9604 -9.8 30.2385
      vertex -20.844 -9.8 29.8345
    endloop
  endfacet
  facet normal 0 1 0
    outer loop
      vertex -21.1214 -9.8 30.6271
      vertex -22.9233 -9.8 29.7593
      vertex -23.0182 -9.8 29.9311
    endloop
  endfacet
  facet normal 0 1 0
    outer loop
      vertex -20.9604 -9.8 30.2385
      vertex -22.8482 -9.8 29.578
      vertex -22.9233 -9.8 29.7593
    endloop
  endfacet
  facet normal 0 1 0
    outer loop
      vertex -22.7939 -9.8 29.3894
      vertex -20.844 -9.8 29.8345
      vertex -20.7736 -9.8 29.4199
    endloop
  endfacet
  facet normal 0 1 0
    outer loop
      vertex -20.844 -9.8 29.8345
      vertex -22.7939 -9.8 29.3894
      vertex -22.8482 -9.8 29.578
    endloop
  endfacet
  facet normal 0 1 0
    outer loop
      vertex -20.7736 -9.8 29.4199
      vertex -22.761 -9.8 29.1959
      vertex -22.7939 -9.8 29.3894
    endloop
  endfacet
  facet normal 0 1 0
    outer loop
      vertex -20.75 -9.8 29
      vertex -22.761 -9.8 29.1959
      vertex -20.7736 -9.8 29.4199
    endloop
  endfacet
  facet normal 0 1 0
    outer loop
      vertex -20.75 -9.8 29
      vertex -22.75 -9.8 29
      vertex -22.761 -9.8 29.1959
    endloop
  endfacet
  facet normal 0 1 0
    outer loop
      vertex -20.75 -9.8 29
      vertex -22.761 -9.8 28.8041
      vertex -22.75 -9.8 29
    endloop
  endfacet
  facet normal 0 1 -0
    outer loop
      vertex -20.7736 -9.8 28.5801
      vertex -22.761 -9.8 28.8041
      vertex -20.75 -9.8 29
    endloop
  endfacet
  facet normal 0 1 0
    outer loop
      vertex -22.761 -9.8 28.8041
      vertex -20.7736 -9.8 28.5801
      vertex -22.7939 -9.8 28.6106
    endloop
  endfacet
  facet normal 0 1 -0
    outer loop
      vertex -20.844 -9.8 28.1655
      vertex -22.7939 -9.8 28.6106
      vertex -20.7736 -9.8 28.5801
    endloop
  endfacet
  facet normal 0 1 0
    outer loop
      vertex -22.7939 -9.8 28.6106
      vertex -20.844 -9.8 28.1655
      vertex -22.8482 -9.8 28.422
    endloop
  endfacet
  facet normal 0 1 -0
    outer loop
      vertex -20.9604 -9.8 27.7615
      vertex -22.8482 -9.8 28.422
      vertex -20.844 -9.8 28.1655
    endloop
  endfacet
  facet normal 0 1 0
    outer loop
      vertex -22.8482 -9.8 28.422
      vertex -20.9604 -9.8 27.7615
      vertex -22.9233 -9.8 28.2407
    endloop
  endfacet
  facet normal 0 1 -0
    outer loop
      vertex -21.1214 -9.8 27.3729
      vertex -22.9233 -9.8 28.2407
      vertex -20.9604 -9.8 27.7615
    endloop
  endfacet
  facet normal 0 1 0
    outer loop
      vertex -22.9233 -9.8 28.2407
      vertex -21.1214 -9.8 27.3729
      vertex -23.0182 -9.8 28.0689
    endloop
  endfacet
  facet normal 0 1 -0
    outer loop
      vertex -21.3248 -9.8 27.0049
      vertex -23.0182 -9.8 28.0689
      vertex -21.1214 -9.8 27.3729
    endloop
  endfacet
  facet normal 0 1 0
    outer loop
      vertex -23.0182 -9.8 28.0689
      vertex -21.3248 -9.8 27.0049
      vertex -23.1318 -9.8 27.9089
    endloop
  endfacet
  facet normal 0 1 -0
    outer loop
      vertex -21.5681 -9.8 26.6619
      vertex -23.1318 -9.8 27.9089
      vertex -21.3248 -9.8 27.0049
    endloop
  endfacet
  facet normal 0 1 0
    outer loop
      vertex -23.1318 -9.8 27.9089
      vertex -21.5681 -9.8 26.6619
      vertex -23.2626 -9.8 27.7626
    endloop
  endfacet
  facet normal 0 1 -0
    outer loop
      vertex -21.8484 -9.8 26.3484
      vertex -23.2626 -9.8 27.7626
      vertex -21.5681 -9.8 26.6619
    endloop
  endfacet
  facet normal 0 1 0
    outer loop
      vertex -23.2626 -9.8 27.7626
      vertex -21.8484 -9.8 26.3484
      vertex -23.4089 -9.8 27.6318
    endloop
  endfacet
  facet normal 0 1 -0
    outer loop
      vertex -22.1619 -9.8 26.0681
      vertex -23.4089 -9.8 27.6318
      vertex -21.8484 -9.8 26.3484
    endloop
  endfacet
  facet normal 0 1 0
    outer loop
      vertex -23.4089 -9.8 27.6318
      vertex -22.1619 -9.8 26.0681
      vertex -23.5689 -9.8 27.5182
    endloop
  endfacet
  facet normal 0 1 -0
    outer loop
      vertex -22.5049 -9.8 25.8248
      vertex -23.5689 -9.8 27.5182
      vertex -22.1619 -9.8 26.0681
    endloop
  endfacet
  facet normal 0 1 0
    outer loop
      vertex -23.5689 -9.8 27.5182
      vertex -22.5049 -9.8 25.8248
      vertex -23.7407 -9.8 27.4233
    endloop
  endfacet
  facet normal 0 1 -0
    outer loop
      vertex -25.4311 -9.8 30.4818
      vertex -26.4951 -9.8 32.1752
      vertex -25.2593 -9.8 30.5767
    endloop
  endfacet
  facet normal 0 1 0
    outer loop
      vertex -26.4951 -9.8 32.1752
      vertex -25.4311 -9.8 30.4818
      vertex -26.8381 -9.8 31.9319
    endloop
  endfacet
  facet normal 0 1 -0
    outer loop
      vertex -25.5911 -9.8 30.3682
      vertex -26.8381 -9.8 31.9319
      vertex -25.4311 -9.8 30.4818
    endloop
  endfacet
  facet normal 0 1 0
    outer loop
      vertex -26.8381 -9.8 31.9319
      vertex -25.5911 -9.8 30.3682
      vertex -27.1516 -9.8 31.6516
    endloop
  endfacet
  facet normal 0 1 -0
    outer loop
      vertex -25.7374 -9.8 30.2374
      vertex -27.1516 -9.8 31.6516
      vertex -25.5911 -9.8 30.3682
    endloop
  endfacet
  facet normal 0 1 0
    outer loop
      vertex -27.1516 -9.8 31.6516
      vertex -25.7374 -9.8 30.2374
      vertex -27.4319 -9.8 31.3381
    endloop
  endfacet
  facet normal 0 1 -0
    outer loop
      vertex -25.8682 -9.8 30.0911
      vertex -27.4319 -9.8 31.3381
      vertex -25.7374 -9.8 30.2374
    endloop
  endfacet
  facet normal 0 1 0
    outer loop
      vertex -27.4319 -9.8 31.3381
      vertex -25.8682 -9.8 30.0911
      vertex -27.6752 -9.8 30.9951
    endloop
  endfacet
  facet normal 0 1 -0
    outer loop
      vertex -25.9818 -9.8 29.9311
      vertex -27.6752 -9.8 30.9951
      vertex -25.8682 -9.8 30.0911
    endloop
  endfacet
  facet normal 0 1 0
    outer loop
      vertex -27.6752 -9.8 30.9951
      vertex -25.9818 -9.8 29.9311
      vertex -27.8786 -9.8 30.6271
    endloop
  endfacet
  facet normal 0 1 -0
    outer loop
      vertex -26.0767 -9.8 29.7593
      vertex -27.8786 -9.8 30.6271
      vertex -25.9818 -9.8 29.9311
    endloop
  endfacet
  facet normal 0 1 0
    outer loop
      vertex -27.8786 -9.8 30.6271
      vertex -26.0767 -9.8 29.7593
      vertex -28.0396 -9.8 30.2385
    endloop
  endfacet
  facet normal 0 1 -0
    outer loop
      vertex -26.1518 -9.8 29.578
      vertex -28.0396 -9.8 30.2385
      vertex -26.0767 -9.8 29.7593
    endloop
  endfacet
  facet normal 0 1 0
    outer loop
      vertex -28.0396 -9.8 30.2385
      vertex -26.1518 -9.8 29.578
      vertex -28.156 -9.8 29.8345
    endloop
  endfacet
  facet normal 0 1 -0
    outer loop
      vertex -26.2061 -9.8 29.3894
      vertex -28.156 -9.8 29.8345
      vertex -26.1518 -9.8 29.578
    endloop
  endfacet
  facet normal 0 1 0
    outer loop
      vertex -28.156 -9.8 29.8345
      vertex -26.2061 -9.8 29.3894
      vertex -28.2264 -9.8 29.4199
    endloop
  endfacet
  facet normal 0 1 -0
    outer loop
      vertex -26.239 -9.8 29.1959
      vertex -28.2264 -9.8 29.4199
      vertex -26.2061 -9.8 29.3894
    endloop
  endfacet
  facet normal 0 1 -0
    outer loop
      vertex -26.25 -9.8 29
      vertex -28.2264 -9.8 29.4199
      vertex -26.239 -9.8 29.1959
    endloop
  endfacet
  facet normal 0 1 0
    outer loop
      vertex -26.25 -9.8 29
      vertex -28.25 -9.8 29
      vertex -28.2264 -9.8 29.4199
    endloop
  endfacet
  facet normal 0 1 0
    outer loop
      vertex -26.239 -9.8 28.8041
      vertex -28.25 -9.8 29
      vertex -26.25 -9.8 29
    endloop
  endfacet
  facet normal 0 1 0
    outer loop
      vertex -28.2264 -9.8 28.5801
      vertex -26.239 -9.8 28.8041
      vertex -26.2061 -9.8 28.6106
    endloop
  endfacet
  facet normal 0 1 0
    outer loop
      vertex -26.239 -9.8 28.8041
      vertex -28.2264 -9.8 28.5801
      vertex -28.25 -9.8 29
    endloop
  endfacet
  facet normal 0 1 0
    outer loop
      vertex -28.156 -9.8 28.1655
      vertex -26.2061 -9.8 28.6106
      vertex -26.1518 -9.8 28.422
    endloop
  endfacet
  facet normal 0 1 0
    outer loop
      vertex -28.0396 -9.8 27.7615
      vertex -26.1518 -9.8 28.422
      vertex -26.0767 -9.8 28.2407
    endloop
  endfacet
  facet normal 0 1 0
    outer loop
      vertex -26.2061 -9.8 28.6106
      vertex -28.156 -9.8 28.1655
      vertex -28.2264 -9.8 28.5801
    endloop
  endfacet
  facet normal 0 1 0
    outer loop
      vertex -27.8786 -9.8 27.3729
      vertex -26.0767 -9.8 28.2407
      vertex -25.9818 -9.8 28.0689
    endloop
  endfacet
  facet normal 0 1 0
    outer loop
      vertex -27.6752 -9.8 27.0049
      vertex -25.9818 -9.8 28.0689
      vertex -25.8682 -9.8 27.9089
    endloop
  endfacet
  facet normal 0 1 0
    outer loop
      vertex -27.4319 -9.8 26.6619
      vertex -25.8682 -9.8 27.9089
      vertex -25.7374 -9.8 27.7626
    endloop
  endfacet
  facet normal 0 1 0
    outer loop
      vertex -26.1518 -9.8 28.422
      vertex -28.0396 -9.8 27.7615
      vertex -28.156 -9.8 28.1655
    endloop
  endfacet
  facet normal 0 1 0
    outer loop
      vertex -27.1516 -9.8 26.3484
      vertex -25.7374 -9.8 27.7626
      vertex -25.5911 -9.8 27.6318
    endloop
  endfacet
  facet normal 0 1 0
    outer loop
      vertex -26.8381 -9.8 26.0681
      vertex -25.5911 -9.8 27.6318
      vertex -25.4311 -9.8 27.5182
    endloop
  endfacet
  facet normal 0 1 0
    outer loop
      vertex -26.4951 -9.8 25.8248
      vertex -25.4311 -9.8 27.5182
      vertex -25.2593 -9.8 27.4233
    endloop
  endfacet
  facet normal 0 1 0
    outer loop
      vertex -26.0767 -9.8 28.2407
      vertex -27.8786 -9.8 27.3729
      vertex -28.0396 -9.8 27.7615
    endloop
  endfacet
  facet normal 0 1 0
    outer loop
      vertex -26.1271 -9.8 25.6214
      vertex -25.2593 -9.8 27.4233
      vertex -25.078 -9.8 27.3482
    endloop
  endfacet
  facet normal 0 1 0
    outer loop
      vertex -25.7385 -9.8 25.4604
      vertex -25.078 -9.8 27.3482
      vertex -24.8894 -9.8 27.2939
    endloop
  endfacet
  facet normal 0 1 0
    outer loop
      vertex -25.3345 -9.8 25.344
      vertex -24.8894 -9.8 27.2939
      vertex -24.6959 -9.8 27.261
    endloop
  endfacet
  facet normal 0 1 0
    outer loop
      vertex -24.9199 -9.8 25.2736
      vertex -24.6959 -9.8 27.261
      vertex -24.5 -9.8 27.25
    endloop
  endfacet
  facet normal 0 1 -0
    outer loop
      vertex -22.8729 -9.8 25.6214
      vertex -23.7407 -9.8 27.4233
      vertex -22.5049 -9.8 25.8248
    endloop
  endfacet
  facet normal 0 1 0
    outer loop
      vertex -25.9818 -9.8 28.0689
      vertex -27.6752 -9.8 27.0049
      vertex -27.8786 -9.8 27.3729
    endloop
  endfacet
  facet normal 0 1 0
    outer loop
      vertex -23.7407 -9.8 27.4233
      vertex -22.8729 -9.8 25.6214
      vertex -23.922 -9.8 27.3482
    endloop
  endfacet
  facet normal 0 1 0
    outer loop
      vertex -25.8682 -9.8 27.9089
      vertex -27.4319 -9.8 26.6619
      vertex -27.6752 -9.8 27.0049
    endloop
  endfacet
  facet normal 0 1 -0
    outer loop
      vertex -23.2615 -9.8 25.4604
      vertex -23.922 -9.8 27.3482
      vertex -22.8729 -9.8 25.6214
    endloop
  endfacet
  facet normal 0 1 0
    outer loop
      vertex -25.7374 -9.8 27.7626
      vertex -27.1516 -9.8 26.3484
      vertex -27.4319 -9.8 26.6619
    endloop
  endfacet
  facet normal 0 1 0
    outer loop
      vertex -23.922 -9.8 27.3482
      vertex -23.2615 -9.8 25.4604
      vertex -24.1106 -9.8 27.2939
    endloop
  endfacet
  facet normal 0 1 0
    outer loop
      vertex -25.5911 -9.8 27.6318
      vertex -26.8381 -9.8 26.0681
      vertex -27.1516 -9.8 26.3484
    endloop
  endfacet
  facet normal 0 1 -0
    outer loop
      vertex -23.6655 -9.8 25.344
      vertex -24.1106 -9.8 27.2939
      vertex -23.2615 -9.8 25.4604
    endloop
  endfacet
  facet normal 0 1 0
    outer loop
      vertex -25.4311 -9.8 27.5182
      vertex -26.4951 -9.8 25.8248
      vertex -26.8381 -9.8 26.0681
    endloop
  endfacet
  facet normal 0 1 0
    outer loop
      vertex -24.1106 -9.8 27.2939
      vertex -23.6655 -9.8 25.344
      vertex -24.3041 -9.8 27.261
    endloop
  endfacet
  facet normal 0 1 0
    outer loop
      vertex -25.2593 -9.8 27.4233
      vertex -26.1271 -9.8 25.6214
      vertex -26.4951 -9.8 25.8248
    endloop
  endfacet
  facet normal 0 1 -0
    outer loop
      vertex -24.0801 -9.8 25.2736
      vertex -24.3041 -9.8 27.261
      vertex -23.6655 -9.8 25.344
    endloop
  endfacet
  facet normal 0 1 0
    outer loop
      vertex -25.078 -9.8 27.3482
      vertex -25.7385 -9.8 25.4604
      vertex -26.1271 -9.8 25.6214
    endloop
  endfacet
  facet normal 0 1 0
    outer loop
      vertex -24.3041 -9.8 27.261
      vertex -24.0801 -9.8 25.2736
      vertex -24.5 -9.8 27.25
    endloop
  endfacet
  facet normal 0 1 0
    outer loop
      vertex -24.8894 -9.8 27.2939
      vertex -25.3345 -9.8 25.344
      vertex -25.7385 -9.8 25.4604
    endloop
  endfacet
  facet normal 0 1 0
    outer loop
      vertex -24.5 -9.8 25.25
      vertex -24.5 -9.8 27.25
      vertex -24.0801 -9.8 25.2736
    endloop
  endfacet
  facet normal 0 1 0
    outer loop
      vertex -24.6959 -9.8 27.261
      vertex -24.9199 -9.8 25.2736
      vertex -25.3345 -9.8 25.344
    endloop
  endfacet
  facet normal 0 1 0
    outer loop
      vertex -24.5 -9.8 27.25
      vertex -24.5 -9.8 25.25
      vertex -24.9199 -9.8 25.2736
    endloop
  endfacet
  facet normal 0.985852 -0 0.16762
    outer loop
      vertex -26.239 -14.3 28.8041
      vertex -26.2061 -9.8 28.6106
      vertex -26.239 -9.8 28.8041
    endloop
  endfacet
  facet normal 0.985852 0 0.16762
    outer loop
      vertex -26.2061 -9.8 28.6106
      vertex -26.239 -14.3 28.8041
      vertex -26.2061 -14.3 28.6106
    endloop
  endfacet
  facet normal 0.923874 -0 0.382697
    outer loop
      vertex -26.1518 -14.3 28.422
      vertex -26.0767 -9.8 28.2407
      vertex -26.1518 -9.8 28.422
    endloop
  endfacet
  facet normal 0.923874 0 0.382697
    outer loop
      vertex -26.0767 -9.8 28.2407
      vertex -26.1518 -14.3 28.422
      vertex -26.0767 -14.3 28.2407
    endloop
  endfacet
  facet normal 0.815383 -0 0.578922
    outer loop
      vertex -25.9818 -14.3 28.0689
      vertex -25.8682 -9.8 27.9089
      vertex -25.9818 -9.8 28.0689
    endloop
  endfacet
  facet normal 0.815383 0 0.578922
    outer loop
      vertex -25.8682 -9.8 27.9089
      vertex -25.9818 -14.3 28.0689
      vertex -25.8682 -14.3 27.9089
    endloop
  endfacet
  facet normal 0.276672 0 0.960964
    outer loop
      vertex -25.078 -9.8 27.3482
      vertex -24.8894 -14.3 27.2939
      vertex -24.8894 -9.8 27.2939
    endloop
  endfacet
  facet normal 0.276672 0 0.960964
    outer loop
      vertex -24.8894 -14.3 27.2939
      vertex -25.078 -9.8 27.3482
      vertex -25.078 -14.3 27.3482
    endloop
  endfacet
  facet normal -0.960964 0 -0.276672
    outer loop
      vertex -22.7939 -14.3 29.3894
      vertex -22.8482 -9.8 29.578
      vertex -22.7939 -9.8 29.3894
    endloop
  endfacet
  facet normal -0.960964 -0 -0.276672
    outer loop
      vertex -22.8482 -9.8 29.578
      vertex -22.7939 -14.3 29.3894
      vertex -22.8482 -14.3 29.578
    endloop
  endfacet
  facet normal -0.815383 0 -0.578922
    outer loop
      vertex -23.0182 -14.3 29.9311
      vertex -23.1318 -9.8 30.0911
      vertex -23.0182 -9.8 29.9311
    endloop
  endfacet
  facet normal -0.815383 -0 -0.578922
    outer loop
      vertex -23.1318 -9.8 30.0911
      vertex -23.0182 -14.3 29.9311
      vertex -23.1318 -14.3 30.0911
    endloop
  endfacet
  facet normal -0.875332 0 -0.483522
    outer loop
      vertex -22.9233 -14.3 29.7593
      vertex -23.0182 -9.8 29.9311
      vertex -22.9233 -9.8 29.7593
    endloop
  endfacet
  facet normal -0.875332 -0 -0.483522
    outer loop
      vertex -23.0182 -9.8 29.9311
      vertex -22.9233 -14.3 29.7593
      vertex -23.0182 -14.3 29.9311
    endloop
  endfacet
  facet normal -0.382697 0 -0.923874
    outer loop
      vertex -23.922 -14.3 30.6518
      vertex -23.7407 -9.8 30.5767
      vertex -23.7407 -14.3 30.5767
    endloop
  endfacet
  facet normal -0.382697 0 -0.923874
    outer loop
      vertex -23.7407 -9.8 30.5767
      vertex -23.922 -14.3 30.6518
      vertex -23.922 -9.8 30.6518
    endloop
  endfacet
  facet normal 0.985852 0 -0.16762
    outer loop
      vertex -26.2061 -14.3 29.3894
      vertex -26.239 -9.8 29.1959
      vertex -26.2061 -9.8 29.3894
    endloop
  endfacet
  facet normal 0.985852 0 -0.16762
    outer loop
      vertex -26.239 -9.8 29.1959
      vertex -26.2061 -14.3 29.3894
      vertex -26.239 -14.3 29.1959
    endloop
  endfacet
  facet normal 0.923874 0 -0.382697
    outer loop
      vertex -26.0767 -14.3 29.7593
      vertex -26.1518 -9.8 29.578
      vertex -26.0767 -9.8 29.7593
    endloop
  endfacet
  facet normal 0.923874 0 -0.382697
    outer loop
      vertex -26.1518 -9.8 29.578
      vertex -26.0767 -14.3 29.7593
      vertex -26.1518 -14.3 29.578
    endloop
  endfacet
  facet normal 0.815383 0 -0.578922
    outer loop
      vertex -25.8682 -14.3 30.0911
      vertex -25.9818 -9.8 29.9311
      vertex -25.8682 -9.8 30.0911
    endloop
  endfacet
  facet normal 0.815383 0 -0.578922
    outer loop
      vertex -25.9818 -9.8 29.9311
      vertex -25.8682 -14.3 30.0911
      vertex -25.9818 -14.3 29.9311
    endloop
  endfacet
  facet normal 0.960911 0 -0.276857
    outer loop
      vertex -20.844 -14.3 28.1655
      vertex -20.9604 -9.8 27.7615
      vertex -20.844 -9.8 28.1655
    endloop
  endfacet
  facet normal 0.960911 0 -0.276857
    outer loop
      vertex -20.9604 -9.8 27.7615
      vertex -20.844 -14.3 28.1655
      vertex -20.9604 -14.3 27.7615
    endloop
  endfacet
  facet normal 0.998424 0 -0.0561153
    outer loop
      vertex -20.75 -14.3 29
      vertex -20.7736 -9.8 28.5801
      vertex -20.75 -9.8 29
    endloop
  endfacet
  facet normal 0.998424 0 -0.0561153
    outer loop
      vertex -20.7736 -9.8 28.5801
      vertex -20.75 -14.3 29
      vertex -20.7736 -14.3 28.5801
    endloop
  endfacet
  facet normal -0.998424 0 -0.0561153
    outer loop
      vertex -28.2264 -14.3 28.5801
      vertex -28.25 -9.8 29
      vertex -28.2264 -9.8 28.5801
    endloop
  endfacet
  facet normal -0.998424 -0 -0.0561153
    outer loop
      vertex -28.25 -9.8 29
      vertex -28.2264 -14.3 28.5801
      vertex -28.25 -14.3 29
    endloop
  endfacet
  facet normal 0.0561153 0 -0.998424
    outer loop
      vertex -24.5 -14.3 25.25
      vertex -24.0801 -9.8 25.2736
      vertex -24.0801 -14.3 25.2736
    endloop
  endfacet
  facet normal 0.0561153 0 -0.998424
    outer loop
      vertex -24.0801 -9.8 25.2736
      vertex -24.5 -14.3 25.25
      vertex -24.5 -9.8 25.25
    endloop
  endfacet
  facet normal 0.745478 0 -0.666531
    outer loop
      vertex -21.5681 -14.3 26.6619
      vertex -21.8484 -9.8 26.3484
      vertex -21.5681 -9.8 26.6619
    endloop
  endfacet
  facet normal 0.745478 0 -0.666531
    outer loop
      vertex -21.8484 -9.8 26.3484
      vertex -21.5681 -14.3 26.6619
      vertex -21.8484 -14.3 26.3484
    endloop
  endfacet
  facet normal -0.666531 0 -0.745478
    outer loop
      vertex -27.1516 -14.3 26.3484
      vertex -26.8381 -9.8 26.0681
      vertex -26.8381 -14.3 26.0681
    endloop
  endfacet
  facet normal -0.666531 0 -0.745478
    outer loop
      vertex -26.8381 -9.8 26.0681
      vertex -27.1516 -14.3 26.3484
      vertex -27.1516 -9.8 26.3484
    endloop
  endfacet
  facet normal -0.276857 0 -0.960911
    outer loop
      vertex -25.7385 -14.3 25.4604
      vertex -25.3345 -9.8 25.344
      vertex -25.3345 -14.3 25.344
    endloop
  endfacet
  facet normal -0.276857 0 -0.960911
    outer loop
      vertex -25.3345 -9.8 25.344
      vertex -25.7385 -14.3 25.4604
      vertex -25.7385 -9.8 25.4604
    endloop
  endfacet
  facet normal -0.815641 0 0.578558
    outer loop
      vertex -27.6752 -14.3 30.9951
      vertex -27.4319 -9.8 31.3381
      vertex -27.6752 -9.8 30.9951
    endloop
  endfacet
  facet normal -0.815641 0 0.578558
    outer loop
      vertex -27.4319 -9.8 31.3381
      vertex -27.6752 -14.3 30.9951
      vertex -27.4319 -14.3 31.3381
    endloop
  endfacet
  facet normal 0.923849 0 -0.382758
    outer loop
      vertex -20.9604 -14.3 27.7615
      vertex -21.1214 -9.8 27.3729
      vertex -20.9604 -9.8 27.7615
    endloop
  endfacet
  facet normal 0.923849 0 -0.382758
    outer loop
      vertex -21.1214 -9.8 27.3729
      vertex -20.9604 -14.3 27.7615
      vertex -21.1214 -14.3 27.3729
    endloop
  endfacet
  facet normal 0.87521 0 -0.483744
    outer loop
      vertex -21.1214 -14.3 27.3729
      vertex -21.3248 -9.8 27.0049
      vertex -21.1214 -9.8 27.3729
    endloop
  endfacet
  facet normal 0.87521 0 -0.483744
    outer loop
      vertex -21.3248 -9.8 27.0049
      vertex -21.1214 -14.3 27.3729
      vertex -21.3248 -14.3 27.0049
    endloop
  endfacet
  facet normal 0.382758 0 -0.923849
    outer loop
      vertex -23.2615 -14.3 25.4604
      vertex -22.8729 -9.8 25.6214
      vertex -22.8729 -14.3 25.6214
    endloop
  endfacet
  facet normal 0.382758 0 -0.923849
    outer loop
      vertex -22.8729 -9.8 25.6214
      vertex -23.2615 -14.3 25.4604
      vertex -23.2615 -9.8 25.4604
    endloop
  endfacet
  facet normal 0.167406 0 -0.985888
    outer loop
      vertex -24.0801 -14.3 25.2736
      vertex -23.6655 -9.8 25.344
      vertex -23.6655 -14.3 25.344
    endloop
  endfacet
  facet normal 0.167406 0 -0.985888
    outer loop
      vertex -23.6655 -9.8 25.344
      vertex -24.0801 -14.3 25.2736
      vertex -24.0801 -9.8 25.2736
    endloop
  endfacet
  facet normal -0.87521 0 -0.483744
    outer loop
      vertex -27.6752 -14.3 27.0049
      vertex -27.8786 -9.8 27.3729
      vertex -27.6752 -9.8 27.0049
    endloop
  endfacet
  facet normal -0.87521 -0 -0.483744
    outer loop
      vertex -27.8786 -9.8 27.3729
      vertex -27.6752 -14.3 27.0049
      vertex -27.8786 -14.3 27.3729
    endloop
  endfacet
  facet normal -0.815641 0 -0.578558
    outer loop
      vertex -27.4319 -14.3 26.6619
      vertex -27.6752 -9.8 27.0049
      vertex -27.4319 -9.8 26.6619
    endloop
  endfacet
  facet normal -0.815641 -0 -0.578558
    outer loop
      vertex -27.6752 -9.8 27.0049
      vertex -27.4319 -14.3 26.6619
      vertex -27.6752 -14.3 27.0049
    endloop
  endfacet
  facet normal -0.985888 0 -0.167406
    outer loop
      vertex -28.156 -14.3 28.1655
      vertex -28.2264 -9.8 28.5801
      vertex -28.156 -9.8 28.1655
    endloop
  endfacet
  facet normal -0.985888 -0 -0.167406
    outer loop
      vertex -28.2264 -9.8 28.5801
      vertex -28.156 -14.3 28.1655
      vertex -28.2264 -14.3 28.5801
    endloop
  endfacet
  facet normal -0.0561153 0 -0.998424
    outer loop
      vertex -24.9199 -14.3 25.2736
      vertex -24.5 -9.8 25.25
      vertex -24.5 -14.3 25.25
    endloop
  endfacet
  facet normal -0.0561153 0 -0.998424
    outer loop
      vertex -24.5 -9.8 25.25
      vertex -24.9199 -14.3 25.2736
      vertex -24.9199 -9.8 25.2736
    endloop
  endfacet
  facet normal 0.87521 -0 0.483744
    outer loop
      vertex -21.3248 -14.3 30.9951
      vertex -21.1214 -9.8 30.6271
      vertex -21.3248 -9.8 30.9951
    endloop
  endfacet
  facet normal 0.87521 0 0.483744
    outer loop
      vertex -21.1214 -9.8 30.6271
      vertex -21.3248 -14.3 30.9951
      vertex -21.1214 -14.3 30.6271
    endloop
  endfacet
  facet normal 0.167406 0 0.985888
    outer loop
      vertex -24.0801 -9.8 32.7264
      vertex -23.6655 -14.3 32.656
      vertex -23.6655 -9.8 32.656
    endloop
  endfacet
  facet normal 0.167406 0 0.985888
    outer loop
      vertex -23.6655 -14.3 32.656
      vertex -24.0801 -9.8 32.7264
      vertex -24.0801 -14.3 32.7264
    endloop
  endfacet
  facet normal 0.0561153 0 0.998424
    outer loop
      vertex -24.5 -9.8 32.75
      vertex -24.0801 -14.3 32.7264
      vertex -24.0801 -9.8 32.7264
    endloop
  endfacet
  facet normal 0.0561153 0 0.998424
    outer loop
      vertex -24.0801 -14.3 32.7264
      vertex -24.5 -9.8 32.75
      vertex -24.5 -14.3 32.75
    endloop
  endfacet
  facet normal 0.666531 0 0.745478
    outer loop
      vertex -22.1619 -9.8 31.9319
      vertex -21.8484 -14.3 31.6516
      vertex -21.8484 -9.8 31.6516
    endloop
  endfacet
  facet normal 0.666531 0 0.745478
    outer loop
      vertex -21.8484 -14.3 31.6516
      vertex -22.1619 -9.8 31.9319
      vertex -22.1619 -14.3 31.9319
    endloop
  endfacet
  facet normal 0.960911 -0 0.276857
    outer loop
      vertex -20.9604 -14.3 30.2385
      vertex -20.844 -9.8 29.8345
      vertex -20.9604 -9.8 30.2385
    endloop
  endfacet
  facet normal 0.960911 0 0.276857
    outer loop
      vertex -20.844 -9.8 29.8345
      vertex -20.9604 -14.3 30.2385
      vertex -20.844 -14.3 29.8345
    endloop
  endfacet
  facet normal -0.276857 0 0.960911
    outer loop
      vertex -25.7385 -9.8 32.5396
      vertex -25.3345 -14.3 32.656
      vertex -25.3345 -9.8 32.656
    endloop
  endfacet
  facet normal -0.276857 0 0.960911
    outer loop
      vertex -25.3345 -14.3 32.656
      vertex -25.7385 -9.8 32.5396
      vertex -25.7385 -14.3 32.5396
    endloop
  endfacet
  facet normal -0.483744 0 0.87521
    outer loop
      vertex -26.4951 -9.8 32.1752
      vertex -26.1271 -14.3 32.3786
      vertex -26.1271 -9.8 32.3786
    endloop
  endfacet
  facet normal -0.483744 0 0.87521
    outer loop
      vertex -26.1271 -14.3 32.3786
      vertex -26.4951 -9.8 32.1752
      vertex -26.4951 -14.3 32.1752
    endloop
  endfacet
  facet normal -0.998424 0 0.0561153
    outer loop
      vertex -28.25 -14.3 29
      vertex -28.2264 -9.8 29.4199
      vertex -28.25 -9.8 29
    endloop
  endfacet
  facet normal -0.998424 0 0.0561153
    outer loop
      vertex -28.2264 -9.8 29.4199
      vertex -28.25 -14.3 29
      vertex -28.2264 -14.3 29.4199
    endloop
  endfacet
  facet normal 0.815641 0 -0.578558
    outer loop
      vertex -21.3248 -14.3 27.0049
      vertex -21.5681 -9.8 26.6619
      vertex -21.3248 -9.8 27.0049
    endloop
  endfacet
  facet normal 0.815641 0 -0.578558
    outer loop
      vertex -21.5681 -9.8 26.6619
      vertex -21.3248 -14.3 27.0049
      vertex -21.5681 -14.3 26.6619
    endloop
  endfacet
  facet normal 0.276857 0 -0.960911
    outer loop
      vertex -23.6655 -14.3 25.344
      vertex -23.2615 -9.8 25.4604
      vertex -23.2615 -14.3 25.4604
    endloop
  endfacet
  facet normal 0.276857 0 -0.960911
    outer loop
      vertex -23.2615 -9.8 25.4604
      vertex -23.6655 -14.3 25.344
      vertex -23.6655 -9.8 25.344
    endloop
  endfacet
  facet normal 0.666531 0 -0.745478
    outer loop
      vertex -22.1619 -14.3 26.0681
      vertex -21.8484 -9.8 26.3484
      vertex -21.8484 -14.3 26.3484
    endloop
  endfacet
  facet normal 0.666531 0 -0.745478
    outer loop
      vertex -21.8484 -9.8 26.3484
      vertex -22.1619 -14.3 26.0681
      vertex -22.1619 -9.8 26.0681
    endloop
  endfacet
  facet normal 0.483744 0 -0.87521
    outer loop
      vertex -22.8729 -14.3 25.6214
      vertex -22.5049 -9.8 25.8248
      vertex -22.5049 -14.3 25.8248
    endloop
  endfacet
  facet normal 0.483744 0 -0.87521
    outer loop
      vertex -22.5049 -9.8 25.8248
      vertex -22.8729 -14.3 25.6214
      vertex -22.8729 -9.8 25.6214
    endloop
  endfacet
  facet normal 0.578558 0 -0.815641
    outer loop
      vertex -22.5049 -14.3 25.8248
      vertex -22.1619 -9.8 26.0681
      vertex -22.1619 -14.3 26.0681
    endloop
  endfacet
  facet normal 0.578558 0 -0.815641
    outer loop
      vertex -22.1619 -9.8 26.0681
      vertex -22.5049 -14.3 25.8248
      vertex -22.5049 -9.8 25.8248
    endloop
  endfacet
  facet normal -0.923849 0 -0.382758
    outer loop
      vertex -27.8786 -14.3 27.3729
      vertex -28.0396 -9.8 27.7615
      vertex -27.8786 -9.8 27.3729
    endloop
  endfacet
  facet normal -0.923849 -0 -0.382758
    outer loop
      vertex -28.0396 -9.8 27.7615
      vertex -27.8786 -14.3 27.3729
      vertex -28.0396 -14.3 27.7615
    endloop
  endfacet
  facet normal -0.483744 0 -0.87521
    outer loop
      vertex -26.4951 -14.3 25.8248
      vertex -26.1271 -9.8 25.6214
      vertex -26.1271 -14.3 25.6214
    endloop
  endfacet
  facet normal -0.483744 0 -0.87521
    outer loop
      vertex -26.1271 -9.8 25.6214
      vertex -26.4951 -14.3 25.8248
      vertex -26.4951 -9.8 25.8248
    endloop
  endfacet
  facet normal 0.382758 0 0.923849
    outer loop
      vertex -23.2615 -9.8 32.5396
      vertex -22.8729 -14.3 32.3786
      vertex -22.8729 -9.8 32.3786
    endloop
  endfacet
  facet normal 0.382758 0 0.923849
    outer loop
      vertex -22.8729 -14.3 32.3786
      vertex -23.2615 -9.8 32.5396
      vertex -23.2615 -14.3 32.5396
    endloop
  endfacet
  facet normal 0.578558 0 0.815641
    outer loop
      vertex -22.5049 -9.8 32.1752
      vertex -22.1619 -14.3 31.9319
      vertex -22.1619 -9.8 31.9319
    endloop
  endfacet
  facet normal 0.578558 0 0.815641
    outer loop
      vertex -22.1619 -14.3 31.9319
      vertex -22.5049 -9.8 32.1752
      vertex -22.5049 -14.3 32.1752
    endloop
  endfacet
  facet normal 0.483744 0 0.87521
    outer loop
      vertex -22.8729 -9.8 32.3786
      vertex -22.5049 -14.3 32.1752
      vertex -22.5049 -9.8 32.1752
    endloop
  endfacet
  facet normal 0.483744 0 0.87521
    outer loop
      vertex -22.5049 -14.3 32.1752
      vertex -22.8729 -9.8 32.3786
      vertex -22.8729 -14.3 32.3786
    endloop
  endfacet
  facet normal 0.745478 -0 0.666531
    outer loop
      vertex -21.8484 -14.3 31.6516
      vertex -21.5681 -9.8 31.3381
      vertex -21.8484 -9.8 31.6516
    endloop
  endfacet
  facet normal 0.745478 0 0.666531
    outer loop
      vertex -21.5681 -9.8 31.3381
      vertex -21.8484 -14.3 31.6516
      vertex -21.5681 -14.3 31.3381
    endloop
  endfacet
  facet normal 0.815641 -0 0.578558
    outer loop
      vertex -21.5681 -14.3 31.3381
      vertex -21.3248 -9.8 30.9951
      vertex -21.5681 -9.8 31.3381
    endloop
  endfacet
  facet normal 0.815641 0 0.578558
    outer loop
      vertex -21.3248 -9.8 30.9951
      vertex -21.5681 -14.3 31.3381
      vertex -21.3248 -14.3 30.9951
    endloop
  endfacet
  facet normal -0.666531 0 0.745478
    outer loop
      vertex -27.1516 -9.8 31.6516
      vertex -26.8381 -14.3 31.9319
      vertex -26.8381 -9.8 31.9319
    endloop
  endfacet
  facet normal -0.666531 0 0.745478
    outer loop
      vertex -26.8381 -14.3 31.9319
      vertex -27.1516 -9.8 31.6516
      vertex -27.1516 -14.3 31.6516
    endloop
  endfacet
  facet normal -0.382758 0 0.923849
    outer loop
      vertex -26.1271 -9.8 32.3786
      vertex -25.7385 -14.3 32.5396
      vertex -25.7385 -9.8 32.5396
    endloop
  endfacet
  facet normal -0.382758 0 0.923849
    outer loop
      vertex -25.7385 -14.3 32.5396
      vertex -26.1271 -9.8 32.3786
      vertex -26.1271 -14.3 32.3786
    endloop
  endfacet
  facet normal -0.0561153 0 0.998424
    outer loop
      vertex -24.9199 -9.8 32.7264
      vertex -24.5 -14.3 32.75
      vertex -24.5 -9.8 32.75
    endloop
  endfacet
  facet normal -0.0561153 0 0.998424
    outer loop
      vertex -24.5 -14.3 32.75
      vertex -24.9199 -9.8 32.7264
      vertex -24.9199 -14.3 32.7264
    endloop
  endfacet
  facet normal -0.578558 0 0.815641
    outer loop
      vertex -26.8381 -9.8 31.9319
      vertex -26.4951 -14.3 32.1752
      vertex -26.4951 -9.8 32.1752
    endloop
  endfacet
  facet normal -0.578558 0 0.815641
    outer loop
      vertex -26.4951 -14.3 32.1752
      vertex -26.8381 -9.8 31.9319
      vertex -26.8381 -14.3 31.9319
    endloop
  endfacet
  facet normal -0.745478 0 0.666531
    outer loop
      vertex -27.4319 -14.3 31.3381
      vertex -27.1516 -9.8 31.6516
      vertex -27.4319 -9.8 31.3381
    endloop
  endfacet
  facet normal -0.745478 0 0.666531
    outer loop
      vertex -27.1516 -9.8 31.6516
      vertex -27.4319 -14.3 31.3381
      vertex -27.1516 -14.3 31.6516
    endloop
  endfacet
  facet normal -0.923849 0 0.382758
    outer loop
      vertex -28.0396 -14.3 30.2385
      vertex -27.8786 -9.8 30.6271
      vertex -28.0396 -9.8 30.2385
    endloop
  endfacet
  facet normal -0.923849 0 0.382758
    outer loop
      vertex -27.8786 -9.8 30.6271
      vertex -28.0396 -14.3 30.2385
      vertex -27.8786 -14.3 30.6271
    endloop
  endfacet
  facet normal -0.985888 0 0.167406
    outer loop
      vertex -28.2264 -14.3 29.4199
      vertex -28.156 -9.8 29.8345
      vertex -28.2264 -9.8 29.4199
    endloop
  endfacet
  facet normal -0.985888 0 0.167406
    outer loop
      vertex -28.156 -9.8 29.8345
      vertex -28.2264 -14.3 29.4199
      vertex -28.156 -14.3 29.8345
    endloop
  endfacet
  facet normal -0.960911 0 0.276857
    outer loop
      vertex -28.156 -14.3 29.8345
      vertex -28.0396 -9.8 30.2385
      vertex -28.156 -9.8 29.8345
    endloop
  endfacet
  facet normal -0.960911 0 0.276857
    outer loop
      vertex -28.0396 -9.8 30.2385
      vertex -28.156 -14.3 29.8345
      vertex -28.0396 -14.3 30.2385
    endloop
  endfacet
  facet normal 0.985888 0 -0.167406
    outer loop
      vertex -20.7736 -14.3 28.5801
      vertex -20.844 -9.8 28.1655
      vertex -20.7736 -9.8 28.5801
    endloop
  endfacet
  facet normal 0.985888 0 -0.167406
    outer loop
      vertex -20.844 -9.8 28.1655
      vertex -20.7736 -14.3 28.5801
      vertex -20.844 -14.3 28.1655
    endloop
  endfacet
  facet normal -0.745478 0 -0.666531
    outer loop
      vertex -27.1516 -14.3 26.3484
      vertex -27.4319 -9.8 26.6619
      vertex -27.1516 -9.8 26.3484
    endloop
  endfacet
  facet normal -0.745478 -0 -0.666531
    outer loop
      vertex -27.4319 -9.8 26.6619
      vertex -27.1516 -14.3 26.3484
      vertex -27.4319 -14.3 26.6619
    endloop
  endfacet
  facet normal -0.960911 0 -0.276857
    outer loop
      vertex -28.0396 -14.3 27.7615
      vertex -28.156 -9.8 28.1655
      vertex -28.0396 -9.8 27.7615
    endloop
  endfacet
  facet normal -0.960911 -0 -0.276857
    outer loop
      vertex -28.156 -9.8 28.1655
      vertex -28.0396 -14.3 27.7615
      vertex -28.156 -14.3 28.1655
    endloop
  endfacet
  facet normal -0.578558 0 -0.815641
    outer loop
      vertex -26.8381 -14.3 26.0681
      vertex -26.4951 -9.8 25.8248
      vertex -26.4951 -14.3 25.8248
    endloop
  endfacet
  facet normal -0.578558 0 -0.815641
    outer loop
      vertex -26.4951 -9.8 25.8248
      vertex -26.8381 -14.3 26.0681
      vertex -26.8381 -9.8 26.0681
    endloop
  endfacet
  facet normal -0.382758 0 -0.923849
    outer loop
      vertex -26.1271 -14.3 25.6214
      vertex -25.7385 -9.8 25.4604
      vertex -25.7385 -14.3 25.4604
    endloop
  endfacet
  facet normal -0.382758 0 -0.923849
    outer loop
      vertex -25.7385 -9.8 25.4604
      vertex -26.1271 -14.3 25.6214
      vertex -26.1271 -9.8 25.6214
    endloop
  endfacet
  facet normal -0.167406 0 -0.985888
    outer loop
      vertex -25.3345 -14.3 25.344
      vertex -24.9199 -9.8 25.2736
      vertex -24.9199 -14.3 25.2736
    endloop
  endfacet
  facet normal -0.167406 0 -0.985888
    outer loop
      vertex -24.9199 -9.8 25.2736
      vertex -25.3345 -14.3 25.344
      vertex -25.3345 -9.8 25.344
    endloop
  endfacet
  facet normal 0.276857 0 0.960911
    outer loop
      vertex -23.6655 -9.8 32.656
      vertex -23.2615 -14.3 32.5396
      vertex -23.2615 -9.8 32.5396
    endloop
  endfacet
  facet normal 0.276857 0 0.960911
    outer loop
      vertex -23.2615 -14.3 32.5396
      vertex -23.6655 -9.8 32.656
      vertex -23.6655 -14.3 32.656
    endloop
  endfacet
  facet normal 0.923849 -0 0.382758
    outer loop
      vertex -21.1214 -14.3 30.6271
      vertex -20.9604 -9.8 30.2385
      vertex -21.1214 -9.8 30.6271
    endloop
  endfacet
  facet normal 0.923849 0 0.382758
    outer loop
      vertex -20.9604 -9.8 30.2385
      vertex -21.1214 -14.3 30.6271
      vertex -20.9604 -14.3 30.2385
    endloop
  endfacet
  facet normal 0.985888 -0 0.167406
    outer loop
      vertex -20.844 -14.3 29.8345
      vertex -20.7736 -9.8 29.4199
      vertex -20.844 -9.8 29.8345
    endloop
  endfacet
  facet normal 0.985888 0 0.167406
    outer loop
      vertex -20.7736 -9.8 29.4199
      vertex -20.844 -14.3 29.8345
      vertex -20.7736 -14.3 29.4199
    endloop
  endfacet
  facet normal 0.998424 -0 0.0561153
    outer loop
      vertex -20.7736 -14.3 29.4199
      vertex -20.75 -9.8 29
      vertex -20.7736 -9.8 29.4199
    endloop
  endfacet
  facet normal 0.998424 0 0.0561153
    outer loop
      vertex -20.75 -9.8 29
      vertex -20.7736 -14.3 29.4199
      vertex -20.75 -14.3 29
    endloop
  endfacet
  facet normal -0.167406 0 0.985888
    outer loop
      vertex -25.3345 -9.8 32.656
      vertex -24.9199 -14.3 32.7264
      vertex -24.9199 -9.8 32.7264
    endloop
  endfacet
  facet normal -0.167406 0 0.985888
    outer loop
      vertex -24.9199 -14.3 32.7264
      vertex -25.3345 -9.8 32.656
      vertex -25.3345 -14.3 32.656
    endloop
  endfacet
  facet normal -0.87521 0 0.483744
    outer loop
      vertex -27.8786 -14.3 30.6271
      vertex -27.6752 -9.8 30.9951
      vertex -27.8786 -9.8 30.6271
    endloop
  endfacet
  facet normal -0.87521 0 0.483744
    outer loop
      vertex -27.6752 -9.8 30.9951
      vertex -27.8786 -14.3 30.6271
      vertex -27.6752 -14.3 30.9951
    endloop
  endfacet
  facet normal -0.998427 0 -0.0560628
    outer loop
      vertex 26.25 -14.3 87
      vertex 26.239 -9.8 87.1959
      vertex 26.25 -9.8 87
    endloop
  endfacet
  facet normal -0.998427 -0 -0.0560628
    outer loop
      vertex 26.239 -9.8 87.1959
      vertex 26.25 -14.3 87
      vertex 26.239 -14.3 87.1959
    endloop
  endfacet
  facet normal -0.482894 0 0.875679
    outer loop
      vertex 25.3553 -9.8 85.4764
      vertex 25.4311 -14.3 85.5182
      vertex 25.4311 -9.8 85.5182
    endloop
  endfacet
  facet normal -0.482894 0 0.875679
    outer loop
      vertex 25.4311 -14.3 85.5182
      vertex 25.3553 -9.8 85.4764
      vertex 25.3553 -14.3 85.4764
    endloop
  endfacet
  facet normal 0.875679 0 -0.482894
    outer loop
      vertex 23.0182 -14.3 87.9311
      vertex 22.9764 -9.8 87.8553
      vertex 23.0182 -9.8 87.9311
    endloop
  endfacet
  facet normal 0.875679 0 -0.482894
    outer loop
      vertex 22.9764 -9.8 87.8553
      vertex 23.0182 -14.3 87.9311
      vertex 22.9764 -14.3 87.8553
    endloop
  endfacet
  facet normal -0.960964 0 0.276672
    outer loop
      vertex 26.1518 -14.3 86.422
      vertex 26.2061 -9.8 86.6106
      vertex 26.1518 -9.8 86.422
    endloop
  endfacet
  facet normal -0.960964 0 0.276672
    outer loop
      vertex 26.2061 -9.8 86.6106
      vertex 26.1518 -14.3 86.422
      vertex 26.2061 -14.3 86.6106
    endloop
  endfacet
  facet normal -0.745494 0 0.666512
    outer loop
      vertex 25.7374 -14.3 85.7626
      vertex 25.8682 -9.8 85.9089
      vertex 25.7374 -9.8 85.7626
    endloop
  endfacet
  facet normal -0.745494 0 0.666512
    outer loop
      vertex 25.8682 -9.8 85.9089
      vertex 25.7374 -14.3 85.7626
      vertex 25.8682 -14.3 85.9089
    endloop
  endfacet
  facet normal -0.998427 0 0.0560628
    outer loop
      vertex 26.239 -14.3 86.8041
      vertex 26.25 -9.8 87
      vertex 26.239 -9.8 86.8041
    endloop
  endfacet
  facet normal -0.998427 0 0.0560628
    outer loop
      vertex 26.25 -9.8 87
      vertex 26.239 -14.3 86.8041
      vertex 26.25 -14.3 87
    endloop
  endfacet
  facet normal -0.923874 0 -0.382697
    outer loop
      vertex 26.1518 -14.3 87.578
      vertex 26.0767 -9.8 87.7593
      vertex 26.1518 -9.8 87.578
    endloop
  endfacet
  facet normal -0.923874 -0 -0.382697
    outer loop
      vertex 26.0767 -9.8 87.7593
      vertex 26.1518 -14.3 87.578
      vertex 26.0767 -14.3 87.7593
    endloop
  endfacet
  facet normal -0.276672 0 -0.960964
    outer loop
      vertex 24.8894 -14.3 88.7061
      vertex 25.078 -9.8 88.6518
      vertex 25.078 -14.3 88.6518
    endloop
  endfacet
  facet normal -0.276672 0 -0.960964
    outer loop
      vertex 25.078 -9.8 88.6518
      vertex 24.8894 -14.3 88.7061
      vertex 24.8894 -9.8 88.7061
    endloop
  endfacet
  facet normal -0.745494 0 -0.666512
    outer loop
      vertex 25.8682 -14.3 88.0911
      vertex 25.7374 -9.8 88.2374
      vertex 25.8682 -9.8 88.0911
    endloop
  endfacet
  facet normal -0.745494 -0 -0.666512
    outer loop
      vertex 25.7374 -9.8 88.2374
      vertex 25.8682 -14.3 88.0911
      vertex 25.7374 -14.3 88.2374
    endloop
  endfacet
  facet normal 0.0560628 0 -0.998427
    outer loop
      vertex 24.3041 -14.3 88.739
      vertex 24.5 -9.8 88.75
      vertex 24.5 -14.3 88.75
    endloop
  endfacet
  facet normal 0.0560628 0 -0.998427
    outer loop
      vertex 24.5 -9.8 88.75
      vertex 24.3041 -14.3 88.739
      vertex 24.3041 -9.8 88.739
    endloop
  endfacet
  facet normal 0.578922 0 -0.815383
    outer loop
      vertex 23.4089 -14.3 88.3682
      vertex 23.5689 -9.8 88.4818
      vertex 23.5689 -14.3 88.4818
    endloop
  endfacet
  facet normal 0.578922 0 -0.815383
    outer loop
      vertex 23.5689 -9.8 88.4818
      vertex 23.4089 -14.3 88.3682
      vertex 23.4089 -9.8 88.3682
    endloop
  endfacet
  facet normal 0.666512 0 -0.745494
    outer loop
      vertex 23.2626 -14.3 88.2374
      vertex 23.4089 -9.8 88.3682
      vertex 23.4089 -14.3 88.3682
    endloop
  endfacet
  facet normal 0.666512 0 -0.745494
    outer loop
      vertex 23.4089 -9.8 88.3682
      vertex 23.2626 -14.3 88.2374
      vertex 23.2626 -9.8 88.2374
    endloop
  endfacet
  facet normal -0.985852 0 0.16762
    outer loop
      vertex 26.2061 -14.3 86.6106
      vertex 26.239 -9.8 86.8041
      vertex 26.2061 -9.8 86.6106
    endloop
  endfacet
  facet normal -0.985852 0 0.16762
    outer loop
      vertex 26.239 -9.8 86.8041
      vertex 26.2061 -14.3 86.6106
      vertex 26.239 -14.3 86.8041
    endloop
  endfacet
  facet normal -0.923874 0 0.382697
    outer loop
      vertex 26.0767 -14.3 86.2407
      vertex 26.1518 -9.8 86.422
      vertex 26.0767 -9.8 86.2407
    endloop
  endfacet
  facet normal -0.923874 0 0.382697
    outer loop
      vertex 26.1518 -9.8 86.422
      vertex 26.0767 -14.3 86.2407
      vertex 26.1518 -14.3 86.422
    endloop
  endfacet
  facet normal -0.875332 0 0.483522
    outer loop
      vertex 25.9818 -14.3 86.0689
      vertex 26.0767 -9.8 86.2407
      vertex 25.9818 -9.8 86.0689
    endloop
  endfacet
  facet normal -0.875332 0 0.483522
    outer loop
      vertex 26.0767 -9.8 86.2407
      vertex 25.9818 -14.3 86.0689
      vertex 26.0767 -14.3 86.2407
    endloop
  endfacet
  facet normal -0.815383 0 0.578922
    outer loop
      vertex 25.8682 -14.3 85.9089
      vertex 25.9818 -9.8 86.0689
      vertex 25.8682 -9.8 85.9089
    endloop
  endfacet
  facet normal -0.815383 0 0.578922
    outer loop
      vertex 25.9818 -9.8 86.0689
      vertex 25.8682 -14.3 85.9089
      vertex 25.9818 -14.3 86.0689
    endloop
  endfacet
  facet normal -0.666512 0 0.745494
    outer loop
      vertex 25.5911 -9.8 85.6318
      vertex 25.7374 -14.3 85.7626
      vertex 25.7374 -9.8 85.7626
    endloop
  endfacet
  facet normal -0.666512 0 0.745494
    outer loop
      vertex 25.7374 -14.3 85.7626
      vertex 25.5911 -9.8 85.6318
      vertex 25.5911 -14.3 85.6318
    endloop
  endfacet
  facet normal -0.0560628 0 -0.998427
    outer loop
      vertex 24.5 -14.3 88.75
      vertex 24.6959 -9.8 88.739
      vertex 24.6959 -14.3 88.739
    endloop
  endfacet
  facet normal -0.0560628 0 -0.998427
    outer loop
      vertex 24.6959 -9.8 88.739
      vertex 24.5 -14.3 88.75
      vertex 24.5 -9.8 88.75
    endloop
  endfacet
  facet normal -0.985852 0 -0.16762
    outer loop
      vertex 26.239 -14.3 87.1959
      vertex 26.2061 -9.8 87.3894
      vertex 26.239 -9.8 87.1959
    endloop
  endfacet
  facet normal -0.985852 -0 -0.16762
    outer loop
      vertex 26.2061 -9.8 87.3894
      vertex 26.239 -14.3 87.1959
      vertex 26.2061 -14.3 87.3894
    endloop
  endfacet
  facet normal -0.16762 0 -0.985852
    outer loop
      vertex 24.6959 -14.3 88.739
      vertex 24.8894 -9.8 88.7061
      vertex 24.8894 -14.3 88.7061
    endloop
  endfacet
  facet normal -0.16762 0 -0.985852
    outer loop
      vertex 24.8894 -9.8 88.7061
      vertex 24.6959 -14.3 88.739
      vertex 24.6959 -9.8 88.739
    endloop
  endfacet
  facet normal -0.483522 0 -0.875332
    outer loop
      vertex 25.2593 -14.3 88.5767
      vertex 25.4311 -9.8 88.4818
      vertex 25.4311 -14.3 88.4818
    endloop
  endfacet
  facet normal -0.483522 0 -0.875332
    outer loop
      vertex 25.4311 -9.8 88.4818
      vertex 25.2593 -14.3 88.5767
      vertex 25.2593 -9.8 88.5767
    endloop
  endfacet
  facet normal -0.666512 0 -0.745494
    outer loop
      vertex 25.5911 -14.3 88.3682
      vertex 25.7374 -9.8 88.2374
      vertex 25.7374 -14.3 88.2374
    endloop
  endfacet
  facet normal -0.666512 0 -0.745494
    outer loop
      vertex 25.7374 -9.8 88.2374
      vertex 25.5911 -14.3 88.3682
      vertex 25.5911 -9.8 88.3682
    endloop
  endfacet
  facet normal -0.578922 0 -0.815383
    outer loop
      vertex 25.4311 -14.3 88.4818
      vertex 25.5911 -9.8 88.3682
      vertex 25.5911 -14.3 88.3682
    endloop
  endfacet
  facet normal -0.578922 0 -0.815383
    outer loop
      vertex 25.5911 -9.8 88.3682
      vertex 25.4311 -14.3 88.4818
      vertex 25.4311 -9.8 88.4818
    endloop
  endfacet
  facet normal 0.276672 0 -0.960964
    outer loop
      vertex 23.922 -14.3 88.6518
      vertex 24.1106 -9.8 88.7061
      vertex 24.1106 -14.3 88.7061
    endloop
  endfacet
  facet normal 0.276672 0 -0.960964
    outer loop
      vertex 24.1106 -9.8 88.7061
      vertex 23.922 -14.3 88.6518
      vertex 23.922 -9.8 88.6518
    endloop
  endfacet
  facet normal 0.382697 0 -0.923874
    outer loop
      vertex 23.7407 -14.3 88.5767
      vertex 23.922 -9.8 88.6518
      vertex 23.922 -14.3 88.6518
    endloop
  endfacet
  facet normal 0.382697 0 -0.923874
    outer loop
      vertex 23.922 -9.8 88.6518
      vertex 23.7407 -14.3 88.5767
      vertex 23.7407 -9.8 88.5767
    endloop
  endfacet
  facet normal 0.16762 0 -0.985852
    outer loop
      vertex 24.1106 -14.3 88.7061
      vertex 24.3041 -9.8 88.739
      vertex 24.3041 -14.3 88.739
    endloop
  endfacet
  facet normal 0.16762 0 -0.985852
    outer loop
      vertex 24.3041 -9.8 88.739
      vertex 24.1106 -14.3 88.7061
      vertex 24.1106 -9.8 88.7061
    endloop
  endfacet
  facet normal 0.483522 0 -0.875332
    outer loop
      vertex 23.5689 -14.3 88.4818
      vertex 23.7407 -9.8 88.5767
      vertex 23.7407 -14.3 88.5767
    endloop
  endfacet
  facet normal 0.483522 0 -0.875332
    outer loop
      vertex 23.7407 -9.8 88.5767
      vertex 23.5689 -14.3 88.4818
      vertex 23.5689 -9.8 88.4818
    endloop
  endfacet
  facet normal 0.745494 0 -0.666512
    outer loop
      vertex 23.2626 -14.3 88.2374
      vertex 23.1318 -9.8 88.0911
      vertex 23.2626 -9.8 88.2374
    endloop
  endfacet
  facet normal 0.745494 0 -0.666512
    outer loop
      vertex 23.1318 -9.8 88.0911
      vertex 23.2626 -14.3 88.2374
      vertex 23.1318 -14.3 88.0911
    endloop
  endfacet
  facet normal -0.578922 0 0.815383
    outer loop
      vertex 25.4311 -9.8 85.5182
      vertex 25.5911 -14.3 85.6318
      vertex 25.5911 -9.8 85.6318
    endloop
  endfacet
  facet normal -0.578922 0 0.815383
    outer loop
      vertex 25.5911 -14.3 85.6318
      vertex 25.4311 -9.8 85.5182
      vertex 25.4311 -14.3 85.5182
    endloop
  endfacet
  facet normal 0 1 0
    outer loop
      vertex 21.5681 -9.8 89.3381
      vertex 22.3919 -9.8 87.978
      vertex 22 -9.8 88
    endloop
  endfacet
  facet normal 0 1 0
    outer loop
      vertex 22.7788 -9.8 87.9122
      vertex 23.1318 -9.8 88.0911
      vertex 23.0182 -9.8 87.9311
    endloop
  endfacet
  facet normal 0 1 0
    outer loop
      vertex 23.1318 -9.8 88.0911
      vertex 22.7788 -9.8 87.9122
      vertex 22.3919 -9.8 87.978
    endloop
  endfacet
  facet normal -0 1 0
    outer loop
      vertex 22.7788 -9.8 87.9122
      vertex 23.0182 -9.8 87.9311
      vertex 22.9764 -9.8 87.8553
    endloop
  endfacet
  facet normal 0 1 0
    outer loop
      vertex 24.5 -9.8 88.75
      vertex 24.5 -9.8 90.75
      vertex 24.9199 -9.8 90.7264
    endloop
  endfacet
  facet normal 0 1 0
    outer loop
      vertex 24.6959 -9.8 88.739
      vertex 24.9199 -9.8 90.7264
      vertex 25.3345 -9.8 90.656
    endloop
  endfacet
  facet normal 0 1 0
    outer loop
      vertex 24.5 -9.8 90.75
      vertex 24.5 -9.8 88.75
      vertex 24.0801 -9.8 90.7264
    endloop
  endfacet
  facet normal 0 1 0
    outer loop
      vertex 24.8894 -9.8 88.7061
      vertex 25.3345 -9.8 90.656
      vertex 25.7385 -9.8 90.5396
    endloop
  endfacet
  facet normal 0 1 -0
    outer loop
      vertex 24.3041 -9.8 88.739
      vertex 24.0801 -9.8 90.7264
      vertex 24.5 -9.8 88.75
    endloop
  endfacet
  facet normal 0 1 0
    outer loop
      vertex 25.078 -9.8 88.6518
      vertex 25.7385 -9.8 90.5396
      vertex 26.1271 -9.8 90.3786
    endloop
  endfacet
  facet normal 0 1 0
    outer loop
      vertex 24.0801 -9.8 90.7264
      vertex 24.3041 -9.8 88.739
      vertex 23.6655 -9.8 90.656
    endloop
  endfacet
  facet normal 0 1 0
    outer loop
      vertex 25.2593 -9.8 88.5767
      vertex 26.1271 -9.8 90.3786
      vertex 26.4951 -9.8 90.1752
    endloop
  endfacet
  facet normal 0 1 -0
    outer loop
      vertex 24.1106 -9.8 88.7061
      vertex 23.6655 -9.8 90.656
      vertex 24.3041 -9.8 88.739
    endloop
  endfacet
  facet normal 0 1 0
    outer loop
      vertex 25.4311 -9.8 88.4818
      vertex 26.4951 -9.8 90.1752
      vertex 26.8381 -9.8 89.9319
    endloop
  endfacet
  facet normal 0 1 0
    outer loop
      vertex 23.6655 -9.8 90.656
      vertex 24.1106 -9.8 88.7061
      vertex 23.2615 -9.8 90.5396
    endloop
  endfacet
  facet normal 0 1 0
    outer loop
      vertex 25.5911 -9.8 88.3682
      vertex 26.8381 -9.8 89.9319
      vertex 27.1516 -9.8 89.6516
    endloop
  endfacet
  facet normal 0 1 -0
    outer loop
      vertex 23.922 -9.8 88.6518
      vertex 23.2615 -9.8 90.5396
      vertex 24.1106 -9.8 88.7061
    endloop
  endfacet
  facet normal 0 1 0
    outer loop
      vertex 25.7374 -9.8 88.2374
      vertex 27.1516 -9.8 89.6516
      vertex 27.4319 -9.8 89.3381
    endloop
  endfacet
  facet normal 0 1 0
    outer loop
      vertex 23.2615 -9.8 90.5396
      vertex 23.922 -9.8 88.6518
      vertex 22.8729 -9.8 90.3786
    endloop
  endfacet
  facet normal 0 1 0
    outer loop
      vertex 25.8682 -9.8 88.0911
      vertex 27.4319 -9.8 89.3381
      vertex 27.6752 -9.8 88.9951
    endloop
  endfacet
  facet normal 0 1 -0
    outer loop
      vertex 23.7407 -9.8 88.5767
      vertex 22.8729 -9.8 90.3786
      vertex 23.922 -9.8 88.6518
    endloop
  endfacet
  facet normal 0 1 0
    outer loop
      vertex 22.8729 -9.8 90.3786
      vertex 23.7407 -9.8 88.5767
      vertex 22.5049 -9.8 90.1752
    endloop
  endfacet
  facet normal 0 1 0
    outer loop
      vertex 24.9199 -9.8 90.7264
      vertex 24.6959 -9.8 88.739
      vertex 24.5 -9.8 88.75
    endloop
  endfacet
  facet normal 0 1 0
    outer loop
      vertex 25.3345 -9.8 90.656
      vertex 24.8894 -9.8 88.7061
      vertex 24.6959 -9.8 88.739
    endloop
  endfacet
  facet normal 0 1 0
    outer loop
      vertex 25.7385 -9.8 90.5396
      vertex 25.078 -9.8 88.6518
      vertex 24.8894 -9.8 88.7061
    endloop
  endfacet
  facet normal 0 1 0
    outer loop
      vertex 25.9818 -9.8 87.9311
      vertex 27.6752 -9.8 88.9951
      vertex 27.8786 -9.8 88.6271
    endloop
  endfacet
  facet normal 0 1 0
    outer loop
      vertex 26.1271 -9.8 90.3786
      vertex 25.2593 -9.8 88.5767
      vertex 25.078 -9.8 88.6518
    endloop
  endfacet
  facet normal 0 1 0
    outer loop
      vertex 26.4951 -9.8 90.1752
      vertex 25.4311 -9.8 88.4818
      vertex 25.2593 -9.8 88.5767
    endloop
  endfacet
  facet normal 0 1 0
    outer loop
      vertex 26.8381 -9.8 89.9319
      vertex 25.5911 -9.8 88.3682
      vertex 25.4311 -9.8 88.4818
    endloop
  endfacet
  facet normal 0 1 0
    outer loop
      vertex 26.0767 -9.8 87.7593
      vertex 27.8786 -9.8 88.6271
      vertex 28.0396 -9.8 88.2385
    endloop
  endfacet
  facet normal 0 1 0
    outer loop
      vertex 27.1516 -9.8 89.6516
      vertex 25.7374 -9.8 88.2374
      vertex 25.5911 -9.8 88.3682
    endloop
  endfacet
  facet normal 0 1 0
    outer loop
      vertex 27.4319 -9.8 89.3381
      vertex 25.8682 -9.8 88.0911
      vertex 25.7374 -9.8 88.2374
    endloop
  endfacet
  facet normal 0 1 0
    outer loop
      vertex 27.6752 -9.8 88.9951
      vertex 25.9818 -9.8 87.9311
      vertex 25.8682 -9.8 88.0911
    endloop
  endfacet
  facet normal 0 1 0
    outer loop
      vertex 26.1518 -9.8 87.578
      vertex 28.0396 -9.8 88.2385
      vertex 28.156 -9.8 87.8344
    endloop
  endfacet
  facet normal 0 1 0
    outer loop
      vertex 27.8786 -9.8 88.6271
      vertex 26.0767 -9.8 87.7593
      vertex 25.9818 -9.8 87.9311
    endloop
  endfacet
  facet normal 0 1 0
    outer loop
      vertex 28.0396 -9.8 88.2385
      vertex 26.1518 -9.8 87.578
      vertex 26.0767 -9.8 87.7593
    endloop
  endfacet
  facet normal 0 1 0
    outer loop
      vertex 26.2061 -9.8 87.3894
      vertex 28.156 -9.8 87.8344
      vertex 28.2264 -9.8 87.4199
    endloop
  endfacet
  facet normal 0 1 0
    outer loop
      vertex 28.156 -9.8 87.8344
      vertex 26.2061 -9.8 87.3894
      vertex 26.1518 -9.8 87.578
    endloop
  endfacet
  facet normal 0 1 0
    outer loop
      vertex 28.2264 -9.8 87.4199
      vertex 26.239 -9.8 87.1959
      vertex 26.2061 -9.8 87.3894
    endloop
  endfacet
  facet normal 0 1 0
    outer loop
      vertex 28.25 -9.8 87
      vertex 26.239 -9.8 87.1959
      vertex 28.2264 -9.8 87.4199
    endloop
  endfacet
  facet normal 0 1 0
    outer loop
      vertex 28.25 -9.8 87
      vertex 26.25 -9.8 87
      vertex 26.239 -9.8 87.1959
    endloop
  endfacet
  facet normal 0 1 0
    outer loop
      vertex 28.25 -9.8 87
      vertex 26.239 -9.8 86.8041
      vertex 26.25 -9.8 87
    endloop
  endfacet
  facet normal 0 1 -0
    outer loop
      vertex 28.2264 -9.8 86.5801
      vertex 26.239 -9.8 86.8041
      vertex 28.25 -9.8 87
    endloop
  endfacet
  facet normal 0 1 0
    outer loop
      vertex 26.239 -9.8 86.8041
      vertex 28.2264 -9.8 86.5801
      vertex 26.2061 -9.8 86.6106
    endloop
  endfacet
  facet normal 0 1 -0
    outer loop
      vertex 28.156 -9.8 86.1656
      vertex 26.2061 -9.8 86.6106
      vertex 28.2264 -9.8 86.5801
    endloop
  endfacet
  facet normal 0 1 0
    outer loop
      vertex 26.2061 -9.8 86.6106
      vertex 28.156 -9.8 86.1656
      vertex 26.1518 -9.8 86.422
    endloop
  endfacet
  facet normal 0 1 -0
    outer loop
      vertex 28.0396 -9.8 85.7615
      vertex 26.1518 -9.8 86.422
      vertex 28.156 -9.8 86.1656
    endloop
  endfacet
  facet normal 0 1 0
    outer loop
      vertex 26.1518 -9.8 86.422
      vertex 28.0396 -9.8 85.7615
      vertex 26.0767 -9.8 86.2407
    endloop
  endfacet
  facet normal 0 1 -0
    outer loop
      vertex 27.8786 -9.8 85.3729
      vertex 26.0767 -9.8 86.2407
      vertex 28.0396 -9.8 85.7615
    endloop
  endfacet
  facet normal 0 1 0
    outer loop
      vertex 26.0767 -9.8 86.2407
      vertex 27.8786 -9.8 85.3729
      vertex 25.9818 -9.8 86.0689
    endloop
  endfacet
  facet normal 0 1 -0
    outer loop
      vertex 27.6752 -9.8 85.0049
      vertex 25.9818 -9.8 86.0689
      vertex 27.8786 -9.8 85.3729
    endloop
  endfacet
  facet normal 0 1 0
    outer loop
      vertex 25.9818 -9.8 86.0689
      vertex 27.6752 -9.8 85.0049
      vertex 25.8682 -9.8 85.9089
    endloop
  endfacet
  facet normal 0 1 -0
    outer loop
      vertex 27.4319 -9.8 84.6619
      vertex 25.8682 -9.8 85.9089
      vertex 27.6752 -9.8 85.0049
    endloop
  endfacet
  facet normal 0 1 0
    outer loop
      vertex 25.8682 -9.8 85.9089
      vertex 27.4319 -9.8 84.6619
      vertex 25.7374 -9.8 85.7626
    endloop
  endfacet
  facet normal 0 1 -0
    outer loop
      vertex 27.1516 -9.8 84.3484
      vertex 25.7374 -9.8 85.7626
      vertex 27.4319 -9.8 84.6619
    endloop
  endfacet
  facet normal -0 1 0
    outer loop
      vertex 25.478 -9.8 84.8919
      vertex 25.7374 -9.8 85.7626
      vertex 27.1516 -9.8 84.3484
    endloop
  endfacet
  facet normal 0 1 0
    outer loop
      vertex 25.4311 -9.8 85.5182
      vertex 25.4122 -9.8 85.2788
      vertex 25.3553 -9.8 85.4764
    endloop
  endfacet
  facet normal 0 1 0
    outer loop
      vertex 25.5911 -9.8 85.6318
      vertex 25.4122 -9.8 85.2788
      vertex 25.4311 -9.8 85.5182
    endloop
  endfacet
  facet normal 0 1 0
    outer loop
      vertex 25.5911 -9.8 85.6318
      vertex 25.478 -9.8 84.8919
      vertex 25.4122 -9.8 85.2788
    endloop
  endfacet
  facet normal 0 1 0
    outer loop
      vertex 25.7374 -9.8 85.7626
      vertex 25.478 -9.8 84.8919
      vertex 25.5911 -9.8 85.6318
    endloop
  endfacet
  facet normal 0 1 -0
    outer loop
      vertex 26.8381 -9.8 84.0681
      vertex 25.478 -9.8 84.8919
      vertex 27.1516 -9.8 84.3484
    endloop
  endfacet
  facet normal 0 1 0
    outer loop
      vertex 25.478 -9.8 84.8919
      vertex 26.8381 -9.8 84.0681
      vertex 25.5 -9.8 84.5
    endloop
  endfacet
  facet normal 0 1 -0
    outer loop
      vertex 26.4951 -9.8 83.8248
      vertex 25.5 -9.8 84.5
      vertex 26.8381 -9.8 84.0681
    endloop
  endfacet
  facet normal 0 1 0
    outer loop
      vertex 25.5 -9.8 84.5
      vertex 26.4951 -9.8 83.8248
      vertex 25.478 -9.8 84.1081
    endloop
  endfacet
  facet normal 0 1 -0
    outer loop
      vertex 26.1271 -9.8 83.6214
      vertex 25.478 -9.8 84.1081
      vertex 26.4951 -9.8 83.8248
    endloop
  endfacet
  facet normal 0 1 -0
    outer loop
      vertex 25.7385 -9.8 83.4604
      vertex 25.478 -9.8 84.1081
      vertex 26.1271 -9.8 83.6214
    endloop
  endfacet
  facet normal 0 1 0
    outer loop
      vertex 25.478 -9.8 84.1081
      vertex 25.7385 -9.8 83.4604
      vertex 25.4122 -9.8 83.7212
    endloop
  endfacet
  facet normal 0 1 0
    outer loop
      vertex 25.3345 -9.8 83.344
      vertex 25.4122 -9.8 83.7212
      vertex 25.7385 -9.8 83.4604
    endloop
  endfacet
  facet normal 0 1 -0
    outer loop
      vertex 25.3345 -9.8 83.344
      vertex 25.3036 -9.8 83.344
      vertex 25.4122 -9.8 83.7212
    endloop
  endfacet
  facet normal -0 1 0
    outer loop
      vertex 25.3036 -9.8 83.344
      vertex 25.3345 -9.8 83.344
      vertex 25.3013 -9.8 83.3384
    endloop
  endfacet
  facet normal 0 1 -0
    outer loop
      vertex 23.5689 -9.8 88.4818
      vertex 22.5049 -9.8 90.1752
      vertex 23.7407 -9.8 88.5767
    endloop
  endfacet
  facet normal 0 1 0
    outer loop
      vertex 22.5049 -9.8 90.1752
      vertex 23.5689 -9.8 88.4818
      vertex 22.1619 -9.8 89.9319
    endloop
  endfacet
  facet normal 0 1 -0
    outer loop
      vertex 23.4089 -9.8 88.3682
      vertex 22.1619 -9.8 89.9319
      vertex 23.5689 -9.8 88.4818
    endloop
  endfacet
  facet normal 0 1 0
    outer loop
      vertex 22.1619 -9.8 89.9319
      vertex 23.4089 -9.8 88.3682
      vertex 21.8484 -9.8 89.6516
    endloop
  endfacet
  facet normal 0 1 -0
    outer loop
      vertex 23.2626 -9.8 88.2374
      vertex 21.8484 -9.8 89.6516
      vertex 23.4089 -9.8 88.3682
    endloop
  endfacet
  facet normal 0 1 -0
    outer loop
      vertex 22.3919 -9.8 87.978
      vertex 21.8484 -9.8 89.6516
      vertex 23.2626 -9.8 88.2374
    endloop
  endfacet
  facet normal 0 1 0
    outer loop
      vertex 22.3919 -9.8 87.978
      vertex 21.5681 -9.8 89.3381
      vertex 21.8484 -9.8 89.6516
    endloop
  endfacet
  facet normal 0 1 -0
    outer loop
      vertex 21.6081 -9.8 87.978
      vertex 21.3248 -9.8 88.9951
      vertex 22 -9.8 88
    endloop
  endfacet
  facet normal 0 1 0
    outer loop
      vertex 21.5681 -9.8 89.3381
      vertex 22 -9.8 88
      vertex 21.3248 -9.8 88.9951
    endloop
  endfacet
  facet normal 0 1 0
    outer loop
      vertex 22.3919 -9.8 87.978
      vertex 23.2626 -9.8 88.2374
      vertex 23.1318 -9.8 88.0911
    endloop
  endfacet
  facet normal 0 1 0
    outer loop
      vertex 21.3248 -9.8 88.9951
      vertex 21.6081 -9.8 87.978
      vertex 21.1214 -9.8 88.6271
    endloop
  endfacet
  facet normal 0 1 0
    outer loop
      vertex 21.1214 -9.8 88.6271
      vertex 21.6081 -9.8 87.978
      vertex 20.9604 -9.8 88.2385
    endloop
  endfacet
  facet normal 0 1 -0
    outer loop
      vertex 21.2212 -9.8 87.9122
      vertex 20.9604 -9.8 88.2385
      vertex 21.6081 -9.8 87.978
    endloop
  endfacet
  facet normal 0 1 0
    outer loop
      vertex 21.2212 -9.8 87.9122
      vertex 20.844 -9.8 87.8344
      vertex 20.9604 -9.8 88.2385
    endloop
  endfacet
  facet normal 0 1 0
    outer loop
      vertex 20.844 -9.8 87.8036
      vertex 20.844 -9.8 87.8344
      vertex 21.2212 -9.8 87.9122
    endloop
  endfacet
  facet normal 0 1 0
    outer loop
      vertex 20.844 -9.8 87.8344
      vertex 20.844 -9.8 87.8036
      vertex 20.8384 -9.8 87.8013
    endloop
  endfacet
  facet normal -0.960964 0 -0.276672
    outer loop
      vertex 26.2061 -14.3 87.3894
      vertex 26.1518 -9.8 87.578
      vertex 26.2061 -9.8 87.3894
    endloop
  endfacet
  facet normal -0.960964 -0 -0.276672
    outer loop
      vertex 26.1518 -9.8 87.578
      vertex 26.2061 -14.3 87.3894
      vertex 26.1518 -14.3 87.578
    endloop
  endfacet
  facet normal -0.815383 0 -0.578922
    outer loop
      vertex 25.9818 -14.3 87.9311
      vertex 25.8682 -9.8 88.0911
      vertex 25.9818 -9.8 87.9311
    endloop
  endfacet
  facet normal -0.815383 -0 -0.578922
    outer loop
      vertex 25.8682 -9.8 88.0911
      vertex 25.9818 -14.3 87.9311
      vertex 25.8682 -14.3 88.0911
    endloop
  endfacet
  facet normal -0.875332 0 -0.483522
    outer loop
      vertex 26.0767 -14.3 87.7593
      vertex 25.9818 -9.8 87.9311
      vertex 26.0767 -9.8 87.7593
    endloop
  endfacet
  facet normal -0.875332 -0 -0.483522
    outer loop
      vertex 25.9818 -9.8 87.9311
      vertex 26.0767 -14.3 87.7593
      vertex 25.9818 -14.3 87.9311
    endloop
  endfacet
  facet normal -0.382697 0 -0.923874
    outer loop
      vertex 25.078 -14.3 88.6518
      vertex 25.2593 -9.8 88.5767
      vertex 25.2593 -14.3 88.5767
    endloop
  endfacet
  facet normal -0.382697 0 -0.923874
    outer loop
      vertex 25.2593 -9.8 88.5767
      vertex 25.078 -14.3 88.6518
      vertex 25.078 -9.8 88.6518
    endloop
  endfacet
  facet normal 0.815383 0 -0.578922
    outer loop
      vertex 23.1318 -14.3 88.0911
      vertex 23.0182 -9.8 87.9311
      vertex 23.1318 -9.8 88.0911
    endloop
  endfacet
  facet normal 0.815383 0 -0.578922
    outer loop
      vertex 23.0182 -9.8 87.9311
      vertex 23.1318 -14.3 88.0911
      vertex 23.0182 -14.3 87.9311
    endloop
  endfacet
  facet normal 0.960929 0 -0.276793
    outer loop
      vertex 28.156 -14.3 86.1656
      vertex 28.0396 -9.8 85.7615
      vertex 28.156 -9.8 86.1656
    endloop
  endfacet
  facet normal 0.960929 0 -0.276793
    outer loop
      vertex 28.0396 -9.8 85.7615
      vertex 28.156 -14.3 86.1656
      vertex 28.0396 -14.3 85.7615
    endloop
  endfacet
  facet normal 0.998424 0 -0.0561153
    outer loop
      vertex 28.25 -14.3 87
      vertex 28.2264 -9.8 86.5801
      vertex 28.25 -9.8 87
    endloop
  endfacet
  facet normal 0.998424 0 -0.0561153
    outer loop
      vertex 28.2264 -9.8 86.5801
      vertex 28.25 -14.3 87
      vertex 28.2264 -14.3 86.5801
    endloop
  endfacet
  facet normal 0.745478 0 -0.666531
    outer loop
      vertex 27.4319 -14.3 84.6619
      vertex 27.1516 -9.8 84.3484
      vertex 27.4319 -9.8 84.6619
    endloop
  endfacet
  facet normal 0.745478 0 -0.666531
    outer loop
      vertex 27.1516 -9.8 84.3484
      vertex 27.4319 -14.3 84.6619
      vertex 27.1516 -14.3 84.3484
    endloop
  endfacet
  facet normal -0.815641 0 0.578558
    outer loop
      vertex 21.3248 -14.3 88.9951
      vertex 21.5681 -9.8 89.3381
      vertex 21.3248 -9.8 88.9951
    endloop
  endfacet
  facet normal -0.815641 0 0.578558
    outer loop
      vertex 21.5681 -9.8 89.3381
      vertex 21.3248 -14.3 88.9951
      vertex 21.5681 -14.3 89.3381
    endloop
  endfacet
  facet normal 0.923849 0 -0.382758
    outer loop
      vertex 28.0396 -14.3 85.7615
      vertex 27.8786 -9.8 85.3729
      vertex 28.0396 -9.8 85.7615
    endloop
  endfacet
  facet normal 0.923849 0 -0.382758
    outer loop
      vertex 27.8786 -9.8 85.3729
      vertex 28.0396 -14.3 85.7615
      vertex 27.8786 -14.3 85.3729
    endloop
  endfacet
  facet normal 0.87521 0 -0.483744
    outer loop
      vertex 27.8786 -14.3 85.3729
      vertex 27.6752 -9.8 85.0049
      vertex 27.8786 -9.8 85.3729
    endloop
  endfacet
  facet normal 0.87521 0 -0.483744
    outer loop
      vertex 27.6752 -9.8 85.0049
      vertex 27.8786 -14.3 85.3729
      vertex 27.6752 -14.3 85.0049
    endloop
  endfacet
  facet normal 0.382758 0 -0.923849
    outer loop
      vertex 25.7385 -14.3 83.4604
      vertex 26.1271 -9.8 83.6214
      vertex 26.1271 -14.3 83.6214
    endloop
  endfacet
  facet normal 0.382758 0 -0.923849
    outer loop
      vertex 26.1271 -9.8 83.6214
      vertex 25.7385 -14.3 83.4604
      vertex 25.7385 -9.8 83.4604
    endloop
  endfacet
  facet normal 0.166325 0 -0.986071
    outer loop
      vertex 25.3013 -14.3 83.3384
      vertex 25.3345 -9.8 83.344
      vertex 25.3345 -14.3 83.344
    endloop
  endfacet
  facet normal 0.166325 0 -0.986071
    outer loop
      vertex 25.3345 -9.8 83.344
      vertex 25.3013 -14.3 83.3384
      vertex 25.3013 -9.8 83.3384
    endloop
  endfacet
  facet normal 0.87521 -0 0.483744
    outer loop
      vertex 27.6752 -14.3 88.9951
      vertex 27.8786 -9.8 88.6271
      vertex 27.6752 -9.8 88.9951
    endloop
  endfacet
  facet normal 0.87521 0 0.483744
    outer loop
      vertex 27.8786 -9.8 88.6271
      vertex 27.6752 -14.3 88.9951
      vertex 27.8786 -14.3 88.6271
    endloop
  endfacet
  facet normal 0.167406 0 0.985888
    outer loop
      vertex 24.9199 -9.8 90.7264
      vertex 25.3345 -14.3 90.656
      vertex 25.3345 -9.8 90.656
    endloop
  endfacet
  facet normal 0.167406 0 0.985888
    outer loop
      vertex 25.3345 -14.3 90.656
      vertex 24.9199 -9.8 90.7264
      vertex 24.9199 -14.3 90.7264
    endloop
  endfacet
  facet normal 0.0561153 0 0.998424
    outer loop
      vertex 24.5 -9.8 90.75
      vertex 24.9199 -14.3 90.7264
      vertex 24.9199 -9.8 90.7264
    endloop
  endfacet
  facet normal 0.0561153 0 0.998424
    outer loop
      vertex 24.9199 -14.3 90.7264
      vertex 24.5 -9.8 90.75
      vertex 24.5 -14.3 90.75
    endloop
  endfacet
  facet normal 0.666531 0 0.745478
    outer loop
      vertex 26.8381 -9.8 89.9319
      vertex 27.1516 -14.3 89.6516
      vertex 27.1516 -9.8 89.6516
    endloop
  endfacet
  facet normal 0.666531 0 0.745478
    outer loop
      vertex 27.1516 -14.3 89.6516
      vertex 26.8381 -9.8 89.9319
      vertex 26.8381 -14.3 89.9319
    endloop
  endfacet
  facet normal 0.960929 -0 0.276793
    outer loop
      vertex 28.0396 -14.3 88.2385
      vertex 28.156 -9.8 87.8344
      vertex 28.0396 -9.8 88.2385
    endloop
  endfacet
  facet normal 0.960929 0 0.276793
    outer loop
      vertex 28.156 -9.8 87.8344
      vertex 28.0396 -14.3 88.2385
      vertex 28.156 -14.3 87.8344
    endloop
  endfacet
  facet normal -0.276857 0 0.960911
    outer loop
      vertex 23.2615 -9.8 90.5396
      vertex 23.6655 -14.3 90.656
      vertex 23.6655 -9.8 90.656
    endloop
  endfacet
  facet normal -0.276857 0 0.960911
    outer loop
      vertex 23.6655 -14.3 90.656
      vertex 23.2615 -9.8 90.5396
      vertex 23.2615 -14.3 90.5396
    endloop
  endfacet
  facet normal -0.483744 0 0.87521
    outer loop
      vertex 22.5049 -9.8 90.1752
      vertex 22.8729 -14.3 90.3786
      vertex 22.8729 -9.8 90.3786
    endloop
  endfacet
  facet normal -0.483744 0 0.87521
    outer loop
      vertex 22.8729 -14.3 90.3786
      vertex 22.5049 -9.8 90.1752
      vertex 22.5049 -14.3 90.1752
    endloop
  endfacet
  facet normal 0.815641 0 -0.578558
    outer loop
      vertex 27.6752 -14.3 85.0049
      vertex 27.4319 -9.8 84.6619
      vertex 27.6752 -9.8 85.0049
    endloop
  endfacet
  facet normal 0.815641 0 -0.578558
    outer loop
      vertex 27.4319 -9.8 84.6619
      vertex 27.6752 -14.3 85.0049
      vertex 27.4319 -14.3 84.6619
    endloop
  endfacet
  facet normal 0.276857 0 -0.960911
    outer loop
      vertex 25.3345 -14.3 83.344
      vertex 25.7385 -9.8 83.4604
      vertex 25.7385 -14.3 83.4604
    endloop
  endfacet
  facet normal 0.276857 0 -0.960911
    outer loop
      vertex 25.7385 -9.8 83.4604
      vertex 25.3345 -14.3 83.344
      vertex 25.3345 -9.8 83.344
    endloop
  endfacet
  facet normal 0.666531 0 -0.745478
    outer loop
      vertex 26.8381 -14.3 84.0681
      vertex 27.1516 -9.8 84.3484
      vertex 27.1516 -14.3 84.3484
    endloop
  endfacet
  facet normal 0.666531 0 -0.745478
    outer loop
      vertex 27.1516 -9.8 84.3484
      vertex 26.8381 -14.3 84.0681
      vertex 26.8381 -9.8 84.0681
    endloop
  endfacet
  facet normal 0.483744 0 -0.87521
    outer loop
      vertex 26.1271 -14.3 83.6214
      vertex 26.4951 -9.8 83.8248
      vertex 26.4951 -14.3 83.8248
    endloop
  endfacet
  facet normal 0.483744 0 -0.87521
    outer loop
      vertex 26.4951 -9.8 83.8248
      vertex 26.1271 -14.3 83.6214
      vertex 26.1271 -9.8 83.6214
    endloop
  endfacet
  facet normal 0.578558 0 -0.815641
    outer loop
      vertex 26.4951 -14.3 83.8248
      vertex 26.8381 -9.8 84.0681
      vertex 26.8381 -14.3 84.0681
    endloop
  endfacet
  facet normal 0.578558 0 -0.815641
    outer loop
      vertex 26.8381 -9.8 84.0681
      vertex 26.4951 -14.3 83.8248
      vertex 26.4951 -9.8 83.8248
    endloop
  endfacet
  facet normal 0.382758 0 0.923849
    outer loop
      vertex 25.7385 -9.8 90.5396
      vertex 26.1271 -14.3 90.3786
      vertex 26.1271 -9.8 90.3786
    endloop
  endfacet
  facet normal 0.382758 0 0.923849
    outer loop
      vertex 26.1271 -14.3 90.3786
      vertex 25.7385 -9.8 90.5396
      vertex 25.7385 -14.3 90.5396
    endloop
  endfacet
  facet normal 0.578558 0 0.815641
    outer loop
      vertex 26.4951 -9.8 90.1752
      vertex 26.8381 -14.3 89.9319
      vertex 26.8381 -9.8 89.9319
    endloop
  endfacet
  facet normal 0.578558 0 0.815641
    outer loop
      vertex 26.8381 -14.3 89.9319
      vertex 26.4951 -9.8 90.1752
      vertex 26.4951 -14.3 90.1752
    endloop
  endfacet
  facet normal 0.483744 0 0.87521
    outer loop
      vertex 26.1271 -9.8 90.3786
      vertex 26.4951 -14.3 90.1752
      vertex 26.4951 -9.8 90.1752
    endloop
  endfacet
  facet normal 0.483744 0 0.87521
    outer loop
      vertex 26.4951 -14.3 90.1752
      vertex 26.1271 -9.8 90.3786
      vertex 26.1271 -14.3 90.3786
    endloop
  endfacet
  facet normal 0.745478 -0 0.666531
    outer loop
      vertex 27.1516 -14.3 89.6516
      vertex 27.4319 -9.8 89.3381
      vertex 27.1516 -9.8 89.6516
    endloop
  endfacet
  facet normal 0.745478 0 0.666531
    outer loop
      vertex 27.4319 -9.8 89.3381
      vertex 27.1516 -14.3 89.6516
      vertex 27.4319 -14.3 89.3381
    endloop
  endfacet
  facet normal 0.815641 -0 0.578558
    outer loop
      vertex 27.4319 -14.3 89.3381
      vertex 27.6752 -9.8 88.9951
      vertex 27.4319 -9.8 89.3381
    endloop
  endfacet
  facet normal 0.815641 0 0.578558
    outer loop
      vertex 27.6752 -9.8 88.9951
      vertex 27.4319 -14.3 89.3381
      vertex 27.6752 -14.3 88.9951
    endloop
  endfacet
  facet normal -0.666531 0 0.745478
    outer loop
      vertex 21.8484 -9.8 89.6516
      vertex 22.1619 -14.3 89.9319
      vertex 22.1619 -9.8 89.9319
    endloop
  endfacet
  facet normal -0.666531 0 0.745478
    outer loop
      vertex 22.1619 -14.3 89.9319
      vertex 21.8484 -9.8 89.6516
      vertex 21.8484 -14.3 89.6516
    endloop
  endfacet
  facet normal -0.382758 0 0.923849
    outer loop
      vertex 22.8729 -9.8 90.3786
      vertex 23.2615 -14.3 90.5396
      vertex 23.2615 -9.8 90.5396
    endloop
  endfacet
  facet normal -0.382758 0 0.923849
    outer loop
      vertex 23.2615 -14.3 90.5396
      vertex 22.8729 -9.8 90.3786
      vertex 22.8729 -14.3 90.3786
    endloop
  endfacet
  facet normal -0.0561153 0 0.998424
    outer loop
      vertex 24.0801 -9.8 90.7264
      vertex 24.5 -14.3 90.75
      vertex 24.5 -9.8 90.75
    endloop
  endfacet
  facet normal -0.0561153 0 0.998424
    outer loop
      vertex 24.5 -14.3 90.75
      vertex 24.0801 -9.8 90.7264
      vertex 24.0801 -14.3 90.7264
    endloop
  endfacet
  facet normal -0.578558 0 0.815641
    outer loop
      vertex 22.1619 -9.8 89.9319
      vertex 22.5049 -14.3 90.1752
      vertex 22.5049 -9.8 90.1752
    endloop
  endfacet
  facet normal -0.578558 0 0.815641
    outer loop
      vertex 22.5049 -14.3 90.1752
      vertex 22.1619 -9.8 89.9319
      vertex 22.1619 -14.3 89.9319
    endloop
  endfacet
  facet normal -0.745478 0 0.666531
    outer loop
      vertex 21.5681 -14.3 89.3381
      vertex 21.8484 -9.8 89.6516
      vertex 21.5681 -9.8 89.3381
    endloop
  endfacet
  facet normal -0.745478 0 0.666531
    outer loop
      vertex 21.8484 -9.8 89.6516
      vertex 21.5681 -14.3 89.3381
      vertex 21.8484 -14.3 89.6516
    endloop
  endfacet
  facet normal -0.923849 0 0.382758
    outer loop
      vertex 20.9604 -14.3 88.2385
      vertex 21.1214 -9.8 88.6271
      vertex 20.9604 -9.8 88.2385
    endloop
  endfacet
  facet normal -0.923849 0 0.382758
    outer loop
      vertex 21.1214 -9.8 88.6271
      vertex 20.9604 -14.3 88.2385
      vertex 21.1214 -14.3 88.6271
    endloop
  endfacet
  facet normal -0.985988 0 0.166814
    outer loop
      vertex 20.8384 -14.3 87.8013
      vertex 20.844 -9.8 87.8344
      vertex 20.8384 -9.8 87.8013
    endloop
  endfacet
  facet normal -0.985988 0 0.166814
    outer loop
      vertex 20.844 -9.8 87.8344
      vertex 20.8384 -14.3 87.8013
      vertex 20.844 -14.3 87.8344
    endloop
  endfacet
  facet normal -0.960929 0 0.276793
    outer loop
      vertex 20.844 -14.3 87.8344
      vertex 20.9604 -9.8 88.2385
      vertex 20.844 -9.8 87.8344
    endloop
  endfacet
  facet normal -0.960929 0 0.276793
    outer loop
      vertex 20.9604 -9.8 88.2385
      vertex 20.844 -14.3 87.8344
      vertex 20.9604 -14.3 88.2385
    endloop
  endfacet
  facet normal 0.985881 0 -0.167445
    outer loop
      vertex 28.2264 -14.3 86.5801
      vertex 28.156 -9.8 86.1656
      vertex 28.2264 -9.8 86.5801
    endloop
  endfacet
  facet normal 0.985881 0 -0.167445
    outer loop
      vertex 28.156 -9.8 86.1656
      vertex 28.2264 -14.3 86.5801
      vertex 28.156 -14.3 86.1656
    endloop
  endfacet
  facet normal 0.276857 0 0.960911
    outer loop
      vertex 25.3345 -9.8 90.656
      vertex 25.7385 -14.3 90.5396
      vertex 25.7385 -9.8 90.5396
    endloop
  endfacet
  facet normal 0.276857 0 0.960911
    outer loop
      vertex 25.7385 -14.3 90.5396
      vertex 25.3345 -9.8 90.656
      vertex 25.3345 -14.3 90.656
    endloop
  endfacet
  facet normal 0.923849 -0 0.382758
    outer loop
      vertex 27.8786 -14.3 88.6271
      vertex 28.0396 -9.8 88.2385
      vertex 27.8786 -9.8 88.6271
    endloop
  endfacet
  facet normal 0.923849 0 0.382758
    outer loop
      vertex 28.0396 -9.8 88.2385
      vertex 27.8786 -14.3 88.6271
      vertex 28.0396 -14.3 88.2385
    endloop
  endfacet
  facet normal 0.985881 -0 0.167445
    outer loop
      vertex 28.156 -14.3 87.8344
      vertex 28.2264 -9.8 87.4199
      vertex 28.156 -9.8 87.8344
    endloop
  endfacet
  facet normal 0.985881 0 0.167445
    outer loop
      vertex 28.2264 -9.8 87.4199
      vertex 28.156 -14.3 87.8344
      vertex 28.2264 -14.3 87.4199
    endloop
  endfacet
  facet normal 0.998424 -0 0.0561153
    outer loop
      vertex 28.2264 -14.3 87.4199
      vertex 28.25 -9.8 87
      vertex 28.2264 -9.8 87.4199
    endloop
  endfacet
  facet normal 0.998424 0 0.0561153
    outer loop
      vertex 28.25 -9.8 87
      vertex 28.2264 -14.3 87.4199
      vertex 28.25 -14.3 87
    endloop
  endfacet
  facet normal -0.167406 0 0.985888
    outer loop
      vertex 23.6655 -9.8 90.656
      vertex 24.0801 -14.3 90.7264
      vertex 24.0801 -9.8 90.7264
    endloop
  endfacet
  facet normal -0.167406 0 0.985888
    outer loop
      vertex 24.0801 -14.3 90.7264
      vertex 23.6655 -9.8 90.656
      vertex 23.6655 -14.3 90.656
    endloop
  endfacet
  facet normal -0.87521 0 0.483744
    outer loop
      vertex 21.1214 -14.3 88.6271
      vertex 21.3248 -9.8 88.9951
      vertex 21.1214 -9.8 88.6271
    endloop
  endfacet
  facet normal -0.87521 0 0.483744
    outer loop
      vertex 21.3248 -9.8 88.9951
      vertex 21.1214 -14.3 88.6271
      vertex 21.3248 -14.3 88.9951
    endloop
  endfacet
  facet normal -1 0 0
    outer loop
      vertex 6.1 -7.2 2.5
      vertex 6.1 -8.6 5.5
      vertex 6.1 -7.2 9.5
    endloop
  endfacet
  facet normal -1 0 0
    outer loop
      vertex 6.1 -14.3 2.5
      vertex 6.1 -8.6 5.5
      vertex 6.1 -7.2 2.5
    endloop
  endfacet
  facet normal -1 -0 0
    outer loop
      vertex 6.1 -8.6 5.5
      vertex 6.1 -14.3 2.5
      vertex 6.1 -14.3 5.5
    endloop
  endfacet
  facet normal -1 -0 0
    outer loop
      vertex 6.1 -7.2 9.5
      vertex 6.1 -8.6 5.5
      vertex 6.1 -8.6 9.5
    endloop
  endfacet
  facet normal -0 0 1
    outer loop
      vertex 6.1 -8.6 5.5
      vertex 9.1 -14.3 5.5
      vertex 9.1 -8.6 5.5
    endloop
  endfacet
  facet normal 0 0 1
    outer loop
      vertex 9.1 -14.3 5.5
      vertex 6.1 -8.6 5.5
      vertex 6.1 -14.3 5.5
    endloop
  endfacet
  facet normal 1 0 0
    outer loop
      vertex 9.1 -8.6 5.5
      vertex 9.1 -7.2 9.5
      vertex 9.1 -8.6 9.5
    endloop
  endfacet
  facet normal 1 0 0
    outer loop
      vertex 9.1 -7.2 9.5
      vertex 9.1 -8.6 5.5
      vertex 9.1 -7.2 2.5
    endloop
  endfacet
  facet normal 1 0 0
    outer loop
      vertex 9.1 -14.3 2.5
      vertex 9.1 -8.6 5.5
      vertex 9.1 -14.3 5.5
    endloop
  endfacet
  facet normal 1 0 0
    outer loop
      vertex 9.1 -8.6 5.5
      vertex 9.1 -14.3 2.5
      vertex 9.1 -7.2 2.5
    endloop
  endfacet
  facet normal -0 0 1
    outer loop
      vertex 6.1 -7.2 9.5
      vertex 9.1 -8.6 9.5
      vertex 9.1 -7.2 9.5
    endloop
  endfacet
  facet normal 0 0 1
    outer loop
      vertex 9.1 -8.6 9.5
      vertex 6.1 -7.2 9.5
      vertex 6.1 -8.6 9.5
    endloop
  endfacet
  facet normal 0 -1 0
    outer loop
      vertex 6.1 -8.6 5.5
      vertex 9.1 -8.6 9.5
      vertex 6.1 -8.6 9.5
    endloop
  endfacet
  facet normal 0 -1 -0
    outer loop
      vertex 9.1 -8.6 9.5
      vertex 6.1 -8.6 5.5
      vertex 9.1 -8.6 5.5
    endloop
  endfacet
  facet normal 0 1 -0
    outer loop
      vertex 9.1 -7.2 2.5
      vertex 6.1 -7.2 9.5
      vertex 9.1 -7.2 9.5
    endloop
  endfacet
  facet normal 0 1 0
    outer loop
      vertex 6.1 -7.2 9.5
      vertex 9.1 -7.2 2.5
      vertex 6.1 -7.2 2.5
    endloop
  endfacet
  facet normal -1 0 0
    outer loop
      vertex -11.55 -7.2 2.5
      vertex -11.55 -8.6 5.5
      vertex -11.55 -7.2 9.5
    endloop
  endfacet
  facet normal -1 0 0
    outer loop
      vertex -11.55 -14.3 2.5
      vertex -11.55 -8.6 5.5
      vertex -11.55 -7.2 2.5
    endloop
  endfacet
  facet normal -1 -0 0
    outer loop
      vertex -11.55 -8.6 5.5
      vertex -11.55 -14.3 2.5
      vertex -11.55 -14.3 5.5
    endloop
  endfacet
  facet normal -1 -0 0
    outer loop
      vertex -11.55 -7.2 9.5
      vertex -11.55 -8.6 5.5
      vertex -11.55 -8.6 9.5
    endloop
  endfacet
  facet normal -0 0 1
    outer loop
      vertex -11.55 -8.6 5.5
      vertex -8.55 -14.3 5.5
      vertex -8.55 -8.6 5.5
    endloop
  endfacet
  facet normal 0 0 1
    outer loop
      vertex -8.55 -14.3 5.5
      vertex -11.55 -8.6 5.5
      vertex -11.55 -14.3 5.5
    endloop
  endfacet
  facet normal 1 0 0
    outer loop
      vertex -8.55 -8.6 5.5
      vertex -8.55 -7.2 9.5
      vertex -8.55 -8.6 9.5
    endloop
  endfacet
  facet normal 1 0 0
    outer loop
      vertex -8.55 -7.2 9.5
      vertex -8.55 -8.6 5.5
      vertex -8.55 -7.2 2.5
    endloop
  endfacet
  facet normal 1 0 0
    outer loop
      vertex -8.55 -14.3 2.5
      vertex -8.55 -8.6 5.5
      vertex -8.55 -14.3 5.5
    endloop
  endfacet
  facet normal 1 0 0
    outer loop
      vertex -8.55 -8.6 5.5
      vertex -8.55 -14.3 2.5
      vertex -8.55 -7.2 2.5
    endloop
  endfacet
  facet normal -0 0 1
    outer loop
      vertex -11.55 -7.2 9.5
      vertex -8.55 -8.6 9.5
      vertex -8.55 -7.2 9.5
    endloop
  endfacet
  facet normal 0 0 1
    outer loop
      vertex -8.55 -8.6 9.5
      vertex -11.55 -7.2 9.5
      vertex -11.55 -8.6 9.5
    endloop
  endfacet
  facet normal 0 -1 0
    outer loop
      vertex -11.55 -8.6 5.5
      vertex -8.55 -8.6 9.5
      vertex -11.55 -8.6 9.5
    endloop
  endfacet
  facet normal 0 -1 -0
    outer loop
      vertex -8.55 -8.6 9.5
      vertex -11.55 -8.6 5.5
      vertex -8.55 -8.6 5.5
    endloop
  endfacet
  facet normal 0 1 -0
    outer loop
      vertex -8.55 -7.2 2.5
      vertex -11.55 -7.2 9.5
      vertex -8.55 -7.2 9.5
    endloop
  endfacet
  facet normal 0 1 0
    outer loop
      vertex -11.55 -7.2 9.5
      vertex -8.55 -7.2 2.5
      vertex -11.55 -7.2 2.5
    endloop
  endfacet
  facet normal -1 0 0
    outer loop
      vertex -19 -3.2 108.4
      vertex -19 -2.3 110
      vertex -19 -2.3 108.4
    endloop
  endfacet
  facet normal -1 -0 0
    outer loop
      vertex -19 -2.3 110
      vertex -19 -3.2 108.4
      vertex -19 -3.2 110
    endloop
  endfacet
  facet normal -1 0 0
    outer loop
      vertex -19 -2.3 91
      vertex -19 -13.3 92.6
      vertex -19 -2.3 92.6
    endloop
  endfacet
  facet normal -1 0 0
    outer loop
      vertex -19 -14.3 91
      vertex -19 -13.3 92.6
      vertex -19 -2.3 91
    endloop
  endfacet
  facet normal -1 0 0
    outer loop
      vertex -19 -14.3 95.6554
      vertex -19 -13.3 92.6
      vertex -19 -14.3 91
    endloop
  endfacet
  facet normal -1 0 0
    outer loop
      vertex -19 -13.3 92.6
      vertex -19 -14.3 95.6554
      vertex -19 -13.3 95.6554
    endloop
  endfacet
  facet normal -1 0 0
    outer loop
      vertex -19 -13.3 102.345
      vertex -19 -14.3 102.345
      vertex -19 -13.3 108.4
    endloop
  endfacet
  facet normal -1 0 0
    outer loop
      vertex -19 -13.3 108.4
      vertex -19 -10.2 110
      vertex -19 -10.2 108.4
    endloop
  endfacet
  facet normal -1 0 0
    outer loop
      vertex -19 -13.3 108.4
      vertex -19 -14.3 110
      vertex -19 -10.2 110
    endloop
  endfacet
  facet normal -1 0 0
    outer loop
      vertex -19 -14.3 110
      vertex -19 -13.3 108.4
      vertex -19 -14.3 102.345
    endloop
  endfacet
  facet normal 0 0 1
    outer loop
      vertex 1 -10.2 110
      vertex 19 -2.3 110
      vertex 1 -3.2 110
    endloop
  endfacet
  facet normal -0 0 1
    outer loop
      vertex -19 -2.3 110
      vertex 1 -3.2 110
      vertex 19 -2.3 110
    endloop
  endfacet
  facet normal 0 0 1
    outer loop
      vertex 1 -3.2 110
      vertex -19 -2.3 110
      vertex -19 -3.2 110
    endloop
  endfacet
  facet normal 0 0 1
    outer loop
      vertex 19 -2.3 110
      vertex 1 -10.2 110
      vertex 19 -14.3 110
    endloop
  endfacet
  facet normal 0 0 1
    outer loop
      vertex -19 -14.3 110
      vertex 1 -10.2 110
      vertex -19 -10.2 110
    endloop
  endfacet
  facet normal 0 0 1
    outer loop
      vertex 1 -10.2 110
      vertex -19 -14.3 110
      vertex 19 -14.3 110
    endloop
  endfacet
  facet normal 1 0 0
    outer loop
      vertex 19 -2.3 110
      vertex 19 -12.1 102.345
      vertex 19 -2.3 91
    endloop
  endfacet
  facet normal 1 -0 0
    outer loop
      vertex 19 -14.3 110
      vertex 19 -12.1 102.345
      vertex 19 -2.3 110
    endloop
  endfacet
  facet normal 1 0 0
    outer loop
      vertex 19 -12.1 102.345
      vertex 19 -14.3 110
      vertex 19 -14.3 102.345
    endloop
  endfacet
  facet normal 1 -0 0
    outer loop
      vertex 19 -12.1 95.6554
      vertex 19 -2.3 91
      vertex 19 -12.1 102.345
    endloop
  endfacet
  facet normal 1 0 0
    outer loop
      vertex 19 -14.3 91
      vertex 19 -12.1 95.6554
      vertex 19 -14.3 95.6554
    endloop
  endfacet
  facet normal 1 0 0
    outer loop
      vertex 19 -12.1 95.6554
      vertex 19 -14.3 91
      vertex 19 -2.3 91
    endloop
  endfacet
  facet normal 0 1 0
    outer loop
      vertex 19 -2.3 110
      vertex 17 -2.3 108.4
      vertex -19 -2.3 110
    endloop
  endfacet
  facet normal 0 1 0
    outer loop
      vertex 19 -2.3 110
      vertex 17 -2.3 92.6
      vertex 17 -2.3 108.4
    endloop
  endfacet
  facet normal 0 1 -0
    outer loop
      vertex 19 -2.3 91
      vertex 17 -2.3 92.6
      vertex 19 -2.3 110
    endloop
  endfacet
  facet normal 0 1 0
    outer loop
      vertex -19 -2.3 91
      vertex 17 -2.3 92.6
      vertex 19 -2.3 91
    endloop
  endfacet
  facet normal 0 1 0
    outer loop
      vertex 17 -2.3 92.6
      vertex -19 -2.3 91
      vertex -19 -2.3 92.6
    endloop
  endfacet
  facet normal 0 1 0
    outer loop
      vertex -19 -2.3 110
      vertex 17 -2.3 108.4
      vertex -19 -2.3 108.4
    endloop
  endfacet
  facet normal 0 0 -1
    outer loop
      vertex -19 -14.3 91
      vertex 19 -2.3 91
      vertex 19 -14.3 91
    endloop
  endfacet
  facet normal -0 0 -1
    outer loop
      vertex 19 -2.3 91
      vertex -19 -14.3 91
      vertex -19 -2.3 91
    endloop
  endfacet
  facet normal 0 0 -1
    outer loop
      vertex 17 -13.3 108.4
      vertex 1 -10.2 108.4
      vertex 17 -2.3 108.4
    endloop
  endfacet
  facet normal 0 0 -1
    outer loop
      vertex -19 -13.3 108.4
      vertex 1 -10.2 108.4
      vertex 17 -13.3 108.4
    endloop
  endfacet
  facet normal -0 0 -1
    outer loop
      vertex 1 -10.2 108.4
      vertex -19 -13.3 108.4
      vertex -19 -10.2 108.4
    endloop
  endfacet
  facet normal 0 0 -1
    outer loop
      vertex 1 -3.2 108.4
      vertex 17 -2.3 108.4
      vertex 1 -10.2 108.4
    endloop
  endfacet
  facet normal 0 0 -1
    outer loop
      vertex -19 -2.3 108.4
      vertex 1 -3.2 108.4
      vertex -19 -3.2 108.4
    endloop
  endfacet
  facet normal 0 0 -1
    outer loop
      vertex 1 -3.2 108.4
      vertex -19 -2.3 108.4
      vertex 17 -2.3 108.4
    endloop
  endfacet
  facet normal -1 0 0
    outer loop
      vertex 17 -13.3 92.6
      vertex 17 -2.3 108.4
      vertex 17 -2.3 92.6
    endloop
  endfacet
  facet normal -1 -0 0
    outer loop
      vertex 17 -2.3 108.4
      vertex 17 -13.3 92.6
      vertex 17 -13.3 108.4
    endloop
  endfacet
  facet normal -0 0 1
    outer loop
      vertex -19 -2.3 92.6
      vertex 17 -13.3 92.6
      vertex 17 -2.3 92.6
    endloop
  endfacet
  facet normal 0 0 1
    outer loop
      vertex 17 -13.3 92.6
      vertex -19 -2.3 92.6
      vertex -19 -13.3 92.6
    endloop
  endfacet
  facet normal 0 1 -0
    outer loop
      vertex -17.7525 -13.3 100.486
      vertex -19 -13.3 108.4
      vertex 17 -13.3 108.4
    endloop
  endfacet
  facet normal 0 1 0
    outer loop
      vertex -19 -13.3 108.4
      vertex -18.818 -13.3 102.182
      vertex -19 -13.3 102.345
    endloop
  endfacet
  facet normal 0 1 0
    outer loop
      vertex -19 -13.3 108.4
      vertex -18.4818 -13.3 101.806
      vertex -18.818 -13.3 102.182
    endloop
  endfacet
  facet normal 0 1 0
    outer loop
      vertex -19 -13.3 108.4
      vertex -18.1897 -13.3 101.394
      vertex -18.4818 -13.3 101.806
    endloop
  endfacet
  facet normal 0 1 0
    outer loop
      vertex -19 -13.3 108.4
      vertex -17.9456 -13.3 100.952
      vertex -18.1897 -13.3 101.394
    endloop
  endfacet
  facet normal 0 1 0
    outer loop
      vertex -19 -13.3 108.4
      vertex -17.7525 -13.3 100.486
      vertex -17.9456 -13.3 100.952
    endloop
  endfacet
  facet normal 0 1 0
    outer loop
      vertex 17 -13.3 108.4
      vertex -17.6128 -13.3 100.001
      vertex -17.7525 -13.3 100.486
    endloop
  endfacet
  facet normal 0 1 0
    outer loop
      vertex 17 -13.3 108.4
      vertex -17.5283 -13.3 99.5038
      vertex -17.6128 -13.3 100.001
    endloop
  endfacet
  facet normal 0 1 -0
    outer loop
      vertex 17 -13.3 92.6
      vertex -17.5283 -13.3 99.5038
      vertex 17 -13.3 108.4
    endloop
  endfacet
  facet normal 0 1 0
    outer loop
      vertex -17.5283 -13.3 99.5038
      vertex 17 -13.3 92.6
      vertex -17.5 -13.3 99
    endloop
  endfacet
  facet normal 0 1 0
    outer loop
      vertex -17.5 -13.3 99
      vertex 17 -13.3 92.6
      vertex -17.5283 -13.3 98.4962
    endloop
  endfacet
  facet normal 0 1 0
    outer loop
      vertex -17.5283 -13.3 98.4962
      vertex 17 -13.3 92.6
      vertex -17.6128 -13.3 97.9987
    endloop
  endfacet
  facet normal 0 1 0
    outer loop
      vertex -17.6128 -13.3 97.9987
      vertex 17 -13.3 92.6
      vertex -17.7525 -13.3 97.5137
    endloop
  endfacet
  facet normal 0 1 0
    outer loop
      vertex -19 -13.3 92.6
      vertex -17.7525 -13.3 97.5137
      vertex 17 -13.3 92.6
    endloop
  endfacet
  facet normal 0 1 0
    outer loop
      vertex -17.7525 -13.3 97.5137
      vertex -19 -13.3 92.6
      vertex -17.9456 -13.3 97.0475
    endloop
  endfacet
  facet normal 0 1 0
    outer loop
      vertex -17.9456 -13.3 97.0475
      vertex -19 -13.3 92.6
      vertex -18.1897 -13.3 96.6059
    endloop
  endfacet
  facet normal 0 1 0
    outer loop
      vertex -18.1897 -13.3 96.6059
      vertex -19 -13.3 92.6
      vertex -18.4818 -13.3 96.1943
    endloop
  endfacet
  facet normal 0 1 0
    outer loop
      vertex -18.4818 -13.3 96.1943
      vertex -19 -13.3 92.6
      vertex -18.818 -13.3 95.818
    endloop
  endfacet
  facet normal 0 1 0
    outer loop
      vertex -18.818 -13.3 95.818
      vertex -19 -13.3 92.6
      vertex -19 -13.3 95.6554
    endloop
  endfacet
  facet normal 0.998426 0 -0.0560847
    outer loop
      vertex -17.5 -13.3 99
      vertex -17.5283 -12.1 98.4962
      vertex -17.5 -12.1 99
    endloop
  endfacet
  facet normal 0.998426 0 -0.0560847
    outer loop
      vertex -17.5283 -12.1 98.4962
      vertex -17.5 -13.3 99
      vertex -17.5283 -13.3 98.4962
    endloop
  endfacet
  facet normal -0.998426 0 -0.0560847
    outer loop
      vertex -26.4717 -14.3 98.4962
      vertex -26.5 -12.1 99
      vertex -26.4717 -12.1 98.4962
    endloop
  endfacet
  facet normal -0.998426 -0 -0.0560847
    outer loop
      vertex -26.5 -12.1 99
      vertex -26.4717 -14.3 98.4962
      vertex -26.5 -14.3 99
    endloop
  endfacet
  facet normal -0.0560847 0 -0.998426
    outer loop
      vertex -22.5038 -14.3 94.5283
      vertex -22 -12.1 94.5
      vertex -22 -14.3 94.5
    endloop
  endfacet
  facet normal -0.0560847 0 -0.998426
    outer loop
      vertex -22 -12.1 94.5
      vertex -22.5038 -14.3 94.5283
      vertex -22.5038 -12.1 94.5283
    endloop
  endfacet
  facet normal 0.666267 0 -0.745713
    outer loop
      vertex -19 -14.3 95.6554
      vertex -19.1943 -14.3 95.4818
      vertex -19 -13.3 95.6554
    endloop
  endfacet
  facet normal 0.666244 0 -0.745734
    outer loop
      vertex -19 -13.3 95.6554
      vertex -18.818 -12.1 95.818
      vertex -18.818 -13.3 95.818
    endloop
  endfacet
  facet normal 0.666267 0 -0.745713
    outer loop
      vertex -19.1943 -12.1 95.4818
      vertex -19 -13.3 95.6554
      vertex -19.1943 -14.3 95.4818
    endloop
  endfacet
  facet normal 0.666256 -3.3359e-06 -0.745723
    outer loop
      vertex -19 -13.3 95.6554
      vertex -19.1943 -12.1 95.4818
      vertex -18.818 -12.1 95.818
    endloop
  endfacet
  facet normal -0.666256 0 -0.745723
    outer loop
      vertex -25.182 -14.3 95.818
      vertex -24.8057 -12.1 95.4818
      vertex -24.8057 -14.3 95.4818
    endloop
  endfacet
  facet normal -0.666256 0 -0.745723
    outer loop
      vertex -24.8057 -12.1 95.4818
      vertex -25.182 -14.3 95.818
      vertex -25.182 -12.1 95.818
    endloop
  endfacet
  facet normal -0.382673 0 -0.923884
    outer loop
      vertex -23.9525 -14.3 94.9456
      vertex -23.4863 -12.1 94.7525
      vertex -23.4863 -14.3 94.7525
    endloop
  endfacet
  facet normal -0.382673 0 -0.923884
    outer loop
      vertex -23.4863 -12.1 94.7525
      vertex -23.9525 -14.3 94.9456
      vertex -23.9525 -12.1 94.9456
    endloop
  endfacet
  facet normal 0.875193 0 -0.483774
    outer loop
      vertex -17.9456 -13.3 97.0475
      vertex -18.1897 -12.1 96.6059
      vertex -17.9456 -12.1 97.0475
    endloop
  endfacet
  facet normal 0.875193 0 -0.483774
    outer loop
      vertex -18.1897 -12.1 96.6059
      vertex -17.9456 -13.3 97.0475
      vertex -18.1897 -13.3 96.6059
    endloop
  endfacet
  facet normal 0.276788 0 -0.960931
    outer loop
      vertex -20.9987 -14.3 94.6128
      vertex -20.5137 -12.1 94.7525
      vertex -20.5137 -14.3 94.7525
    endloop
  endfacet
  facet normal 0.276788 0 -0.960931
    outer loop
      vertex -20.5137 -12.1 94.7525
      vertex -20.9987 -14.3 94.6128
      vertex -20.9987 -12.1 94.6128
    endloop
  endfacet
  facet normal 0.167451 0 -0.98588
    outer loop
      vertex -21.4962 -14.3 94.5283
      vertex -20.9987 -12.1 94.6128
      vertex -20.9987 -14.3 94.6128
    endloop
  endfacet
  facet normal 0.167451 0 -0.98588
    outer loop
      vertex -20.9987 -12.1 94.6128
      vertex -21.4962 -14.3 94.5283
      vertex -21.4962 -12.1 94.5283
    endloop
  endfacet
  facet normal -0.875193 0 -0.483774
    outer loop
      vertex -25.8103 -14.3 96.6059
      vertex -26.0544 -12.1 97.0475
      vertex -25.8103 -12.1 96.6059
    endloop
  endfacet
  facet normal -0.875193 -0 -0.483774
    outer loop
      vertex -26.0544 -12.1 97.0475
      vertex -25.8103 -14.3 96.6059
      vertex -26.0544 -14.3 97.0475
    endloop
  endfacet
  facet normal -0.81551 0 -0.578743
    outer loop
      vertex -25.5182 -14.3 96.1943
      vertex -25.8103 -12.1 96.6059
      vertex -25.5182 -12.1 96.1943
    endloop
  endfacet
  facet normal -0.81551 -0 -0.578743
    outer loop
      vertex -25.8103 -12.1 96.6059
      vertex -25.5182 -14.3 96.1943
      vertex -25.8103 -14.3 96.6059
    endloop
  endfacet
  facet normal -0.960931 0 -0.276788
    outer loop
      vertex -26.2475 -14.3 97.5137
      vertex -26.3872 -12.1 97.9987
      vertex -26.2475 -12.1 97.5137
    endloop
  endfacet
  facet normal -0.960931 -0 -0.276788
    outer loop
      vertex -26.3872 -12.1 97.9987
      vertex -26.2475 -14.3 97.5137
      vertex -26.3872 -14.3 97.9987
    endloop
  endfacet
  facet normal -0.483774 0 -0.875193
    outer loop
      vertex -24.3941 -14.3 95.1897
      vertex -23.9525 -12.1 94.9456
      vertex -23.9525 -14.3 94.9456
    endloop
  endfacet
  facet normal -0.483774 0 -0.875193
    outer loop
      vertex -23.9525 -12.1 94.9456
      vertex -24.3941 -14.3 95.1897
      vertex -24.3941 -12.1 95.1897
    endloop
  endfacet
  facet normal -0.167451 0 -0.98588
    outer loop
      vertex -23.0013 -14.3 94.6128
      vertex -22.5038 -12.1 94.5283
      vertex -22.5038 -14.3 94.5283
    endloop
  endfacet
  facet normal -0.167451 0 -0.98588
    outer loop
      vertex -22.5038 -12.1 94.5283
      vertex -23.0013 -14.3 94.6128
      vertex -23.0013 -12.1 94.6128
    endloop
  endfacet
  facet normal 0.875378 -0 0.483439
    outer loop
      vertex -18.1897 -13.3 101.394
      vertex -17.9456 -12.1 100.952
      vertex -18.1897 -12.1 101.394
    endloop
  endfacet
  facet normal 0.875378 0 0.483439
    outer loop
      vertex -17.9456 -12.1 100.952
      vertex -18.1897 -13.3 101.394
      vertex -17.9456 -13.3 100.952
    endloop
  endfacet
  facet normal 0.667154 0 0.74492
    outer loop
      vertex -18.818 -12.1 102.182
      vertex -19 -13.3 102.345
      vertex -18.818 -13.3 102.182
    endloop
  endfacet
  facet normal 0.666035 0.000305431 0.74592
    outer loop
      vertex -19.1943 -12.1 102.518
      vertex -19 -13.3 102.345
      vertex -18.818 -12.1 102.182
    endloop
  endfacet
  facet normal 0.664984 -0 0.746858
    outer loop
      vertex -19.1943 -14.3 102.518
      vertex -19 -13.3 102.345
      vertex -19.1943 -12.1 102.518
    endloop
  endfacet
  facet normal 0.664984 0 0.746858
    outer loop
      vertex -19 -13.3 102.345
      vertex -19.1943 -14.3 102.518
      vertex -19 -14.3 102.345
    endloop
  endfacet
  facet normal 0.960931 -0 0.276788
    outer loop
      vertex -17.7525 -13.3 100.486
      vertex -17.6128 -12.1 100.001
      vertex -17.7525 -12.1 100.486
    endloop
  endfacet
  facet normal 0.960931 0 0.276788
    outer loop
      vertex -17.6128 -12.1 100.001
      vertex -17.7525 -13.3 100.486
      vertex -17.6128 -13.3 100.001
    endloop
  endfacet
  facet normal -0.277336 0 0.960773
    outer loop
      vertex -23.4863 -12.1 103.247
      vertex -23.0013 -14.3 103.387
      vertex -23.0013 -12.1 103.387
    endloop
  endfacet
  facet normal -0.277336 0 0.960773
    outer loop
      vertex -23.0013 -14.3 103.387
      vertex -23.4863 -12.1 103.247
      vertex -23.4863 -14.3 103.247
    endloop
  endfacet
  facet normal -0.745459 0 0.666551
    outer loop
      vertex -25.5182 -14.3 101.806
      vertex -25.182 -12.1 102.182
      vertex -25.5182 -12.1 101.806
    endloop
  endfacet
  facet normal -0.745459 0 0.666551
    outer loop
      vertex -25.182 -12.1 102.182
      vertex -25.5182 -14.3 101.806
      vertex -25.182 -14.3 102.182
    endloop
  endfacet
  facet normal -0.815775 0 0.578369
    outer loop
      vertex -25.8103 -14.3 101.394
      vertex -25.5182 -12.1 101.806
      vertex -25.8103 -12.1 101.394
    endloop
  endfacet
  facet normal -0.815775 0 0.578369
    outer loop
      vertex -25.5182 -12.1 101.806
      vertex -25.8103 -14.3 101.394
      vertex -25.5182 -14.3 101.806
    endloop
  endfacet
  facet normal 0.960931 0 -0.276788
    outer loop
      vertex -17.6128 -13.3 97.9987
      vertex -17.7525 -12.1 97.5137
      vertex -17.6128 -12.1 97.9987
    endloop
  endfacet
  facet normal 0.960931 0 -0.276788
    outer loop
      vertex -17.7525 -12.1 97.5137
      vertex -17.6128 -13.3 97.9987
      vertex -17.7525 -13.3 97.5137
    endloop
  endfacet
  facet normal 0.98588 0 -0.167451
    outer loop
      vertex -17.5283 -13.3 98.4962
      vertex -17.6128 -12.1 97.9987
      vertex -17.5283 -12.1 98.4962
    endloop
  endfacet
  facet normal 0.98588 0 -0.167451
    outer loop
      vertex -17.6128 -12.1 97.9987
      vertex -17.5283 -13.3 98.4962
      vertex -17.6128 -13.3 97.9987
    endloop
  endfacet
  facet normal 0.923884 0 -0.382673
    outer loop
      vertex -17.7525 -13.3 97.5137
      vertex -17.9456 -12.1 97.0475
      vertex -17.7525 -12.1 97.5137
    endloop
  endfacet
  facet normal 0.923884 0 -0.382673
    outer loop
      vertex -17.9456 -12.1 97.0475
      vertex -17.7525 -13.3 97.5137
      vertex -17.9456 -13.3 97.0475
    endloop
  endfacet
  facet normal 0.745723 0 -0.666256
    outer loop
      vertex -18.4818 -13.3 96.1943
      vertex -18.818 -12.1 95.818
      vertex -18.4818 -12.1 96.1943
    endloop
  endfacet
  facet normal 0.745723 0 -0.666256
    outer loop
      vertex -18.818 -12.1 95.818
      vertex -18.4818 -13.3 96.1943
      vertex -18.818 -13.3 95.818
    endloop
  endfacet
  facet normal 0.81551 0 -0.578743
    outer loop
      vertex -18.1897 -13.3 96.6059
      vertex -18.4818 -12.1 96.1943
      vertex -18.1897 -12.1 96.6059
    endloop
  endfacet
  facet normal 0.81551 0 -0.578743
    outer loop
      vertex -18.4818 -12.1 96.1943
      vertex -18.1897 -13.3 96.6059
      vertex -18.4818 -13.3 96.1943
    endloop
  endfacet
  facet normal 0.0560847 0 -0.998426
    outer loop
      vertex -22 -14.3 94.5
      vertex -21.4962 -12.1 94.5283
      vertex -21.4962 -14.3 94.5283
    endloop
  endfacet
  facet normal 0.0560847 0 -0.998426
    outer loop
      vertex -21.4962 -12.1 94.5283
      vertex -22 -14.3 94.5
      vertex -22 -12.1 94.5
    endloop
  endfacet
  facet normal 0.483774 0 -0.875193
    outer loop
      vertex -20.0475 -14.3 94.9456
      vertex -19.6059 -12.1 95.1897
      vertex -19.6059 -14.3 95.1897
    endloop
  endfacet
  facet normal 0.483774 0 -0.875193
    outer loop
      vertex -19.6059 -12.1 95.1897
      vertex -20.0475 -14.3 94.9456
      vertex -20.0475 -12.1 94.9456
    endloop
  endfacet
  facet normal 0.578743 0 -0.81551
    outer loop
      vertex -19.6059 -14.3 95.1897
      vertex -19.1943 -12.1 95.4818
      vertex -19.1943 -14.3 95.4818
    endloop
  endfacet
  facet normal 0.578743 0 -0.81551
    outer loop
      vertex -19.1943 -12.1 95.4818
      vertex -19.6059 -14.3 95.1897
      vertex -19.6059 -12.1 95.1897
    endloop
  endfacet
  facet normal -0.923884 0 -0.382673
    outer loop
      vertex -26.0544 -14.3 97.0475
      vertex -26.2475 -12.1 97.5137
      vertex -26.0544 -12.1 97.0475
    endloop
  endfacet
  facet normal -0.923884 -0 -0.382673
    outer loop
      vertex -26.2475 -12.1 97.5137
      vertex -26.0544 -14.3 97.0475
      vertex -26.2475 -14.3 97.5137
    endloop
  endfacet
  facet normal -0.98588 0 -0.167451
    outer loop
      vertex -26.3872 -14.3 97.9987
      vertex -26.4717 -12.1 98.4962
      vertex -26.3872 -12.1 97.9987
    endloop
  endfacet
  facet normal -0.98588 -0 -0.167451
    outer loop
      vertex -26.4717 -12.1 98.4962
      vertex -26.3872 -14.3 97.9987
      vertex -26.4717 -14.3 98.4962
    endloop
  endfacet
  facet normal 0 1 0
    outer loop
      vertex -22 -12.1 100.7
      vertex -22 -12.1 103.5
      vertex -21.4962 -12.1 103.472
    endloop
  endfacet
  facet normal 0 1 0
    outer loop
      vertex -21.8097 -12.1 100.689
      vertex -21.4962 -12.1 103.472
      vertex -20.9987 -12.1 103.387
    endloop
  endfacet
  facet normal 0 1 0
    outer loop
      vertex -22 -12.1 103.5
      vertex -22 -12.1 100.7
      vertex -22.5038 -12.1 103.472
    endloop
  endfacet
  facet normal 0 1 0
    outer loop
      vertex -21.6217 -12.1 100.657
      vertex -20.9987 -12.1 103.387
      vertex -20.5137 -12.1 103.247
    endloop
  endfacet
  facet normal 0 1 -0
    outer loop
      vertex -22.1903 -12.1 100.689
      vertex -22.5038 -12.1 103.472
      vertex -22 -12.1 100.7
    endloop
  endfacet
  facet normal 0 1 0
    outer loop
      vertex -21.4385 -12.1 100.605
      vertex -20.5137 -12.1 103.247
      vertex -20.0475 -12.1 103.054
    endloop
  endfacet
  facet normal 0 1 0
    outer loop
      vertex -22.5038 -12.1 103.472
      vertex -22.1903 -12.1 100.689
      vertex -23.0013 -12.1 103.387
    endloop
  endfacet
  facet normal 0 1 0
    outer loop
      vertex -21.2624 -12.1 100.532
      vertex -20.0475 -12.1 103.054
      vertex -19.6059 -12.1 102.81
    endloop
  endfacet
  facet normal 0 1 -0
    outer loop
      vertex -22.3783 -12.1 100.657
      vertex -23.0013 -12.1 103.387
      vertex -22.1903 -12.1 100.689
    endloop
  endfacet
  facet normal 0 1 0
    outer loop
      vertex -21.0955 -12.1 100.439
      vertex -19.6059 -12.1 102.81
      vertex -19.1943 -12.1 102.518
    endloop
  endfacet
  facet normal 0 1 0
    outer loop
      vertex -23.0013 -12.1 103.387
      vertex -22.3783 -12.1 100.657
      vertex -23.4863 -12.1 103.247
    endloop
  endfacet
  facet normal 0 1 0
    outer loop
      vertex -20.9401 -12.1 100.329
      vertex -19.1943 -12.1 102.518
      vertex -18.818 -12.1 102.182
    endloop
  endfacet
  facet normal 0 1 -0
    outer loop
      vertex -22.5615 -12.1 100.605
      vertex -23.4863 -12.1 103.247
      vertex -22.3783 -12.1 100.657
    endloop
  endfacet
  facet normal 0 1 0
    outer loop
      vertex -20.7979 -12.1 100.202
      vertex -18.818 -12.1 102.182
      vertex -18.4818 -12.1 101.806
    endloop
  endfacet
  facet normal 0 1 0
    outer loop
      vertex -23.4863 -12.1 103.247
      vertex -22.5615 -12.1 100.605
      vertex -23.9525 -12.1 103.054
    endloop
  endfacet
  facet normal 0 1 0
    outer loop
      vertex -20.6709 -12.1 100.06
      vertex -18.4818 -12.1 101.806
      vertex -18.1897 -12.1 101.394
    endloop
  endfacet
  facet normal 0 1 -0
    outer loop
      vertex -22.7376 -12.1 100.532
      vertex -23.9525 -12.1 103.054
      vertex -22.5615 -12.1 100.605
    endloop
  endfacet
  facet normal 0 1 0
    outer loop
      vertex -20.5606 -12.1 99.9045
      vertex -18.1897 -12.1 101.394
      vertex -17.9456 -12.1 100.952
    endloop
  endfacet
  facet normal 0 1 0
    outer loop
      vertex -23.9525 -12.1 103.054
      vertex -22.7376 -12.1 100.532
      vertex -24.3941 -12.1 102.81
    endloop
  endfacet
  facet normal 0 1 -0
    outer loop
      vertex -22.9045 -12.1 100.439
      vertex -24.3941 -12.1 102.81
      vertex -22.7376 -12.1 100.532
    endloop
  endfacet
  facet normal 0 1 0
    outer loop
      vertex -21.4962 -12.1 103.472
      vertex -21.8097 -12.1 100.689
      vertex -22 -12.1 100.7
    endloop
  endfacet
  facet normal 0 1 0
    outer loop
      vertex -20.9987 -12.1 103.387
      vertex -21.6217 -12.1 100.657
      vertex -21.8097 -12.1 100.689
    endloop
  endfacet
  facet normal 0 1 0
    outer loop
      vertex -20.5137 -12.1 103.247
      vertex -21.4385 -12.1 100.605
      vertex -21.6217 -12.1 100.657
    endloop
  endfacet
  facet normal 0 1 0
    outer loop
      vertex -20.0475 -12.1 103.054
      vertex -21.2624 -12.1 100.532
      vertex -21.4385 -12.1 100.605
    endloop
  endfacet
  facet normal 0 1 0
    outer loop
      vertex -20.4684 -12.1 99.7376
      vertex -17.9456 -12.1 100.952
      vertex -17.7525 -12.1 100.486
    endloop
  endfacet
  facet normal 0 1 0
    outer loop
      vertex -19.6059 -12.1 102.81
      vertex -21.0955 -12.1 100.439
      vertex -21.2624 -12.1 100.532
    endloop
  endfacet
  facet normal 0 1 0
    outer loop
      vertex -19.1943 -12.1 102.518
      vertex -20.9401 -12.1 100.329
      vertex -21.0955 -12.1 100.439
    endloop
  endfacet
  facet normal 0 1 0
    outer loop
      vertex -18.818 -12.1 102.182
      vertex -20.7979 -12.1 100.202
      vertex -20.9401 -12.1 100.329
    endloop
  endfacet
  facet normal 0 1 0
    outer loop
      vertex -18.4818 -12.1 101.806
      vertex -20.6709 -12.1 100.06
      vertex -20.7979 -12.1 100.202
    endloop
  endfacet
  facet normal 0 1 0
    outer loop
      vertex -20.3954 -12.1 99.5615
      vertex -17.7525 -12.1 100.486
      vertex -17.6128 -12.1 100.001
    endloop
  endfacet
  facet normal 0 1 0
    outer loop
      vertex -18.1897 -12.1 101.394
      vertex -20.5606 -12.1 99.9045
      vertex -20.6709 -12.1 100.06
    endloop
  endfacet
  facet normal 0 1 0
    outer loop
      vertex -17.9456 -12.1 100.952
      vertex -20.4684 -12.1 99.7376
      vertex -20.5606 -12.1 99.9045
    endloop
  endfacet
  facet normal 0 1 0
    outer loop
      vertex -17.7525 -12.1 100.486
      vertex -20.3954 -12.1 99.5615
      vertex -20.4684 -12.1 99.7376
    endloop
  endfacet
  facet normal 0 1 0
    outer loop
      vertex -20.3426 -12.1 99.3783
      vertex -17.6128 -12.1 100.001
      vertex -17.5283 -12.1 99.5038
    endloop
  endfacet
  facet normal 0 1 0
    outer loop
      vertex -17.6128 -12.1 100.001
      vertex -20.3426 -12.1 99.3783
      vertex -20.3954 -12.1 99.5615
    endloop
  endfacet
  facet normal 0 1 0
    outer loop
      vertex -17.5283 -12.1 99.5038
      vertex -20.3107 -12.1 99.1903
      vertex -20.3426 -12.1 99.3783
    endloop
  endfacet
  facet normal 0 1 0
    outer loop
      vertex -17.5 -12.1 99
      vertex -20.3107 -12.1 99.1903
      vertex -17.5283 -12.1 99.5038
    endloop
  endfacet
  facet normal 0 1 0
    outer loop
      vertex -17.5 -12.1 99
      vertex -20.3 -12.1 99
      vertex -20.3107 -12.1 99.1903
    endloop
  endfacet
  facet normal 0 1 0
    outer loop
      vertex -17.5 -12.1 99
      vertex -20.3107 -12.1 98.8097
      vertex -20.3 -12.1 99
    endloop
  endfacet
  facet normal 0 1 -0
    outer loop
      vertex -17.5283 -12.1 98.4962
      vertex -20.3107 -12.1 98.8097
      vertex -17.5 -12.1 99
    endloop
  endfacet
  facet normal 0 1 0
    outer loop
      vertex -20.3107 -12.1 98.8097
      vertex -17.5283 -12.1 98.4962
      vertex -20.3426 -12.1 98.6217
    endloop
  endfacet
  facet normal 0 1 -0
    outer loop
      vertex -17.6128 -12.1 97.9987
      vertex -20.3426 -12.1 98.6217
      vertex -17.5283 -12.1 98.4962
    endloop
  endfacet
  facet normal 0 1 0
    outer loop
      vertex -20.3426 -12.1 98.6217
      vertex -17.6128 -12.1 97.9987
      vertex -20.3954 -12.1 98.4385
    endloop
  endfacet
  facet normal 0 1 -0
    outer loop
      vertex -17.7525 -12.1 97.5137
      vertex -20.3954 -12.1 98.4385
      vertex -17.6128 -12.1 97.9987
    endloop
  endfacet
  facet normal 0 1 0
    outer loop
      vertex -20.3954 -12.1 98.4385
      vertex -17.7525 -12.1 97.5137
      vertex -20.4684 -12.1 98.2624
    endloop
  endfacet
  facet normal 0 1 -0
    outer loop
      vertex -17.9456 -12.1 97.0475
      vertex -20.4684 -12.1 98.2624
      vertex -17.7525 -12.1 97.5137
    endloop
  endfacet
  facet normal 0 1 0
    outer loop
      vertex -20.4684 -12.1 98.2624
      vertex -17.9456 -12.1 97.0475
      vertex -20.5606 -12.1 98.0955
    endloop
  endfacet
  facet normal 0 1 -0
    outer loop
      vertex -18.1897 -12.1 96.6059
      vertex -20.5606 -12.1 98.0955
      vertex -17.9456 -12.1 97.0475
    endloop
  endfacet
  facet normal 0 1 0
    outer loop
      vertex -20.5606 -12.1 98.0955
      vertex -18.1897 -12.1 96.6059
      vertex -20.6709 -12.1 97.9401
    endloop
  endfacet
  facet normal 0 1 -0
    outer loop
      vertex -18.4818 -12.1 96.1943
      vertex -20.6709 -12.1 97.9401
      vertex -18.1897 -12.1 96.6059
    endloop
  endfacet
  facet normal 0 1 0
    outer loop
      vertex -20.6709 -12.1 97.9401
      vertex -18.4818 -12.1 96.1943
      vertex -20.7979 -12.1 97.7979
    endloop
  endfacet
  facet normal 0 1 -0
    outer loop
      vertex -18.818 -12.1 95.818
      vertex -20.7979 -12.1 97.7979
      vertex -18.4818 -12.1 96.1943
    endloop
  endfacet
  facet normal 0 1 0
    outer loop
      vertex -20.7979 -12.1 97.7979
      vertex -18.818 -12.1 95.818
      vertex -20.9401 -12.1 97.6709
    endloop
  endfacet
  facet normal 0 1 -0
    outer loop
      vertex -19.1943 -12.1 95.4818
      vertex -20.9401 -12.1 97.6709
      vertex -18.818 -12.1 95.818
    endloop
  endfacet
  facet normal 0 1 0
    outer loop
      vertex -20.9401 -12.1 97.6709
      vertex -19.1943 -12.1 95.4818
      vertex -21.0955 -12.1 97.5606
    endloop
  endfacet
  facet normal 0 1 -0
    outer loop
      vertex -19.6059 -12.1 95.1897
      vertex -21.0955 -12.1 97.5606
      vertex -19.1943 -12.1 95.4818
    endloop
  endfacet
  facet normal 0 1 0
    outer loop
      vertex -24.3941 -12.1 102.81
      vertex -22.9045 -12.1 100.439
      vertex -24.8057 -12.1 102.518
    endloop
  endfacet
  facet normal 0 1 -0
    outer loop
      vertex -23.0599 -12.1 100.329
      vertex -24.8057 -12.1 102.518
      vertex -22.9045 -12.1 100.439
    endloop
  endfacet
  facet normal 0 1 0
    outer loop
      vertex -24.8057 -12.1 102.518
      vertex -23.0599 -12.1 100.329
      vertex -25.182 -12.1 102.182
    endloop
  endfacet
  facet normal 0 1 -0
    outer loop
      vertex -23.2021 -12.1 100.202
      vertex -25.182 -12.1 102.182
      vertex -23.0599 -12.1 100.329
    endloop
  endfacet
  facet normal 0 1 0
    outer loop
      vertex -25.182 -12.1 102.182
      vertex -23.2021 -12.1 100.202
      vertex -25.5182 -12.1 101.806
    endloop
  endfacet
  facet normal 0 1 -0
    outer loop
      vertex -23.3291 -12.1 100.06
      vertex -25.5182 -12.1 101.806
      vertex -23.2021 -12.1 100.202
    endloop
  endfacet
  facet normal 0 1 0
    outer loop
      vertex -25.5182 -12.1 101.806
      vertex -23.3291 -12.1 100.06
      vertex -25.8103 -12.1 101.394
    endloop
  endfacet
  facet normal 0 1 -0
    outer loop
      vertex -23.4394 -12.1 99.9045
      vertex -25.8103 -12.1 101.394
      vertex -23.3291 -12.1 100.06
    endloop
  endfacet
  facet normal 0 1 0
    outer loop
      vertex -25.8103 -12.1 101.394
      vertex -23.4394 -12.1 99.9045
      vertex -26.0544 -12.1 100.952
    endloop
  endfacet
  facet normal 0 1 -0
    outer loop
      vertex -23.5316 -12.1 99.7376
      vertex -26.0544 -12.1 100.952
      vertex -23.4394 -12.1 99.9045
    endloop
  endfacet
  facet normal 0 1 0
    outer loop
      vertex -26.0544 -12.1 100.952
      vertex -23.5316 -12.1 99.7376
      vertex -26.2475 -12.1 100.486
    endloop
  endfacet
  facet normal 0 1 -0
    outer loop
      vertex -23.6046 -12.1 99.5615
      vertex -26.2475 -12.1 100.486
      vertex -23.5316 -12.1 99.7376
    endloop
  endfacet
  facet normal 0 1 0
    outer loop
      vertex -26.2475 -12.1 100.486
      vertex -23.6046 -12.1 99.5615
      vertex -26.3872 -12.1 100.001
    endloop
  endfacet
  facet normal 0 1 -0
    outer loop
      vertex -23.6574 -12.1 99.3783
      vertex -26.3872 -12.1 100.001
      vertex -23.6046 -12.1 99.5615
    endloop
  endfacet
  facet normal 0 1 0
    outer loop
      vertex -26.3872 -12.1 100.001
      vertex -23.6574 -12.1 99.3783
      vertex -26.4717 -12.1 99.5038
    endloop
  endfacet
  facet normal 0 1 -0
    outer loop
      vertex -23.6893 -12.1 99.1903
      vertex -26.4717 -12.1 99.5038
      vertex -23.6574 -12.1 99.3783
    endloop
  endfacet
  facet normal 0 1 -0
    outer loop
      vertex -23.7 -12.1 99
      vertex -26.4717 -12.1 99.5038
      vertex -23.6893 -12.1 99.1903
    endloop
  endfacet
  facet normal 0 1 0
    outer loop
      vertex -23.7 -12.1 99
      vertex -26.5 -12.1 99
      vertex -26.4717 -12.1 99.5038
    endloop
  endfacet
  facet normal 0 1 0
    outer loop
      vertex -23.6893 -12.1 98.8097
      vertex -26.5 -12.1 99
      vertex -23.7 -12.1 99
    endloop
  endfacet
  facet normal 0 1 0
    outer loop
      vertex -26.4717 -12.1 98.4962
      vertex -23.6893 -12.1 98.8097
      vertex -23.6574 -12.1 98.6217
    endloop
  endfacet
  facet normal 0 1 0
    outer loop
      vertex -23.6893 -12.1 98.8097
      vertex -26.4717 -12.1 98.4962
      vertex -26.5 -12.1 99
    endloop
  endfacet
  facet normal 0 1 0
    outer loop
      vertex -26.3872 -12.1 97.9987
      vertex -23.6574 -12.1 98.6217
      vertex -23.6046 -12.1 98.4385
    endloop
  endfacet
  facet normal 0 1 0
    outer loop
      vertex -26.2475 -12.1 97.5137
      vertex -23.6046 -12.1 98.4385
      vertex -23.5316 -12.1 98.2624
    endloop
  endfacet
  facet normal 0 1 0
    outer loop
      vertex -26.0544 -12.1 97.0475
      vertex -23.5316 -12.1 98.2624
      vertex -23.4394 -12.1 98.0955
    endloop
  endfacet
  facet normal 0 1 0
    outer loop
      vertex -23.6574 -12.1 98.6217
      vertex -26.3872 -12.1 97.9987
      vertex -26.4717 -12.1 98.4962
    endloop
  endfacet
  facet normal 0 1 0
    outer loop
      vertex -25.8103 -12.1 96.6059
      vertex -23.4394 -12.1 98.0955
      vertex -23.3291 -12.1 97.9401
    endloop
  endfacet
  facet normal 0 1 0
    outer loop
      vertex -25.5182 -12.1 96.1943
      vertex -23.3291 -12.1 97.9401
      vertex -23.2021 -12.1 97.7979
    endloop
  endfacet
  facet normal 0 1 0
    outer loop
      vertex -25.182 -12.1 95.818
      vertex -23.2021 -12.1 97.7979
      vertex -23.0599 -12.1 97.6709
    endloop
  endfacet
  facet normal 0 1 0
    outer loop
      vertex -24.8057 -12.1 95.4818
      vertex -23.0599 -12.1 97.6709
      vertex -22.9045 -12.1 97.5606
    endloop
  endfacet
  facet normal 0 1 0
    outer loop
      vertex -23.6046 -12.1 98.4385
      vertex -26.2475 -12.1 97.5137
      vertex -26.3872 -12.1 97.9987
    endloop
  endfacet
  facet normal 0 1 0
    outer loop
      vertex -24.3941 -12.1 95.1897
      vertex -22.9045 -12.1 97.5606
      vertex -22.7376 -12.1 97.4684
    endloop
  endfacet
  facet normal 0 1 0
    outer loop
      vertex -23.9525 -12.1 94.9456
      vertex -22.7376 -12.1 97.4684
      vertex -22.5615 -12.1 97.3954
    endloop
  endfacet
  facet normal 0 1 0
    outer loop
      vertex -23.4863 -12.1 94.7525
      vertex -22.5615 -12.1 97.3954
      vertex -22.3783 -12.1 97.3426
    endloop
  endfacet
  facet normal 0 1 0
    outer loop
      vertex -23.0013 -12.1 94.6128
      vertex -22.3783 -12.1 97.3426
      vertex -22.1903 -12.1 97.3107
    endloop
  endfacet
  facet normal 0 1 0
    outer loop
      vertex -22.5038 -12.1 94.5283
      vertex -22.1903 -12.1 97.3107
      vertex -22 -12.1 97.3
    endloop
  endfacet
  facet normal 0 1 0
    outer loop
      vertex -21.0955 -12.1 97.5606
      vertex -19.6059 -12.1 95.1897
      vertex -21.2624 -12.1 97.4684
    endloop
  endfacet
  facet normal 0 1 0
    outer loop
      vertex -23.5316 -12.1 98.2624
      vertex -26.0544 -12.1 97.0475
      vertex -26.2475 -12.1 97.5137
    endloop
  endfacet
  facet normal 0 1 -0
    outer loop
      vertex -20.0475 -12.1 94.9456
      vertex -21.2624 -12.1 97.4684
      vertex -19.6059 -12.1 95.1897
    endloop
  endfacet
  facet normal 0 1 0
    outer loop
      vertex -23.4394 -12.1 98.0955
      vertex -25.8103 -12.1 96.6059
      vertex -26.0544 -12.1 97.0475
    endloop
  endfacet
  facet normal 0 1 0
    outer loop
      vertex -21.2624 -12.1 97.4684
      vertex -20.0475 -12.1 94.9456
      vertex -21.4385 -12.1 97.3954
    endloop
  endfacet
  facet normal 0 1 0
    outer loop
      vertex -23.3291 -12.1 97.9401
      vertex -25.5182 -12.1 96.1943
      vertex -25.8103 -12.1 96.6059
    endloop
  endfacet
  facet normal 0 1 -0
    outer loop
      vertex -20.5137 -12.1 94.7525
      vertex -21.4385 -12.1 97.3954
      vertex -20.0475 -12.1 94.9456
    endloop
  endfacet
  facet normal 0 1 0
    outer loop
      vertex -23.2021 -12.1 97.7979
      vertex -25.182 -12.1 95.818
      vertex -25.5182 -12.1 96.1943
    endloop
  endfacet
  facet normal 0 1 0
    outer loop
      vertex -21.4385 -12.1 97.3954
      vertex -20.5137 -12.1 94.7525
      vertex -21.6217 -12.1 97.3426
    endloop
  endfacet
  facet normal 0 1 0
    outer loop
      vertex -23.0599 -12.1 97.6709
      vertex -24.8057 -12.1 95.4818
      vertex -25.182 -12.1 95.818
    endloop
  endfacet
  facet normal 0 1 -0
    outer loop
      vertex -20.9987 -12.1 94.6128
      vertex -21.6217 -12.1 97.3426
      vertex -20.5137 -12.1 94.7525
    endloop
  endfacet
  facet normal 0 1 0
    outer loop
      vertex -22.9045 -12.1 97.5606
      vertex -24.3941 -12.1 95.1897
      vertex -24.8057 -12.1 95.4818
    endloop
  endfacet
  facet normal 0 1 0
    outer loop
      vertex -21.6217 -12.1 97.3426
      vertex -20.9987 -12.1 94.6128
      vertex -21.8097 -12.1 97.3107
    endloop
  endfacet
  facet normal 0 1 0
    outer loop
      vertex -22.7376 -12.1 97.4684
      vertex -23.9525 -12.1 94.9456
      vertex -24.3941 -12.1 95.1897
    endloop
  endfacet
  facet normal 0 1 -0
    outer loop
      vertex -21.4962 -12.1 94.5283
      vertex -21.8097 -12.1 97.3107
      vertex -20.9987 -12.1 94.6128
    endloop
  endfacet
  facet normal 0 1 0
    outer loop
      vertex -22.5615 -12.1 97.3954
      vertex -23.4863 -12.1 94.7525
      vertex -23.9525 -12.1 94.9456
    endloop
  endfacet
  facet normal 0 1 0
    outer loop
      vertex -21.8097 -12.1 97.3107
      vertex -21.4962 -12.1 94.5283
      vertex -22 -12.1 97.3
    endloop
  endfacet
  facet normal 0 1 0
    outer loop
      vertex -22.3783 -12.1 97.3426
      vertex -23.0013 -12.1 94.6128
      vertex -23.4863 -12.1 94.7525
    endloop
  endfacet
  facet normal 0 1 0
    outer loop
      vertex -22 -12.1 94.5
      vertex -22 -12.1 97.3
      vertex -21.4962 -12.1 94.5283
    endloop
  endfacet
  facet normal 0 1 0
    outer loop
      vertex -22.1903 -12.1 97.3107
      vertex -22.5038 -12.1 94.5283
      vertex -23.0013 -12.1 94.6128
    endloop
  endfacet
  facet normal 0 1 0
    outer loop
      vertex -22 -12.1 97.3
      vertex -22 -12.1 94.5
      vertex -22.5038 -12.1 94.5283
    endloop
  endfacet
  facet normal -0.276788 0 -0.960931
    outer loop
      vertex -23.4863 -14.3 94.7525
      vertex -23.0013 -12.1 94.6128
      vertex -23.0013 -14.3 94.6128
    endloop
  endfacet
  facet normal -0.276788 0 -0.960931
    outer loop
      vertex -23.0013 -12.1 94.6128
      vertex -23.4863 -14.3 94.7525
      vertex -23.4863 -12.1 94.7525
    endloop
  endfacet
  facet normal 0.055492 0 0.998459
    outer loop
      vertex -22 -12.1 103.5
      vertex -21.4962 -14.3 103.472
      vertex -21.4962 -12.1 103.472
    endloop
  endfacet
  facet normal 0.055492 0 0.998459
    outer loop
      vertex -21.4962 -14.3 103.472
      vertex -22 -12.1 103.5
      vertex -22 -14.3 103.5
    endloop
  endfacet
  facet normal 0.277336 0 0.960773
    outer loop
      vertex -20.9987 -12.1 103.387
      vertex -20.5137 -14.3 103.247
      vertex -20.5137 -12.1 103.247
    endloop
  endfacet
  facet normal 0.277336 0 0.960773
    outer loop
      vertex -20.5137 -14.3 103.247
      vertex -20.9987 -12.1 103.387
      vertex -20.9987 -14.3 103.387
    endloop
  endfacet
  facet normal 0.382503 0 0.923954
    outer loop
      vertex -20.5137 -12.1 103.247
      vertex -20.0475 -14.3 103.054
      vertex -20.0475 -12.1 103.054
    endloop
  endfacet
  facet normal 0.382503 0 0.923954
    outer loop
      vertex -20.0475 -14.3 103.054
      vertex -20.5137 -12.1 103.247
      vertex -20.5137 -14.3 103.247
    endloop
  endfacet
  facet normal 0.578611 0 0.815604
    outer loop
      vertex -19.6059 -12.1 102.81
      vertex -19.1943 -14.3 102.518
      vertex -19.1943 -12.1 102.518
    endloop
  endfacet
  facet normal 0.578611 0 0.815604
    outer loop
      vertex -19.1943 -14.3 102.518
      vertex -19.6059 -12.1 102.81
      vertex -19.6059 -14.3 102.81
    endloop
  endfacet
  facet normal 0.483622 0 0.875277
    outer loop
      vertex -20.0475 -12.1 103.054
      vertex -19.6059 -14.3 102.81
      vertex -19.6059 -12.1 102.81
    endloop
  endfacet
  facet normal 0.483622 0 0.875277
    outer loop
      vertex -19.6059 -14.3 102.81
      vertex -20.0475 -12.1 103.054
      vertex -20.0475 -14.3 103.054
    endloop
  endfacet
  facet normal 0.745459 -0 0.666551
    outer loop
      vertex -18.818 -13.3 102.182
      vertex -18.4818 -12.1 101.806
      vertex -18.818 -12.1 102.182
    endloop
  endfacet
  facet normal 0.745459 0 0.666551
    outer loop
      vertex -18.4818 -12.1 101.806
      vertex -18.818 -13.3 102.182
      vertex -18.4818 -13.3 101.806
    endloop
  endfacet
  facet normal 0.815775 -0 0.578369
    outer loop
      vertex -18.4818 -13.3 101.806
      vertex -18.1897 -12.1 101.394
      vertex -18.4818 -12.1 101.806
    endloop
  endfacet
  facet normal 0.815775 0 0.578369
    outer loop
      vertex -18.1897 -12.1 101.394
      vertex -18.4818 -13.3 101.806
      vertex -18.1897 -13.3 101.394
    endloop
  endfacet
  facet normal -0.666035 0 0.74592
    outer loop
      vertex -25.182 -12.1 102.182
      vertex -24.8057 -14.3 102.518
      vertex -24.8057 -12.1 102.518
    endloop
  endfacet
  facet normal -0.666035 0 0.74592
    outer loop
      vertex -24.8057 -14.3 102.518
      vertex -25.182 -12.1 102.182
      vertex -25.182 -14.3 102.182
    endloop
  endfacet
  facet normal -0.578611 0 0.815604
    outer loop
      vertex -24.8057 -12.1 102.518
      vertex -24.3941 -14.3 102.81
      vertex -24.3941 -12.1 102.81
    endloop
  endfacet
  facet normal -0.578611 0 0.815604
    outer loop
      vertex -24.3941 -14.3 102.81
      vertex -24.8057 -12.1 102.518
      vertex -24.8057 -14.3 102.518
    endloop
  endfacet
  facet normal -0.483622 0 0.875277
    outer loop
      vertex -24.3941 -12.1 102.81
      vertex -23.9525 -14.3 103.054
      vertex -23.9525 -12.1 103.054
    endloop
  endfacet
  facet normal -0.483622 0 0.875277
    outer loop
      vertex -23.9525 -14.3 103.054
      vertex -24.3941 -12.1 102.81
      vertex -24.3941 -14.3 102.81
    endloop
  endfacet
  facet normal -0.168414 0 0.985716
    outer loop
      vertex -23.0013 -12.1 103.387
      vertex -22.5038 -14.3 103.472
      vertex -22.5038 -12.1 103.472
    endloop
  endfacet
  facet normal -0.168414 0 0.985716
    outer loop
      vertex -22.5038 -14.3 103.472
      vertex -23.0013 -12.1 103.387
      vertex -23.0013 -14.3 103.387
    endloop
  endfacet
  facet normal -0.923826 0 0.382813
    outer loop
      vertex -26.2475 -14.3 100.486
      vertex -26.0544 -12.1 100.952
      vertex -26.2475 -12.1 100.486
    endloop
  endfacet
  facet normal -0.923826 0 0.382813
    outer loop
      vertex -26.0544 -12.1 100.952
      vertex -26.2475 -14.3 100.486
      vertex -26.0544 -14.3 100.952
    endloop
  endfacet
  facet normal -0.960931 0 0.276788
    outer loop
      vertex -26.3872 -14.3 100.001
      vertex -26.2475 -12.1 100.486
      vertex -26.3872 -12.1 100.001
    endloop
  endfacet
  facet normal -0.960931 0 0.276788
    outer loop
      vertex -26.2475 -12.1 100.486
      vertex -26.3872 -14.3 100.001
      vertex -26.2475 -14.3 100.486
    endloop
  endfacet
  facet normal -0.998426 0 0.0560847
    outer loop
      vertex -26.5 -14.3 99
      vertex -26.4717 -12.1 99.5038
      vertex -26.5 -12.1 99
    endloop
  endfacet
  facet normal -0.998426 0 0.0560847
    outer loop
      vertex -26.4717 -12.1 99.5038
      vertex -26.5 -14.3 99
      vertex -26.4717 -14.3 99.5038
    endloop
  endfacet
  facet normal 0.382673 0 -0.923884
    outer loop
      vertex -20.5137 -14.3 94.7525
      vertex -20.0475 -12.1 94.9456
      vertex -20.0475 -14.3 94.9456
    endloop
  endfacet
  facet normal 0.382673 0 -0.923884
    outer loop
      vertex -20.0475 -12.1 94.9456
      vertex -20.5137 -14.3 94.7525
      vertex -20.5137 -12.1 94.7525
    endloop
  endfacet
  facet normal -0.745723 0 -0.666256
    outer loop
      vertex -25.182 -14.3 95.818
      vertex -25.5182 -12.1 96.1943
      vertex -25.182 -12.1 95.818
    endloop
  endfacet
  facet normal -0.745723 -0 -0.666256
    outer loop
      vertex -25.5182 -12.1 96.1943
      vertex -25.182 -14.3 95.818
      vertex -25.5182 -14.3 96.1943
    endloop
  endfacet
  facet normal -0.578743 0 -0.81551
    outer loop
      vertex -24.8057 -14.3 95.4818
      vertex -24.3941 -12.1 95.1897
      vertex -24.3941 -14.3 95.1897
    endloop
  endfacet
  facet normal -0.578743 0 -0.81551
    outer loop
      vertex -24.3941 -12.1 95.1897
      vertex -24.8057 -14.3 95.4818
      vertex -24.8057 -12.1 95.4818
    endloop
  endfacet
  facet normal 0.168414 0 0.985716
    outer loop
      vertex -21.4962 -12.1 103.472
      vertex -20.9987 -14.3 103.387
      vertex -20.9987 -12.1 103.387
    endloop
  endfacet
  facet normal 0.168414 0 0.985716
    outer loop
      vertex -20.9987 -14.3 103.387
      vertex -21.4962 -12.1 103.472
      vertex -21.4962 -14.3 103.472
    endloop
  endfacet
  facet normal 0.923826 -0 0.382813
    outer loop
      vertex -17.9456 -13.3 100.952
      vertex -17.7525 -12.1 100.486
      vertex -17.9456 -12.1 100.952
    endloop
  endfacet
  facet normal 0.923826 0 0.382813
    outer loop
      vertex -17.7525 -12.1 100.486
      vertex -17.9456 -13.3 100.952
      vertex -17.7525 -13.3 100.486
    endloop
  endfacet
  facet normal 0.985864 -0 0.167549
    outer loop
      vertex -17.6128 -13.3 100.001
      vertex -17.5283 -12.1 99.5038
      vertex -17.6128 -12.1 100.001
    endloop
  endfacet
  facet normal 0.985864 0 0.167549
    outer loop
      vertex -17.5283 -12.1 99.5038
      vertex -17.6128 -13.3 100.001
      vertex -17.5283 -13.3 99.5038
    endloop
  endfacet
  facet normal -0.382503 0 0.923954
    outer loop
      vertex -23.9525 -12.1 103.054
      vertex -23.4863 -14.3 103.247
      vertex -23.4863 -12.1 103.247
    endloop
  endfacet
  facet normal -0.382503 0 0.923954
    outer loop
      vertex -23.4863 -14.3 103.247
      vertex -23.9525 -12.1 103.054
      vertex -23.9525 -14.3 103.054
    endloop
  endfacet
  facet normal -0.055492 0 0.998459
    outer loop
      vertex -22.5038 -12.1 103.472
      vertex -22 -14.3 103.5
      vertex -22 -12.1 103.5
    endloop
  endfacet
  facet normal -0.055492 0 0.998459
    outer loop
      vertex -22 -14.3 103.5
      vertex -22.5038 -12.1 103.472
      vertex -22.5038 -14.3 103.472
    endloop
  endfacet
  facet normal -0.875378 0 0.483439
    outer loop
      vertex -26.0544 -14.3 100.952
      vertex -25.8103 -12.1 101.394
      vertex -26.0544 -12.1 100.952
    endloop
  endfacet
  facet normal -0.875378 0 0.483439
    outer loop
      vertex -25.8103 -12.1 101.394
      vertex -26.0544 -14.3 100.952
      vertex -25.8103 -14.3 101.394
    endloop
  endfacet
  facet normal -0.985864 0 0.167549
    outer loop
      vertex -26.4717 -14.3 99.5038
      vertex -26.3872 -12.1 100.001
      vertex -26.4717 -12.1 99.5038
    endloop
  endfacet
  facet normal -0.985864 0 0.167549
    outer loop
      vertex -26.3872 -12.1 100.001
      vertex -26.4717 -14.3 99.5038
      vertex -26.3872 -14.3 100.001
    endloop
  endfacet
  facet normal 0.998426 -0 0.0560847
    outer loop
      vertex -17.5283 -13.3 99.5038
      vertex -17.5 -12.1 99
      vertex -17.5283 -12.1 99.5038
    endloop
  endfacet
  facet normal 0.998426 0 0.0560847
    outer loop
      vertex -17.5 -12.1 99
      vertex -17.5283 -13.3 99.5038
      vertex -17.5 -13.3 99
    endloop
  endfacet
  facet normal 0.81551 0 -0.578743
    outer loop
      vertex 25.8103 -14.3 96.6059
      vertex 25.5182 -12.1 96.1943
      vertex 25.8103 -12.1 96.6059
    endloop
  endfacet
  facet normal 0.81551 0 -0.578743
    outer loop
      vertex 25.5182 -12.1 96.1943
      vertex 25.8103 -14.3 96.6059
      vertex 25.5182 -14.3 96.1943
    endloop
  endfacet
  facet normal 0.276788 0 -0.960931
    outer loop
      vertex 23.0013 -14.3 94.6128
      vertex 23.4863 -12.1 94.7525
      vertex 23.4863 -14.3 94.7525
    endloop
  endfacet
  facet normal 0.276788 0 -0.960931
    outer loop
      vertex 23.4863 -12.1 94.7525
      vertex 23.0013 -14.3 94.6128
      vertex 23.0013 -12.1 94.6128
    endloop
  endfacet
  facet normal -0.483774 0 -0.875193
    outer loop
      vertex 19.6059 -14.3 95.1897
      vertex 20.0475 -12.1 94.9456
      vertex 20.0475 -14.3 94.9456
    endloop
  endfacet
  facet normal -0.483774 0 -0.875193
    outer loop
      vertex 20.0475 -12.1 94.9456
      vertex 19.6059 -14.3 95.1897
      vertex 19.6059 -12.1 95.1897
    endloop
  endfacet
  facet normal 0.998426 -0 0.0560847
    outer loop
      vertex 26.4717 -14.3 99.5038
      vertex 26.5 -12.1 99
      vertex 26.4717 -12.1 99.5038
    endloop
  endfacet
  facet normal 0.998426 0 0.0560847
    outer loop
      vertex 26.5 -12.1 99
      vertex 26.4717 -14.3 99.5038
      vertex 26.5 -14.3 99
    endloop
  endfacet
  facet normal 0.666256 0 -0.745723
    outer loop
      vertex 24.8057 -14.3 95.4818
      vertex 25.182 -12.1 95.818
      vertex 25.182 -14.3 95.818
    endloop
  endfacet
  facet normal 0.666256 0 -0.745723
    outer loop
      vertex 25.182 -12.1 95.818
      vertex 24.8057 -14.3 95.4818
      vertex 24.8057 -12.1 95.4818
    endloop
  endfacet
  facet normal 0.0560847 0 -0.998426
    outer loop
      vertex 22 -14.3 94.5
      vertex 22.5038 -12.1 94.5283
      vertex 22.5038 -14.3 94.5283
    endloop
  endfacet
  facet normal 0.0560847 0 -0.998426
    outer loop
      vertex 22.5038 -12.1 94.5283
      vertex 22 -14.3 94.5
      vertex 22 -12.1 94.5
    endloop
  endfacet
  facet normal 0.998426 0 -0.0560847
    outer loop
      vertex 26.5 -14.3 99
      vertex 26.4717 -12.1 98.4962
      vertex 26.5 -12.1 99
    endloop
  endfacet
  facet normal 0.998426 0 -0.0560847
    outer loop
      vertex 26.4717 -12.1 98.4962
      vertex 26.5 -14.3 99
      vertex 26.4717 -14.3 98.4962
    endloop
  endfacet
  facet normal 0.923826 -0 0.382813
    outer loop
      vertex 26.0544 -14.3 100.952
      vertex 26.2475 -12.1 100.486
      vertex 26.0544 -12.1 100.952
    endloop
  endfacet
  facet normal 0.923826 0 0.382813
    outer loop
      vertex 26.2475 -12.1 100.486
      vertex 26.0544 -14.3 100.952
      vertex 26.2475 -14.3 100.486
    endloop
  endfacet
  facet normal 0.277336 0 0.960773
    outer loop
      vertex 23.0013 -12.1 103.387
      vertex 23.4863 -14.3 103.247
      vertex 23.4863 -12.1 103.247
    endloop
  endfacet
  facet normal 0.277336 0 0.960773
    outer loop
      vertex 23.4863 -14.3 103.247
      vertex 23.0013 -12.1 103.387
      vertex 23.0013 -14.3 103.387
    endloop
  endfacet
  facet normal 0.98588 0 -0.167451
    outer loop
      vertex 26.4717 -14.3 98.4962
      vertex 26.3872 -12.1 97.9987
      vertex 26.4717 -12.1 98.4962
    endloop
  endfacet
  facet normal 0.98588 0 -0.167451
    outer loop
      vertex 26.3872 -12.1 97.9987
      vertex 26.4717 -14.3 98.4962
      vertex 26.3872 -14.3 97.9987
    endloop
  endfacet
  facet normal 0.745723 0 -0.666256
    outer loop
      vertex 25.5182 -14.3 96.1943
      vertex 25.182 -12.1 95.818
      vertex 25.5182 -12.1 96.1943
    endloop
  endfacet
  facet normal 0.745723 0 -0.666256
    outer loop
      vertex 25.182 -12.1 95.818
      vertex 25.5182 -14.3 96.1943
      vertex 25.182 -14.3 95.818
    endloop
  endfacet
  facet normal -0.0560847 0 -0.998426
    outer loop
      vertex 21.4962 -14.3 94.5283
      vertex 22 -12.1 94.5
      vertex 22 -14.3 94.5
    endloop
  endfacet
  facet normal -0.0560847 0 -0.998426
    outer loop
      vertex 22 -12.1 94.5
      vertex 21.4962 -14.3 94.5283
      vertex 21.4962 -12.1 94.5283
    endloop
  endfacet
  facet normal 0.167451 0 -0.98588
    outer loop
      vertex 22.5038 -14.3 94.5283
      vertex 23.0013 -12.1 94.6128
      vertex 23.0013 -14.3 94.6128
    endloop
  endfacet
  facet normal 0.167451 0 -0.98588
    outer loop
      vertex 23.0013 -12.1 94.6128
      vertex 22.5038 -14.3 94.5283
      vertex 22.5038 -12.1 94.5283
    endloop
  endfacet
  facet normal 0.578743 0 -0.81551
    outer loop
      vertex 24.3941 -14.3 95.1897
      vertex 24.8057 -12.1 95.4818
      vertex 24.8057 -14.3 95.4818
    endloop
  endfacet
  facet normal 0.578743 0 -0.81551
    outer loop
      vertex 24.8057 -12.1 95.4818
      vertex 24.3941 -14.3 95.1897
      vertex 24.3941 -12.1 95.1897
    endloop
  endfacet
  facet normal 0.483774 0 -0.875193
    outer loop
      vertex 23.9525 -14.3 94.9456
      vertex 24.3941 -12.1 95.1897
      vertex 24.3941 -14.3 95.1897
    endloop
  endfacet
  facet normal 0.483774 0 -0.875193
    outer loop
      vertex 24.3941 -12.1 95.1897
      vertex 23.9525 -14.3 94.9456
      vertex 23.9525 -12.1 94.9456
    endloop
  endfacet
  facet normal -0.167451 0 -0.98588
    outer loop
      vertex 20.9987 -14.3 94.6128
      vertex 21.4962 -12.1 94.5283
      vertex 21.4962 -14.3 94.5283
    endloop
  endfacet
  facet normal -0.167451 0 -0.98588
    outer loop
      vertex 21.4962 -12.1 94.5283
      vertex 20.9987 -14.3 94.6128
      vertex 20.9987 -12.1 94.6128
    endloop
  endfacet
  facet normal -0.276788 0 -0.960931
    outer loop
      vertex 20.5137 -14.3 94.7525
      vertex 20.9987 -12.1 94.6128
      vertex 20.9987 -14.3 94.6128
    endloop
  endfacet
  facet normal -0.276788 0 -0.960931
    outer loop
      vertex 20.9987 -12.1 94.6128
      vertex 20.5137 -14.3 94.7525
      vertex 20.5137 -12.1 94.7525
    endloop
  endfacet
  facet normal -0.578743 0 -0.81551
    outer loop
      vertex 19.1943 -14.3 95.4818
      vertex 19.6059 -12.1 95.1897
      vertex 19.6059 -14.3 95.1897
    endloop
  endfacet
  facet normal -0.578743 0 -0.81551
    outer loop
      vertex 19.6059 -12.1 95.1897
      vertex 19.1943 -14.3 95.4818
      vertex 19.1943 -12.1 95.4818
    endloop
  endfacet
  facet normal -0.666267 0 -0.745713
    outer loop
      vertex 19 -14.3 95.6554
      vertex 19.1943 -12.1 95.4818
      vertex 19.1943 -14.3 95.4818
    endloop
  endfacet
  facet normal -0.666267 0 -0.745713
    outer loop
      vertex 19.1943 -12.1 95.4818
      vertex 19 -14.3 95.6554
      vertex 19 -12.1 95.6554
    endloop
  endfacet
  facet normal 0.985864 -0 0.167549
    outer loop
      vertex 26.3872 -14.3 100.001
      vertex 26.4717 -12.1 99.5038
      vertex 26.3872 -12.1 100.001
    endloop
  endfacet
  facet normal 0.985864 0 0.167549
    outer loop
      vertex 26.4717 -12.1 99.5038
      vertex 26.3872 -14.3 100.001
      vertex 26.4717 -14.3 99.5038
    endloop
  endfacet
  facet normal 0.875378 -0 0.483439
    outer loop
      vertex 25.8103 -14.3 101.394
      vertex 26.0544 -12.1 100.952
      vertex 25.8103 -12.1 101.394
    endloop
  endfacet
  facet normal 0.875378 0 0.483439
    outer loop
      vertex 26.0544 -12.1 100.952
      vertex 25.8103 -14.3 101.394
      vertex 26.0544 -14.3 100.952
    endloop
  endfacet
  facet normal 0.168414 0 0.985716
    outer loop
      vertex 22.5038 -12.1 103.472
      vertex 23.0013 -14.3 103.387
      vertex 23.0013 -12.1 103.387
    endloop
  endfacet
  facet normal 0.168414 0 0.985716
    outer loop
      vertex 23.0013 -14.3 103.387
      vertex 22.5038 -12.1 103.472
      vertex 22.5038 -14.3 103.472
    endloop
  endfacet
  facet normal 0.875193 0 -0.483774
    outer loop
      vertex 26.0544 -14.3 97.0475
      vertex 25.8103 -12.1 96.6059
      vertex 26.0544 -12.1 97.0475
    endloop
  endfacet
  facet normal 0.875193 0 -0.483774
    outer loop
      vertex 25.8103 -12.1 96.6059
      vertex 26.0544 -14.3 97.0475
      vertex 25.8103 -14.3 96.6059
    endloop
  endfacet
  facet normal 0.923884 0 -0.382673
    outer loop
      vertex 26.2475 -14.3 97.5137
      vertex 26.0544 -12.1 97.0475
      vertex 26.2475 -12.1 97.5137
    endloop
  endfacet
  facet normal 0.923884 0 -0.382673
    outer loop
      vertex 26.0544 -12.1 97.0475
      vertex 26.2475 -14.3 97.5137
      vertex 26.0544 -14.3 97.0475
    endloop
  endfacet
  facet normal 0.960931 0 -0.276788
    outer loop
      vertex 26.3872 -14.3 97.9987
      vertex 26.2475 -12.1 97.5137
      vertex 26.3872 -12.1 97.9987
    endloop
  endfacet
  facet normal 0.960931 0 -0.276788
    outer loop
      vertex 26.2475 -12.1 97.5137
      vertex 26.3872 -14.3 97.9987
      vertex 26.2475 -14.3 97.5137
    endloop
  endfacet
  facet normal 0.382673 0 -0.923884
    outer loop
      vertex 23.4863 -14.3 94.7525
      vertex 23.9525 -12.1 94.9456
      vertex 23.9525 -14.3 94.9456
    endloop
  endfacet
  facet normal 0.382673 0 -0.923884
    outer loop
      vertex 23.9525 -12.1 94.9456
      vertex 23.4863 -14.3 94.7525
      vertex 23.4863 -12.1 94.7525
    endloop
  endfacet
  facet normal 0 1 0
    outer loop
      vertex 22.5038 -12.1 103.472
      vertex 22.1903 -12.1 100.689
      vertex 22 -12.1 100.7
    endloop
  endfacet
  facet normal 0 1 0
    outer loop
      vertex 25.8103 -12.1 101.394
      vertex 22.3783 -12.1 100.657
      vertex 22.1903 -12.1 100.689
    endloop
  endfacet
  facet normal 0 1 0
    outer loop
      vertex 25.8103 -12.1 101.394
      vertex 22.5615 -12.1 100.605
      vertex 22.3783 -12.1 100.657
    endloop
  endfacet
  facet normal 0 1 0
    outer loop
      vertex 25.8103 -12.1 101.394
      vertex 22.7376 -12.1 100.532
      vertex 22.5615 -12.1 100.605
    endloop
  endfacet
  facet normal 0 1 0
    outer loop
      vertex 23.5316 -12.1 99.7376
      vertex 26.0544 -12.1 100.952
      vertex 26.2475 -12.1 100.486
    endloop
  endfacet
  facet normal 0 1 0
    outer loop
      vertex 25.8103 -12.1 101.394
      vertex 22.9045 -12.1 100.439
      vertex 22.7376 -12.1 100.532
    endloop
  endfacet
  facet normal 0 1 0
    outer loop
      vertex 25.8103 -12.1 101.394
      vertex 23.0599 -12.1 100.329
      vertex 22.9045 -12.1 100.439
    endloop
  endfacet
  facet normal 0 1 0
    outer loop
      vertex 25.8103 -12.1 101.394
      vertex 23.2021 -12.1 100.202
      vertex 23.0599 -12.1 100.329
    endloop
  endfacet
  facet normal 0 1 0
    outer loop
      vertex 25.8103 -12.1 101.394
      vertex 23.3291 -12.1 100.06
      vertex 23.2021 -12.1 100.202
    endloop
  endfacet
  facet normal 0 1 0
    outer loop
      vertex 23.6046 -12.1 99.5615
      vertex 26.2475 -12.1 100.486
      vertex 26.3872 -12.1 100.001
    endloop
  endfacet
  facet normal 0 1 0
    outer loop
      vertex 25.8103 -12.1 101.394
      vertex 23.4394 -12.1 99.9045
      vertex 23.3291 -12.1 100.06
    endloop
  endfacet
  facet normal 0 1 0
    outer loop
      vertex 26.0544 -12.1 100.952
      vertex 23.5316 -12.1 99.7376
      vertex 23.4394 -12.1 99.9045
    endloop
  endfacet
  facet normal 0 1 0
    outer loop
      vertex 26.2475 -12.1 100.486
      vertex 23.6046 -12.1 99.5615
      vertex 23.5316 -12.1 99.7376
    endloop
  endfacet
  facet normal 0 1 0
    outer loop
      vertex 23.6574 -12.1 99.3783
      vertex 26.3872 -12.1 100.001
      vertex 26.4717 -12.1 99.5038
    endloop
  endfacet
  facet normal 0 1 0
    outer loop
      vertex 26.3872 -12.1 100.001
      vertex 23.6574 -12.1 99.3783
      vertex 23.6046 -12.1 99.5615
    endloop
  endfacet
  facet normal 0 1 0
    outer loop
      vertex 26.4717 -12.1 99.5038
      vertex 23.6893 -12.1 99.1903
      vertex 23.6574 -12.1 99.3783
    endloop
  endfacet
  facet normal 0 1 0
    outer loop
      vertex 26.5 -12.1 99
      vertex 23.6893 -12.1 99.1903
      vertex 26.4717 -12.1 99.5038
    endloop
  endfacet
  facet normal 0 1 0
    outer loop
      vertex 26.5 -12.1 99
      vertex 23.7 -12.1 99
      vertex 23.6893 -12.1 99.1903
    endloop
  endfacet
  facet normal 0 1 0
    outer loop
      vertex 26.5 -12.1 99
      vertex 23.6893 -12.1 98.8097
      vertex 23.7 -12.1 99
    endloop
  endfacet
  facet normal 0 1 -0
    outer loop
      vertex 26.4717 -12.1 98.4962
      vertex 23.6893 -12.1 98.8097
      vertex 26.5 -12.1 99
    endloop
  endfacet
  facet normal 0 1 0
    outer loop
      vertex 23.6893 -12.1 98.8097
      vertex 26.4717 -12.1 98.4962
      vertex 23.6574 -12.1 98.6217
    endloop
  endfacet
  facet normal 0 1 -0
    outer loop
      vertex 26.3872 -12.1 97.9987
      vertex 23.6574 -12.1 98.6217
      vertex 26.4717 -12.1 98.4962
    endloop
  endfacet
  facet normal 0 1 0
    outer loop
      vertex 23.6574 -12.1 98.6217
      vertex 26.3872 -12.1 97.9987
      vertex 23.6046 -12.1 98.4385
    endloop
  endfacet
  facet normal 0 1 -0
    outer loop
      vertex 26.2475 -12.1 97.5137
      vertex 23.6046 -12.1 98.4385
      vertex 26.3872 -12.1 97.9987
    endloop
  endfacet
  facet normal 0 1 0
    outer loop
      vertex 23.6046 -12.1 98.4385
      vertex 26.2475 -12.1 97.5137
      vertex 23.5316 -12.1 98.2624
    endloop
  endfacet
  facet normal 0 1 -0
    outer loop
      vertex 26.0544 -12.1 97.0475
      vertex 23.5316 -12.1 98.2624
      vertex 26.2475 -12.1 97.5137
    endloop
  endfacet
  facet normal 0 1 0
    outer loop
      vertex 23.5316 -12.1 98.2624
      vertex 26.0544 -12.1 97.0475
      vertex 23.4394 -12.1 98.0955
    endloop
  endfacet
  facet normal 0 1 -0
    outer loop
      vertex 25.8103 -12.1 96.6059
      vertex 23.4394 -12.1 98.0955
      vertex 26.0544 -12.1 97.0475
    endloop
  endfacet
  facet normal 0 1 0
    outer loop
      vertex 23.4394 -12.1 98.0955
      vertex 25.8103 -12.1 96.6059
      vertex 23.3291 -12.1 97.9401
    endloop
  endfacet
  facet normal 0 1 -0
    outer loop
      vertex 25.5182 -12.1 96.1943
      vertex 23.3291 -12.1 97.9401
      vertex 25.8103 -12.1 96.6059
    endloop
  endfacet
  facet normal 0 1 0
    outer loop
      vertex 23.3291 -12.1 97.9401
      vertex 25.5182 -12.1 96.1943
      vertex 23.2021 -12.1 97.7979
    endloop
  endfacet
  facet normal 0 1 -0
    outer loop
      vertex 25.182 -12.1 95.818
      vertex 23.2021 -12.1 97.7979
      vertex 25.5182 -12.1 96.1943
    endloop
  endfacet
  facet normal 0 1 0
    outer loop
      vertex 23.2021 -12.1 97.7979
      vertex 25.182 -12.1 95.818
      vertex 23.0599 -12.1 97.6709
    endloop
  endfacet
  facet normal 0 1 -0
    outer loop
      vertex 24.8057 -12.1 95.4818
      vertex 23.0599 -12.1 97.6709
      vertex 25.182 -12.1 95.818
    endloop
  endfacet
  facet normal 0 1 0
    outer loop
      vertex 23.0599 -12.1 97.6709
      vertex 24.8057 -12.1 95.4818
      vertex 22.9045 -12.1 97.5606
    endloop
  endfacet
  facet normal 0 1 -0
    outer loop
      vertex 24.3941 -12.1 95.1897
      vertex 22.9045 -12.1 97.5606
      vertex 24.8057 -12.1 95.4818
    endloop
  endfacet
  facet normal 0 1 0
    outer loop
      vertex 22 -12.1 100.7
      vertex 22 -12.1 103.5
      vertex 22.5038 -12.1 103.472
    endloop
  endfacet
  facet normal 0 1 0
    outer loop
      vertex 22.1903 -12.1 100.689
      vertex 22.5038 -12.1 103.472
      vertex 23.0013 -12.1 103.387
    endloop
  endfacet
  facet normal 0 1 0
    outer loop
      vertex 22 -12.1 103.5
      vertex 22 -12.1 100.7
      vertex 21.4962 -12.1 103.472
    endloop
  endfacet
  facet normal 0 1 0
    outer loop
      vertex 22.1903 -12.1 100.689
      vertex 23.0013 -12.1 103.387
      vertex 23.4863 -12.1 103.247
    endloop
  endfacet
  facet normal 0 1 -0
    outer loop
      vertex 21.8097 -12.1 100.689
      vertex 21.4962 -12.1 103.472
      vertex 22 -12.1 100.7
    endloop
  endfacet
  facet normal 0 1 0
    outer loop
      vertex 22.1903 -12.1 100.689
      vertex 23.4863 -12.1 103.247
      vertex 23.9525 -12.1 103.054
    endloop
  endfacet
  facet normal 0 1 0
    outer loop
      vertex 21.4962 -12.1 103.472
      vertex 21.8097 -12.1 100.689
      vertex 20.9987 -12.1 103.387
    endloop
  endfacet
  facet normal 0 1 0
    outer loop
      vertex 22.1903 -12.1 100.689
      vertex 23.9525 -12.1 103.054
      vertex 24.3941 -12.1 102.81
    endloop
  endfacet
  facet normal 0 1 -0
    outer loop
      vertex 21.6217 -12.1 100.657
      vertex 20.9987 -12.1 103.387
      vertex 21.8097 -12.1 100.689
    endloop
  endfacet
  facet normal 0 1 0
    outer loop
      vertex 22.1903 -12.1 100.689
      vertex 24.3941 -12.1 102.81
      vertex 24.8057 -12.1 102.518
    endloop
  endfacet
  facet normal 0 1 0
    outer loop
      vertex 20.9987 -12.1 103.387
      vertex 21.6217 -12.1 100.657
      vertex 20.5137 -12.1 103.247
    endloop
  endfacet
  facet normal 0 1 -0
    outer loop
      vertex 21.4385 -12.1 100.605
      vertex 20.5137 -12.1 103.247
      vertex 21.6217 -12.1 100.657
    endloop
  endfacet
  facet normal 0 1 0
    outer loop
      vertex 22.1903 -12.1 100.689
      vertex 24.8057 -12.1 102.518
      vertex 25.182 -12.1 102.182
    endloop
  endfacet
  facet normal 0 1 0
    outer loop
      vertex 22.1903 -12.1 100.689
      vertex 25.182 -12.1 102.182
      vertex 25.5182 -12.1 101.806
    endloop
  endfacet
  facet normal 0 1 0
    outer loop
      vertex 22.1903 -12.1 100.689
      vertex 25.5182 -12.1 101.806
      vertex 25.8103 -12.1 101.394
    endloop
  endfacet
  facet normal 0 1 0
    outer loop
      vertex 23.4394 -12.1 99.9045
      vertex 25.8103 -12.1 101.394
      vertex 26.0544 -12.1 100.952
    endloop
  endfacet
  facet normal 0 1 0
    outer loop
      vertex 20.5137 -12.1 103.247
      vertex 21.4385 -12.1 100.605
      vertex 20.0475 -12.1 103.054
    endloop
  endfacet
  facet normal 0 1 -0
    outer loop
      vertex 21.2624 -12.1 100.532
      vertex 20.0475 -12.1 103.054
      vertex 21.4385 -12.1 100.605
    endloop
  endfacet
  facet normal 0 1 0
    outer loop
      vertex 20.0475 -12.1 103.054
      vertex 21.2624 -12.1 100.532
      vertex 19.6059 -12.1 102.81
    endloop
  endfacet
  facet normal 0 1 -0
    outer loop
      vertex 21.0955 -12.1 100.439
      vertex 19.6059 -12.1 102.81
      vertex 21.2624 -12.1 100.532
    endloop
  endfacet
  facet normal 0 1 0
    outer loop
      vertex 19.6059 -12.1 102.81
      vertex 21.0955 -12.1 100.439
      vertex 19.1943 -12.1 102.518
    endloop
  endfacet
  facet normal 0 1 -0
    outer loop
      vertex 20.9401 -12.1 100.329
      vertex 19.1943 -12.1 102.518
      vertex 21.0955 -12.1 100.439
    endloop
  endfacet
  facet normal 0 1 0
    outer loop
      vertex 19.1943 -12.1 102.518
      vertex 20.9401 -12.1 100.329
      vertex 19 -12.1 102.345
    endloop
  endfacet
  facet normal 0 1 -0
    outer loop
      vertex 20.7979 -12.1 100.202
      vertex 19 -12.1 102.345
      vertex 20.9401 -12.1 100.329
    endloop
  endfacet
  facet normal 0 1 -0
    outer loop
      vertex 20.6709 -12.1 100.06
      vertex 19 -12.1 102.345
      vertex 20.7979 -12.1 100.202
    endloop
  endfacet
  facet normal 0 1 -0
    outer loop
      vertex 20.5606 -12.1 99.9045
      vertex 19 -12.1 102.345
      vertex 20.6709 -12.1 100.06
    endloop
  endfacet
  facet normal 0 1 -0
    outer loop
      vertex 20.4684 -12.1 99.7376
      vertex 19 -12.1 102.345
      vertex 20.5606 -12.1 99.9045
    endloop
  endfacet
  facet normal 0 1 -0
    outer loop
      vertex 20.3954 -12.1 99.5615
      vertex 19 -12.1 102.345
      vertex 20.4684 -12.1 99.7376
    endloop
  endfacet
  facet normal 0 1 -0
    outer loop
      vertex 20.3426 -12.1 99.3783
      vertex 19 -12.1 102.345
      vertex 20.3954 -12.1 99.5615
    endloop
  endfacet
  facet normal 0 1 -0
    outer loop
      vertex 20.3107 -12.1 99.1903
      vertex 19 -12.1 102.345
      vertex 20.3426 -12.1 99.3783
    endloop
  endfacet
  facet normal 0 1 -0
    outer loop
      vertex 20.3 -12.1 99
      vertex 19 -12.1 102.345
      vertex 20.3107 -12.1 99.1903
    endloop
  endfacet
  facet normal 0 1 0
    outer loop
      vertex 19 -12.1 95.6554
      vertex 20.3 -12.1 99
      vertex 20.3107 -12.1 98.8097
    endloop
  endfacet
  facet normal 0 1 0
    outer loop
      vertex 19 -12.1 95.6554
      vertex 20.3107 -12.1 98.8097
      vertex 20.3426 -12.1 98.6217
    endloop
  endfacet
  facet normal 0 1 0
    outer loop
      vertex 19 -12.1 95.6554
      vertex 20.3426 -12.1 98.6217
      vertex 20.3954 -12.1 98.4385
    endloop
  endfacet
  facet normal 0 1 0
    outer loop
      vertex 22.9045 -12.1 97.5606
      vertex 24.3941 -12.1 95.1897
      vertex 22.7376 -12.1 97.4684
    endloop
  endfacet
  facet normal 0 1 -0
    outer loop
      vertex 23.9525 -12.1 94.9456
      vertex 22.7376 -12.1 97.4684
      vertex 24.3941 -12.1 95.1897
    endloop
  endfacet
  facet normal 0 1 0
    outer loop
      vertex 22.7376 -12.1 97.4684
      vertex 23.9525 -12.1 94.9456
      vertex 22.5615 -12.1 97.3954
    endloop
  endfacet
  facet normal 0 1 -0
    outer loop
      vertex 23.4863 -12.1 94.7525
      vertex 22.5615 -12.1 97.3954
      vertex 23.9525 -12.1 94.9456
    endloop
  endfacet
  facet normal 0 1 0
    outer loop
      vertex 22.5615 -12.1 97.3954
      vertex 23.4863 -12.1 94.7525
      vertex 22.3783 -12.1 97.3426
    endloop
  endfacet
  facet normal 0 1 -0
    outer loop
      vertex 23.0013 -12.1 94.6128
      vertex 22.3783 -12.1 97.3426
      vertex 23.4863 -12.1 94.7525
    endloop
  endfacet
  facet normal 0 1 0
    outer loop
      vertex 22.3783 -12.1 97.3426
      vertex 23.0013 -12.1 94.6128
      vertex 22.1903 -12.1 97.3107
    endloop
  endfacet
  facet normal 0 1 0
    outer loop
      vertex 20.3 -12.1 99
      vertex 19 -12.1 95.6554
      vertex 19 -12.1 102.345
    endloop
  endfacet
  facet normal 0 1 0
    outer loop
      vertex 20.4684 -12.1 98.2624
      vertex 19 -12.1 95.6554
      vertex 20.3954 -12.1 98.4385
    endloop
  endfacet
  facet normal 0 1 0
    outer loop
      vertex 20.5606 -12.1 98.0955
      vertex 19 -12.1 95.6554
      vertex 20.4684 -12.1 98.2624
    endloop
  endfacet
  facet normal 0 1 0
    outer loop
      vertex 20.6709 -12.1 97.9401
      vertex 19 -12.1 95.6554
      vertex 20.5606 -12.1 98.0955
    endloop
  endfacet
  facet normal 0 1 0
    outer loop
      vertex 20.7979 -12.1 97.7979
      vertex 19 -12.1 95.6554
      vertex 20.6709 -12.1 97.9401
    endloop
  endfacet
  facet normal 0 1 0
    outer loop
      vertex 20.9401 -12.1 97.6709
      vertex 19 -12.1 95.6554
      vertex 20.7979 -12.1 97.7979
    endloop
  endfacet
  facet normal 0 1 0
    outer loop
      vertex 19.1943 -12.1 95.4818
      vertex 20.9401 -12.1 97.6709
      vertex 21.0955 -12.1 97.5606
    endloop
  endfacet
  facet normal 0 1 0
    outer loop
      vertex 19.6059 -12.1 95.1897
      vertex 21.0955 -12.1 97.5606
      vertex 21.2624 -12.1 97.4684
    endloop
  endfacet
  facet normal 0 1 -0
    outer loop
      vertex 22.5038 -12.1 94.5283
      vertex 22.1903 -12.1 97.3107
      vertex 23.0013 -12.1 94.6128
    endloop
  endfacet
  facet normal 0 1 0
    outer loop
      vertex 22.1903 -12.1 97.3107
      vertex 22.5038 -12.1 94.5283
      vertex 22 -12.1 97.3
    endloop
  endfacet
  facet normal 0 1 0
    outer loop
      vertex 22 -12.1 94.5
      vertex 22 -12.1 97.3
      vertex 22.5038 -12.1 94.5283
    endloop
  endfacet
  facet normal 0 1 0
    outer loop
      vertex 21.0955 -12.1 97.5606
      vertex 19.6059 -12.1 95.1897
      vertex 19.1943 -12.1 95.4818
    endloop
  endfacet
  facet normal 0 1 0
    outer loop
      vertex 20.9401 -12.1 97.6709
      vertex 19.1943 -12.1 95.4818
      vertex 19 -12.1 95.6554
    endloop
  endfacet
  facet normal 0 1 0
    outer loop
      vertex 22 -12.1 97.3
      vertex 22 -12.1 94.5
      vertex 21.8097 -12.1 97.3107
    endloop
  endfacet
  facet normal 0 1 0
    outer loop
      vertex 21.2624 -12.1 97.4684
      vertex 20.0475 -12.1 94.9456
      vertex 19.6059 -12.1 95.1897
    endloop
  endfacet
  facet normal -0 1 0
    outer loop
      vertex 21.4962 -12.1 94.5283
      vertex 21.8097 -12.1 97.3107
      vertex 22 -12.1 94.5
    endloop
  endfacet
  facet normal 0 1 0
    outer loop
      vertex 21.2624 -12.1 97.4684
      vertex 20.5137 -12.1 94.7525
      vertex 20.0475 -12.1 94.9456
    endloop
  endfacet
  facet normal 0 1 0
    outer loop
      vertex 21.8097 -12.1 97.3107
      vertex 21.4962 -12.1 94.5283
      vertex 21.6217 -12.1 97.3426
    endloop
  endfacet
  facet normal 0 1 0
    outer loop
      vertex 21.4385 -12.1 97.3954
      vertex 20.5137 -12.1 94.7525
      vertex 21.2624 -12.1 97.4684
    endloop
  endfacet
  facet normal -0 1 0
    outer loop
      vertex 20.9987 -12.1 94.6128
      vertex 21.6217 -12.1 97.3426
      vertex 21.4962 -12.1 94.5283
    endloop
  endfacet
  facet normal -0 1 0
    outer loop
      vertex 20.5137 -12.1 94.7525
      vertex 21.4385 -12.1 97.3954
      vertex 20.9987 -12.1 94.6128
    endloop
  endfacet
  facet normal 0 1 0
    outer loop
      vertex 21.6217 -12.1 97.3426
      vertex 20.9987 -12.1 94.6128
      vertex 21.4385 -12.1 97.3954
    endloop
  endfacet
  facet normal -0.382673 0 -0.923884
    outer loop
      vertex 20.0475 -14.3 94.9456
      vertex 20.5137 -12.1 94.7525
      vertex 20.5137 -14.3 94.7525
    endloop
  endfacet
  facet normal -0.382673 0 -0.923884
    outer loop
      vertex 20.5137 -12.1 94.7525
      vertex 20.0475 -14.3 94.9456
      vertex 20.0475 -12.1 94.9456
    endloop
  endfacet
  facet normal 0.578611 0 0.815604
    outer loop
      vertex 24.3941 -12.1 102.81
      vertex 24.8057 -14.3 102.518
      vertex 24.8057 -12.1 102.518
    endloop
  endfacet
  facet normal 0.578611 0 0.815604
    outer loop
      vertex 24.8057 -14.3 102.518
      vertex 24.3941 -12.1 102.81
      vertex 24.3941 -14.3 102.81
    endloop
  endfacet
  facet normal 0.745459 -0 0.666551
    outer loop
      vertex 25.182 -14.3 102.182
      vertex 25.5182 -12.1 101.806
      vertex 25.182 -12.1 102.182
    endloop
  endfacet
  facet normal 0.745459 0 0.666551
    outer loop
      vertex 25.5182 -12.1 101.806
      vertex 25.182 -14.3 102.182
      vertex 25.5182 -14.3 101.806
    endloop
  endfacet
  facet normal 0.055492 0 0.998459
    outer loop
      vertex 22 -12.1 103.5
      vertex 22.5038 -14.3 103.472
      vertex 22.5038 -12.1 103.472
    endloop
  endfacet
  facet normal 0.055492 0 0.998459
    outer loop
      vertex 22.5038 -14.3 103.472
      vertex 22 -12.1 103.5
      vertex 22 -14.3 103.5
    endloop
  endfacet
  facet normal -0.664984 0 0.746858
    outer loop
      vertex 19 -12.1 102.345
      vertex 19.1943 -14.3 102.518
      vertex 19.1943 -12.1 102.518
    endloop
  endfacet
  facet normal -0.664984 0 0.746858
    outer loop
      vertex 19.1943 -14.3 102.518
      vertex 19 -12.1 102.345
      vertex 19 -14.3 102.345
    endloop
  endfacet
  facet normal 0.382503 0 0.923954
    outer loop
      vertex 23.4863 -12.1 103.247
      vertex 23.9525 -14.3 103.054
      vertex 23.9525 -12.1 103.054
    endloop
  endfacet
  facet normal 0.382503 0 0.923954
    outer loop
      vertex 23.9525 -14.3 103.054
      vertex 23.4863 -12.1 103.247
      vertex 23.4863 -14.3 103.247
    endloop
  endfacet
  facet normal 0.960931 -0 0.276788
    outer loop
      vertex 26.2475 -14.3 100.486
      vertex 26.3872 -12.1 100.001
      vertex 26.2475 -12.1 100.486
    endloop
  endfacet
  facet normal 0.960931 0 0.276788
    outer loop
      vertex 26.3872 -12.1 100.001
      vertex 26.2475 -14.3 100.486
      vertex 26.3872 -14.3 100.001
    endloop
  endfacet
  facet normal 0.666035 0 0.74592
    outer loop
      vertex 24.8057 -12.1 102.518
      vertex 25.182 -14.3 102.182
      vertex 25.182 -12.1 102.182
    endloop
  endfacet
  facet normal 0.666035 0 0.74592
    outer loop
      vertex 25.182 -14.3 102.182
      vertex 24.8057 -12.1 102.518
      vertex 24.8057 -14.3 102.518
    endloop
  endfacet
  facet normal 0.815775 -0 0.578369
    outer loop
      vertex 25.5182 -14.3 101.806
      vertex 25.8103 -12.1 101.394
      vertex 25.5182 -12.1 101.806
    endloop
  endfacet
  facet normal 0.815775 0 0.578369
    outer loop
      vertex 25.8103 -12.1 101.394
      vertex 25.5182 -14.3 101.806
      vertex 25.8103 -14.3 101.394
    endloop
  endfacet
  facet normal -0.168414 0 0.985716
    outer loop
      vertex 20.9987 -12.1 103.387
      vertex 21.4962 -14.3 103.472
      vertex 21.4962 -12.1 103.472
    endloop
  endfacet
  facet normal -0.168414 0 0.985716
    outer loop
      vertex 21.4962 -14.3 103.472
      vertex 20.9987 -12.1 103.387
      vertex 20.9987 -14.3 103.387
    endloop
  endfacet
  facet normal 0.483622 0 0.875277
    outer loop
      vertex 23.9525 -12.1 103.054
      vertex 24.3941 -14.3 102.81
      vertex 24.3941 -12.1 102.81
    endloop
  endfacet
  facet normal 0.483622 0 0.875277
    outer loop
      vertex 24.3941 -14.3 102.81
      vertex 23.9525 -12.1 103.054
      vertex 23.9525 -14.3 103.054
    endloop
  endfacet
  facet normal -0.382503 0 0.923954
    outer loop
      vertex 20.0475 -12.1 103.054
      vertex 20.5137 -14.3 103.247
      vertex 20.5137 -12.1 103.247
    endloop
  endfacet
  facet normal -0.382503 0 0.923954
    outer loop
      vertex 20.5137 -14.3 103.247
      vertex 20.0475 -12.1 103.054
      vertex 20.0475 -14.3 103.054
    endloop
  endfacet
  facet normal -0.277336 0 0.960773
    outer loop
      vertex 20.5137 -12.1 103.247
      vertex 20.9987 -14.3 103.387
      vertex 20.9987 -12.1 103.387
    endloop
  endfacet
  facet normal -0.277336 0 0.960773
    outer loop
      vertex 20.9987 -14.3 103.387
      vertex 20.5137 -12.1 103.247
      vertex 20.5137 -14.3 103.247
    endloop
  endfacet
  facet normal -0.578611 0 0.815604
    outer loop
      vertex 19.1943 -12.1 102.518
      vertex 19.6059 -14.3 102.81
      vertex 19.6059 -12.1 102.81
    endloop
  endfacet
  facet normal -0.578611 0 0.815604
    outer loop
      vertex 19.6059 -14.3 102.81
      vertex 19.1943 -12.1 102.518
      vertex 19.1943 -14.3 102.518
    endloop
  endfacet
  facet normal -0.483622 0 0.875277
    outer loop
      vertex 19.6059 -12.1 102.81
      vertex 20.0475 -14.3 103.054
      vertex 20.0475 -12.1 103.054
    endloop
  endfacet
  facet normal -0.483622 0 0.875277
    outer loop
      vertex 20.0475 -14.3 103.054
      vertex 19.6059 -12.1 102.81
      vertex 19.6059 -14.3 102.81
    endloop
  endfacet
  facet normal -0.055492 0 0.998459
    outer loop
      vertex 21.4962 -12.1 103.472
      vertex 22 -14.3 103.5
      vertex 22 -12.1 103.5
    endloop
  endfacet
  facet normal -0.055492 0 0.998459
    outer loop
      vertex 22 -14.3 103.5
      vertex 21.4962 -12.1 103.472
      vertex 21.4962 -14.3 103.472
    endloop
  endfacet
  facet normal 0.998421 0.0561787 0
    outer loop
      vertex 28 -6.7 109
      vertex 27.9748 -6.25214 94
      vertex 27.9748 -6.25214 109
    endloop
  endfacet
  facet normal 0.998421 0.0561787 0
    outer loop
      vertex 27.9748 -6.25214 94
      vertex 28 -6.7 109
      vertex 28 -6.7 94
    endloop
  endfacet
  facet normal -0.998421 -0.0561787 0
    outer loop
      vertex 20.0252 -7.14786 94
      vertex 20 -6.7 109
      vertex 20 -6.7 94
    endloop
  endfacet
  facet normal -0.998421 -0.0561787 0
    outer loop
      vertex 20 -6.7 109
      vertex 20.0252 -7.14786 94
      vertex 20.0252 -7.14786 109
    endloop
  endfacet
  facet normal -0.0560626 0.998427 0
    outer loop
      vertex 24 -2.7 94
      vertex 23.5521 -2.72515 109
      vertex 24 -2.7 109
    endloop
  endfacet
  facet normal -0.0560626 0.998427 0
    outer loop
      vertex 23.5521 -2.72515 109
      vertex 24 -2.7 94
      vertex 23.5521 -2.72515 94
    endloop
  endfacet
  facet normal 0.0561737 -0.998421 0
    outer loop
      vertex 24 -10.7 94
      vertex 24.4479 -10.6748 109
      vertex 24 -10.7 109
    endloop
  endfacet
  facet normal 0.0561737 -0.998421 0
    outer loop
      vertex 24.4479 -10.6748 109
      vertex 24 -10.7 94
      vertex 24.4479 -10.6748 94
    endloop
  endfacet
  facet normal 0.666423 0.745574 -0
    outer loop
      vertex 26.8284 -3.87157 94
      vertex 26.494 -3.57267 109
      vertex 26.8284 -3.87157 109
    endloop
  endfacet
  facet normal 0.666423 0.745574 0
    outer loop
      vertex 26.494 -3.57267 109
      vertex 26.8284 -3.87157 94
      vertex 26.494 -3.57267 94
    endloop
  endfacet
  facet normal -0.745643 0.666346 0
    outer loop
      vertex 20.8727 -4.20604 94
      vertex 21.1716 -3.87157 109
      vertex 21.1716 -3.87157 94
    endloop
  endfacet
  facet normal -0.745643 0.666346 0
    outer loop
      vertex 21.1716 -3.87157 109
      vertex 20.8727 -4.20604 94
      vertex 20.8727 -4.20604 109
    endloop
  endfacet
  facet normal -0.382683 0.92388 0
    outer loop
      vertex 22.6789 -2.92447 94
      vertex 22.2645 -3.09612 109
      vertex 22.6789 -2.92447 109
    endloop
  endfacet
  facet normal -0.382683 0.92388 0
    outer loop
      vertex 22.2645 -3.09612 109
      vertex 22.6789 -2.92447 94
      vertex 22.2645 -3.09612 94
    endloop
  endfacet
  facet normal 0.923926 0.382572 0
    outer loop
      vertex 27.7755 -5.37888 109
      vertex 27.6039 -4.96446 94
      vertex 27.6039 -4.96446 109
    endloop
  endfacet
  facet normal 0.923926 0.382572 0
    outer loop
      vertex 27.6039 -4.96446 94
      vertex 27.7755 -5.37888 109
      vertex 27.7755 -5.37888 94
    endloop
  endfacet
  facet normal 0.985884 0.167428 0
    outer loop
      vertex 27.9748 -6.25214 109
      vertex 27.8997 -5.80992 94
      vertex 27.8997 -5.80992 109
    endloop
  endfacet
  facet normal 0.985884 0.167428 0
    outer loop
      vertex 27.8997 -5.80992 94
      vertex 27.9748 -6.25214 109
      vertex 27.9748 -6.25214 94
    endloop
  endfacet
  facet normal 0.382683 0.92388 -0
    outer loop
      vertex 25.7355 -3.09612 94
      vertex 25.3211 -2.92447 109
      vertex 25.7355 -3.09612 109
    endloop
  endfacet
  facet normal 0.382683 0.92388 0
    outer loop
      vertex 25.3211 -2.92447 109
      vertex 25.7355 -3.09612 94
      vertex 25.3211 -2.92447 94
    endloop
  endfacet
  facet normal 0.483715 0.875226 -0
    outer loop
      vertex 26.1281 -3.3131 94
      vertex 25.7355 -3.09612 109
      vertex 26.1281 -3.3131 109
    endloop
  endfacet
  facet normal 0.483715 0.875226 0
    outer loop
      vertex 25.7355 -3.09612 109
      vertex 26.1281 -3.3131 94
      vertex 25.7355 -3.09612 94
    endloop
  endfacet
  facet normal -0.923926 0.382572 0
    outer loop
      vertex 20.2245 -5.37888 94
      vertex 20.3961 -4.96446 109
      vertex 20.3961 -4.96446 94
    endloop
  endfacet
  facet normal -0.923926 0.382572 0
    outer loop
      vertex 20.3961 -4.96446 109
      vertex 20.2245 -5.37888 94
      vertex 20.2245 -5.37888 109
    endloop
  endfacet
  facet normal -0.875202 0.483758 0
    outer loop
      vertex 20.3961 -4.96446 94
      vertex 20.6131 -4.57187 109
      vertex 20.6131 -4.57187 94
    endloop
  endfacet
  facet normal -0.875202 0.483758 0
    outer loop
      vertex 20.6131 -4.57187 109
      vertex 20.3961 -4.96446 94
      vertex 20.3961 -4.96446 109
    endloop
  endfacet
  facet normal -0.985884 0.167428 0
    outer loop
      vertex 20.0252 -6.25214 94
      vertex 20.1003 -5.80992 109
      vertex 20.1003 -5.80992 94
    endloop
  endfacet
  facet normal -0.985884 0.167428 0
    outer loop
      vertex 20.1003 -5.80992 109
      vertex 20.0252 -6.25214 94
      vertex 20.0252 -6.25214 109
    endloop
  endfacet
  facet normal -0.276858 0.960911 0
    outer loop
      vertex 23.1099 -2.80029 94
      vertex 22.6789 -2.92447 109
      vertex 23.1099 -2.80029 109
    endloop
  endfacet
  facet normal -0.276858 0.960911 0
    outer loop
      vertex 22.6789 -2.92447 109
      vertex 23.1099 -2.80029 94
      vertex 22.6789 -2.92447 94
    endloop
  endfacet
  facet normal 0.960906 0.276876 0
    outer loop
      vertex 27.8997 -5.80992 109
      vertex 27.7755 -5.37888 94
      vertex 27.7755 -5.37888 109
    endloop
  endfacet
  facet normal 0.960906 0.276876 0
    outer loop
      vertex 27.7755 -5.37888 94
      vertex 27.8997 -5.80992 109
      vertex 27.8997 -5.80992 94
    endloop
  endfacet
  facet normal 0.81553 0.578715 0
    outer loop
      vertex 27.3869 -4.57187 109
      vertex 27.1273 -4.20604 94
      vertex 27.1273 -4.20604 109
    endloop
  endfacet
  facet normal 0.81553 0.578715 0
    outer loop
      vertex 27.1273 -4.20604 94
      vertex 27.3869 -4.57187 109
      vertex 27.3869 -4.57187 94
    endloop
  endfacet
  facet normal 0.745643 0.666346 0
    outer loop
      vertex 27.1273 -4.20604 109
      vertex 26.8284 -3.87157 94
      vertex 26.8284 -3.87157 109
    endloop
  endfacet
  facet normal 0.745643 0.666346 0
    outer loop
      vertex 26.8284 -3.87157 94
      vertex 27.1273 -4.20604 109
      vertex 27.1273 -4.20604 94
    endloop
  endfacet
  facet normal 0.875202 0.483758 0
    outer loop
      vertex 27.6039 -4.96446 109
      vertex 27.3869 -4.57187 94
      vertex 27.3869 -4.57187 109
    endloop
  endfacet
  facet normal 0.875202 0.483758 0
    outer loop
      vertex 27.3869 -4.57187 94
      vertex 27.6039 -4.96446 109
      vertex 27.6039 -4.96446 94
    endloop
  endfacet
  facet normal 0.167522 0.985868 -0
    outer loop
      vertex 24.8901 -2.80029 94
      vertex 24.4479 -2.72515 109
      vertex 24.8901 -2.80029 109
    endloop
  endfacet
  facet normal 0.167522 0.985868 0
    outer loop
      vertex 24.4479 -2.72515 109
      vertex 24.8901 -2.80029 94
      vertex 24.4479 -2.72515 94
    endloop
  endfacet
  facet normal 0.0560626 0.998427 -0
    outer loop
      vertex 24.4479 -2.72515 94
      vertex 24 -2.7 109
      vertex 24.4479 -2.72515 109
    endloop
  endfacet
  facet normal 0.0560626 0.998427 0
    outer loop
      vertex 24 -2.7 109
      vertex 24.4479 -2.72515 94
      vertex 24 -2.7 94
    endloop
  endfacet
  facet normal 0.578597 0.815613 -0
    outer loop
      vertex 26.494 -3.57267 94
      vertex 26.1281 -3.3131 109
      vertex 26.494 -3.57267 109
    endloop
  endfacet
  facet normal 0.578597 0.815613 0
    outer loop
      vertex 26.1281 -3.3131 109
      vertex 26.494 -3.57267 94
      vertex 26.1281 -3.3131 94
    endloop
  endfacet
  facet normal 0 0 -1
    outer loop
      vertex 26.6 -6.7 94
      vertex 28 -6.7 94
      vertex 27.9748 -7.14786 94
    endloop
  endfacet
  facet normal 0 0 -1
    outer loop
      vertex 26.5837 -6.99111 94
      vertex 27.9748 -7.14786 94
      vertex 27.8997 -7.59008 94
    endloop
  endfacet
  facet normal 0 0 -1
    outer loop
      vertex 28 -6.7 94
      vertex 26.6 -6.7 94
      vertex 27.9748 -6.25214 94
    endloop
  endfacet
  facet normal 0 0 -1
    outer loop
      vertex 26.5348 -7.27855 94
      vertex 27.8997 -7.59008 94
      vertex 27.7755 -8.02112 94
    endloop
  endfacet
  facet normal 0 0 -1
    outer loop
      vertex 26.5837 -6.40889 94
      vertex 27.9748 -6.25214 94
      vertex 26.6 -6.7 94
    endloop
  endfacet
  facet normal 0 0 -1
    outer loop
      vertex 26.4541 -7.55873 94
      vertex 27.7755 -8.02112 94
      vertex 27.6039 -8.43553 94
    endloop
  endfacet
  facet normal -0 0 -1
    outer loop
      vertex 27.9748 -6.25214 94
      vertex 26.5837 -6.40889 94
      vertex 27.8997 -5.80992 94
    endloop
  endfacet
  facet normal 0 0 -1
    outer loop
      vertex 26.3425 -7.8281 94
      vertex 27.6039 -8.43553 94
      vertex 27.3869 -8.82813 94
    endloop
  endfacet
  facet normal 0 0 -1
    outer loop
      vertex 26.5348 -6.12144 94
      vertex 27.8997 -5.80992 94
      vertex 26.5837 -6.40889 94
    endloop
  endfacet
  facet normal 0 0 -1
    outer loop
      vertex 26.2015 -8.08328 94
      vertex 27.3869 -8.82813 94
      vertex 27.1273 -9.19396 94
    endloop
  endfacet
  facet normal -0 0 -1
    outer loop
      vertex 27.8997 -5.80992 94
      vertex 26.5348 -6.12144 94
      vertex 27.7755 -5.37888 94
    endloop
  endfacet
  facet normal 0 0 -1
    outer loop
      vertex 26.0328 -8.32107 94
      vertex 27.1273 -9.19396 94
      vertex 26.8284 -9.52843 94
    endloop
  endfacet
  facet normal 0 0 -1
    outer loop
      vertex 26.4541 -5.84127 94
      vertex 27.7755 -5.37888 94
      vertex 26.5348 -6.12144 94
    endloop
  endfacet
  facet normal -0 0 -1
    outer loop
      vertex 27.7755 -5.37888 94
      vertex 26.4541 -5.84127 94
      vertex 27.6039 -4.96446 94
    endloop
  endfacet
  facet normal 0 0 -1
    outer loop
      vertex 27.9748 -7.14786 94
      vertex 26.5837 -6.99111 94
      vertex 26.6 -6.7 94
    endloop
  endfacet
  facet normal 0 0 -1
    outer loop
      vertex 27.8997 -7.59008 94
      vertex 26.5348 -7.27855 94
      vertex 26.5837 -6.99111 94
    endloop
  endfacet
  facet normal 0 0 -1
    outer loop
      vertex 25.8385 -8.53848 94
      vertex 26.8284 -9.52843 94
      vertex 26.494 -9.82733 94
    endloop
  endfacet
  facet normal 0 0 -1
    outer loop
      vertex 27.7755 -8.02112 94
      vertex 26.4541 -7.55873 94
      vertex 26.5348 -7.27855 94
    endloop
  endfacet
  facet normal 0 0 -1
    outer loop
      vertex 27.6039 -8.43553 94
      vertex 26.3425 -7.8281 94
      vertex 26.4541 -7.55873 94
    endloop
  endfacet
  facet normal 0 0 -1
    outer loop
      vertex 27.3869 -8.82813 94
      vertex 26.2015 -8.08328 94
      vertex 26.3425 -7.8281 94
    endloop
  endfacet
  facet normal 0 0 -1
    outer loop
      vertex 25.6211 -8.73276 94
      vertex 26.494 -9.82733 94
      vertex 26.1281 -10.0869 94
    endloop
  endfacet
  facet normal 0 0 -1
    outer loop
      vertex 27.1273 -9.19396 94
      vertex 26.0328 -8.32107 94
      vertex 26.2015 -8.08328 94
    endloop
  endfacet
  facet normal 0 0 -1
    outer loop
      vertex 26.8284 -9.52843 94
      vertex 25.8385 -8.53848 94
      vertex 26.0328 -8.32107 94
    endloop
  endfacet
  facet normal 0 0 -1
    outer loop
      vertex 25.3833 -8.90148 94
      vertex 26.1281 -10.0869 94
      vertex 25.7355 -10.3039 94
    endloop
  endfacet
  facet normal 0 0 -1
    outer loop
      vertex 26.494 -9.82733 94
      vertex 25.6211 -8.73276 94
      vertex 25.8385 -8.53848 94
    endloop
  endfacet
  facet normal 0 0 -1
    outer loop
      vertex 26.1281 -10.0869 94
      vertex 25.3833 -8.90148 94
      vertex 25.6211 -8.73276 94
    endloop
  endfacet
  facet normal 0 0 -1
    outer loop
      vertex 25.1281 -9.04252 94
      vertex 25.7355 -10.3039 94
      vertex 25.3211 -10.4755 94
    endloop
  endfacet
  facet normal 0 0 -1
    outer loop
      vertex 25.7355 -10.3039 94
      vertex 25.1281 -9.04252 94
      vertex 25.3833 -8.90148 94
    endloop
  endfacet
  facet normal 0 0 -1
    outer loop
      vertex 24.8587 -9.1541 94
      vertex 25.3211 -10.4755 94
      vertex 24.8901 -10.5997 94
    endloop
  endfacet
  facet normal 0 0 -1
    outer loop
      vertex 25.3211 -10.4755 94
      vertex 24.8587 -9.1541 94
      vertex 25.1281 -9.04252 94
    endloop
  endfacet
  facet normal 0 0 -1
    outer loop
      vertex 24.8901 -10.5997 94
      vertex 24.5786 -9.23481 94
      vertex 24.8587 -9.1541 94
    endloop
  endfacet
  facet normal 0 0 -1
    outer loop
      vertex 24.4479 -10.6748 94
      vertex 24.5786 -9.23481 94
      vertex 24.8901 -10.5997 94
    endloop
  endfacet
  facet normal 0 0 -1
    outer loop
      vertex 24.4479 -10.6748 94
      vertex 24.2911 -9.28365 94
      vertex 24.5786 -9.23481 94
    endloop
  endfacet
  facet normal 0 0 -1
    outer loop
      vertex 24 -10.7 94
      vertex 24.2911 -9.28365 94
      vertex 24.4479 -10.6748 94
    endloop
  endfacet
  facet normal 0 0 -1
    outer loop
      vertex 24 -10.7 94
      vertex 24 -9.3 94
      vertex 24.2911 -9.28365 94
    endloop
  endfacet
  facet normal 0 0 -1
    outer loop
      vertex 24 -10.7 94
      vertex 23.7089 -9.28365 94
      vertex 24 -9.3 94
    endloop
  endfacet
  facet normal 0 0 -1
    outer loop
      vertex 23.5521 -10.6748 94
      vertex 23.7089 -9.28365 94
      vertex 24 -10.7 94
    endloop
  endfacet
  facet normal 0 0 -1
    outer loop
      vertex 23.5521 -10.6748 94
      vertex 23.4214 -9.23481 94
      vertex 23.7089 -9.28365 94
    endloop
  endfacet
  facet normal 0 0 -1
    outer loop
      vertex 23.1099 -10.5997 94
      vertex 23.4214 -9.23481 94
      vertex 23.5521 -10.6748 94
    endloop
  endfacet
  facet normal -0 0 -1
    outer loop
      vertex 23.4214 -9.23481 94
      vertex 23.1099 -10.5997 94
      vertex 23.1413 -9.1541 94
    endloop
  endfacet
  facet normal 0 0 -1
    outer loop
      vertex 22.6789 -10.4755 94
      vertex 23.1413 -9.1541 94
      vertex 23.1099 -10.5997 94
    endloop
  endfacet
  facet normal -0 0 -1
    outer loop
      vertex 23.1413 -9.1541 94
      vertex 22.6789 -10.4755 94
      vertex 22.8719 -9.04252 94
    endloop
  endfacet
  facet normal 0 0 -1
    outer loop
      vertex 22.2645 -10.3039 94
      vertex 22.8719 -9.04252 94
      vertex 22.6789 -10.4755 94
    endloop
  endfacet
  facet normal -0 0 -1
    outer loop
      vertex 22.8719 -9.04252 94
      vertex 22.2645 -10.3039 94
      vertex 22.6167 -8.90148 94
    endloop
  endfacet
  facet normal 0 0 -1
    outer loop
      vertex 21.8719 -10.0869 94
      vertex 22.6167 -8.90148 94
      vertex 22.2645 -10.3039 94
    endloop
  endfacet
  facet normal -0 0 -1
    outer loop
      vertex 22.6167 -8.90148 94
      vertex 21.8719 -10.0869 94
      vertex 22.3789 -8.73276 94
    endloop
  endfacet
  facet normal 0 0 -1
    outer loop
      vertex 21.506 -9.82733 94
      vertex 22.3789 -8.73276 94
      vertex 21.8719 -10.0869 94
    endloop
  endfacet
  facet normal -0 0 -1
    outer loop
      vertex 22.3789 -8.73276 94
      vertex 21.506 -9.82733 94
      vertex 22.1615 -8.53848 94
    endloop
  endfacet
  facet normal 0 0 -1
    outer loop
      vertex 21.1716 -9.52843 94
      vertex 22.1615 -8.53848 94
      vertex 21.506 -9.82733 94
    endloop
  endfacet
  facet normal -0 0 -1
    outer loop
      vertex 22.1615 -8.53848 94
      vertex 21.1716 -9.52843 94
      vertex 21.9672 -8.32107 94
    endloop
  endfacet
  facet normal 0 0 -1
    outer loop
      vertex 20.8727 -9.19396 94
      vertex 21.9672 -8.32107 94
      vertex 21.1716 -9.52843 94
    endloop
  endfacet
  facet normal -0 0 -1
    outer loop
      vertex 21.9672 -8.32107 94
      vertex 20.8727 -9.19396 94
      vertex 21.7985 -8.08328 94
    endloop
  endfacet
  facet normal 0 0 -1
    outer loop
      vertex 20.6131 -8.82813 94
      vertex 21.7985 -8.08328 94
      vertex 20.8727 -9.19396 94
    endloop
  endfacet
  facet normal -0 0 -1
    outer loop
      vertex 21.7985 -8.08328 94
      vertex 20.6131 -8.82813 94
      vertex 21.6575 -7.8281 94
    endloop
  endfacet
  facet normal 0 0 -1
    outer loop
      vertex 20.3961 -8.43553 94
      vertex 21.6575 -7.8281 94
      vertex 20.6131 -8.82813 94
    endloop
  endfacet
  facet normal -0 0 -1
    outer loop
      vertex 21.6575 -7.8281 94
      vertex 20.3961 -8.43553 94
      vertex 21.5459 -7.55873 94
    endloop
  endfacet
  facet normal 0 0 -1
    outer loop
      vertex 26.3425 -5.5719 94
      vertex 27.6039 -4.96446 94
      vertex 26.4541 -5.84127 94
    endloop
  endfacet
  facet normal -0 0 -1
    outer loop
      vertex 27.6039 -4.96446 94
      vertex 26.3425 -5.5719 94
      vertex 27.3869 -4.57187 94
    endloop
  endfacet
  facet normal 0 0 -1
    outer loop
      vertex 26.2015 -5.31672 94
      vertex 27.3869 -4.57187 94
      vertex 26.3425 -5.5719 94
    endloop
  endfacet
  facet normal -0 0 -1
    outer loop
      vertex 27.3869 -4.57187 94
      vertex 26.2015 -5.31672 94
      vertex 27.1273 -4.20604 94
    endloop
  endfacet
  facet normal 0 0 -1
    outer loop
      vertex 26.0328 -5.07893 94
      vertex 27.1273 -4.20604 94
      vertex 26.2015 -5.31672 94
    endloop
  endfacet
  facet normal -0 0 -1
    outer loop
      vertex 27.1273 -4.20604 94
      vertex 26.0328 -5.07893 94
      vertex 26.8284 -3.87157 94
    endloop
  endfacet
  facet normal 0 0 -1
    outer loop
      vertex 25.8385 -4.86152 94
      vertex 26.8284 -3.87157 94
      vertex 26.0328 -5.07893 94
    endloop
  endfacet
  facet normal -0 0 -1
    outer loop
      vertex 26.8284 -3.87157 94
      vertex 25.8385 -4.86152 94
      vertex 26.494 -3.57267 94
    endloop
  endfacet
  facet normal 0 0 -1
    outer loop
      vertex 25.6211 -4.66724 94
      vertex 26.494 -3.57267 94
      vertex 25.8385 -4.86152 94
    endloop
  endfacet
  facet normal -0 0 -1
    outer loop
      vertex 26.494 -3.57267 94
      vertex 25.6211 -4.66724 94
      vertex 26.1281 -3.3131 94
    endloop
  endfacet
  facet normal 0 0 -1
    outer loop
      vertex 25.3833 -4.49852 94
      vertex 26.1281 -3.3131 94
      vertex 25.6211 -4.66724 94
    endloop
  endfacet
  facet normal -0 0 -1
    outer loop
      vertex 26.1281 -3.3131 94
      vertex 25.3833 -4.49852 94
      vertex 25.7355 -3.09612 94
    endloop
  endfacet
  facet normal 0 0 -1
    outer loop
      vertex 25.1281 -4.35748 94
      vertex 25.7355 -3.09612 94
      vertex 25.3833 -4.49852 94
    endloop
  endfacet
  facet normal -0 0 -1
    outer loop
      vertex 25.7355 -3.09612 94
      vertex 25.1281 -4.35748 94
      vertex 25.3211 -2.92447 94
    endloop
  endfacet
  facet normal 0 0 -1
    outer loop
      vertex 24.8587 -4.2459 94
      vertex 25.3211 -2.92447 94
      vertex 25.1281 -4.35748 94
    endloop
  endfacet
  facet normal -0 0 -1
    outer loop
      vertex 25.3211 -2.92447 94
      vertex 24.8587 -4.2459 94
      vertex 24.8901 -2.80029 94
    endloop
  endfacet
  facet normal 0 0 -1
    outer loop
      vertex 24.5786 -4.16519 94
      vertex 24.8901 -2.80029 94
      vertex 24.8587 -4.2459 94
    endloop
  endfacet
  facet normal 0 0 -1
    outer loop
      vertex 24.5786 -4.16519 94
      vertex 24.4479 -2.72515 94
      vertex 24.8901 -2.80029 94
    endloop
  endfacet
  facet normal 0 0 -1
    outer loop
      vertex 24.2911 -4.11635 94
      vertex 24.4479 -2.72515 94
      vertex 24.5786 -4.16519 94
    endloop
  endfacet
  facet normal 0 0 -1
    outer loop
      vertex 24 -4.1 94
      vertex 24.4479 -2.72515 94
      vertex 24.2911 -4.11635 94
    endloop
  endfacet
  facet normal 0 0 -1
    outer loop
      vertex 24 -4.1 94
      vertex 24 -2.7 94
      vertex 24.4479 -2.72515 94
    endloop
  endfacet
  facet normal 0 0 -1
    outer loop
      vertex 23.7089 -4.11635 94
      vertex 24 -2.7 94
      vertex 24 -4.1 94
    endloop
  endfacet
  facet normal 0 0 -1
    outer loop
      vertex 23.7089 -4.11635 94
      vertex 23.5521 -2.72515 94
      vertex 24 -2.7 94
    endloop
  endfacet
  facet normal 0 0 -1
    outer loop
      vertex 23.4214 -4.16519 94
      vertex 23.5521 -2.72515 94
      vertex 23.7089 -4.11635 94
    endloop
  endfacet
  facet normal 0 0 -1
    outer loop
      vertex 23.1099 -2.80029 94
      vertex 23.4214 -4.16519 94
      vertex 23.1413 -4.2459 94
    endloop
  endfacet
  facet normal 0 0 -1
    outer loop
      vertex 23.4214 -4.16519 94
      vertex 23.1099 -2.80029 94
      vertex 23.5521 -2.72515 94
    endloop
  endfacet
  facet normal 0 0 -1
    outer loop
      vertex 22.6789 -2.92447 94
      vertex 23.1413 -4.2459 94
      vertex 22.8719 -4.35748 94
    endloop
  endfacet
  facet normal 0 0 -1
    outer loop
      vertex 23.1413 -4.2459 94
      vertex 22.6789 -2.92447 94
      vertex 23.1099 -2.80029 94
    endloop
  endfacet
  facet normal 0 0 -1
    outer loop
      vertex 22.2645 -3.09612 94
      vertex 22.8719 -4.35748 94
      vertex 22.6167 -4.49852 94
    endloop
  endfacet
  facet normal 0 0 -1
    outer loop
      vertex 21.8719 -3.3131 94
      vertex 22.6167 -4.49852 94
      vertex 22.3789 -4.66724 94
    endloop
  endfacet
  facet normal 0 0 -1
    outer loop
      vertex 22.8719 -4.35748 94
      vertex 22.2645 -3.09612 94
      vertex 22.6789 -2.92447 94
    endloop
  endfacet
  facet normal 0 0 -1
    outer loop
      vertex 21.506 -3.57267 94
      vertex 22.3789 -4.66724 94
      vertex 22.1615 -4.86152 94
    endloop
  endfacet
  facet normal 0 0 -1
    outer loop
      vertex 21.1716 -3.87157 94
      vertex 22.1615 -4.86152 94
      vertex 21.9672 -5.07893 94
    endloop
  endfacet
  facet normal 0 0 -1
    outer loop
      vertex 22.6167 -4.49852 94
      vertex 21.8719 -3.3131 94
      vertex 22.2645 -3.09612 94
    endloop
  endfacet
  facet normal 0 0 -1
    outer loop
      vertex 20.8727 -4.20604 94
      vertex 21.9672 -5.07893 94
      vertex 21.7985 -5.31672 94
    endloop
  endfacet
  facet normal 0 0 -1
    outer loop
      vertex 20.6131 -4.57187 94
      vertex 21.7985 -5.31672 94
      vertex 21.6575 -5.5719 94
    endloop
  endfacet
  facet normal 0 0 -1
    outer loop
      vertex 20.3961 -4.96446 94
      vertex 21.6575 -5.5719 94
      vertex 21.5459 -5.84127 94
    endloop
  endfacet
  facet normal 0 0 -1
    outer loop
      vertex 22.3789 -4.66724 94
      vertex 21.506 -3.57267 94
      vertex 21.8719 -3.3131 94
    endloop
  endfacet
  facet normal 0 0 -1
    outer loop
      vertex 20.2245 -5.37888 94
      vertex 21.5459 -5.84127 94
      vertex 21.4652 -6.12144 94
    endloop
  endfacet
  facet normal 0 0 -1
    outer loop
      vertex 20.1003 -5.80992 94
      vertex 21.4652 -6.12144 94
      vertex 21.4163 -6.40889 94
    endloop
  endfacet
  facet normal 0 0 -1
    outer loop
      vertex 20.0252 -6.25214 94
      vertex 21.4163 -6.40889 94
      vertex 21.4 -6.7 94
    endloop
  endfacet
  facet normal 0 0 -1
    outer loop
      vertex 20.2245 -8.02112 94
      vertex 21.5459 -7.55873 94
      vertex 20.3961 -8.43553 94
    endloop
  endfacet
  facet normal 0 0 -1
    outer loop
      vertex 22.1615 -4.86152 94
      vertex 21.1716 -3.87157 94
      vertex 21.506 -3.57267 94
    endloop
  endfacet
  facet normal -0 0 -1
    outer loop
      vertex 21.5459 -7.55873 94
      vertex 20.2245 -8.02112 94
      vertex 21.4652 -7.27855 94
    endloop
  endfacet
  facet normal 0 0 -1
    outer loop
      vertex 21.9672 -5.07893 94
      vertex 20.8727 -4.20604 94
      vertex 21.1716 -3.87157 94
    endloop
  endfacet
  facet normal 0 0 -1
    outer loop
      vertex 20.1003 -7.59008 94
      vertex 21.4652 -7.27855 94
      vertex 20.2245 -8.02112 94
    endloop
  endfacet
  facet normal 0 0 -1
    outer loop
      vertex 21.7985 -5.31672 94
      vertex 20.6131 -4.57187 94
      vertex 20.8727 -4.20604 94
    endloop
  endfacet
  facet normal -0 0 -1
    outer loop
      vertex 21.4652 -7.27855 94
      vertex 20.1003 -7.59008 94
      vertex 21.4163 -6.99111 94
    endloop
  endfacet
  facet normal 0 0 -1
    outer loop
      vertex 21.6575 -5.5719 94
      vertex 20.3961 -4.96446 94
      vertex 20.6131 -4.57187 94
    endloop
  endfacet
  facet normal 0 0 -1
    outer loop
      vertex 20.0252 -7.14786 94
      vertex 21.4163 -6.99111 94
      vertex 20.1003 -7.59008 94
    endloop
  endfacet
  facet normal 0 0 -1
    outer loop
      vertex 21.5459 -5.84127 94
      vertex 20.2245 -5.37888 94
      vertex 20.3961 -4.96446 94
    endloop
  endfacet
  facet normal -0 0 -1
    outer loop
      vertex 21.4163 -6.99111 94
      vertex 20.0252 -7.14786 94
      vertex 21.4 -6.7 94
    endloop
  endfacet
  facet normal 0 0 -1
    outer loop
      vertex 21.4652 -6.12144 94
      vertex 20.1003 -5.80992 94
      vertex 20.2245 -5.37888 94
    endloop
  endfacet
  facet normal 0 0 -1
    outer loop
      vertex 20 -6.7 94
      vertex 21.4 -6.7 94
      vertex 20.0252 -7.14786 94
    endloop
  endfacet
  facet normal 0 0 -1
    outer loop
      vertex 21.4163 -6.40889 94
      vertex 20.0252 -6.25214 94
      vertex 20.1003 -5.80992 94
    endloop
  endfacet
  facet normal 0 0 -1
    outer loop
      vertex 21.4 -6.7 94
      vertex 20 -6.7 94
      vertex 20.0252 -6.25214 94
    endloop
  endfacet
  facet normal -0.960906 0.276876 0
    outer loop
      vertex 20.1003 -5.80992 94
      vertex 20.2245 -5.37888 109
      vertex 20.2245 -5.37888 94
    endloop
  endfacet
  facet normal -0.960906 0.276876 0
    outer loop
      vertex 20.2245 -5.37888 109
      vertex 20.1003 -5.80992 94
      vertex 20.1003 -5.80992 109
    endloop
  endfacet
  facet normal -0.998421 0.0561787 0
    outer loop
      vertex 20 -6.7 94
      vertex 20.0252 -6.25214 109
      vertex 20.0252 -6.25214 94
    endloop
  endfacet
  facet normal -0.998421 0.0561787 0
    outer loop
      vertex 20.0252 -6.25214 109
      vertex 20 -6.7 94
      vertex 20 -6.7 109
    endloop
  endfacet
  facet normal -0.578597 0.815613 0
    outer loop
      vertex 21.8719 -3.3131 94
      vertex 21.506 -3.57267 109
      vertex 21.8719 -3.3131 109
    endloop
  endfacet
  facet normal -0.578597 0.815613 0
    outer loop
      vertex 21.506 -3.57267 109
      vertex 21.8719 -3.3131 94
      vertex 21.506 -3.57267 94
    endloop
  endfacet
  facet normal -0.167522 0.985868 0
    outer loop
      vertex 23.5521 -2.72515 94
      vertex 23.1099 -2.80029 109
      vertex 23.5521 -2.72515 109
    endloop
  endfacet
  facet normal -0.167522 0.985868 0
    outer loop
      vertex 23.1099 -2.80029 109
      vertex 23.5521 -2.72515 94
      vertex 23.1099 -2.80029 94
    endloop
  endfacet
  facet normal 0.998421 -0.0561787 0
    outer loop
      vertex 27.9748 -7.14786 109
      vertex 28 -6.7 94
      vertex 28 -6.7 109
    endloop
  endfacet
  facet normal 0.998421 -0.0561787 0
    outer loop
      vertex 28 -6.7 94
      vertex 27.9748 -7.14786 109
      vertex 27.9748 -7.14786 94
    endloop
  endfacet
  facet normal 0.745643 -0.666346 0
    outer loop
      vertex 26.8284 -9.52843 109
      vertex 27.1273 -9.19396 94
      vertex 27.1273 -9.19396 109
    endloop
  endfacet
  facet normal 0.745643 -0.666346 0
    outer loop
      vertex 27.1273 -9.19396 94
      vertex 26.8284 -9.52843 109
      vertex 26.8284 -9.52843 94
    endloop
  endfacet
  facet normal 0.985884 -0.167428 0
    outer loop
      vertex 27.8997 -7.59008 109
      vertex 27.9748 -7.14786 94
      vertex 27.9748 -7.14786 109
    endloop
  endfacet
  facet normal 0.985884 -0.167428 0
    outer loop
      vertex 27.9748 -7.14786 94
      vertex 27.8997 -7.59008 109
      vertex 27.8997 -7.59008 94
    endloop
  endfacet
  facet normal 0.382588 -0.923919 0
    outer loop
      vertex 25.3211 -10.4755 94
      vertex 25.7355 -10.3039 109
      vertex 25.3211 -10.4755 109
    endloop
  endfacet
  facet normal 0.382588 -0.923919 0
    outer loop
      vertex 25.7355 -10.3039 109
      vertex 25.3211 -10.4755 94
      vertex 25.7355 -10.3039 94
    endloop
  endfacet
  facet normal 0.276858 0.960911 -0
    outer loop
      vertex 25.3211 -2.92447 94
      vertex 24.8901 -2.80029 109
      vertex 25.3211 -2.92447 109
    endloop
  endfacet
  facet normal 0.276858 0.960911 0
    outer loop
      vertex 24.8901 -2.80029 109
      vertex 25.3211 -2.92447 94
      vertex 24.8901 -2.80029 94
    endloop
  endfacet
  facet normal -0.81553 0.578715 0
    outer loop
      vertex 20.6131 -4.57187 94
      vertex 20.8727 -4.20604 109
      vertex 20.8727 -4.20604 94
    endloop
  endfacet
  facet normal -0.81553 0.578715 0
    outer loop
      vertex 20.8727 -4.20604 109
      vertex 20.6131 -4.57187 94
      vertex 20.6131 -4.57187 109
    endloop
  endfacet
  facet normal -0.666423 0.745574 0
    outer loop
      vertex 21.506 -3.57267 94
      vertex 21.1716 -3.87157 109
      vertex 21.506 -3.57267 109
    endloop
  endfacet
  facet normal -0.666423 0.745574 0
    outer loop
      vertex 21.1716 -3.87157 109
      vertex 21.506 -3.57267 94
      vertex 21.1716 -3.87157 94
    endloop
  endfacet
  facet normal -0.483715 0.875226 0
    outer loop
      vertex 22.2645 -3.09612 94
      vertex 21.8719 -3.3131 109
      vertex 22.2645 -3.09612 109
    endloop
  endfacet
  facet normal -0.483715 0.875226 0
    outer loop
      vertex 21.8719 -3.3131 109
      vertex 22.2645 -3.09612 94
      vertex 21.8719 -3.3131 94
    endloop
  endfacet
  facet normal 0.81553 -0.578715 0
    outer loop
      vertex 27.1273 -9.19396 109
      vertex 27.3869 -8.82813 94
      vertex 27.3869 -8.82813 109
    endloop
  endfacet
  facet normal 0.81553 -0.578715 0
    outer loop
      vertex 27.3869 -8.82813 94
      vertex 27.1273 -9.19396 109
      vertex 27.1273 -9.19396 94
    endloop
  endfacet
  facet normal 0.666423 -0.745574 0
    outer loop
      vertex 26.494 -9.82733 94
      vertex 26.8284 -9.52843 109
      vertex 26.494 -9.82733 109
    endloop
  endfacet
  facet normal 0.666423 -0.745574 0
    outer loop
      vertex 26.8284 -9.52843 109
      vertex 26.494 -9.82733 94
      vertex 26.8284 -9.52843 94
    endloop
  endfacet
  facet normal 0.923922 -0.38258 0
    outer loop
      vertex 27.6039 -8.43553 109
      vertex 27.7755 -8.02112 94
      vertex 27.7755 -8.02112 109
    endloop
  endfacet
  facet normal 0.923922 -0.38258 0
    outer loop
      vertex 27.7755 -8.02112 94
      vertex 27.6039 -8.43553 109
      vertex 27.6039 -8.43553 94
    endloop
  endfacet
  facet normal -0.985884 -0.167428 0
    outer loop
      vertex 20.1003 -7.59008 94
      vertex 20.0252 -7.14786 109
      vertex 20.0252 -7.14786 94
    endloop
  endfacet
  facet normal -0.985884 -0.167428 0
    outer loop
      vertex 20.0252 -7.14786 109
      vertex 20.1003 -7.59008 94
      vertex 20.1003 -7.59008 109
    endloop
  endfacet
  facet normal -0.960906 -0.276876 0
    outer loop
      vertex 20.2245 -8.02112 94
      vertex 20.1003 -7.59008 109
      vertex 20.1003 -7.59008 94
    endloop
  endfacet
  facet normal -0.960906 -0.276876 0
    outer loop
      vertex 20.1003 -7.59008 109
      vertex 20.2245 -8.02112 94
      vertex 20.2245 -8.02112 109
    endloop
  endfacet
  facet normal -0.923922 -0.38258 0
    outer loop
      vertex 20.3961 -8.43553 94
      vertex 20.2245 -8.02112 109
      vertex 20.2245 -8.02112 94
    endloop
  endfacet
  facet normal -0.923922 -0.38258 0
    outer loop
      vertex 20.2245 -8.02112 109
      vertex 20.3961 -8.43553 94
      vertex 20.3961 -8.43553 109
    endloop
  endfacet
  facet normal 0.276899 -0.960899 0
    outer loop
      vertex 24.8901 -10.5997 94
      vertex 25.3211 -10.4755 109
      vertex 24.8901 -10.5997 109
    endloop
  endfacet
  facet normal 0.276899 -0.960899 0
    outer loop
      vertex 25.3211 -10.4755 109
      vertex 24.8901 -10.5997 94
      vertex 25.3211 -10.4755 94
    endloop
  endfacet
  facet normal 0.167435 -0.985883 0
    outer loop
      vertex 24.4479 -10.6748 94
      vertex 24.8901 -10.5997 109
      vertex 24.4479 -10.6748 109
    endloop
  endfacet
  facet normal 0.167435 -0.985883 0
    outer loop
      vertex 24.8901 -10.5997 109
      vertex 24.4479 -10.6748 94
      vertex 24.8901 -10.5997 94
    endloop
  endfacet
  facet normal 0.875207 -0.483749 0
    outer loop
      vertex 27.3869 -8.82813 109
      vertex 27.6039 -8.43553 94
      vertex 27.6039 -8.43553 109
    endloop
  endfacet
  facet normal 0.875207 -0.483749 0
    outer loop
      vertex 27.6039 -8.43553 94
      vertex 27.3869 -8.82813 109
      vertex 27.3869 -8.82813 94
    endloop
  endfacet
  facet normal 0.483749 -0.875207 0
    outer loop
      vertex 25.7355 -10.3039 94
      vertex 26.1281 -10.0869 109
      vertex 25.7355 -10.3039 109
    endloop
  endfacet
  facet normal 0.483749 -0.875207 0
    outer loop
      vertex 26.1281 -10.0869 109
      vertex 25.7355 -10.3039 94
      vertex 26.1281 -10.0869 94
    endloop
  endfacet
  facet normal 0.578597 -0.815613 0
    outer loop
      vertex 26.1281 -10.0869 94
      vertex 26.494 -9.82733 109
      vertex 26.1281 -10.0869 109
    endloop
  endfacet
  facet normal 0.578597 -0.815613 0
    outer loop
      vertex 26.494 -9.82733 109
      vertex 26.1281 -10.0869 94
      vertex 26.494 -9.82733 94
    endloop
  endfacet
  facet normal 0.960906 -0.276876 0
    outer loop
      vertex 27.7755 -8.02112 109
      vertex 27.8997 -7.59008 94
      vertex 27.8997 -7.59008 109
    endloop
  endfacet
  facet normal 0.960906 -0.276876 0
    outer loop
      vertex 27.8997 -7.59008 94
      vertex 27.7755 -8.02112 109
      vertex 27.7755 -8.02112 94
    endloop
  endfacet
  facet normal -0.0561737 -0.998421 0
    outer loop
      vertex 23.5521 -10.6748 99.6881
      vertex 24 -10.7 109
      vertex 23.5521 -10.6748 109
    endloop
  endfacet
  facet normal -0.0569587 -0.998377 3.78798e-05
    outer loop
      vertex 23.6046 -10.6778 99.5615
      vertex 24 -10.7 109
      vertex 23.5521 -10.6748 99.6881
    endloop
  endfacet
  facet normal -0.0566418 -0.998395 2.4558e-05
    outer loop
      vertex 23.6574 -10.6808 99.3783
      vertex 24 -10.7 109
      vertex 23.6046 -10.6778 99.5615
    endloop
  endfacet
  facet normal -0.0562704 -0.998416 1.12924e-05
    outer loop
      vertex 23.6893 -10.6826 99.1903
      vertex 24 -10.7 109
      vertex 23.6574 -10.6808 99.3783
    endloop
  endfacet
  facet normal -0.0559609 -0.998433 1.46032e-06
    outer loop
      vertex 23.7 -10.6832 99
      vertex 24 -10.7 109
      vertex 23.6893 -10.6826 99.1903
    endloop
  endfacet
  facet normal -0.0561737 -0.998421 0
    outer loop
      vertex 24 -10.7 94
      vertex 23.5521 -10.6748 98.3119
      vertex 23.5521 -10.6748 94
    endloop
  endfacet
  facet normal -0.0568743 -0.998381 -7.30061e-05
    outer loop
      vertex 23.5521 -10.6748 98.3119
      vertex 24 -10.7 94
      vertex 23.6046 -10.6778 98.4385
    endloop
  endfacet
  facet normal -0.0565687 -0.998399 -4.56909e-05
    outer loop
      vertex 23.6046 -10.6778 98.4385
      vertex 24 -10.7 94
      vertex 23.6574 -10.6808 98.6217
    endloop
  endfacet
  facet normal -0.0562204 -0.998418 -1.97948e-05
    outer loop
      vertex 23.6574 -10.6808 98.6217
      vertex 24 -10.7 94
      vertex 23.6893 -10.6826 98.8097
    endloop
  endfacet
  facet normal -0.0559484 -0.998434 -2.16678e-06
    outer loop
      vertex 23.6893 -10.6826 98.8097
      vertex 24 -10.7 94
      vertex 23.7 -10.6832 99
    endloop
  endfacet
  facet normal -0.0559124 -0.998436 0
    outer loop
      vertex 23.7 -10.6832 99
      vertex 24 -10.7 94
      vertex 24 -10.7 109
    endloop
  endfacet
  facet normal -0.578561 -0.815639 0
    outer loop
      vertex 21.506 -9.82733 94
      vertex 21.6217 -9.9094 97.3426
      vertex 21.506 -9.82733 97.3759
    endloop
  endfacet
  facet normal -0.57869 -0.815547 6.73495e-06
    outer loop
      vertex 21.506 -9.82733 94
      vertex 21.8097 -10.0428 97.3107
      vertex 21.6217 -9.9094 97.3426
    endloop
  endfacet
  facet normal -0.578597 -0.815613 -6.1027e-06
    outer loop
      vertex 21.8719 -10.0869 94
      vertex 21.8097 -10.0428 97.3107
      vertex 21.506 -9.82733 94
    endloop
  endfacet
  facet normal -0.578381 -0.815767 0
    outer loop
      vertex 21.8097 -10.0428 97.3107
      vertex 21.8719 -10.0869 94
      vertex 21.8719 -10.0869 97.3072
    endloop
  endfacet
  facet normal -0.578597 -0.815613 0
    outer loop
      vertex 21.506 -9.82733 109
      vertex 21.8719 -10.0869 100.693
      vertex 21.8719 -10.0869 109
    endloop
  endfacet
  facet normal -0.578382 -0.815766 1.427e-05
    outer loop
      vertex 21.506 -9.82733 109
      vertex 21.8097 -10.0428 100.689
      vertex 21.8719 -10.0869 100.693
    endloop
  endfacet
  facet normal -0.578691 -0.815547 -2.70779e-06
    outer loop
      vertex 21.506 -9.82733 109
      vertex 21.6217 -9.9094 100.657
      vertex 21.8097 -10.0428 100.689
    endloop
  endfacet
  facet normal -0.578561 -0.815639 0
    outer loop
      vertex 21.6217 -9.9094 100.657
      vertex 21.506 -9.82733 109
      vertex 21.506 -9.82733 100.624
    endloop
  endfacet
  facet normal -0.483727 -0.875219 -0
    outer loop
      vertex 21.8719 -10.0869 97.3072
      vertex 21.8719 -10.0869 94
      vertex 22 -10.1577 97.3
    endloop
  endfacet
  facet normal -0.483749 -0.875207 1.09436e-06
    outer loop
      vertex 22.2645 -10.3039 94
      vertex 22 -10.1577 97.3
      vertex 21.8719 -10.0869 94
    endloop
  endfacet
  facet normal -0.483806 -0.875175 -4.91126e-06
    outer loop
      vertex 22 -10.1577 97.3
      vertex 22.2645 -10.3039 94
      vertex 22.1903 -10.2629 97.3107
    endloop
  endfacet
  facet normal -0.483639 -0.875268 0
    outer loop
      vertex 22.1903 -10.2629 97.3107
      vertex 22.2645 -10.3039 94
      vertex 22.2645 -10.3039 97.3233
    endloop
  endfacet
  facet normal -0.483749 -0.875207 -4.35108e-07
    outer loop
      vertex 21.8719 -10.0869 109
      vertex 22 -10.1577 100.7
      vertex 22.2645 -10.3039 109
    endloop
  endfacet
  facet normal -0.483727 -0.875219 0
    outer loop
      vertex 22 -10.1577 100.7
      vertex 21.8719 -10.0869 109
      vertex 21.8719 -10.0869 100.693
    endloop
  endfacet
  facet normal -0.483807 -0.875175 1.95786e-06
    outer loop
      vertex 22.1903 -10.2629 100.689
      vertex 22.2645 -10.3039 109
      vertex 22 -10.1577 100.7
    endloop
  endfacet
  facet normal -0.483639 -0.875268 -0
    outer loop
      vertex 22.2645 -10.3039 109
      vertex 22.1903 -10.2629 100.689
      vertex 22.2645 -10.3039 100.677
    endloop
  endfacet
  facet normal -0.167435 -0.985883 0
    outer loop
      vertex 23.5521 -10.6748 94
      vertex 23.1099 -10.5997 97.7156
      vertex 23.1099 -10.5997 94
    endloop
  endfacet
  facet normal -0.167824 -0.985817 -4.76558e-05
    outer loop
      vertex 23.1099 -10.5997 97.7156
      vertex 23.5521 -10.6748 94
      vertex 23.2021 -10.6154 97.7979
    endloop
  endfacet
  facet normal -0.167638 -0.985849 -3.00144e-05
    outer loop
      vertex 23.2021 -10.6154 97.7979
      vertex 23.5521 -10.6748 94
      vertex 23.3291 -10.637 97.9401
    endloop
  endfacet
  facet normal -0.16715 -0.985931 -1.59683e-06
    outer loop
      vertex 23.3291 -10.637 97.9401
      vertex 23.5521 -10.6748 94
      vertex 23.4394 -10.6557 98.0955
    endloop
  endfacet
  facet normal -0.167829 -0.985816 -2.08148e-05
    outer loop
      vertex 23.4394 -10.6557 98.0955
      vertex 23.5521 -10.6748 94
      vertex 23.5316 -10.6714 98.2624
    endloop
  endfacet
  facet normal -0.163619 -0.986524 0
    outer loop
      vertex 23.5316 -10.6714 98.2624
      vertex 23.5521 -10.6748 94
      vertex 23.5521 -10.6748 98.3119
    endloop
  endfacet
  facet normal -0.167435 -0.985883 0
    outer loop
      vertex 23.1099 -10.5997 100.284
      vertex 23.5521 -10.6748 109
      vertex 23.1099 -10.5997 109
    endloop
  endfacet
  facet normal -0.167847 -0.985813 2.15033e-05
    outer loop
      vertex 23.2021 -10.6154 100.202
      vertex 23.5521 -10.6748 109
      vertex 23.1099 -10.5997 100.284
    endloop
  endfacet
  facet normal -0.167656 -0.985846 1.36847e-05
    outer loop
      vertex 23.3291 -10.637 100.06
      vertex 23.5521 -10.6748 109
      vertex 23.2021 -10.6154 100.202
    endloop
  endfacet
  facet normal -0.167151 -0.985931 7.3407e-07
    outer loop
      vertex 23.4394 -10.6557 99.9045
      vertex 23.5521 -10.6748 109
      vertex 23.3291 -10.637 100.06
    endloop
  endfacet
  facet normal -0.167849 -0.985813 9.62341e-06
    outer loop
      vertex 23.5316 -10.6714 99.7376
      vertex 23.5521 -10.6748 109
      vertex 23.4394 -10.6557 99.9045
    endloop
  endfacet
  facet normal -0.163619 -0.986524 -0
    outer loop
      vertex 23.5521 -10.6748 109
      vertex 23.5316 -10.6714 99.7376
      vertex 23.5521 -10.6748 99.6881
    endloop
  endfacet
  facet normal -0.66642 -0.745576 0
    outer loop
      vertex 21.1716 -9.52843 94
      vertex 21.2624 -9.60959 97.4684
      vertex 21.1716 -9.52843 97.5185
    endloop
  endfacet
  facet normal -0.666411 -0.745584 -4.29903e-07
    outer loop
      vertex 21.1716 -9.52843 94
      vertex 21.4385 -9.76699 97.3954
      vertex 21.2624 -9.60959 97.4684
    endloop
  endfacet
  facet normal -0.666458 -0.745543 6.18969e-06
    outer loop
      vertex 21.1716 -9.52843 94
      vertex 21.506 -9.82733 97.3759
      vertex 21.4385 -9.76699 97.3954
    endloop
  endfacet
  facet normal -0.666423 -0.745574 -0
    outer loop
      vertex 21.506 -9.82733 97.3759
      vertex 21.1716 -9.52843 94
      vertex 21.506 -9.82733 94
    endloop
  endfacet
  facet normal -0.666423 -0.745574 0
    outer loop
      vertex 21.1716 -9.52843 109
      vertex 21.506 -9.82733 100.624
      vertex 21.506 -9.82733 109
    endloop
  endfacet
  facet normal -0.666459 -0.745542 -2.53759e-06
    outer loop
      vertex 21.1716 -9.52843 109
      vertex 21.4385 -9.76699 100.605
      vertex 21.506 -9.82733 100.624
    endloop
  endfacet
  facet normal -0.666411 -0.745584 1.77207e-07
    outer loop
      vertex 21.1716 -9.52843 109
      vertex 21.2624 -9.60959 100.532
      vertex 21.4385 -9.76699 100.605
    endloop
  endfacet
  facet normal -0.66642 -0.745576 0
    outer loop
      vertex 21.2624 -9.60959 100.532
      vertex 21.1716 -9.52843 109
      vertex 21.1716 -9.52843 100.481
    endloop
  endfacet
  facet normal -0.875207 -0.483749 0
    outer loop
      vertex 20.6131 -8.82813 94
      vertex 20.3961 -8.43553 109
      vertex 20.3961 -8.43553 94
    endloop
  endfacet
  facet normal -0.875207 -0.483749 0
    outer loop
      vertex 20.3961 -8.43553 109
      vertex 20.6131 -8.82813 94
      vertex 20.6131 -8.82813 109
    endloop
  endfacet
  facet normal -0.382588 -0.923919 0
    outer loop
      vertex 22.6789 -10.4755 94
      vertex 22.2645 -10.3039 97.3233
      vertex 22.2645 -10.3039 94
    endloop
  endfacet
  facet normal -0.382427 -0.923986 2.35429e-05
    outer loop
      vertex 22.2645 -10.3039 97.3233
      vertex 22.6789 -10.4755 94
      vertex 22.3783 -10.351 97.3426
    endloop
  endfacet
  facet normal -0.38275 -0.923852 -1.04997e-05
    outer loop
      vertex 22.3783 -10.351 97.3426
      vertex 22.6789 -10.4755 94
      vertex 22.5615 -10.4269 97.3954
    endloop
  endfacet
  facet normal -0.382491 -0.923959 0
    outer loop
      vertex 22.5615 -10.4269 97.3954
      vertex 22.6789 -10.4755 94
      vertex 22.6789 -10.4755 97.444
    endloop
  endfacet
  facet normal -0.382588 -0.923919 0
    outer loop
      vertex 22.2645 -10.3039 100.677
      vertex 22.6789 -10.4755 109
      vertex 22.2645 -10.3039 109
    endloop
  endfacet
  facet normal -0.382425 -0.923987 -9.51601e-06
    outer loop
      vertex 22.3783 -10.351 100.657
      vertex 22.6789 -10.4755 109
      vertex 22.2645 -10.3039 100.677
    endloop
  endfacet
  facet normal -0.382752 -0.923851 4.27202e-06
    outer loop
      vertex 22.5615 -10.4269 100.605
      vertex 22.6789 -10.4755 109
      vertex 22.3783 -10.351 100.657
    endloop
  endfacet
  facet normal -0.382491 -0.923959 -0
    outer loop
      vertex 22.6789 -10.4755 109
      vertex 22.5615 -10.4269 100.605
      vertex 22.6789 -10.4755 100.556
    endloop
  endfacet
  facet normal -0.81553 -0.578715 0
    outer loop
      vertex 20.8727 -9.19396 94
      vertex 20.6131 -8.82813 109
      vertex 20.6131 -8.82813 94
    endloop
  endfacet
  facet normal -0.81553 -0.578715 0
    outer loop
      vertex 20.6131 -8.82813 109
      vertex 20.8727 -9.19396 94
      vertex 20.8727 -9.19396 109
    endloop
  endfacet
  facet normal -0.745863 -0.6661 -0
    outer loop
      vertex 20.9674 -9.3 100.349
      vertex 20.8727 -9.19396 94
      vertex 20.9674 -9.3 97.6515
    endloop
  endfacet
  facet normal -0.74566 -0.666327 -1.18602e-05
    outer loop
      vertex 20.8727 -9.19396 94
      vertex 21.0955 -9.44335 97.5606
      vertex 20.9674 -9.3 97.6515
    endloop
  endfacet
  facet normal -0.745643 -0.666346 -0
    outer loop
      vertex 21.1716 -9.52843 97.5185
      vertex 20.8727 -9.19396 94
      vertex 21.1716 -9.52843 94
    endloop
  endfacet
  facet normal -0.74536 -0.666662 -5.41122e-05
    outer loop
      vertex 20.8727 -9.19396 94
      vertex 21.1716 -9.52843 97.5185
      vertex 21.0955 -9.44335 97.5606
    endloop
  endfacet
  facet normal -0.745863 -0.6661 0
    outer loop
      vertex 20.8727 -9.19396 94
      vertex 20.9674 -9.3 100.349
      vertex 20.8727 -9.19396 109
    endloop
  endfacet
  facet normal -0.745658 -0.666329 5.0593e-06
    outer loop
      vertex 21.0955 -9.44335 100.439
      vertex 20.8727 -9.19396 109
      vertex 20.9674 -9.3 100.349
    endloop
  endfacet
  facet normal -0.745352 -0.666671 2.29554e-05
    outer loop
      vertex 21.1716 -9.52843 100.481
      vertex 20.8727 -9.19396 109
      vertex 21.0955 -9.44335 100.439
    endloop
  endfacet
  facet normal -0.745643 -0.666346 0
    outer loop
      vertex 20.8727 -9.19396 109
      vertex 21.1716 -9.52843 100.481
      vertex 21.1716 -9.52843 109
    endloop
  endfacet
  facet normal -0.276899 -0.960899 0
    outer loop
      vertex 23.1099 -10.5997 94
      vertex 22.6789 -10.4755 97.444
      vertex 22.6789 -10.4755 94
    endloop
  endfacet
  facet normal -0.276678 -0.960963 3.0002e-05
    outer loop
      vertex 22.6789 -10.4755 97.444
      vertex 23.1099 -10.5997 94
      vertex 22.7376 -10.4924 97.4684
    endloop
  endfacet
  facet normal -0.276926 -0.960891 1.15958e-06
    outer loop
      vertex 22.7376 -10.4924 97.4684
      vertex 23.1099 -10.5997 94
      vertex 22.9045 -10.5405 97.5606
    endloop
  endfacet
  facet normal -0.277005 -0.960869 -3.73689e-06
    outer loop
      vertex 22.9045 -10.5405 97.5606
      vertex 23.1099 -10.5997 94
      vertex 23.0599 -10.5853 97.6709
    endloop
  endfacet
  facet normal -0.276751 -0.960942 0
    outer loop
      vertex 23.0599 -10.5853 97.6709
      vertex 23.1099 -10.5997 94
      vertex 23.1099 -10.5997 97.7156
    endloop
  endfacet
  facet normal -0.276899 -0.960899 0
    outer loop
      vertex 22.6789 -10.4755 100.556
      vertex 23.1099 -10.5997 109
      vertex 22.6789 -10.4755 109
    endloop
  endfacet
  facet normal -0.276671 -0.960965 -1.26101e-05
    outer loop
      vertex 22.7376 -10.4924 100.532
      vertex 23.1099 -10.5997 109
      vertex 22.6789 -10.4755 100.556
    endloop
  endfacet
  facet normal -0.276926 -0.960891 -4.91086e-07
    outer loop
      vertex 22.9045 -10.5405 100.439
      vertex 23.1099 -10.5997 109
      vertex 22.7376 -10.4924 100.532
    endloop
  endfacet
  facet normal -0.277006 -0.960868 1.59083e-06
    outer loop
      vertex 23.0599 -10.5853 100.329
      vertex 23.1099 -10.5997 109
      vertex 22.9045 -10.5405 100.439
    endloop
  endfacet
  facet normal -0.276751 -0.960942 -0
    outer loop
      vertex 23.1099 -10.5997 109
      vertex 23.0599 -10.5853 100.329
      vertex 23.1099 -10.5997 100.284
    endloop
  endfacet
  facet normal -1 0 0
    outer loop
      vertex 26.1 -8.7 0.8
      vertex 26.1 5.7 2.5
      vertex 26.1 5.7 0.8
    endloop
  endfacet
  facet normal -1 -0 0
    outer loop
      vertex 26.1 5.7 2.5
      vertex 26.1 -8.7 0.8
      vertex 26.1 -8.7 2.5
    endloop
  endfacet
  facet normal 1 -0 0
    outer loop
      vertex 9.5 -8.7 2.5
      vertex 9.5 5.7 0.8
      vertex 9.5 5.7 2.5
    endloop
  endfacet
  facet normal 1 0 0
    outer loop
      vertex 9.5 5.7 0.8
      vertex 9.5 -8.7 2.5
      vertex 9.5 -8.7 0.8
    endloop
  endfacet
  facet normal 0 -1 0
    outer loop
      vertex 9.5 5.7 0.8
      vertex 26.1 5.7 2.5
      vertex 9.5 5.7 2.5
    endloop
  endfacet
  facet normal 0 -1 -0
    outer loop
      vertex 26.1 5.7 2.5
      vertex 9.5 5.7 0.8
      vertex 26.1 5.7 0.8
    endloop
  endfacet
  facet normal 0 1 -0
    outer loop
      vertex 26.1 -8.7 0.8
      vertex 9.5 -8.7 2.5
      vertex 26.1 -8.7 2.5
    endloop
  endfacet
  facet normal 0 1 0
    outer loop
      vertex 9.5 -8.7 2.5
      vertex 26.1 -8.7 0.8
      vertex 9.5 -8.7 0.8
    endloop
  endfacet
  facet normal 0.707107 -0.707107 -2.71523e-10
    outer loop
      vertex 9.5 -8.7 0.8
      vertex 9.42857 -8.77143 0.719644
      vertex 9.47143 -8.72857 0.767858
    endloop
  endfacet
  facet normal -0.707107 0.707107 1.99594e-10
    outer loop
      vertex 9.42857 -8.77143 0.719644
      vertex 9.5 -8.7 0.8
      vertex 9.41429 -8.78571 0.703572
    endloop
  endfacet
  facet normal 0.747413 0 -0.664359
    outer loop
      vertex 9.42857 -8.77143 0.719644
      vertex 9.3 5.9 0.575001
      vertex 9.42857 5.77143 0.719644
    endloop
  endfacet
  facet normal 0.747413 0 -0.664359
    outer loop
      vertex 9.3 5.9 0.575001
      vertex 9.42857 -8.77143 0.719644
      vertex 9.3 -8.9 0.575001
    endloop
  endfacet
  facet normal 0.747463 0 -0.664303
    outer loop
      vertex 8.8 -9.4 0.0125008
      vertex 8.78889 6.41111 0
      vertex 8.8 6.4 0.0125008
    endloop
  endfacet
  facet normal 0.747463 0 -0.664303
    outer loop
      vertex 8.78889 6.41111 0
      vertex 8.8 -9.4 0.0125008
      vertex 8.78889 -9.41111 0
    endloop
  endfacet
  facet normal 0.329286 0.541184 -0.773751
    outer loop
      vertex 9.28572 -8.91429 0.558929
      vertex 8.8 -9.4 0.0125008
      vertex 9.3 -8.9 0.575001
    endloop
  endfacet
  facet normal -0.660034 0.747228 -0.0774938
    outer loop
      vertex 8.8 -9.4 0.0125008
      vertex 9.28572 -8.91429 0.558929
      vertex 8.78889 -9.41111 0
    endloop
  endfacet
  facet normal 0.747409 0 -0.664364
    outer loop
      vertex 9.3 -8.9 0.575001
      vertex 8.8 6.4 0.0125008
      vertex 9.3 5.9 0.575001
    endloop
  endfacet
  facet normal 0.747409 0 -0.664364
    outer loop
      vertex 8.8 6.4 0.0125008
      vertex 9.3 -8.9 0.575001
      vertex 8.8 -9.4 0.0125008
    endloop
  endfacet
  facet normal 0.329286 -0.541184 -0.773751
    outer loop
      vertex 8.8 6.4 0.0125008
      vertex 9.28572 5.91429 0.558929
      vertex 9.3 5.9 0.575001
    endloop
  endfacet
  facet normal -0.660034 -0.747228 -0.0774938
    outer loop
      vertex 9.28572 5.91429 0.558929
      vertex 8.8 6.4 0.0125008
      vertex 8.78889 6.41111 0
    endloop
  endfacet
  facet normal -0.21869 -0.817712 0.532468
    outer loop
      vertex 26.1857 -8.78571 0.703572
      vertex 26.3 -8.9 0.575001
      vertex 26.3143 -8.91429 0.558929
    endloop
  endfacet
  facet normal 0.314992 -0.552838 0.77146
    outer loop
      vertex 26.3 -8.9 0.575001
      vertex 26.1857 -8.78571 0.703572
      vertex 26.1714 -8.77143 0.719644
    endloop
  endfacet
  facet normal 0.148536 0.669941 0.727403
    outer loop
      vertex 26.1286 5.72857 0.767858
      vertex 26.1857 5.78571 0.703572
      vertex 26.1714 5.77143 0.719644
    endloop
  endfacet
  facet normal 0.0131547 -0.753136 -0.657733
    outer loop
      vertex 26.1857 5.78571 0.703572
      vertex 26.1286 5.72857 0.767858
      vertex 26.1 5.7 0.8
    endloop
  endfacet
  facet normal -0.707107 -0.707107 1.02336e-10
    outer loop
      vertex 9.3 5.9 0.575001
      vertex 9.41429 5.78571 0.703572
      vertex 9.42857 5.77143 0.719644
    endloop
  endfacet
  facet normal 0.274385 -0.584565 -0.763542
    outer loop
      vertex 9.41429 5.78571 0.703572
      vertex 9.3 5.9 0.575001
      vertex 9.28572 5.91429 0.558929
    endloop
  endfacet
  facet normal 0.747385 0 -0.664391
    outer loop
      vertex 9.47143 -8.72857 0.767858
      vertex 9.42857 5.77143 0.719644
      vertex 9.47143 5.72857 0.767858
    endloop
  endfacet
  facet normal 0.747385 0 -0.664391
    outer loop
      vertex 9.42857 5.77143 0.719644
      vertex 9.47143 -8.72857 0.767858
      vertex 9.42857 -8.77143 0.719644
    endloop
  endfacet
  facet normal 0.747417 0 -0.664355
    outer loop
      vertex 9.5 -8.7 0.8
      vertex 9.47143 5.72857 0.767858
      vertex 9.5 5.7 0.8
    endloop
  endfacet
  facet normal 0.747417 0 -0.664355
    outer loop
      vertex 9.47143 5.72857 0.767858
      vertex 9.5 -8.7 0.8
      vertex 9.47143 -8.72857 0.767858
    endloop
  endfacet
  facet normal -0.747071 0 -0.664745
    outer loop
      vertex 26.1286 5.72857 0.767858
      vertex 26.1 -8.7 0.8
      vertex 26.1 5.7 0.8
    endloop
  endfacet
  facet normal -0.747071 0 -0.664745
    outer loop
      vertex 26.1 -8.7 0.8
      vertex 26.1286 5.72857 0.767858
      vertex 26.1286 -8.72857 0.767858
    endloop
  endfacet
  facet normal 0 0.747413 -0.66436
    outer loop
      vertex 26.8111 -9.41111 0
      vertex 9.28572 -8.91429 0.558929
      vertex 26.3143 -8.91429 0.558929
    endloop
  endfacet
  facet normal 0 0.747413 -0.66436
    outer loop
      vertex 9.28572 -8.91429 0.558929
      vertex 26.8111 -9.41111 0
      vertex 8.78889 -9.41111 0
    endloop
  endfacet
  facet normal 0 0.747424 -0.664347
    outer loop
      vertex 26.1857 -8.78571 0.703572
      vertex 9.5 -8.7 0.8
      vertex 26.1 -8.7 0.8
    endloop
  endfacet
  facet normal 0 0.747424 -0.664347
    outer loop
      vertex 9.5 -8.7 0.8
      vertex 26.1857 -8.78571 0.703572
      vertex 9.41429 -8.78571 0.703572
    endloop
  endfacet
  facet normal 0.707107 0.707107 0
    outer loop
      vertex 9.42857 5.77143 0.719644
      vertex 9.5 5.7 0.8
      vertex 9.47143 5.72857 0.767858
    endloop
  endfacet
  facet normal -0.707107 -0.707107 8.30221e-11
    outer loop
      vertex 9.5 5.7 0.8
      vertex 9.42857 5.77143 0.719644
      vertex 9.41429 5.78571 0.703572
    endloop
  endfacet
  facet normal 0.148536 -0.669941 0.727403
    outer loop
      vertex 26.1857 -8.78571 0.703572
      vertex 26.1286 -8.72857 0.767858
      vertex 26.1714 -8.77143 0.719644
    endloop
  endfacet
  facet normal 0.0131547 0.753136 -0.657733
    outer loop
      vertex 26.1286 -8.72857 0.767858
      vertex 26.1857 -8.78571 0.703572
      vertex 26.1 -8.7 0.8
    endloop
  endfacet
  facet normal -0.747336 0 -0.664446
    outer loop
      vertex 26.3 5.9 0.575001
      vertex 26.1714 -8.77143 0.719644
      vertex 26.1714 5.77143 0.719644
    endloop
  endfacet
  facet normal -0.747336 0 -0.664446
    outer loop
      vertex 26.1714 -8.77143 0.719644
      vertex 26.3 5.9 0.575001
      vertex 26.3 -8.9 0.575001
    endloop
  endfacet
  facet normal 0 -0.747413 -0.66436
    outer loop
      vertex 8.78889 6.41111 0
      vertex 26.3143 5.91429 0.558929
      vertex 9.28572 5.91429 0.558929
    endloop
  endfacet
  facet normal 0 -0.747413 -0.66436
    outer loop
      vertex 26.3143 5.91429 0.558929
      vertex 8.78889 6.41111 0
      vertex 26.8111 6.41111 0
    endloop
  endfacet
  facet normal 0 0.747388 -0.664388
    outer loop
      vertex 26.3143 -8.91429 0.558929
      vertex 9.41429 -8.78571 0.703572
      vertex 26.1857 -8.78571 0.703572
    endloop
  endfacet
  facet normal 0 0.747388 -0.664388
    outer loop
      vertex 9.41429 -8.78571 0.703572
      vertex 26.3143 -8.91429 0.558929
      vertex 9.28572 -8.91429 0.558929
    endloop
  endfacet
  facet normal -0.707107 0.707107 1.84696e-10
    outer loop
      vertex 9.41429 -8.78571 0.703572
      vertex 9.3 -8.9 0.575001
      vertex 9.42857 -8.77143 0.719644
    endloop
  endfacet
  facet normal 0.274385 0.584565 -0.763542
    outer loop
      vertex 9.3 -8.9 0.575001
      vertex 9.41429 -8.78571 0.703572
      vertex 9.28572 -8.91429 0.558929
    endloop
  endfacet
  facet normal -0.224753 -0.818887 0.528119
    outer loop
      vertex 26.8 -9.4 0.0125008
      vertex 26.3143 -8.91429 0.558929
      vertex 26.3 -8.9 0.575001
    endloop
  endfacet
  facet normal 0.119287 0.792357 -0.598282
    outer loop
      vertex 26.3143 -8.91429 0.558929
      vertex 26.8 -9.4 0.0125008
      vertex 26.8111 -9.41111 0
    endloop
  endfacet
  facet normal -0.747847 0 -0.663871
    outer loop
      vertex 26.1714 5.77143 0.719644
      vertex 26.1286 -8.72857 0.767858
      vertex 26.1286 5.72857 0.767858
    endloop
  endfacet
  facet normal -0.747847 0 -0.663871
    outer loop
      vertex 26.1286 -8.72857 0.767858
      vertex 26.1714 5.77143 0.719644
      vertex 26.1714 -8.77143 0.719644
    endloop
  endfacet
  facet normal 0 -0.747388 -0.664388
    outer loop
      vertex 9.28572 5.91429 0.558929
      vertex 26.1857 5.78571 0.703572
      vertex 9.41429 5.78571 0.703572
    endloop
  endfacet
  facet normal 0 -0.747388 -0.664388
    outer loop
      vertex 26.1857 5.78571 0.703572
      vertex 9.28572 5.91429 0.558929
      vertex 26.3143 5.91429 0.558929
    endloop
  endfacet
  facet normal -0.74776 0 -0.663969
    outer loop
      vertex 26.8111 6.41111 0
      vertex 26.8 -9.4 0.0125008
      vertex 26.8 6.4 0.0125008
    endloop
  endfacet
  facet normal -0.74776 0 -0.663969
    outer loop
      vertex 26.8 -9.4 0.0125008
      vertex 26.8111 6.41111 0
      vertex 26.8111 -9.41111 0
    endloop
  endfacet
  facet normal -0.747409 0 -0.664364
    outer loop
      vertex 26.8 6.4 0.0125008
      vertex 26.3 -8.9 0.575001
      vertex 26.3 5.9 0.575001
    endloop
  endfacet
  facet normal -0.747409 0 -0.664364
    outer loop
      vertex 26.3 -8.9 0.575001
      vertex 26.8 6.4 0.0125008
      vertex 26.8 -9.4 0.0125008
    endloop
  endfacet
  facet normal 0 -0.747424 -0.664347
    outer loop
      vertex 9.41429 5.78571 0.703572
      vertex 26.1 5.7 0.8
      vertex 9.5 5.7 0.8
    endloop
  endfacet
  facet normal 0 -0.747424 -0.664347
    outer loop
      vertex 26.1 5.7 0.8
      vertex 9.41429 5.78571 0.703572
      vertex 26.1857 5.78571 0.703572
    endloop
  endfacet
  facet normal 0.119287 -0.792357 -0.598282
    outer loop
      vertex 26.8 6.4 0.0125008
      vertex 26.3143 5.91429 0.558929
      vertex 26.8111 6.41111 0
    endloop
  endfacet
  facet normal -0.224753 0.818887 0.528119
    outer loop
      vertex 26.3143 5.91429 0.558929
      vertex 26.8 6.4 0.0125008
      vertex 26.3 5.9 0.575001
    endloop
  endfacet
  facet normal -0.21869 0.817712 0.532468
    outer loop
      vertex 26.3 5.9 0.575001
      vertex 26.1857 5.78571 0.703572
      vertex 26.3143 5.91429 0.558929
    endloop
  endfacet
  facet normal 0.314992 0.552838 0.77146
    outer loop
      vertex 26.1857 5.78571 0.703572
      vertex 26.3 5.9 0.575001
      vertex 26.1714 5.77143 0.719644
    endloop
  endfacet
  facet normal -1 0 0
    outer loop
      vertex 5.9 -8.7 0.8
      vertex 5.9 7.8 2.5
      vertex 5.9 7.8 0.8
    endloop
  endfacet
  facet normal -1 -0 0
    outer loop
      vertex 5.9 7.8 2.5
      vertex 5.9 -8.7 0.8
      vertex 5.9 -8.7 2.5
    endloop
  endfacet
  facet normal 1 -0 0
    outer loop
      vertex -8.1 -8.7 2.5
      vertex -8.1 7.8 0.8
      vertex -8.1 7.8 2.5
    endloop
  endfacet
  facet normal 1 0 0
    outer loop
      vertex -8.1 7.8 0.8
      vertex -8.1 -8.7 2.5
      vertex -8.1 -8.7 0.8
    endloop
  endfacet
  facet normal 0 -1 0
    outer loop
      vertex -8.1 7.8 0.8
      vertex 5.9 7.8 2.5
      vertex -8.1 7.8 2.5
    endloop
  endfacet
  facet normal 0 -1 -0
    outer loop
      vertex 5.9 7.8 2.5
      vertex -8.1 7.8 0.8
      vertex 5.9 7.8 0.8
    endloop
  endfacet
  facet normal 0 1 -0
    outer loop
      vertex 5.9 -8.7 0.8
      vertex -8.1 -8.7 2.5
      vertex 5.9 -8.7 2.5
    endloop
  endfacet
  facet normal 0 1 0
    outer loop
      vertex -8.1 -8.7 2.5
      vertex 5.9 -8.7 0.8
      vertex -8.1 -8.7 0.8
    endloop
  endfacet
  facet normal -0.747463 0 -0.664303
    outer loop
      vertex 6.61111 8.51111 0
      vertex 6.6 -9.4 0.0125008
      vertex 6.6 8.5 0.0125008
    endloop
  endfacet
  facet normal -0.747463 0 -0.664303
    outer loop
      vertex 6.6 -9.4 0.0125008
      vertex 6.61111 8.51111 0
      vertex 6.61111 -9.41111 0
    endloop
  endfacet
  facet normal 0.747413 0 -0.664359
    outer loop
      vertex -8.17143 -8.77143 0.719644
      vertex -8.55714 8.25714 0.285715
      vertex -8.17143 7.87143 0.719644
    endloop
  endfacet
  facet normal 0.747413 0 -0.664359
    outer loop
      vertex -8.55714 8.25714 0.285715
      vertex -8.17143 -8.77143 0.719644
      vertex -8.55714 -9.15714 0.285715
    endloop
  endfacet
  facet normal 0 0.747398 -0.664377
    outer loop
      vertex 5.97143 -8.77143 0.719644
      vertex -8.1 -8.7 0.8
      vertex 5.9 -8.7 0.8
    endloop
  endfacet
  facet normal 0 0.747398 -0.664377
    outer loop
      vertex -8.1 -8.7 0.8
      vertex 5.97143 -8.77143 0.719644
      vertex -8.17143 -8.77143 0.719644
    endloop
  endfacet
  facet normal 0 0.747413 -0.664359
    outer loop
      vertex 6.35714 -9.15714 0.285715
      vertex -8.17143 -8.77143 0.719644
      vertex 5.97143 -8.77143 0.719644
    endloop
  endfacet
  facet normal 0 0.747413 -0.664359
    outer loop
      vertex -8.17143 -8.77143 0.719644
      vertex 6.35714 -9.15714 0.285715
      vertex -8.55714 -9.15714 0.285715
    endloop
  endfacet
  facet normal 0.747398 0 -0.664377
    outer loop
      vertex -8.1 -8.7 0.8
      vertex -8.17143 7.87143 0.719644
      vertex -8.1 7.8 0.8
    endloop
  endfacet
  facet normal 0.747398 0 -0.664377
    outer loop
      vertex -8.17143 7.87143 0.719644
      vertex -8.1 -8.7 0.8
      vertex -8.17143 -8.77143 0.719644
    endloop
  endfacet
  facet normal 0 -0.747398 -0.664377
    outer loop
      vertex -8.17143 7.87143 0.719644
      vertex 5.9 7.8 0.8
      vertex -8.1 7.8 0.8
    endloop
  endfacet
  facet normal 0 -0.747398 -0.664377
    outer loop
      vertex 5.9 7.8 0.8
      vertex -8.17143 7.87143 0.719644
      vertex 5.97143 7.87143 0.719644
    endloop
  endfacet
  facet normal -0.747405 0 -0.664368
    outer loop
      vertex 6.6 8.5 0.0125008
      vertex 6.35714 -9.15714 0.285715
      vertex 6.35714 8.25714 0.285715
    endloop
  endfacet
  facet normal -0.747405 0 -0.664368
    outer loop
      vertex 6.35714 -9.15714 0.285715
      vertex 6.6 8.5 0.0125008
      vertex 6.6 -9.4 0.0125008
    endloop
  endfacet
  facet normal -0.747398 0 -0.664377
    outer loop
      vertex 5.97143 7.87143 0.719644
      vertex 5.9 -8.7 0.8
      vertex 5.9 7.8 0.8
    endloop
  endfacet
  facet normal -0.747398 0 -0.664377
    outer loop
      vertex 5.9 -8.7 0.8
      vertex 5.97143 7.87143 0.719644
      vertex 5.97143 -8.77143 0.719644
    endloop
  endfacet
  facet normal 0 -0.747463 -0.664303
    outer loop
      vertex -8.81111 8.51111 0
      vertex 6.6 8.5 0.0125008
      vertex -8.8 8.5 0.0125008
    endloop
  endfacet
  facet normal 0 -0.747463 -0.664303
    outer loop
      vertex 6.6 8.5 0.0125008
      vertex -8.81111 8.51111 0
      vertex 6.61111 8.51111 0
    endloop
  endfacet
  facet normal 0 0.747463 -0.664303
    outer loop
      vertex 6.61111 -9.41111 0
      vertex -8.8 -9.4 0.0125008
      vertex 6.6 -9.4 0.0125008
    endloop
  endfacet
  facet normal 0 0.747463 -0.664303
    outer loop
      vertex -8.8 -9.4 0.0125008
      vertex 6.61111 -9.41111 0
      vertex -8.81111 -9.41111 0
    endloop
  endfacet
  facet normal 0 -0.747413 -0.664359
    outer loop
      vertex -8.55714 8.25714 0.285715
      vertex 5.97143 7.87143 0.719644
      vertex -8.17143 7.87143 0.719644
    endloop
  endfacet
  facet normal 0 -0.747413 -0.664359
    outer loop
      vertex 5.97143 7.87143 0.719644
      vertex -8.55714 8.25714 0.285715
      vertex 6.35714 8.25714 0.285715
    endloop
  endfacet
  facet normal -0.747413 0 -0.664359
    outer loop
      vertex 6.35714 8.25714 0.285715
      vertex 5.97143 -8.77143 0.719644
      vertex 5.97143 7.87143 0.719644
    endloop
  endfacet
  facet normal -0.747413 0 -0.664359
    outer loop
      vertex 5.97143 -8.77143 0.719644
      vertex 6.35714 8.25714 0.285715
      vertex 6.35714 -9.15714 0.285715
    endloop
  endfacet
  facet normal 0.747463 0 -0.664303
    outer loop
      vertex -8.8 -9.4 0.0125008
      vertex -8.81111 8.51111 0
      vertex -8.8 8.5 0.0125008
    endloop
  endfacet
  facet normal 0.747463 0 -0.664303
    outer loop
      vertex -8.81111 8.51111 0
      vertex -8.8 -9.4 0.0125008
      vertex -8.81111 -9.41111 0
    endloop
  endfacet
  facet normal 0.747405 0 -0.664368
    outer loop
      vertex -8.55714 -9.15714 0.285715
      vertex -8.8 8.5 0.0125008
      vertex -8.55714 8.25714 0.285715
    endloop
  endfacet
  facet normal 0.747405 0 -0.664368
    outer loop
      vertex -8.8 8.5 0.0125008
      vertex -8.55714 -9.15714 0.285715
      vertex -8.8 -9.4 0.0125008
    endloop
  endfacet
  facet normal 0 0.747405 -0.664368
    outer loop
      vertex 6.6 -9.4 0.0125008
      vertex -8.55714 -9.15714 0.285715
      vertex 6.35714 -9.15714 0.285715
    endloop
  endfacet
  facet normal 0 0.747405 -0.664368
    outer loop
      vertex -8.55714 -9.15714 0.285715
      vertex 6.6 -9.4 0.0125008
      vertex -8.8 -9.4 0.0125008
    endloop
  endfacet
  facet normal 0 -0.747405 -0.664368
    outer loop
      vertex -8.8 8.5 0.0125008
      vertex 6.35714 8.25714 0.285715
      vertex -8.55714 8.25714 0.285715
    endloop
  endfacet
  facet normal 0 -0.747405 -0.664368
    outer loop
      vertex 6.35714 8.25714 0.285715
      vertex -8.8 8.5 0.0125008
      vertex 6.6 8.5 0.0125008
    endloop
  endfacet
  facet normal -1 0 0
    outer loop
      vertex -12 -8.7 0.8
      vertex -12 7.8 2.5
      vertex -12 7.8 0.8
    endloop
  endfacet
  facet normal -1 -0 0
    outer loop
      vertex -12 7.8 2.5
      vertex -12 -8.7 0.8
      vertex -12 -8.7 2.5
    endloop
  endfacet
  facet normal 1 -0 0
    outer loop
      vertex -26 -8.7 2.5
      vertex -26 7.8 0.8
      vertex -26 7.8 2.5
    endloop
  endfacet
  facet normal 1 0 0
    outer loop
      vertex -26 7.8 0.8
      vertex -26 -8.7 2.5
      vertex -26 -8.7 0.8
    endloop
  endfacet
  facet normal 0 -1 0
    outer loop
      vertex -26 7.8 0.8
      vertex -12 7.8 2.5
      vertex -26 7.8 2.5
    endloop
  endfacet
  facet normal 0 -1 -0
    outer loop
      vertex -12 7.8 2.5
      vertex -26 7.8 0.8
      vertex -12 7.8 0.8
    endloop
  endfacet
  facet normal 0 1 -0
    outer loop
      vertex -12 -8.7 0.8
      vertex -26 -8.7 2.5
      vertex -12 -8.7 2.5
    endloop
  endfacet
  facet normal 0 1 0
    outer loop
      vertex -26 -8.7 2.5
      vertex -12 -8.7 0.8
      vertex -26 -8.7 0.8
    endloop
  endfacet
  facet normal -0.74776 0 -0.663969
    outer loop
      vertex -11.2889 8.51111 0
      vertex -11.3 -9.4 0.0125008
      vertex -11.3 8.5 0.0125008
    endloop
  endfacet
  facet normal -0.74776 0 -0.663969
    outer loop
      vertex -11.3 -9.4 0.0125008
      vertex -11.2889 8.51111 0
      vertex -11.2889 -9.41111 0
    endloop
  endfacet
  facet normal 0.747422 0 -0.66435
    outer loop
      vertex -26.0714 -8.77143 0.719644
      vertex -26.4571 8.25714 0.285715
      vertex -26.0714 7.87143 0.719644
    endloop
  endfacet
  facet normal 0.747422 0 -0.66435
    outer loop
      vertex -26.4571 8.25714 0.285715
      vertex -26.0714 -8.77143 0.719644
      vertex -26.4571 -9.15714 0.285715
    endloop
  endfacet
  facet normal 0 0.747398 -0.664377
    outer loop
      vertex -11.9286 -8.77143 0.719644
      vertex -26 -8.7 0.8
      vertex -12 -8.7 0.8
    endloop
  endfacet
  facet normal 0 0.747398 -0.664377
    outer loop
      vertex -26 -8.7 0.8
      vertex -11.9286 -8.77143 0.719644
      vertex -26.0714 -8.77143 0.719644
    endloop
  endfacet
  facet normal 0 0.747413 -0.664359
    outer loop
      vertex -11.5429 -9.15714 0.285715
      vertex -26.0714 -8.77143 0.719644
      vertex -11.9286 -8.77143 0.719644
    endloop
  endfacet
  facet normal 0 0.747413 -0.664359
    outer loop
      vertex -26.0714 -8.77143 0.719644
      vertex -11.5429 -9.15714 0.285715
      vertex -26.4571 -9.15714 0.285715
    endloop
  endfacet
  facet normal 0.747537 0 -0.664221
    outer loop
      vertex -26 -8.7 0.8
      vertex -26.0714 7.87143 0.719644
      vertex -26 7.8 0.8
    endloop
  endfacet
  facet normal 0.747537 0 -0.664221
    outer loop
      vertex -26.0714 7.87143 0.719644
      vertex -26 -8.7 0.8
      vertex -26.0714 -8.77143 0.719644
    endloop
  endfacet
  facet normal 0 -0.747398 -0.664377
    outer loop
      vertex -26.0714 7.87143 0.719644
      vertex -12 7.8 0.8
      vertex -26 7.8 0.8
    endloop
  endfacet
  facet normal 0 -0.747398 -0.664377
    outer loop
      vertex -12 7.8 0.8
      vertex -26.0714 7.87143 0.719644
      vertex -11.9286 7.87143 0.719644
    endloop
  endfacet
  facet normal -0.747351 0 -0.664429
    outer loop
      vertex -11.3 8.5 0.0125008
      vertex -11.5429 -9.15714 0.285715
      vertex -11.5429 8.25714 0.285715
    endloop
  endfacet
  facet normal -0.747351 0 -0.664429
    outer loop
      vertex -11.5429 -9.15714 0.285715
      vertex -11.3 8.5 0.0125008
      vertex -11.3 -9.4 0.0125008
    endloop
  endfacet
  facet normal -0.747537 0 -0.664221
    outer loop
      vertex -11.9286 7.87143 0.719644
      vertex -12 -8.7 0.8
      vertex -12 7.8 0.8
    endloop
  endfacet
  facet normal -0.747537 0 -0.664221
    outer loop
      vertex -12 -8.7 0.8
      vertex -11.9286 7.87143 0.719644
      vertex -11.9286 -8.77143 0.719644
    endloop
  endfacet
  facet normal 0 -0.747463 -0.664303
    outer loop
      vertex -26.7111 8.51111 0
      vertex -11.3 8.5 0.0125008
      vertex -26.7 8.5 0.0125008
    endloop
  endfacet
  facet normal 0 -0.747463 -0.664303
    outer loop
      vertex -11.3 8.5 0.0125008
      vertex -26.7111 8.51111 0
      vertex -11.2889 8.51111 0
    endloop
  endfacet
  facet normal 0 0.747463 -0.664303
    outer loop
      vertex -11.2889 -9.41111 0
      vertex -26.7 -9.4 0.0125008
      vertex -11.3 -9.4 0.0125008
    endloop
  endfacet
  facet normal 0 0.747463 -0.664303
    outer loop
      vertex -26.7 -9.4 0.0125008
      vertex -11.2889 -9.41111 0
      vertex -26.7111 -9.41111 0
    endloop
  endfacet
  facet normal 0 -0.747413 -0.664359
    outer loop
      vertex -26.4571 8.25714 0.285715
      vertex -11.9286 7.87143 0.719644
      vertex -26.0714 7.87143 0.719644
    endloop
  endfacet
  facet normal 0 -0.747413 -0.664359
    outer loop
      vertex -11.9286 7.87143 0.719644
      vertex -26.4571 8.25714 0.285715
      vertex -11.5429 8.25714 0.285715
    endloop
  endfacet
  facet normal -0.747422 0 -0.66435
    outer loop
      vertex -11.5429 8.25714 0.285715
      vertex -11.9286 -8.77143 0.719644
      vertex -11.9286 7.87143 0.719644
    endloop
  endfacet
  facet normal -0.747422 0 -0.66435
    outer loop
      vertex -11.9286 -8.77143 0.719644
      vertex -11.5429 8.25714 0.285715
      vertex -11.5429 -9.15714 0.285715
    endloop
  endfacet
  facet normal 0.74776 0 -0.663969
    outer loop
      vertex -26.7 -9.4 0.0125008
      vertex -26.7111 8.51111 0
      vertex -26.7 8.5 0.0125008
    endloop
  endfacet
  facet normal 0.74776 0 -0.663969
    outer loop
      vertex -26.7111 8.51111 0
      vertex -26.7 -9.4 0.0125008
      vertex -26.7111 -9.41111 0
    endloop
  endfacet
  facet normal 0.747351 0 -0.664429
    outer loop
      vertex -26.4571 -9.15714 0.285715
      vertex -26.7 8.5 0.0125008
      vertex -26.4571 8.25714 0.285715
    endloop
  endfacet
  facet normal 0.747351 0 -0.664429
    outer loop
      vertex -26.7 8.5 0.0125008
      vertex -26.4571 -9.15714 0.285715
      vertex -26.7 -9.4 0.0125008
    endloop
  endfacet
  facet normal 0 0.747405 -0.664368
    outer loop
      vertex -11.3 -9.4 0.0125008
      vertex -26.4571 -9.15714 0.285715
      vertex -11.5429 -9.15714 0.285715
    endloop
  endfacet
  facet normal 0 0.747405 -0.664368
    outer loop
      vertex -26.4571 -9.15714 0.285715
      vertex -11.3 -9.4 0.0125008
      vertex -26.7 -9.4 0.0125008
    endloop
  endfacet
  facet normal 0 -0.747405 -0.664368
    outer loop
      vertex -26.7 8.5 0.0125008
      vertex -11.5429 8.25714 0.285715
      vertex -26.4571 8.25714 0.285715
    endloop
  endfacet
  facet normal 0 -0.747405 -0.664368
    outer loop
      vertex -11.5429 8.25714 0.285715
      vertex -26.7 8.5 0.0125008
      vertex -11.3 8.5 0.0125008
    endloop
  endfacet
  facet normal -0 0 1
    outer loop
      vertex 31 -4.1 74.5
      vertex 32.7 -8.7 74.5
      vertex 32.7 -4.1 74.5
    endloop
  endfacet
  facet normal 0 0 1
    outer loop
      vertex 32.7 -8.7 74.5
      vertex 31 -4.1 74.5
      vertex 31 -8.7 74.5
    endloop
  endfacet
  facet normal 0 0 -1
    outer loop
      vertex 31 -8.7 84.1
      vertex 32.7 -4.1 84.1
      vertex 32.7 -8.7 84.1
    endloop
  endfacet
  facet normal -0 0 -1
    outer loop
      vertex 32.7 -4.1 84.1
      vertex 31 -8.7 84.1
      vertex 31 -4.1 84.1
    endloop
  endfacet
  facet normal 0 1 -0
    outer loop
      vertex 32.7 -8.7 74.5
      vertex 31 -8.7 84.1
      vertex 32.7 -8.7 84.1
    endloop
  endfacet
  facet normal 0 1 0
    outer loop
      vertex 31 -8.7 84.1
      vertex 32.7 -8.7 74.5
      vertex 31 -8.7 74.5
    endloop
  endfacet
  facet normal 0 -1 0
    outer loop
      vertex 31 -4.1 74.5
      vertex 32.7 -4.1 84.1
      vertex 31 -4.1 84.1
    endloop
  endfacet
  facet normal 0 -1 -0
    outer loop
      vertex 32.7 -4.1 84.1
      vertex 31 -4.1 74.5
      vertex 32.7 -4.1 74.5
    endloop
  endfacet
  facet normal 0.330759 -0.826898 0.454794
    outer loop
      vertex 33.4875 -3.4 84.8
      vertex 32.925 -3.9 84.3
      vertex 32.7804 -4.02857 84.1714
    endloop
  endfacet
  facet normal 0.66523 0 0.746639
    outer loop
      vertex 32.7 -4.1 74.5
      vertex 32.7321 -8.72857 74.4714
      vertex 32.7321 -4.07143 74.4714
    endloop
  endfacet
  facet normal 0.66523 0 0.746639
    outer loop
      vertex 32.7321 -8.72857 74.4714
      vertex 32.7 -4.1 74.5
      vertex 32.7 -8.7 74.5
    endloop
  endfacet
  facet normal 0.663729 0.747973 0
    outer loop
      vertex 32.7804 -8.77143 84.1714
      vertex 32.7321 -8.72857 74.4714
      vertex 32.7321 -8.72857 84.1286
    endloop
  endfacet
  facet normal 0.663729 0.747973 0
    outer loop
      vertex 32.7321 -8.72857 74.4714
      vertex 32.7804 -8.77143 84.1714
      vertex 32.7804 -8.77143 74.4286
    endloop
  endfacet
  facet normal 0.664385 0.74739 0
    outer loop
      vertex 33.4875 -9.4 84.8
      vertex 32.7804 -8.77143 74.4286
      vertex 32.7804 -8.77143 84.1714
    endloop
  endfacet
  facet normal 0.664385 0.74739 0
    outer loop
      vertex 32.7804 -8.77143 74.4286
      vertex 33.4875 -9.4 84.8
      vertex 33.4875 -9.4 73.8
    endloop
  endfacet
  facet normal 0.664327 -0.747442 0
    outer loop
      vertex 33.4875 -3.4 73.8
      vertex 33.5 -3.38889 84.8111
      vertex 33.4875 -3.4 84.8
    endloop
  endfacet
  facet normal 0.664327 -0.747442 0
    outer loop
      vertex 33.5 -3.38889 84.8111
      vertex 33.4875 -3.4 73.8
      vertex 33.5 -3.38889 73.7889
    endloop
  endfacet
  facet normal 0.663729 -0.747973 0
    outer loop
      vertex 32.7321 -4.07143 74.4714
      vertex 32.7804 -4.02857 84.1714
      vertex 32.7321 -4.07143 84.1286
    endloop
  endfacet
  facet normal 0.663729 -0.747973 0
    outer loop
      vertex 32.7804 -4.02857 84.1714
      vertex 32.7321 -4.07143 74.4714
      vertex 32.7804 -4.02857 74.4286
    endloop
  endfacet
  facet normal 0.664556 0 -0.747238
    outer loop
      vertex 32.7804 -8.77143 84.1714
      vertex 32.925 -3.9 84.3
      vertex 32.925 -8.9 84.3
    endloop
  endfacet
  facet normal 0.664556 0 -0.747238
    outer loop
      vertex 32.925 -3.9 84.3
      vertex 32.7804 -8.77143 84.1714
      vertex 32.7804 -4.02857 84.1714
    endloop
  endfacet
  facet normal 0.664556 0 0.747238
    outer loop
      vertex 32.7804 -4.02857 74.4286
      vertex 32.925 -8.9 74.3
      vertex 32.925 -3.9 74.3
    endloop
  endfacet
  facet normal 0.664556 0 0.747238
    outer loop
      vertex 32.925 -8.9 74.3
      vertex 32.7804 -4.02857 74.4286
      vertex 32.7804 -8.77143 74.4286
    endloop
  endfacet
  facet normal 0.663992 0 -0.747739
    outer loop
      vertex 33.4875 -9.4 84.8
      vertex 33.5 -3.38889 84.8111
      vertex 33.5 -9.41111 84.8111
    endloop
  endfacet
  facet normal 0.663992 0 -0.747739
    outer loop
      vertex 33.5 -3.38889 84.8111
      vertex 33.4875 -9.4 84.8
      vertex 33.4875 -3.4 84.8
    endloop
  endfacet
  facet normal 0.664364 0 -0.747409
    outer loop
      vertex 32.925 -8.9 84.3
      vertex 33.4875 -3.4 84.8
      vertex 33.4875 -9.4 84.8
    endloop
  endfacet
  facet normal 0.664364 0 -0.747409
    outer loop
      vertex 33.4875 -3.4 84.8
      vertex 32.925 -8.9 84.3
      vertex 32.925 -3.9 84.3
    endloop
  endfacet
  facet normal 0.664385 -0.74739 0
    outer loop
      vertex 32.7804 -4.02857 74.4286
      vertex 33.4875 -3.4 84.8
      vertex 32.7804 -4.02857 84.1714
    endloop
  endfacet
  facet normal 0.664385 -0.74739 0
    outer loop
      vertex 33.4875 -3.4 84.8
      vertex 32.7804 -4.02857 74.4286
      vertex 33.4875 -3.4 73.8
    endloop
  endfacet
  facet normal 0.66484 -0.746985 0
    outer loop
      vertex 32.7 -4.1 74.5
      vertex 32.7321 -4.07143 84.1286
      vertex 32.7 -4.1 84.1
    endloop
  endfacet
  facet normal 0.66484 -0.746985 0
    outer loop
      vertex 32.7321 -4.07143 84.1286
      vertex 32.7 -4.1 74.5
      vertex 32.7321 -4.07143 74.4714
    endloop
  endfacet
  facet normal 0.330759 0.826898 0.454794
    outer loop
      vertex 32.925 -8.9 84.3
      vertex 33.4875 -9.4 84.8
      vertex 32.7804 -8.77143 84.1714
    endloop
  endfacet
  facet normal 0.663209 0 -0.748434
    outer loop
      vertex 32.7321 -8.72857 84.1286
      vertex 32.7804 -4.02857 84.1714
      vertex 32.7804 -8.77143 84.1714
    endloop
  endfacet
  facet normal 0.663209 0 -0.748434
    outer loop
      vertex 32.7804 -4.02857 84.1714
      vertex 32.7321 -8.72857 84.1286
      vertex 32.7321 -4.07143 84.1286
    endloop
  endfacet
  facet normal 0.330759 0.826898 -0.454794
    outer loop
      vertex 33.4875 -9.4 73.8
      vertex 32.925 -8.9 74.3
      vertex 32.7804 -8.77143 74.4286
    endloop
  endfacet
  facet normal 0.664327 0.747442 0
    outer loop
      vertex 33.5 -9.41111 84.8111
      vertex 33.4875 -9.4 73.8
      vertex 33.4875 -9.4 84.8
    endloop
  endfacet
  facet normal 0.664327 0.747442 0
    outer loop
      vertex 33.4875 -9.4 73.8
      vertex 33.5 -9.41111 84.8111
      vertex 33.5 -9.41111 73.7889
    endloop
  endfacet
  facet normal 0.663992 0 0.747739
    outer loop
      vertex 33.4875 -3.4 73.8
      vertex 33.5 -9.41111 73.7889
      vertex 33.5 -3.38889 73.7889
    endloop
  endfacet
  facet normal 0.663992 0 0.747739
    outer loop
      vertex 33.5 -9.41111 73.7889
      vertex 33.4875 -3.4 73.8
      vertex 33.4875 -9.4 73.8
    endloop
  endfacet
  facet normal 0.66523 0 -0.746639
    outer loop
      vertex 32.7 -8.7 84.1
      vertex 32.7321 -4.07143 84.1286
      vertex 32.7321 -8.72857 84.1286
    endloop
  endfacet
  facet normal 0.66523 0 -0.746639
    outer loop
      vertex 32.7321 -4.07143 84.1286
      vertex 32.7 -8.7 84.1
      vertex 32.7 -4.1 84.1
    endloop
  endfacet
  facet normal 0.66484 0.746985 0
    outer loop
      vertex 32.7321 -8.72857 84.1286
      vertex 32.7 -8.7 74.5
      vertex 32.7 -8.7 84.1
    endloop
  endfacet
  facet normal 0.66484 0.746985 0
    outer loop
      vertex 32.7 -8.7 74.5
      vertex 32.7321 -8.72857 84.1286
      vertex 32.7321 -8.72857 74.4714
    endloop
  endfacet
  facet normal 0.663209 0 0.748434
    outer loop
      vertex 32.7321 -4.07143 74.4714
      vertex 32.7804 -8.77143 74.4286
      vertex 32.7804 -4.02857 74.4286
    endloop
  endfacet
  facet normal 0.663209 0 0.748434
    outer loop
      vertex 32.7804 -8.77143 74.4286
      vertex 32.7321 -4.07143 74.4714
      vertex 32.7321 -8.72857 74.4714
    endloop
  endfacet
  facet normal 0.330759 -0.826898 -0.454794
    outer loop
      vertex 32.925 -3.9 74.3
      vertex 33.4875 -3.4 73.8
      vertex 32.7804 -4.02857 74.4286
    endloop
  endfacet
  facet normal 0.664364 0 0.747409
    outer loop
      vertex 32.925 -3.9 74.3
      vertex 33.4875 -9.4 73.8
      vertex 33.4875 -3.4 73.8
    endloop
  endfacet
  facet normal 0.664364 0 0.747409
    outer loop
      vertex 33.4875 -9.4 73.8
      vertex 32.925 -3.9 74.3
      vertex 32.925 -8.9 74.3
    endloop
  endfacet
  facet normal -0 0 1
    outer loop
      vertex 31 -4.3 61.05
      vertex 32.7 -8.7 61.05
      vertex 32.7 -4.3 61.05
    endloop
  endfacet
  facet normal 0 0 1
    outer loop
      vertex 32.7 -8.7 61.05
      vertex 31 -4.3 61.05
      vertex 31 -8.7 61.05
    endloop
  endfacet
  facet normal 0 0 -1
    outer loop
      vertex 31 -8.7 68.35
      vertex 32.7 -4.3 68.35
      vertex 32.7 -8.7 68.35
    endloop
  endfacet
  facet normal -0 0 -1
    outer loop
      vertex 32.7 -4.3 68.35
      vertex 31 -8.7 68.35
      vertex 31 -4.3 68.35
    endloop
  endfacet
  facet normal 0 1 -0
    outer loop
      vertex 32.7 -8.7 61.05
      vertex 31 -8.7 68.35
      vertex 32.7 -8.7 68.35
    endloop
  endfacet
  facet normal 0 1 0
    outer loop
      vertex 31 -8.7 68.35
      vertex 32.7 -8.7 61.05
      vertex 31 -8.7 61.05
    endloop
  endfacet
  facet normal 0 -1 0
    outer loop
      vertex 31 -4.3 61.05
      vertex 32.7 -4.3 68.35
      vertex 31 -4.3 68.35
    endloop
  endfacet
  facet normal 0 -1 -0
    outer loop
      vertex 32.7 -4.3 68.35
      vertex 31 -4.3 61.05
      vertex 32.7 -4.3 61.05
    endloop
  endfacet
  facet normal 0.664354 0 0.747418
    outer loop
      vertex 32.7643 -4.24286 60.9929
      vertex 33.2304 -9.17143 60.5786
      vertex 33.2304 -3.82857 60.5786
    endloop
  endfacet
  facet normal 0.664354 0 0.747418
    outer loop
      vertex 33.2304 -9.17143 60.5786
      vertex 32.7643 -4.24286 60.9929
      vertex 32.7643 -8.75714 60.9929
    endloop
  endfacet
  facet normal -0.644526 -0.763613 -0.0384837
    outer loop
      vertex 33.2304 -9.17143 68.8214
      vertex 32.9411 -8.91429 68.5643
      vertex 32.7643 -8.75714 68.4071
    endloop
  endfacet
  facet normal 0.697839 -0.0732853 -0.712496
    outer loop
      vertex 32.7161 -4.28572 68.3643
      vertex 32.7 -4.3 68.35
      vertex 32.7643 -4.24286 68.4071
    endloop
  endfacet
  facet normal -0.391812 0.832446 -0.391812
    outer loop
      vertex 32.7964 -4.21429 68.4357
      vertex 32.7643 -4.24286 68.4071
      vertex 32.7 -4.3 68.35
    endloop
  endfacet
  facet normal -0.257778 0.812714 0.522538
    outer loop
      vertex 32.9411 -4.08571 60.8357
      vertex 32.7964 -4.21429 60.9643
      vertex 32.7643 -4.24286 60.9929
    endloop
  endfacet
  facet normal -0.394983 0.832603 -0.38828
    outer loop
      vertex 33.5 -3.58889 69.0611
      vertex 33.2304 -3.82857 68.8214
      vertex 32.9411 -4.08571 68.5643
    endloop
  endfacet
  facet normal 0.664242 0.747518 0
    outer loop
      vertex 32.9411 -8.91429 68.5643
      vertex 32.7964 -8.78571 60.9643
      vertex 32.7964 -8.78571 68.4357
    endloop
  endfacet
  facet normal 0.664242 0.747518 0
    outer loop
      vertex 32.7964 -8.78571 60.9643
      vertex 32.9411 -8.91429 68.5643
      vertex 32.9411 -8.91429 60.8357
    endloop
  endfacet
  facet normal -0.257778 0.812714 -0.522538
    outer loop
      vertex 32.7964 -4.21429 68.4357
      vertex 32.9411 -4.08571 68.5643
      vertex 32.7643 -4.24286 68.4071
    endloop
  endfacet
  facet normal -0.394983 -0.832603 -0.38828
    outer loop
      vertex 33.2304 -9.17143 68.8214
      vertex 33.5 -9.41111 69.0611
      vertex 32.9411 -8.91429 68.5643
    endloop
  endfacet
  facet normal -0.257778 -0.812714 0.522538
    outer loop
      vertex 32.7964 -8.78571 60.9643
      vertex 32.9411 -8.91429 60.8357
      vertex 32.7643 -8.75714 60.9929
    endloop
  endfacet
  facet normal -0.257778 -0.812714 -0.522538
    outer loop
      vertex 32.9411 -8.91429 68.5643
      vertex 32.7964 -8.78571 68.4357
      vertex 32.7643 -8.75714 68.4071
    endloop
  endfacet
  facet normal -0.644526 0.763613 -0.0384837
    outer loop
      vertex 32.9411 -4.08571 68.5643
      vertex 33.2304 -3.82857 68.8214
      vertex 32.7643 -4.24286 68.4071
    endloop
  endfacet
  facet normal 0.663979 0 -0.747752
    outer loop
      vertex 32.7161 -8.71428 68.3643
      vertex 32.7643 -4.24286 68.4071
      vertex 32.7643 -8.75714 68.4071
    endloop
  endfacet
  facet normal 0.663979 0 -0.747752
    outer loop
      vertex 32.7643 -4.24286 68.4071
      vertex 32.7161 -8.71428 68.3643
      vertex 32.7161 -4.28572 68.3643
    endloop
  endfacet
  facet normal 0.664076 0 -0.747665
    outer loop
      vertex 32.7 -8.7 68.35
      vertex 32.7161 -4.28572 68.3643
      vertex 32.7161 -8.71428 68.3643
    endloop
  endfacet
  facet normal 0.664076 0 -0.747665
    outer loop
      vertex 32.7161 -4.28572 68.3643
      vertex 32.7 -8.7 68.35
      vertex 32.7 -4.3 68.35
    endloop
  endfacet
  facet normal 0.664242 -0.747518 0
    outer loop
      vertex 32.7964 -4.21429 60.9643
      vertex 32.9411 -4.08571 68.5643
      vertex 32.7964 -4.21429 68.4357
    endloop
  endfacet
  facet normal 0.664242 -0.747518 0
    outer loop
      vertex 32.9411 -4.08571 68.5643
      vertex 32.7964 -4.21429 60.9643
      vertex 32.9411 -4.08571 60.8357
    endloop
  endfacet
  facet normal 0.664076 0 0.747665
    outer loop
      vertex 32.7 -4.3 61.05
      vertex 32.7161 -8.71428 61.0357
      vertex 32.7161 -4.28572 61.0357
    endloop
  endfacet
  facet normal 0.664076 0 0.747665
    outer loop
      vertex 32.7161 -8.71428 61.0357
      vertex 32.7 -4.3 61.05
      vertex 32.7 -8.7 61.05
    endloop
  endfacet
  facet normal 0.697839 0.0732853 -0.712496
    outer loop
      vertex 32.7643 -8.75714 68.4071
      vertex 32.7 -8.7 68.35
      vertex 32.7161 -8.71428 68.3643
    endloop
  endfacet
  facet normal -0.391812 -0.832446 -0.391812
    outer loop
      vertex 32.7 -8.7 68.35
      vertex 32.7643 -8.75714 68.4071
      vertex 32.7964 -8.78571 68.4357
    endloop
  endfacet
  facet normal 0.664379 -0.747396 0
    outer loop
      vertex 32.9411 -4.08571 60.8357
      vertex 33.5 -3.58889 69.0611
      vertex 32.9411 -4.08571 68.5643
    endloop
  endfacet
  facet normal 0.664379 -0.747396 0
    outer loop
      vertex 33.5 -3.58889 69.0611
      vertex 32.9411 -4.08571 60.8357
      vertex 33.5 -3.58889 60.3389
    endloop
  endfacet
  facet normal -0.394983 0.832603 0.38828
    outer loop
      vertex 33.2304 -3.82857 60.5786
      vertex 33.5 -3.58889 60.3389
      vertex 32.9411 -4.08571 60.8357
    endloop
  endfacet
  facet normal -0.529195 0.818488 0.223673
    outer loop
      vertex 32.7161 -4.28572 61.0357
      vertex 32.7643 -4.24286 60.9929
      vertex 32.7964 -4.21429 60.9643
    endloop
  endfacet
  facet normal 0.461948 0.31095 0.830611
    outer loop
      vertex 32.7 -4.3 61.05
      vertex 32.7161 -4.28572 61.0357
      vertex 32.7964 -4.21429 60.9643
    endloop
  endfacet
  facet normal -0.391812 -0.832446 0.391812
    outer loop
      vertex 32.7 -8.7 61.05
      vertex 32.7964 -8.78571 60.9643
      vertex 32.7643 -8.75714 60.9929
    endloop
  endfacet
  facet normal 0.697839 0.0732853 0.712496
    outer loop
      vertex 32.7 -8.7 61.05
      vertex 32.7643 -8.75714 60.9929
      vertex 32.7161 -8.71428 61.0357
    endloop
  endfacet
  facet normal 0.66445 0 -0.747333
    outer loop
      vertex 33.2304 -9.17143 68.8214
      vertex 33.5 -3.58889 69.0611
      vertex 33.5 -9.41111 69.0611
    endloop
  endfacet
  facet normal 0.66445 0 -0.747333
    outer loop
      vertex 33.5 -3.58889 69.0611
      vertex 33.2304 -9.17143 68.8214
      vertex 33.2304 -3.82857 68.8214
    endloop
  endfacet
  facet normal 0.664354 0 -0.747418
    outer loop
      vertex 32.7643 -8.75714 68.4071
      vertex 33.2304 -3.82857 68.8214
      vertex 33.2304 -9.17143 68.8214
    endloop
  endfacet
  facet normal 0.664354 0 -0.747418
    outer loop
      vertex 33.2304 -3.82857 68.8214
      vertex 32.7643 -8.75714 68.4071
      vertex 32.7643 -4.24286 68.4071
    endloop
  endfacet
  facet normal -0.644526 0.763613 0.0384837
    outer loop
      vertex 33.2304 -3.82857 60.5786
      vertex 32.9411 -4.08571 60.8357
      vertex 32.7643 -4.24286 60.9929
    endloop
  endfacet
  facet normal -0.644526 -0.763613 0.0384837
    outer loop
      vertex 32.9411 -8.91429 60.8357
      vertex 33.2304 -9.17143 60.5786
      vertex 32.7643 -8.75714 60.9929
    endloop
  endfacet
  facet normal 0.664455 -0.747328 0
    outer loop
      vertex 32.7 -4.3 61.05
      vertex 32.7964 -4.21429 68.4357
      vertex 32.7 -4.3 68.35
    endloop
  endfacet
  facet normal 0.664455 -0.747328 0
    outer loop
      vertex 32.7964 -4.21429 68.4357
      vertex 32.7 -4.3 61.05
      vertex 32.7964 -4.21429 60.9643
    endloop
  endfacet
  facet normal 0.663979 0 0.747752
    outer loop
      vertex 32.7161 -4.28572 61.0357
      vertex 32.7643 -8.75714 60.9929
      vertex 32.7643 -4.24286 60.9929
    endloop
  endfacet
  facet normal 0.663979 0 0.747752
    outer loop
      vertex 32.7643 -8.75714 60.9929
      vertex 32.7161 -4.28572 61.0357
      vertex 32.7161 -8.71428 61.0357
    endloop
  endfacet
  facet normal 0.664455 0.747328 0
    outer loop
      vertex 32.7964 -8.78571 68.4357
      vertex 32.7 -8.7 61.05
      vertex 32.7 -8.7 68.35
    endloop
  endfacet
  facet normal 0.664455 0.747328 0
    outer loop
      vertex 32.7 -8.7 61.05
      vertex 32.7964 -8.78571 68.4357
      vertex 32.7964 -8.78571 60.9643
    endloop
  endfacet
  facet normal 0.664379 0.747396 0
    outer loop
      vertex 33.5 -9.41111 69.0611
      vertex 32.9411 -8.91429 60.8357
      vertex 32.9411 -8.91429 68.5643
    endloop
  endfacet
  facet normal 0.664379 0.747396 0
    outer loop
      vertex 32.9411 -8.91429 60.8357
      vertex 33.5 -9.41111 69.0611
      vertex 33.5 -9.41111 60.3389
    endloop
  endfacet
  facet normal 0.66445 0 0.747333
    outer loop
      vertex 33.2304 -3.82857 60.5786
      vertex 33.5 -9.41111 60.3389
      vertex 33.5 -3.58889 60.3389
    endloop
  endfacet
  facet normal 0.66445 0 0.747333
    outer loop
      vertex 33.5 -9.41111 60.3389
      vertex 33.2304 -3.82857 60.5786
      vertex 33.2304 -9.17143 60.5786
    endloop
  endfacet
  facet normal -0.394983 -0.832603 0.38828
    outer loop
      vertex 33.5 -9.41111 60.3389
      vertex 33.2304 -9.17143 60.5786
      vertex 32.9411 -8.91429 60.8357
    endloop
  endfacet
  facet normal -0 0 1
    outer loop
      vertex 31 -4.3 47.65
      vertex 32.7 -8.7 47.65
      vertex 32.7 -4.3 47.65
    endloop
  endfacet
  facet normal 0 0 1
    outer loop
      vertex 32.7 -8.7 47.65
      vertex 31 -4.3 47.65
      vertex 31 -8.7 47.65
    endloop
  endfacet
  facet normal 0 0 -1
    outer loop
      vertex 31 -8.7 54.95
      vertex 32.7 -4.3 54.95
      vertex 32.7 -8.7 54.95
    endloop
  endfacet
  facet normal -0 0 -1
    outer loop
      vertex 32.7 -4.3 54.95
      vertex 31 -8.7 54.95
      vertex 31 -4.3 54.95
    endloop
  endfacet
  facet normal 0 1 -0
    outer loop
      vertex 32.7 -8.7 47.65
      vertex 31 -8.7 54.95
      vertex 32.7 -8.7 54.95
    endloop
  endfacet
  facet normal 0 1 0
    outer loop
      vertex 31 -8.7 54.95
      vertex 32.7 -8.7 47.65
      vertex 31 -8.7 47.65
    endloop
  endfacet
  facet normal 0 -1 0
    outer loop
      vertex 31 -4.3 47.65
      vertex 32.7 -4.3 54.95
      vertex 31 -4.3 54.95
    endloop
  endfacet
  facet normal 0 -1 -0
    outer loop
      vertex 32.7 -4.3 54.95
      vertex 31 -4.3 47.65
      vertex 32.7 -4.3 47.65
    endloop
  endfacet
  facet normal 0.664354 0 0.747418
    outer loop
      vertex 32.7643 -4.24286 47.5929
      vertex 33.2304 -9.17143 47.1786
      vertex 33.2304 -3.82857 47.1786
    endloop
  endfacet
  facet normal 0.664354 0 0.747418
    outer loop
      vertex 33.2304 -9.17143 47.1786
      vertex 32.7643 -4.24286 47.5929
      vertex 32.7643 -8.75714 47.5929
    endloop
  endfacet
  facet normal -0.644526 -0.763613 -0.0384837
    outer loop
      vertex 33.2304 -9.17143 55.4214
      vertex 32.9411 -8.91429 55.1643
      vertex 32.7643 -8.75714 55.0071
    endloop
  endfacet
  facet normal -0.529195 0.818488 -0.223673
    outer loop
      vertex 32.7964 -4.21429 55.0357
      vertex 32.7643 -4.24286 55.0071
      vertex 32.7161 -4.28572 54.9643
    endloop
  endfacet
  facet normal 0.461948 0.31095 -0.830611
    outer loop
      vertex 32.7 -4.3 54.95
      vertex 32.7964 -4.21429 55.0357
      vertex 32.7161 -4.28572 54.9643
    endloop
  endfacet
  facet normal -0.257778 0.812714 0.522538
    outer loop
      vertex 32.9411 -4.08571 47.4357
      vertex 32.7964 -4.21429 47.5643
      vertex 32.7643 -4.24286 47.5929
    endloop
  endfacet
  facet normal -0.394983 0.832603 -0.38828
    outer loop
      vertex 33.5 -3.58889 55.6611
      vertex 33.2304 -3.82857 55.4214
      vertex 32.9411 -4.08571 55.1643
    endloop
  endfacet
  facet normal 0.664242 0.747518 0
    outer loop
      vertex 32.9411 -8.91429 55.1643
      vertex 32.7964 -8.78571 47.5643
      vertex 32.7964 -8.78571 55.0357
    endloop
  endfacet
  facet normal 0.664242 0.747518 0
    outer loop
      vertex 32.7964 -8.78571 47.5643
      vertex 32.9411 -8.91429 55.1643
      vertex 32.9411 -8.91429 47.4357
    endloop
  endfacet
  facet normal -0.257778 0.812714 -0.522538
    outer loop
      vertex 32.7964 -4.21429 55.0357
      vertex 32.9411 -4.08571 55.1643
      vertex 32.7643 -4.24286 55.0071
    endloop
  endfacet
  facet normal -0.394983 -0.832603 -0.38828
    outer loop
      vertex 33.2304 -9.17143 55.4214
      vertex 33.5 -9.41111 55.6611
      vertex 32.9411 -8.91429 55.1643
    endloop
  endfacet
  facet normal -0.257778 -0.812714 0.522538
    outer loop
      vertex 32.7964 -8.78571 47.5643
      vertex 32.9411 -8.91429 47.4357
      vertex 32.7643 -8.75714 47.5929
    endloop
  endfacet
  facet normal -0.257778 -0.812714 -0.522538
    outer loop
      vertex 32.9411 -8.91429 55.1643
      vertex 32.7964 -8.78571 55.0357
      vertex 32.7643 -8.75714 55.0071
    endloop
  endfacet
  facet normal -0.644526 0.763613 -0.0384837
    outer loop
      vertex 32.9411 -4.08571 55.1643
      vertex 33.2304 -3.82857 55.4214
      vertex 32.7643 -4.24286 55.0071
    endloop
  endfacet
  facet normal 0.663979 0 -0.747752
    outer loop
      vertex 32.7161 -8.71428 54.9643
      vertex 32.7643 -4.24286 55.0071
      vertex 32.7643 -8.75714 55.0071
    endloop
  endfacet
  facet normal 0.663979 0 -0.747752
    outer loop
      vertex 32.7643 -4.24286 55.0071
      vertex 32.7161 -8.71428 54.9643
      vertex 32.7161 -4.28572 54.9643
    endloop
  endfacet
  facet normal 0.664076 0 -0.747665
    outer loop
      vertex 32.7 -8.7 54.95
      vertex 32.7161 -4.28572 54.9643
      vertex 32.7161 -8.71428 54.9643
    endloop
  endfacet
  facet normal 0.664076 0 -0.747665
    outer loop
      vertex 32.7161 -4.28572 54.9643
      vertex 32.7 -8.7 54.95
      vertex 32.7 -4.3 54.95
    endloop
  endfacet
  facet normal 0.664242 -0.747518 0
    outer loop
      vertex 32.7964 -4.21429 47.5643
      vertex 32.9411 -4.08571 55.1643
      vertex 32.7964 -4.21429 55.0357
    endloop
  endfacet
  facet normal 0.664242 -0.747518 0
    outer loop
      vertex 32.9411 -4.08571 55.1643
      vertex 32.7964 -4.21429 47.5643
      vertex 32.9411 -4.08571 47.4357
    endloop
  endfacet
  facet normal 0.664076 0 0.747665
    outer loop
      vertex 32.7 -4.3 47.65
      vertex 32.7161 -8.71428 47.6357
      vertex 32.7161 -4.28572 47.6357
    endloop
  endfacet
  facet normal 0.664076 0 0.747665
    outer loop
      vertex 32.7161 -8.71428 47.6357
      vertex 32.7 -4.3 47.65
      vertex 32.7 -8.7 47.65
    endloop
  endfacet
  facet normal -0.391812 -0.832446 -0.391812
    outer loop
      vertex 32.7643 -8.75714 55.0071
      vertex 32.7964 -8.78571 55.0357
      vertex 32.7 -8.7 54.95
    endloop
  endfacet
  facet normal 0.697839 0.0732853 -0.712496
    outer loop
      vertex 32.7161 -8.71428 54.9643
      vertex 32.7643 -8.75714 55.0071
      vertex 32.7 -8.7 54.95
    endloop
  endfacet
  facet normal 0.664379 -0.747396 0
    outer loop
      vertex 32.9411 -4.08571 47.4357
      vertex 33.5 -3.58889 55.6611
      vertex 32.9411 -4.08571 55.1643
    endloop
  endfacet
  facet normal 0.664379 -0.747396 0
    outer loop
      vertex 33.5 -3.58889 55.6611
      vertex 32.9411 -4.08571 47.4357
      vertex 33.5 -3.58889 46.9389
    endloop
  endfacet
  facet normal -0.394983 0.832603 0.38828
    outer loop
      vertex 33.2304 -3.82857 47.1786
      vertex 33.5 -3.58889 46.9389
      vertex 32.9411 -4.08571 47.4357
    endloop
  endfacet
  facet normal -0.529195 0.818488 0.223673
    outer loop
      vertex 32.7964 -4.21429 47.5643
      vertex 32.7161 -4.28572 47.6357
      vertex 32.7643 -4.24286 47.5929
    endloop
  endfacet
  facet normal 0.461948 0.31095 0.830611
    outer loop
      vertex 32.7161 -4.28572 47.6357
      vertex 32.7964 -4.21429 47.5643
      vertex 32.7 -4.3 47.65
    endloop
  endfacet
  facet normal -0.529195 -0.818488 0.223673
    outer loop
      vertex 32.7643 -8.75714 47.5929
      vertex 32.7161 -8.71428 47.6357
      vertex 32.7964 -8.78571 47.5643
    endloop
  endfacet
  facet normal 0.461948 -0.31095 0.830611
    outer loop
      vertex 32.7 -8.7 47.65
      vertex 32.7964 -8.78571 47.5643
      vertex 32.7161 -8.71428 47.6357
    endloop
  endfacet
  facet normal 0.66445 0 -0.747333
    outer loop
      vertex 33.2304 -9.17143 55.4214
      vertex 33.5 -3.58889 55.6611
      vertex 33.5 -9.41111 55.6611
    endloop
  endfacet
  facet normal 0.66445 0 -0.747333
    outer loop
      vertex 33.5 -3.58889 55.6611
      vertex 33.2304 -9.17143 55.4214
      vertex 33.2304 -3.82857 55.4214
    endloop
  endfacet
  facet normal 0.664354 0 -0.747418
    outer loop
      vertex 32.7643 -8.75714 55.0071
      vertex 33.2304 -3.82857 55.4214
      vertex 33.2304 -9.17143 55.4214
    endloop
  endfacet
  facet normal 0.664354 0 -0.747418
    outer loop
      vertex 33.2304 -3.82857 55.4214
      vertex 32.7643 -8.75714 55.0071
      vertex 32.7643 -4.24286 55.0071
    endloop
  endfacet
  facet normal -0.644526 0.763613 0.0384837
    outer loop
      vertex 33.2304 -3.82857 47.1786
      vertex 32.9411 -4.08571 47.4357
      vertex 32.7643 -4.24286 47.5929
    endloop
  endfacet
  facet normal -0.644526 -0.763613 0.0384837
    outer loop
      vertex 32.9411 -8.91429 47.4357
      vertex 33.2304 -9.17143 47.1786
      vertex 32.7643 -8.75714 47.5929
    endloop
  endfacet
  facet normal 0.664455 -0.747328 0
    outer loop
      vertex 32.7 -4.3 47.65
      vertex 32.7964 -4.21429 55.0357
      vertex 32.7 -4.3 54.95
    endloop
  endfacet
  facet normal 0.664455 -0.747328 0
    outer loop
      vertex 32.7964 -4.21429 55.0357
      vertex 32.7 -4.3 47.65
      vertex 32.7964 -4.21429 47.5643
    endloop
  endfacet
  facet normal 0.663979 0 0.747752
    outer loop
      vertex 32.7161 -4.28572 47.6357
      vertex 32.7643 -8.75714 47.5929
      vertex 32.7643 -4.24286 47.5929
    endloop
  endfacet
  facet normal 0.663979 0 0.747752
    outer loop
      vertex 32.7643 -8.75714 47.5929
      vertex 32.7161 -4.28572 47.6357
      vertex 32.7161 -8.71428 47.6357
    endloop
  endfacet
  facet normal 0.664455 0.747328 0
    outer loop
      vertex 32.7964 -8.78571 55.0357
      vertex 32.7 -8.7 47.65
      vertex 32.7 -8.7 54.95
    endloop
  endfacet
  facet normal 0.664455 0.747328 0
    outer loop
      vertex 32.7 -8.7 47.65
      vertex 32.7964 -8.78571 55.0357
      vertex 32.7964 -8.78571 47.5643
    endloop
  endfacet
  facet normal 0.664379 0.747396 0
    outer loop
      vertex 33.5 -9.41111 55.6611
      vertex 32.9411 -8.91429 47.4357
      vertex 32.9411 -8.91429 55.1643
    endloop
  endfacet
  facet normal 0.664379 0.747396 0
    outer loop
      vertex 32.9411 -8.91429 47.4357
      vertex 33.5 -9.41111 55.6611
      vertex 33.5 -9.41111 46.9389
    endloop
  endfacet
  facet normal 0.66445 0 0.747333
    outer loop
      vertex 33.2304 -3.82857 47.1786
      vertex 33.5 -9.41111 46.9389
      vertex 33.5 -3.58889 46.9389
    endloop
  endfacet
  facet normal 0.66445 0 0.747333
    outer loop
      vertex 33.5 -9.41111 46.9389
      vertex 33.2304 -3.82857 47.1786
      vertex 33.2304 -9.17143 47.1786
    endloop
  endfacet
  facet normal -0.394983 -0.832603 0.38828
    outer loop
      vertex 33.5 -9.41111 46.9389
      vertex 33.2304 -9.17143 47.1786
      vertex 32.9411 -8.91429 47.4357
    endloop
  endfacet
  facet normal 0 0 -1
    outer loop
      vertex -32.7 -12.3 107
      vertex -31 -5.3 107
      vertex -31 -12.3 107
    endloop
  endfacet
  facet normal -0 0 -1
    outer loop
      vertex -31 -5.3 107
      vertex -32.7 -12.3 107
      vertex -32.7 -5.3 107
    endloop
  endfacet
  facet normal -0 0 1
    outer loop
      vertex -32.7 -5.3 94
      vertex -31 -12.3 94
      vertex -31 -5.3 94
    endloop
  endfacet
  facet normal 0 0 1
    outer loop
      vertex -31 -12.3 94
      vertex -32.7 -5.3 94
      vertex -32.7 -12.3 94
    endloop
  endfacet
  facet normal 0 1 -0
    outer loop
      vertex -31 -12.3 94
      vertex -32.7 -12.3 107
      vertex -31 -12.3 107
    endloop
  endfacet
  facet normal 0 1 0
    outer loop
      vertex -32.7 -12.3 107
      vertex -31 -12.3 94
      vertex -32.7 -12.3 94
    endloop
  endfacet
  facet normal 0 -1 0
    outer loop
      vertex -32.7 -5.3 94
      vertex -31 -5.3 107
      vertex -32.7 -5.3 107
    endloop
  endfacet
  facet normal 0 -1 -0
    outer loop
      vertex -31 -5.3 107
      vertex -32.7 -5.3 94
      vertex -31 -5.3 94
    endloop
  endfacet
  facet normal -0.664375 0.7474 0
    outer loop
      vertex -32.7804 -12.3714 93.9286
      vertex -33.2143 -12.7571 107.457
      vertex -32.7804 -12.3714 107.071
    endloop
  endfacet
  facet normal -0.664375 0.7474 0
    outer loop
      vertex -33.2143 -12.7571 107.457
      vertex -32.7804 -12.3714 93.9286
      vertex -33.2143 -12.7571 93.5429
    endloop
  endfacet
  facet normal -0.664388 -0.747388 0
    outer loop
      vertex -33.4875 -4.6 107.7
      vertex -33.2143 -4.84286 93.5429
      vertex -33.2143 -4.84286 107.457
    endloop
  endfacet
  facet normal -0.664388 -0.747388 0
    outer loop
      vertex -33.2143 -4.84286 93.5429
      vertex -33.4875 -4.6 107.7
      vertex -33.4875 -4.6 93.3
    endloop
  endfacet
  facet normal -0.664017 0 0.747717
    outer loop
      vertex -32.7804 -5.22857 93.9286
      vertex -32.7 -12.3 94
      vertex -32.7 -5.3 94
    endloop
  endfacet
  facet normal -0.664017 0 0.747717
    outer loop
      vertex -32.7 -12.3 94
      vertex -32.7804 -5.22857 93.9286
      vertex -32.7804 -12.3714 93.9286
    endloop
  endfacet
  facet normal -0.664017 0.747717 0
    outer loop
      vertex -32.7 -12.3 94
      vertex -32.7804 -12.3714 107.071
      vertex -32.7 -12.3 107
    endloop
  endfacet
  facet normal -0.664017 0.747717 0
    outer loop
      vertex -32.7804 -12.3714 107.071
      vertex -32.7 -12.3 94
      vertex -32.7804 -12.3714 93.9286
    endloop
  endfacet
  facet normal -0.663992 0.747739 0
    outer loop
      vertex -33.4875 -13 93.3
      vertex -33.5 -13.0111 107.711
      vertex -33.4875 -13 107.7
    endloop
  endfacet
  facet normal -0.663992 0.747739 0
    outer loop
      vertex -33.5 -13.0111 107.711
      vertex -33.4875 -13 93.3
      vertex -33.5 -13.0111 93.2889
    endloop
  endfacet
  facet normal -0.664663 0 -0.747143
    outer loop
      vertex -33.2143 -12.7571 107.457
      vertex -32.7804 -5.22857 107.071
      vertex -32.7804 -12.3714 107.071
    endloop
  endfacet
  facet normal -0.664663 0 -0.747143
    outer loop
      vertex -32.7804 -5.22857 107.071
      vertex -33.2143 -12.7571 107.457
      vertex -33.2143 -4.84286 107.457
    endloop
  endfacet
  facet normal -0.660628 0 -0.750714
    outer loop
      vertex -33.5 -13.0111 107.711
      vertex -33.4875 -4.6 107.7
      vertex -33.4875 -13 107.7
    endloop
  endfacet
  facet normal -0.660628 0 -0.750714
    outer loop
      vertex -33.4875 -4.6 107.7
      vertex -33.5 -13.0111 107.711
      vertex -33.5 -4.58889 107.711
    endloop
  endfacet
  facet normal -0.664375 0 0.7474
    outer loop
      vertex -33.2143 -4.84286 93.5429
      vertex -32.7804 -12.3714 93.9286
      vertex -32.7804 -5.22857 93.9286
    endloop
  endfacet
  facet normal -0.664375 0 0.7474
    outer loop
      vertex -32.7804 -12.3714 93.9286
      vertex -33.2143 -4.84286 93.5429
      vertex -33.2143 -12.7571 93.5429
    endloop
  endfacet
  facet normal -0.66193 0 -0.749566
    outer loop
      vertex -32.7804 -12.3714 107.071
      vertex -32.7 -5.3 107
      vertex -32.7 -12.3 107
    endloop
  endfacet
  facet normal -0.66193 0 -0.749566
    outer loop
      vertex -32.7 -5.3 107
      vertex -32.7804 -12.3714 107.071
      vertex -32.7804 -5.22857 107.071
    endloop
  endfacet
  facet normal -0.664601 0 -0.747198
    outer loop
      vertex -33.4875 -13 107.7
      vertex -33.2143 -4.84286 107.457
      vertex -33.2143 -12.7571 107.457
    endloop
  endfacet
  facet normal -0.664601 0 -0.747198
    outer loop
      vertex -33.2143 -4.84286 107.457
      vertex -33.4875 -13 107.7
      vertex -33.4875 -4.6 107.7
    endloop
  endfacet
  facet normal -0.664449 0 0.747334
    outer loop
      vertex -33.4875 -4.6 93.3
      vertex -33.2143 -12.7571 93.5429
      vertex -33.2143 -4.84286 93.5429
    endloop
  endfacet
  facet normal -0.664449 0 0.747334
    outer loop
      vertex -33.2143 -12.7571 93.5429
      vertex -33.4875 -4.6 93.3
      vertex -33.4875 -13 93.3
    endloop
  endfacet
  facet normal -0.664173 -0.747579 0
    outer loop
      vertex -32.7804 -5.22857 107.071
      vertex -32.7 -5.3 94
      vertex -32.7 -5.3 107
    endloop
  endfacet
  facet normal -0.664173 -0.747579 0
    outer loop
      vertex -32.7 -5.3 94
      vertex -32.7804 -5.22857 107.071
      vertex -32.7804 -5.22857 93.9286
    endloop
  endfacet
  facet normal -0.664384 -0.747391 0
    outer loop
      vertex -33.2143 -4.84286 107.457
      vertex -32.7804 -5.22857 93.9286
      vertex -32.7804 -5.22857 107.071
    endloop
  endfacet
  facet normal -0.664384 -0.747391 0
    outer loop
      vertex -32.7804 -5.22857 93.9286
      vertex -33.2143 -4.84286 107.457
      vertex -33.2143 -4.84286 93.5429
    endloop
  endfacet
  facet normal -0.664449 0.747334 0
    outer loop
      vertex -33.2143 -12.7571 93.5429
      vertex -33.4875 -13 107.7
      vertex -33.2143 -12.7571 107.457
    endloop
  endfacet
  facet normal -0.664449 0.747334 0
    outer loop
      vertex -33.4875 -13 107.7
      vertex -33.2143 -12.7571 93.5429
      vertex -33.4875 -13 93.3
    endloop
  endfacet
  facet normal -0.664327 -0.747442 0
    outer loop
      vertex -33.5 -4.58889 107.711
      vertex -33.4875 -4.6 93.3
      vertex -33.4875 -4.6 107.7
    endloop
  endfacet
  facet normal -0.664327 -0.747442 0
    outer loop
      vertex -33.4875 -4.6 93.3
      vertex -33.5 -4.58889 107.711
      vertex -33.5 -4.58889 93.2889
    endloop
  endfacet
  facet normal -0.663992 0 0.747739
    outer loop
      vertex -33.5 -4.58889 93.2889
      vertex -33.4875 -13 93.3
      vertex -33.4875 -4.6 93.3
    endloop
  endfacet
  facet normal -0.663992 0 0.747739
    outer loop
      vertex -33.4875 -13 93.3
      vertex -33.5 -4.58889 93.2889
      vertex -33.5 -13.0111 93.2889
    endloop
  endfacet
  facet normal 0 0 -1
    outer loop
      vertex -33.5 -9.3 13.2
      vertex -31 11.8 13.2
      vertex -31 -9.3 13.2
    endloop
  endfacet
  facet normal -0 0 -1
    outer loop
      vertex -31 11.8 13.2
      vertex -33.5 -9.3 13.2
      vertex -33.5 11.8 13.2
    endloop
  endfacet
  facet normal -0 0 1
    outer loop
      vertex -33.5 11.8 10.8
      vertex -31 -9.3 10.8
      vertex -31 11.8 10.8
    endloop
  endfacet
  facet normal 0 0 1
    outer loop
      vertex -31 -9.3 10.8
      vertex -33.5 11.8 10.8
      vertex -33.5 -9.3 10.8
    endloop
  endfacet
  facet normal 0 1 -0
    outer loop
      vertex -31 -9.3 10.8
      vertex -33.5 -9.3 13.2
      vertex -31 -9.3 13.2
    endloop
  endfacet
  facet normal 0 1 0
    outer loop
      vertex -33.5 -9.3 13.2
      vertex -31 -9.3 10.8
      vertex -33.5 -9.3 10.8
    endloop
  endfacet
  facet normal 0 -1 0
    outer loop
      vertex -33.5 11.8 10.8
      vertex -31 11.8 13.2
      vertex -33.5 11.8 13.2
    endloop
  endfacet
  facet normal 0 -1 -0
    outer loop
      vertex -31 11.8 13.2
      vertex -33.5 11.8 10.8
      vertex -31 11.8 10.8
    endloop
  endfacet
  facet normal 0 0 -1
    outer loop
      vertex -33.5 -9.3 18.2
      vertex -31 11.8 18.2
      vertex -31 -9.3 18.2
    endloop
  endfacet
  facet normal -0 0 -1
    outer loop
      vertex -31 11.8 18.2
      vertex -33.5 -9.3 18.2
      vertex -33.5 11.8 18.2
    endloop
  endfacet
  facet normal -0 0 1
    outer loop
      vertex -33.5 11.8 15.8
      vertex -31 -9.3 15.8
      vertex -31 11.8 15.8
    endloop
  endfacet
  facet normal 0 0 1
    outer loop
      vertex -31 -9.3 15.8
      vertex -33.5 11.8 15.8
      vertex -33.5 -9.3 15.8
    endloop
  endfacet
  facet normal 0 1 -0
    outer loop
      vertex -31 -9.3 15.8
      vertex -33.5 -9.3 18.2
      vertex -31 -9.3 18.2
    endloop
  endfacet
  facet normal 0 1 0
    outer loop
      vertex -33.5 -9.3 18.2
      vertex -31 -9.3 15.8
      vertex -33.5 -9.3 15.8
    endloop
  endfacet
  facet normal 0 -1 0
    outer loop
      vertex -33.5 11.8 15.8
      vertex -31 11.8 18.2
      vertex -33.5 11.8 18.2
    endloop
  endfacet
  facet normal 0 -1 -0
    outer loop
      vertex -31 11.8 18.2
      vertex -33.5 11.8 15.8
      vertex -31 11.8 15.8
    endloop
  endfacet
  facet normal 0 0 -1
    outer loop
      vertex -33.5 -9.3 23.2
      vertex -31 11.8 23.2
      vertex -31 -9.3 23.2
    endloop
  endfacet
  facet normal -0 0 -1
    outer loop
      vertex -31 11.8 23.2
      vertex -33.5 -9.3 23.2
      vertex -33.5 11.8 23.2
    endloop
  endfacet
  facet normal -0 0 1
    outer loop
      vertex -33.5 11.8 20.8
      vertex -31 -9.3 20.8
      vertex -31 11.8 20.8
    endloop
  endfacet
  facet normal 0 0 1
    outer loop
      vertex -31 -9.3 20.8
      vertex -33.5 11.8 20.8
      vertex -33.5 -9.3 20.8
    endloop
  endfacet
  facet normal 0 1 -0
    outer loop
      vertex -31 -9.3 20.8
      vertex -33.5 -9.3 23.2
      vertex -31 -9.3 23.2
    endloop
  endfacet
  facet normal 0 1 0
    outer loop
      vertex -33.5 -9.3 23.2
      vertex -31 -9.3 20.8
      vertex -33.5 -9.3 20.8
    endloop
  endfacet
  facet normal 0 -1 0
    outer loop
      vertex -33.5 11.8 20.8
      vertex -31 11.8 23.2
      vertex -33.5 11.8 23.2
    endloop
  endfacet
  facet normal 0 -1 -0
    outer loop
      vertex -31 11.8 23.2
      vertex -33.5 11.8 20.8
      vertex -31 11.8 20.8
    endloop
  endfacet
  facet normal 0 0 -1
    outer loop
      vertex -33.5 -9.3 28.2
      vertex -31 11.8 28.2
      vertex -31 -9.3 28.2
    endloop
  endfacet
  facet normal -0 0 -1
    outer loop
      vertex -31 11.8 28.2
      vertex -33.5 -9.3 28.2
      vertex -33.5 11.8 28.2
    endloop
  endfacet
  facet normal 0 -1 0
    outer loop
      vertex -33.5 11.8 25.8
      vertex -31 11.8 28.2
      vertex -33.5 11.8 28.2
    endloop
  endfacet
  facet normal 0 -1 -0
    outer loop
      vertex -31 11.8 28.2
      vertex -33.5 11.8 25.8
      vertex -31 11.8 25.8
    endloop
  endfacet
  facet normal -0 0 1
    outer loop
      vertex -33.5 11.8 25.8
      vertex -31 -9.3 25.8
      vertex -31 11.8 25.8
    endloop
  endfacet
  facet normal 0 0 1
    outer loop
      vertex -31 -9.3 25.8
      vertex -33.5 11.8 25.8
      vertex -33.5 -9.3 25.8
    endloop
  endfacet
  facet normal 0 1 -0
    outer loop
      vertex -31 -9.3 25.8
      vertex -33.5 -9.3 28.2
      vertex -31 -9.3 28.2
    endloop
  endfacet
  facet normal 0 1 0
    outer loop
      vertex -33.5 -9.3 28.2
      vertex -31 -9.3 25.8
      vertex -33.5 -9.3 25.8
    endloop
  endfacet
  facet normal 0 0 -1
    outer loop
      vertex -33.5 -9.3 33.2
      vertex -31 11.8 33.2
      vertex -31 -9.3 33.2
    endloop
  endfacet
  facet normal -0 0 -1
    outer loop
      vertex -31 11.8 33.2
      vertex -33.5 -9.3 33.2
      vertex -33.5 11.8 33.2
    endloop
  endfacet
  facet normal -0 0 1
    outer loop
      vertex -33.5 11.8 30.8
      vertex -31 -9.3 30.8
      vertex -31 11.8 30.8
    endloop
  endfacet
  facet normal 0 0 1
    outer loop
      vertex -31 -9.3 30.8
      vertex -33.5 11.8 30.8
      vertex -33.5 -9.3 30.8
    endloop
  endfacet
  facet normal 0 1 -0
    outer loop
      vertex -31 -9.3 30.8
      vertex -33.5 -9.3 33.2
      vertex -31 -9.3 33.2
    endloop
  endfacet
  facet normal 0 1 0
    outer loop
      vertex -33.5 -9.3 33.2
      vertex -31 -9.3 30.8
      vertex -33.5 -9.3 30.8
    endloop
  endfacet
  facet normal 0 -1 0
    outer loop
      vertex -33.5 11.8 30.8
      vertex -31 11.8 33.2
      vertex -33.5 11.8 33.2
    endloop
  endfacet
  facet normal 0 -1 -0
    outer loop
      vertex -31 11.8 33.2
      vertex -33.5 11.8 30.8
      vertex -31 11.8 30.8
    endloop
  endfacet
  facet normal 0 0 -1
    outer loop
      vertex -33.5 -9.3 38.2
      vertex -31 11.8 38.2
      vertex -31 -9.3 38.2
    endloop
  endfacet
  facet normal -0 0 -1
    outer loop
      vertex -31 11.8 38.2
      vertex -33.5 -9.3 38.2
      vertex -33.5 11.8 38.2
    endloop
  endfacet
  facet normal 0 -1 0
    outer loop
      vertex -33.5 11.8 35.8
      vertex -31 11.8 38.2
      vertex -33.5 11.8 38.2
    endloop
  endfacet
  facet normal 0 -1 -0
    outer loop
      vertex -31 11.8 38.2
      vertex -33.5 11.8 35.8
      vertex -31 11.8 35.8
    endloop
  endfacet
  facet normal -0 0 1
    outer loop
      vertex -33.5 11.8 35.8
      vertex -31 -9.3 35.8
      vertex -31 11.8 35.8
    endloop
  endfacet
  facet normal 0 0 1
    outer loop
      vertex -31 -9.3 35.8
      vertex -33.5 11.8 35.8
      vertex -33.5 -9.3 35.8
    endloop
  endfacet
  facet normal 0 1 -0
    outer loop
      vertex -31 -9.3 35.8
      vertex -33.5 -9.3 38.2
      vertex -31 -9.3 38.2
    endloop
  endfacet
  facet normal 0 1 0
    outer loop
      vertex -33.5 -9.3 38.2
      vertex -31 -9.3 35.8
      vertex -33.5 -9.3 35.8
    endloop
  endfacet
  facet normal 0 0 -1
    outer loop
      vertex 31 -9.3 13.2
      vertex 33.5 11.8 13.2
      vertex 33.5 -9.3 13.2
    endloop
  endfacet
  facet normal -0 0 -1
    outer loop
      vertex 33.5 11.8 13.2
      vertex 31 -9.3 13.2
      vertex 31 11.8 13.2
    endloop
  endfacet
  facet normal -0 0 1
    outer loop
      vertex 31 11.8 10.8
      vertex 33.5 -9.3 10.8
      vertex 33.5 11.8 10.8
    endloop
  endfacet
  facet normal 0 0 1
    outer loop
      vertex 33.5 -9.3 10.8
      vertex 31 11.8 10.8
      vertex 31 -9.3 10.8
    endloop
  endfacet
  facet normal 0 1 -0
    outer loop
      vertex 33.5 -9.3 10.8
      vertex 31 -9.3 13.2
      vertex 33.5 -9.3 13.2
    endloop
  endfacet
  facet normal 0 1 0
    outer loop
      vertex 31 -9.3 13.2
      vertex 33.5 -9.3 10.8
      vertex 31 -9.3 10.8
    endloop
  endfacet
  facet normal 0 -1 0
    outer loop
      vertex 31 11.8 10.8
      vertex 33.5 11.8 13.2
      vertex 31 11.8 13.2
    endloop
  endfacet
  facet normal 0 -1 -0
    outer loop
      vertex 33.5 11.8 13.2
      vertex 31 11.8 10.8
      vertex 33.5 11.8 10.8
    endloop
  endfacet
  facet normal 0 0 -1
    outer loop
      vertex 31 -9.3 18.2
      vertex 33.5 11.8 18.2
      vertex 33.5 -9.3 18.2
    endloop
  endfacet
  facet normal -0 0 -1
    outer loop
      vertex 33.5 11.8 18.2
      vertex 31 -9.3 18.2
      vertex 31 11.8 18.2
    endloop
  endfacet
  facet normal 0 -1 0
    outer loop
      vertex 31 11.8 15.8
      vertex 33.5 11.8 18.2
      vertex 31 11.8 18.2
    endloop
  endfacet
  facet normal 0 -1 -0
    outer loop
      vertex 33.5 11.8 18.2
      vertex 31 11.8 15.8
      vertex 33.5 11.8 15.8
    endloop
  endfacet
  facet normal -0 0 1
    outer loop
      vertex 31 11.8 15.8
      vertex 33.5 -9.3 15.8
      vertex 33.5 11.8 15.8
    endloop
  endfacet
  facet normal 0 0 1
    outer loop
      vertex 33.5 -9.3 15.8
      vertex 31 11.8 15.8
      vertex 31 -9.3 15.8
    endloop
  endfacet
  facet normal 0 1 -0
    outer loop
      vertex 33.5 -9.3 15.8
      vertex 31 -9.3 18.2
      vertex 33.5 -9.3 18.2
    endloop
  endfacet
  facet normal 0 1 0
    outer loop
      vertex 31 -9.3 18.2
      vertex 33.5 -9.3 15.8
      vertex 31 -9.3 15.8
    endloop
  endfacet
  facet normal 0 0 -1
    outer loop
      vertex 31 -9.3 23.2
      vertex 33.5 11.8 23.2
      vertex 33.5 -9.3 23.2
    endloop
  endfacet
  facet normal -0 0 -1
    outer loop
      vertex 33.5 11.8 23.2
      vertex 31 -9.3 23.2
      vertex 31 11.8 23.2
    endloop
  endfacet
  facet normal 0 -1 0
    outer loop
      vertex 31 11.8 20.8
      vertex 33.5 11.8 23.2
      vertex 31 11.8 23.2
    endloop
  endfacet
  facet normal 0 -1 -0
    outer loop
      vertex 33.5 11.8 23.2
      vertex 31 11.8 20.8
      vertex 33.5 11.8 20.8
    endloop
  endfacet
  facet normal -0 0 1
    outer loop
      vertex 31 11.8 20.8
      vertex 33.5 -9.3 20.8
      vertex 33.5 11.8 20.8
    endloop
  endfacet
  facet normal 0 0 1
    outer loop
      vertex 33.5 -9.3 20.8
      vertex 31 11.8 20.8
      vertex 31 -9.3 20.8
    endloop
  endfacet
  facet normal 0 1 -0
    outer loop
      vertex 33.5 -9.3 20.8
      vertex 31 -9.3 23.2
      vertex 33.5 -9.3 23.2
    endloop
  endfacet
  facet normal 0 1 0
    outer loop
      vertex 31 -9.3 23.2
      vertex 33.5 -9.3 20.8
      vertex 31 -9.3 20.8
    endloop
  endfacet
  facet normal 0 0 -1
    outer loop
      vertex 31 -9.3 28.2
      vertex 33.5 11.8 28.2
      vertex 33.5 -9.3 28.2
    endloop
  endfacet
  facet normal -0 0 -1
    outer loop
      vertex 33.5 11.8 28.2
      vertex 31 -9.3 28.2
      vertex 31 11.8 28.2
    endloop
  endfacet
  facet normal 0 -1 0
    outer loop
      vertex 31 11.8 25.8
      vertex 33.5 11.8 28.2
      vertex 31 11.8 28.2
    endloop
  endfacet
  facet normal 0 -1 -0
    outer loop
      vertex 33.5 11.8 28.2
      vertex 31 11.8 25.8
      vertex 33.5 11.8 25.8
    endloop
  endfacet
  facet normal -0 0 1
    outer loop
      vertex 31 11.8 25.8
      vertex 33.5 -9.3 25.8
      vertex 33.5 11.8 25.8
    endloop
  endfacet
  facet normal 0 0 1
    outer loop
      vertex 33.5 -9.3 25.8
      vertex 31 11.8 25.8
      vertex 31 -9.3 25.8
    endloop
  endfacet
  facet normal 0 1 -0
    outer loop
      vertex 33.5 -9.3 25.8
      vertex 31 -9.3 28.2
      vertex 33.5 -9.3 28.2
    endloop
  endfacet
  facet normal 0 1 0
    outer loop
      vertex 31 -9.3 28.2
      vertex 33.5 -9.3 25.8
      vertex 31 -9.3 25.8
    endloop
  endfacet
  facet normal 0 0 -1
    outer loop
      vertex 31 -9.3 33.2
      vertex 33.5 11.8 33.2
      vertex 33.5 -9.3 33.2
    endloop
  endfacet
  facet normal -0 0 -1
    outer loop
      vertex 33.5 11.8 33.2
      vertex 31 -9.3 33.2
      vertex 31 11.8 33.2
    endloop
  endfacet
  facet normal -0 0 1
    outer loop
      vertex 31 11.8 30.8
      vertex 33.5 -9.3 30.8
      vertex 33.5 11.8 30.8
    endloop
  endfacet
  facet normal 0 0 1
    outer loop
      vertex 33.5 -9.3 30.8
      vertex 31 11.8 30.8
      vertex 31 -9.3 30.8
    endloop
  endfacet
  facet normal 0 1 -0
    outer loop
      vertex 33.5 -9.3 30.8
      vertex 31 -9.3 33.2
      vertex 33.5 -9.3 33.2
    endloop
  endfacet
  facet normal 0 1 0
    outer loop
      vertex 31 -9.3 33.2
      vertex 33.5 -9.3 30.8
      vertex 31 -9.3 30.8
    endloop
  endfacet
  facet normal 0 -1 0
    outer loop
      vertex 31 11.8 30.8
      vertex 33.5 11.8 33.2
      vertex 31 11.8 33.2
    endloop
  endfacet
  facet normal 0 -1 -0
    outer loop
      vertex 33.5 11.8 33.2
      vertex 31 11.8 30.8
      vertex 33.5 11.8 30.8
    endloop
  endfacet
  facet normal 0 0 -1
    outer loop
      vertex 31 -9.3 38.2
      vertex 33.5 11.8 38.2
      vertex 33.5 -9.3 38.2
    endloop
  endfacet
  facet normal -0 0 -1
    outer loop
      vertex 33.5 11.8 38.2
      vertex 31 -9.3 38.2
      vertex 31 11.8 38.2
    endloop
  endfacet
  facet normal 0 -1 0
    outer loop
      vertex 31 11.8 35.8
      vertex 33.5 11.8 38.2
      vertex 31 11.8 38.2
    endloop
  endfacet
  facet normal 0 -1 -0
    outer loop
      vertex 33.5 11.8 38.2
      vertex 31 11.8 35.8
      vertex 33.5 11.8 35.8
    endloop
  endfacet
  facet normal -0 0 1
    outer loop
      vertex 31 11.8 35.8
      vertex 33.5 -9.3 35.8
      vertex 33.5 11.8 35.8
    endloop
  endfacet
  facet normal 0 0 1
    outer loop
      vertex 33.5 -9.3 35.8
      vertex 31 11.8 35.8
      vertex 31 -9.3 35.8
    endloop
  endfacet
  facet normal 0 1 -0
    outer loop
      vertex 33.5 -9.3 35.8
      vertex 31 -9.3 38.2
      vertex 33.5 -9.3 38.2
    endloop
  endfacet
  facet normal 0 1 0
    outer loop
      vertex 31 -9.3 38.2
      vertex 33.5 -9.3 35.8
      vertex 31 -9.3 35.8
    endloop
  endfacet
  facet normal 1 -0 0
    outer loop
      vertex -19.2 12.4 109
      vertex -19.2 13.5 108.25
      vertex -19.2 13.5 109
    endloop
  endfacet
  facet normal 1 0 0
    outer loop
      vertex -19.2 13.5 108.25
      vertex -19.2 12.4 109
      vertex -19.2 12.4 108.25
    endloop
  endfacet
  facet normal 1 -0 0
    outer loop
      vertex -19.2 2.5 113
      vertex -19.2 13.5 110.5
      vertex -19.2 13.5 113
    endloop
  endfacet
  facet normal 1 0 0
    outer loop
      vertex -19.2 13.5 110.5
      vertex -19.2 2.5 113
      vertex -19.2 2.5 110.5
    endloop
  endfacet
  facet normal -1 0 0
    outer loop
      vertex -16.8 2.5 110.5
      vertex -16.8 13.5 113
      vertex -16.8 13.5 110.5
    endloop
  endfacet
  facet normal -1 -0 0
    outer loop
      vertex -16.8 13.5 113
      vertex -16.8 2.5 110.5
      vertex -16.8 2.5 113
    endloop
  endfacet
  facet normal -0 0 1
    outer loop
      vertex -19.2 13.5 108.25
      vertex -18.5 12.4 108.25
      vertex -18.5 13.5 108.25
    endloop
  endfacet
  facet normal 0 0 1
    outer loop
      vertex -18.5 12.4 108.25
      vertex -19.2 13.5 108.25
      vertex -19.2 12.4 108.25
    endloop
  endfacet
  facet normal 0 1 -0
    outer loop
      vertex -16.8 2.5 110.5
      vertex -19.2 2.5 113
      vertex -16.8 2.5 113
    endloop
  endfacet
  facet normal 0 1 0
    outer loop
      vertex -19.2 2.5 113
      vertex -16.8 2.5 110.5
      vertex -19.2 2.5 110.5
    endloop
  endfacet
  facet normal 0 -1 0
    outer loop
      vertex -19.2 13.5 108.25
      vertex -18.5 13.5 109
      vertex -19.2 13.5 109
    endloop
  endfacet
  facet normal 0 -1 -0
    outer loop
      vertex -18.5 13.5 109
      vertex -19.2 13.5 108.25
      vertex -18.5 13.5 108.25
    endloop
  endfacet
  facet normal 0 -1 0
    outer loop
      vertex -19.2 13.5 110.5
      vertex -16.8 13.5 113
      vertex -19.2 13.5 113
    endloop
  endfacet
  facet normal 0 -1 -0
    outer loop
      vertex -16.8 13.5 113
      vertex -19.2 13.5 110.5
      vertex -16.8 13.5 110.5
    endloop
  endfacet
  facet normal 1 -0 0
    outer loop
      vertex -13.2 2.5 113
      vertex -13.2 13.5 110.5
      vertex -13.2 13.5 113
    endloop
  endfacet
  facet normal 1 0 0
    outer loop
      vertex -13.2 13.5 110.5
      vertex -13.2 2.5 113
      vertex -13.2 2.5 110.5
    endloop
  endfacet
  facet normal -1 0 0
    outer loop
      vertex -10.8 2.5 110.5
      vertex -10.8 13.5 113
      vertex -10.8 13.5 110.5
    endloop
  endfacet
  facet normal -1 -0 0
    outer loop
      vertex -10.8 13.5 113
      vertex -10.8 2.5 110.5
      vertex -10.8 2.5 113
    endloop
  endfacet
  facet normal 0 -1 0
    outer loop
      vertex -13.2 13.5 110.5
      vertex -10.8 13.5 113
      vertex -13.2 13.5 113
    endloop
  endfacet
  facet normal 0 -1 -0
    outer loop
      vertex -10.8 13.5 113
      vertex -13.2 13.5 110.5
      vertex -10.8 13.5 110.5
    endloop
  endfacet
  facet normal 0 1 -0
    outer loop
      vertex -10.8 2.5 110.5
      vertex -13.2 2.5 113
      vertex -10.8 2.5 113
    endloop
  endfacet
  facet normal 0 1 0
    outer loop
      vertex -13.2 2.5 113
      vertex -10.8 2.5 110.5
      vertex -13.2 2.5 110.5
    endloop
  endfacet
  facet normal 1 -0 0
    outer loop
      vertex -7.2 2.5 113
      vertex -7.2 13.5 110.5
      vertex -7.2 13.5 113
    endloop
  endfacet
  facet normal 1 0 0
    outer loop
      vertex -7.2 13.5 110.5
      vertex -7.2 2.5 113
      vertex -7.2 2.5 110.5
    endloop
  endfacet
  facet normal -1 0 0
    outer loop
      vertex -4.8 2.5 110.5
      vertex -4.8 13.5 113
      vertex -4.8 13.5 110.5
    endloop
  endfacet
  facet normal -1 -0 0
    outer loop
      vertex -4.8 13.5 113
      vertex -4.8 2.5 110.5
      vertex -4.8 2.5 113
    endloop
  endfacet
  facet normal 0 -1 0
    outer loop
      vertex -7.2 13.5 110.5
      vertex -4.8 13.5 113
      vertex -7.2 13.5 113
    endloop
  endfacet
  facet normal 0 -1 -0
    outer loop
      vertex -4.8 13.5 113
      vertex -7.2 13.5 110.5
      vertex -4.8 13.5 110.5
    endloop
  endfacet
  facet normal 0 1 -0
    outer loop
      vertex -4.8 2.5 110.5
      vertex -7.2 2.5 113
      vertex -4.8 2.5 113
    endloop
  endfacet
  facet normal 0 1 0
    outer loop
      vertex -7.2 2.5 113
      vertex -4.8 2.5 110.5
      vertex -7.2 2.5 110.5
    endloop
  endfacet
  facet normal 1 -0 0
    outer loop
      vertex -1.2 2.5 113
      vertex -1.2 13.5 110.5
      vertex -1.2 13.5 113
    endloop
  endfacet
  facet normal 1 0 0
    outer loop
      vertex -1.2 13.5 110.5
      vertex -1.2 2.5 113
      vertex -1.2 2.5 110.5
    endloop
  endfacet
  facet normal -1 0 0
    outer loop
      vertex 1.2 2.5 110.5
      vertex 1.2 13.5 113
      vertex 1.2 13.5 110.5
    endloop
  endfacet
  facet normal -1 -0 0
    outer loop
      vertex 1.2 13.5 113
      vertex 1.2 2.5 110.5
      vertex 1.2 2.5 113
    endloop
  endfacet
  facet normal 0 -1 0
    outer loop
      vertex -1.2 13.5 110.5
      vertex 1.2 13.5 113
      vertex -1.2 13.5 113
    endloop
  endfacet
  facet normal 0 -1 -0
    outer loop
      vertex 1.2 13.5 113
      vertex -1.2 13.5 110.5
      vertex 1.2 13.5 110.5
    endloop
  endfacet
  facet normal 0 1 -0
    outer loop
      vertex 1.2 2.5 110.5
      vertex -1.2 2.5 113
      vertex 1.2 2.5 113
    endloop
  endfacet
  facet normal 0 1 0
    outer loop
      vertex -1.2 2.5 113
      vertex 1.2 2.5 110.5
      vertex -1.2 2.5 110.5
    endloop
  endfacet
  facet normal 1 -0 0
    outer loop
      vertex 4.8 2.5 113
      vertex 4.8 13.5 110.5
      vertex 4.8 13.5 113
    endloop
  endfacet
  facet normal 1 0 0
    outer loop
      vertex 4.8 13.5 110.5
      vertex 4.8 2.5 113
      vertex 4.8 2.5 110.5
    endloop
  endfacet
  facet normal -1 0 0
    outer loop
      vertex 7.2 2.5 110.5
      vertex 7.2 13.5 113
      vertex 7.2 13.5 110.5
    endloop
  endfacet
  facet normal -1 -0 0
    outer loop
      vertex 7.2 13.5 113
      vertex 7.2 2.5 110.5
      vertex 7.2 2.5 113
    endloop
  endfacet
  facet normal 0 -1 0
    outer loop
      vertex 4.8 13.5 110.5
      vertex 7.2 13.5 113
      vertex 4.8 13.5 113
    endloop
  endfacet
  facet normal 0 -1 -0
    outer loop
      vertex 7.2 13.5 113
      vertex 4.8 13.5 110.5
      vertex 7.2 13.5 110.5
    endloop
  endfacet
  facet normal 0 1 -0
    outer loop
      vertex 7.2 2.5 110.5
      vertex 4.8 2.5 113
      vertex 7.2 2.5 113
    endloop
  endfacet
  facet normal 0 1 0
    outer loop
      vertex 4.8 2.5 113
      vertex 7.2 2.5 110.5
      vertex 4.8 2.5 110.5
    endloop
  endfacet
  facet normal 1 -0 0
    outer loop
      vertex 10.8 2.5 113
      vertex 10.8 13.5 110.5
      vertex 10.8 13.5 113
    endloop
  endfacet
  facet normal 1 0 0
    outer loop
      vertex 10.8 13.5 110.5
      vertex 10.8 2.5 113
      vertex 10.8 2.5 110.5
    endloop
  endfacet
  facet normal -1 0 0
    outer loop
      vertex 13.2 2.5 110.5
      vertex 13.2 13.5 113
      vertex 13.2 13.5 110.5
    endloop
  endfacet
  facet normal -1 -0 0
    outer loop
      vertex 13.2 13.5 113
      vertex 13.2 2.5 110.5
      vertex 13.2 2.5 113
    endloop
  endfacet
  facet normal 0 1 -0
    outer loop
      vertex 13.2 2.5 110.5
      vertex 10.8 2.5 113
      vertex 13.2 2.5 113
    endloop
  endfacet
  facet normal 0 1 0
    outer loop
      vertex 10.8 2.5 113
      vertex 13.2 2.5 110.5
      vertex 10.8 2.5 110.5
    endloop
  endfacet
  facet normal 0 -1 0
    outer loop
      vertex 10.8 13.5 110.5
      vertex 13.2 13.5 113
      vertex 10.8 13.5 113
    endloop
  endfacet
  facet normal 0 -1 -0
    outer loop
      vertex 13.2 13.5 113
      vertex 10.8 13.5 110.5
      vertex 13.2 13.5 110.5
    endloop
  endfacet
  facet normal 1 -0 0
    outer loop
      vertex 16.8 2.5 113
      vertex 16.8 13.5 110.5
      vertex 16.8 13.5 113
    endloop
  endfacet
  facet normal 1 0 0
    outer loop
      vertex 16.8 13.5 110.5
      vertex 16.8 2.5 113
      vertex 16.8 2.5 110.5
    endloop
  endfacet
  facet normal -1 0 0
    outer loop
      vertex 19.2 12.4 108.25
      vertex 19.2 13.5 109
      vertex 19.2 13.5 108.25
    endloop
  endfacet
  facet normal -1 -0 0
    outer loop
      vertex 19.2 13.5 109
      vertex 19.2 12.4 108.25
      vertex 19.2 12.4 109
    endloop
  endfacet
  facet normal -1 0 0
    outer loop
      vertex 19.2 2.5 110.5
      vertex 19.2 13.5 113
      vertex 19.2 13.5 110.5
    endloop
  endfacet
  facet normal -1 -0 0
    outer loop
      vertex 19.2 13.5 113
      vertex 19.2 2.5 110.5
      vertex 19.2 2.5 113
    endloop
  endfacet
  facet normal 0 -1 0
    outer loop
      vertex 18.5 13.5 108.25
      vertex 19.2 13.5 109
      vertex 18.5 13.5 109
    endloop
  endfacet
  facet normal 0 -1 -0
    outer loop
      vertex 19.2 13.5 109
      vertex 18.5 13.5 108.25
      vertex 19.2 13.5 108.25
    endloop
  endfacet
  facet normal 0 -1 0
    outer loop
      vertex 16.8 13.5 110.5
      vertex 19.2 13.5 113
      vertex 16.8 13.5 113
    endloop
  endfacet
  facet normal 0 -1 -0
    outer loop
      vertex 19.2 13.5 113
      vertex 16.8 13.5 110.5
      vertex 19.2 13.5 110.5
    endloop
  endfacet
  facet normal -0 0 1
    outer loop
      vertex 18.5 13.5 108.25
      vertex 19.2 12.4 108.25
      vertex 19.2 13.5 108.25
    endloop
  endfacet
  facet normal 0 0 1
    outer loop
      vertex 19.2 12.4 108.25
      vertex 18.5 13.5 108.25
      vertex 18.5 12.4 108.25
    endloop
  endfacet
  facet normal 0 1 -0
    outer loop
      vertex 19.2 2.5 110.5
      vertex 16.8 2.5 113
      vertex 19.2 2.5 113
    endloop
  endfacet
  facet normal 0 1 0
    outer loop
      vertex 16.8 2.5 113
      vertex 19.2 2.5 110.5
      vertex 16.8 2.5 110.5
    endloop
  endfacet
  facet normal -0.998436 0 -0.0559069
    outer loop
      vertex -22.4 14.4 10.5
      vertex -22.4163 16.4 10.7911
      vertex -22.4 16.4 10.5
    endloop
  endfacet
  facet normal -0.998436 -0 -0.0559069
    outer loop
      vertex -22.4163 16.4 10.7911
      vertex -22.4 14.4 10.5
      vertex -22.4163 14.4 10.7911
    endloop
  endfacet
  facet normal 0.167479 0 0.985876
    outer loop
      vertex -25.5786 16.4 7.96519
      vertex -25.2911 14.4 7.91635
      vertex -25.2911 16.4 7.91635
    endloop
  endfacet
  facet normal 0.167479 0 0.985876
    outer loop
      vertex -25.2911 14.4 7.91635
      vertex -25.5786 16.4 7.96519
      vertex -25.5786 14.4 7.96519
    endloop
  endfacet
  facet normal -0.578607 0 -0.815606
    outer loop
      vertex -23.6167 14.4 12.7015
      vertex -23.3789 16.4 12.5328
      vertex -23.3789 14.4 12.5328
    endloop
  endfacet
  facet normal -0.578607 0 -0.815606
    outer loop
      vertex -23.3789 16.4 12.5328
      vertex -23.6167 14.4 12.7015
      vertex -23.6167 16.4 12.7015
    endloop
  endfacet
  facet normal 0.382715 0 -0.923866
    outer loop
      vertex -26.1281 14.4 12.8425
      vertex -25.8587 16.4 12.9541
      vertex -25.8587 14.4 12.9541
    endloop
  endfacet
  facet normal 0.382715 0 -0.923866
    outer loop
      vertex -25.8587 16.4 12.9541
      vertex -26.1281 14.4 12.8425
      vertex -26.1281 16.4 12.8425
    endloop
  endfacet
  facet normal 0.960913 0 -0.27685
    outer loop
      vertex -27.4541 14.4 11.3587
      vertex -27.5348 16.4 11.0786
      vertex -27.4541 16.4 11.3587
    endloop
  endfacet
  facet normal 0.960913 0 -0.27685
    outer loop
      vertex -27.5348 16.4 11.0786
      vertex -27.4541 14.4 11.3587
      vertex -27.5348 14.4 11.0786
    endloop
  endfacet
  facet normal -0.998436 0 0.0559069
    outer loop
      vertex -22.4163 14.4 10.2089
      vertex -22.4 16.4 10.5
      vertex -22.4163 16.4 10.2089
    endloop
  endfacet
  facet normal -0.998436 0 0.0559069
    outer loop
      vertex -22.4 16.4 10.5
      vertex -22.4163 14.4 10.2089
      vertex -22.4 14.4 10.5
    endloop
  endfacet
  facet normal -0.923866 0 -0.382715
    outer loop
      vertex -22.5459 14.4 11.3587
      vertex -22.6575 16.4 11.6281
      vertex -22.5459 16.4 11.3587
    endloop
  endfacet
  facet normal -0.923866 -0 -0.382715
    outer loop
      vertex -22.6575 16.4 11.6281
      vertex -22.5459 14.4 11.3587
      vertex -22.6575 14.4 11.6281
    endloop
  endfacet
  facet normal -0.27685 0 -0.960913
    outer loop
      vertex -24.4214 14.4 13.0348
      vertex -24.1413 16.4 12.9541
      vertex -24.1413 14.4 12.9541
    endloop
  endfacet
  facet normal -0.27685 0 -0.960913
    outer loop
      vertex -24.1413 16.4 12.9541
      vertex -24.4214 14.4 13.0348
      vertex -24.4214 16.4 13.0348
    endloop
  endfacet
  facet normal 0 -1 0
    outer loop
      vertex -25.2911 16.4 13.0837
      vertex -24.7089 16.4 13.0837
      vertex -25 16.4 13.1
    endloop
  endfacet
  facet normal 0 -1 0
    outer loop
      vertex -25.5786 16.4 13.0348
      vertex -24.7089 16.4 13.0837
      vertex -25.2911 16.4 13.0837
    endloop
  endfacet
  facet normal 0 -1 0
    outer loop
      vertex -25.5786 16.4 13.0348
      vertex -24.4214 16.4 13.0348
      vertex -24.7089 16.4 13.0837
    endloop
  endfacet
  facet normal 0 -1 0
    outer loop
      vertex -25.8587 16.4 12.9541
      vertex -24.4214 16.4 13.0348
      vertex -25.5786 16.4 13.0348
    endloop
  endfacet
  facet normal 0 -1 0
    outer loop
      vertex -25.8587 16.4 12.9541
      vertex -24.1413 16.4 12.9541
      vertex -24.4214 16.4 13.0348
    endloop
  endfacet
  facet normal 0 -1 0
    outer loop
      vertex -26.1281 16.4 12.8425
      vertex -24.1413 16.4 12.9541
      vertex -25.8587 16.4 12.9541
    endloop
  endfacet
  facet normal 0 -1 0
    outer loop
      vertex -26.1281 16.4 12.8425
      vertex -23.8719 16.4 12.8425
      vertex -24.1413 16.4 12.9541
    endloop
  endfacet
  facet normal 0 -1 0
    outer loop
      vertex -26.3833 16.4 12.7015
      vertex -23.8719 16.4 12.8425
      vertex -26.1281 16.4 12.8425
    endloop
  endfacet
  facet normal 0 -1 0
    outer loop
      vertex -26.3833 16.4 12.7015
      vertex -23.6167 16.4 12.7015
      vertex -23.8719 16.4 12.8425
    endloop
  endfacet
  facet normal 0 -1 0
    outer loop
      vertex -26.6211 16.4 12.5328
      vertex -23.6167 16.4 12.7015
      vertex -26.3833 16.4 12.7015
    endloop
  endfacet
  facet normal 0 -1 0
    outer loop
      vertex -26.6211 16.4 12.5328
      vertex -23.3789 16.4 12.5328
      vertex -23.6167 16.4 12.7015
    endloop
  endfacet
  facet normal 0 -1 0
    outer loop
      vertex -26.8385 16.4 12.3385
      vertex -23.3789 16.4 12.5328
      vertex -26.6211 16.4 12.5328
    endloop
  endfacet
  facet normal 0 -1 0
    outer loop
      vertex -26.8385 16.4 12.3385
      vertex -23.1615 16.4 12.3385
      vertex -23.3789 16.4 12.5328
    endloop
  endfacet
  facet normal 0 -1 0
    outer loop
      vertex -27.0328 16.4 12.1211
      vertex -23.1615 16.4 12.3385
      vertex -26.8385 16.4 12.3385
    endloop
  endfacet
  facet normal 0 -1 0
    outer loop
      vertex -27.0328 16.4 12.1211
      vertex -22.9672 16.4 12.1211
      vertex -23.1615 16.4 12.3385
    endloop
  endfacet
  facet normal 0 -1 0
    outer loop
      vertex -27.2015 16.4 11.8833
      vertex -22.9672 16.4 12.1211
      vertex -27.0328 16.4 12.1211
    endloop
  endfacet
  facet normal 0 -1 0
    outer loop
      vertex -27.2015 16.4 11.8833
      vertex -22.7985 16.4 11.8833
      vertex -22.9672 16.4 12.1211
    endloop
  endfacet
  facet normal 0 -1 0
    outer loop
      vertex -27.3425 16.4 11.6281
      vertex -22.7985 16.4 11.8833
      vertex -27.2015 16.4 11.8833
    endloop
  endfacet
  facet normal 0 -1 0
    outer loop
      vertex -27.3425 16.4 11.6281
      vertex -22.6575 16.4 11.6281
      vertex -22.7985 16.4 11.8833
    endloop
  endfacet
  facet normal 0 -1 0
    outer loop
      vertex -27.4541 16.4 11.3587
      vertex -22.6575 16.4 11.6281
      vertex -27.3425 16.4 11.6281
    endloop
  endfacet
  facet normal 0 -1 0
    outer loop
      vertex -27.4541 16.4 11.3587
      vertex -22.5459 16.4 11.3587
      vertex -22.6575 16.4 11.6281
    endloop
  endfacet
  facet normal 0 -1 0
    outer loop
      vertex -27.5348 16.4 11.0786
      vertex -22.5459 16.4 11.3587
      vertex -27.4541 16.4 11.3587
    endloop
  endfacet
  facet normal 0 -1 0
    outer loop
      vertex -27.5348 16.4 11.0786
      vertex -22.4652 16.4 11.0786
      vertex -22.5459 16.4 11.3587
    endloop
  endfacet
  facet normal 0 -1 0
    outer loop
      vertex -27.5837 16.4 10.7911
      vertex -22.4652 16.4 11.0786
      vertex -27.5348 16.4 11.0786
    endloop
  endfacet
  facet normal 0 -1 0
    outer loop
      vertex -27.5837 16.4 10.7911
      vertex -22.4163 16.4 10.7911
      vertex -22.4652 16.4 11.0786
    endloop
  endfacet
  facet normal 0 -1 0
    outer loop
      vertex -27.6 16.4 10.5
      vertex -22.4163 16.4 10.7911
      vertex -27.5837 16.4 10.7911
    endloop
  endfacet
  facet normal 0 -1 0
    outer loop
      vertex -27.6 16.4 10.5
      vertex -22.4 16.4 10.5
      vertex -22.4163 16.4 10.7911
    endloop
  endfacet
  facet normal 0 -1 0
    outer loop
      vertex -27.5837 16.4 10.2089
      vertex -22.4 16.4 10.5
      vertex -27.6 16.4 10.5
    endloop
  endfacet
  facet normal 0 -1 0
    outer loop
      vertex -27.5837 16.4 10.2089
      vertex -22.4163 16.4 10.2089
      vertex -22.4 16.4 10.5
    endloop
  endfacet
  facet normal 0 -1 0
    outer loop
      vertex -27.5348 16.4 9.92144
      vertex -22.4163 16.4 10.2089
      vertex -27.5837 16.4 10.2089
    endloop
  endfacet
  facet normal 0 -1 0
    outer loop
      vertex -27.5348 16.4 9.92144
      vertex -22.4652 16.4 9.92144
      vertex -22.4163 16.4 10.2089
    endloop
  endfacet
  facet normal 0 -1 0
    outer loop
      vertex -27.4541 16.4 9.64127
      vertex -22.4652 16.4 9.92144
      vertex -27.5348 16.4 9.92144
    endloop
  endfacet
  facet normal 0 -1 0
    outer loop
      vertex -27.4541 16.4 9.64127
      vertex -22.5459 16.4 9.64127
      vertex -22.4652 16.4 9.92144
    endloop
  endfacet
  facet normal 0 -1 0
    outer loop
      vertex -27.3425 16.4 9.3719
      vertex -22.5459 16.4 9.64127
      vertex -27.4541 16.4 9.64127
    endloop
  endfacet
  facet normal 0 -1 0
    outer loop
      vertex -27.3425 16.4 9.3719
      vertex -22.6575 16.4 9.3719
      vertex -22.5459 16.4 9.64127
    endloop
  endfacet
  facet normal 0 -1 0
    outer loop
      vertex -27.2015 16.4 9.11672
      vertex -22.6575 16.4 9.3719
      vertex -27.3425 16.4 9.3719
    endloop
  endfacet
  facet normal 0 -1 0
    outer loop
      vertex -27.2015 16.4 9.11672
      vertex -22.7985 16.4 9.11672
      vertex -22.6575 16.4 9.3719
    endloop
  endfacet
  facet normal 0 -1 0
    outer loop
      vertex -27.0328 16.4 8.87893
      vertex -22.7985 16.4 9.11672
      vertex -27.2015 16.4 9.11672
    endloop
  endfacet
  facet normal 0 -1 0
    outer loop
      vertex -27.0328 16.4 8.87893
      vertex -22.9672 16.4 8.87893
      vertex -22.7985 16.4 9.11672
    endloop
  endfacet
  facet normal 0 -1 0
    outer loop
      vertex -26.8385 16.4 8.66152
      vertex -22.9672 16.4 8.87893
      vertex -27.0328 16.4 8.87893
    endloop
  endfacet
  facet normal 0 -1 0
    outer loop
      vertex -26.8385 16.4 8.66152
      vertex -23.1615 16.4 8.66152
      vertex -22.9672 16.4 8.87893
    endloop
  endfacet
  facet normal 0 -1 0
    outer loop
      vertex -26.6211 16.4 8.46724
      vertex -23.1615 16.4 8.66152
      vertex -26.8385 16.4 8.66152
    endloop
  endfacet
  facet normal 0 -1 0
    outer loop
      vertex -26.6211 16.4 8.46724
      vertex -23.3789 16.4 8.46724
      vertex -23.1615 16.4 8.66152
    endloop
  endfacet
  facet normal 0 -1 0
    outer loop
      vertex -26.3833 16.4 8.29852
      vertex -23.3789 16.4 8.46724
      vertex -26.6211 16.4 8.46724
    endloop
  endfacet
  facet normal 0 -1 0
    outer loop
      vertex -26.3833 16.4 8.29852
      vertex -23.6167 16.4 8.29852
      vertex -23.3789 16.4 8.46724
    endloop
  endfacet
  facet normal 0 -1 0
    outer loop
      vertex -26.1281 16.4 8.15748
      vertex -23.6167 16.4 8.29852
      vertex -26.3833 16.4 8.29852
    endloop
  endfacet
  facet normal 0 -1 0
    outer loop
      vertex -26.1281 16.4 8.15748
      vertex -23.8719 16.4 8.15748
      vertex -23.6167 16.4 8.29852
    endloop
  endfacet
  facet normal 0 -1 0
    outer loop
      vertex -25.8587 16.4 8.0459
      vertex -23.8719 16.4 8.15748
      vertex -26.1281 16.4 8.15748
    endloop
  endfacet
  facet normal 0 -1 0
    outer loop
      vertex -25.8587 16.4 8.0459
      vertex -24.1413 16.4 8.0459
      vertex -23.8719 16.4 8.15748
    endloop
  endfacet
  facet normal 0 -1 0
    outer loop
      vertex -25.5786 16.4 7.96519
      vertex -24.1413 16.4 8.0459
      vertex -25.8587 16.4 8.0459
    endloop
  endfacet
  facet normal 0 -1 0
    outer loop
      vertex -25.5786 16.4 7.96519
      vertex -24.4214 16.4 7.96519
      vertex -24.1413 16.4 8.0459
    endloop
  endfacet
  facet normal 0 -1 0
    outer loop
      vertex -25.2911 16.4 7.91635
      vertex -24.4214 16.4 7.96519
      vertex -25.5786 16.4 7.96519
    endloop
  endfacet
  facet normal 0 -1 0
    outer loop
      vertex -25.2911 16.4 7.91635
      vertex -24.7089 16.4 7.91635
      vertex -24.4214 16.4 7.96519
    endloop
  endfacet
  facet normal -0 -1 0
    outer loop
      vertex -24.7089 16.4 7.91635
      vertex -25.2911 16.4 7.91635
      vertex -25 16.4 7.9
    endloop
  endfacet
  facet normal -0.985842 0 -0.167679
    outer loop
      vertex -22.4163 14.4 10.7911
      vertex -22.4652 16.4 11.0786
      vertex -22.4163 16.4 10.7911
    endloop
  endfacet
  facet normal -0.985842 -0 -0.167679
    outer loop
      vertex -22.4652 16.4 11.0786
      vertex -22.4163 14.4 10.7911
      vertex -22.4652 14.4 11.0786
    endloop
  endfacet
  facet normal -0.815606 0 -0.578607
    outer loop
      vertex -22.7985 14.4 11.8833
      vertex -22.9672 16.4 12.1211
      vertex -22.7985 16.4 11.8833
    endloop
  endfacet
  facet normal -0.815606 -0 -0.578607
    outer loop
      vertex -22.9672 16.4 12.1211
      vertex -22.7985 14.4 11.8833
      vertex -22.9672 14.4 12.1211
    endloop
  endfacet
  facet normal -0.875287 0 -0.483603
    outer loop
      vertex -22.6575 14.4 11.6281
      vertex -22.7985 16.4 11.8833
      vertex -22.6575 16.4 11.6281
    endloop
  endfacet
  facet normal -0.875287 -0 -0.483603
    outer loop
      vertex -22.7985 16.4 11.8833
      vertex -22.6575 14.4 11.6281
      vertex -22.7985 14.4 11.8833
    endloop
  endfacet
  facet normal -0.666384 0 -0.745609
    outer loop
      vertex -23.3789 14.4 12.5328
      vertex -23.1615 16.4 12.3385
      vertex -23.1615 14.4 12.3385
    endloop
  endfacet
  facet normal -0.666384 0 -0.745609
    outer loop
      vertex -23.1615 16.4 12.3385
      vertex -23.3789 14.4 12.5328
      vertex -23.3789 16.4 12.5328
    endloop
  endfacet
  facet normal -0.483603 0 -0.875287
    outer loop
      vertex -23.8719 14.4 12.8425
      vertex -23.6167 16.4 12.7015
      vertex -23.6167 14.4 12.7015
    endloop
  endfacet
  facet normal -0.483603 0 -0.875287
    outer loop
      vertex -23.6167 16.4 12.7015
      vertex -23.8719 14.4 12.8425
      vertex -23.8719 16.4 12.8425
    endloop
  endfacet
  facet normal 0.0559069 0 -0.998436
    outer loop
      vertex -25.2911 14.4 13.0837
      vertex -25 16.4 13.1
      vertex -25 14.4 13.1
    endloop
  endfacet
  facet normal 0.0559069 0 -0.998436
    outer loop
      vertex -25 16.4 13.1
      vertex -25.2911 14.4 13.0837
      vertex -25.2911 16.4 13.0837
    endloop
  endfacet
  facet normal -0.167679 0 -0.985842
    outer loop
      vertex -24.7089 14.4 13.0837
      vertex -24.4214 16.4 13.0348
      vertex -24.4214 14.4 13.0348
    endloop
  endfacet
  facet normal -0.167679 0 -0.985842
    outer loop
      vertex -24.4214 16.4 13.0348
      vertex -24.7089 14.4 13.0837
      vertex -24.7089 16.4 13.0837
    endloop
  endfacet
  facet normal 0.998436 -0 0.0559069
    outer loop
      vertex -27.6 14.4 10.5
      vertex -27.5837 16.4 10.2089
      vertex -27.6 16.4 10.5
    endloop
  endfacet
  facet normal 0.998436 0 0.0559069
    outer loop
      vertex -27.5837 16.4 10.2089
      vertex -27.6 14.4 10.5
      vertex -27.5837 14.4 10.2089
    endloop
  endfacet
  facet normal 0.985842 0 -0.167679
    outer loop
      vertex -27.5348 14.4 11.0786
      vertex -27.5837 16.4 10.7911
      vertex -27.5348 16.4 11.0786
    endloop
  endfacet
  facet normal 0.985842 0 -0.167679
    outer loop
      vertex -27.5837 16.4 10.7911
      vertex -27.5348 14.4 11.0786
      vertex -27.5837 14.4 10.7911
    endloop
  endfacet
  facet normal 0.875287 0 -0.483603
    outer loop
      vertex -27.2015 14.4 11.8833
      vertex -27.3425 16.4 11.6281
      vertex -27.2015 16.4 11.8833
    endloop
  endfacet
  facet normal 0.875287 0 -0.483603
    outer loop
      vertex -27.3425 16.4 11.6281
      vertex -27.2015 14.4 11.8833
      vertex -27.3425 14.4 11.6281
    endloop
  endfacet
  facet normal 0.815606 0 -0.578607
    outer loop
      vertex -27.0328 14.4 12.1211
      vertex -27.2015 16.4 11.8833
      vertex -27.0328 16.4 12.1211
    endloop
  endfacet
  facet normal 0.815606 0 -0.578607
    outer loop
      vertex -27.2015 16.4 11.8833
      vertex -27.0328 14.4 12.1211
      vertex -27.2015 14.4 11.8833
    endloop
  endfacet
  facet normal 0.167679 0 -0.985842
    outer loop
      vertex -25.5786 14.4 13.0348
      vertex -25.2911 16.4 13.0837
      vertex -25.2911 14.4 13.0837
    endloop
  endfacet
  facet normal 0.167679 0 -0.985842
    outer loop
      vertex -25.2911 16.4 13.0837
      vertex -25.5786 14.4 13.0348
      vertex -25.5786 16.4 13.0348
    endloop
  endfacet
  facet normal 0.578607 0 -0.815606
    outer loop
      vertex -26.6211 14.4 12.5328
      vertex -26.3833 16.4 12.7015
      vertex -26.3833 14.4 12.7015
    endloop
  endfacet
  facet normal 0.578607 0 -0.815606
    outer loop
      vertex -26.3833 16.4 12.7015
      vertex -26.6211 14.4 12.5328
      vertex -26.6211 16.4 12.5328
    endloop
  endfacet
  facet normal 0.483603 0 -0.875287
    outer loop
      vertex -26.3833 14.4 12.7015
      vertex -26.1281 16.4 12.8425
      vertex -26.1281 14.4 12.8425
    endloop
  endfacet
  facet normal 0.483603 0 -0.875287
    outer loop
      vertex -26.1281 16.4 12.8425
      vertex -26.3833 14.4 12.7015
      vertex -26.3833 16.4 12.7015
    endloop
  endfacet
  facet normal 0.745609 0 -0.666384
    outer loop
      vertex -26.8385 14.4 12.3385
      vertex -27.0328 16.4 12.1211
      vertex -26.8385 16.4 12.3385
    endloop
  endfacet
  facet normal 0.745609 0 -0.666384
    outer loop
      vertex -27.0328 16.4 12.1211
      vertex -26.8385 14.4 12.3385
      vertex -27.0328 14.4 12.1211
    endloop
  endfacet
  facet normal -0.960932 0 0.276786
    outer loop
      vertex -22.5459 14.4 9.64127
      vertex -22.4652 16.4 9.92144
      vertex -22.5459 16.4 9.64127
    endloop
  endfacet
  facet normal -0.960932 0 0.276786
    outer loop
      vertex -22.4652 16.4 9.92144
      vertex -22.5459 14.4 9.64127
      vertex -22.4652 14.4 9.92144
    endloop
  endfacet
  facet normal -0.167479 0 0.985876
    outer loop
      vertex -24.7089 16.4 7.91635
      vertex -24.4214 14.4 7.96519
      vertex -24.4214 16.4 7.96519
    endloop
  endfacet
  facet normal -0.167479 0 0.985876
    outer loop
      vertex -24.4214 14.4 7.96519
      vertex -24.7089 16.4 7.91635
      vertex -24.7089 14.4 7.91635
    endloop
  endfacet
  facet normal -0.483708 0 0.875229
    outer loop
      vertex -23.8719 16.4 8.15748
      vertex -23.6167 14.4 8.29852
      vertex -23.6167 16.4 8.29852
    endloop
  endfacet
  facet normal -0.483708 0 0.875229
    outer loop
      vertex -23.6167 14.4 8.29852
      vertex -23.8719 16.4 8.15748
      vertex -23.8719 14.4 8.15748
    endloop
  endfacet
  facet normal -0.0560779 0 0.998426
    outer loop
      vertex -25 16.4 7.9
      vertex -24.7089 14.4 7.91635
      vertex -24.7089 16.4 7.91635
    endloop
  endfacet
  facet normal -0.0560779 0 0.998426
    outer loop
      vertex -24.7089 14.4 7.91635
      vertex -25 16.4 7.9
      vertex -25 14.4 7.9
    endloop
  endfacet
  facet normal 0.578653 0 0.815574
    outer loop
      vertex -26.6211 16.4 8.46724
      vertex -26.3833 14.4 8.29852
      vertex -26.3833 16.4 8.29852
    endloop
  endfacet
  facet normal 0.578653 0 0.815574
    outer loop
      vertex -26.3833 14.4 8.29852
      vertex -26.6211 16.4 8.46724
      vertex -26.6211 14.4 8.46724
    endloop
  endfacet
  facet normal 0.985838 -0 0.167701
    outer loop
      vertex -27.5837 14.4 10.2089
      vertex -27.5348 16.4 9.92144
      vertex -27.5837 16.4 10.2089
    endloop
  endfacet
  facet normal 0.985838 0 0.167701
    outer loop
      vertex -27.5348 16.4 9.92144
      vertex -27.5837 14.4 10.2089
      vertex -27.5348 14.4 9.92144
    endloop
  endfacet
  facet normal 0.875271 -0 0.483632
    outer loop
      vertex -27.3425 14.4 9.3719
      vertex -27.2015 16.4 9.11672
      vertex -27.3425 16.4 9.3719
    endloop
  endfacet
  facet normal 0.875271 0 0.483632
    outer loop
      vertex -27.2015 16.4 9.11672
      vertex -27.3425 14.4 9.3719
      vertex -27.2015 14.4 9.11672
    endloop
  endfacet
  facet normal -0.960913 0 -0.27685
    outer loop
      vertex -22.4652 14.4 11.0786
      vertex -22.5459 16.4 11.3587
      vertex -22.4652 16.4 11.0786
    endloop
  endfacet
  facet normal -0.960913 -0 -0.27685
    outer loop
      vertex -22.5459 16.4 11.3587
      vertex -22.4652 14.4 11.0786
      vertex -22.5459 14.4 11.3587
    endloop
  endfacet
  facet normal -0.745609 0 -0.666384
    outer loop
      vertex -22.9672 14.4 12.1211
      vertex -23.1615 16.4 12.3385
      vertex -22.9672 16.4 12.1211
    endloop
  endfacet
  facet normal -0.745609 -0 -0.666384
    outer loop
      vertex -23.1615 16.4 12.3385
      vertex -22.9672 14.4 12.1211
      vertex -23.1615 14.4 12.3385
    endloop
  endfacet
  facet normal -0.382715 0 -0.923866
    outer loop
      vertex -24.1413 14.4 12.9541
      vertex -23.8719 16.4 12.8425
      vertex -23.8719 14.4 12.8425
    endloop
  endfacet
  facet normal -0.382715 0 -0.923866
    outer loop
      vertex -23.8719 16.4 12.8425
      vertex -24.1413 14.4 12.9541
      vertex -24.1413 16.4 12.9541
    endloop
  endfacet
  facet normal -0.0559069 0 -0.998436
    outer loop
      vertex -25 14.4 13.1
      vertex -24.7089 16.4 13.0837
      vertex -24.7089 14.4 13.0837
    endloop
  endfacet
  facet normal -0.0559069 0 -0.998436
    outer loop
      vertex -24.7089 16.4 13.0837
      vertex -25 14.4 13.1
      vertex -25 16.4 13.1
    endloop
  endfacet
  facet normal 0 1 0
    outer loop
      vertex -24.7089 14.4 13.0837
      vertex -25.2911 14.4 13.0837
      vertex -25 14.4 13.1
    endloop
  endfacet
  facet normal 0 1 0
    outer loop
      vertex -24.4214 14.4 13.0348
      vertex -25.2911 14.4 13.0837
      vertex -24.7089 14.4 13.0837
    endloop
  endfacet
  facet normal 0 1 0
    outer loop
      vertex -24.4214 14.4 13.0348
      vertex -25.5786 14.4 13.0348
      vertex -25.2911 14.4 13.0837
    endloop
  endfacet
  facet normal 0 1 0
    outer loop
      vertex -24.1413 14.4 12.9541
      vertex -25.5786 14.4 13.0348
      vertex -24.4214 14.4 13.0348
    endloop
  endfacet
  facet normal 0 1 0
    outer loop
      vertex -24.1413 14.4 12.9541
      vertex -25.8587 14.4 12.9541
      vertex -25.5786 14.4 13.0348
    endloop
  endfacet
  facet normal 0 1 0
    outer loop
      vertex -23.8719 14.4 12.8425
      vertex -25.8587 14.4 12.9541
      vertex -24.1413 14.4 12.9541
    endloop
  endfacet
  facet normal 0 1 0
    outer loop
      vertex -23.8719 14.4 12.8425
      vertex -26.1281 14.4 12.8425
      vertex -25.8587 14.4 12.9541
    endloop
  endfacet
  facet normal 0 1 0
    outer loop
      vertex -23.6167 14.4 12.7015
      vertex -26.1281 14.4 12.8425
      vertex -23.8719 14.4 12.8425
    endloop
  endfacet
  facet normal 0 1 0
    outer loop
      vertex -23.6167 14.4 12.7015
      vertex -26.3833 14.4 12.7015
      vertex -26.1281 14.4 12.8425
    endloop
  endfacet
  facet normal 0 1 0
    outer loop
      vertex -23.3789 14.4 12.5328
      vertex -26.3833 14.4 12.7015
      vertex -23.6167 14.4 12.7015
    endloop
  endfacet
  facet normal 0 1 0
    outer loop
      vertex -23.3789 14.4 12.5328
      vertex -26.6211 14.4 12.5328
      vertex -26.3833 14.4 12.7015
    endloop
  endfacet
  facet normal 0 1 0
    outer loop
      vertex -23.1615 14.4 12.3385
      vertex -26.6211 14.4 12.5328
      vertex -23.3789 14.4 12.5328
    endloop
  endfacet
  facet normal 0 1 0
    outer loop
      vertex -23.1615 14.4 12.3385
      vertex -26.8385 14.4 12.3385
      vertex -26.6211 14.4 12.5328
    endloop
  endfacet
  facet normal 0 1 0
    outer loop
      vertex -22.9672 14.4 12.1211
      vertex -26.8385 14.4 12.3385
      vertex -23.1615 14.4 12.3385
    endloop
  endfacet
  facet normal 0 1 0
    outer loop
      vertex -22.9672 14.4 12.1211
      vertex -27.0328 14.4 12.1211
      vertex -26.8385 14.4 12.3385
    endloop
  endfacet
  facet normal 0 1 0
    outer loop
      vertex -22.7985 14.4 11.8833
      vertex -27.0328 14.4 12.1211
      vertex -22.9672 14.4 12.1211
    endloop
  endfacet
  facet normal 0 1 0
    outer loop
      vertex -22.7985 14.4 11.8833
      vertex -27.2015 14.4 11.8833
      vertex -27.0328 14.4 12.1211
    endloop
  endfacet
  facet normal 0 1 0
    outer loop
      vertex -22.6575 14.4 11.6281
      vertex -27.2015 14.4 11.8833
      vertex -22.7985 14.4 11.8833
    endloop
  endfacet
  facet normal 0 1 0
    outer loop
      vertex -22.6575 14.4 11.6281
      vertex -27.3425 14.4 11.6281
      vertex -27.2015 14.4 11.8833
    endloop
  endfacet
  facet normal 0 1 0
    outer loop
      vertex -22.5459 14.4 11.3587
      vertex -27.3425 14.4 11.6281
      vertex -22.6575 14.4 11.6281
    endloop
  endfacet
  facet normal 0 1 0
    outer loop
      vertex -22.5459 14.4 11.3587
      vertex -27.4541 14.4 11.3587
      vertex -27.3425 14.4 11.6281
    endloop
  endfacet
  facet normal 0 1 0
    outer loop
      vertex -22.4652 14.4 11.0786
      vertex -27.4541 14.4 11.3587
      vertex -22.5459 14.4 11.3587
    endloop
  endfacet
  facet normal 0 1 0
    outer loop
      vertex -22.4652 14.4 11.0786
      vertex -27.5348 14.4 11.0786
      vertex -27.4541 14.4 11.3587
    endloop
  endfacet
  facet normal 0 1 0
    outer loop
      vertex -22.4163 14.4 10.7911
      vertex -27.5348 14.4 11.0786
      vertex -22.4652 14.4 11.0786
    endloop
  endfacet
  facet normal 0 1 0
    outer loop
      vertex -22.4163 14.4 10.7911
      vertex -27.5837 14.4 10.7911
      vertex -27.5348 14.4 11.0786
    endloop
  endfacet
  facet normal 0 1 0
    outer loop
      vertex -22.4 14.4 10.5
      vertex -27.5837 14.4 10.7911
      vertex -22.4163 14.4 10.7911
    endloop
  endfacet
  facet normal 0 1 0
    outer loop
      vertex -22.4 14.4 10.5
      vertex -27.6 14.4 10.5
      vertex -27.5837 14.4 10.7911
    endloop
  endfacet
  facet normal 0 1 -0
    outer loop
      vertex -22.4163 14.4 10.2089
      vertex -27.6 14.4 10.5
      vertex -22.4 14.4 10.5
    endloop
  endfacet
  facet normal 0 1 0
    outer loop
      vertex -22.4163 14.4 10.2089
      vertex -27.5837 14.4 10.2089
      vertex -27.6 14.4 10.5
    endloop
  endfacet
  facet normal 0 1 -0
    outer loop
      vertex -22.4652 14.4 9.92144
      vertex -27.5837 14.4 10.2089
      vertex -22.4163 14.4 10.2089
    endloop
  endfacet
  facet normal 0 1 0
    outer loop
      vertex -22.4652 14.4 9.92144
      vertex -27.5348 14.4 9.92144
      vertex -27.5837 14.4 10.2089
    endloop
  endfacet
  facet normal 0 1 -0
    outer loop
      vertex -22.5459 14.4 9.64127
      vertex -27.5348 14.4 9.92144
      vertex -22.4652 14.4 9.92144
    endloop
  endfacet
  facet normal 0 1 0
    outer loop
      vertex -22.5459 14.4 9.64127
      vertex -27.4541 14.4 9.64127
      vertex -27.5348 14.4 9.92144
    endloop
  endfacet
  facet normal 0 1 -0
    outer loop
      vertex -22.6575 14.4 9.3719
      vertex -27.4541 14.4 9.64127
      vertex -22.5459 14.4 9.64127
    endloop
  endfacet
  facet normal 0 1 0
    outer loop
      vertex -22.6575 14.4 9.3719
      vertex -27.3425 14.4 9.3719
      vertex -27.4541 14.4 9.64127
    endloop
  endfacet
  facet normal 0 1 -0
    outer loop
      vertex -22.7985 14.4 9.11672
      vertex -27.3425 14.4 9.3719
      vertex -22.6575 14.4 9.3719
    endloop
  endfacet
  facet normal 0 1 0
    outer loop
      vertex -22.7985 14.4 9.11672
      vertex -27.2015 14.4 9.11672
      vertex -27.3425 14.4 9.3719
    endloop
  endfacet
  facet normal 0 1 -0
    outer loop
      vertex -22.9672 14.4 8.87893
      vertex -27.2015 14.4 9.11672
      vertex -22.7985 14.4 9.11672
    endloop
  endfacet
  facet normal 0 1 0
    outer loop
      vertex -22.9672 14.4 8.87893
      vertex -27.0328 14.4 8.87893
      vertex -27.2015 14.4 9.11672
    endloop
  endfacet
  facet normal 0 1 -0
    outer loop
      vertex -23.1615 14.4 8.66152
      vertex -27.0328 14.4 8.87893
      vertex -22.9672 14.4 8.87893
    endloop
  endfacet
  facet normal 0 1 0
    outer loop
      vertex -23.1615 14.4 8.66152
      vertex -26.8385 14.4 8.66152
      vertex -27.0328 14.4 8.87893
    endloop
  endfacet
  facet normal 0 1 -0
    outer loop
      vertex -23.3789 14.4 8.46724
      vertex -26.8385 14.4 8.66152
      vertex -23.1615 14.4 8.66152
    endloop
  endfacet
  facet normal 0 1 0
    outer loop
      vertex -23.3789 14.4 8.46724
      vertex -26.6211 14.4 8.46724
      vertex -26.8385 14.4 8.66152
    endloop
  endfacet
  facet normal 0 1 -0
    outer loop
      vertex -23.6167 14.4 8.29852
      vertex -26.6211 14.4 8.46724
      vertex -23.3789 14.4 8.46724
    endloop
  endfacet
  facet normal 0 1 0
    outer loop
      vertex -23.6167 14.4 8.29852
      vertex -26.3833 14.4 8.29852
      vertex -26.6211 14.4 8.46724
    endloop
  endfacet
  facet normal 0 1 -0
    outer loop
      vertex -23.8719 14.4 8.15748
      vertex -26.3833 14.4 8.29852
      vertex -23.6167 14.4 8.29852
    endloop
  endfacet
  facet normal 0 1 0
    outer loop
      vertex -23.8719 14.4 8.15748
      vertex -26.1281 14.4 8.15748
      vertex -26.3833 14.4 8.29852
    endloop
  endfacet
  facet normal 0 1 -0
    outer loop
      vertex -24.1413 14.4 8.0459
      vertex -26.1281 14.4 8.15748
      vertex -23.8719 14.4 8.15748
    endloop
  endfacet
  facet normal 0 1 0
    outer loop
      vertex -24.1413 14.4 8.0459
      vertex -25.8587 14.4 8.0459
      vertex -26.1281 14.4 8.15748
    endloop
  endfacet
  facet normal 0 1 -0
    outer loop
      vertex -24.4214 14.4 7.96519
      vertex -25.8587 14.4 8.0459
      vertex -24.1413 14.4 8.0459
    endloop
  endfacet
  facet normal 0 1 0
    outer loop
      vertex -24.4214 14.4 7.96519
      vertex -25.5786 14.4 7.96519
      vertex -25.8587 14.4 8.0459
    endloop
  endfacet
  facet normal 0 1 -0
    outer loop
      vertex -24.7089 14.4 7.91635
      vertex -25.5786 14.4 7.96519
      vertex -24.4214 14.4 7.96519
    endloop
  endfacet
  facet normal 0 1 0
    outer loop
      vertex -24.7089 14.4 7.91635
      vertex -25.2911 14.4 7.91635
      vertex -25.5786 14.4 7.96519
    endloop
  endfacet
  facet normal -0 1 0
    outer loop
      vertex -25.2911 14.4 7.91635
      vertex -24.7089 14.4 7.91635
      vertex -25 14.4 7.9
    endloop
  endfacet
  facet normal 0.998436 0 -0.0559069
    outer loop
      vertex -27.5837 14.4 10.7911
      vertex -27.6 16.4 10.5
      vertex -27.5837 16.4 10.7911
    endloop
  endfacet
  facet normal 0.998436 0 -0.0559069
    outer loop
      vertex -27.6 16.4 10.5
      vertex -27.5837 14.4 10.7911
      vertex -27.6 14.4 10.5
    endloop
  endfacet
  facet normal 0.923866 0 -0.382715
    outer loop
      vertex -27.3425 14.4 11.6281
      vertex -27.4541 16.4 11.3587
      vertex -27.3425 16.4 11.6281
    endloop
  endfacet
  facet normal 0.923866 0 -0.382715
    outer loop
      vertex -27.4541 16.4 11.3587
      vertex -27.3425 14.4 11.6281
      vertex -27.4541 14.4 11.3587
    endloop
  endfacet
  facet normal 0.27685 0 -0.960913
    outer loop
      vertex -25.8587 14.4 12.9541
      vertex -25.5786 16.4 13.0348
      vertex -25.5786 14.4 13.0348
    endloop
  endfacet
  facet normal 0.27685 0 -0.960913
    outer loop
      vertex -25.5786 16.4 13.0348
      vertex -25.8587 14.4 12.9541
      vertex -25.8587 16.4 12.9541
    endloop
  endfacet
  facet normal 0.666384 0 -0.745609
    outer loop
      vertex -26.8385 14.4 12.3385
      vertex -26.6211 16.4 12.5328
      vertex -26.6211 14.4 12.5328
    endloop
  endfacet
  facet normal 0.666384 0 -0.745609
    outer loop
      vertex -26.6211 16.4 12.5328
      vertex -26.8385 14.4 12.3385
      vertex -26.8385 16.4 12.3385
    endloop
  endfacet
  facet normal -0.985838 0 0.167701
    outer loop
      vertex -22.4652 14.4 9.92144
      vertex -22.4163 16.4 10.2089
      vertex -22.4652 16.4 9.92144
    endloop
  endfacet
  facet normal -0.985838 0 0.167701
    outer loop
      vertex -22.4163 16.4 10.2089
      vertex -22.4652 14.4 9.92144
      vertex -22.4163 14.4 10.2089
    endloop
  endfacet
  facet normal -0.923851 0 0.382752
    outer loop
      vertex -22.6575 14.4 9.3719
      vertex -22.5459 16.4 9.64127
      vertex -22.6575 16.4 9.3719
    endloop
  endfacet
  facet normal -0.923851 0 0.382752
    outer loop
      vertex -22.5459 16.4 9.64127
      vertex -22.6575 14.4 9.3719
      vertex -22.5459 14.4 9.64127
    endloop
  endfacet
  facet normal -0.815595 0 0.578623
    outer loop
      vertex -22.9672 14.4 8.87893
      vertex -22.7985 16.4 9.11672
      vertex -22.9672 16.4 8.87893
    endloop
  endfacet
  facet normal -0.815595 0 0.578623
    outer loop
      vertex -22.7985 16.4 9.11672
      vertex -22.9672 14.4 8.87893
      vertex -22.7985 14.4 9.11672
    endloop
  endfacet
  facet normal -0.276882 0 0.960904
    outer loop
      vertex -24.4214 16.4 7.96519
      vertex -24.1413 14.4 8.0459
      vertex -24.1413 16.4 8.0459
    endloop
  endfacet
  facet normal -0.276882 0 0.960904
    outer loop
      vertex -24.1413 14.4 8.0459
      vertex -24.4214 16.4 7.96519
      vertex -24.4214 14.4 7.96519
    endloop
  endfacet
  facet normal -0.382657 0 0.923891
    outer loop
      vertex -24.1413 16.4 8.0459
      vertex -23.8719 14.4 8.15748
      vertex -23.8719 16.4 8.15748
    endloop
  endfacet
  facet normal -0.382657 0 0.923891
    outer loop
      vertex -23.8719 14.4 8.15748
      vertex -24.1413 16.4 8.0459
      vertex -24.1413 14.4 8.0459
    endloop
  endfacet
  facet normal -0.666346 0 0.745643
    outer loop
      vertex -23.3789 16.4 8.46724
      vertex -23.1615 14.4 8.66152
      vertex -23.1615 16.4 8.66152
    endloop
  endfacet
  facet normal -0.666346 0 0.745643
    outer loop
      vertex -23.1615 14.4 8.66152
      vertex -23.3789 16.4 8.46724
      vertex -23.3789 14.4 8.46724
    endloop
  endfacet
  facet normal -0.745624 0 0.666367
    outer loop
      vertex -23.1615 14.4 8.66152
      vertex -22.9672 16.4 8.87893
      vertex -23.1615 16.4 8.66152
    endloop
  endfacet
  facet normal -0.745624 0 0.666367
    outer loop
      vertex -22.9672 16.4 8.87893
      vertex -23.1615 14.4 8.66152
      vertex -22.9672 14.4 8.87893
    endloop
  endfacet
  facet normal -0.578653 0 0.815574
    outer loop
      vertex -23.6167 16.4 8.29852
      vertex -23.3789 14.4 8.46724
      vertex -23.3789 16.4 8.46724
    endloop
  endfacet
  facet normal -0.578653 0 0.815574
    outer loop
      vertex -23.3789 14.4 8.46724
      vertex -23.6167 16.4 8.29852
      vertex -23.6167 14.4 8.29852
    endloop
  endfacet
  facet normal 0.0560779 0 0.998426
    outer loop
      vertex -25.2911 16.4 7.91635
      vertex -25 14.4 7.9
      vertex -25 16.4 7.9
    endloop
  endfacet
  facet normal 0.0560779 0 0.998426
    outer loop
      vertex -25 14.4 7.9
      vertex -25.2911 16.4 7.91635
      vertex -25.2911 14.4 7.91635
    endloop
  endfacet
  facet normal 0.382657 0 0.923891
    outer loop
      vertex -26.1281 16.4 8.15748
      vertex -25.8587 14.4 8.0459
      vertex -25.8587 16.4 8.0459
    endloop
  endfacet
  facet normal 0.382657 0 0.923891
    outer loop
      vertex -25.8587 14.4 8.0459
      vertex -26.1281 16.4 8.15748
      vertex -26.1281 14.4 8.15748
    endloop
  endfacet
  facet normal 0.276882 0 0.960904
    outer loop
      vertex -25.8587 16.4 8.0459
      vertex -25.5786 14.4 7.96519
      vertex -25.5786 16.4 7.96519
    endloop
  endfacet
  facet normal 0.276882 0 0.960904
    outer loop
      vertex -25.5786 14.4 7.96519
      vertex -25.8587 16.4 8.0459
      vertex -25.8587 14.4 8.0459
    endloop
  endfacet
  facet normal 0.483708 0 0.875229
    outer loop
      vertex -26.3833 16.4 8.29852
      vertex -26.1281 14.4 8.15748
      vertex -26.1281 16.4 8.15748
    endloop
  endfacet
  facet normal 0.483708 0 0.875229
    outer loop
      vertex -26.1281 14.4 8.15748
      vertex -26.3833 16.4 8.29852
      vertex -26.3833 14.4 8.29852
    endloop
  endfacet
  facet normal 0.960932 -0 0.276786
    outer loop
      vertex -27.5348 14.4 9.92144
      vertex -27.4541 16.4 9.64127
      vertex -27.5348 16.4 9.92144
    endloop
  endfacet
  facet normal 0.960932 0 0.276786
    outer loop
      vertex -27.4541 16.4 9.64127
      vertex -27.5348 14.4 9.92144
      vertex -27.4541 14.4 9.64127
    endloop
  endfacet
  facet normal 0.923851 -0 0.382752
    outer loop
      vertex -27.4541 14.4 9.64127
      vertex -27.3425 16.4 9.3719
      vertex -27.4541 16.4 9.64127
    endloop
  endfacet
  facet normal 0.923851 0 0.382752
    outer loop
      vertex -27.3425 16.4 9.3719
      vertex -27.4541 14.4 9.64127
      vertex -27.3425 14.4 9.3719
    endloop
  endfacet
  facet normal 0.815595 -0 0.578623
    outer loop
      vertex -27.2015 14.4 9.11672
      vertex -27.0328 16.4 8.87893
      vertex -27.2015 16.4 9.11672
    endloop
  endfacet
  facet normal 0.815595 0 0.578623
    outer loop
      vertex -27.0328 16.4 8.87893
      vertex -27.2015 14.4 9.11672
      vertex -27.0328 14.4 8.87893
    endloop
  endfacet
  facet normal 0.745624 -0 0.666367
    outer loop
      vertex -27.0328 14.4 8.87893
      vertex -26.8385 16.4 8.66152
      vertex -27.0328 16.4 8.87893
    endloop
  endfacet
  facet normal 0.745624 0 0.666367
    outer loop
      vertex -26.8385 16.4 8.66152
      vertex -27.0328 14.4 8.87893
      vertex -26.8385 14.4 8.66152
    endloop
  endfacet
  facet normal 0.666346 0 0.745643
    outer loop
      vertex -26.8385 16.4 8.66152
      vertex -26.6211 14.4 8.46724
      vertex -26.6211 16.4 8.46724
    endloop
  endfacet
  facet normal 0.666346 0 0.745643
    outer loop
      vertex -26.6211 14.4 8.46724
      vertex -26.8385 16.4 8.66152
      vertex -26.8385 14.4 8.66152
    endloop
  endfacet
  facet normal -0.875271 0 0.483632
    outer loop
      vertex -22.7985 14.4 9.11672
      vertex -22.6575 16.4 9.3719
      vertex -22.7985 16.4 9.11672
    endloop
  endfacet
  facet normal -0.875271 0 0.483632
    outer loop
      vertex -22.6575 16.4 9.3719
      vertex -22.7985 14.4 9.11672
      vertex -22.6575 14.4 9.3719
    endloop
  endfacet
  facet normal -0.998435 0 -0.0559261
    outer loop
      vertex -22.4 14.4 102.5
      vertex -22.4163 16.4 102.791
      vertex -22.4 16.4 102.5
    endloop
  endfacet
  facet normal -0.998435 -0 -0.0559261
    outer loop
      vertex -22.4163 16.4 102.791
      vertex -22.4 14.4 102.5
      vertex -22.4163 14.4 102.791
    endloop
  endfacet
  facet normal -0.98589 0 0.167396
    outer loop
      vertex -22.4652 14.4 101.921
      vertex -22.4163 16.4 102.209
      vertex -22.4652 16.4 101.921
    endloop
  endfacet
  facet normal -0.98589 0 0.167396
    outer loop
      vertex -22.4163 16.4 102.209
      vertex -22.4652 14.4 101.921
      vertex -22.4163 14.4 102.209
    endloop
  endfacet
  facet normal -0.577007 0 -0.816739
    outer loop
      vertex -23.6167 14.4 104.701
      vertex -23.3789 16.4 104.533
      vertex -23.3789 14.4 104.533
    endloop
  endfacet
  facet normal -0.577007 0 -0.816739
    outer loop
      vertex -23.3789 16.4 104.533
      vertex -23.6167 14.4 104.701
      vertex -23.6167 16.4 104.701
    endloop
  endfacet
  facet normal 0.380957 0 -0.924593
    outer loop
      vertex -26.1281 14.4 104.843
      vertex -25.8587 16.4 104.954
      vertex -25.8587 14.4 104.954
    endloop
  endfacet
  facet normal 0.380957 0 -0.924593
    outer loop
      vertex -25.8587 16.4 104.954
      vertex -26.1281 14.4 104.843
      vertex -26.1281 16.4 104.843
    endloop
  endfacet
  facet normal -0.998435 0 0.0559261
    outer loop
      vertex -22.4163 14.4 102.209
      vertex -22.4 16.4 102.5
      vertex -22.4163 16.4 102.209
    endloop
  endfacet
  facet normal -0.998435 0 0.0559261
    outer loop
      vertex -22.4 16.4 102.5
      vertex -22.4163 14.4 102.209
      vertex -22.4 14.4 102.5
    endloop
  endfacet
  facet normal -0.923665 0 -0.383201
    outer loop
      vertex -22.5459 14.4 103.359
      vertex -22.6575 16.4 103.628
      vertex -22.5459 16.4 103.359
    endloop
  endfacet
  facet normal -0.923665 -0 -0.383201
    outer loop
      vertex -22.6575 16.4 103.628
      vertex -22.5459 14.4 103.359
      vertex -22.6575 14.4 103.628
    endloop
  endfacet
  facet normal 0 -1 0
    outer loop
      vertex -25.2911 16.4 105.084
      vertex -24.7089 16.4 105.084
      vertex -25 16.4 105.1
    endloop
  endfacet
  facet normal 0 -1 0
    outer loop
      vertex -25.5786 16.4 105.035
      vertex -24.7089 16.4 105.084
      vertex -25.2911 16.4 105.084
    endloop
  endfacet
  facet normal 0 -1 0
    outer loop
      vertex -25.5786 16.4 105.035
      vertex -24.4214 16.4 105.035
      vertex -24.7089 16.4 105.084
    endloop
  endfacet
  facet normal 0 -1 0
    outer loop
      vertex -25.8587 16.4 104.954
      vertex -24.4214 16.4 105.035
      vertex -25.5786 16.4 105.035
    endloop
  endfacet
  facet normal 0 -1 0
    outer loop
      vertex -25.8587 16.4 104.954
      vertex -24.1413 16.4 104.954
      vertex -24.4214 16.4 105.035
    endloop
  endfacet
  facet normal 0 -1 0
    outer loop
      vertex -26.1281 16.4 104.843
      vertex -24.1413 16.4 104.954
      vertex -25.8587 16.4 104.954
    endloop
  endfacet
  facet normal 0 -1 0
    outer loop
      vertex -26.1281 16.4 104.843
      vertex -23.8719 16.4 104.843
      vertex -24.1413 16.4 104.954
    endloop
  endfacet
  facet normal 0 -1 0
    outer loop
      vertex -26.3833 16.4 104.701
      vertex -23.8719 16.4 104.843
      vertex -26.1281 16.4 104.843
    endloop
  endfacet
  facet normal 0 -1 0
    outer loop
      vertex -26.3833 16.4 104.701
      vertex -23.6167 16.4 104.701
      vertex -23.8719 16.4 104.843
    endloop
  endfacet
  facet normal 0 -1 0
    outer loop
      vertex -26.6211 16.4 104.533
      vertex -23.6167 16.4 104.701
      vertex -26.3833 16.4 104.701
    endloop
  endfacet
  facet normal 0 -1 0
    outer loop
      vertex -26.6211 16.4 104.533
      vertex -23.3789 16.4 104.533
      vertex -23.6167 16.4 104.701
    endloop
  endfacet
  facet normal 0 -1 0
    outer loop
      vertex -26.8385 16.4 104.338
      vertex -23.3789 16.4 104.533
      vertex -26.6211 16.4 104.533
    endloop
  endfacet
  facet normal 0 -1 0
    outer loop
      vertex -26.8385 16.4 104.338
      vertex -23.1615 16.4 104.338
      vertex -23.3789 16.4 104.533
    endloop
  endfacet
  facet normal 0 -1 0
    outer loop
      vertex -27.0328 16.4 104.121
      vertex -23.1615 16.4 104.338
      vertex -26.8385 16.4 104.338
    endloop
  endfacet
  facet normal 0 -1 0
    outer loop
      vertex -27.0328 16.4 104.121
      vertex -22.9672 16.4 104.121
      vertex -23.1615 16.4 104.338
    endloop
  endfacet
  facet normal 0 -1 0
    outer loop
      vertex -27.2015 16.4 103.883
      vertex -22.9672 16.4 104.121
      vertex -27.0328 16.4 104.121
    endloop
  endfacet
  facet normal 0 -1 0
    outer loop
      vertex -27.2015 16.4 103.883
      vertex -22.7985 16.4 103.883
      vertex -22.9672 16.4 104.121
    endloop
  endfacet
  facet normal 0 -1 0
    outer loop
      vertex -27.3425 16.4 103.628
      vertex -22.7985 16.4 103.883
      vertex -27.2015 16.4 103.883
    endloop
  endfacet
  facet normal 0 -1 0
    outer loop
      vertex -27.3425 16.4 103.628
      vertex -22.6575 16.4 103.628
      vertex -22.7985 16.4 103.883
    endloop
  endfacet
  facet normal 0 -1 0
    outer loop
      vertex -27.4541 16.4 103.359
      vertex -22.6575 16.4 103.628
      vertex -27.3425 16.4 103.628
    endloop
  endfacet
  facet normal 0 -1 0
    outer loop
      vertex -27.4541 16.4 103.359
      vertex -22.5459 16.4 103.359
      vertex -22.6575 16.4 103.628
    endloop
  endfacet
  facet normal 0 -1 0
    outer loop
      vertex -27.5348 16.4 103.079
      vertex -22.5459 16.4 103.359
      vertex -27.4541 16.4 103.359
    endloop
  endfacet
  facet normal 0 -1 0
    outer loop
      vertex -27.5348 16.4 103.079
      vertex -22.4652 16.4 103.079
      vertex -22.5459 16.4 103.359
    endloop
  endfacet
  facet normal 0 -1 0
    outer loop
      vertex -27.5837 16.4 102.791
      vertex -22.4652 16.4 103.079
      vertex -27.5348 16.4 103.079
    endloop
  endfacet
  facet normal 0 -1 0
    outer loop
      vertex -27.5837 16.4 102.791
      vertex -22.4163 16.4 102.791
      vertex -22.4652 16.4 103.079
    endloop
  endfacet
  facet normal 0 -1 0
    outer loop
      vertex -27.6 16.4 102.5
      vertex -22.4163 16.4 102.791
      vertex -27.5837 16.4 102.791
    endloop
  endfacet
  facet normal 0 -1 0
    outer loop
      vertex -27.6 16.4 102.5
      vertex -22.4 16.4 102.5
      vertex -22.4163 16.4 102.791
    endloop
  endfacet
  facet normal 0 -1 0
    outer loop
      vertex -27.5837 16.4 102.209
      vertex -22.4 16.4 102.5
      vertex -27.6 16.4 102.5
    endloop
  endfacet
  facet normal 0 -1 0
    outer loop
      vertex -27.5837 16.4 102.209
      vertex -22.4163 16.4 102.209
      vertex -22.4 16.4 102.5
    endloop
  endfacet
  facet normal 0 -1 0
    outer loop
      vertex -27.5348 16.4 101.921
      vertex -22.4163 16.4 102.209
      vertex -27.5837 16.4 102.209
    endloop
  endfacet
  facet normal 0 -1 0
    outer loop
      vertex -27.5348 16.4 101.921
      vertex -22.4652 16.4 101.921
      vertex -22.4163 16.4 102.209
    endloop
  endfacet
  facet normal 0 -1 0
    outer loop
      vertex -27.4541 16.4 101.641
      vertex -22.4652 16.4 101.921
      vertex -27.5348 16.4 101.921
    endloop
  endfacet
  facet normal 0 -1 0
    outer loop
      vertex -27.4541 16.4 101.641
      vertex -22.5459 16.4 101.641
      vertex -22.4652 16.4 101.921
    endloop
  endfacet
  facet normal 0 -1 0
    outer loop
      vertex -27.3425 16.4 101.372
      vertex -22.5459 16.4 101.641
      vertex -27.4541 16.4 101.641
    endloop
  endfacet
  facet normal 0 -1 0
    outer loop
      vertex -27.3425 16.4 101.372
      vertex -22.6575 16.4 101.372
      vertex -22.5459 16.4 101.641
    endloop
  endfacet
  facet normal 0 -1 0
    outer loop
      vertex -27.2015 16.4 101.117
      vertex -22.6575 16.4 101.372
      vertex -27.3425 16.4 101.372
    endloop
  endfacet
  facet normal 0 -1 0
    outer loop
      vertex -27.2015 16.4 101.117
      vertex -22.7985 16.4 101.117
      vertex -22.6575 16.4 101.372
    endloop
  endfacet
  facet normal 0 -1 0
    outer loop
      vertex -27.0328 16.4 100.879
      vertex -22.7985 16.4 101.117
      vertex -27.2015 16.4 101.117
    endloop
  endfacet
  facet normal 0 -1 0
    outer loop
      vertex -27.0328 16.4 100.879
      vertex -22.9672 16.4 100.879
      vertex -22.7985 16.4 101.117
    endloop
  endfacet
  facet normal 0 -1 0
    outer loop
      vertex -26.8385 16.4 100.662
      vertex -22.9672 16.4 100.879
      vertex -27.0328 16.4 100.879
    endloop
  endfacet
  facet normal 0 -1 0
    outer loop
      vertex -26.8385 16.4 100.662
      vertex -23.1615 16.4 100.662
      vertex -22.9672 16.4 100.879
    endloop
  endfacet
  facet normal 0 -1 0
    outer loop
      vertex -26.6211 16.4 100.467
      vertex -23.1615 16.4 100.662
      vertex -26.8385 16.4 100.662
    endloop
  endfacet
  facet normal 0 -1 0
    outer loop
      vertex -26.6211 16.4 100.467
      vertex -23.3789 16.4 100.467
      vertex -23.1615 16.4 100.662
    endloop
  endfacet
  facet normal 0 -1 0
    outer loop
      vertex -26.3833 16.4 100.299
      vertex -23.3789 16.4 100.467
      vertex -26.6211 16.4 100.467
    endloop
  endfacet
  facet normal 0 -1 0
    outer loop
      vertex -26.3833 16.4 100.299
      vertex -23.6167 16.4 100.299
      vertex -23.3789 16.4 100.467
    endloop
  endfacet
  facet normal 0 -1 0
    outer loop
      vertex -26.1281 16.4 100.157
      vertex -23.6167 16.4 100.299
      vertex -26.3833 16.4 100.299
    endloop
  endfacet
  facet normal 0 -1 0
    outer loop
      vertex -26.1281 16.4 100.157
      vertex -23.8719 16.4 100.157
      vertex -23.6167 16.4 100.299
    endloop
  endfacet
  facet normal 0 -1 0
    outer loop
      vertex -25.8587 16.4 100.046
      vertex -23.8719 16.4 100.157
      vertex -26.1281 16.4 100.157
    endloop
  endfacet
  facet normal 0 -1 0
    outer loop
      vertex -25.8587 16.4 100.046
      vertex -24.1413 16.4 100.046
      vertex -23.8719 16.4 100.157
    endloop
  endfacet
  facet normal 0 -1 0
    outer loop
      vertex -25.5786 16.4 99.9652
      vertex -24.1413 16.4 100.046
      vertex -25.8587 16.4 100.046
    endloop
  endfacet
  facet normal 0 -1 0
    outer loop
      vertex -25.5786 16.4 99.9652
      vertex -24.4214 16.4 99.9652
      vertex -24.1413 16.4 100.046
    endloop
  endfacet
  facet normal 0 -1 0
    outer loop
      vertex -25.2911 16.4 99.9164
      vertex -24.4214 16.4 99.9652
      vertex -25.5786 16.4 99.9652
    endloop
  endfacet
  facet normal 0 -1 0
    outer loop
      vertex -25.2911 16.4 99.9164
      vertex -24.7089 16.4 99.9164
      vertex -24.4214 16.4 99.9652
    endloop
  endfacet
  facet normal -0 -1 0
    outer loop
      vertex -24.7089 16.4 99.9164
      vertex -25.2911 16.4 99.9164
      vertex -25 16.4 99.9
    endloop
  endfacet
  facet normal 0.0562488 0 0.998417
    outer loop
      vertex -25.2911 16.4 99.9164
      vertex -25 14.4 99.9
      vertex -25 16.4 99.9
    endloop
  endfacet
  facet normal 0.0562488 0 0.998417
    outer loop
      vertex -25 14.4 99.9
      vertex -25.2911 16.4 99.9164
      vertex -25.2911 14.4 99.9164
    endloop
  endfacet
  facet normal -0.98589 0 -0.167396
    outer loop
      vertex -22.4163 14.4 102.791
      vertex -22.4652 16.4 103.079
      vertex -22.4163 16.4 102.791
    endloop
  endfacet
  facet normal -0.98589 -0 -0.167396
    outer loop
      vertex -22.4652 16.4 103.079
      vertex -22.4163 14.4 102.791
      vertex -22.4652 14.4 103.079
    endloop
  endfacet
  facet normal -0.815836 0 -0.578284
    outer loop
      vertex -22.7985 14.4 103.883
      vertex -22.9672 16.4 104.121
      vertex -22.7985 16.4 103.883
    endloop
  endfacet
  facet normal -0.815836 -0 -0.578284
    outer loop
      vertex -22.9672 16.4 104.121
      vertex -22.7985 14.4 103.883
      vertex -22.9672 14.4 104.121
    endloop
  endfacet
  facet normal -0.875127 0 -0.483894
    outer loop
      vertex -22.6575 14.4 103.628
      vertex -22.7985 16.4 103.883
      vertex -22.6575 16.4 103.628
    endloop
  endfacet
  facet normal -0.875127 -0 -0.483894
    outer loop
      vertex -22.7985 16.4 103.883
      vertex -22.6575 14.4 103.628
      vertex -22.7985 14.4 103.883
    endloop
  endfacet
  facet normal -0.667715 0 -0.744417
    outer loop
      vertex -23.3789 14.4 104.533
      vertex -23.1615 16.4 104.338
      vertex -23.1615 14.4 104.338
    endloop
  endfacet
  facet normal -0.667715 0 -0.744417
    outer loop
      vertex -23.1615 16.4 104.338
      vertex -23.3789 14.4 104.533
      vertex -23.3789 16.4 104.533
    endloop
  endfacet
  facet normal -0.486224 0 -0.873834
    outer loop
      vertex -23.8719 14.4 104.843
      vertex -23.6167 16.4 104.701
      vertex -23.6167 14.4 104.701
    endloop
  endfacet
  facet normal -0.486224 0 -0.873834
    outer loop
      vertex -23.6167 16.4 104.701
      vertex -23.8719 14.4 104.843
      vertex -23.8719 16.4 104.843
    endloop
  endfacet
  facet normal 0.0548811 0 -0.998493
    outer loop
      vertex -25.2911 14.4 105.084
      vertex -25 16.4 105.1
      vertex -25 14.4 105.1
    endloop
  endfacet
  facet normal 0.0548811 0 -0.998493
    outer loop
      vertex -25 16.4 105.1
      vertex -25.2911 14.4 105.084
      vertex -25.2911 16.4 105.084
    endloop
  endfacet
  facet normal -0.168012 0 -0.985785
    outer loop
      vertex -24.7089 14.4 105.084
      vertex -24.4214 16.4 105.035
      vertex -24.4214 14.4 105.035
    endloop
  endfacet
  facet normal -0.168012 0 -0.985785
    outer loop
      vertex -24.4214 16.4 105.035
      vertex -24.7089 14.4 105.084
      vertex -24.7089 16.4 105.084
    endloop
  endfacet
  facet normal 0.998435 -0 0.0559261
    outer loop
      vertex -27.6 14.4 102.5
      vertex -27.5837 16.4 102.209
      vertex -27.6 16.4 102.5
    endloop
  endfacet
  facet normal 0.998435 0 0.0559261
    outer loop
      vertex -27.5837 16.4 102.209
      vertex -27.6 14.4 102.5
      vertex -27.5837 14.4 102.209
    endloop
  endfacet
  facet normal 0.98589 0 -0.167396
    outer loop
      vertex -27.5348 14.4 103.079
      vertex -27.5837 16.4 102.791
      vertex -27.5348 16.4 103.079
    endloop
  endfacet
  facet normal 0.98589 0 -0.167396
    outer loop
      vertex -27.5837 16.4 102.791
      vertex -27.5348 14.4 103.079
      vertex -27.5837 14.4 102.791
    endloop
  endfacet
  facet normal 0.875127 0 -0.483894
    outer loop
      vertex -27.2015 14.4 103.883
      vertex -27.3425 16.4 103.628
      vertex -27.2015 16.4 103.883
    endloop
  endfacet
  facet normal 0.875127 0 -0.483894
    outer loop
      vertex -27.3425 16.4 103.628
      vertex -27.2015 14.4 103.883
      vertex -27.3425 14.4 103.628
    endloop
  endfacet
  facet normal 0.815836 0 -0.578284
    outer loop
      vertex -27.0328 14.4 104.121
      vertex -27.2015 16.4 103.883
      vertex -27.0328 16.4 104.121
    endloop
  endfacet
  facet normal 0.815836 0 -0.578284
    outer loop
      vertex -27.2015 16.4 103.883
      vertex -27.0328 14.4 104.121
      vertex -27.2015 14.4 103.883
    endloop
  endfacet
  facet normal 0.168012 0 -0.985785
    outer loop
      vertex -25.5786 14.4 105.035
      vertex -25.2911 16.4 105.084
      vertex -25.2911 14.4 105.084
    endloop
  endfacet
  facet normal 0.168012 0 -0.985785
    outer loop
      vertex -25.2911 16.4 105.084
      vertex -25.5786 14.4 105.035
      vertex -25.5786 16.4 105.035
    endloop
  endfacet
  facet normal 0.577007 0 -0.816739
    outer loop
      vertex -26.6211 14.4 104.533
      vertex -26.3833 16.4 104.701
      vertex -26.3833 14.4 104.701
    endloop
  endfacet
  facet normal 0.577007 0 -0.816739
    outer loop
      vertex -26.3833 16.4 104.701
      vertex -26.6211 14.4 104.533
      vertex -26.6211 16.4 104.533
    endloop
  endfacet
  facet normal 0.486224 0 -0.873834
    outer loop
      vertex -26.3833 14.4 104.701
      vertex -26.1281 16.4 104.843
      vertex -26.1281 14.4 104.843
    endloop
  endfacet
  facet normal 0.486224 0 -0.873834
    outer loop
      vertex -26.1281 16.4 104.843
      vertex -26.3833 14.4 104.701
      vertex -26.3833 16.4 104.701
    endloop
  endfacet
  facet normal -0.960887 0 0.276941
    outer loop
      vertex -22.5459 14.4 101.641
      vertex -22.4652 16.4 101.921
      vertex -22.5459 16.4 101.641
    endloop
  endfacet
  facet normal -0.960887 0 0.276941
    outer loop
      vertex -22.4652 16.4 101.921
      vertex -22.5459 14.4 101.641
      vertex -22.4652 14.4 101.921
    endloop
  endfacet
  facet normal -0.167346 0 0.985898
    outer loop
      vertex -24.7089 16.4 99.9164
      vertex -24.4214 14.4 99.9652
      vertex -24.4214 16.4 99.9652
    endloop
  endfacet
  facet normal -0.167346 0 0.985898
    outer loop
      vertex -24.4214 14.4 99.9652
      vertex -24.7089 16.4 99.9164
      vertex -24.7089 14.4 99.9164
    endloop
  endfacet
  facet normal -0.486224 0 0.873834
    outer loop
      vertex -23.8719 16.4 100.157
      vertex -23.6167 14.4 100.299
      vertex -23.6167 16.4 100.299
    endloop
  endfacet
  facet normal -0.486224 0 0.873834
    outer loop
      vertex -23.6167 14.4 100.299
      vertex -23.8719 16.4 100.157
      vertex -23.8719 14.4 100.157
    endloop
  endfacet
  facet normal -0.0562488 0 0.998417
    outer loop
      vertex -25 16.4 99.9
      vertex -24.7089 14.4 99.9164
      vertex -24.7089 16.4 99.9164
    endloop
  endfacet
  facet normal -0.0562488 0 0.998417
    outer loop
      vertex -24.7089 14.4 99.9164
      vertex -25 16.4 99.9
      vertex -25 14.4 99.9
    endloop
  endfacet
  facet normal 0.167346 0 0.985898
    outer loop
      vertex -25.5786 16.4 99.9652
      vertex -25.2911 14.4 99.9164
      vertex -25.2911 16.4 99.9164
    endloop
  endfacet
  facet normal 0.167346 0 0.985898
    outer loop
      vertex -25.2911 14.4 99.9164
      vertex -25.5786 16.4 99.9652
      vertex -25.5786 14.4 99.9652
    endloop
  endfacet
  facet normal 0.577007 0 0.816739
    outer loop
      vertex -26.6211 16.4 100.467
      vertex -26.3833 14.4 100.299
      vertex -26.3833 16.4 100.299
    endloop
  endfacet
  facet normal 0.577007 0 0.816739
    outer loop
      vertex -26.3833 14.4 100.299
      vertex -26.6211 16.4 100.467
      vertex -26.6211 14.4 100.467
    endloop
  endfacet
  facet normal 0.98589 -0 0.167396
    outer loop
      vertex -27.5837 14.4 102.209
      vertex -27.5348 16.4 101.921
      vertex -27.5837 16.4 102.209
    endloop
  endfacet
  facet normal 0.98589 0 0.167396
    outer loop
      vertex -27.5348 16.4 101.921
      vertex -27.5837 14.4 102.209
      vertex -27.5348 14.4 101.921
    endloop
  endfacet
  facet normal 0.875127 -0 0.483894
    outer loop
      vertex -27.3425 14.4 101.372
      vertex -27.2015 16.4 101.117
      vertex -27.3425 16.4 101.372
    endloop
  endfacet
  facet normal 0.875127 0 0.483894
    outer loop
      vertex -27.2015 16.4 101.117
      vertex -27.3425 14.4 101.372
      vertex -27.2015 14.4 101.117
    endloop
  endfacet
  facet normal -0.960887 0 -0.276941
    outer loop
      vertex -22.4652 14.4 103.079
      vertex -22.5459 16.4 103.359
      vertex -22.4652 16.4 103.079
    endloop
  endfacet
  facet normal -0.960887 -0 -0.276941
    outer loop
      vertex -22.5459 16.4 103.359
      vertex -22.4652 14.4 103.079
      vertex -22.5459 14.4 103.359
    endloop
  endfacet
  facet normal -0.744999 0 -0.667066
    outer loop
      vertex -22.9672 14.4 104.121
      vertex -23.1615 16.4 104.338
      vertex -22.9672 16.4 104.121
    endloop
  endfacet
  facet normal -0.744999 -0 -0.667066
    outer loop
      vertex -23.1615 16.4 104.338
      vertex -22.9672 14.4 104.121
      vertex -23.1615 14.4 104.338
    endloop
  endfacet
  facet normal -0.380957 0 -0.924593
    outer loop
      vertex -24.1413 14.4 104.954
      vertex -23.8719 16.4 104.843
      vertex -23.8719 14.4 104.843
    endloop
  endfacet
  facet normal -0.380957 0 -0.924593
    outer loop
      vertex -23.8719 16.4 104.843
      vertex -24.1413 14.4 104.954
      vertex -24.1413 16.4 104.954
    endloop
  endfacet
  facet normal -0.2778 0 -0.960639
    outer loop
      vertex -24.4214 14.4 105.035
      vertex -24.1413 16.4 104.954
      vertex -24.1413 14.4 104.954
    endloop
  endfacet
  facet normal -0.2778 0 -0.960639
    outer loop
      vertex -24.1413 16.4 104.954
      vertex -24.4214 14.4 105.035
      vertex -24.4214 16.4 105.035
    endloop
  endfacet
  facet normal -0.0548811 0 -0.998493
    outer loop
      vertex -25 14.4 105.1
      vertex -24.7089 16.4 105.084
      vertex -24.7089 14.4 105.084
    endloop
  endfacet
  facet normal -0.0548811 0 -0.998493
    outer loop
      vertex -24.7089 16.4 105.084
      vertex -25 14.4 105.1
      vertex -25 16.4 105.1
    endloop
  endfacet
  facet normal 0 1 0
    outer loop
      vertex -24.7089 14.4 105.084
      vertex -25.2911 14.4 105.084
      vertex -25 14.4 105.1
    endloop
  endfacet
  facet normal 0 1 0
    outer loop
      vertex -24.4214 14.4 105.035
      vertex -25.2911 14.4 105.084
      vertex -24.7089 14.4 105.084
    endloop
  endfacet
  facet normal 0 1 0
    outer loop
      vertex -24.4214 14.4 105.035
      vertex -25.5786 14.4 105.035
      vertex -25.2911 14.4 105.084
    endloop
  endfacet
  facet normal 0 1 0
    outer loop
      vertex -24.1413 14.4 104.954
      vertex -25.5786 14.4 105.035
      vertex -24.4214 14.4 105.035
    endloop
  endfacet
  facet normal 0 1 0
    outer loop
      vertex -24.1413 14.4 104.954
      vertex -25.8587 14.4 104.954
      vertex -25.5786 14.4 105.035
    endloop
  endfacet
  facet normal 0 1 0
    outer loop
      vertex -23.8719 14.4 104.843
      vertex -25.8587 14.4 104.954
      vertex -24.1413 14.4 104.954
    endloop
  endfacet
  facet normal 0 1 0
    outer loop
      vertex -23.8719 14.4 104.843
      vertex -26.1281 14.4 104.843
      vertex -25.8587 14.4 104.954
    endloop
  endfacet
  facet normal 0 1 0
    outer loop
      vertex -23.6167 14.4 104.701
      vertex -26.1281 14.4 104.843
      vertex -23.8719 14.4 104.843
    endloop
  endfacet
  facet normal 0 1 0
    outer loop
      vertex -23.6167 14.4 104.701
      vertex -26.3833 14.4 104.701
      vertex -26.1281 14.4 104.843
    endloop
  endfacet
  facet normal 0 1 0
    outer loop
      vertex -23.3789 14.4 104.533
      vertex -26.3833 14.4 104.701
      vertex -23.6167 14.4 104.701
    endloop
  endfacet
  facet normal 0 1 0
    outer loop
      vertex -23.3789 14.4 104.533
      vertex -26.6211 14.4 104.533
      vertex -26.3833 14.4 104.701
    endloop
  endfacet
  facet normal 0 1 0
    outer loop
      vertex -23.1615 14.4 104.338
      vertex -26.6211 14.4 104.533
      vertex -23.3789 14.4 104.533
    endloop
  endfacet
  facet normal 0 1 0
    outer loop
      vertex -23.1615 14.4 104.338
      vertex -26.8385 14.4 104.338
      vertex -26.6211 14.4 104.533
    endloop
  endfacet
  facet normal 0 1 0
    outer loop
      vertex -22.9672 14.4 104.121
      vertex -26.8385 14.4 104.338
      vertex -23.1615 14.4 104.338
    endloop
  endfacet
  facet normal 0 1 0
    outer loop
      vertex -22.9672 14.4 104.121
      vertex -27.0328 14.4 104.121
      vertex -26.8385 14.4 104.338
    endloop
  endfacet
  facet normal 0 1 0
    outer loop
      vertex -22.7985 14.4 103.883
      vertex -27.0328 14.4 104.121
      vertex -22.9672 14.4 104.121
    endloop
  endfacet
  facet normal 0 1 0
    outer loop
      vertex -22.7985 14.4 103.883
      vertex -27.2015 14.4 103.883
      vertex -27.0328 14.4 104.121
    endloop
  endfacet
  facet normal 0 1 0
    outer loop
      vertex -22.6575 14.4 103.628
      vertex -27.2015 14.4 103.883
      vertex -22.7985 14.4 103.883
    endloop
  endfacet
  facet normal 0 1 0
    outer loop
      vertex -22.6575 14.4 103.628
      vertex -27.3425 14.4 103.628
      vertex -27.2015 14.4 103.883
    endloop
  endfacet
  facet normal 0 1 0
    outer loop
      vertex -22.5459 14.4 103.359
      vertex -27.3425 14.4 103.628
      vertex -22.6575 14.4 103.628
    endloop
  endfacet
  facet normal 0 1 0
    outer loop
      vertex -22.5459 14.4 103.359
      vertex -27.4541 14.4 103.359
      vertex -27.3425 14.4 103.628
    endloop
  endfacet
  facet normal 0 1 0
    outer loop
      vertex -22.4652 14.4 103.079
      vertex -27.4541 14.4 103.359
      vertex -22.5459 14.4 103.359
    endloop
  endfacet
  facet normal 0 1 0
    outer loop
      vertex -22.4652 14.4 103.079
      vertex -27.5348 14.4 103.079
      vertex -27.4541 14.4 103.359
    endloop
  endfacet
  facet normal 0 1 0
    outer loop
      vertex -22.4163 14.4 102.791
      vertex -27.5348 14.4 103.079
      vertex -22.4652 14.4 103.079
    endloop
  endfacet
  facet normal 0 1 0
    outer loop
      vertex -22.4163 14.4 102.791
      vertex -27.5837 14.4 102.791
      vertex -27.5348 14.4 103.079
    endloop
  endfacet
  facet normal 0 1 0
    outer loop
      vertex -22.4 14.4 102.5
      vertex -27.5837 14.4 102.791
      vertex -22.4163 14.4 102.791
    endloop
  endfacet
  facet normal 0 1 0
    outer loop
      vertex -22.4 14.4 102.5
      vertex -27.6 14.4 102.5
      vertex -27.5837 14.4 102.791
    endloop
  endfacet
  facet normal 0 1 -0
    outer loop
      vertex -22.4163 14.4 102.209
      vertex -27.6 14.4 102.5
      vertex -22.4 14.4 102.5
    endloop
  endfacet
  facet normal 0 1 0
    outer loop
      vertex -22.4163 14.4 102.209
      vertex -27.5837 14.4 102.209
      vertex -27.6 14.4 102.5
    endloop
  endfacet
  facet normal 0 1 -0
    outer loop
      vertex -22.4652 14.4 101.921
      vertex -27.5837 14.4 102.209
      vertex -22.4163 14.4 102.209
    endloop
  endfacet
  facet normal 0 1 0
    outer loop
      vertex -22.4652 14.4 101.921
      vertex -27.5348 14.4 101.921
      vertex -27.5837 14.4 102.209
    endloop
  endfacet
  facet normal 0 1 -0
    outer loop
      vertex -22.5459 14.4 101.641
      vertex -27.5348 14.4 101.921
      vertex -22.4652 14.4 101.921
    endloop
  endfacet
  facet normal 0 1 0
    outer loop
      vertex -22.5459 14.4 101.641
      vertex -27.4541 14.4 101.641
      vertex -27.5348 14.4 101.921
    endloop
  endfacet
  facet normal 0 1 -0
    outer loop
      vertex -22.6575 14.4 101.372
      vertex -27.4541 14.4 101.641
      vertex -22.5459 14.4 101.641
    endloop
  endfacet
  facet normal 0 1 0
    outer loop
      vertex -22.6575 14.4 101.372
      vertex -27.3425 14.4 101.372
      vertex -27.4541 14.4 101.641
    endloop
  endfacet
  facet normal 0 1 -0
    outer loop
      vertex -22.7985 14.4 101.117
      vertex -27.3425 14.4 101.372
      vertex -22.6575 14.4 101.372
    endloop
  endfacet
  facet normal 0 1 0
    outer loop
      vertex -22.7985 14.4 101.117
      vertex -27.2015 14.4 101.117
      vertex -27.3425 14.4 101.372
    endloop
  endfacet
  facet normal 0 1 -0
    outer loop
      vertex -22.9672 14.4 100.879
      vertex -27.2015 14.4 101.117
      vertex -22.7985 14.4 101.117
    endloop
  endfacet
  facet normal 0 1 0
    outer loop
      vertex -22.9672 14.4 100.879
      vertex -27.0328 14.4 100.879
      vertex -27.2015 14.4 101.117
    endloop
  endfacet
  facet normal 0 1 -0
    outer loop
      vertex -23.1615 14.4 100.662
      vertex -27.0328 14.4 100.879
      vertex -22.9672 14.4 100.879
    endloop
  endfacet
  facet normal 0 1 0
    outer loop
      vertex -23.1615 14.4 100.662
      vertex -26.8385 14.4 100.662
      vertex -27.0328 14.4 100.879
    endloop
  endfacet
  facet normal 0 1 -0
    outer loop
      vertex -23.3789 14.4 100.467
      vertex -26.8385 14.4 100.662
      vertex -23.1615 14.4 100.662
    endloop
  endfacet
  facet normal 0 1 0
    outer loop
      vertex -23.3789 14.4 100.467
      vertex -26.6211 14.4 100.467
      vertex -26.8385 14.4 100.662
    endloop
  endfacet
  facet normal 0 1 -0
    outer loop
      vertex -23.6167 14.4 100.299
      vertex -26.6211 14.4 100.467
      vertex -23.3789 14.4 100.467
    endloop
  endfacet
  facet normal 0 1 0
    outer loop
      vertex -23.6167 14.4 100.299
      vertex -26.3833 14.4 100.299
      vertex -26.6211 14.4 100.467
    endloop
  endfacet
  facet normal 0 1 -0
    outer loop
      vertex -23.8719 14.4 100.157
      vertex -26.3833 14.4 100.299
      vertex -23.6167 14.4 100.299
    endloop
  endfacet
  facet normal 0 1 0
    outer loop
      vertex -23.8719 14.4 100.157
      vertex -26.1281 14.4 100.157
      vertex -26.3833 14.4 100.299
    endloop
  endfacet
  facet normal 0 1 -0
    outer loop
      vertex -24.1413 14.4 100.046
      vertex -26.1281 14.4 100.157
      vertex -23.8719 14.4 100.157
    endloop
  endfacet
  facet normal 0 1 0
    outer loop
      vertex -24.1413 14.4 100.046
      vertex -25.8587 14.4 100.046
      vertex -26.1281 14.4 100.157
    endloop
  endfacet
  facet normal 0 1 -0
    outer loop
      vertex -24.4214 14.4 99.9652
      vertex -25.8587 14.4 100.046
      vertex -24.1413 14.4 100.046
    endloop
  endfacet
  facet normal 0 1 0
    outer loop
      vertex -24.4214 14.4 99.9652
      vertex -25.5786 14.4 99.9652
      vertex -25.8587 14.4 100.046
    endloop
  endfacet
  facet normal 0 1 -0
    outer loop
      vertex -24.7089 14.4 99.9164
      vertex -25.5786 14.4 99.9652
      vertex -24.4214 14.4 99.9652
    endloop
  endfacet
  facet normal 0 1 0
    outer loop
      vertex -24.7089 14.4 99.9164
      vertex -25.2911 14.4 99.9164
      vertex -25.5786 14.4 99.9652
    endloop
  endfacet
  facet normal -0 1 0
    outer loop
      vertex -25.2911 14.4 99.9164
      vertex -24.7089 14.4 99.9164
      vertex -25 14.4 99.9
    endloop
  endfacet
  facet normal 0.998435 0 -0.0559261
    outer loop
      vertex -27.5837 14.4 102.791
      vertex -27.6 16.4 102.5
      vertex -27.5837 16.4 102.791
    endloop
  endfacet
  facet normal 0.998435 0 -0.0559261
    outer loop
      vertex -27.6 16.4 102.5
      vertex -27.5837 14.4 102.791
      vertex -27.6 14.4 102.5
    endloop
  endfacet
  facet normal 0.923665 0 -0.383201
    outer loop
      vertex -27.3425 14.4 103.628
      vertex -27.4541 16.4 103.359
      vertex -27.3425 16.4 103.628
    endloop
  endfacet
  facet normal 0.923665 0 -0.383201
    outer loop
      vertex -27.4541 16.4 103.359
      vertex -27.3425 14.4 103.628
      vertex -27.4541 14.4 103.359
    endloop
  endfacet
  facet normal 0.960887 0 -0.276941
    outer loop
      vertex -27.4541 14.4 103.359
      vertex -27.5348 16.4 103.079
      vertex -27.4541 16.4 103.359
    endloop
  endfacet
  facet normal 0.960887 0 -0.276941
    outer loop
      vertex -27.5348 16.4 103.079
      vertex -27.4541 14.4 103.359
      vertex -27.5348 14.4 103.079
    endloop
  endfacet
  facet normal 0.2778 0 -0.960639
    outer loop
      vertex -25.8587 14.4 104.954
      vertex -25.5786 16.4 105.035
      vertex -25.5786 14.4 105.035
    endloop
  endfacet
  facet normal 0.2778 0 -0.960639
    outer loop
      vertex -25.5786 16.4 105.035
      vertex -25.8587 14.4 104.954
      vertex -25.8587 16.4 104.954
    endloop
  endfacet
  facet normal 0.667715 0 -0.744417
    outer loop
      vertex -26.8385 14.4 104.338
      vertex -26.6211 16.4 104.533
      vertex -26.6211 14.4 104.533
    endloop
  endfacet
  facet normal 0.667715 0 -0.744417
    outer loop
      vertex -26.6211 16.4 104.533
      vertex -26.8385 14.4 104.338
      vertex -26.8385 16.4 104.338
    endloop
  endfacet
  facet normal 0.744999 0 -0.667066
    outer loop
      vertex -26.8385 14.4 104.338
      vertex -27.0328 16.4 104.121
      vertex -26.8385 16.4 104.338
    endloop
  endfacet
  facet normal 0.744999 0 -0.667066
    outer loop
      vertex -27.0328 16.4 104.121
      vertex -26.8385 14.4 104.338
      vertex -27.0328 14.4 104.121
    endloop
  endfacet
  facet normal -0.923665 0 0.383201
    outer loop
      vertex -22.6575 14.4 101.372
      vertex -22.5459 16.4 101.641
      vertex -22.6575 16.4 101.372
    endloop
  endfacet
  facet normal -0.923665 0 0.383201
    outer loop
      vertex -22.5459 16.4 101.641
      vertex -22.6575 14.4 101.372
      vertex -22.5459 14.4 101.641
    endloop
  endfacet
  facet normal -0.277167 0 0.960822
    outer loop
      vertex -24.4214 16.4 99.9652
      vertex -24.1413 14.4 100.046
      vertex -24.1413 16.4 100.046
    endloop
  endfacet
  facet normal -0.277167 0 0.960822
    outer loop
      vertex -24.1413 14.4 100.046
      vertex -24.4214 16.4 99.9652
      vertex -24.4214 14.4 99.9652
    endloop
  endfacet
  facet normal -0.380957 0 0.924593
    outer loop
      vertex -24.1413 16.4 100.046
      vertex -23.8719 14.4 100.157
      vertex -23.8719 16.4 100.157
    endloop
  endfacet
  facet normal -0.380957 0 0.924593
    outer loop
      vertex -23.8719 14.4 100.157
      vertex -24.1413 16.4 100.046
      vertex -24.1413 14.4 100.046
    endloop
  endfacet
  facet normal -0.667715 0 0.744417
    outer loop
      vertex -23.3789 16.4 100.467
      vertex -23.1615 14.4 100.662
      vertex -23.1615 16.4 100.662
    endloop
  endfacet
  facet normal -0.667715 0 0.744417
    outer loop
      vertex -23.1615 14.4 100.662
      vertex -23.3789 16.4 100.467
      vertex -23.3789 14.4 100.467
    endloop
  endfacet
  facet normal -0.744999 0 0.667066
    outer loop
      vertex -23.1615 14.4 100.662
      vertex -22.9672 16.4 100.879
      vertex -23.1615 16.4 100.662
    endloop
  endfacet
  facet normal -0.744999 0 0.667066
    outer loop
      vertex -22.9672 16.4 100.879
      vertex -23.1615 14.4 100.662
      vertex -22.9672 14.4 100.879
    endloop
  endfacet
  facet normal -0.577007 0 0.816739
    outer loop
      vertex -23.6167 16.4 100.299
      vertex -23.3789 14.4 100.467
      vertex -23.3789 16.4 100.467
    endloop
  endfacet
  facet normal -0.577007 0 0.816739
    outer loop
      vertex -23.3789 14.4 100.467
      vertex -23.6167 16.4 100.299
      vertex -23.6167 14.4 100.299
    endloop
  endfacet
  facet normal 0.380957 0 0.924593
    outer loop
      vertex -26.1281 16.4 100.157
      vertex -25.8587 14.4 100.046
      vertex -25.8587 16.4 100.046
    endloop
  endfacet
  facet normal 0.380957 0 0.924593
    outer loop
      vertex -25.8587 14.4 100.046
      vertex -26.1281 16.4 100.157
      vertex -26.1281 14.4 100.157
    endloop
  endfacet
  facet normal 0.277167 0 0.960822
    outer loop
      vertex -25.8587 16.4 100.046
      vertex -25.5786 14.4 99.9652
      vertex -25.5786 16.4 99.9652
    endloop
  endfacet
  facet normal 0.277167 0 0.960822
    outer loop
      vertex -25.5786 14.4 99.9652
      vertex -25.8587 16.4 100.046
      vertex -25.8587 14.4 100.046
    endloop
  endfacet
  facet normal 0.486224 0 0.873834
    outer loop
      vertex -26.3833 16.4 100.299
      vertex -26.1281 14.4 100.157
      vertex -26.1281 16.4 100.157
    endloop
  endfacet
  facet normal 0.486224 0 0.873834
    outer loop
      vertex -26.1281 14.4 100.157
      vertex -26.3833 16.4 100.299
      vertex -26.3833 14.4 100.299
    endloop
  endfacet
  facet normal 0.960887 -0 0.276941
    outer loop
      vertex -27.5348 14.4 101.921
      vertex -27.4541 16.4 101.641
      vertex -27.5348 16.4 101.921
    endloop
  endfacet
  facet normal 0.960887 0 0.276941
    outer loop
      vertex -27.4541 16.4 101.641
      vertex -27.5348 14.4 101.921
      vertex -27.4541 14.4 101.641
    endloop
  endfacet
  facet normal 0.923665 -0 0.383201
    outer loop
      vertex -27.4541 14.4 101.641
      vertex -27.3425 16.4 101.372
      vertex -27.4541 16.4 101.641
    endloop
  endfacet
  facet normal 0.923665 0 0.383201
    outer loop
      vertex -27.3425 16.4 101.372
      vertex -27.4541 14.4 101.641
      vertex -27.3425 14.4 101.372
    endloop
  endfacet
  facet normal 0.815836 -0 0.578284
    outer loop
      vertex -27.2015 14.4 101.117
      vertex -27.0328 16.4 100.879
      vertex -27.2015 16.4 101.117
    endloop
  endfacet
  facet normal 0.815836 0 0.578284
    outer loop
      vertex -27.0328 16.4 100.879
      vertex -27.2015 14.4 101.117
      vertex -27.0328 14.4 100.879
    endloop
  endfacet
  facet normal 0.744999 -0 0.667066
    outer loop
      vertex -27.0328 14.4 100.879
      vertex -26.8385 16.4 100.662
      vertex -27.0328 16.4 100.879
    endloop
  endfacet
  facet normal 0.744999 0 0.667066
    outer loop
      vertex -26.8385 16.4 100.662
      vertex -27.0328 14.4 100.879
      vertex -26.8385 14.4 100.662
    endloop
  endfacet
  facet normal 0.667715 0 0.744417
    outer loop
      vertex -26.8385 16.4 100.662
      vertex -26.6211 14.4 100.467
      vertex -26.6211 16.4 100.467
    endloop
  endfacet
  facet normal 0.667715 0 0.744417
    outer loop
      vertex -26.6211 14.4 100.467
      vertex -26.8385 16.4 100.662
      vertex -26.8385 14.4 100.662
    endloop
  endfacet
  facet normal -0.815836 0 0.578284
    outer loop
      vertex -22.9672 14.4 100.879
      vertex -22.7985 16.4 101.117
      vertex -22.9672 16.4 100.879
    endloop
  endfacet
  facet normal -0.815836 0 0.578284
    outer loop
      vertex -22.7985 16.4 101.117
      vertex -22.9672 14.4 100.879
      vertex -22.7985 14.4 101.117
    endloop
  endfacet
  facet normal -0.875127 0 0.483894
    outer loop
      vertex -22.7985 14.4 101.117
      vertex -22.6575 16.4 101.372
      vertex -22.7985 16.4 101.117
    endloop
  endfacet
  facet normal -0.875127 0 0.483894
    outer loop
      vertex -22.6575 16.4 101.372
      vertex -22.7985 14.4 101.117
      vertex -22.6575 14.4 101.372
    endloop
  endfacet
  facet normal -0.998436 0 -0.0559069
    outer loop
      vertex 27.6 14.4 10.5
      vertex 27.5837 16.4 10.7911
      vertex 27.6 16.4 10.5
    endloop
  endfacet
  facet normal -0.998436 -0 -0.0559069
    outer loop
      vertex 27.5837 16.4 10.7911
      vertex 27.6 14.4 10.5
      vertex 27.5837 14.4 10.7911
    endloop
  endfacet
  facet normal -0.985838 0 0.167701
    outer loop
      vertex 27.5348 14.4 9.92144
      vertex 27.5837 16.4 10.2089
      vertex 27.5348 16.4 9.92144
    endloop
  endfacet
  facet normal -0.985838 0 0.167701
    outer loop
      vertex 27.5837 16.4 10.2089
      vertex 27.5348 14.4 9.92144
      vertex 27.5837 14.4 10.2089
    endloop
  endfacet
  facet normal -0.578607 0 -0.815606
    outer loop
      vertex 26.3833 14.4 12.7015
      vertex 26.6211 16.4 12.5328
      vertex 26.6211 14.4 12.5328
    endloop
  endfacet
  facet normal -0.578607 0 -0.815606
    outer loop
      vertex 26.6211 16.4 12.5328
      vertex 26.3833 14.4 12.7015
      vertex 26.3833 16.4 12.7015
    endloop
  endfacet
  facet normal 0.382715 0 -0.923866
    outer loop
      vertex 23.8719 14.4 12.8425
      vertex 24.1413 16.4 12.9541
      vertex 24.1413 14.4 12.9541
    endloop
  endfacet
  facet normal 0.382715 0 -0.923866
    outer loop
      vertex 24.1413 16.4 12.9541
      vertex 23.8719 14.4 12.8425
      vertex 23.8719 16.4 12.8425
    endloop
  endfacet
  facet normal -0.998436 0 0.0559069
    outer loop
      vertex 27.5837 14.4 10.2089
      vertex 27.6 16.4 10.5
      vertex 27.5837 16.4 10.2089
    endloop
  endfacet
  facet normal -0.998436 0 0.0559069
    outer loop
      vertex 27.6 16.4 10.5
      vertex 27.5837 14.4 10.2089
      vertex 27.6 14.4 10.5
    endloop
  endfacet
  facet normal -0.923866 0 -0.382715
    outer loop
      vertex 27.4541 14.4 11.3587
      vertex 27.3425 16.4 11.6281
      vertex 27.4541 16.4 11.3587
    endloop
  endfacet
  facet normal -0.923866 -0 -0.382715
    outer loop
      vertex 27.3425 16.4 11.6281
      vertex 27.4541 14.4 11.3587
      vertex 27.3425 14.4 11.6281
    endloop
  endfacet
  facet normal 0 -1 0
    outer loop
      vertex 24.7089 16.4 13.0837
      vertex 25.2911 16.4 13.0837
      vertex 25 16.4 13.1
    endloop
  endfacet
  facet normal 0 -1 0
    outer loop
      vertex 24.4214 16.4 13.0348
      vertex 25.2911 16.4 13.0837
      vertex 24.7089 16.4 13.0837
    endloop
  endfacet
  facet normal 0 -1 0
    outer loop
      vertex 24.4214 16.4 13.0348
      vertex 25.5786 16.4 13.0348
      vertex 25.2911 16.4 13.0837
    endloop
  endfacet
  facet normal 0 -1 0
    outer loop
      vertex 24.1413 16.4 12.9541
      vertex 25.5786 16.4 13.0348
      vertex 24.4214 16.4 13.0348
    endloop
  endfacet
  facet normal 0 -1 0
    outer loop
      vertex 24.1413 16.4 12.9541
      vertex 25.8587 16.4 12.9541
      vertex 25.5786 16.4 13.0348
    endloop
  endfacet
  facet normal 0 -1 0
    outer loop
      vertex 23.8719 16.4 12.8425
      vertex 25.8587 16.4 12.9541
      vertex 24.1413 16.4 12.9541
    endloop
  endfacet
  facet normal 0 -1 0
    outer loop
      vertex 23.8719 16.4 12.8425
      vertex 26.1281 16.4 12.8425
      vertex 25.8587 16.4 12.9541
    endloop
  endfacet
  facet normal 0 -1 0
    outer loop
      vertex 23.6167 16.4 12.7015
      vertex 26.1281 16.4 12.8425
      vertex 23.8719 16.4 12.8425
    endloop
  endfacet
  facet normal 0 -1 0
    outer loop
      vertex 23.6167 16.4 12.7015
      vertex 26.3833 16.4 12.7015
      vertex 26.1281 16.4 12.8425
    endloop
  endfacet
  facet normal 0 -1 0
    outer loop
      vertex 23.3789 16.4 12.5328
      vertex 26.3833 16.4 12.7015
      vertex 23.6167 16.4 12.7015
    endloop
  endfacet
  facet normal 0 -1 0
    outer loop
      vertex 23.3789 16.4 12.5328
      vertex 26.6211 16.4 12.5328
      vertex 26.3833 16.4 12.7015
    endloop
  endfacet
  facet normal 0 -1 0
    outer loop
      vertex 23.1615 16.4 12.3385
      vertex 26.6211 16.4 12.5328
      vertex 23.3789 16.4 12.5328
    endloop
  endfacet
  facet normal 0 -1 0
    outer loop
      vertex 23.1615 16.4 12.3385
      vertex 26.8385 16.4 12.3385
      vertex 26.6211 16.4 12.5328
    endloop
  endfacet
  facet normal 0 -1 0
    outer loop
      vertex 22.9672 16.4 12.1211
      vertex 26.8385 16.4 12.3385
      vertex 23.1615 16.4 12.3385
    endloop
  endfacet
  facet normal 0 -1 0
    outer loop
      vertex 22.9672 16.4 12.1211
      vertex 27.0328 16.4 12.1211
      vertex 26.8385 16.4 12.3385
    endloop
  endfacet
  facet normal 0 -1 0
    outer loop
      vertex 22.7985 16.4 11.8833
      vertex 27.0328 16.4 12.1211
      vertex 22.9672 16.4 12.1211
    endloop
  endfacet
  facet normal 0 -1 0
    outer loop
      vertex 22.7985 16.4 11.8833
      vertex 27.2015 16.4 11.8833
      vertex 27.0328 16.4 12.1211
    endloop
  endfacet
  facet normal 0 -1 0
    outer loop
      vertex 22.6575 16.4 11.6281
      vertex 27.2015 16.4 11.8833
      vertex 22.7985 16.4 11.8833
    endloop
  endfacet
  facet normal 0 -1 0
    outer loop
      vertex 22.6575 16.4 11.6281
      vertex 27.3425 16.4 11.6281
      vertex 27.2015 16.4 11.8833
    endloop
  endfacet
  facet normal 0 -1 0
    outer loop
      vertex 22.5459 16.4 11.3587
      vertex 27.3425 16.4 11.6281
      vertex 22.6575 16.4 11.6281
    endloop
  endfacet
  facet normal 0 -1 0
    outer loop
      vertex 22.5459 16.4 11.3587
      vertex 27.4541 16.4 11.3587
      vertex 27.3425 16.4 11.6281
    endloop
  endfacet
  facet normal 0 -1 0
    outer loop
      vertex 22.4652 16.4 11.0786
      vertex 27.4541 16.4 11.3587
      vertex 22.5459 16.4 11.3587
    endloop
  endfacet
  facet normal 0 -1 0
    outer loop
      vertex 22.4652 16.4 11.0786
      vertex 27.5348 16.4 11.0786
      vertex 27.4541 16.4 11.3587
    endloop
  endfacet
  facet normal 0 -1 0
    outer loop
      vertex 22.4163 16.4 10.7911
      vertex 27.5348 16.4 11.0786
      vertex 22.4652 16.4 11.0786
    endloop
  endfacet
  facet normal 0 -1 0
    outer loop
      vertex 22.4163 16.4 10.7911
      vertex 27.5837 16.4 10.7911
      vertex 27.5348 16.4 11.0786
    endloop
  endfacet
  facet normal 0 -1 0
    outer loop
      vertex 22.4 16.4 10.5
      vertex 27.5837 16.4 10.7911
      vertex 22.4163 16.4 10.7911
    endloop
  endfacet
  facet normal 0 -1 0
    outer loop
      vertex 22.4 16.4 10.5
      vertex 27.6 16.4 10.5
      vertex 27.5837 16.4 10.7911
    endloop
  endfacet
  facet normal 0 -1 0
    outer loop
      vertex 22.4163 16.4 10.2089
      vertex 27.6 16.4 10.5
      vertex 22.4 16.4 10.5
    endloop
  endfacet
  facet normal 0 -1 0
    outer loop
      vertex 22.4163 16.4 10.2089
      vertex 27.5837 16.4 10.2089
      vertex 27.6 16.4 10.5
    endloop
  endfacet
  facet normal 0 -1 0
    outer loop
      vertex 22.4652 16.4 9.92144
      vertex 27.5837 16.4 10.2089
      vertex 22.4163 16.4 10.2089
    endloop
  endfacet
  facet normal 0 -1 0
    outer loop
      vertex 22.4652 16.4 9.92144
      vertex 27.5348 16.4 9.92144
      vertex 27.5837 16.4 10.2089
    endloop
  endfacet
  facet normal 0 -1 0
    outer loop
      vertex 22.5459 16.4 9.64127
      vertex 27.5348 16.4 9.92144
      vertex 22.4652 16.4 9.92144
    endloop
  endfacet
  facet normal 0 -1 0
    outer loop
      vertex 22.5459 16.4 9.64127
      vertex 27.4541 16.4 9.64127
      vertex 27.5348 16.4 9.92144
    endloop
  endfacet
  facet normal 0 -1 0
    outer loop
      vertex 22.6575 16.4 9.3719
      vertex 27.4541 16.4 9.64127
      vertex 22.5459 16.4 9.64127
    endloop
  endfacet
  facet normal 0 -1 0
    outer loop
      vertex 22.6575 16.4 9.3719
      vertex 27.3425 16.4 9.3719
      vertex 27.4541 16.4 9.64127
    endloop
  endfacet
  facet normal 0 -1 0
    outer loop
      vertex 22.7985 16.4 9.11672
      vertex 27.3425 16.4 9.3719
      vertex 22.6575 16.4 9.3719
    endloop
  endfacet
  facet normal 0 -1 0
    outer loop
      vertex 22.7985 16.4 9.11672
      vertex 27.2015 16.4 9.11672
      vertex 27.3425 16.4 9.3719
    endloop
  endfacet
  facet normal 0 -1 0
    outer loop
      vertex 22.9672 16.4 8.87893
      vertex 27.2015 16.4 9.11672
      vertex 22.7985 16.4 9.11672
    endloop
  endfacet
  facet normal 0 -1 0
    outer loop
      vertex 22.9672 16.4 8.87893
      vertex 27.0328 16.4 8.87893
      vertex 27.2015 16.4 9.11672
    endloop
  endfacet
  facet normal 0 -1 0
    outer loop
      vertex 23.1615 16.4 8.66152
      vertex 27.0328 16.4 8.87893
      vertex 22.9672 16.4 8.87893
    endloop
  endfacet
  facet normal 0 -1 0
    outer loop
      vertex 23.1615 16.4 8.66152
      vertex 26.8385 16.4 8.66152
      vertex 27.0328 16.4 8.87893
    endloop
  endfacet
  facet normal 0 -1 0
    outer loop
      vertex 23.3789 16.4 8.46724
      vertex 26.8385 16.4 8.66152
      vertex 23.1615 16.4 8.66152
    endloop
  endfacet
  facet normal 0 -1 0
    outer loop
      vertex 23.3789 16.4 8.46724
      vertex 26.6211 16.4 8.46724
      vertex 26.8385 16.4 8.66152
    endloop
  endfacet
  facet normal 0 -1 0
    outer loop
      vertex 23.6167 16.4 8.29852
      vertex 26.6211 16.4 8.46724
      vertex 23.3789 16.4 8.46724
    endloop
  endfacet
  facet normal 0 -1 0
    outer loop
      vertex 23.6167 16.4 8.29852
      vertex 26.3833 16.4 8.29852
      vertex 26.6211 16.4 8.46724
    endloop
  endfacet
  facet normal 0 -1 0
    outer loop
      vertex 23.8719 16.4 8.15748
      vertex 26.3833 16.4 8.29852
      vertex 23.6167 16.4 8.29852
    endloop
  endfacet
  facet normal 0 -1 0
    outer loop
      vertex 23.8719 16.4 8.15748
      vertex 26.1281 16.4 8.15748
      vertex 26.3833 16.4 8.29852
    endloop
  endfacet
  facet normal 0 -1 0
    outer loop
      vertex 24.1413 16.4 8.0459
      vertex 26.1281 16.4 8.15748
      vertex 23.8719 16.4 8.15748
    endloop
  endfacet
  facet normal 0 -1 0
    outer loop
      vertex 24.1413 16.4 8.0459
      vertex 25.8587 16.4 8.0459
      vertex 26.1281 16.4 8.15748
    endloop
  endfacet
  facet normal 0 -1 0
    outer loop
      vertex 24.4214 16.4 7.96519
      vertex 25.8587 16.4 8.0459
      vertex 24.1413 16.4 8.0459
    endloop
  endfacet
  facet normal 0 -1 0
    outer loop
      vertex 24.4214 16.4 7.96519
      vertex 25.5786 16.4 7.96519
      vertex 25.8587 16.4 8.0459
    endloop
  endfacet
  facet normal 0 -1 0
    outer loop
      vertex 24.7089 16.4 7.91635
      vertex 25.5786 16.4 7.96519
      vertex 24.4214 16.4 7.96519
    endloop
  endfacet
  facet normal 0 -1 0
    outer loop
      vertex 24.7089 16.4 7.91635
      vertex 25.2911 16.4 7.91635
      vertex 25.5786 16.4 7.96519
    endloop
  endfacet
  facet normal -0 -1 0
    outer loop
      vertex 25.2911 16.4 7.91635
      vertex 24.7089 16.4 7.91635
      vertex 25 16.4 7.9
    endloop
  endfacet
  facet normal 0.0560779 0 0.998426
    outer loop
      vertex 24.7089 16.4 7.91635
      vertex 25 14.4 7.9
      vertex 25 16.4 7.9
    endloop
  endfacet
  facet normal 0.0560779 0 0.998426
    outer loop
      vertex 25 14.4 7.9
      vertex 24.7089 16.4 7.91635
      vertex 24.7089 14.4 7.91635
    endloop
  endfacet
  facet normal -0.985842 0 -0.167679
    outer loop
      vertex 27.5837 14.4 10.7911
      vertex 27.5348 16.4 11.0786
      vertex 27.5837 16.4 10.7911
    endloop
  endfacet
  facet normal -0.985842 -0 -0.167679
    outer loop
      vertex 27.5348 16.4 11.0786
      vertex 27.5837 14.4 10.7911
      vertex 27.5348 14.4 11.0786
    endloop
  endfacet
  facet normal -0.815606 0 -0.578607
    outer loop
      vertex 27.2015 14.4 11.8833
      vertex 27.0328 16.4 12.1211
      vertex 27.2015 16.4 11.8833
    endloop
  endfacet
  facet normal -0.815606 -0 -0.578607
    outer loop
      vertex 27.0328 16.4 12.1211
      vertex 27.2015 14.4 11.8833
      vertex 27.0328 14.4 12.1211
    endloop
  endfacet
  facet normal -0.875287 0 -0.483603
    outer loop
      vertex 27.3425 14.4 11.6281
      vertex 27.2015 16.4 11.8833
      vertex 27.3425 16.4 11.6281
    endloop
  endfacet
  facet normal -0.875287 -0 -0.483603
    outer loop
      vertex 27.2015 16.4 11.8833
      vertex 27.3425 14.4 11.6281
      vertex 27.2015 14.4 11.8833
    endloop
  endfacet
  facet normal -0.666384 0 -0.745609
    outer loop
      vertex 26.6211 14.4 12.5328
      vertex 26.8385 16.4 12.3385
      vertex 26.8385 14.4 12.3385
    endloop
  endfacet
  facet normal -0.666384 0 -0.745609
    outer loop
      vertex 26.8385 16.4 12.3385
      vertex 26.6211 14.4 12.5328
      vertex 26.6211 16.4 12.5328
    endloop
  endfacet
  facet normal -0.483603 0 -0.875287
    outer loop
      vertex 26.1281 14.4 12.8425
      vertex 26.3833 16.4 12.7015
      vertex 26.3833 14.4 12.7015
    endloop
  endfacet
  facet normal -0.483603 0 -0.875287
    outer loop
      vertex 26.3833 16.4 12.7015
      vertex 26.1281 14.4 12.8425
      vertex 26.1281 16.4 12.8425
    endloop
  endfacet
  facet normal 0.0559069 0 -0.998436
    outer loop
      vertex 24.7089 14.4 13.0837
      vertex 25 16.4 13.1
      vertex 25 14.4 13.1
    endloop
  endfacet
  facet normal 0.0559069 0 -0.998436
    outer loop
      vertex 25 16.4 13.1
      vertex 24.7089 14.4 13.0837
      vertex 24.7089 16.4 13.0837
    endloop
  endfacet
  facet normal -0.167679 0 -0.985842
    outer loop
      vertex 25.2911 14.4 13.0837
      vertex 25.5786 16.4 13.0348
      vertex 25.5786 14.4 13.0348
    endloop
  endfacet
  facet normal -0.167679 0 -0.985842
    outer loop
      vertex 25.5786 16.4 13.0348
      vertex 25.2911 14.4 13.0837
      vertex 25.2911 16.4 13.0837
    endloop
  endfacet
  facet normal 0.998436 -0 0.0559069
    outer loop
      vertex 22.4 14.4 10.5
      vertex 22.4163 16.4 10.2089
      vertex 22.4 16.4 10.5
    endloop
  endfacet
  facet normal 0.998436 0 0.0559069
    outer loop
      vertex 22.4163 16.4 10.2089
      vertex 22.4 14.4 10.5
      vertex 22.4163 14.4 10.2089
    endloop
  endfacet
  facet normal 0.985842 0 -0.167679
    outer loop
      vertex 22.4652 14.4 11.0786
      vertex 22.4163 16.4 10.7911
      vertex 22.4652 16.4 11.0786
    endloop
  endfacet
  facet normal 0.985842 0 -0.167679
    outer loop
      vertex 22.4163 16.4 10.7911
      vertex 22.4652 14.4 11.0786
      vertex 22.4163 14.4 10.7911
    endloop
  endfacet
  facet normal 0.875287 0 -0.483603
    outer loop
      vertex 22.7985 14.4 11.8833
      vertex 22.6575 16.4 11.6281
      vertex 22.7985 16.4 11.8833
    endloop
  endfacet
  facet normal 0.875287 0 -0.483603
    outer loop
      vertex 22.6575 16.4 11.6281
      vertex 22.7985 14.4 11.8833
      vertex 22.6575 14.4 11.6281
    endloop
  endfacet
  facet normal 0.815606 0 -0.578607
    outer loop
      vertex 22.9672 14.4 12.1211
      vertex 22.7985 16.4 11.8833
      vertex 22.9672 16.4 12.1211
    endloop
  endfacet
  facet normal 0.815606 0 -0.578607
    outer loop
      vertex 22.7985 16.4 11.8833
      vertex 22.9672 14.4 12.1211
      vertex 22.7985 14.4 11.8833
    endloop
  endfacet
  facet normal 0.167679 0 -0.985842
    outer loop
      vertex 24.4214 14.4 13.0348
      vertex 24.7089 16.4 13.0837
      vertex 24.7089 14.4 13.0837
    endloop
  endfacet
  facet normal 0.167679 0 -0.985842
    outer loop
      vertex 24.7089 16.4 13.0837
      vertex 24.4214 14.4 13.0348
      vertex 24.4214 16.4 13.0348
    endloop
  endfacet
  facet normal 0.578607 0 -0.815606
    outer loop
      vertex 23.3789 14.4 12.5328
      vertex 23.6167 16.4 12.7015
      vertex 23.6167 14.4 12.7015
    endloop
  endfacet
  facet normal 0.578607 0 -0.815606
    outer loop
      vertex 23.6167 16.4 12.7015
      vertex 23.3789 14.4 12.5328
      vertex 23.3789 16.4 12.5328
    endloop
  endfacet
  facet normal 0.483603 0 -0.875287
    outer loop
      vertex 23.6167 14.4 12.7015
      vertex 23.8719 16.4 12.8425
      vertex 23.8719 14.4 12.8425
    endloop
  endfacet
  facet normal 0.483603 0 -0.875287
    outer loop
      vertex 23.8719 16.4 12.8425
      vertex 23.6167 14.4 12.7015
      vertex 23.6167 16.4 12.7015
    endloop
  endfacet
  facet normal -0.960932 0 0.276786
    outer loop
      vertex 27.4541 14.4 9.64127
      vertex 27.5348 16.4 9.92144
      vertex 27.4541 16.4 9.64127
    endloop
  endfacet
  facet normal -0.960932 0 0.276786
    outer loop
      vertex 27.5348 16.4 9.92144
      vertex 27.4541 14.4 9.64127
      vertex 27.5348 14.4 9.92144
    endloop
  endfacet
  facet normal -0.167479 0 0.985876
    outer loop
      vertex 25.2911 16.4 7.91635
      vertex 25.5786 14.4 7.96519
      vertex 25.5786 16.4 7.96519
    endloop
  endfacet
  facet normal -0.167479 0 0.985876
    outer loop
      vertex 25.5786 14.4 7.96519
      vertex 25.2911 16.4 7.91635
      vertex 25.2911 14.4 7.91635
    endloop
  endfacet
  facet normal -0.483708 0 0.875229
    outer loop
      vertex 26.1281 16.4 8.15748
      vertex 26.3833 14.4 8.29852
      vertex 26.3833 16.4 8.29852
    endloop
  endfacet
  facet normal -0.483708 0 0.875229
    outer loop
      vertex 26.3833 14.4 8.29852
      vertex 26.1281 16.4 8.15748
      vertex 26.1281 14.4 8.15748
    endloop
  endfacet
  facet normal -0.0560779 0 0.998426
    outer loop
      vertex 25 16.4 7.9
      vertex 25.2911 14.4 7.91635
      vertex 25.2911 16.4 7.91635
    endloop
  endfacet
  facet normal -0.0560779 0 0.998426
    outer loop
      vertex 25.2911 14.4 7.91635
      vertex 25 16.4 7.9
      vertex 25 14.4 7.9
    endloop
  endfacet
  facet normal 0.167479 0 0.985876
    outer loop
      vertex 24.4214 16.4 7.96519
      vertex 24.7089 14.4 7.91635
      vertex 24.7089 16.4 7.91635
    endloop
  endfacet
  facet normal 0.167479 0 0.985876
    outer loop
      vertex 24.7089 14.4 7.91635
      vertex 24.4214 16.4 7.96519
      vertex 24.4214 14.4 7.96519
    endloop
  endfacet
  facet normal 0.578653 0 0.815574
    outer loop
      vertex 23.3789 16.4 8.46724
      vertex 23.6167 14.4 8.29852
      vertex 23.6167 16.4 8.29852
    endloop
  endfacet
  facet normal 0.578653 0 0.815574
    outer loop
      vertex 23.6167 14.4 8.29852
      vertex 23.3789 16.4 8.46724
      vertex 23.3789 14.4 8.46724
    endloop
  endfacet
  facet normal 0.985838 -0 0.167701
    outer loop
      vertex 22.4163 14.4 10.2089
      vertex 22.4652 16.4 9.92144
      vertex 22.4163 16.4 10.2089
    endloop
  endfacet
  facet normal 0.985838 0 0.167701
    outer loop
      vertex 22.4652 16.4 9.92144
      vertex 22.4163 14.4 10.2089
      vertex 22.4652 14.4 9.92144
    endloop
  endfacet
  facet normal 0.875271 -0 0.483632
    outer loop
      vertex 22.6575 14.4 9.3719
      vertex 22.7985 16.4 9.11672
      vertex 22.6575 16.4 9.3719
    endloop
  endfacet
  facet normal 0.875271 0 0.483632
    outer loop
      vertex 22.7985 16.4 9.11672
      vertex 22.6575 14.4 9.3719
      vertex 22.7985 14.4 9.11672
    endloop
  endfacet
  facet normal -0.960913 0 -0.27685
    outer loop
      vertex 27.5348 14.4 11.0786
      vertex 27.4541 16.4 11.3587
      vertex 27.5348 16.4 11.0786
    endloop
  endfacet
  facet normal -0.960913 -0 -0.27685
    outer loop
      vertex 27.4541 16.4 11.3587
      vertex 27.5348 14.4 11.0786
      vertex 27.4541 14.4 11.3587
    endloop
  endfacet
  facet normal -0.745609 0 -0.666384
    outer loop
      vertex 27.0328 14.4 12.1211
      vertex 26.8385 16.4 12.3385
      vertex 27.0328 16.4 12.1211
    endloop
  endfacet
  facet normal -0.745609 -0 -0.666384
    outer loop
      vertex 26.8385 16.4 12.3385
      vertex 27.0328 14.4 12.1211
      vertex 26.8385 14.4 12.3385
    endloop
  endfacet
  facet normal -0.382715 0 -0.923866
    outer loop
      vertex 25.8587 14.4 12.9541
      vertex 26.1281 16.4 12.8425
      vertex 26.1281 14.4 12.8425
    endloop
  endfacet
  facet normal -0.382715 0 -0.923866
    outer loop
      vertex 26.1281 16.4 12.8425
      vertex 25.8587 14.4 12.9541
      vertex 25.8587 16.4 12.9541
    endloop
  endfacet
  facet normal -0.27685 0 -0.960913
    outer loop
      vertex 25.5786 14.4 13.0348
      vertex 25.8587 16.4 12.9541
      vertex 25.8587 14.4 12.9541
    endloop
  endfacet
  facet normal -0.27685 0 -0.960913
    outer loop
      vertex 25.8587 16.4 12.9541
      vertex 25.5786 14.4 13.0348
      vertex 25.5786 16.4 13.0348
    endloop
  endfacet
  facet normal -0.0559069 0 -0.998436
    outer loop
      vertex 25 14.4 13.1
      vertex 25.2911 16.4 13.0837
      vertex 25.2911 14.4 13.0837
    endloop
  endfacet
  facet normal -0.0559069 0 -0.998436
    outer loop
      vertex 25.2911 16.4 13.0837
      vertex 25 14.4 13.1
      vertex 25 16.4 13.1
    endloop
  endfacet
  facet normal 0 1 0
    outer loop
      vertex 25.2911 14.4 13.0837
      vertex 24.7089 14.4 13.0837
      vertex 25 14.4 13.1
    endloop
  endfacet
  facet normal 0 1 0
    outer loop
      vertex 25.5786 14.4 13.0348
      vertex 24.7089 14.4 13.0837
      vertex 25.2911 14.4 13.0837
    endloop
  endfacet
  facet normal 0 1 0
    outer loop
      vertex 25.5786 14.4 13.0348
      vertex 24.4214 14.4 13.0348
      vertex 24.7089 14.4 13.0837
    endloop
  endfacet
  facet normal 0 1 0
    outer loop
      vertex 25.8587 14.4 12.9541
      vertex 24.4214 14.4 13.0348
      vertex 25.5786 14.4 13.0348
    endloop
  endfacet
  facet normal 0 1 0
    outer loop
      vertex 25.8587 14.4 12.9541
      vertex 24.1413 14.4 12.9541
      vertex 24.4214 14.4 13.0348
    endloop
  endfacet
  facet normal 0 1 0
    outer loop
      vertex 26.1281 14.4 12.8425
      vertex 24.1413 14.4 12.9541
      vertex 25.8587 14.4 12.9541
    endloop
  endfacet
  facet normal 0 1 0
    outer loop
      vertex 26.1281 14.4 12.8425
      vertex 23.8719 14.4 12.8425
      vertex 24.1413 14.4 12.9541
    endloop
  endfacet
  facet normal 0 1 0
    outer loop
      vertex 26.3833 14.4 12.7015
      vertex 23.8719 14.4 12.8425
      vertex 26.1281 14.4 12.8425
    endloop
  endfacet
  facet normal 0 1 0
    outer loop
      vertex 26.3833 14.4 12.7015
      vertex 23.6167 14.4 12.7015
      vertex 23.8719 14.4 12.8425
    endloop
  endfacet
  facet normal 0 1 0
    outer loop
      vertex 26.6211 14.4 12.5328
      vertex 23.6167 14.4 12.7015
      vertex 26.3833 14.4 12.7015
    endloop
  endfacet
  facet normal 0 1 0
    outer loop
      vertex 26.6211 14.4 12.5328
      vertex 23.3789 14.4 12.5328
      vertex 23.6167 14.4 12.7015
    endloop
  endfacet
  facet normal 0 1 0
    outer loop
      vertex 26.8385 14.4 12.3385
      vertex 23.3789 14.4 12.5328
      vertex 26.6211 14.4 12.5328
    endloop
  endfacet
  facet normal 0 1 0
    outer loop
      vertex 26.8385 14.4 12.3385
      vertex 23.1615 14.4 12.3385
      vertex 23.3789 14.4 12.5328
    endloop
  endfacet
  facet normal 0 1 0
    outer loop
      vertex 27.0328 14.4 12.1211
      vertex 23.1615 14.4 12.3385
      vertex 26.8385 14.4 12.3385
    endloop
  endfacet
  facet normal 0 1 0
    outer loop
      vertex 27.0328 14.4 12.1211
      vertex 22.9672 14.4 12.1211
      vertex 23.1615 14.4 12.3385
    endloop
  endfacet
  facet normal 0 1 0
    outer loop
      vertex 27.2015 14.4 11.8833
      vertex 22.9672 14.4 12.1211
      vertex 27.0328 14.4 12.1211
    endloop
  endfacet
  facet normal 0 1 0
    outer loop
      vertex 27.2015 14.4 11.8833
      vertex 22.7985 14.4 11.8833
      vertex 22.9672 14.4 12.1211
    endloop
  endfacet
  facet normal 0 1 0
    outer loop
      vertex 27.3425 14.4 11.6281
      vertex 22.7985 14.4 11.8833
      vertex 27.2015 14.4 11.8833
    endloop
  endfacet
  facet normal 0 1 0
    outer loop
      vertex 27.3425 14.4 11.6281
      vertex 22.6575 14.4 11.6281
      vertex 22.7985 14.4 11.8833
    endloop
  endfacet
  facet normal 0 1 0
    outer loop
      vertex 27.4541 14.4 11.3587
      vertex 22.6575 14.4 11.6281
      vertex 27.3425 14.4 11.6281
    endloop
  endfacet
  facet normal 0 1 0
    outer loop
      vertex 27.4541 14.4 11.3587
      vertex 22.5459 14.4 11.3587
      vertex 22.6575 14.4 11.6281
    endloop
  endfacet
  facet normal 0 1 0
    outer loop
      vertex 27.5348 14.4 11.0786
      vertex 22.5459 14.4 11.3587
      vertex 27.4541 14.4 11.3587
    endloop
  endfacet
  facet normal 0 1 0
    outer loop
      vertex 27.5348 14.4 11.0786
      vertex 22.4652 14.4 11.0786
      vertex 22.5459 14.4 11.3587
    endloop
  endfacet
  facet normal 0 1 0
    outer loop
      vertex 27.5837 14.4 10.7911
      vertex 22.4652 14.4 11.0786
      vertex 27.5348 14.4 11.0786
    endloop
  endfacet
  facet normal 0 1 0
    outer loop
      vertex 27.5837 14.4 10.7911
      vertex 22.4163 14.4 10.7911
      vertex 22.4652 14.4 11.0786
    endloop
  endfacet
  facet normal 0 1 0
    outer loop
      vertex 27.6 14.4 10.5
      vertex 22.4163 14.4 10.7911
      vertex 27.5837 14.4 10.7911
    endloop
  endfacet
  facet normal 0 1 0
    outer loop
      vertex 27.6 14.4 10.5
      vertex 22.4 14.4 10.5
      vertex 22.4163 14.4 10.7911
    endloop
  endfacet
  facet normal 0 1 -0
    outer loop
      vertex 27.5837 14.4 10.2089
      vertex 22.4 14.4 10.5
      vertex 27.6 14.4 10.5
    endloop
  endfacet
  facet normal 0 1 0
    outer loop
      vertex 27.5837 14.4 10.2089
      vertex 22.4163 14.4 10.2089
      vertex 22.4 14.4 10.5
    endloop
  endfacet
  facet normal 0 1 -0
    outer loop
      vertex 27.5348 14.4 9.92144
      vertex 22.4163 14.4 10.2089
      vertex 27.5837 14.4 10.2089
    endloop
  endfacet
  facet normal 0 1 0
    outer loop
      vertex 27.5348 14.4 9.92144
      vertex 22.4652 14.4 9.92144
      vertex 22.4163 14.4 10.2089
    endloop
  endfacet
  facet normal 0 1 -0
    outer loop
      vertex 27.4541 14.4 9.64127
      vertex 22.4652 14.4 9.92144
      vertex 27.5348 14.4 9.92144
    endloop
  endfacet
  facet normal 0 1 0
    outer loop
      vertex 27.4541 14.4 9.64127
      vertex 22.5459 14.4 9.64127
      vertex 22.4652 14.4 9.92144
    endloop
  endfacet
  facet normal 0 1 -0
    outer loop
      vertex 27.3425 14.4 9.3719
      vertex 22.5459 14.4 9.64127
      vertex 27.4541 14.4 9.64127
    endloop
  endfacet
  facet normal 0 1 0
    outer loop
      vertex 27.3425 14.4 9.3719
      vertex 22.6575 14.4 9.3719
      vertex 22.5459 14.4 9.64127
    endloop
  endfacet
  facet normal 0 1 -0
    outer loop
      vertex 27.2015 14.4 9.11672
      vertex 22.6575 14.4 9.3719
      vertex 27.3425 14.4 9.3719
    endloop
  endfacet
  facet normal 0 1 0
    outer loop
      vertex 27.2015 14.4 9.11672
      vertex 22.7985 14.4 9.11672
      vertex 22.6575 14.4 9.3719
    endloop
  endfacet
  facet normal 0 1 -0
    outer loop
      vertex 27.0328 14.4 8.87893
      vertex 22.7985 14.4 9.11672
      vertex 27.2015 14.4 9.11672
    endloop
  endfacet
  facet normal 0 1 0
    outer loop
      vertex 27.0328 14.4 8.87893
      vertex 22.9672 14.4 8.87893
      vertex 22.7985 14.4 9.11672
    endloop
  endfacet
  facet normal 0 1 -0
    outer loop
      vertex 26.8385 14.4 8.66152
      vertex 22.9672 14.4 8.87893
      vertex 27.0328 14.4 8.87893
    endloop
  endfacet
  facet normal 0 1 0
    outer loop
      vertex 26.8385 14.4 8.66152
      vertex 23.1615 14.4 8.66152
      vertex 22.9672 14.4 8.87893
    endloop
  endfacet
  facet normal 0 1 -0
    outer loop
      vertex 26.6211 14.4 8.46724
      vertex 23.1615 14.4 8.66152
      vertex 26.8385 14.4 8.66152
    endloop
  endfacet
  facet normal 0 1 0
    outer loop
      vertex 26.6211 14.4 8.46724
      vertex 23.3789 14.4 8.46724
      vertex 23.1615 14.4 8.66152
    endloop
  endfacet
  facet normal 0 1 -0
    outer loop
      vertex 26.3833 14.4 8.29852
      vertex 23.3789 14.4 8.46724
      vertex 26.6211 14.4 8.46724
    endloop
  endfacet
  facet normal 0 1 0
    outer loop
      vertex 26.3833 14.4 8.29852
      vertex 23.6167 14.4 8.29852
      vertex 23.3789 14.4 8.46724
    endloop
  endfacet
  facet normal 0 1 -0
    outer loop
      vertex 26.1281 14.4 8.15748
      vertex 23.6167 14.4 8.29852
      vertex 26.3833 14.4 8.29852
    endloop
  endfacet
  facet normal 0 1 0
    outer loop
      vertex 26.1281 14.4 8.15748
      vertex 23.8719 14.4 8.15748
      vertex 23.6167 14.4 8.29852
    endloop
  endfacet
  facet normal 0 1 -0
    outer loop
      vertex 25.8587 14.4 8.0459
      vertex 23.8719 14.4 8.15748
      vertex 26.1281 14.4 8.15748
    endloop
  endfacet
  facet normal 0 1 0
    outer loop
      vertex 25.8587 14.4 8.0459
      vertex 24.1413 14.4 8.0459
      vertex 23.8719 14.4 8.15748
    endloop
  endfacet
  facet normal 0 1 -0
    outer loop
      vertex 25.5786 14.4 7.96519
      vertex 24.1413 14.4 8.0459
      vertex 25.8587 14.4 8.0459
    endloop
  endfacet
  facet normal 0 1 0
    outer loop
      vertex 25.5786 14.4 7.96519
      vertex 24.4214 14.4 7.96519
      vertex 24.1413 14.4 8.0459
    endloop
  endfacet
  facet normal 0 1 -0
    outer loop
      vertex 25.2911 14.4 7.91635
      vertex 24.4214 14.4 7.96519
      vertex 25.5786 14.4 7.96519
    endloop
  endfacet
  facet normal 0 1 0
    outer loop
      vertex 25.2911 14.4 7.91635
      vertex 24.7089 14.4 7.91635
      vertex 24.4214 14.4 7.96519
    endloop
  endfacet
  facet normal -0 1 0
    outer loop
      vertex 24.7089 14.4 7.91635
      vertex 25.2911 14.4 7.91635
      vertex 25 14.4 7.9
    endloop
  endfacet
  facet normal 0.998436 0 -0.0559069
    outer loop
      vertex 22.4163 14.4 10.7911
      vertex 22.4 16.4 10.5
      vertex 22.4163 16.4 10.7911
    endloop
  endfacet
  facet normal 0.998436 0 -0.0559069
    outer loop
      vertex 22.4 16.4 10.5
      vertex 22.4163 14.4 10.7911
      vertex 22.4 14.4 10.5
    endloop
  endfacet
  facet normal 0.923866 0 -0.382715
    outer loop
      vertex 22.6575 14.4 11.6281
      vertex 22.5459 16.4 11.3587
      vertex 22.6575 16.4 11.6281
    endloop
  endfacet
  facet normal 0.923866 0 -0.382715
    outer loop
      vertex 22.5459 16.4 11.3587
      vertex 22.6575 14.4 11.6281
      vertex 22.5459 14.4 11.3587
    endloop
  endfacet
  facet normal 0.960913 0 -0.27685
    outer loop
      vertex 22.5459 14.4 11.3587
      vertex 22.4652 16.4 11.0786
      vertex 22.5459 16.4 11.3587
    endloop
  endfacet
  facet normal 0.960913 0 -0.27685
    outer loop
      vertex 22.4652 16.4 11.0786
      vertex 22.5459 14.4 11.3587
      vertex 22.4652 14.4 11.0786
    endloop
  endfacet
  facet normal 0.27685 0 -0.960913
    outer loop
      vertex 24.1413 14.4 12.9541
      vertex 24.4214 16.4 13.0348
      vertex 24.4214 14.4 13.0348
    endloop
  endfacet
  facet normal 0.27685 0 -0.960913
    outer loop
      vertex 24.4214 16.4 13.0348
      vertex 24.1413 14.4 12.9541
      vertex 24.1413 16.4 12.9541
    endloop
  endfacet
  facet normal 0.666384 0 -0.745609
    outer loop
      vertex 23.1615 14.4 12.3385
      vertex 23.3789 16.4 12.5328
      vertex 23.3789 14.4 12.5328
    endloop
  endfacet
  facet normal 0.666384 0 -0.745609
    outer loop
      vertex 23.3789 16.4 12.5328
      vertex 23.1615 14.4 12.3385
      vertex 23.1615 16.4 12.3385
    endloop
  endfacet
  facet normal 0.745609 0 -0.666384
    outer loop
      vertex 23.1615 14.4 12.3385
      vertex 22.9672 16.4 12.1211
      vertex 23.1615 16.4 12.3385
    endloop
  endfacet
  facet normal 0.745609 0 -0.666384
    outer loop
      vertex 22.9672 16.4 12.1211
      vertex 23.1615 14.4 12.3385
      vertex 22.9672 14.4 12.1211
    endloop
  endfacet
  facet normal -0.923851 0 0.382752
    outer loop
      vertex 27.3425 14.4 9.3719
      vertex 27.4541 16.4 9.64127
      vertex 27.3425 16.4 9.3719
    endloop
  endfacet
  facet normal -0.923851 0 0.382752
    outer loop
      vertex 27.4541 16.4 9.64127
      vertex 27.3425 14.4 9.3719
      vertex 27.4541 14.4 9.64127
    endloop
  endfacet
  facet normal -0.276882 0 0.960904
    outer loop
      vertex 25.5786 16.4 7.96519
      vertex 25.8587 14.4 8.0459
      vertex 25.8587 16.4 8.0459
    endloop
  endfacet
  facet normal -0.276882 0 0.960904
    outer loop
      vertex 25.8587 14.4 8.0459
      vertex 25.5786 16.4 7.96519
      vertex 25.5786 14.4 7.96519
    endloop
  endfacet
  facet normal -0.382657 0 0.923891
    outer loop
      vertex 25.8587 16.4 8.0459
      vertex 26.1281 14.4 8.15748
      vertex 26.1281 16.4 8.15748
    endloop
  endfacet
  facet normal -0.382657 0 0.923891
    outer loop
      vertex 26.1281 14.4 8.15748
      vertex 25.8587 16.4 8.0459
      vertex 25.8587 14.4 8.0459
    endloop
  endfacet
  facet normal -0.666346 0 0.745643
    outer loop
      vertex 26.6211 16.4 8.46724
      vertex 26.8385 14.4 8.66152
      vertex 26.8385 16.4 8.66152
    endloop
  endfacet
  facet normal -0.666346 0 0.745643
    outer loop
      vertex 26.8385 14.4 8.66152
      vertex 26.6211 16.4 8.46724
      vertex 26.6211 14.4 8.46724
    endloop
  endfacet
  facet normal -0.745624 0 0.666367
    outer loop
      vertex 26.8385 14.4 8.66152
      vertex 27.0328 16.4 8.87893
      vertex 26.8385 16.4 8.66152
    endloop
  endfacet
  facet normal -0.745624 0 0.666367
    outer loop
      vertex 27.0328 16.4 8.87893
      vertex 26.8385 14.4 8.66152
      vertex 27.0328 14.4 8.87893
    endloop
  endfacet
  facet normal -0.578653 0 0.815574
    outer loop
      vertex 26.3833 16.4 8.29852
      vertex 26.6211 14.4 8.46724
      vertex 26.6211 16.4 8.46724
    endloop
  endfacet
  facet normal -0.578653 0 0.815574
    outer loop
      vertex 26.6211 14.4 8.46724
      vertex 26.3833 16.4 8.29852
      vertex 26.3833 14.4 8.29852
    endloop
  endfacet
  facet normal 0.382657 0 0.923891
    outer loop
      vertex 23.8719 16.4 8.15748
      vertex 24.1413 14.4 8.0459
      vertex 24.1413 16.4 8.0459
    endloop
  endfacet
  facet normal 0.382657 0 0.923891
    outer loop
      vertex 24.1413 14.4 8.0459
      vertex 23.8719 16.4 8.15748
      vertex 23.8719 14.4 8.15748
    endloop
  endfacet
  facet normal 0.276882 0 0.960904
    outer loop
      vertex 24.1413 16.4 8.0459
      vertex 24.4214 14.4 7.96519
      vertex 24.4214 16.4 7.96519
    endloop
  endfacet
  facet normal 0.276882 0 0.960904
    outer loop
      vertex 24.4214 14.4 7.96519
      vertex 24.1413 16.4 8.0459
      vertex 24.1413 14.4 8.0459
    endloop
  endfacet
  facet normal 0.483708 0 0.875229
    outer loop
      vertex 23.6167 16.4 8.29852
      vertex 23.8719 14.4 8.15748
      vertex 23.8719 16.4 8.15748
    endloop
  endfacet
  facet normal 0.483708 0 0.875229
    outer loop
      vertex 23.8719 14.4 8.15748
      vertex 23.6167 16.4 8.29852
      vertex 23.6167 14.4 8.29852
    endloop
  endfacet
  facet normal 0.960932 -0 0.276786
    outer loop
      vertex 22.4652 14.4 9.92144
      vertex 22.5459 16.4 9.64127
      vertex 22.4652 16.4 9.92144
    endloop
  endfacet
  facet normal 0.960932 0 0.276786
    outer loop
      vertex 22.5459 16.4 9.64127
      vertex 22.4652 14.4 9.92144
      vertex 22.5459 14.4 9.64127
    endloop
  endfacet
  facet normal 0.923851 -0 0.382752
    outer loop
      vertex 22.5459 14.4 9.64127
      vertex 22.6575 16.4 9.3719
      vertex 22.5459 16.4 9.64127
    endloop
  endfacet
  facet normal 0.923851 0 0.382752
    outer loop
      vertex 22.6575 16.4 9.3719
      vertex 22.5459 14.4 9.64127
      vertex 22.6575 14.4 9.3719
    endloop
  endfacet
  facet normal 0.815595 -0 0.578623
    outer loop
      vertex 22.7985 14.4 9.11672
      vertex 22.9672 16.4 8.87893
      vertex 22.7985 16.4 9.11672
    endloop
  endfacet
  facet normal 0.815595 0 0.578623
    outer loop
      vertex 22.9672 16.4 8.87893
      vertex 22.7985 14.4 9.11672
      vertex 22.9672 14.4 8.87893
    endloop
  endfacet
  facet normal 0.745624 -0 0.666367
    outer loop
      vertex 22.9672 14.4 8.87893
      vertex 23.1615 16.4 8.66152
      vertex 22.9672 16.4 8.87893
    endloop
  endfacet
  facet normal 0.745624 0 0.666367
    outer loop
      vertex 23.1615 16.4 8.66152
      vertex 22.9672 14.4 8.87893
      vertex 23.1615 14.4 8.66152
    endloop
  endfacet
  facet normal 0.666346 0 0.745643
    outer loop
      vertex 23.1615 16.4 8.66152
      vertex 23.3789 14.4 8.46724
      vertex 23.3789 16.4 8.46724
    endloop
  endfacet
  facet normal 0.666346 0 0.745643
    outer loop
      vertex 23.3789 14.4 8.46724
      vertex 23.1615 16.4 8.66152
      vertex 23.1615 14.4 8.66152
    endloop
  endfacet
  facet normal -0.815595 0 0.578623
    outer loop
      vertex 27.0328 14.4 8.87893
      vertex 27.2015 16.4 9.11672
      vertex 27.0328 16.4 8.87893
    endloop
  endfacet
  facet normal -0.815595 0 0.578623
    outer loop
      vertex 27.2015 16.4 9.11672
      vertex 27.0328 14.4 8.87893
      vertex 27.2015 14.4 9.11672
    endloop
  endfacet
  facet normal -0.875271 0 0.483632
    outer loop
      vertex 27.2015 14.4 9.11672
      vertex 27.3425 16.4 9.3719
      vertex 27.2015 16.4 9.11672
    endloop
  endfacet
  facet normal -0.875271 0 0.483632
    outer loop
      vertex 27.3425 16.4 9.3719
      vertex 27.2015 14.4 9.11672
      vertex 27.3425 14.4 9.3719
    endloop
  endfacet
  facet normal -0.998435 0 -0.0559261
    outer loop
      vertex 27.6 14.4 102.5
      vertex 27.5837 16.4 102.791
      vertex 27.6 16.4 102.5
    endloop
  endfacet
  facet normal -0.998435 -0 -0.0559261
    outer loop
      vertex 27.5837 16.4 102.791
      vertex 27.6 14.4 102.5
      vertex 27.5837 14.4 102.791
    endloop
  endfacet
  facet normal -0.98589 0 -0.167396
    outer loop
      vertex 27.5837 14.4 102.791
      vertex 27.5348 16.4 103.079
      vertex 27.5837 16.4 102.791
    endloop
  endfacet
  facet normal -0.98589 -0 -0.167396
    outer loop
      vertex 27.5348 16.4 103.079
      vertex 27.5837 14.4 102.791
      vertex 27.5348 14.4 103.079
    endloop
  endfacet
  facet normal 0.0548811 0 -0.998493
    outer loop
      vertex 24.7089 14.4 105.084
      vertex 25 16.4 105.1
      vertex 25 14.4 105.1
    endloop
  endfacet
  facet normal 0.0548811 0 -0.998493
    outer loop
      vertex 25 16.4 105.1
      vertex 24.7089 14.4 105.084
      vertex 24.7089 16.4 105.084
    endloop
  endfacet
  facet normal -0.667715 0 -0.744417
    outer loop
      vertex 26.6211 14.4 104.533
      vertex 26.8385 16.4 104.338
      vertex 26.8385 14.4 104.338
    endloop
  endfacet
  facet normal -0.667715 0 -0.744417
    outer loop
      vertex 26.8385 16.4 104.338
      vertex 26.6211 14.4 104.533
      vertex 26.6211 16.4 104.533
    endloop
  endfacet
  facet normal 0.744999 0 -0.667066
    outer loop
      vertex 23.1615 14.4 104.338
      vertex 22.9672 16.4 104.121
      vertex 23.1615 16.4 104.338
    endloop
  endfacet
  facet normal 0.744999 0 -0.667066
    outer loop
      vertex 22.9672 16.4 104.121
      vertex 23.1615 14.4 104.338
      vertex 22.9672 14.4 104.121
    endloop
  endfacet
  facet normal 0.380957 0 -0.924593
    outer loop
      vertex 23.8719 14.4 104.843
      vertex 24.1413 16.4 104.954
      vertex 24.1413 14.4 104.954
    endloop
  endfacet
  facet normal 0.380957 0 -0.924593
    outer loop
      vertex 24.1413 16.4 104.954
      vertex 23.8719 14.4 104.843
      vertex 23.8719 16.4 104.843
    endloop
  endfacet
  facet normal -0.167346 0 0.985898
    outer loop
      vertex 25.2911 16.4 99.9164
      vertex 25.5786 14.4 99.9652
      vertex 25.5786 16.4 99.9652
    endloop
  endfacet
  facet normal -0.167346 0 0.985898
    outer loop
      vertex 25.5786 14.4 99.9652
      vertex 25.2911 16.4 99.9164
      vertex 25.2911 14.4 99.9164
    endloop
  endfacet
  facet normal 0.744999 -0 0.667066
    outer loop
      vertex 22.9672 14.4 100.879
      vertex 23.1615 16.4 100.662
      vertex 22.9672 16.4 100.879
    endloop
  endfacet
  facet normal 0.744999 0 0.667066
    outer loop
      vertex 23.1615 16.4 100.662
      vertex 22.9672 14.4 100.879
      vertex 23.1615 14.4 100.662
    endloop
  endfacet
  facet normal -0.2778 0 -0.960639
    outer loop
      vertex 25.5786 14.4 105.035
      vertex 25.8587 16.4 104.954
      vertex 25.8587 14.4 104.954
    endloop
  endfacet
  facet normal -0.2778 0 -0.960639
    outer loop
      vertex 25.8587 16.4 104.954
      vertex 25.5786 14.4 105.035
      vertex 25.5786 16.4 105.035
    endloop
  endfacet
  facet normal 0.875127 0 -0.483894
    outer loop
      vertex 22.7985 14.4 103.883
      vertex 22.6575 16.4 103.628
      vertex 22.7985 16.4 103.883
    endloop
  endfacet
  facet normal 0.875127 0 -0.483894
    outer loop
      vertex 22.6575 16.4 103.628
      vertex 22.7985 14.4 103.883
      vertex 22.6575 14.4 103.628
    endloop
  endfacet
  facet normal 0.998435 -0 0.0559261
    outer loop
      vertex 22.4 14.4 102.5
      vertex 22.4163 16.4 102.209
      vertex 22.4 16.4 102.5
    endloop
  endfacet
  facet normal 0.998435 0 0.0559261
    outer loop
      vertex 22.4163 16.4 102.209
      vertex 22.4 14.4 102.5
      vertex 22.4163 14.4 102.209
    endloop
  endfacet
  facet normal -0.744999 0 0.667066
    outer loop
      vertex 26.8385 14.4 100.662
      vertex 27.0328 16.4 100.879
      vertex 26.8385 16.4 100.662
    endloop
  endfacet
  facet normal -0.744999 0 0.667066
    outer loop
      vertex 27.0328 16.4 100.879
      vertex 26.8385 14.4 100.662
      vertex 27.0328 14.4 100.879
    endloop
  endfacet
  facet normal 0.167346 0 0.985898
    outer loop
      vertex 24.4214 16.4 99.9652
      vertex 24.7089 14.4 99.9164
      vertex 24.7089 16.4 99.9164
    endloop
  endfacet
  facet normal 0.167346 0 0.985898
    outer loop
      vertex 24.7089 14.4 99.9164
      vertex 24.4214 16.4 99.9652
      vertex 24.4214 14.4 99.9652
    endloop
  endfacet
  facet normal -0.923665 0 -0.383201
    outer loop
      vertex 27.4541 14.4 103.359
      vertex 27.3425 16.4 103.628
      vertex 27.4541 16.4 103.359
    endloop
  endfacet
  facet normal -0.923665 -0 -0.383201
    outer loop
      vertex 27.3425 16.4 103.628
      vertex 27.4541 14.4 103.359
      vertex 27.3425 14.4 103.628
    endloop
  endfacet
  facet normal -0.960887 0 -0.276941
    outer loop
      vertex 27.5348 14.4 103.079
      vertex 27.4541 16.4 103.359
      vertex 27.5348 16.4 103.079
    endloop
  endfacet
  facet normal -0.960887 -0 -0.276941
    outer loop
      vertex 27.4541 16.4 103.359
      vertex 27.5348 14.4 103.079
      vertex 27.4541 14.4 103.359
    endloop
  endfacet
  facet normal -0.168012 0 -0.985785
    outer loop
      vertex 25.2911 14.4 105.084
      vertex 25.5786 16.4 105.035
      vertex 25.5786 14.4 105.035
    endloop
  endfacet
  facet normal -0.168012 0 -0.985785
    outer loop
      vertex 25.5786 16.4 105.035
      vertex 25.2911 14.4 105.084
      vertex 25.2911 16.4 105.084
    endloop
  endfacet
  facet normal 0 -1 0
    outer loop
      vertex 24.7089 16.4 105.084
      vertex 25.2911 16.4 105.084
      vertex 25 16.4 105.1
    endloop
  endfacet
  facet normal 0 -1 0
    outer loop
      vertex 24.4214 16.4 105.035
      vertex 25.2911 16.4 105.084
      vertex 24.7089 16.4 105.084
    endloop
  endfacet
  facet normal 0 -1 0
    outer loop
      vertex 24.4214 16.4 105.035
      vertex 25.5786 16.4 105.035
      vertex 25.2911 16.4 105.084
    endloop
  endfacet
  facet normal 0 -1 0
    outer loop
      vertex 24.1413 16.4 104.954
      vertex 25.5786 16.4 105.035
      vertex 24.4214 16.4 105.035
    endloop
  endfacet
  facet normal 0 -1 0
    outer loop
      vertex 24.1413 16.4 104.954
      vertex 25.8587 16.4 104.954
      vertex 25.5786 16.4 105.035
    endloop
  endfacet
  facet normal 0 -1 0
    outer loop
      vertex 23.8719 16.4 104.843
      vertex 25.8587 16.4 104.954
      vertex 24.1413 16.4 104.954
    endloop
  endfacet
  facet normal 0 -1 0
    outer loop
      vertex 23.8719 16.4 104.843
      vertex 26.1281 16.4 104.843
      vertex 25.8587 16.4 104.954
    endloop
  endfacet
  facet normal 0 -1 0
    outer loop
      vertex 23.6167 16.4 104.701
      vertex 26.1281 16.4 104.843
      vertex 23.8719 16.4 104.843
    endloop
  endfacet
  facet normal 0 -1 0
    outer loop
      vertex 23.6167 16.4 104.701
      vertex 26.3833 16.4 104.701
      vertex 26.1281 16.4 104.843
    endloop
  endfacet
  facet normal 0 -1 0
    outer loop
      vertex 23.3789 16.4 104.533
      vertex 26.3833 16.4 104.701
      vertex 23.6167 16.4 104.701
    endloop
  endfacet
  facet normal 0 -1 0
    outer loop
      vertex 23.3789 16.4 104.533
      vertex 26.6211 16.4 104.533
      vertex 26.3833 16.4 104.701
    endloop
  endfacet
  facet normal 0 -1 0
    outer loop
      vertex 23.1615 16.4 104.338
      vertex 26.6211 16.4 104.533
      vertex 23.3789 16.4 104.533
    endloop
  endfacet
  facet normal 0 -1 0
    outer loop
      vertex 23.1615 16.4 104.338
      vertex 26.8385 16.4 104.338
      vertex 26.6211 16.4 104.533
    endloop
  endfacet
  facet normal 0 -1 0
    outer loop
      vertex 22.9672 16.4 104.121
      vertex 26.8385 16.4 104.338
      vertex 23.1615 16.4 104.338
    endloop
  endfacet
  facet normal 0 -1 0
    outer loop
      vertex 22.9672 16.4 104.121
      vertex 27.0328 16.4 104.121
      vertex 26.8385 16.4 104.338
    endloop
  endfacet
  facet normal 0 -1 0
    outer loop
      vertex 22.7985 16.4 103.883
      vertex 27.0328 16.4 104.121
      vertex 22.9672 16.4 104.121
    endloop
  endfacet
  facet normal 0 -1 0
    outer loop
      vertex 22.7985 16.4 103.883
      vertex 27.2015 16.4 103.883
      vertex 27.0328 16.4 104.121
    endloop
  endfacet
  facet normal 0 -1 0
    outer loop
      vertex 22.6575 16.4 103.628
      vertex 27.2015 16.4 103.883
      vertex 22.7985 16.4 103.883
    endloop
  endfacet
  facet normal 0 -1 0
    outer loop
      vertex 22.6575 16.4 103.628
      vertex 27.3425 16.4 103.628
      vertex 27.2015 16.4 103.883
    endloop
  endfacet
  facet normal 0 -1 0
    outer loop
      vertex 22.5459 16.4 103.359
      vertex 27.3425 16.4 103.628
      vertex 22.6575 16.4 103.628
    endloop
  endfacet
  facet normal 0 -1 0
    outer loop
      vertex 22.5459 16.4 103.359
      vertex 27.4541 16.4 103.359
      vertex 27.3425 16.4 103.628
    endloop
  endfacet
  facet normal 0 -1 0
    outer loop
      vertex 22.4652 16.4 103.079
      vertex 27.4541 16.4 103.359
      vertex 22.5459 16.4 103.359
    endloop
  endfacet
  facet normal 0 -1 0
    outer loop
      vertex 22.4652 16.4 103.079
      vertex 27.5348 16.4 103.079
      vertex 27.4541 16.4 103.359
    endloop
  endfacet
  facet normal 0 -1 0
    outer loop
      vertex 22.4163 16.4 102.791
      vertex 27.5348 16.4 103.079
      vertex 22.4652 16.4 103.079
    endloop
  endfacet
  facet normal 0 -1 0
    outer loop
      vertex 22.4163 16.4 102.791
      vertex 27.5837 16.4 102.791
      vertex 27.5348 16.4 103.079
    endloop
  endfacet
  facet normal 0 -1 0
    outer loop
      vertex 22.4 16.4 102.5
      vertex 27.5837 16.4 102.791
      vertex 22.4163 16.4 102.791
    endloop
  endfacet
  facet normal 0 -1 0
    outer loop
      vertex 22.4 16.4 102.5
      vertex 27.6 16.4 102.5
      vertex 27.5837 16.4 102.791
    endloop
  endfacet
  facet normal 0 -1 0
    outer loop
      vertex 22.4163 16.4 102.209
      vertex 27.6 16.4 102.5
      vertex 22.4 16.4 102.5
    endloop
  endfacet
  facet normal 0 -1 0
    outer loop
      vertex 22.4163 16.4 102.209
      vertex 27.5837 16.4 102.209
      vertex 27.6 16.4 102.5
    endloop
  endfacet
  facet normal 0 -1 0
    outer loop
      vertex 22.4652 16.4 101.921
      vertex 27.5837 16.4 102.209
      vertex 22.4163 16.4 102.209
    endloop
  endfacet
  facet normal 0 -1 0
    outer loop
      vertex 22.4652 16.4 101.921
      vertex 27.5348 16.4 101.921
      vertex 27.5837 16.4 102.209
    endloop
  endfacet
  facet normal 0 -1 0
    outer loop
      vertex 22.5459 16.4 101.641
      vertex 27.5348 16.4 101.921
      vertex 22.4652 16.4 101.921
    endloop
  endfacet
  facet normal 0 -1 0
    outer loop
      vertex 22.5459 16.4 101.641
      vertex 27.4541 16.4 101.641
      vertex 27.5348 16.4 101.921
    endloop
  endfacet
  facet normal 0 -1 0
    outer loop
      vertex 22.6575 16.4 101.372
      vertex 27.4541 16.4 101.641
      vertex 22.5459 16.4 101.641
    endloop
  endfacet
  facet normal 0 -1 0
    outer loop
      vertex 22.6575 16.4 101.372
      vertex 27.3425 16.4 101.372
      vertex 27.4541 16.4 101.641
    endloop
  endfacet
  facet normal 0 -1 0
    outer loop
      vertex 22.7985 16.4 101.117
      vertex 27.3425 16.4 101.372
      vertex 22.6575 16.4 101.372
    endloop
  endfacet
  facet normal 0 -1 0
    outer loop
      vertex 22.7985 16.4 101.117
      vertex 27.2015 16.4 101.117
      vertex 27.3425 16.4 101.372
    endloop
  endfacet
  facet normal 0 -1 0
    outer loop
      vertex 22.9672 16.4 100.879
      vertex 27.2015 16.4 101.117
      vertex 22.7985 16.4 101.117
    endloop
  endfacet
  facet normal 0 -1 0
    outer loop
      vertex 22.9672 16.4 100.879
      vertex 27.0328 16.4 100.879
      vertex 27.2015 16.4 101.117
    endloop
  endfacet
  facet normal 0 -1 0
    outer loop
      vertex 23.1615 16.4 100.662
      vertex 27.0328 16.4 100.879
      vertex 22.9672 16.4 100.879
    endloop
  endfacet
  facet normal 0 -1 0
    outer loop
      vertex 23.1615 16.4 100.662
      vertex 26.8385 16.4 100.662
      vertex 27.0328 16.4 100.879
    endloop
  endfacet
  facet normal 0 -1 0
    outer loop
      vertex 23.3789 16.4 100.467
      vertex 26.8385 16.4 100.662
      vertex 23.1615 16.4 100.662
    endloop
  endfacet
  facet normal 0 -1 0
    outer loop
      vertex 23.3789 16.4 100.467
      vertex 26.6211 16.4 100.467
      vertex 26.8385 16.4 100.662
    endloop
  endfacet
  facet normal 0 -1 0
    outer loop
      vertex 23.6167 16.4 100.299
      vertex 26.6211 16.4 100.467
      vertex 23.3789 16.4 100.467
    endloop
  endfacet
  facet normal 0 -1 0
    outer loop
      vertex 23.6167 16.4 100.299
      vertex 26.3833 16.4 100.299
      vertex 26.6211 16.4 100.467
    endloop
  endfacet
  facet normal 0 -1 0
    outer loop
      vertex 23.8719 16.4 100.157
      vertex 26.3833 16.4 100.299
      vertex 23.6167 16.4 100.299
    endloop
  endfacet
  facet normal 0 -1 0
    outer loop
      vertex 23.8719 16.4 100.157
      vertex 26.1281 16.4 100.157
      vertex 26.3833 16.4 100.299
    endloop
  endfacet
  facet normal 0 -1 0
    outer loop
      vertex 24.1413 16.4 100.046
      vertex 26.1281 16.4 100.157
      vertex 23.8719 16.4 100.157
    endloop
  endfacet
  facet normal 0 -1 0
    outer loop
      vertex 24.1413 16.4 100.046
      vertex 25.8587 16.4 100.046
      vertex 26.1281 16.4 100.157
    endloop
  endfacet
  facet normal 0 -1 0
    outer loop
      vertex 24.4214 16.4 99.9652
      vertex 25.8587 16.4 100.046
      vertex 24.1413 16.4 100.046
    endloop
  endfacet
  facet normal 0 -1 0
    outer loop
      vertex 24.4214 16.4 99.9652
      vertex 25.5786 16.4 99.9652
      vertex 25.8587 16.4 100.046
    endloop
  endfacet
  facet normal 0 -1 0
    outer loop
      vertex 24.7089 16.4 99.9164
      vertex 25.5786 16.4 99.9652
      vertex 24.4214 16.4 99.9652
    endloop
  endfacet
  facet normal 0 -1 0
    outer loop
      vertex 24.7089 16.4 99.9164
      vertex 25.2911 16.4 99.9164
      vertex 25.5786 16.4 99.9652
    endloop
  endfacet
  facet normal -0 -1 0
    outer loop
      vertex 25.2911 16.4 99.9164
      vertex 24.7089 16.4 99.9164
      vertex 25 16.4 99.9
    endloop
  endfacet
  facet normal 0.960887 0 -0.276941
    outer loop
      vertex 22.5459 14.4 103.359
      vertex 22.4652 16.4 103.079
      vertex 22.5459 16.4 103.359
    endloop
  endfacet
  facet normal 0.960887 0 -0.276941
    outer loop
      vertex 22.4652 16.4 103.079
      vertex 22.5459 14.4 103.359
      vertex 22.4652 14.4 103.079
    endloop
  endfacet
  facet normal 0.923665 0 -0.383201
    outer loop
      vertex 22.6575 14.4 103.628
      vertex 22.5459 16.4 103.359
      vertex 22.6575 16.4 103.628
    endloop
  endfacet
  facet normal 0.923665 0 -0.383201
    outer loop
      vertex 22.5459 16.4 103.359
      vertex 22.6575 14.4 103.628
      vertex 22.5459 14.4 103.359
    endloop
  endfacet
  facet normal 0.98589 0 -0.167396
    outer loop
      vertex 22.4652 14.4 103.079
      vertex 22.4163 16.4 102.791
      vertex 22.4652 16.4 103.079
    endloop
  endfacet
  facet normal 0.98589 0 -0.167396
    outer loop
      vertex 22.4163 16.4 102.791
      vertex 22.4652 14.4 103.079
      vertex 22.4163 14.4 102.791
    endloop
  endfacet
  facet normal 0.577007 0 -0.816739
    outer loop
      vertex 23.3789 14.4 104.533
      vertex 23.6167 16.4 104.701
      vertex 23.6167 14.4 104.701
    endloop
  endfacet
  facet normal 0.577007 0 -0.816739
    outer loop
      vertex 23.6167 16.4 104.701
      vertex 23.3789 14.4 104.533
      vertex 23.3789 16.4 104.533
    endloop
  endfacet
  facet normal 0.168012 0 -0.985785
    outer loop
      vertex 24.4214 14.4 105.035
      vertex 24.7089 16.4 105.084
      vertex 24.7089 14.4 105.084
    endloop
  endfacet
  facet normal 0.168012 0 -0.985785
    outer loop
      vertex 24.7089 16.4 105.084
      vertex 24.4214 14.4 105.035
      vertex 24.4214 16.4 105.035
    endloop
  endfacet
  facet normal -0.998435 0 0.0559261
    outer loop
      vertex 27.5837 14.4 102.209
      vertex 27.6 16.4 102.5
      vertex 27.5837 16.4 102.209
    endloop
  endfacet
  facet normal -0.998435 0 0.0559261
    outer loop
      vertex 27.6 16.4 102.5
      vertex 27.5837 14.4 102.209
      vertex 27.6 14.4 102.5
    endloop
  endfacet
  facet normal -0.277167 0 0.960822
    outer loop
      vertex 25.5786 16.4 99.9652
      vertex 25.8587 14.4 100.046
      vertex 25.8587 16.4 100.046
    endloop
  endfacet
  facet normal -0.277167 0 0.960822
    outer loop
      vertex 25.8587 14.4 100.046
      vertex 25.5786 16.4 99.9652
      vertex 25.5786 14.4 99.9652
    endloop
  endfacet
  facet normal -0.667715 0 0.744417
    outer loop
      vertex 26.6211 16.4 100.467
      vertex 26.8385 14.4 100.662
      vertex 26.8385 16.4 100.662
    endloop
  endfacet
  facet normal -0.667715 0 0.744417
    outer loop
      vertex 26.8385 14.4 100.662
      vertex 26.6211 16.4 100.467
      vertex 26.6211 14.4 100.467
    endloop
  endfacet
  facet normal 0.0562488 0 0.998417
    outer loop
      vertex 24.7089 16.4 99.9164
      vertex 25 14.4 99.9
      vertex 25 16.4 99.9
    endloop
  endfacet
  facet normal 0.0562488 0 0.998417
    outer loop
      vertex 25 14.4 99.9
      vertex 24.7089 16.4 99.9164
      vertex 24.7089 14.4 99.9164
    endloop
  endfacet
  facet normal 0.486224 0 0.873834
    outer loop
      vertex 23.6167 16.4 100.299
      vertex 23.8719 14.4 100.157
      vertex 23.8719 16.4 100.157
    endloop
  endfacet
  facet normal 0.486224 0 0.873834
    outer loop
      vertex 23.8719 14.4 100.157
      vertex 23.6167 16.4 100.299
      vertex 23.6167 14.4 100.299
    endloop
  endfacet
  facet normal 0.577007 0 0.816739
    outer loop
      vertex 23.3789 16.4 100.467
      vertex 23.6167 14.4 100.299
      vertex 23.6167 16.4 100.299
    endloop
  endfacet
  facet normal 0.577007 0 0.816739
    outer loop
      vertex 23.6167 14.4 100.299
      vertex 23.3789 16.4 100.467
      vertex 23.3789 14.4 100.467
    endloop
  endfacet
  facet normal -0.0562488 0 0.998417
    outer loop
      vertex 25 16.4 99.9
      vertex 25.2911 14.4 99.9164
      vertex 25.2911 16.4 99.9164
    endloop
  endfacet
  facet normal -0.0562488 0 0.998417
    outer loop
      vertex 25.2911 14.4 99.9164
      vertex 25 16.4 99.9
      vertex 25 14.4 99.9
    endloop
  endfacet
  facet normal 0.667715 0 0.744417
    outer loop
      vertex 23.1615 16.4 100.662
      vertex 23.3789 14.4 100.467
      vertex 23.3789 16.4 100.467
    endloop
  endfacet
  facet normal 0.667715 0 0.744417
    outer loop
      vertex 23.3789 14.4 100.467
      vertex 23.1615 16.4 100.662
      vertex 23.1615 14.4 100.662
    endloop
  endfacet
  facet normal 0.875127 -0 0.483894
    outer loop
      vertex 22.6575 14.4 101.372
      vertex 22.7985 16.4 101.117
      vertex 22.6575 16.4 101.372
    endloop
  endfacet
  facet normal 0.875127 0 0.483894
    outer loop
      vertex 22.7985 16.4 101.117
      vertex 22.6575 14.4 101.372
      vertex 22.7985 14.4 101.117
    endloop
  endfacet
  facet normal 0.98589 -0 0.167396
    outer loop
      vertex 22.4163 14.4 102.209
      vertex 22.4652 16.4 101.921
      vertex 22.4163 16.4 102.209
    endloop
  endfacet
  facet normal 0.98589 0 0.167396
    outer loop
      vertex 22.4652 16.4 101.921
      vertex 22.4163 14.4 102.209
      vertex 22.4652 14.4 101.921
    endloop
  endfacet
  facet normal -0.744999 0 -0.667066
    outer loop
      vertex 27.0328 14.4 104.121
      vertex 26.8385 16.4 104.338
      vertex 27.0328 16.4 104.121
    endloop
  endfacet
  facet normal -0.744999 -0 -0.667066
    outer loop
      vertex 26.8385 16.4 104.338
      vertex 27.0328 14.4 104.121
      vertex 26.8385 14.4 104.338
    endloop
  endfacet
  facet normal -0.875127 0 -0.483894
    outer loop
      vertex 27.3425 14.4 103.628
      vertex 27.2015 16.4 103.883
      vertex 27.3425 16.4 103.628
    endloop
  endfacet
  facet normal -0.875127 -0 -0.483894
    outer loop
      vertex 27.2015 16.4 103.883
      vertex 27.3425 14.4 103.628
      vertex 27.2015 14.4 103.883
    endloop
  endfacet
  facet normal -0.815836 0 -0.578284
    outer loop
      vertex 27.2015 14.4 103.883
      vertex 27.0328 16.4 104.121
      vertex 27.2015 16.4 103.883
    endloop
  endfacet
  facet normal -0.815836 -0 -0.578284
    outer loop
      vertex 27.0328 16.4 104.121
      vertex 27.2015 14.4 103.883
      vertex 27.0328 14.4 104.121
    endloop
  endfacet
  facet normal -0.0548811 0 -0.998493
    outer loop
      vertex 25 14.4 105.1
      vertex 25.2911 16.4 105.084
      vertex 25.2911 14.4 105.084
    endloop
  endfacet
  facet normal -0.0548811 0 -0.998493
    outer loop
      vertex 25.2911 16.4 105.084
      vertex 25 14.4 105.1
      vertex 25 16.4 105.1
    endloop
  endfacet
  facet normal -0.380957 0 -0.924593
    outer loop
      vertex 25.8587 14.4 104.954
      vertex 26.1281 16.4 104.843
      vertex 26.1281 14.4 104.843
    endloop
  endfacet
  facet normal -0.380957 0 -0.924593
    outer loop
      vertex 26.1281 16.4 104.843
      vertex 25.8587 14.4 104.954
      vertex 25.8587 16.4 104.954
    endloop
  endfacet
  facet normal -0.577007 0 -0.816739
    outer loop
      vertex 26.3833 14.4 104.701
      vertex 26.6211 16.4 104.533
      vertex 26.6211 14.4 104.533
    endloop
  endfacet
  facet normal -0.577007 0 -0.816739
    outer loop
      vertex 26.6211 16.4 104.533
      vertex 26.3833 14.4 104.701
      vertex 26.3833 16.4 104.701
    endloop
  endfacet
  facet normal -0.486224 0 -0.873834
    outer loop
      vertex 26.1281 14.4 104.843
      vertex 26.3833 16.4 104.701
      vertex 26.3833 14.4 104.701
    endloop
  endfacet
  facet normal -0.486224 0 -0.873834
    outer loop
      vertex 26.3833 16.4 104.701
      vertex 26.1281 14.4 104.843
      vertex 26.1281 16.4 104.843
    endloop
  endfacet
  facet normal 0.815836 0 -0.578284
    outer loop
      vertex 22.9672 14.4 104.121
      vertex 22.7985 16.4 103.883
      vertex 22.9672 16.4 104.121
    endloop
  endfacet
  facet normal 0.815836 0 -0.578284
    outer loop
      vertex 22.7985 16.4 103.883
      vertex 22.9672 14.4 104.121
      vertex 22.7985 14.4 103.883
    endloop
  endfacet
  facet normal 0 1 0
    outer loop
      vertex 25.2911 14.4 105.084
      vertex 24.7089 14.4 105.084
      vertex 25 14.4 105.1
    endloop
  endfacet
  facet normal 0 1 0
    outer loop
      vertex 25.5786 14.4 105.035
      vertex 24.7089 14.4 105.084
      vertex 25.2911 14.4 105.084
    endloop
  endfacet
  facet normal 0 1 0
    outer loop
      vertex 25.5786 14.4 105.035
      vertex 24.4214 14.4 105.035
      vertex 24.7089 14.4 105.084
    endloop
  endfacet
  facet normal 0 1 0
    outer loop
      vertex 25.8587 14.4 104.954
      vertex 24.4214 14.4 105.035
      vertex 25.5786 14.4 105.035
    endloop
  endfacet
  facet normal 0 1 0
    outer loop
      vertex 25.8587 14.4 104.954
      vertex 24.1413 14.4 104.954
      vertex 24.4214 14.4 105.035
    endloop
  endfacet
  facet normal 0 1 0
    outer loop
      vertex 26.1281 14.4 104.843
      vertex 24.1413 14.4 104.954
      vertex 25.8587 14.4 104.954
    endloop
  endfacet
  facet normal 0 1 0
    outer loop
      vertex 26.1281 14.4 104.843
      vertex 23.8719 14.4 104.843
      vertex 24.1413 14.4 104.954
    endloop
  endfacet
  facet normal 0 1 0
    outer loop
      vertex 26.3833 14.4 104.701
      vertex 23.8719 14.4 104.843
      vertex 26.1281 14.4 104.843
    endloop
  endfacet
  facet normal 0 1 0
    outer loop
      vertex 26.3833 14.4 104.701
      vertex 23.6167 14.4 104.701
      vertex 23.8719 14.4 104.843
    endloop
  endfacet
  facet normal 0 1 0
    outer loop
      vertex 26.6211 14.4 104.533
      vertex 23.6167 14.4 104.701
      vertex 26.3833 14.4 104.701
    endloop
  endfacet
  facet normal 0 1 0
    outer loop
      vertex 26.6211 14.4 104.533
      vertex 23.3789 14.4 104.533
      vertex 23.6167 14.4 104.701
    endloop
  endfacet
  facet normal 0 1 0
    outer loop
      vertex 26.8385 14.4 104.338
      vertex 23.3789 14.4 104.533
      vertex 26.6211 14.4 104.533
    endloop
  endfacet
  facet normal 0 1 0
    outer loop
      vertex 26.8385 14.4 104.338
      vertex 23.1615 14.4 104.338
      vertex 23.3789 14.4 104.533
    endloop
  endfacet
  facet normal 0 1 0
    outer loop
      vertex 27.0328 14.4 104.121
      vertex 23.1615 14.4 104.338
      vertex 26.8385 14.4 104.338
    endloop
  endfacet
  facet normal 0 1 0
    outer loop
      vertex 27.0328 14.4 104.121
      vertex 22.9672 14.4 104.121
      vertex 23.1615 14.4 104.338
    endloop
  endfacet
  facet normal 0 1 0
    outer loop
      vertex 27.2015 14.4 103.883
      vertex 22.9672 14.4 104.121
      vertex 27.0328 14.4 104.121
    endloop
  endfacet
  facet normal 0 1 0
    outer loop
      vertex 27.2015 14.4 103.883
      vertex 22.7985 14.4 103.883
      vertex 22.9672 14.4 104.121
    endloop
  endfacet
  facet normal 0 1 0
    outer loop
      vertex 27.3425 14.4 103.628
      vertex 22.7985 14.4 103.883
      vertex 27.2015 14.4 103.883
    endloop
  endfacet
  facet normal 0 1 0
    outer loop
      vertex 27.3425 14.4 103.628
      vertex 22.6575 14.4 103.628
      vertex 22.7985 14.4 103.883
    endloop
  endfacet
  facet normal 0 1 0
    outer loop
      vertex 27.4541 14.4 103.359
      vertex 22.6575 14.4 103.628
      vertex 27.3425 14.4 103.628
    endloop
  endfacet
  facet normal 0 1 0
    outer loop
      vertex 27.4541 14.4 103.359
      vertex 22.5459 14.4 103.359
      vertex 22.6575 14.4 103.628
    endloop
  endfacet
  facet normal 0 1 0
    outer loop
      vertex 27.5348 14.4 103.079
      vertex 22.5459 14.4 103.359
      vertex 27.4541 14.4 103.359
    endloop
  endfacet
  facet normal 0 1 0
    outer loop
      vertex 27.5348 14.4 103.079
      vertex 22.4652 14.4 103.079
      vertex 22.5459 14.4 103.359
    endloop
  endfacet
  facet normal 0 1 0
    outer loop
      vertex 27.5837 14.4 102.791
      vertex 22.4652 14.4 103.079
      vertex 27.5348 14.4 103.079
    endloop
  endfacet
  facet normal 0 1 0
    outer loop
      vertex 27.5837 14.4 102.791
      vertex 22.4163 14.4 102.791
      vertex 22.4652 14.4 103.079
    endloop
  endfacet
  facet normal 0 1 0
    outer loop
      vertex 27.6 14.4 102.5
      vertex 22.4163 14.4 102.791
      vertex 27.5837 14.4 102.791
    endloop
  endfacet
  facet normal 0 1 0
    outer loop
      vertex 27.6 14.4 102.5
      vertex 22.4 14.4 102.5
      vertex 22.4163 14.4 102.791
    endloop
  endfacet
  facet normal 0 1 -0
    outer loop
      vertex 27.5837 14.4 102.209
      vertex 22.4 14.4 102.5
      vertex 27.6 14.4 102.5
    endloop
  endfacet
  facet normal 0 1 0
    outer loop
      vertex 27.5837 14.4 102.209
      vertex 22.4163 14.4 102.209
      vertex 22.4 14.4 102.5
    endloop
  endfacet
  facet normal 0 1 -0
    outer loop
      vertex 27.5348 14.4 101.921
      vertex 22.4163 14.4 102.209
      vertex 27.5837 14.4 102.209
    endloop
  endfacet
  facet normal 0 1 0
    outer loop
      vertex 27.5348 14.4 101.921
      vertex 22.4652 14.4 101.921
      vertex 22.4163 14.4 102.209
    endloop
  endfacet
  facet normal 0 1 -0
    outer loop
      vertex 27.4541 14.4 101.641
      vertex 22.4652 14.4 101.921
      vertex 27.5348 14.4 101.921
    endloop
  endfacet
  facet normal 0 1 0
    outer loop
      vertex 27.4541 14.4 101.641
      vertex 22.5459 14.4 101.641
      vertex 22.4652 14.4 101.921
    endloop
  endfacet
  facet normal 0 1 -0
    outer loop
      vertex 27.3425 14.4 101.372
      vertex 22.5459 14.4 101.641
      vertex 27.4541 14.4 101.641
    endloop
  endfacet
  facet normal 0 1 0
    outer loop
      vertex 27.3425 14.4 101.372
      vertex 22.6575 14.4 101.372
      vertex 22.5459 14.4 101.641
    endloop
  endfacet
  facet normal 0 1 -0
    outer loop
      vertex 27.2015 14.4 101.117
      vertex 22.6575 14.4 101.372
      vertex 27.3425 14.4 101.372
    endloop
  endfacet
  facet normal 0 1 0
    outer loop
      vertex 27.2015 14.4 101.117
      vertex 22.7985 14.4 101.117
      vertex 22.6575 14.4 101.372
    endloop
  endfacet
  facet normal 0 1 -0
    outer loop
      vertex 27.0328 14.4 100.879
      vertex 22.7985 14.4 101.117
      vertex 27.2015 14.4 101.117
    endloop
  endfacet
  facet normal 0 1 0
    outer loop
      vertex 27.0328 14.4 100.879
      vertex 22.9672 14.4 100.879
      vertex 22.7985 14.4 101.117
    endloop
  endfacet
  facet normal 0 1 -0
    outer loop
      vertex 26.8385 14.4 100.662
      vertex 22.9672 14.4 100.879
      vertex 27.0328 14.4 100.879
    endloop
  endfacet
  facet normal 0 1 0
    outer loop
      vertex 26.8385 14.4 100.662
      vertex 23.1615 14.4 100.662
      vertex 22.9672 14.4 100.879
    endloop
  endfacet
  facet normal 0 1 -0
    outer loop
      vertex 26.6211 14.4 100.467
      vertex 23.1615 14.4 100.662
      vertex 26.8385 14.4 100.662
    endloop
  endfacet
  facet normal 0 1 0
    outer loop
      vertex 26.6211 14.4 100.467
      vertex 23.3789 14.4 100.467
      vertex 23.1615 14.4 100.662
    endloop
  endfacet
  facet normal 0 1 -0
    outer loop
      vertex 26.3833 14.4 100.299
      vertex 23.3789 14.4 100.467
      vertex 26.6211 14.4 100.467
    endloop
  endfacet
  facet normal 0 1 0
    outer loop
      vertex 26.3833 14.4 100.299
      vertex 23.6167 14.4 100.299
      vertex 23.3789 14.4 100.467
    endloop
  endfacet
  facet normal 0 1 -0
    outer loop
      vertex 26.1281 14.4 100.157
      vertex 23.6167 14.4 100.299
      vertex 26.3833 14.4 100.299
    endloop
  endfacet
  facet normal 0 1 0
    outer loop
      vertex 26.1281 14.4 100.157
      vertex 23.8719 14.4 100.157
      vertex 23.6167 14.4 100.299
    endloop
  endfacet
  facet normal 0 1 -0
    outer loop
      vertex 25.8587 14.4 100.046
      vertex 23.8719 14.4 100.157
      vertex 26.1281 14.4 100.157
    endloop
  endfacet
  facet normal 0 1 0
    outer loop
      vertex 25.8587 14.4 100.046
      vertex 24.1413 14.4 100.046
      vertex 23.8719 14.4 100.157
    endloop
  endfacet
  facet normal 0 1 -0
    outer loop
      vertex 25.5786 14.4 99.9652
      vertex 24.1413 14.4 100.046
      vertex 25.8587 14.4 100.046
    endloop
  endfacet
  facet normal 0 1 0
    outer loop
      vertex 25.5786 14.4 99.9652
      vertex 24.4214 14.4 99.9652
      vertex 24.1413 14.4 100.046
    endloop
  endfacet
  facet normal 0 1 -0
    outer loop
      vertex 25.2911 14.4 99.9164
      vertex 24.4214 14.4 99.9652
      vertex 25.5786 14.4 99.9652
    endloop
  endfacet
  facet normal 0 1 0
    outer loop
      vertex 25.2911 14.4 99.9164
      vertex 24.7089 14.4 99.9164
      vertex 24.4214 14.4 99.9652
    endloop
  endfacet
  facet normal -0 1 0
    outer loop
      vertex 24.7089 14.4 99.9164
      vertex 25.2911 14.4 99.9164
      vertex 25 14.4 99.9
    endloop
  endfacet
  facet normal 0.998435 0 -0.0559261
    outer loop
      vertex 22.4163 14.4 102.791
      vertex 22.4 16.4 102.5
      vertex 22.4163 16.4 102.791
    endloop
  endfacet
  facet normal 0.998435 0 -0.0559261
    outer loop
      vertex 22.4 16.4 102.5
      vertex 22.4163 14.4 102.791
      vertex 22.4 14.4 102.5
    endloop
  endfacet
  facet normal 0.667715 0 -0.744417
    outer loop
      vertex 23.1615 14.4 104.338
      vertex 23.3789 16.4 104.533
      vertex 23.3789 14.4 104.533
    endloop
  endfacet
  facet normal 0.667715 0 -0.744417
    outer loop
      vertex 23.3789 16.4 104.533
      vertex 23.1615 14.4 104.338
      vertex 23.1615 16.4 104.338
    endloop
  endfacet
  facet normal 0.486224 0 -0.873834
    outer loop
      vertex 23.6167 14.4 104.701
      vertex 23.8719 16.4 104.843
      vertex 23.8719 14.4 104.843
    endloop
  endfacet
  facet normal 0.486224 0 -0.873834
    outer loop
      vertex 23.8719 16.4 104.843
      vertex 23.6167 14.4 104.701
      vertex 23.6167 16.4 104.701
    endloop
  endfacet
  facet normal 0.2778 0 -0.960639
    outer loop
      vertex 24.1413 14.4 104.954
      vertex 24.4214 16.4 105.035
      vertex 24.4214 14.4 105.035
    endloop
  endfacet
  facet normal 0.2778 0 -0.960639
    outer loop
      vertex 24.4214 16.4 105.035
      vertex 24.1413 14.4 104.954
      vertex 24.1413 16.4 104.954
    endloop
  endfacet
  facet normal -0.923665 0 0.383201
    outer loop
      vertex 27.3425 14.4 101.372
      vertex 27.4541 16.4 101.641
      vertex 27.3425 16.4 101.372
    endloop
  endfacet
  facet normal -0.923665 0 0.383201
    outer loop
      vertex 27.4541 16.4 101.641
      vertex 27.3425 14.4 101.372
      vertex 27.4541 14.4 101.641
    endloop
  endfacet
  facet normal -0.380957 0 0.924593
    outer loop
      vertex 25.8587 16.4 100.046
      vertex 26.1281 14.4 100.157
      vertex 26.1281 16.4 100.157
    endloop
  endfacet
  facet normal -0.380957 0 0.924593
    outer loop
      vertex 26.1281 14.4 100.157
      vertex 25.8587 16.4 100.046
      vertex 25.8587 14.4 100.046
    endloop
  endfacet
  facet normal -0.486224 0 0.873834
    outer loop
      vertex 26.1281 16.4 100.157
      vertex 26.3833 14.4 100.299
      vertex 26.3833 16.4 100.299
    endloop
  endfacet
  facet normal -0.486224 0 0.873834
    outer loop
      vertex 26.3833 14.4 100.299
      vertex 26.1281 16.4 100.157
      vertex 26.1281 14.4 100.157
    endloop
  endfacet
  facet normal -0.577007 0 0.816739
    outer loop
      vertex 26.3833 16.4 100.299
      vertex 26.6211 14.4 100.467
      vertex 26.6211 16.4 100.467
    endloop
  endfacet
  facet normal -0.577007 0 0.816739
    outer loop
      vertex 26.6211 14.4 100.467
      vertex 26.3833 16.4 100.299
      vertex 26.3833 14.4 100.299
    endloop
  endfacet
  facet normal 0.380957 0 0.924593
    outer loop
      vertex 23.8719 16.4 100.157
      vertex 24.1413 14.4 100.046
      vertex 24.1413 16.4 100.046
    endloop
  endfacet
  facet normal 0.380957 0 0.924593
    outer loop
      vertex 24.1413 14.4 100.046
      vertex 23.8719 16.4 100.157
      vertex 23.8719 14.4 100.157
    endloop
  endfacet
  facet normal 0.277167 0 0.960822
    outer loop
      vertex 24.1413 16.4 100.046
      vertex 24.4214 14.4 99.9652
      vertex 24.4214 16.4 99.9652
    endloop
  endfacet
  facet normal 0.277167 0 0.960822
    outer loop
      vertex 24.4214 14.4 99.9652
      vertex 24.1413 16.4 100.046
      vertex 24.1413 14.4 100.046
    endloop
  endfacet
  facet normal 0.815836 -0 0.578284
    outer loop
      vertex 22.7985 14.4 101.117
      vertex 22.9672 16.4 100.879
      vertex 22.7985 16.4 101.117
    endloop
  endfacet
  facet normal 0.815836 0 0.578284
    outer loop
      vertex 22.9672 16.4 100.879
      vertex 22.7985 14.4 101.117
      vertex 22.9672 14.4 100.879
    endloop
  endfacet
  facet normal 0.960887 -0 0.276941
    outer loop
      vertex 22.4652 14.4 101.921
      vertex 22.5459 16.4 101.641
      vertex 22.4652 16.4 101.921
    endloop
  endfacet
  facet normal 0.960887 0 0.276941
    outer loop
      vertex 22.5459 16.4 101.641
      vertex 22.4652 14.4 101.921
      vertex 22.5459 14.4 101.641
    endloop
  endfacet
  facet normal 0.923665 -0 0.383201
    outer loop
      vertex 22.5459 14.4 101.641
      vertex 22.6575 16.4 101.372
      vertex 22.5459 16.4 101.641
    endloop
  endfacet
  facet normal 0.923665 0 0.383201
    outer loop
      vertex 22.6575 16.4 101.372
      vertex 22.5459 14.4 101.641
      vertex 22.6575 14.4 101.372
    endloop
  endfacet
  facet normal -0.815836 0 0.578284
    outer loop
      vertex 27.0328 14.4 100.879
      vertex 27.2015 16.4 101.117
      vertex 27.0328 16.4 100.879
    endloop
  endfacet
  facet normal -0.815836 0 0.578284
    outer loop
      vertex 27.2015 16.4 101.117
      vertex 27.0328 14.4 100.879
      vertex 27.2015 14.4 101.117
    endloop
  endfacet
  facet normal -0.875127 0 0.483894
    outer loop
      vertex 27.2015 14.4 101.117
      vertex 27.3425 16.4 101.372
      vertex 27.2015 16.4 101.117
    endloop
  endfacet
  facet normal -0.875127 0 0.483894
    outer loop
      vertex 27.3425 16.4 101.372
      vertex 27.2015 14.4 101.117
      vertex 27.3425 14.4 101.372
    endloop
  endfacet
  facet normal -0.960887 0 0.276941
    outer loop
      vertex 27.4541 14.4 101.641
      vertex 27.5348 16.4 101.921
      vertex 27.4541 16.4 101.641
    endloop
  endfacet
  facet normal -0.960887 0 0.276941
    outer loop
      vertex 27.5348 16.4 101.921
      vertex 27.4541 14.4 101.641
      vertex 27.5348 14.4 101.921
    endloop
  endfacet
  facet normal -0.98589 0 0.167396
    outer loop
      vertex 27.5348 14.4 101.921
      vertex 27.5837 16.4 102.209
      vertex 27.5348 16.4 101.921
    endloop
  endfacet
  facet normal -0.98589 0 0.167396
    outer loop
      vertex 27.5837 16.4 102.209
      vertex 27.5348 14.4 101.921
      vertex 27.5837 14.4 102.209
    endloop
  endfacet
  facet normal -0.578803 0 0.815467
    outer loop
      vertex -21.0955 -12.1 97.5606
      vertex -20.9401 -16.8 97.6709
      vertex -20.9401 -12.1 97.6709
    endloop
  endfacet
  facet normal -0.578803 0 0.815467
    outer loop
      vertex -20.9401 -16.8 97.6709
      vertex -21.0955 -12.1 97.5606
      vertex -21.0955 -16.8 97.5606
    endloop
  endfacet
  facet normal -0.985908 0 -0.16729
    outer loop
      vertex -20.3107 -16.8 99.1903
      vertex -20.3426 -12.1 99.3783
      vertex -20.3107 -12.1 99.1903
    endloop
  endfacet
  facet normal -0.985908 -0 -0.16729
    outer loop
      vertex -20.3426 -12.1 99.3783
      vertex -20.3107 -16.8 99.1903
      vertex -20.3426 -16.8 99.3783
    endloop
  endfacet
  facet normal 0.382939 0 0.923774
    outer loop
      vertex -22.7376 -12.1 97.4684
      vertex -22.5615 -16.8 97.3954
      vertex -22.5615 -12.1 97.3954
    endloop
  endfacet
  facet normal 0.382939 0 0.923774
    outer loop
      vertex -22.5615 -16.8 97.3954
      vertex -22.7376 -12.1 97.4684
      vertex -22.7376 -16.8 97.4684
    endloop
  endfacet
  facet normal 0.875317 -0 0.483549
    outer loop
      vertex -23.5316 -16.8 98.2624
      vertex -23.4394 -12.1 98.0955
      vertex -23.5316 -12.1 98.2624
    endloop
  endfacet
  facet normal 0.875317 0 0.483549
    outer loop
      vertex -23.4394 -12.1 98.0955
      vertex -23.5316 -16.8 98.2624
      vertex -23.4394 -16.8 98.0955
    endloop
  endfacet
  facet normal 0.486754 0 -0.873539
    outer loop
      vertex -22.9045 -16.8 100.439
      vertex -22.7376 -12.1 100.532
      vertex -22.7376 -16.8 100.532
    endloop
  endfacet
  facet normal 0.486754 0 -0.873539
    outer loop
      vertex -22.7376 -12.1 100.532
      vertex -22.9045 -16.8 100.439
      vertex -22.9045 -12.1 100.439
    endloop
  endfacet
  facet normal -0.923774 0 0.382939
    outer loop
      vertex -20.4684 -16.8 98.2624
      vertex -20.3954 -12.1 98.4385
      vertex -20.4684 -12.1 98.2624
    endloop
  endfacet
  facet normal -0.923774 0 0.382939
    outer loop
      vertex -20.3954 -12.1 98.4385
      vertex -20.4684 -16.8 98.2624
      vertex -20.3954 -16.8 98.4385
    endloop
  endfacet
  facet normal -0.985908 0 0.16729
    outer loop
      vertex -20.3426 -16.8 98.6217
      vertex -20.3107 -12.1 98.8097
      vertex -20.3426 -12.1 98.6217
    endloop
  endfacet
  facet normal -0.985908 0 0.16729
    outer loop
      vertex -20.3107 -12.1 98.8097
      vertex -20.3426 -16.8 98.6217
      vertex -20.3107 -16.8 98.8097
    endloop
  endfacet
  facet normal -0.875317 0 0.483549
    outer loop
      vertex -20.5606 -16.8 98.0955
      vertex -20.4684 -12.1 98.2624
      vertex -20.5606 -12.1 98.0955
    endloop
  endfacet
  facet normal -0.875317 0 0.483549
    outer loop
      vertex -20.4684 -12.1 98.2624
      vertex -20.5606 -16.8 98.0955
      vertex -20.4684 -16.8 98.2624
    endloop
  endfacet
  facet normal -0.382939 0 0.923774
    outer loop
      vertex -21.4385 -12.1 97.3954
      vertex -21.2624 -16.8 97.4684
      vertex -21.2624 -12.1 97.4684
    endloop
  endfacet
  facet normal -0.382939 0 0.923774
    outer loop
      vertex -21.2624 -16.8 97.4684
      vertex -21.4385 -12.1 97.3954
      vertex -21.4385 -16.8 97.3954
    endloop
  endfacet
  facet normal -0.16729 0 0.985908
    outer loop
      vertex -21.8097 -12.1 97.3107
      vertex -21.6217 -16.8 97.3426
      vertex -21.6217 -12.1 97.3426
    endloop
  endfacet
  facet normal -0.16729 0 0.985908
    outer loop
      vertex -21.6217 -16.8 97.3426
      vertex -21.8097 -12.1 97.3107
      vertex -21.8097 -16.8 97.3107
    endloop
  endfacet
  facet normal 0.985908 -0 0.16729
    outer loop
      vertex -23.6893 -16.8 98.8097
      vertex -23.6574 -12.1 98.6217
      vertex -23.6893 -12.1 98.8097
    endloop
  endfacet
  facet normal 0.985908 0 0.16729
    outer loop
      vertex -23.6574 -12.1 98.6217
      vertex -23.6893 -16.8 98.8097
      vertex -23.6574 -16.8 98.6217
    endloop
  endfacet
  facet normal 0.745845 -0 0.66612
    outer loop
      vertex -23.3291 -16.8 97.9401
      vertex -23.2021 -12.1 97.7979
      vertex -23.3291 -12.1 97.9401
    endloop
  endfacet
  facet normal 0.745845 0 0.66612
    outer loop
      vertex -23.2021 -12.1 97.7979
      vertex -23.3291 -16.8 97.9401
      vertex -23.2021 -16.8 97.7979
    endloop
  endfacet
  facet normal 0.16729 0 0.985908
    outer loop
      vertex -22.3783 -12.1 97.3426
      vertex -22.1903 -16.8 97.3107
      vertex -22.1903 -12.1 97.3107
    endloop
  endfacet
  facet normal 0.16729 0 0.985908
    outer loop
      vertex -22.1903 -16.8 97.3107
      vertex -22.3783 -12.1 97.3426
      vertex -22.3783 -16.8 97.3426
    endloop
  endfacet
  facet normal 0.66612 0 0.745845
    outer loop
      vertex -23.2021 -12.1 97.7979
      vertex -23.0599 -16.8 97.6709
      vertex -23.0599 -12.1 97.6709
    endloop
  endfacet
  facet normal 0.66612 0 0.745845
    outer loop
      vertex -23.0599 -16.8 97.6709
      vertex -23.2021 -12.1 97.7979
      vertex -23.2021 -16.8 97.7979
    endloop
  endfacet
  facet normal -0.998423 0 0.0561383
    outer loop
      vertex -20.3107 -16.8 98.8097
      vertex -20.3 -12.1 99
      vertex -20.3107 -12.1 98.8097
    endloop
  endfacet
  facet normal -0.998423 0 0.0561383
    outer loop
      vertex -20.3 -12.1 99
      vertex -20.3107 -16.8 98.8097
      vertex -20.3 -16.8 99
    endloop
  endfacet
  facet normal -0.960888 0 -0.276937
    outer loop
      vertex -20.3426 -16.8 99.3783
      vertex -20.3954 -12.1 99.5615
      vertex -20.3426 -12.1 99.3783
    endloop
  endfacet
  facet normal -0.960888 -0 -0.276937
    outer loop
      vertex -20.3954 -12.1 99.5615
      vertex -20.3426 -16.8 99.3783
      vertex -20.3954 -16.8 99.5615
    endloop
  endfacet
  facet normal 0.167799 0 -0.985821
    outer loop
      vertex -22.3783 -16.8 100.657
      vertex -22.1903 -12.1 100.689
      vertex -22.1903 -16.8 100.689
    endloop
  endfacet
  facet normal 0.167799 0 -0.985821
    outer loop
      vertex -22.1903 -12.1 100.689
      vertex -22.3783 -16.8 100.657
      vertex -22.3783 -12.1 100.657
    endloop
  endfacet
  facet normal 0.66612 0 -0.745845
    outer loop
      vertex -23.2021 -16.8 100.202
      vertex -23.0599 -12.1 100.329
      vertex -23.0599 -16.8 100.329
    endloop
  endfacet
  facet normal 0.66612 0 -0.745845
    outer loop
      vertex -23.0599 -12.1 100.329
      vertex -23.2021 -16.8 100.202
      vertex -23.2021 -12.1 100.202
    endloop
  endfacet
  facet normal 0.745379 0 -0.666641
    outer loop
      vertex -23.2021 -16.8 100.202
      vertex -23.3291 -12.1 100.06
      vertex -23.2021 -12.1 100.202
    endloop
  endfacet
  facet normal 0.745379 0 -0.666641
    outer loop
      vertex -23.3291 -12.1 100.06
      vertex -23.2021 -16.8 100.202
      vertex -23.3291 -16.8 100.06
    endloop
  endfacet
  facet normal -0.960888 0 0.276937
    outer loop
      vertex -20.3954 -16.8 98.4385
      vertex -20.3426 -12.1 98.6217
      vertex -20.3954 -12.1 98.4385
    endloop
  endfacet
  facet normal -0.960888 0 0.276937
    outer loop
      vertex -20.3426 -12.1 98.6217
      vertex -20.3954 -16.8 98.4385
      vertex -20.3426 -16.8 98.6217
    endloop
  endfacet
  facet normal -0.745845 0 0.66612
    outer loop
      vertex -20.7979 -16.8 97.7979
      vertex -20.6709 -12.1 97.9401
      vertex -20.7979 -12.1 97.7979
    endloop
  endfacet
  facet normal -0.745845 0 0.66612
    outer loop
      vertex -20.6709 -12.1 97.9401
      vertex -20.7979 -16.8 97.7979
      vertex -20.6709 -16.8 97.9401
    endloop
  endfacet
  facet normal -0.815467 0 0.578803
    outer loop
      vertex -20.6709 -16.8 97.9401
      vertex -20.5606 -12.1 98.0955
      vertex -20.6709 -12.1 97.9401
    endloop
  endfacet
  facet normal -0.815467 0 0.578803
    outer loop
      vertex -20.5606 -12.1 98.0955
      vertex -20.6709 -16.8 97.9401
      vertex -20.5606 -16.8 98.0955
    endloop
  endfacet
  facet normal -0.66612 0 0.745845
    outer loop
      vertex -20.9401 -12.1 97.6709
      vertex -20.7979 -16.8 97.7979
      vertex -20.7979 -12.1 97.7979
    endloop
  endfacet
  facet normal -0.66612 0 0.745845
    outer loop
      vertex -20.7979 -16.8 97.7979
      vertex -20.9401 -12.1 97.6709
      vertex -20.9401 -16.8 97.6709
    endloop
  endfacet
  facet normal -0.483549 0 0.875317
    outer loop
      vertex -21.2624 -12.1 97.4684
      vertex -21.0955 -16.8 97.5606
      vertex -21.0955 -12.1 97.5606
    endloop
  endfacet
  facet normal -0.483549 0 0.875317
    outer loop
      vertex -21.0955 -16.8 97.5606
      vertex -21.2624 -12.1 97.4684
      vertex -21.2624 -16.8 97.4684
    endloop
  endfacet
  facet normal -0.0561383 0 0.998423
    outer loop
      vertex -22 -12.1 97.3
      vertex -21.8097 -16.8 97.3107
      vertex -21.8097 -12.1 97.3107
    endloop
  endfacet
  facet normal -0.0561383 0 0.998423
    outer loop
      vertex -21.8097 -16.8 97.3107
      vertex -22 -12.1 97.3
      vertex -22 -16.8 97.3
    endloop
  endfacet
  facet normal -0.276937 0 0.960888
    outer loop
      vertex -21.6217 -12.1 97.3426
      vertex -21.4385 -16.8 97.3954
      vertex -21.4385 -12.1 97.3954
    endloop
  endfacet
  facet normal -0.276937 0 0.960888
    outer loop
      vertex -21.4385 -16.8 97.3954
      vertex -21.6217 -12.1 97.3426
      vertex -21.6217 -16.8 97.3426
    endloop
  endfacet
  facet normal 0.998423 -0 0.0561383
    outer loop
      vertex -23.7 -16.8 99
      vertex -23.6893 -12.1 98.8097
      vertex -23.7 -12.1 99
    endloop
  endfacet
  facet normal 0.998423 0 0.0561383
    outer loop
      vertex -23.6893 -12.1 98.8097
      vertex -23.7 -16.8 99
      vertex -23.6893 -16.8 98.8097
    endloop
  endfacet
  facet normal 0.923774 -0 0.382939
    outer loop
      vertex -23.6046 -16.8 98.4385
      vertex -23.5316 -12.1 98.2624
      vertex -23.6046 -12.1 98.4385
    endloop
  endfacet
  facet normal 0.923774 0 0.382939
    outer loop
      vertex -23.5316 -12.1 98.2624
      vertex -23.6046 -16.8 98.4385
      vertex -23.5316 -16.8 98.2624
    endloop
  endfacet
  facet normal 0.960888 -0 0.276937
    outer loop
      vertex -23.6574 -16.8 98.6217
      vertex -23.6046 -12.1 98.4385
      vertex -23.6574 -12.1 98.6217
    endloop
  endfacet
  facet normal 0.960888 0 0.276937
    outer loop
      vertex -23.6046 -12.1 98.4385
      vertex -23.6574 -16.8 98.6217
      vertex -23.6046 -16.8 98.4385
    endloop
  endfacet
  facet normal 0.815467 -0 0.578803
    outer loop
      vertex -23.4394 -16.8 98.0955
      vertex -23.3291 -12.1 97.9401
      vertex -23.4394 -12.1 98.0955
    endloop
  endfacet
  facet normal 0.815467 0 0.578803
    outer loop
      vertex -23.3291 -12.1 97.9401
      vertex -23.4394 -16.8 98.0955
      vertex -23.3291 -16.8 97.9401
    endloop
  endfacet
  facet normal 0.276937 0 0.960888
    outer loop
      vertex -22.5615 -12.1 97.3954
      vertex -22.3783 -16.8 97.3426
      vertex -22.3783 -12.1 97.3426
    endloop
  endfacet
  facet normal 0.276937 0 0.960888
    outer loop
      vertex -22.3783 -16.8 97.3426
      vertex -22.5615 -12.1 97.3954
      vertex -22.5615 -16.8 97.3954
    endloop
  endfacet
  facet normal 0.0561383 0 0.998423
    outer loop
      vertex -22.1903 -12.1 97.3107
      vertex -22 -16.8 97.3
      vertex -22 -12.1 97.3
    endloop
  endfacet
  facet normal 0.0561383 0 0.998423
    outer loop
      vertex -22 -16.8 97.3
      vertex -22.1903 -12.1 97.3107
      vertex -22.1903 -16.8 97.3107
    endloop
  endfacet
  facet normal 0.578803 0 0.815467
    outer loop
      vertex -23.0599 -12.1 97.6709
      vertex -22.9045 -16.8 97.5606
      vertex -22.9045 -12.1 97.5606
    endloop
  endfacet
  facet normal 0.578803 0 0.815467
    outer loop
      vertex -22.9045 -16.8 97.5606
      vertex -23.0599 -12.1 97.6709
      vertex -23.0599 -16.8 97.6709
    endloop
  endfacet
  facet normal 0.483549 0 0.875317
    outer loop
      vertex -22.9045 -12.1 97.5606
      vertex -22.7376 -16.8 97.4684
      vertex -22.7376 -12.1 97.4684
    endloop
  endfacet
  facet normal 0.483549 0 0.875317
    outer loop
      vertex -22.7376 -16.8 97.4684
      vertex -22.9045 -12.1 97.5606
      vertex -22.9045 -16.8 97.5606
    endloop
  endfacet
  facet normal -0.998423 0 -0.0561383
    outer loop
      vertex -20.3 -16.8 99
      vertex -20.3107 -12.1 99.1903
      vertex -20.3 -12.1 99
    endloop
  endfacet
  facet normal -0.998423 -0 -0.0561383
    outer loop
      vertex -20.3107 -12.1 99.1903
      vertex -20.3 -16.8 99
      vertex -20.3107 -16.8 99.1903
    endloop
  endfacet
  facet normal -0.0577071 0 -0.998334
    outer loop
      vertex -22 -16.8 100.7
      vertex -21.8097 -12.1 100.689
      vertex -21.8097 -16.8 100.689
    endloop
  endfacet
  facet normal -0.0577071 0 -0.998334
    outer loop
      vertex -21.8097 -12.1 100.689
      vertex -22 -16.8 100.7
      vertex -22 -12.1 100.7
    endloop
  endfacet
  facet normal -0.815643 0 -0.578556
    outer loop
      vertex -20.5606 -16.8 99.9045
      vertex -20.6709 -12.1 100.06
      vertex -20.5606 -12.1 99.9045
    endloop
  endfacet
  facet normal -0.815643 -0 -0.578556
    outer loop
      vertex -20.6709 -12.1 100.06
      vertex -20.5606 -16.8 99.9045
      vertex -20.6709 -16.8 100.06
    endloop
  endfacet
  facet normal -0.273056 0 -0.961998
    outer loop
      vertex -21.6217 -16.8 100.657
      vertex -21.4385 -12.1 100.605
      vertex -21.4385 -16.8 100.605
    endloop
  endfacet
  facet normal -0.273056 0 -0.961998
    outer loop
      vertex -21.4385 -12.1 100.605
      vertex -21.6217 -16.8 100.657
      vertex -21.6217 -12.1 100.657
    endloop
  endfacet
  facet normal -0.66612 0 -0.745845
    outer loop
      vertex -20.9401 -16.8 100.329
      vertex -20.7979 -12.1 100.202
      vertex -20.7979 -16.8 100.202
    endloop
  endfacet
  facet normal -0.66612 0 -0.745845
    outer loop
      vertex -20.7979 -12.1 100.202
      vertex -20.9401 -16.8 100.329
      vertex -20.9401 -12.1 100.329
    endloop
  endfacet
  facet normal -0.486754 0 -0.873539
    outer loop
      vertex -21.2624 -16.8 100.532
      vertex -21.0955 -12.1 100.439
      vertex -21.0955 -16.8 100.439
    endloop
  endfacet
  facet normal -0.486754 0 -0.873539
    outer loop
      vertex -21.0955 -12.1 100.439
      vertex -21.2624 -16.8 100.532
      vertex -21.2624 -12.1 100.532
    endloop
  endfacet
  facet normal 0.0577071 0 -0.998334
    outer loop
      vertex -22.1903 -16.8 100.689
      vertex -22 -12.1 100.7
      vertex -22 -16.8 100.7
    endloop
  endfacet
  facet normal 0.0577071 0 -0.998334
    outer loop
      vertex -22 -12.1 100.7
      vertex -22.1903 -16.8 100.689
      vertex -22.1903 -12.1 100.689
    endloop
  endfacet
  facet normal 0.382939 0 -0.923774
    outer loop
      vertex -22.7376 -16.8 100.532
      vertex -22.5615 -12.1 100.605
      vertex -22.5615 -16.8 100.605
    endloop
  endfacet
  facet normal 0.382939 0 -0.923774
    outer loop
      vertex -22.5615 -12.1 100.605
      vertex -22.7376 -16.8 100.532
      vertex -22.7376 -12.1 100.532
    endloop
  endfacet
  facet normal 0.577755 0 -0.81621
    outer loop
      vertex -23.0599 -16.8 100.329
      vertex -22.9045 -12.1 100.439
      vertex -22.9045 -16.8 100.439
    endloop
  endfacet
  facet normal 0.577755 0 -0.81621
    outer loop
      vertex -22.9045 -12.1 100.439
      vertex -23.0599 -16.8 100.329
      vertex -23.0599 -12.1 100.329
    endloop
  endfacet
  facet normal 0.960888 0 -0.276937
    outer loop
      vertex -23.6046 -16.8 99.5615
      vertex -23.6574 -12.1 99.3783
      vertex -23.6046 -12.1 99.5615
    endloop
  endfacet
  facet normal 0.960888 0 -0.276937
    outer loop
      vertex -23.6574 -12.1 99.3783
      vertex -23.6046 -16.8 99.5615
      vertex -23.6574 -16.8 99.3783
    endloop
  endfacet
  facet normal 0.998423 0 -0.0561383
    outer loop
      vertex -23.6893 -16.8 99.1903
      vertex -23.7 -12.1 99
      vertex -23.6893 -12.1 99.1903
    endloop
  endfacet
  facet normal 0.998423 0 -0.0561383
    outer loop
      vertex -23.7 -12.1 99
      vertex -23.6893 -16.8 99.1903
      vertex -23.7 -16.8 99
    endloop
  endfacet
  facet normal 0.875317 0 -0.483549
    outer loop
      vertex -23.4394 -16.8 99.9045
      vertex -23.5316 -12.1 99.7376
      vertex -23.4394 -12.1 99.9045
    endloop
  endfacet
  facet normal 0.875317 0 -0.483549
    outer loop
      vertex -23.5316 -12.1 99.7376
      vertex -23.4394 -16.8 99.9045
      vertex -23.5316 -16.8 99.7376
    endloop
  endfacet
  facet normal -0.923774 0 -0.382939
    outer loop
      vertex -20.3954 -16.8 99.5615
      vertex -20.4684 -12.1 99.7376
      vertex -20.3954 -12.1 99.5615
    endloop
  endfacet
  facet normal -0.923774 -0 -0.382939
    outer loop
      vertex -20.4684 -12.1 99.7376
      vertex -20.3954 -16.8 99.5615
      vertex -20.4684 -16.8 99.7376
    endloop
  endfacet
  facet normal -0.167799 0 -0.985821
    outer loop
      vertex -21.8097 -16.8 100.689
      vertex -21.6217 -12.1 100.657
      vertex -21.6217 -16.8 100.657
    endloop
  endfacet
  facet normal -0.167799 0 -0.985821
    outer loop
      vertex -21.6217 -12.1 100.657
      vertex -21.8097 -16.8 100.689
      vertex -21.8097 -12.1 100.689
    endloop
  endfacet
  facet normal -0.382939 0 -0.923774
    outer loop
      vertex -21.4385 -16.8 100.605
      vertex -21.2624 -12.1 100.532
      vertex -21.2624 -16.8 100.532
    endloop
  endfacet
  facet normal -0.382939 0 -0.923774
    outer loop
      vertex -21.2624 -12.1 100.532
      vertex -21.4385 -16.8 100.605
      vertex -21.4385 -12.1 100.605
    endloop
  endfacet
  facet normal -0.745379 0 -0.666641
    outer loop
      vertex -20.6709 -16.8 100.06
      vertex -20.7979 -12.1 100.202
      vertex -20.6709 -12.1 100.06
    endloop
  endfacet
  facet normal -0.745379 -0 -0.666641
    outer loop
      vertex -20.7979 -12.1 100.202
      vertex -20.6709 -16.8 100.06
      vertex -20.7979 -16.8 100.202
    endloop
  endfacet
  facet normal -0.577755 0 -0.81621
    outer loop
      vertex -21.0955 -16.8 100.439
      vertex -20.9401 -12.1 100.329
      vertex -20.9401 -16.8 100.329
    endloop
  endfacet
  facet normal -0.577755 0 -0.81621
    outer loop
      vertex -20.9401 -12.1 100.329
      vertex -21.0955 -16.8 100.439
      vertex -21.0955 -12.1 100.439
    endloop
  endfacet
  facet normal 0.273056 0 -0.961998
    outer loop
      vertex -22.5615 -16.8 100.605
      vertex -22.3783 -12.1 100.657
      vertex -22.3783 -16.8 100.657
    endloop
  endfacet
  facet normal 0.273056 0 -0.961998
    outer loop
      vertex -22.3783 -12.1 100.657
      vertex -22.5615 -16.8 100.605
      vertex -22.5615 -12.1 100.605
    endloop
  endfacet
  facet normal 0.923774 0 -0.382939
    outer loop
      vertex -23.5316 -16.8 99.7376
      vertex -23.6046 -12.1 99.5615
      vertex -23.5316 -12.1 99.7376
    endloop
  endfacet
  facet normal 0.923774 0 -0.382939
    outer loop
      vertex -23.6046 -12.1 99.5615
      vertex -23.5316 -16.8 99.7376
      vertex -23.6046 -16.8 99.5615
    endloop
  endfacet
  facet normal 0.985908 0 -0.16729
    outer loop
      vertex -23.6574 -16.8 99.3783
      vertex -23.6893 -12.1 99.1903
      vertex -23.6574 -12.1 99.3783
    endloop
  endfacet
  facet normal 0.985908 0 -0.16729
    outer loop
      vertex -23.6893 -12.1 99.1903
      vertex -23.6574 -16.8 99.3783
      vertex -23.6893 -16.8 99.1903
    endloop
  endfacet
  facet normal 0.815643 0 -0.578556
    outer loop
      vertex -23.3291 -16.8 100.06
      vertex -23.4394 -12.1 99.9045
      vertex -23.3291 -12.1 100.06
    endloop
  endfacet
  facet normal 0.815643 0 -0.578556
    outer loop
      vertex -23.4394 -12.1 99.9045
      vertex -23.3291 -16.8 100.06
      vertex -23.4394 -16.8 99.9045
    endloop
  endfacet
  facet normal -0.875317 0 -0.483549
    outer loop
      vertex -20.4684 -16.8 99.7376
      vertex -20.5606 -12.1 99.9045
      vertex -20.4684 -12.1 99.7376
    endloop
  endfacet
  facet normal -0.875317 -0 -0.483549
    outer loop
      vertex -20.5606 -12.1 99.9045
      vertex -20.4684 -16.8 99.7376
      vertex -20.5606 -16.8 99.9045
    endloop
  endfacet
  facet normal -0.578803 0 0.815467
    outer loop
      vertex 22.9045 -10.5405 97.5606
      vertex 23.0599 -9.3 97.6709
      vertex 22.9045 -9.3 97.5606
    endloop
  endfacet
  facet normal -0.578803 0 0.815467
    outer loop
      vertex 23.0599 -9.3 97.6709
      vertex 22.9045 -10.5405 97.5606
      vertex 23.0599 -10.5853 97.6709
    endloop
  endfacet
  facet normal -0.578803 0 0.815467
    outer loop
      vertex 22.9045 -12.1 97.5606
      vertex 23.0599 -16.8 97.6709
      vertex 23.0599 -12.1 97.6709
    endloop
  endfacet
  facet normal -0.578803 0 0.815467
    outer loop
      vertex 23.0599 -16.8 97.6709
      vertex 22.9045 -12.1 97.5606
      vertex 22.9045 -16.8 97.5606
    endloop
  endfacet
  facet normal -0.985908 0 -0.16729
    outer loop
      vertex 23.6893 -9.3 99.1903
      vertex 23.6574 -10.6808 99.3783
      vertex 23.6574 -9.3 99.3783
    endloop
  endfacet
  facet normal -0.985908 0 -0.16729
    outer loop
      vertex 23.6574 -10.6808 99.3783
      vertex 23.6893 -9.3 99.1903
      vertex 23.6893 -10.6826 99.1903
    endloop
  endfacet
  facet normal -0.985908 0 -0.16729
    outer loop
      vertex 23.6893 -16.8 99.1903
      vertex 23.6574 -12.1 99.3783
      vertex 23.6893 -12.1 99.1903
    endloop
  endfacet
  facet normal -0.985908 -0 -0.16729
    outer loop
      vertex 23.6574 -12.1 99.3783
      vertex 23.6893 -16.8 99.1903
      vertex 23.6574 -16.8 99.3783
    endloop
  endfacet
  facet normal 0.382939 -0 0.923774
    outer loop
      vertex 21.2624 -9.60959 97.4684
      vertex 21.4385 -9.3 97.3954
      vertex 21.2624 -9.3 97.4684
    endloop
  endfacet
  facet normal 0.382939 0 0.923774
    outer loop
      vertex 21.4385 -9.3 97.3954
      vertex 21.2624 -9.60959 97.4684
      vertex 21.4385 -9.76699 97.3954
    endloop
  endfacet
  facet normal 0.382939 0 0.923774
    outer loop
      vertex 21.2624 -12.1 97.4684
      vertex 21.4385 -16.8 97.3954
      vertex 21.4385 -12.1 97.3954
    endloop
  endfacet
  facet normal 0.382939 0 0.923774
    outer loop
      vertex 21.4385 -16.8 97.3954
      vertex 21.2624 -12.1 97.4684
      vertex 21.2624 -16.8 97.4684
    endloop
  endfacet
  facet normal 0.875317 -0 0.483549
    outer loop
      vertex 20.4684 -16.8 98.2624
      vertex 20.5606 -12.1 98.0955
      vertex 20.4684 -12.1 98.2624
    endloop
  endfacet
  facet normal 0.875317 0 0.483549
    outer loop
      vertex 20.5606 -12.1 98.0955
      vertex 20.4684 -16.8 98.2624
      vertex 20.5606 -16.8 98.0955
    endloop
  endfacet
  facet normal 0.489714 0 -0.871883
    outer loop
      vertex 21.1716 -9.52843 100.481
      vertex 21.2624 -9.3 100.532
      vertex 21.2624 -9.60959 100.532
    endloop
  endfacet
  facet normal 0.485211 0.00235064 -0.874394
    outer loop
      vertex 21.0955 -9.44335 100.439
      vertex 21.2624 -9.3 100.532
      vertex 21.1716 -9.52843 100.481
    endloop
  endfacet
  facet normal 0.486754 0 -0.873539
    outer loop
      vertex 21.2624 -9.3 100.532
      vertex 21.0955 -9.44335 100.439
      vertex 21.0955 -9.3 100.439
    endloop
  endfacet
  facet normal 0.486754 0 -0.873539
    outer loop
      vertex 21.0955 -16.8 100.439
      vertex 21.2624 -12.1 100.532
      vertex 21.2624 -16.8 100.532
    endloop
  endfacet
  facet normal 0.486754 0 -0.873539
    outer loop
      vertex 21.2624 -12.1 100.532
      vertex 21.0955 -16.8 100.439
      vertex 21.0955 -12.1 100.439
    endloop
  endfacet
  facet normal -0.923903 0 0.382627
    outer loop
      vertex 23.5521 -10.6748 98.3119
      vertex 23.5316 -9.3 98.2624
      vertex 23.5316 -10.6714 98.2624
    endloop
  endfacet
  facet normal -0.923774 1.31639e-05 0.382939
    outer loop
      vertex 23.5316 -9.3 98.2624
      vertex 23.5521 -10.6748 98.3119
      vertex 23.6046 -9.3 98.4385
    endloop
  endfacet
  facet normal -0.923723 0 0.383061
    outer loop
      vertex 23.6046 -9.3 98.4385
      vertex 23.5521 -10.6748 98.3119
      vertex 23.6046 -10.6778 98.4385
    endloop
  endfacet
  facet normal -0.923774 0 0.382939
    outer loop
      vertex 23.5316 -16.8 98.2624
      vertex 23.6046 -12.1 98.4385
      vertex 23.5316 -12.1 98.2624
    endloop
  endfacet
  facet normal -0.923774 0 0.382939
    outer loop
      vertex 23.6046 -12.1 98.4385
      vertex 23.5316 -16.8 98.2624
      vertex 23.6046 -16.8 98.4385
    endloop
  endfacet
  facet normal -0.985908 0 0.16729
    outer loop
      vertex 23.6574 -10.6808 98.6217
      vertex 23.6893 -9.3 98.8097
      vertex 23.6574 -9.3 98.6217
    endloop
  endfacet
  facet normal -0.985908 0 0.16729
    outer loop
      vertex 23.6893 -9.3 98.8097
      vertex 23.6574 -10.6808 98.6217
      vertex 23.6893 -10.6826 98.8097
    endloop
  endfacet
  facet normal -0.985908 0 0.16729
    outer loop
      vertex 23.6574 -16.8 98.6217
      vertex 23.6893 -12.1 98.8097
      vertex 23.6574 -12.1 98.6217
    endloop
  endfacet
  facet normal -0.985908 0 0.16729
    outer loop
      vertex 23.6893 -12.1 98.8097
      vertex 23.6574 -16.8 98.6217
      vertex 23.6893 -16.8 98.8097
    endloop
  endfacet
  facet normal -0.875317 0 0.483549
    outer loop
      vertex 23.4394 -10.6557 98.0955
      vertex 23.5316 -9.3 98.2624
      vertex 23.4394 -9.3 98.0955
    endloop
  endfacet
  facet normal -0.875317 0 0.483549
    outer loop
      vertex 23.5316 -9.3 98.2624
      vertex 23.4394 -10.6557 98.0955
      vertex 23.5316 -10.6714 98.2624
    endloop
  endfacet
  facet normal -0.875317 0 0.483549
    outer loop
      vertex 23.4394 -16.8 98.0955
      vertex 23.5316 -12.1 98.2624
      vertex 23.4394 -12.1 98.0955
    endloop
  endfacet
  facet normal -0.875317 0 0.483549
    outer loop
      vertex 23.5316 -12.1 98.2624
      vertex 23.4394 -16.8 98.0955
      vertex 23.5316 -16.8 98.2624
    endloop
  endfacet
  facet normal -0.383833 0 0.923402
    outer loop
      vertex 22.7376 -9.3 97.4684
      vertex 22.6789 -10.4755 97.444
      vertex 22.7376 -10.4924 97.4684
    endloop
  endfacet
  facet normal -0.382939 0 0.923774
    outer loop
      vertex 22.5615 -10.4269 97.3954
      vertex 22.7376 -9.3 97.4684
      vertex 22.5615 -9.3 97.3954
    endloop
  endfacet
  facet normal -0.382518 -7.70085e-05 0.923948
    outer loop
      vertex 22.7376 -9.3 97.4684
      vertex 22.5615 -10.4269 97.3954
      vertex 22.6789 -10.4755 97.444
    endloop
  endfacet
  facet normal -0.382939 0 0.923774
    outer loop
      vertex 22.5615 -12.1 97.3954
      vertex 22.7376 -16.8 97.4684
      vertex 22.7376 -12.1 97.4684
    endloop
  endfacet
  facet normal -0.382939 0 0.923774
    outer loop
      vertex 22.7376 -16.8 97.4684
      vertex 22.5615 -12.1 97.3954
      vertex 22.5615 -16.8 97.3954
    endloop
  endfacet
  facet normal -0.167208 0 0.985922
    outer loop
      vertex 22.3783 -9.3 97.3426
      vertex 22.2645 -10.3039 97.3233
      vertex 22.3783 -10.351 97.3426
    endloop
  endfacet
  facet normal -0.16729 0 0.985908
    outer loop
      vertex 22.1903 -10.2629 97.3107
      vertex 22.3783 -9.3 97.3426
      vertex 22.1903 -9.3 97.3107
    endloop
  endfacet
  facet normal -0.167403 2.26683e-05 0.985889
    outer loop
      vertex 22.3783 -9.3 97.3426
      vertex 22.1903 -10.2629 97.3107
      vertex 22.2645 -10.3039 97.3233
    endloop
  endfacet
  facet normal -0.16729 0 0.985908
    outer loop
      vertex 22.1903 -12.1 97.3107
      vertex 22.3783 -16.8 97.3426
      vertex 22.3783 -12.1 97.3426
    endloop
  endfacet
  facet normal -0.16729 0 0.985908
    outer loop
      vertex 22.3783 -16.8 97.3426
      vertex 22.1903 -12.1 97.3107
      vertex 22.1903 -16.8 97.3107
    endloop
  endfacet
  facet normal 0.985908 -0 0.16729
    outer loop
      vertex 20.3107 -16.8 98.8097
      vertex 20.3426 -12.1 98.6217
      vertex 20.3107 -12.1 98.8097
    endloop
  endfacet
  facet normal 0.985908 0 0.16729
    outer loop
      vertex 20.3426 -12.1 98.6217
      vertex 20.3107 -16.8 98.8097
      vertex 20.3426 -16.8 98.6217
    endloop
  endfacet
  facet normal 0.745845 -0 0.66612
    outer loop
      vertex 20.6709 -16.8 97.9401
      vertex 20.7979 -12.1 97.7979
      vertex 20.6709 -12.1 97.9401
    endloop
  endfacet
  facet normal 0.745845 0 0.66612
    outer loop
      vertex 20.7979 -12.1 97.7979
      vertex 20.6709 -16.8 97.9401
      vertex 20.7979 -16.8 97.7979
    endloop
  endfacet
  facet normal 0.16729 -0 0.985908
    outer loop
      vertex 21.6217 -9.9094 97.3426
      vertex 21.8097 -9.3 97.3107
      vertex 21.6217 -9.3 97.3426
    endloop
  endfacet
  facet normal 0.16729 0 0.985908
    outer loop
      vertex 21.8097 -9.3 97.3107
      vertex 21.6217 -9.9094 97.3426
      vertex 21.8097 -10.0428 97.3107
    endloop
  endfacet
  facet normal 0.16729 0 0.985908
    outer loop
      vertex 21.6217 -12.1 97.3426
      vertex 21.8097 -16.8 97.3107
      vertex 21.8097 -12.1 97.3107
    endloop
  endfacet
  facet normal 0.16729 0 0.985908
    outer loop
      vertex 21.8097 -16.8 97.3107
      vertex 21.6217 -12.1 97.3426
      vertex 21.6217 -16.8 97.3426
    endloop
  endfacet
  facet normal 0.66612 0 0.745845
    outer loop
      vertex 20.7979 -12.1 97.7979
      vertex 20.9401 -16.8 97.6709
      vertex 20.9401 -12.1 97.6709
    endloop
  endfacet
  facet normal 0.66612 0 0.745845
    outer loop
      vertex 20.9401 -16.8 97.6709
      vertex 20.7979 -12.1 97.7979
      vertex 20.7979 -16.8 97.7979
    endloop
  endfacet
  facet normal -0.998423 0 0.0561383
    outer loop
      vertex 23.6893 -10.6826 98.8097
      vertex 23.7 -9.3 99
      vertex 23.6893 -9.3 98.8097
    endloop
  endfacet
  facet normal -0.998423 0 0.0561383
    outer loop
      vertex 23.7 -9.3 99
      vertex 23.6893 -10.6826 98.8097
      vertex 23.7 -10.6832 99
    endloop
  endfacet
  facet normal -0.998423 0 0.0561383
    outer loop
      vertex 23.6893 -16.8 98.8097
      vertex 23.7 -12.1 99
      vertex 23.6893 -12.1 98.8097
    endloop
  endfacet
  facet normal -0.998423 0 0.0561383
    outer loop
      vertex 23.7 -12.1 99
      vertex 23.6893 -16.8 98.8097
      vertex 23.7 -16.8 99
    endloop
  endfacet
  facet normal -0.960888 0 -0.276937
    outer loop
      vertex 23.6574 -9.3 99.3783
      vertex 23.6046 -10.6778 99.5615
      vertex 23.6046 -9.3 99.5615
    endloop
  endfacet
  facet normal -0.960888 0 -0.276937
    outer loop
      vertex 23.6046 -10.6778 99.5615
      vertex 23.6574 -9.3 99.3783
      vertex 23.6574 -10.6808 99.3783
    endloop
  endfacet
  facet normal -0.960888 0 -0.276937
    outer loop
      vertex 23.6574 -16.8 99.3783
      vertex 23.6046 -12.1 99.5615
      vertex 23.6574 -12.1 99.3783
    endloop
  endfacet
  facet normal -0.960888 -0 -0.276937
    outer loop
      vertex 23.6046 -12.1 99.5615
      vertex 23.6574 -16.8 99.3783
      vertex 23.6046 -16.8 99.5615
    endloop
  endfacet
  facet normal 0.167799 0 -0.985821
    outer loop
      vertex 21.6217 -9.9094 100.657
      vertex 21.8097 -9.3 100.689
      vertex 21.8097 -10.0428 100.689
    endloop
  endfacet
  facet normal 0.167799 0 -0.985821
    outer loop
      vertex 21.8097 -9.3 100.689
      vertex 21.6217 -9.9094 100.657
      vertex 21.6217 -9.3 100.657
    endloop
  endfacet
  facet normal 0.167799 0 -0.985821
    outer loop
      vertex 21.6217 -16.8 100.657
      vertex 21.8097 -12.1 100.689
      vertex 21.8097 -16.8 100.689
    endloop
  endfacet
  facet normal 0.167799 0 -0.985821
    outer loop
      vertex 21.8097 -12.1 100.689
      vertex 21.6217 -16.8 100.657
      vertex 21.6217 -12.1 100.657
    endloop
  endfacet
  facet normal 0.66612 0 -0.745845
    outer loop
      vertex 20.7979 -16.8 100.202
      vertex 20.9401 -12.1 100.329
      vertex 20.9401 -16.8 100.329
    endloop
  endfacet
  facet normal 0.66612 0 -0.745845
    outer loop
      vertex 20.9401 -12.1 100.329
      vertex 20.7979 -16.8 100.202
      vertex 20.7979 -12.1 100.202
    endloop
  endfacet
  facet normal 0.745379 0 -0.666641
    outer loop
      vertex 20.7979 -16.8 100.202
      vertex 20.6709 -12.1 100.06
      vertex 20.7979 -12.1 100.202
    endloop
  endfacet
  facet normal 0.745379 0 -0.666641
    outer loop
      vertex 20.6709 -12.1 100.06
      vertex 20.7979 -16.8 100.202
      vertex 20.6709 -16.8 100.06
    endloop
  endfacet
  facet normal -0.960888 0 0.276937
    outer loop
      vertex 23.6046 -10.6778 98.4385
      vertex 23.6574 -9.3 98.6217
      vertex 23.6046 -9.3 98.4385
    endloop
  endfacet
  facet normal -0.960888 0 0.276937
    outer loop
      vertex 23.6574 -9.3 98.6217
      vertex 23.6046 -10.6778 98.4385
      vertex 23.6574 -10.6808 98.6217
    endloop
  endfacet
  facet normal -0.960888 0 0.276937
    outer loop
      vertex 23.6046 -16.8 98.4385
      vertex 23.6574 -12.1 98.6217
      vertex 23.6046 -12.1 98.4385
    endloop
  endfacet
  facet normal -0.960888 0 0.276937
    outer loop
      vertex 23.6574 -12.1 98.6217
      vertex 23.6046 -16.8 98.4385
      vertex 23.6574 -16.8 98.6217
    endloop
  endfacet
  facet normal -0.745845 0 0.66612
    outer loop
      vertex 23.2021 -10.6154 97.7979
      vertex 23.3291 -9.3 97.9401
      vertex 23.2021 -9.3 97.7979
    endloop
  endfacet
  facet normal -0.745845 0 0.66612
    outer loop
      vertex 23.3291 -9.3 97.9401
      vertex 23.2021 -10.6154 97.7979
      vertex 23.3291 -10.637 97.9401
    endloop
  endfacet
  facet normal -0.745845 0 0.66612
    outer loop
      vertex 23.2021 -16.8 97.7979
      vertex 23.3291 -12.1 97.9401
      vertex 23.2021 -12.1 97.7979
    endloop
  endfacet
  facet normal -0.745845 0 0.66612
    outer loop
      vertex 23.3291 -12.1 97.9401
      vertex 23.2021 -16.8 97.7979
      vertex 23.3291 -16.8 97.9401
    endloop
  endfacet
  facet normal -0.815467 0 0.578803
    outer loop
      vertex 23.3291 -10.637 97.9401
      vertex 23.4394 -9.3 98.0955
      vertex 23.3291 -9.3 97.9401
    endloop
  endfacet
  facet normal -0.815467 0 0.578803
    outer loop
      vertex 23.4394 -9.3 98.0955
      vertex 23.3291 -10.637 97.9401
      vertex 23.4394 -10.6557 98.0955
    endloop
  endfacet
  facet normal -0.815467 0 0.578803
    outer loop
      vertex 23.3291 -16.8 97.9401
      vertex 23.4394 -12.1 98.0955
      vertex 23.3291 -12.1 97.9401
    endloop
  endfacet
  facet normal -0.815467 0 0.578803
    outer loop
      vertex 23.4394 -12.1 98.0955
      vertex 23.3291 -16.8 97.9401
      vertex 23.4394 -16.8 98.0955
    endloop
  endfacet
  facet normal -0.665919 0 0.746024
    outer loop
      vertex 23.2021 -9.3 97.7979
      vertex 23.1099 -10.5997 97.7156
      vertex 23.2021 -10.6154 97.7979
    endloop
  endfacet
  facet normal -0.66612 0 0.745845
    outer loop
      vertex 23.0599 -10.5853 97.6709
      vertex 23.2021 -9.3 97.7979
      vertex 23.0599 -9.3 97.6709
    endloop
  endfacet
  facet normal -0.666478 7.12778e-05 0.745524
    outer loop
      vertex 23.2021 -9.3 97.7979
      vertex 23.0599 -10.5853 97.6709
      vertex 23.1099 -10.5997 97.7156
    endloop
  endfacet
  facet normal -0.66612 0 0.745845
    outer loop
      vertex 23.0599 -12.1 97.6709
      vertex 23.2021 -16.8 97.7979
      vertex 23.2021 -12.1 97.7979
    endloop
  endfacet
  facet normal -0.66612 0 0.745845
    outer loop
      vertex 23.2021 -16.8 97.7979
      vertex 23.0599 -12.1 97.6709
      vertex 23.0599 -16.8 97.6709
    endloop
  endfacet
  facet normal -0.483549 0 0.875317
    outer loop
      vertex 22.7376 -10.4924 97.4684
      vertex 22.9045 -9.3 97.5606
      vertex 22.7376 -9.3 97.4684
    endloop
  endfacet
  facet normal -0.483549 0 0.875317
    outer loop
      vertex 22.9045 -9.3 97.5606
      vertex 22.7376 -10.4924 97.4684
      vertex 22.9045 -10.5405 97.5606
    endloop
  endfacet
  facet normal -0.483549 0 0.875317
    outer loop
      vertex 22.7376 -12.1 97.4684
      vertex 22.9045 -16.8 97.5606
      vertex 22.9045 -12.1 97.5606
    endloop
  endfacet
  facet normal -0.483549 0 0.875317
    outer loop
      vertex 22.9045 -16.8 97.5606
      vertex 22.7376 -12.1 97.4684
      vertex 22.7376 -16.8 97.4684
    endloop
  endfacet
  facet normal -0.0561383 0 0.998423
    outer loop
      vertex 22 -10.1577 97.3
      vertex 22.1903 -9.3 97.3107
      vertex 22 -9.3 97.3
    endloop
  endfacet
  facet normal -0.0561383 0 0.998423
    outer loop
      vertex 22.1903 -9.3 97.3107
      vertex 22 -10.1577 97.3
      vertex 22.1903 -10.2629 97.3107
    endloop
  endfacet
  facet normal -0.0561383 0 0.998423
    outer loop
      vertex 22 -12.1 97.3
      vertex 22.1903 -16.8 97.3107
      vertex 22.1903 -12.1 97.3107
    endloop
  endfacet
  facet normal -0.0561383 0 0.998423
    outer loop
      vertex 22.1903 -16.8 97.3107
      vertex 22 -12.1 97.3
      vertex 22 -16.8 97.3
    endloop
  endfacet
  facet normal -0.276937 0 0.960888
    outer loop
      vertex 22.3783 -10.351 97.3426
      vertex 22.5615 -9.3 97.3954
      vertex 22.3783 -9.3 97.3426
    endloop
  endfacet
  facet normal -0.276937 0 0.960888
    outer loop
      vertex 22.5615 -9.3 97.3954
      vertex 22.3783 -10.351 97.3426
      vertex 22.5615 -10.4269 97.3954
    endloop
  endfacet
  facet normal -0.276937 0 0.960888
    outer loop
      vertex 22.3783 -12.1 97.3426
      vertex 22.5615 -16.8 97.3954
      vertex 22.5615 -12.1 97.3954
    endloop
  endfacet
  facet normal -0.276937 0 0.960888
    outer loop
      vertex 22.5615 -16.8 97.3954
      vertex 22.3783 -12.1 97.3426
      vertex 22.3783 -16.8 97.3426
    endloop
  endfacet
  facet normal 0.998423 -0 0.0561383
    outer loop
      vertex 20.3 -16.8 99
      vertex 20.3107 -12.1 98.8097
      vertex 20.3 -12.1 99
    endloop
  endfacet
  facet normal 0.998423 0 0.0561383
    outer loop
      vertex 20.3107 -12.1 98.8097
      vertex 20.3 -16.8 99
      vertex 20.3107 -16.8 98.8097
    endloop
  endfacet
  facet normal 0 -1 0
    outer loop
      vertex 21.8097 -9.3 100.689
      vertex 22.1903 -9.3 100.689
      vertex 22 -9.3 100.7
    endloop
  endfacet
  facet normal 0 -1 0
    outer loop
      vertex 21.6217 -9.3 100.657
      vertex 22.1903 -9.3 100.689
      vertex 21.8097 -9.3 100.689
    endloop
  endfacet
  facet normal 0 -1 0
    outer loop
      vertex 21.6217 -9.3 100.657
      vertex 22.3783 -9.3 100.657
      vertex 22.1903 -9.3 100.689
    endloop
  endfacet
  facet normal 0 -1 0
    outer loop
      vertex 21.4385 -9.3 100.605
      vertex 22.3783 -9.3 100.657
      vertex 21.6217 -9.3 100.657
    endloop
  endfacet
  facet normal 0 -1 0
    outer loop
      vertex 21.4385 -9.3 100.605
      vertex 22.5615 -9.3 100.605
      vertex 22.3783 -9.3 100.657
    endloop
  endfacet
  facet normal 0 -1 0
    outer loop
      vertex 21.2624 -9.3 100.532
      vertex 22.5615 -9.3 100.605
      vertex 21.4385 -9.3 100.605
    endloop
  endfacet
  facet normal 0 -1 0
    outer loop
      vertex 21.2624 -9.3 100.532
      vertex 22.7376 -9.3 100.532
      vertex 22.5615 -9.3 100.605
    endloop
  endfacet
  facet normal 0 -1 0
    outer loop
      vertex 21.0955 -9.3 100.439
      vertex 22.7376 -9.3 100.532
      vertex 21.2624 -9.3 100.532
    endloop
  endfacet
  facet normal 0 -1 0
    outer loop
      vertex 21.0955 -9.3 100.439
      vertex 22.9045 -9.3 100.439
      vertex 22.7376 -9.3 100.532
    endloop
  endfacet
  facet normal 0 -1 0
    outer loop
      vertex 20.9674 -9.3 100.349
      vertex 22.9045 -9.3 100.439
      vertex 21.0955 -9.3 100.439
    endloop
  endfacet
  facet normal 0 -1 0
    outer loop
      vertex 20.9674 -9.3 100.349
      vertex 23.0599 -9.3 100.329
      vertex 22.9045 -9.3 100.439
    endloop
  endfacet
  facet normal 0 -1 0
    outer loop
      vertex 20.9674 -9.3 100.349
      vertex 23.2021 -9.3 100.202
      vertex 23.0599 -9.3 100.329
    endloop
  endfacet
  facet normal 0 -1 0
    outer loop
      vertex 20.9674 -9.3 100.349
      vertex 23.3291 -9.3 100.06
      vertex 23.2021 -9.3 100.202
    endloop
  endfacet
  facet normal 0 -1 0
    outer loop
      vertex 20.9674 -9.3 100.349
      vertex 23.4394 -9.3 99.9045
      vertex 23.3291 -9.3 100.06
    endloop
  endfacet
  facet normal 0 -1 0
    outer loop
      vertex 20.9674 -9.3 100.349
      vertex 23.5316 -9.3 99.7376
      vertex 23.4394 -9.3 99.9045
    endloop
  endfacet
  facet normal 0 -1 0
    outer loop
      vertex 20.9674 -9.3 100.349
      vertex 23.6046 -9.3 99.5615
      vertex 23.5316 -9.3 99.7376
    endloop
  endfacet
  facet normal 0 -1 0
    outer loop
      vertex 20.9674 -9.3 100.349
      vertex 23.6574 -9.3 99.3783
      vertex 23.6046 -9.3 99.5615
    endloop
  endfacet
  facet normal 0 -1 0
    outer loop
      vertex 20.9674 -9.3 100.349
      vertex 23.6893 -9.3 99.1903
      vertex 23.6574 -9.3 99.3783
    endloop
  endfacet
  facet normal 0 -1 0
    outer loop
      vertex 20.9674 -9.3 100.349
      vertex 23.7 -9.3 99
      vertex 23.6893 -9.3 99.1903
    endloop
  endfacet
  facet normal 0 -1 0
    outer loop
      vertex 20.9674 -9.3 100.349
      vertex 23.6893 -9.3 98.8097
      vertex 23.7 -9.3 99
    endloop
  endfacet
  facet normal 0 -1 0
    outer loop
      vertex 20.9674 -9.3 100.349
      vertex 23.6574 -9.3 98.6217
      vertex 23.6893 -9.3 98.8097
    endloop
  endfacet
  facet normal 0 -1 0
    outer loop
      vertex 20.9674 -9.3 100.349
      vertex 23.6046 -9.3 98.4385
      vertex 23.6574 -9.3 98.6217
    endloop
  endfacet
  facet normal 0 -1 0
    outer loop
      vertex 20.9674 -9.3 100.349
      vertex 23.5316 -9.3 98.2624
      vertex 23.6046 -9.3 98.4385
    endloop
  endfacet
  facet normal 0 -1 0
    outer loop
      vertex 20.9674 -9.3 100.349
      vertex 23.4394 -9.3 98.0955
      vertex 23.5316 -9.3 98.2624
    endloop
  endfacet
  facet normal 0 -1 0
    outer loop
      vertex 20.9674 -9.3 100.349
      vertex 23.3291 -9.3 97.9401
      vertex 23.4394 -9.3 98.0955
    endloop
  endfacet
  facet normal 0 -1 0
    outer loop
      vertex 20.9674 -9.3 100.349
      vertex 23.2021 -9.3 97.7979
      vertex 23.3291 -9.3 97.9401
    endloop
  endfacet
  facet normal 0 -1 0
    outer loop
      vertex 20.9674 -9.3 100.349
      vertex 23.0599 -9.3 97.6709
      vertex 23.2021 -9.3 97.7979
    endloop
  endfacet
  facet normal 0 -1 0
    outer loop
      vertex 20.9674 -9.3 97.6515
      vertex 23.0599 -9.3 97.6709
      vertex 20.9674 -9.3 100.349
    endloop
  endfacet
  facet normal 0 -1 0
    outer loop
      vertex 21.0955 -9.3 97.5606
      vertex 23.0599 -9.3 97.6709
      vertex 20.9674 -9.3 97.6515
    endloop
  endfacet
  facet normal 0 -1 0
    outer loop
      vertex 21.0955 -9.3 97.5606
      vertex 22.9045 -9.3 97.5606
      vertex 23.0599 -9.3 97.6709
    endloop
  endfacet
  facet normal 0 -1 0
    outer loop
      vertex 21.2624 -9.3 97.4684
      vertex 22.9045 -9.3 97.5606
      vertex 21.0955 -9.3 97.5606
    endloop
  endfacet
  facet normal 0 -1 0
    outer loop
      vertex 21.2624 -9.3 97.4684
      vertex 22.7376 -9.3 97.4684
      vertex 22.9045 -9.3 97.5606
    endloop
  endfacet
  facet normal 0 -1 0
    outer loop
      vertex 21.4385 -9.3 97.3954
      vertex 22.7376 -9.3 97.4684
      vertex 21.2624 -9.3 97.4684
    endloop
  endfacet
  facet normal 0 -1 0
    outer loop
      vertex 21.4385 -9.3 97.3954
      vertex 22.5615 -9.3 97.3954
      vertex 22.7376 -9.3 97.4684
    endloop
  endfacet
  facet normal 0 -1 0
    outer loop
      vertex 21.6217 -9.3 97.3426
      vertex 22.5615 -9.3 97.3954
      vertex 21.4385 -9.3 97.3954
    endloop
  endfacet
  facet normal 0 -1 0
    outer loop
      vertex 21.6217 -9.3 97.3426
      vertex 22.3783 -9.3 97.3426
      vertex 22.5615 -9.3 97.3954
    endloop
  endfacet
  facet normal 0 -1 0
    outer loop
      vertex 21.8097 -9.3 97.3107
      vertex 22.3783 -9.3 97.3426
      vertex 21.6217 -9.3 97.3426
    endloop
  endfacet
  facet normal 0 -1 0
    outer loop
      vertex 21.8097 -9.3 97.3107
      vertex 22.1903 -9.3 97.3107
      vertex 22.3783 -9.3 97.3426
    endloop
  endfacet
  facet normal -0 -1 0
    outer loop
      vertex 22.1903 -9.3 97.3107
      vertex 21.8097 -9.3 97.3107
      vertex 22 -9.3 97.3
    endloop
  endfacet
  facet normal 0.923774 -0 0.382939
    outer loop
      vertex 20.3954 -16.8 98.4385
      vertex 20.4684 -12.1 98.2624
      vertex 20.3954 -12.1 98.4385
    endloop
  endfacet
  facet normal 0.923774 0 0.382939
    outer loop
      vertex 20.4684 -12.1 98.2624
      vertex 20.3954 -16.8 98.4385
      vertex 20.4684 -16.8 98.2624
    endloop
  endfacet
  facet normal 0.960888 -0 0.276937
    outer loop
      vertex 20.3426 -16.8 98.6217
      vertex 20.3954 -12.1 98.4385
      vertex 20.3426 -12.1 98.6217
    endloop
  endfacet
  facet normal 0.960888 0 0.276937
    outer loop
      vertex 20.3954 -12.1 98.4385
      vertex 20.3426 -16.8 98.6217
      vertex 20.3954 -16.8 98.4385
    endloop
  endfacet
  facet normal 0.815467 -0 0.578803
    outer loop
      vertex 20.5606 -16.8 98.0955
      vertex 20.6709 -12.1 97.9401
      vertex 20.5606 -12.1 98.0955
    endloop
  endfacet
  facet normal 0.815467 0 0.578803
    outer loop
      vertex 20.6709 -12.1 97.9401
      vertex 20.5606 -16.8 98.0955
      vertex 20.6709 -16.8 97.9401
    endloop
  endfacet
  facet normal 0.276586 0 0.960989
    outer loop
      vertex 21.6217 -9.3 97.3426
      vertex 21.506 -9.82733 97.3759
      vertex 21.6217 -9.9094 97.3426
    endloop
  endfacet
  facet normal 0.276937 -0 0.960888
    outer loop
      vertex 21.4385 -9.76699 97.3954
      vertex 21.6217 -9.3 97.3426
      vertex 21.4385 -9.3 97.3954
    endloop
  endfacet
  facet normal 0.277383 -0.000189552 0.960759
    outer loop
      vertex 21.6217 -9.3 97.3426
      vertex 21.4385 -9.76699 97.3954
      vertex 21.506 -9.82733 97.3759
    endloop
  endfacet
  facet normal 0.276937 0 0.960888
    outer loop
      vertex 21.4385 -12.1 97.3954
      vertex 21.6217 -16.8 97.3426
      vertex 21.6217 -12.1 97.3426
    endloop
  endfacet
  facet normal 0.276937 0 0.960888
    outer loop
      vertex 21.6217 -16.8 97.3426
      vertex 21.4385 -12.1 97.3954
      vertex 21.4385 -16.8 97.3954
    endloop
  endfacet
  facet normal 0.0561175 0 0.998424
    outer loop
      vertex 22 -9.3 97.3
      vertex 21.8719 -10.0869 97.3072
      vertex 22 -10.1577 97.3
    endloop
  endfacet
  facet normal 0.0561383 -0 0.998423
    outer loop
      vertex 21.8097 -10.0428 97.3107
      vertex 22 -9.3 97.3
      vertex 21.8097 -9.3 97.3107
    endloop
  endfacet
  facet normal 0.0561746 -9.32687e-06 0.998421
    outer loop
      vertex 22 -9.3 97.3
      vertex 21.8097 -10.0428 97.3107
      vertex 21.8719 -10.0869 97.3072
    endloop
  endfacet
  facet normal 0.0561383 0 0.998423
    outer loop
      vertex 21.8097 -12.1 97.3107
      vertex 22 -16.8 97.3
      vertex 22 -12.1 97.3
    endloop
  endfacet
  facet normal 0.0561383 0 0.998423
    outer loop
      vertex 22 -16.8 97.3
      vertex 21.8097 -12.1 97.3107
      vertex 21.8097 -16.8 97.3107
    endloop
  endfacet
  facet normal 0.578706 -0 0.815536
    outer loop
      vertex 21.0955 -9.44335 97.5606
      vertex 21.0955 -9.3 97.5606
      vertex 20.9674 -9.3 97.6515
    endloop
  endfacet
  facet normal 0.578803 0 0.815467
    outer loop
      vertex 20.9401 -12.1 97.6709
      vertex 21.0955 -16.8 97.5606
      vertex 21.0955 -12.1 97.5606
    endloop
  endfacet
  facet normal 0.578803 0 0.815467
    outer loop
      vertex 21.0955 -16.8 97.5606
      vertex 20.9401 -12.1 97.6709
      vertex 20.9401 -16.8 97.6709
    endloop
  endfacet
  facet normal 0.483103 0 0.875564
    outer loop
      vertex 21.2624 -9.3 97.4684
      vertex 21.1716 -9.52843 97.5185
      vertex 21.2624 -9.60959 97.4684
    endloop
  endfacet
  facet normal 0.483549 -0 0.875317
    outer loop
      vertex 21.0955 -9.44335 97.5606
      vertex 21.2624 -9.3 97.4684
      vertex 21.0955 -9.3 97.5606
    endloop
  endfacet
  facet normal 0.48378 -0.000350999 0.87519
    outer loop
      vertex 21.2624 -9.3 97.4684
      vertex 21.0955 -9.44335 97.5606
      vertex 21.1716 -9.52843 97.5185
    endloop
  endfacet
  facet normal 0.483549 0 0.875317
    outer loop
      vertex 21.0955 -12.1 97.5606
      vertex 21.2624 -16.8 97.4684
      vertex 21.2624 -12.1 97.4684
    endloop
  endfacet
  facet normal 0.483549 0 0.875317
    outer loop
      vertex 21.2624 -16.8 97.4684
      vertex 21.0955 -12.1 97.5606
      vertex 21.0955 -16.8 97.5606
    endloop
  endfacet
  facet normal -0.998423 0 -0.0561383
    outer loop
      vertex 23.7 -9.3 99
      vertex 23.6893 -10.6826 99.1903
      vertex 23.6893 -9.3 99.1903
    endloop
  endfacet
  facet normal -0.998423 0 -0.0561383
    outer loop
      vertex 23.6893 -10.6826 99.1903
      vertex 23.7 -9.3 99
      vertex 23.7 -10.6832 99
    endloop
  endfacet
  facet normal -0.998423 0 -0.0561383
    outer loop
      vertex 23.7 -16.8 99
      vertex 23.6893 -12.1 99.1903
      vertex 23.7 -12.1 99
    endloop
  endfacet
  facet normal -0.998423 -0 -0.0561383
    outer loop
      vertex 23.6893 -12.1 99.1903
      vertex 23.7 -16.8 99
      vertex 23.6893 -16.8 99.1903
    endloop
  endfacet
  facet normal -0.0577071 0 -0.998334
    outer loop
      vertex 22 -10.1577 100.7
      vertex 22.1903 -9.3 100.689
      vertex 22.1903 -10.2629 100.689
    endloop
  endfacet
  facet normal -0.0577071 0 -0.998334
    outer loop
      vertex 22.1903 -9.3 100.689
      vertex 22 -10.1577 100.7
      vertex 22 -9.3 100.7
    endloop
  endfacet
  facet normal -0.0577071 0 -0.998334
    outer loop
      vertex 22 -16.8 100.7
      vertex 22.1903 -12.1 100.689
      vertex 22.1903 -16.8 100.689
    endloop
  endfacet
  facet normal -0.0577071 0 -0.998334
    outer loop
      vertex 22.1903 -12.1 100.689
      vertex 22 -16.8 100.7
      vertex 22 -12.1 100.7
    endloop
  endfacet
  facet normal -0.815643 0 -0.578556
    outer loop
      vertex 23.4394 -9.3 99.9045
      vertex 23.3291 -10.637 100.06
      vertex 23.3291 -9.3 100.06
    endloop
  endfacet
  facet normal -0.815643 0 -0.578556
    outer loop
      vertex 23.3291 -10.637 100.06
      vertex 23.4394 -9.3 99.9045
      vertex 23.4394 -10.6557 99.9045
    endloop
  endfacet
  facet normal -0.815643 0 -0.578556
    outer loop
      vertex 23.4394 -16.8 99.9045
      vertex 23.3291 -12.1 100.06
      vertex 23.4394 -12.1 99.9045
    endloop
  endfacet
  facet normal -0.815643 -0 -0.578556
    outer loop
      vertex 23.3291 -12.1 100.06
      vertex 23.4394 -16.8 99.9045
      vertex 23.3291 -16.8 100.06
    endloop
  endfacet
  facet normal -0.273056 0 -0.961998
    outer loop
      vertex 22.3783 -10.351 100.657
      vertex 22.5615 -9.3 100.605
      vertex 22.5615 -10.4269 100.605
    endloop
  endfacet
  facet normal -0.273056 0 -0.961998
    outer loop
      vertex 22.5615 -9.3 100.605
      vertex 22.3783 -10.351 100.657
      vertex 22.3783 -9.3 100.657
    endloop
  endfacet
  facet normal -0.273056 0 -0.961998
    outer loop
      vertex 22.3783 -16.8 100.657
      vertex 22.5615 -12.1 100.605
      vertex 22.5615 -16.8 100.605
    endloop
  endfacet
  facet normal -0.273056 0 -0.961998
    outer loop
      vertex 22.5615 -12.1 100.605
      vertex 22.3783 -16.8 100.657
      vertex 22.3783 -12.1 100.657
    endloop
  endfacet
  facet normal -0.664565 0 -0.74723
    outer loop
      vertex 23.1099 -10.5997 100.284
      vertex 23.2021 -9.3 100.202
      vertex 23.2021 -10.6154 100.202
    endloop
  endfacet
  facet normal -0.668877 0.000549296 -0.743373
    outer loop
      vertex 23.0599 -10.5853 100.329
      vertex 23.2021 -9.3 100.202
      vertex 23.1099 -10.5997 100.284
    endloop
  endfacet
  facet normal -0.66612 0 -0.745845
    outer loop
      vertex 23.2021 -9.3 100.202
      vertex 23.0599 -10.5853 100.329
      vertex 23.0599 -9.3 100.329
    endloop
  endfacet
  facet normal -0.66612 0 -0.745845
    outer loop
      vertex 23.0599 -16.8 100.329
      vertex 23.2021 -12.1 100.202
      vertex 23.2021 -16.8 100.202
    endloop
  endfacet
  facet normal -0.66612 0 -0.745845
    outer loop
      vertex 23.2021 -12.1 100.202
      vertex 23.0599 -16.8 100.329
      vertex 23.0599 -12.1 100.329
    endloop
  endfacet
  facet normal -0.486754 0 -0.873539
    outer loop
      vertex 22.7376 -10.4924 100.532
      vertex 22.9045 -9.3 100.439
      vertex 22.9045 -10.5405 100.439
    endloop
  endfacet
  facet normal -0.486754 0 -0.873539
    outer loop
      vertex 22.9045 -9.3 100.439
      vertex 22.7376 -10.4924 100.532
      vertex 22.7376 -9.3 100.532
    endloop
  endfacet
  facet normal -0.486754 0 -0.873539
    outer loop
      vertex 22.7376 -16.8 100.532
      vertex 22.9045 -12.1 100.439
      vertex 22.9045 -16.8 100.439
    endloop
  endfacet
  facet normal -0.486754 0 -0.873539
    outer loop
      vertex 22.9045 -12.1 100.439
      vertex 22.7376 -16.8 100.532
      vertex 22.7376 -12.1 100.532
    endloop
  endfacet
  facet normal 0.0545634 0 -0.99851
    outer loop
      vertex 21.8719 -10.0869 100.693
      vertex 22 -9.3 100.7
      vertex 22 -10.1577 100.7
    endloop
  endfacet
  facet normal 0.0631821 -0.00140758 -0.998001
    outer loop
      vertex 21.8097 -10.0428 100.689
      vertex 22 -9.3 100.7
      vertex 21.8719 -10.0869 100.693
    endloop
  endfacet
  facet normal 0.0577071 0 -0.998334
    outer loop
      vertex 22 -9.3 100.7
      vertex 21.8097 -10.0428 100.689
      vertex 21.8097 -9.3 100.689
    endloop
  endfacet
  facet normal 0.0577071 0 -0.998334
    outer loop
      vertex 21.8097 -16.8 100.689
      vertex 22 -12.1 100.7
      vertex 22 -16.8 100.7
    endloop
  endfacet
  facet normal 0.0577071 0 -0.998334
    outer loop
      vertex 22 -12.1 100.7
      vertex 21.8097 -16.8 100.689
      vertex 21.8097 -12.1 100.689
    endloop
  endfacet
  facet normal 0.382939 0 -0.923774
    outer loop
      vertex 21.2624 -9.60959 100.532
      vertex 21.4385 -9.3 100.605
      vertex 21.4385 -9.76699 100.605
    endloop
  endfacet
  facet normal 0.382939 0 -0.923774
    outer loop
      vertex 21.4385 -9.3 100.605
      vertex 21.2624 -9.60959 100.532
      vertex 21.2624 -9.3 100.532
    endloop
  endfacet
  facet normal 0.382939 0 -0.923774
    outer loop
      vertex 21.2624 -16.8 100.532
      vertex 21.4385 -12.1 100.605
      vertex 21.4385 -16.8 100.605
    endloop
  endfacet
  facet normal 0.382939 0 -0.923774
    outer loop
      vertex 21.4385 -12.1 100.605
      vertex 21.2624 -16.8 100.532
      vertex 21.2624 -12.1 100.532
    endloop
  endfacet
  facet normal 0.574876 0 -0.81824
    outer loop
      vertex 21.0955 -9.3 100.439
      vertex 21.0955 -9.44335 100.439
      vertex 20.9674 -9.3 100.349
    endloop
  endfacet
  facet normal 0.577755 0 -0.81621
    outer loop
      vertex 20.9401 -16.8 100.329
      vertex 21.0955 -12.1 100.439
      vertex 21.0955 -16.8 100.439
    endloop
  endfacet
  facet normal 0.577755 0 -0.81621
    outer loop
      vertex 21.0955 -12.1 100.439
      vertex 20.9401 -16.8 100.329
      vertex 20.9401 -12.1 100.329
    endloop
  endfacet
  facet normal 0.960888 0 -0.276937
    outer loop
      vertex 20.3954 -16.8 99.5615
      vertex 20.3426 -12.1 99.3783
      vertex 20.3954 -12.1 99.5615
    endloop
  endfacet
  facet normal 0.960888 0 -0.276937
    outer loop
      vertex 20.3426 -12.1 99.3783
      vertex 20.3954 -16.8 99.5615
      vertex 20.3426 -16.8 99.3783
    endloop
  endfacet
  facet normal 0.998423 0 -0.0561383
    outer loop
      vertex 20.3107 -16.8 99.1903
      vertex 20.3 -12.1 99
      vertex 20.3107 -12.1 99.1903
    endloop
  endfacet
  facet normal 0.998423 0 -0.0561383
    outer loop
      vertex 20.3 -12.1 99
      vertex 20.3107 -16.8 99.1903
      vertex 20.3 -16.8 99
    endloop
  endfacet
  facet normal 0.875317 0 -0.483549
    outer loop
      vertex 20.5606 -16.8 99.9045
      vertex 20.4684 -12.1 99.7376
      vertex 20.5606 -12.1 99.9045
    endloop
  endfacet
  facet normal 0.875317 0 -0.483549
    outer loop
      vertex 20.4684 -12.1 99.7376
      vertex 20.5606 -16.8 99.9045
      vertex 20.4684 -16.8 99.7376
    endloop
  endfacet
  facet normal -0.923774 1.31639e-05 -0.382939
    outer loop
      vertex 23.5521 -10.6748 99.6881
      vertex 23.5316 -9.3 99.7376
      vertex 23.6046 -9.3 99.5615
    endloop
  endfacet
  facet normal -0.923903 -0 -0.382627
    outer loop
      vertex 23.5316 -9.3 99.7376
      vertex 23.5521 -10.6748 99.6881
      vertex 23.5316 -10.6714 99.7376
    endloop
  endfacet
  facet normal -0.923723 0 -0.383061
    outer loop
      vertex 23.5521 -10.6748 99.6881
      vertex 23.6046 -9.3 99.5615
      vertex 23.6046 -10.6778 99.5615
    endloop
  endfacet
  facet normal -0.923774 0 -0.382939
    outer loop
      vertex 23.6046 -16.8 99.5615
      vertex 23.5316 -12.1 99.7376
      vertex 23.6046 -12.1 99.5615
    endloop
  endfacet
  facet normal -0.923774 -0 -0.382939
    outer loop
      vertex 23.5316 -12.1 99.7376
      vertex 23.6046 -16.8 99.5615
      vertex 23.5316 -16.8 99.7376
    endloop
  endfacet
  facet normal -0.173094 0 -0.984905
    outer loop
      vertex 22.2645 -10.3039 100.677
      vertex 22.3783 -9.3 100.657
      vertex 22.3783 -10.351 100.657
    endloop
  endfacet
  facet normal -0.160446 -0.00147642 -0.987044
    outer loop
      vertex 22.1903 -10.2629 100.689
      vertex 22.3783 -9.3 100.657
      vertex 22.2645 -10.3039 100.677
    endloop
  endfacet
  facet normal -0.167799 0 -0.985821
    outer loop
      vertex 22.3783 -9.3 100.657
      vertex 22.1903 -10.2629 100.689
      vertex 22.1903 -9.3 100.689
    endloop
  endfacet
  facet normal -0.167799 0 -0.985821
    outer loop
      vertex 22.1903 -16.8 100.689
      vertex 22.3783 -12.1 100.657
      vertex 22.3783 -16.8 100.657
    endloop
  endfacet
  facet normal -0.167799 0 -0.985821
    outer loop
      vertex 22.3783 -12.1 100.657
      vertex 22.1903 -16.8 100.689
      vertex 22.1903 -12.1 100.689
    endloop
  endfacet
  facet normal -0.378449 0 -0.925622
    outer loop
      vertex 22.6789 -10.4755 100.556
      vertex 22.7376 -9.3 100.532
      vertex 22.7376 -10.4924 100.532
    endloop
  endfacet
  facet normal -0.385038 0.000384606 -0.922901
    outer loop
      vertex 22.5615 -10.4269 100.605
      vertex 22.7376 -9.3 100.532
      vertex 22.6789 -10.4755 100.556
    endloop
  endfacet
  facet normal -0.382939 0 -0.923774
    outer loop
      vertex 22.7376 -9.3 100.532
      vertex 22.5615 -10.4269 100.605
      vertex 22.5615 -9.3 100.605
    endloop
  endfacet
  facet normal -0.382939 0 -0.923774
    outer loop
      vertex 22.5615 -16.8 100.605
      vertex 22.7376 -12.1 100.532
      vertex 22.7376 -16.8 100.532
    endloop
  endfacet
  facet normal -0.382939 0 -0.923774
    outer loop
      vertex 22.7376 -12.1 100.532
      vertex 22.5615 -16.8 100.605
      vertex 22.5615 -12.1 100.605
    endloop
  endfacet
  facet normal -0.745379 0 -0.666641
    outer loop
      vertex 23.3291 -9.3 100.06
      vertex 23.2021 -10.6154 100.202
      vertex 23.2021 -9.3 100.202
    endloop
  endfacet
  facet normal -0.745379 0 -0.666641
    outer loop
      vertex 23.2021 -10.6154 100.202
      vertex 23.3291 -9.3 100.06
      vertex 23.3291 -10.637 100.06
    endloop
  endfacet
  facet normal -0.745379 0 -0.666641
    outer loop
      vertex 23.3291 -16.8 100.06
      vertex 23.2021 -12.1 100.202
      vertex 23.3291 -12.1 100.06
    endloop
  endfacet
  facet normal -0.745379 -0 -0.666641
    outer loop
      vertex 23.2021 -12.1 100.202
      vertex 23.3291 -16.8 100.06
      vertex 23.2021 -16.8 100.202
    endloop
  endfacet
  facet normal -0.577755 0 -0.81621
    outer loop
      vertex 22.9045 -10.5405 100.439
      vertex 23.0599 -9.3 100.329
      vertex 23.0599 -10.5853 100.329
    endloop
  endfacet
  facet normal -0.577755 0 -0.81621
    outer loop
      vertex 23.0599 -9.3 100.329
      vertex 22.9045 -10.5405 100.439
      vertex 22.9045 -9.3 100.439
    endloop
  endfacet
  facet normal -0.577755 0 -0.81621
    outer loop
      vertex 22.9045 -16.8 100.439
      vertex 23.0599 -12.1 100.329
      vertex 23.0599 -16.8 100.329
    endloop
  endfacet
  facet normal -0.577755 0 -0.81621
    outer loop
      vertex 23.0599 -12.1 100.329
      vertex 22.9045 -16.8 100.439
      vertex 22.9045 -12.1 100.439
    endloop
  endfacet
  facet normal 0.274282 0 -0.961649
    outer loop
      vertex 21.506 -9.82733 100.624
      vertex 21.6217 -9.3 100.657
      vertex 21.6217 -9.9094 100.657
    endloop
  endfacet
  facet normal 0.271499 0.00066007 -0.962439
    outer loop
      vertex 21.4385 -9.76699 100.605
      vertex 21.6217 -9.3 100.657
      vertex 21.506 -9.82733 100.624
    endloop
  endfacet
  facet normal 0.273056 0 -0.961998
    outer loop
      vertex 21.6217 -9.3 100.657
      vertex 21.4385 -9.76699 100.605
      vertex 21.4385 -9.3 100.605
    endloop
  endfacet
  facet normal 0.273056 0 -0.961998
    outer loop
      vertex 21.4385 -16.8 100.605
      vertex 21.6217 -12.1 100.657
      vertex 21.6217 -16.8 100.657
    endloop
  endfacet
  facet normal 0.273056 0 -0.961998
    outer loop
      vertex 21.6217 -12.1 100.657
      vertex 21.4385 -16.8 100.605
      vertex 21.4385 -12.1 100.605
    endloop
  endfacet
  facet normal 0.923774 0 -0.382939
    outer loop
      vertex 20.4684 -16.8 99.7376
      vertex 20.3954 -12.1 99.5615
      vertex 20.4684 -12.1 99.7376
    endloop
  endfacet
  facet normal 0.923774 0 -0.382939
    outer loop
      vertex 20.3954 -12.1 99.5615
      vertex 20.4684 -16.8 99.7376
      vertex 20.3954 -16.8 99.5615
    endloop
  endfacet
  facet normal 0.985908 0 -0.16729
    outer loop
      vertex 20.3426 -16.8 99.3783
      vertex 20.3107 -12.1 99.1903
      vertex 20.3426 -12.1 99.3783
    endloop
  endfacet
  facet normal 0.985908 0 -0.16729
    outer loop
      vertex 20.3107 -12.1 99.1903
      vertex 20.3426 -16.8 99.3783
      vertex 20.3107 -16.8 99.1903
    endloop
  endfacet
  facet normal 0.815643 0 -0.578556
    outer loop
      vertex 20.6709 -16.8 100.06
      vertex 20.5606 -12.1 99.9045
      vertex 20.6709 -12.1 100.06
    endloop
  endfacet
  facet normal 0.815643 0 -0.578556
    outer loop
      vertex 20.5606 -12.1 99.9045
      vertex 20.6709 -16.8 100.06
      vertex 20.5606 -16.8 99.9045
    endloop
  endfacet
  facet normal -0.875317 0 -0.483549
    outer loop
      vertex 23.5316 -9.3 99.7376
      vertex 23.4394 -10.6557 99.9045
      vertex 23.4394 -9.3 99.9045
    endloop
  endfacet
  facet normal -0.875317 0 -0.483549
    outer loop
      vertex 23.4394 -10.6557 99.9045
      vertex 23.5316 -9.3 99.7376
      vertex 23.5316 -10.6714 99.7376
    endloop
  endfacet
  facet normal -0.875317 0 -0.483549
    outer loop
      vertex 23.5316 -16.8 99.7376
      vertex 23.4394 -12.1 99.9045
      vertex 23.5316 -12.1 99.7376
    endloop
  endfacet
  facet normal -0.875317 -0 -0.483549
    outer loop
      vertex 23.4394 -12.1 99.9045
      vertex 23.5316 -16.8 99.7376
      vertex 23.4394 -16.8 99.9045
    endloop
  endfacet
  facet normal -0.815595 -0.578623 0
    outer loop
      vertex 26.2015 -5.31672 94
      vertex 26.0328 -5.07893 109
      vertex 26.0328 -5.07893 94
    endloop
  endfacet
  facet normal -0.815595 -0.578623 0
    outer loop
      vertex 26.0328 -5.07893 109
      vertex 26.2015 -5.31672 94
      vertex 26.2015 -5.31672 109
    endloop
  endfacet
  facet normal -0.276882 -0.960904 0
    outer loop
      vertex 24.5786 -4.16519 94
      vertex 24.8587 -4.2459 109
      vertex 24.5786 -4.16519 109
    endloop
  endfacet
  facet normal -0.276882 -0.960904 -0
    outer loop
      vertex 24.8587 -4.2459 109
      vertex 24.5786 -4.16519 94
      vertex 24.8587 -4.2459 94
    endloop
  endfacet
  facet normal 0.382657 -0.923891 0
    outer loop
      vertex 22.8719 -4.35748 94
      vertex 23.1413 -4.2459 109
      vertex 22.8719 -4.35748 109
    endloop
  endfacet
  facet normal 0.382657 -0.923891 0
    outer loop
      vertex 23.1413 -4.2459 109
      vertex 22.8719 -4.35748 94
      vertex 23.1413 -4.2459 94
    endloop
  endfacet
  facet normal 0.923851 -0.382752 0
    outer loop
      vertex 21.5459 -5.84127 109
      vertex 21.6575 -5.5719 94
      vertex 21.6575 -5.5719 109
    endloop
  endfacet
  facet normal 0.923851 -0.382752 0
    outer loop
      vertex 21.6575 -5.5719 94
      vertex 21.5459 -5.84127 109
      vertex 21.5459 -5.84127 94
    endloop
  endfacet
  facet normal -0.666346 -0.745643 0
    outer loop
      vertex 25.6211 -4.66724 94
      vertex 25.8385 -4.86152 109
      vertex 25.6211 -4.66724 109
    endloop
  endfacet
  facet normal -0.666346 -0.745643 -0
    outer loop
      vertex 25.8385 -4.86152 109
      vertex 25.6211 -4.66724 94
      vertex 25.8385 -4.86152 94
    endloop
  endfacet
  facet normal -0.483708 -0.875229 0
    outer loop
      vertex 25.1281 -4.35748 94
      vertex 25.3833 -4.49852 109
      vertex 25.1281 -4.35748 109
    endloop
  endfacet
  facet normal -0.483708 -0.875229 -0
    outer loop
      vertex 25.3833 -4.49852 109
      vertex 25.1281 -4.35748 94
      vertex 25.3833 -4.49852 94
    endloop
  endfacet
  facet normal 0.998436 -0.055905 0
    outer loop
      vertex 21.4 -6.7 109
      vertex 21.4163 -6.40889 94
      vertex 21.4163 -6.40889 109
    endloop
  endfacet
  facet normal 0.998436 -0.055905 0
    outer loop
      vertex 21.4163 -6.40889 94
      vertex 21.4 -6.7 109
      vertex 21.4 -6.7 94
    endloop
  endfacet
  facet normal 0.815595 -0.578623 0
    outer loop
      vertex 21.7985 -5.31672 109
      vertex 21.9672 -5.07893 94
      vertex 21.9672 -5.07893 109
    endloop
  endfacet
  facet normal 0.815595 -0.578623 0
    outer loop
      vertex 21.9672 -5.07893 94
      vertex 21.7985 -5.31672 109
      vertex 21.7985 -5.31672 94
    endloop
  endfacet
  facet normal 0.167479 -0.985876 0
    outer loop
      vertex 23.4214 -4.16519 94
      vertex 23.7089 -4.11635 109
      vertex 23.4214 -4.16519 109
    endloop
  endfacet
  facet normal 0.167479 -0.985876 0
    outer loop
      vertex 23.7089 -4.11635 109
      vertex 23.4214 -4.16519 94
      vertex 23.7089 -4.11635 94
    endloop
  endfacet
  facet normal -0.483708 0.875229 0
    outer loop
      vertex 25.3833 -8.90148 94
      vertex 25.1281 -9.04252 109
      vertex 25.3833 -8.90148 109
    endloop
  endfacet
  facet normal -0.483708 0.875229 0
    outer loop
      vertex 25.1281 -9.04252 109
      vertex 25.3833 -8.90148 94
      vertex 25.1281 -9.04252 94
    endloop
  endfacet
  facet normal -0.985837 -0.167707 0
    outer loop
      vertex 26.5837 -6.40889 94
      vertex 26.5348 -6.12144 109
      vertex 26.5348 -6.12144 94
    endloop
  endfacet
  facet normal -0.985837 -0.167707 0
    outer loop
      vertex 26.5348 -6.12144 109
      vertex 26.5837 -6.40889 94
      vertex 26.5837 -6.40889 109
    endloop
  endfacet
  facet normal -0.745624 -0.666367 0
    outer loop
      vertex 26.0328 -5.07893 94
      vertex 25.8385 -4.86152 109
      vertex 25.8385 -4.86152 94
    endloop
  endfacet
  facet normal -0.745624 -0.666367 0
    outer loop
      vertex 25.8385 -4.86152 109
      vertex 26.0328 -5.07893 94
      vertex 26.0328 -5.07893 109
    endloop
  endfacet
  facet normal 0.0560779 -0.998426 0
    outer loop
      vertex 23.7089 -4.11635 94
      vertex 24 -4.1 109
      vertex 23.7089 -4.11635 109
    endloop
  endfacet
  facet normal 0.0560779 -0.998426 0
    outer loop
      vertex 24 -4.1 109
      vertex 23.7089 -4.11635 94
      vertex 24 -4.1 94
    endloop
  endfacet
  facet normal -0.167479 -0.985876 0
    outer loop
      vertex 24.2911 -4.11635 94
      vertex 24.5786 -4.16519 109
      vertex 24.2911 -4.11635 109
    endloop
  endfacet
  facet normal -0.167479 -0.985876 -0
    outer loop
      vertex 24.5786 -4.16519 109
      vertex 24.2911 -4.11635 94
      vertex 24.5786 -4.16519 94
    endloop
  endfacet
  facet normal -0.382657 -0.923891 0
    outer loop
      vertex 24.8587 -4.2459 94
      vertex 25.1281 -4.35748 109
      vertex 24.8587 -4.2459 109
    endloop
  endfacet
  facet normal -0.382657 -0.923891 -0
    outer loop
      vertex 25.1281 -4.35748 109
      vertex 24.8587 -4.2459 94
      vertex 25.1281 -4.35748 94
    endloop
  endfacet
  facet normal -0.578653 -0.815574 0
    outer loop
      vertex 25.3833 -4.49852 94
      vertex 25.6211 -4.66724 109
      vertex 25.3833 -4.49852 109
    endloop
  endfacet
  facet normal -0.578653 -0.815574 -0
    outer loop
      vertex 25.6211 -4.66724 109
      vertex 25.3833 -4.49852 94
      vertex 25.6211 -4.66724 94
    endloop
  endfacet
  facet normal 0.960932 -0.276786 0
    outer loop
      vertex 21.4652 -6.12144 109
      vertex 21.5459 -5.84127 94
      vertex 21.5459 -5.84127 109
    endloop
  endfacet
  facet normal 0.960932 -0.276786 0
    outer loop
      vertex 21.5459 -5.84127 94
      vertex 21.4652 -6.12144 109
      vertex 21.4652 -6.12144 94
    endloop
  endfacet
  facet normal 0.985837 -0.167707 0
    outer loop
      vertex 21.4163 -6.40889 109
      vertex 21.4652 -6.12144 94
      vertex 21.4652 -6.12144 109
    endloop
  endfacet
  facet normal 0.985837 -0.167707 0
    outer loop
      vertex 21.4652 -6.12144 94
      vertex 21.4163 -6.40889 109
      vertex 21.4163 -6.40889 94
    endloop
  endfacet
  facet normal 0.875271 -0.483632 0
    outer loop
      vertex 21.6575 -5.5719 109
      vertex 21.7985 -5.31672 94
      vertex 21.7985 -5.31672 109
    endloop
  endfacet
  facet normal 0.875271 -0.483632 0
    outer loop
      vertex 21.7985 -5.31672 94
      vertex 21.6575 -5.5719 109
      vertex 21.6575 -5.5719 94
    endloop
  endfacet
  facet normal 0.276882 -0.960904 0
    outer loop
      vertex 23.1413 -4.2459 94
      vertex 23.4214 -4.16519 109
      vertex 23.1413 -4.2459 109
    endloop
  endfacet
  facet normal 0.276882 -0.960904 0
    outer loop
      vertex 23.4214 -4.16519 109
      vertex 23.1413 -4.2459 94
      vertex 23.4214 -4.16519 94
    endloop
  endfacet
  facet normal 0.578653 -0.815574 0
    outer loop
      vertex 22.3789 -4.66724 94
      vertex 22.6167 -4.49852 109
      vertex 22.3789 -4.66724 109
    endloop
  endfacet
  facet normal 0.578653 -0.815574 0
    outer loop
      vertex 22.6167 -4.49852 109
      vertex 22.3789 -4.66724 94
      vertex 22.6167 -4.49852 94
    endloop
  endfacet
  facet normal 0.666346 -0.745643 0
    outer loop
      vertex 22.1615 -4.86152 94
      vertex 22.3789 -4.66724 109
      vertex 22.1615 -4.86152 109
    endloop
  endfacet
  facet normal 0.666346 -0.745643 0
    outer loop
      vertex 22.3789 -4.66724 109
      vertex 22.1615 -4.86152 94
      vertex 22.3789 -4.66724 94
    endloop
  endfacet
  facet normal 0.483708 -0.875229 0
    outer loop
      vertex 22.6167 -4.49852 94
      vertex 22.8719 -4.35748 109
      vertex 22.6167 -4.49852 109
    endloop
  endfacet
  facet normal 0.483708 -0.875229 0
    outer loop
      vertex 22.8719 -4.35748 109
      vertex 22.6167 -4.49852 94
      vertex 22.8719 -4.35748 94
    endloop
  endfacet
  facet normal 0.745624 -0.666367 0
    outer loop
      vertex 21.9672 -5.07893 109
      vertex 22.1615 -4.86152 94
      vertex 22.1615 -4.86152 109
    endloop
  endfacet
  facet normal 0.745624 -0.666367 0
    outer loop
      vertex 22.1615 -4.86152 94
      vertex 21.9672 -5.07893 109
      vertex 21.9672 -5.07893 94
    endloop
  endfacet
  facet normal -0.998436 -0.055905 0
    outer loop
      vertex 26.6 -6.7 94
      vertex 26.5837 -6.40889 109
      vertex 26.5837 -6.40889 94
    endloop
  endfacet
  facet normal -0.998436 -0.055905 0
    outer loop
      vertex 26.5837 -6.40889 109
      vertex 26.6 -6.7 94
      vertex 26.6 -6.7 109
    endloop
  endfacet
  facet normal -0.998436 0.055905 0
    outer loop
      vertex 26.5837 -6.99111 94
      vertex 26.6 -6.7 109
      vertex 26.6 -6.7 94
    endloop
  endfacet
  facet normal -0.998436 0.055905 0
    outer loop
      vertex 26.6 -6.7 109
      vertex 26.5837 -6.99111 94
      vertex 26.5837 -6.99111 109
    endloop
  endfacet
  facet normal -0.985836 0.167713 0
    outer loop
      vertex 26.5348 -7.27855 94
      vertex 26.5837 -6.99111 109
      vertex 26.5837 -6.99111 94
    endloop
  endfacet
  facet normal -0.985836 0.167713 0
    outer loop
      vertex 26.5837 -6.99111 109
      vertex 26.5348 -7.27855 94
      vertex 26.5348 -7.27855 109
    endloop
  endfacet
  facet normal -0.167479 0.985876 0
    outer loop
      vertex 24.5786 -9.23481 94
      vertex 24.2911 -9.28365 109
      vertex 24.5786 -9.23481 109
    endloop
  endfacet
  facet normal -0.167479 0.985876 0
    outer loop
      vertex 24.2911 -9.28365 109
      vertex 24.5786 -9.23481 94
      vertex 24.2911 -9.28365 94
    endloop
  endfacet
  facet normal -0.875271 -0.483632 0
    outer loop
      vertex 26.3425 -5.5719 94
      vertex 26.2015 -5.31672 109
      vertex 26.2015 -5.31672 94
    endloop
  endfacet
  facet normal -0.875271 -0.483632 0
    outer loop
      vertex 26.2015 -5.31672 109
      vertex 26.3425 -5.5719 94
      vertex 26.3425 -5.5719 109
    endloop
  endfacet
  facet normal -0.923851 -0.382752 0
    outer loop
      vertex 26.4541 -5.84127 94
      vertex 26.3425 -5.5719 109
      vertex 26.3425 -5.5719 94
    endloop
  endfacet
  facet normal -0.923851 -0.382752 0
    outer loop
      vertex 26.3425 -5.5719 109
      vertex 26.4541 -5.84127 94
      vertex 26.4541 -5.84127 109
    endloop
  endfacet
  facet normal -0.0560779 -0.998426 0
    outer loop
      vertex 24 -4.1 94
      vertex 24.2911 -4.11635 109
      vertex 24 -4.1 109
    endloop
  endfacet
  facet normal -0.0560779 -0.998426 -0
    outer loop
      vertex 24.2911 -4.11635 109
      vertex 24 -4.1 94
      vertex 24.2911 -4.11635 94
    endloop
  endfacet
  facet normal -0.815595 0.578623 0
    outer loop
      vertex 26.0328 -8.32107 94
      vertex 26.2015 -8.08328 109
      vertex 26.2015 -8.08328 94
    endloop
  endfacet
  facet normal -0.815595 0.578623 0
    outer loop
      vertex 26.2015 -8.08328 109
      vertex 26.0328 -8.32107 94
      vertex 26.0328 -8.32107 109
    endloop
  endfacet
  facet normal -0.923851 0.382752 0
    outer loop
      vertex 26.3425 -7.8281 94
      vertex 26.4541 -7.55873 109
      vertex 26.4541 -7.55873 94
    endloop
  endfacet
  facet normal -0.923851 0.382752 0
    outer loop
      vertex 26.4541 -7.55873 109
      vertex 26.3425 -7.8281 94
      vertex 26.3425 -7.8281 109
    endloop
  endfacet
  facet normal -0.875271 0.483632 0
    outer loop
      vertex 26.2015 -8.08328 94
      vertex 26.3425 -7.8281 109
      vertex 26.3425 -7.8281 94
    endloop
  endfacet
  facet normal -0.875271 0.483632 0
    outer loop
      vertex 26.3425 -7.8281 109
      vertex 26.2015 -8.08328 94
      vertex 26.2015 -8.08328 109
    endloop
  endfacet
  facet normal 0.276882 0.960904 -0
    outer loop
      vertex 23.4214 -9.23481 94
      vertex 23.1413 -9.1541 109
      vertex 23.4214 -9.23481 109
    endloop
  endfacet
  facet normal 0.276882 0.960904 0
    outer loop
      vertex 23.1413 -9.1541 109
      vertex 23.4214 -9.23481 94
      vertex 23.1413 -9.1541 94
    endloop
  endfacet
  facet normal 0.998436 0.055905 0
    outer loop
      vertex 21.4163 -6.99111 109
      vertex 21.4 -6.7 94
      vertex 21.4 -6.7 109
    endloop
  endfacet
  facet normal 0.998436 0.055905 0
    outer loop
      vertex 21.4 -6.7 94
      vertex 21.4163 -6.99111 109
      vertex 21.4163 -6.99111 94
    endloop
  endfacet
  facet normal 0.923851 0.382752 0
    outer loop
      vertex 21.6575 -7.8281 109
      vertex 21.5459 -7.55873 94
      vertex 21.5459 -7.55873 109
    endloop
  endfacet
  facet normal 0.923851 0.382752 0
    outer loop
      vertex 21.5459 -7.55873 94
      vertex 21.6575 -7.8281 109
      vertex 21.6575 -7.8281 94
    endloop
  endfacet
  facet normal 0.960934 0.276777 0
    outer loop
      vertex 21.5459 -7.55873 109
      vertex 21.4652 -7.27855 94
      vertex 21.4652 -7.27855 109
    endloop
  endfacet
  facet normal 0.960934 0.276777 0
    outer loop
      vertex 21.4652 -7.27855 94
      vertex 21.5459 -7.55873 109
      vertex 21.5459 -7.55873 94
    endloop
  endfacet
  facet normal -0.382657 0.923891 0
    outer loop
      vertex 25.1281 -9.04252 94
      vertex 24.8587 -9.1541 109
      vertex 25.1281 -9.04252 109
    endloop
  endfacet
  facet normal -0.382657 0.923891 0
    outer loop
      vertex 24.8587 -9.1541 109
      vertex 25.1281 -9.04252 94
      vertex 24.8587 -9.1541 94
    endloop
  endfacet
  facet normal -0.276882 0.960904 0
    outer loop
      vertex 24.8587 -9.1541 94
      vertex 24.5786 -9.23481 109
      vertex 24.8587 -9.1541 109
    endloop
  endfacet
  facet normal -0.276882 0.960904 0
    outer loop
      vertex 24.5786 -9.23481 109
      vertex 24.8587 -9.1541 94
      vertex 24.5786 -9.23481 94
    endloop
  endfacet
  facet normal -0.960932 -0.276786 0
    outer loop
      vertex 26.5348 -6.12144 94
      vertex 26.4541 -5.84127 109
      vertex 26.4541 -5.84127 94
    endloop
  endfacet
  facet normal -0.960932 -0.276786 0
    outer loop
      vertex 26.4541 -5.84127 109
      vertex 26.5348 -6.12144 94
      vertex 26.5348 -6.12144 109
    endloop
  endfacet
  facet normal -0.960934 0.276777 0
    outer loop
      vertex 26.4541 -7.55873 94
      vertex 26.5348 -7.27855 109
      vertex 26.5348 -7.27855 94
    endloop
  endfacet
  facet normal -0.960934 0.276777 0
    outer loop
      vertex 26.5348 -7.27855 109
      vertex 26.4541 -7.55873 94
      vertex 26.4541 -7.55873 109
    endloop
  endfacet
  facet normal 0.578653 0.815574 -0
    outer loop
      vertex 22.6167 -8.90148 94
      vertex 22.3789 -8.73276 109
      vertex 22.6167 -8.90148 109
    endloop
  endfacet
  facet normal 0.578653 0.815574 0
    outer loop
      vertex 22.3789 -8.73276 109
      vertex 22.6167 -8.90148 94
      vertex 22.3789 -8.73276 94
    endloop
  endfacet
  facet normal -0.0560779 0.998426 0
    outer loop
      vertex 24.2911 -9.28365 94
      vertex 24 -9.3 109
      vertex 24.2911 -9.28365 109
    endloop
  endfacet
  facet normal -0.0560779 0.998426 0
    outer loop
      vertex 24 -9.3 109
      vertex 24.2911 -9.28365 94
      vertex 24 -9.3 94
    endloop
  endfacet
  facet normal 0.875271 0.483632 0
    outer loop
      vertex 21.7985 -8.08328 109
      vertex 21.6575 -7.8281 94
      vertex 21.6575 -7.8281 109
    endloop
  endfacet
  facet normal 0.875271 0.483632 0
    outer loop
      vertex 21.6575 -7.8281 94
      vertex 21.7985 -8.08328 109
      vertex 21.7985 -8.08328 94
    endloop
  endfacet
  facet normal 0.745624 0.666367 0
    outer loop
      vertex 22.1615 -8.53848 109
      vertex 21.9672 -8.32107 94
      vertex 21.9672 -8.32107 109
    endloop
  endfacet
  facet normal 0.745624 0.666367 0
    outer loop
      vertex 21.9672 -8.32107 94
      vertex 22.1615 -8.53848 109
      vertex 22.1615 -8.53848 94
    endloop
  endfacet
  facet normal 0.815595 0.578623 0
    outer loop
      vertex 21.9672 -8.32107 109
      vertex 21.7985 -8.08328 94
      vertex 21.7985 -8.08328 109
    endloop
  endfacet
  facet normal 0.815595 0.578623 0
    outer loop
      vertex 21.7985 -8.08328 94
      vertex 21.9672 -8.32107 109
      vertex 21.9672 -8.32107 94
    endloop
  endfacet
  facet normal 0.666346 0.745643 -0
    outer loop
      vertex 22.3789 -8.73276 94
      vertex 22.1615 -8.53848 109
      vertex 22.3789 -8.73276 109
    endloop
  endfacet
  facet normal 0.666346 0.745643 0
    outer loop
      vertex 22.1615 -8.53848 109
      vertex 22.3789 -8.73276 94
      vertex 22.1615 -8.53848 94
    endloop
  endfacet
  facet normal 0.985836 0.167713 0
    outer loop
      vertex 21.4652 -7.27855 109
      vertex 21.4163 -6.99111 94
      vertex 21.4163 -6.99111 109
    endloop
  endfacet
  facet normal 0.985836 0.167713 0
    outer loop
      vertex 21.4163 -6.99111 94
      vertex 21.4652 -7.27855 109
      vertex 21.4652 -7.27855 94
    endloop
  endfacet
  facet normal -0.578653 0.815574 0
    outer loop
      vertex 25.6211 -8.73276 94
      vertex 25.3833 -8.90148 109
      vertex 25.6211 -8.73276 109
    endloop
  endfacet
  facet normal -0.578653 0.815574 0
    outer loop
      vertex 25.3833 -8.90148 109
      vertex 25.6211 -8.73276 94
      vertex 25.3833 -8.90148 94
    endloop
  endfacet
  facet normal -0.745624 0.666367 0
    outer loop
      vertex 25.8385 -8.53848 94
      vertex 26.0328 -8.32107 109
      vertex 26.0328 -8.32107 94
    endloop
  endfacet
  facet normal -0.745624 0.666367 0
    outer loop
      vertex 26.0328 -8.32107 109
      vertex 25.8385 -8.53848 94
      vertex 25.8385 -8.53848 109
    endloop
  endfacet
  facet normal -0.666346 0.745643 0
    outer loop
      vertex 25.8385 -8.53848 94
      vertex 25.6211 -8.73276 109
      vertex 25.8385 -8.53848 109
    endloop
  endfacet
  facet normal -0.666346 0.745643 0
    outer loop
      vertex 25.6211 -8.73276 109
      vertex 25.8385 -8.53848 94
      vertex 25.6211 -8.73276 94
    endloop
  endfacet
  facet normal 0.483708 0.875229 -0
    outer loop
      vertex 22.8719 -9.04252 94
      vertex 22.6167 -8.90148 109
      vertex 22.8719 -9.04252 109
    endloop
  endfacet
  facet normal 0.483708 0.875229 0
    outer loop
      vertex 22.6167 -8.90148 109
      vertex 22.8719 -9.04252 94
      vertex 22.6167 -8.90148 94
    endloop
  endfacet
  facet normal 0.382657 0.923891 -0
    outer loop
      vertex 23.1413 -9.1541 94
      vertex 22.8719 -9.04252 109
      vertex 23.1413 -9.1541 109
    endloop
  endfacet
  facet normal 0.382657 0.923891 0
    outer loop
      vertex 22.8719 -9.04252 109
      vertex 23.1413 -9.1541 94
      vertex 22.8719 -9.04252 94
    endloop
  endfacet
  facet normal 0.167479 0.985876 -0
    outer loop
      vertex 23.7089 -9.28365 94
      vertex 23.4214 -9.23481 109
      vertex 23.7089 -9.28365 109
    endloop
  endfacet
  facet normal 0.167479 0.985876 0
    outer loop
      vertex 23.4214 -9.23481 109
      vertex 23.7089 -9.28365 94
      vertex 23.4214 -9.23481 94
    endloop
  endfacet
  facet normal 0.0560779 0.998426 -0
    outer loop
      vertex 24 -9.3 94
      vertex 23.7089 -9.28365 109
      vertex 24 -9.3 109
    endloop
  endfacet
  facet normal 0.0560779 0.998426 0
    outer loop
      vertex 23.7089 -9.28365 109
      vertex 24 -9.3 94
      vertex 23.7089 -9.28365 94
    endloop
  endfacet
  facet normal -0.815477 -0.57879 0
    outer loop
      vertex 27.8103 -4.30585 110.5
      vertex 27.5182 -3.8943 113
      vertex 27.5182 -3.8943 110.5
    endloop
  endfacet
  facet normal -0.815477 -0.57879 0
    outer loop
      vertex 27.5182 -3.8943 113
      vertex 27.8103 -4.30585 110.5
      vertex 27.8103 -4.30585 113
    endloop
  endfacet
  facet normal -0.382706 -0.92387 0
    outer loop
      vertex 25.4863 -2.45252 110.5
      vertex 25.9525 -2.64564 113
      vertex 25.4863 -2.45252 113
    endloop
  endfacet
  facet normal -0.382706 -0.92387 -0
    outer loop
      vertex 25.9525 -2.64564 113
      vertex 25.4863 -2.45252 110.5
      vertex 25.9525 -2.64564 110.5
    endloop
  endfacet
  facet normal 0.382706 -0.92387 0
    outer loop
      vertex 22.0475 -2.64564 110.5
      vertex 22.5137 -2.45252 113
      vertex 22.0475 -2.64564 113
    endloop
  endfacet
  facet normal 0.382706 -0.92387 0
    outer loop
      vertex 22.5137 -2.45252 113
      vertex 22.0475 -2.64564 110.5
      vertex 22.5137 -2.45252 110.5
    endloop
  endfacet
  facet normal 0.960919 -0.27683 0
    outer loop
      vertex 19.6128 -5.69866 113
      vertex 19.7525 -5.21374 110.5
      vertex 19.7525 -5.21374 113
    endloop
  endfacet
  facet normal 0.960919 -0.27683 0
    outer loop
      vertex 19.7525 -5.21374 110.5
      vertex 19.6128 -5.69866 113
      vertex 19.6128 -5.69866 110.5
    endloop
  endfacet
  facet normal -0.98588 0.167451 0
    outer loop
      vertex 28.3872 -7.70134 110.472
      vertex 28.4717 -7.20384 113
      vertex 28.4717 -7.20384 110.458
    endloop
  endfacet
  facet normal -0.98588 0.167451 0
    outer loop
      vertex 28.4717 -7.20384 113
      vertex 28.3872 -7.70134 110.472
      vertex 28.3872 -7.70134 113
    endloop
  endfacet
  facet normal -0.666322 -0.745664 0
    outer loop
      vertex 26.8057 -3.18176 110.5
      vertex 27.182 -3.51802 113
      vertex 26.8057 -3.18176 113
    endloop
  endfacet
  facet normal -0.666322 -0.745664 -0
    outer loop
      vertex 27.182 -3.51802 113
      vertex 26.8057 -3.18176 110.5
      vertex 27.182 -3.51802 110.5
    endloop
  endfacet
  facet normal -0.0560649 -0.998427 0
    outer loop
      vertex 24 -2.2 110.5
      vertex 24.5038 -2.22829 113
      vertex 24 -2.2 113
    endloop
  endfacet
  facet normal -0.0560649 -0.998427 -0
    outer loop
      vertex 24.5038 -2.22829 113
      vertex 24 -2.2 110.5
      vertex 24.5038 -2.22829 110.5
    endloop
  endfacet
  facet normal -0.483774 -0.875193 0
    outer loop
      vertex 25.9525 -2.64564 110.5
      vertex 26.3941 -2.88974 113
      vertex 25.9525 -2.64564 113
    endloop
  endfacet
  facet normal -0.483774 -0.875193 -0
    outer loop
      vertex 26.3941 -2.88974 113
      vertex 25.9525 -2.64564 110.5
      vertex 26.3941 -2.88974 110.5
    endloop
  endfacet
  facet normal 0 0 1
    outer loop
      vertex 26.6 -6.7 109
      vertex 28 -6.7 109
      vertex 27.9748 -6.25214 109
    endloop
  endfacet
  facet normal 0 0 1
    outer loop
      vertex 26.5837 -6.40889 109
      vertex 27.9748 -6.25214 109
      vertex 27.8997 -5.80992 109
    endloop
  endfacet
  facet normal 0 0 1
    outer loop
      vertex 28 -6.7 109
      vertex 26.6 -6.7 109
      vertex 27.9748 -7.14786 109
    endloop
  endfacet
  facet normal 0 0 1
    outer loop
      vertex 26.5348 -6.12144 109
      vertex 27.8997 -5.80992 109
      vertex 27.7755 -5.37888 109
    endloop
  endfacet
  facet normal -0 0 1
    outer loop
      vertex 26.5837 -6.99111 109
      vertex 27.9748 -7.14786 109
      vertex 26.6 -6.7 109
    endloop
  endfacet
  facet normal 0 0 1
    outer loop
      vertex 26.4541 -5.84127 109
      vertex 27.7755 -5.37888 109
      vertex 27.6039 -4.96446 109
    endloop
  endfacet
  facet normal 0 0 1
    outer loop
      vertex 27.9748 -7.14786 109
      vertex 26.5837 -6.99111 109
      vertex 27.8997 -7.59008 109
    endloop
  endfacet
  facet normal 0 0 1
    outer loop
      vertex 26.3425 -5.5719 109
      vertex 27.6039 -4.96446 109
      vertex 27.3869 -4.57187 109
    endloop
  endfacet
  facet normal -0 0 1
    outer loop
      vertex 26.5348 -7.27855 109
      vertex 27.8997 -7.59008 109
      vertex 26.5837 -6.99111 109
    endloop
  endfacet
  facet normal 0 0 1
    outer loop
      vertex 26.2015 -5.31672 109
      vertex 27.3869 -4.57187 109
      vertex 27.1273 -4.20604 109
    endloop
  endfacet
  facet normal 0 0 1
    outer loop
      vertex 27.8997 -7.59008 109
      vertex 26.5348 -7.27855 109
      vertex 27.7755 -8.02112 109
    endloop
  endfacet
  facet normal 0 0 1
    outer loop
      vertex 26.0328 -5.07893 109
      vertex 27.1273 -4.20604 109
      vertex 26.8284 -3.87157 109
    endloop
  endfacet
  facet normal -0 0 1
    outer loop
      vertex 26.4541 -7.55873 109
      vertex 27.7755 -8.02112 109
      vertex 26.5348 -7.27855 109
    endloop
  endfacet
  facet normal 0 0 1
    outer loop
      vertex 27.7755 -8.02112 109
      vertex 26.4541 -7.55873 109
      vertex 27.6039 -8.43553 109
    endloop
  endfacet
  facet normal 0 0 1
    outer loop
      vertex 27.9748 -6.25214 109
      vertex 26.5837 -6.40889 109
      vertex 26.6 -6.7 109
    endloop
  endfacet
  facet normal 0 0 1
    outer loop
      vertex 27.8997 -5.80992 109
      vertex 26.5348 -6.12144 109
      vertex 26.5837 -6.40889 109
    endloop
  endfacet
  facet normal 0 0 1
    outer loop
      vertex 25.8385 -4.86152 109
      vertex 26.8284 -3.87157 109
      vertex 26.494 -3.57267 109
    endloop
  endfacet
  facet normal 0 0 1
    outer loop
      vertex 27.7755 -5.37888 109
      vertex 26.4541 -5.84127 109
      vertex 26.5348 -6.12144 109
    endloop
  endfacet
  facet normal 0 0 1
    outer loop
      vertex 27.6039 -4.96446 109
      vertex 26.3425 -5.5719 109
      vertex 26.4541 -5.84127 109
    endloop
  endfacet
  facet normal 0 0 1
    outer loop
      vertex 27.3869 -4.57187 109
      vertex 26.2015 -5.31672 109
      vertex 26.3425 -5.5719 109
    endloop
  endfacet
  facet normal 0 0 1
    outer loop
      vertex 25.6211 -4.66724 109
      vertex 26.494 -3.57267 109
      vertex 26.1281 -3.3131 109
    endloop
  endfacet
  facet normal 0 0 1
    outer loop
      vertex 27.1273 -4.20604 109
      vertex 26.0328 -5.07893 109
      vertex 26.2015 -5.31672 109
    endloop
  endfacet
  facet normal 0 0 1
    outer loop
      vertex 26.8284 -3.87157 109
      vertex 25.8385 -4.86152 109
      vertex 26.0328 -5.07893 109
    endloop
  endfacet
  facet normal 0 0 1
    outer loop
      vertex 25.3833 -4.49852 109
      vertex 26.1281 -3.3131 109
      vertex 25.7355 -3.09612 109
    endloop
  endfacet
  facet normal 0 0 1
    outer loop
      vertex 26.494 -3.57267 109
      vertex 25.6211 -4.66724 109
      vertex 25.8385 -4.86152 109
    endloop
  endfacet
  facet normal 0 0 1
    outer loop
      vertex 26.1281 -3.3131 109
      vertex 25.3833 -4.49852 109
      vertex 25.6211 -4.66724 109
    endloop
  endfacet
  facet normal 0 0 1
    outer loop
      vertex 25.1281 -4.35748 109
      vertex 25.7355 -3.09612 109
      vertex 25.3211 -2.92447 109
    endloop
  endfacet
  facet normal 0 0 1
    outer loop
      vertex 25.7355 -3.09612 109
      vertex 25.1281 -4.35748 109
      vertex 25.3833 -4.49852 109
    endloop
  endfacet
  facet normal 0 0 1
    outer loop
      vertex 24.8587 -4.2459 109
      vertex 25.3211 -2.92447 109
      vertex 24.8901 -2.80029 109
    endloop
  endfacet
  facet normal 0 0 1
    outer loop
      vertex 25.3211 -2.92447 109
      vertex 24.8587 -4.2459 109
      vertex 25.1281 -4.35748 109
    endloop
  endfacet
  facet normal 0 0 1
    outer loop
      vertex 24.8901 -2.80029 109
      vertex 24.5786 -4.16519 109
      vertex 24.8587 -4.2459 109
    endloop
  endfacet
  facet normal 0 0 1
    outer loop
      vertex 24.4479 -2.72515 109
      vertex 24.5786 -4.16519 109
      vertex 24.8901 -2.80029 109
    endloop
  endfacet
  facet normal 0 0 1
    outer loop
      vertex 24.4479 -2.72515 109
      vertex 24.2911 -4.11635 109
      vertex 24.5786 -4.16519 109
    endloop
  endfacet
  facet normal 0 0 1
    outer loop
      vertex 24 -2.7 109
      vertex 24.2911 -4.11635 109
      vertex 24.4479 -2.72515 109
    endloop
  endfacet
  facet normal 0 0 1
    outer loop
      vertex 24 -2.7 109
      vertex 24 -4.1 109
      vertex 24.2911 -4.11635 109
    endloop
  endfacet
  facet normal 0 0 1
    outer loop
      vertex 24 -2.7 109
      vertex 23.7089 -4.11635 109
      vertex 24 -4.1 109
    endloop
  endfacet
  facet normal -0 0 1
    outer loop
      vertex 23.5521 -2.72515 109
      vertex 23.7089 -4.11635 109
      vertex 24 -2.7 109
    endloop
  endfacet
  facet normal 0 0 1
    outer loop
      vertex 23.5521 -2.72515 109
      vertex 23.4214 -4.16519 109
      vertex 23.7089 -4.11635 109
    endloop
  endfacet
  facet normal -0 0 1
    outer loop
      vertex 23.1099 -2.80029 109
      vertex 23.4214 -4.16519 109
      vertex 23.5521 -2.72515 109
    endloop
  endfacet
  facet normal 0 0 1
    outer loop
      vertex 23.4214 -4.16519 109
      vertex 23.1099 -2.80029 109
      vertex 23.1413 -4.2459 109
    endloop
  endfacet
  facet normal -0 0 1
    outer loop
      vertex 22.6789 -2.92447 109
      vertex 23.1413 -4.2459 109
      vertex 23.1099 -2.80029 109
    endloop
  endfacet
  facet normal 0 0 1
    outer loop
      vertex 23.1413 -4.2459 109
      vertex 22.6789 -2.92447 109
      vertex 22.8719 -4.35748 109
    endloop
  endfacet
  facet normal -0 0 1
    outer loop
      vertex 22.2645 -3.09612 109
      vertex 22.8719 -4.35748 109
      vertex 22.6789 -2.92447 109
    endloop
  endfacet
  facet normal 0 0 1
    outer loop
      vertex 22.8719 -4.35748 109
      vertex 22.2645 -3.09612 109
      vertex 22.6167 -4.49852 109
    endloop
  endfacet
  facet normal -0 0 1
    outer loop
      vertex 21.8719 -3.3131 109
      vertex 22.6167 -4.49852 109
      vertex 22.2645 -3.09612 109
    endloop
  endfacet
  facet normal 0 0 1
    outer loop
      vertex 22.6167 -4.49852 109
      vertex 21.8719 -3.3131 109
      vertex 22.3789 -4.66724 109
    endloop
  endfacet
  facet normal -0 0 1
    outer loop
      vertex 21.506 -3.57267 109
      vertex 22.3789 -4.66724 109
      vertex 21.8719 -3.3131 109
    endloop
  endfacet
  facet normal 0 0 1
    outer loop
      vertex 22.3789 -4.66724 109
      vertex 21.506 -3.57267 109
      vertex 22.1615 -4.86152 109
    endloop
  endfacet
  facet normal -0 0 1
    outer loop
      vertex 21.1716 -3.87157 109
      vertex 22.1615 -4.86152 109
      vertex 21.506 -3.57267 109
    endloop
  endfacet
  facet normal 0 0 1
    outer loop
      vertex 22.1615 -4.86152 109
      vertex 21.1716 -3.87157 109
      vertex 21.9672 -5.07893 109
    endloop
  endfacet
  facet normal -0 0 1
    outer loop
      vertex 20.8727 -4.20604 109
      vertex 21.9672 -5.07893 109
      vertex 21.1716 -3.87157 109
    endloop
  endfacet
  facet normal 0 0 1
    outer loop
      vertex 21.9672 -5.07893 109
      vertex 20.8727 -4.20604 109
      vertex 21.7985 -5.31672 109
    endloop
  endfacet
  facet normal -0 0 1
    outer loop
      vertex 20.6131 -4.57187 109
      vertex 21.7985 -5.31672 109
      vertex 20.8727 -4.20604 109
    endloop
  endfacet
  facet normal 0 0 1
    outer loop
      vertex 21.7985 -5.31672 109
      vertex 20.6131 -4.57187 109
      vertex 21.6575 -5.5719 109
    endloop
  endfacet
  facet normal -0 0 1
    outer loop
      vertex 20.3961 -4.96446 109
      vertex 21.6575 -5.5719 109
      vertex 20.6131 -4.57187 109
    endloop
  endfacet
  facet normal 0 0 1
    outer loop
      vertex 21.6575 -5.5719 109
      vertex 20.3961 -4.96446 109
      vertex 21.5459 -5.84127 109
    endloop
  endfacet
  facet normal -0 0 1
    outer loop
      vertex 26.3425 -7.8281 109
      vertex 27.6039 -8.43553 109
      vertex 26.4541 -7.55873 109
    endloop
  endfacet
  facet normal 0 0 1
    outer loop
      vertex 27.6039 -8.43553 109
      vertex 26.3425 -7.8281 109
      vertex 27.3869 -8.82813 109
    endloop
  endfacet
  facet normal -0 0 1
    outer loop
      vertex 26.2015 -8.08328 109
      vertex 27.3869 -8.82813 109
      vertex 26.3425 -7.8281 109
    endloop
  endfacet
  facet normal 0 0 1
    outer loop
      vertex 27.3869 -8.82813 109
      vertex 26.2015 -8.08328 109
      vertex 27.1273 -9.19396 109
    endloop
  endfacet
  facet normal -0 0 1
    outer loop
      vertex 26.0328 -8.32107 109
      vertex 27.1273 -9.19396 109
      vertex 26.2015 -8.08328 109
    endloop
  endfacet
  facet normal 0 0 1
    outer loop
      vertex 27.1273 -9.19396 109
      vertex 26.0328 -8.32107 109
      vertex 26.8284 -9.52843 109
    endloop
  endfacet
  facet normal -0 0 1
    outer loop
      vertex 25.8385 -8.53848 109
      vertex 26.8284 -9.52843 109
      vertex 26.0328 -8.32107 109
    endloop
  endfacet
  facet normal 0 0 1
    outer loop
      vertex 26.8284 -9.52843 109
      vertex 25.8385 -8.53848 109
      vertex 26.494 -9.82733 109
    endloop
  endfacet
  facet normal -0 0 1
    outer loop
      vertex 25.6211 -8.73276 109
      vertex 26.494 -9.82733 109
      vertex 25.8385 -8.53848 109
    endloop
  endfacet
  facet normal 0 0 1
    outer loop
      vertex 26.494 -9.82733 109
      vertex 25.6211 -8.73276 109
      vertex 26.1281 -10.0869 109
    endloop
  endfacet
  facet normal -0 0 1
    outer loop
      vertex 25.3833 -8.90148 109
      vertex 26.1281 -10.0869 109
      vertex 25.6211 -8.73276 109
    endloop
  endfacet
  facet normal 0 0 1
    outer loop
      vertex 26.1281 -10.0869 109
      vertex 25.3833 -8.90148 109
      vertex 25.7355 -10.3039 109
    endloop
  endfacet
  facet normal -0 0 1
    outer loop
      vertex 25.1281 -9.04252 109
      vertex 25.7355 -10.3039 109
      vertex 25.3833 -8.90148 109
    endloop
  endfacet
  facet normal 0 0 1
    outer loop
      vertex 25.7355 -10.3039 109
      vertex 25.1281 -9.04252 109
      vertex 25.3211 -10.4755 109
    endloop
  endfacet
  facet normal -0 0 1
    outer loop
      vertex 24.8587 -9.1541 109
      vertex 25.3211 -10.4755 109
      vertex 25.1281 -9.04252 109
    endloop
  endfacet
  facet normal 0 0 1
    outer loop
      vertex 25.3211 -10.4755 109
      vertex 24.8587 -9.1541 109
      vertex 24.8901 -10.5997 109
    endloop
  endfacet
  facet normal -0 0 1
    outer loop
      vertex 24.5786 -9.23481 109
      vertex 24.8901 -10.5997 109
      vertex 24.8587 -9.1541 109
    endloop
  endfacet
  facet normal 0 0 1
    outer loop
      vertex 24.5786 -9.23481 109
      vertex 24.4479 -10.6748 109
      vertex 24.8901 -10.5997 109
    endloop
  endfacet
  facet normal -0 0 1
    outer loop
      vertex 24.2911 -9.28365 109
      vertex 24.4479 -10.6748 109
      vertex 24.5786 -9.23481 109
    endloop
  endfacet
  facet normal -0 0 1
    outer loop
      vertex 24 -9.3 109
      vertex 24.4479 -10.6748 109
      vertex 24.2911 -9.28365 109
    endloop
  endfacet
  facet normal 0 0 1
    outer loop
      vertex 24 -9.3 109
      vertex 24 -10.7 109
      vertex 24.4479 -10.6748 109
    endloop
  endfacet
  facet normal 0 0 1
    outer loop
      vertex 23.7089 -9.28365 109
      vertex 24 -10.7 109
      vertex 24 -9.3 109
    endloop
  endfacet
  facet normal 0 0 1
    outer loop
      vertex 23.7089 -9.28365 109
      vertex 23.5521 -10.6748 109
      vertex 24 -10.7 109
    endloop
  endfacet
  facet normal 0 0 1
    outer loop
      vertex 23.4214 -9.23481 109
      vertex 23.5521 -10.6748 109
      vertex 23.7089 -9.28365 109
    endloop
  endfacet
  facet normal 0 0 1
    outer loop
      vertex 23.1099 -10.5997 109
      vertex 23.4214 -9.23481 109
      vertex 23.1413 -9.1541 109
    endloop
  endfacet
  facet normal 0 0 1
    outer loop
      vertex 23.4214 -9.23481 109
      vertex 23.1099 -10.5997 109
      vertex 23.5521 -10.6748 109
    endloop
  endfacet
  facet normal 0 0 1
    outer loop
      vertex 22.6789 -10.4755 109
      vertex 23.1413 -9.1541 109
      vertex 22.8719 -9.04252 109
    endloop
  endfacet
  facet normal 0 0 1
    outer loop
      vertex 23.1413 -9.1541 109
      vertex 22.6789 -10.4755 109
      vertex 23.1099 -10.5997 109
    endloop
  endfacet
  facet normal 0 0 1
    outer loop
      vertex 22.2645 -10.3039 109
      vertex 22.8719 -9.04252 109
      vertex 22.6167 -8.90148 109
    endloop
  endfacet
  facet normal 0 0 1
    outer loop
      vertex 21.8719 -10.0869 109
      vertex 22.6167 -8.90148 109
      vertex 22.3789 -8.73276 109
    endloop
  endfacet
  facet normal 0 0 1
    outer loop
      vertex 22.8719 -9.04252 109
      vertex 22.2645 -10.3039 109
      vertex 22.6789 -10.4755 109
    endloop
  endfacet
  facet normal 0 0 1
    outer loop
      vertex 21.506 -9.82733 109
      vertex 22.3789 -8.73276 109
      vertex 22.1615 -8.53848 109
    endloop
  endfacet
  facet normal 0 0 1
    outer loop
      vertex 21.1716 -9.52843 109
      vertex 22.1615 -8.53848 109
      vertex 21.9672 -8.32107 109
    endloop
  endfacet
  facet normal 0 0 1
    outer loop
      vertex 22.6167 -8.90148 109
      vertex 21.8719 -10.0869 109
      vertex 22.2645 -10.3039 109
    endloop
  endfacet
  facet normal 0 0 1
    outer loop
      vertex 20.8727 -9.19396 109
      vertex 21.9672 -8.32107 109
      vertex 21.7985 -8.08328 109
    endloop
  endfacet
  facet normal 0 0 1
    outer loop
      vertex 20.6131 -8.82813 109
      vertex 21.7985 -8.08328 109
      vertex 21.6575 -7.8281 109
    endloop
  endfacet
  facet normal 0 0 1
    outer loop
      vertex 20.3961 -8.43553 109
      vertex 21.6575 -7.8281 109
      vertex 21.5459 -7.55873 109
    endloop
  endfacet
  facet normal 0 0 1
    outer loop
      vertex 22.3789 -8.73276 109
      vertex 21.506 -9.82733 109
      vertex 21.8719 -10.0869 109
    endloop
  endfacet
  facet normal 0 0 1
    outer loop
      vertex 20.2245 -8.02112 109
      vertex 21.5459 -7.55873 109
      vertex 21.4652 -7.27855 109
    endloop
  endfacet
  facet normal 0 0 1
    outer loop
      vertex 20.1003 -7.59008 109
      vertex 21.4652 -7.27855 109
      vertex 21.4163 -6.99111 109
    endloop
  endfacet
  facet normal 0 0 1
    outer loop
      vertex 20.0252 -7.14786 109
      vertex 21.4163 -6.99111 109
      vertex 21.4 -6.7 109
    endloop
  endfacet
  facet normal -0 0 1
    outer loop
      vertex 20.2245 -5.37888 109
      vertex 21.5459 -5.84127 109
      vertex 20.3961 -4.96446 109
    endloop
  endfacet
  facet normal 0 0 1
    outer loop
      vertex 22.1615 -8.53848 109
      vertex 21.1716 -9.52843 109
      vertex 21.506 -9.82733 109
    endloop
  endfacet
  facet normal 0 0 1
    outer loop
      vertex 21.5459 -5.84127 109
      vertex 20.2245 -5.37888 109
      vertex 21.4652 -6.12144 109
    endloop
  endfacet
  facet normal 0 0 1
    outer loop
      vertex 21.9672 -8.32107 109
      vertex 20.8727 -9.19396 109
      vertex 21.1716 -9.52843 109
    endloop
  endfacet
  facet normal -0 0 1
    outer loop
      vertex 20.1003 -5.80992 109
      vertex 21.4652 -6.12144 109
      vertex 20.2245 -5.37888 109
    endloop
  endfacet
  facet normal 0 0 1
    outer loop
      vertex 21.7985 -8.08328 109
      vertex 20.6131 -8.82813 109
      vertex 20.8727 -9.19396 109
    endloop
  endfacet
  facet normal 0 0 1
    outer loop
      vertex 21.4652 -6.12144 109
      vertex 20.1003 -5.80992 109
      vertex 21.4163 -6.40889 109
    endloop
  endfacet
  facet normal 0 0 1
    outer loop
      vertex 21.6575 -7.8281 109
      vertex 20.3961 -8.43553 109
      vertex 20.6131 -8.82813 109
    endloop
  endfacet
  facet normal -0 0 1
    outer loop
      vertex 20.0252 -6.25214 109
      vertex 21.4163 -6.40889 109
      vertex 20.1003 -5.80992 109
    endloop
  endfacet
  facet normal 0 0 1
    outer loop
      vertex 21.5459 -7.55873 109
      vertex 20.2245 -8.02112 109
      vertex 20.3961 -8.43553 109
    endloop
  endfacet
  facet normal 0 0 1
    outer loop
      vertex 21.4163 -6.40889 109
      vertex 20.0252 -6.25214 109
      vertex 21.4 -6.7 109
    endloop
  endfacet
  facet normal 0 0 1
    outer loop
      vertex 21.4652 -7.27855 109
      vertex 20.1003 -7.59008 109
      vertex 20.2245 -8.02112 109
    endloop
  endfacet
  facet normal 0 0 1
    outer loop
      vertex 20 -6.7 109
      vertex 21.4 -6.7 109
      vertex 20.0252 -6.25214 109
    endloop
  endfacet
  facet normal 0 0 1
    outer loop
      vertex 21.4163 -6.99111 109
      vertex 20.0252 -7.14786 109
      vertex 20.1003 -7.59008 109
    endloop
  endfacet
  facet normal 0 0 1
    outer loop
      vertex 21.4 -6.7 109
      vertex 20 -6.7 109
      vertex 20.0252 -7.14786 109
    endloop
  endfacet
  facet normal 0.998426 -0.0560802 0
    outer loop
      vertex 19.5 -6.7 113
      vertex 19.5283 -6.19616 110.5
      vertex 19.5283 -6.19616 113
    endloop
  endfacet
  facet normal 0.998426 -0.0560802 0
    outer loop
      vertex 19.5283 -6.19616 110.5
      vertex 19.5 -6.7 113
      vertex 19.5 -6.7 110.5
    endloop
  endfacet
  facet normal 0.815477 -0.57879 0
    outer loop
      vertex 20.1897 -4.30585 113
      vertex 20.4818 -3.8943 110.5
      vertex 20.4818 -3.8943 113
    endloop
  endfacet
  facet normal 0.815477 -0.57879 0
    outer loop
      vertex 20.4818 -3.8943 110.5
      vertex 20.1897 -4.30585 113
      vertex 20.1897 -4.30585 110.5
    endloop
  endfacet
  facet normal 0.276788 -0.960931 0
    outer loop
      vertex 22.5137 -2.45252 110.5
      vertex 22.9987 -2.31282 113
      vertex 22.5137 -2.45252 113
    endloop
  endfacet
  facet normal 0.276788 -0.960931 0
    outer loop
      vertex 22.9987 -2.31282 113
      vertex 22.5137 -2.45252 110.5
      vertex 22.9987 -2.31282 110.5
    endloop
  endfacet
  facet normal -0.998426 -0.0560802 0
    outer loop
      vertex 28.5 -6.7 110.453
      vertex 28.4717 -6.19616 113
      vertex 28.4717 -6.19616 110.458
    endloop
  endfacet
  facet normal -0.998426 -0.0560802 0
    outer loop
      vertex 28.4717 -6.19616 113
      vertex 28.5 -6.7 110.453
      vertex 28.5 -6.7 113
    endloop
  endfacet
  facet normal -0.578743 0.81551 0
    outer loop
      vertex 26.8057 -10.2182 110.5
      vertex 26.3941 -10.5103 113
      vertex 26.8057 -10.2182 113
    endloop
  endfacet
  facet normal -0.578743 0.81551 0
    outer loop
      vertex 26.3941 -10.5103 113
      vertex 26.8057 -10.2182 110.5
      vertex 26.3941 -10.5103 110.5
    endloop
  endfacet
  facet normal -0.98588 -0.167451 -0
    outer loop
      vertex 28.4717 -6.19616 113
      vertex 28.3872 -5.69866 110.472
      vertex 28.4717 -6.19616 110.458
    endloop
  endfacet
  facet normal -0.98588 -0.167451 0
    outer loop
      vertex 28.3872 -5.69866 110.472
      vertex 28.4717 -6.19616 113
      vertex 28.3872 -5.69866 113
    endloop
  endfacet
  facet normal -0.745706 -0.666276 0
    outer loop
      vertex 27.5182 -3.8943 110.5
      vertex 27.182 -3.51802 113
      vertex 27.182 -3.51802 110.5
    endloop
  endfacet
  facet normal -0.745706 -0.666276 0
    outer loop
      vertex 27.182 -3.51802 113
      vertex 27.5182 -3.8943 110.5
      vertex 27.5182 -3.8943 113
    endloop
  endfacet
  facet normal 0.0560649 -0.998427 0
    outer loop
      vertex 23.4962 -2.22829 110.5
      vertex 24 -2.2 113
      vertex 23.4962 -2.22829 113
    endloop
  endfacet
  facet normal 0.0560649 -0.998427 0
    outer loop
      vertex 24 -2.2 113
      vertex 23.4962 -2.22829 110.5
      vertex 24 -2.2 110.5
    endloop
  endfacet
  facet normal -0.276788 -0.960931 0
    outer loop
      vertex 25.0013 -2.31282 110.5
      vertex 25.4863 -2.45252 113
      vertex 25.0013 -2.31282 113
    endloop
  endfacet
  facet normal -0.276788 -0.960931 -0
    outer loop
      vertex 25.4863 -2.45252 113
      vertex 25.0013 -2.31282 110.5
      vertex 25.4863 -2.45252 110.5
    endloop
  endfacet
  facet normal -0.167509 -0.985871 0
    outer loop
      vertex 24.5038 -2.22829 110.5
      vertex 25.0013 -2.31282 113
      vertex 24.5038 -2.22829 113
    endloop
  endfacet
  facet normal -0.167509 -0.985871 -0
    outer loop
      vertex 25.0013 -2.31282 113
      vertex 24.5038 -2.22829 110.5
      vertex 25.0013 -2.31282 110.5
    endloop
  endfacet
  facet normal -0.578637 -0.815585 0
    outer loop
      vertex 26.3941 -2.88974 110.5
      vertex 26.8057 -3.18176 113
      vertex 26.3941 -2.88974 113
    endloop
  endfacet
  facet normal -0.578637 -0.815585 -0
    outer loop
      vertex 26.8057 -3.18176 113
      vertex 26.3941 -2.88974 110.5
      vertex 26.8057 -3.18176 110.5
    endloop
  endfacet
  facet normal 0.998426 0.0560802 0
    outer loop
      vertex 19.5283 -7.20384 113
      vertex 19.5 -6.7 110.5
      vertex 19.5 -6.7 113
    endloop
  endfacet
  facet normal 0.998426 0.0560802 0
    outer loop
      vertex 19.5 -6.7 110.5
      vertex 19.5283 -7.20384 113
      vertex 19.5283 -7.20384 110.5
    endloop
  endfacet
  facet normal 0.98588 -0.167451 0
    outer loop
      vertex 19.5283 -6.19616 113
      vertex 19.6128 -5.69866 110.5
      vertex 19.6128 -5.69866 113
    endloop
  endfacet
  facet normal 0.98588 -0.167451 0
    outer loop
      vertex 19.6128 -5.69866 110.5
      vertex 19.5283 -6.19616 113
      vertex 19.5283 -6.19616 110.5
    endloop
  endfacet
  facet normal 0.92389 -0.382659 0
    outer loop
      vertex 19.7525 -5.21374 113
      vertex 19.9456 -4.74752 110.5
      vertex 19.9456 -4.74752 113
    endloop
  endfacet
  facet normal 0.92389 -0.382659 0
    outer loop
      vertex 19.9456 -4.74752 110.5
      vertex 19.7525 -5.21374 113
      vertex 19.7525 -5.21374 110.5
    endloop
  endfacet
  facet normal 0.875225 -0.483715 0
    outer loop
      vertex 19.9456 -4.74752 113
      vertex 20.1897 -4.30585 110.5
      vertex 20.1897 -4.30585 113
    endloop
  endfacet
  facet normal 0.875225 -0.483715 0
    outer loop
      vertex 20.1897 -4.30585 110.5
      vertex 19.9456 -4.74752 113
      vertex 19.9456 -4.74752 110.5
    endloop
  endfacet
  facet normal 0.167509 -0.985871 0
    outer loop
      vertex 22.9987 -2.31282 110.5
      vertex 23.4962 -2.22829 113
      vertex 22.9987 -2.31282 113
    endloop
  endfacet
  facet normal 0.167509 -0.985871 0
    outer loop
      vertex 23.4962 -2.22829 113
      vertex 22.9987 -2.31282 110.5
      vertex 23.4962 -2.22829 110.5
    endloop
  endfacet
  facet normal 0.578637 -0.815585 0
    outer loop
      vertex 21.1943 -3.18176 110.5
      vertex 21.6059 -2.88974 113
      vertex 21.1943 -3.18176 113
    endloop
  endfacet
  facet normal 0.578637 -0.815585 0
    outer loop
      vertex 21.6059 -2.88974 113
      vertex 21.1943 -3.18176 110.5
      vertex 21.6059 -2.88974 110.5
    endloop
  endfacet
  facet normal 0.666322 -0.745664 0
    outer loop
      vertex 20.818 -3.51802 110.5
      vertex 21.1943 -3.18176 113
      vertex 20.818 -3.51802 113
    endloop
  endfacet
  facet normal 0.666322 -0.745664 0
    outer loop
      vertex 21.1943 -3.18176 113
      vertex 20.818 -3.51802 110.5
      vertex 21.1943 -3.18176 110.5
    endloop
  endfacet
  facet normal 0.483774 -0.875193 0
    outer loop
      vertex 21.6059 -2.88974 110.5
      vertex 22.0475 -2.64564 113
      vertex 21.6059 -2.88974 113
    endloop
  endfacet
  facet normal 0.483774 -0.875193 0
    outer loop
      vertex 22.0475 -2.64564 113
      vertex 21.6059 -2.88974 110.5
      vertex 22.0475 -2.64564 110.5
    endloop
  endfacet
  facet normal 0.745706 -0.666276 0
    outer loop
      vertex 20.4818 -3.8943 113
      vertex 20.818 -3.51802 110.5
      vertex 20.818 -3.51802 113
    endloop
  endfacet
  facet normal 0.745706 -0.666276 0
    outer loop
      vertex 20.818 -3.51802 110.5
      vertex 20.4818 -3.8943 113
      vertex 20.4818 -3.8943 110.5
    endloop
  endfacet
  facet normal -0.998426 0.0560802 0
    outer loop
      vertex 28.4717 -7.20384 110.458
      vertex 28.5 -6.7 113
      vertex 28.5 -6.7 110.453
    endloop
  endfacet
  facet normal -0.998426 0.0560802 0
    outer loop
      vertex 28.5 -6.7 113
      vertex 28.4717 -7.20384 110.458
      vertex 28.4717 -7.20384 113
    endloop
  endfacet
  facet normal -0.815484 0.57878 0
    outer loop
      vertex 27.5182 -9.5057 110.5
      vertex 27.8103 -9.09414 113
      vertex 27.8103 -9.09414 110.5
    endloop
  endfacet
  facet normal -0.815484 0.57878 0
    outer loop
      vertex 27.8103 -9.09414 113
      vertex 27.5182 -9.5057 110.5
      vertex 27.5182 -9.5057 113
    endloop
  endfacet
  facet normal 0.98588 0.167451 0
    outer loop
      vertex 19.6128 -7.70134 113
      vertex 19.5283 -7.20384 110.5
      vertex 19.5283 -7.20384 113
    endloop
  endfacet
  facet normal 0.98588 0.167451 0
    outer loop
      vertex 19.5283 -7.20384 110.5
      vertex 19.6128 -7.70134 113
      vertex 19.6128 -7.70134 110.5
    endloop
  endfacet
  facet normal 0.815484 0.57878 0
    outer loop
      vertex 20.4818 -9.5057 113
      vertex 20.1897 -9.09414 110.5
      vertex 20.1897 -9.09414 113
    endloop
  endfacet
  facet normal 0.815484 0.57878 0
    outer loop
      vertex 20.1897 -9.09414 110.5
      vertex 20.4818 -9.5057 113
      vertex 20.4818 -9.5057 110.5
    endloop
  endfacet
  facet normal -0.167451 0.98588 0
    outer loop
      vertex 25.0013 -11.0872 110.5
      vertex 24.5038 -11.1717 113
      vertex 25.0013 -11.0872 113
    endloop
  endfacet
  facet normal -0.167451 0.98588 0
    outer loop
      vertex 24.5038 -11.1717 113
      vertex 25.0013 -11.0872 110.5
      vertex 24.5038 -11.1717 110.5
    endloop
  endfacet
  facet normal -0.483774 0.875193 0
    outer loop
      vertex 26.3941 -10.5103 110.5
      vertex 25.9525 -10.7544 113
      vertex 26.3941 -10.5103 113
    endloop
  endfacet
  facet normal -0.483774 0.875193 0
    outer loop
      vertex 25.9525 -10.7544 113
      vertex 26.3941 -10.5103 110.5
      vertex 25.9525 -10.7544 110.5
    endloop
  endfacet
  facet normal -0.875273 -0.483629 0
    outer loop
      vertex 28 -4.64917 110.5
      vertex 27.8103 -4.30585 113
      vertex 27.8103 -4.30585 110.5
    endloop
  endfacet
  facet normal -0.875058 -0.484018 -0
    outer loop
      vertex 28.0544 -4.74752 113
      vertex 28 -4.64917 110.5
      vertex 28.0544 -4.74752 110.497
    endloop
  endfacet
  facet normal -0.875225 -0.483715 1.55463e-05
    outer loop
      vertex 28 -4.64917 110.5
      vertex 28.0544 -4.74752 113
      vertex 27.8103 -4.30585 113
    endloop
  endfacet
  facet normal -0.92389 -0.382659 -0
    outer loop
      vertex 28.2475 -5.21374 113
      vertex 28.0544 -4.74752 110.497
      vertex 28.2475 -5.21374 110.486
    endloop
  endfacet
  facet normal -0.92389 -0.382659 0
    outer loop
      vertex 28.0544 -4.74752 110.497
      vertex 28.2475 -5.21374 113
      vertex 28.0544 -4.74752 113
    endloop
  endfacet
  facet normal -0.92389 0.382659 0
    outer loop
      vertex 28.0544 -8.65248 110.497
      vertex 28.2475 -8.18626 113
      vertex 28.2475 -8.18626 110.486
    endloop
  endfacet
  facet normal -0.92389 0.382659 0
    outer loop
      vertex 28.2475 -8.18626 113
      vertex 28.0544 -8.65248 110.497
      vertex 28.0544 -8.65248 113
    endloop
  endfacet
  facet normal -0.960894 0.276916 0
    outer loop
      vertex 28.3359 -7.87935 110.481
      vertex 28.3872 -7.70134 113
      vertex 28.3872 -7.70134 110.472
    endloop
  endfacet
  facet normal -0.960933 0.27678 0
    outer loop
      vertex 28.2475 -8.18626 113
      vertex 28.3359 -7.87935 110.481
      vertex 28.2475 -8.18626 110.486
    endloop
  endfacet
  facet normal -0.960919 0.27683 6.60718e-06
    outer loop
      vertex 28.3359 -7.87935 110.481
      vertex 28.2475 -8.18626 113
      vertex 28.3872 -7.70134 113
    endloop
  endfacet
  facet normal -0.875058 0.484018 0
    outer loop
      vertex 28 -8.75083 110.5
      vertex 28.0544 -8.65248 113
      vertex 28.0544 -8.65248 110.497
    endloop
  endfacet
  facet normal -0.875267 0.483639 0
    outer loop
      vertex 27.8103 -9.09414 113
      vertex 28 -8.75083 110.5
      vertex 27.8103 -9.09414 110.5
    endloop
  endfacet
  facet normal -0.875221 0.483724 1.51153e-05
    outer loop
      vertex 28 -8.75083 110.5
      vertex 27.8103 -9.09414 113
      vertex 28.0544 -8.65248 113
    endloop
  endfacet
  facet normal -0.0560847 0.998426 0
    outer loop
      vertex 24.5038 -11.1717 110.5
      vertex 24 -11.2 113
      vertex 24.5038 -11.1717 113
    endloop
  endfacet
  facet normal -0.0560847 0.998426 0
    outer loop
      vertex 24 -11.2 113
      vertex 24.5038 -11.1717 110.5
      vertex 24 -11.2 110.5
    endloop
  endfacet
  facet normal 0.167451 0.98588 -0
    outer loop
      vertex 23.4962 -11.1717 110.5
      vertex 22.9987 -11.0872 113
      vertex 23.4962 -11.1717 113
    endloop
  endfacet
  facet normal 0.167451 0.98588 0
    outer loop
      vertex 22.9987 -11.0872 113
      vertex 23.4962 -11.1717 110.5
      vertex 22.9987 -11.0872 110.5
    endloop
  endfacet
  facet normal 0.666278 0.745703 -0
    outer loop
      vertex 21.1943 -10.2182 110.5
      vertex 20.818 -9.88198 113
      vertex 21.1943 -10.2182 113
    endloop
  endfacet
  facet normal 0.666278 0.745703 0
    outer loop
      vertex 20.818 -9.88198 113
      vertex 21.1943 -10.2182 110.5
      vertex 20.818 -9.88198 110.5
    endloop
  endfacet
  facet normal -0.382673 0.923884 0
    outer loop
      vertex 25.9525 -10.7544 110.5
      vertex 25.4863 -10.9475 113
      vertex 25.9525 -10.7544 113
    endloop
  endfacet
  facet normal -0.382673 0.923884 0
    outer loop
      vertex 25.4863 -10.9475 113
      vertex 25.9525 -10.7544 110.5
      vertex 25.4863 -10.9475 110.5
    endloop
  endfacet
  facet normal -0.276788 0.960931 0
    outer loop
      vertex 25.4863 -10.9475 110.5
      vertex 25.0013 -11.0872 113
      vertex 25.4863 -10.9475 113
    endloop
  endfacet
  facet normal -0.276788 0.960931 0
    outer loop
      vertex 25.0013 -11.0872 113
      vertex 25.4863 -10.9475 110.5
      vertex 25.0013 -11.0872 110.5
    endloop
  endfacet
  facet normal -0.745706 0.666276 0
    outer loop
      vertex 27.182 -9.88198 110.5
      vertex 27.5182 -9.5057 113
      vertex 27.5182 -9.5057 110.5
    endloop
  endfacet
  facet normal -0.745706 0.666276 0
    outer loop
      vertex 27.5182 -9.5057 113
      vertex 27.182 -9.88198 110.5
      vertex 27.182 -9.88198 113
    endloop
  endfacet
  facet normal -0.666278 0.745703 0
    outer loop
      vertex 27.182 -9.88198 110.5
      vertex 26.8057 -10.2182 113
      vertex 27.182 -9.88198 113
    endloop
  endfacet
  facet normal -0.666278 0.745703 0
    outer loop
      vertex 26.8057 -10.2182 113
      vertex 27.182 -9.88198 110.5
      vertex 26.8057 -10.2182 110.5
    endloop
  endfacet
  facet normal -0.960933 -0.27678 0
    outer loop
      vertex 28.3359 -5.52065 110.481
      vertex 28.2475 -5.21374 113
      vertex 28.2475 -5.21374 110.486
    endloop
  endfacet
  facet normal -0.960894 -0.276916 -0
    outer loop
      vertex 28.3872 -5.69866 113
      vertex 28.3359 -5.52065 110.481
      vertex 28.3872 -5.69866 110.472
    endloop
  endfacet
  facet normal -0.960919 -0.27683 6.60718e-06
    outer loop
      vertex 28.3359 -5.52065 110.481
      vertex 28.3872 -5.69866 113
      vertex 28.2475 -5.21374 113
    endloop
  endfacet
  facet normal 0.276788 0.960931 -0
    outer loop
      vertex 22.9987 -11.0872 110.5
      vertex 22.5137 -10.9475 113
      vertex 22.9987 -11.0872 113
    endloop
  endfacet
  facet normal 0.276788 0.960931 0
    outer loop
      vertex 22.5137 -10.9475 113
      vertex 22.9987 -11.0872 110.5
      vertex 22.5137 -10.9475 110.5
    endloop
  endfacet
  facet normal 0.92389 0.382659 0
    outer loop
      vertex 19.9456 -8.65248 113
      vertex 19.7525 -8.18626 110.5
      vertex 19.7525 -8.18626 113
    endloop
  endfacet
  facet normal 0.92389 0.382659 0
    outer loop
      vertex 19.7525 -8.18626 110.5
      vertex 19.9456 -8.65248 113
      vertex 19.9456 -8.65248 110.5
    endloop
  endfacet
  facet normal 0.960919 0.27683 0
    outer loop
      vertex 19.7525 -8.18626 113
      vertex 19.6128 -7.70134 110.5
      vertex 19.6128 -7.70134 113
    endloop
  endfacet
  facet normal 0.960919 0.27683 0
    outer loop
      vertex 19.6128 -7.70134 110.5
      vertex 19.7525 -8.18626 113
      vertex 19.7525 -8.18626 110.5
    endloop
  endfacet
  facet normal 0.875221 0.483724 0
    outer loop
      vertex 20.1897 -9.09414 113
      vertex 19.9456 -8.65248 110.5
      vertex 19.9456 -8.65248 113
    endloop
  endfacet
  facet normal 0.875221 0.483724 0
    outer loop
      vertex 19.9456 -8.65248 110.5
      vertex 20.1897 -9.09414 113
      vertex 20.1897 -9.09414 110.5
    endloop
  endfacet
  facet normal 0.578743 0.81551 -0
    outer loop
      vertex 21.6059 -10.5103 110.5
      vertex 21.1943 -10.2182 113
      vertex 21.6059 -10.5103 113
    endloop
  endfacet
  facet normal 0.578743 0.81551 0
    outer loop
      vertex 21.1943 -10.2182 113
      vertex 21.6059 -10.5103 110.5
      vertex 21.1943 -10.2182 110.5
    endloop
  endfacet
  facet normal 0.483774 0.875193 -0
    outer loop
      vertex 22.0475 -10.7544 110.5
      vertex 21.6059 -10.5103 113
      vertex 22.0475 -10.7544 113
    endloop
  endfacet
  facet normal 0.483774 0.875193 0
    outer loop
      vertex 21.6059 -10.5103 113
      vertex 22.0475 -10.7544 110.5
      vertex 21.6059 -10.5103 110.5
    endloop
  endfacet
  facet normal 0.382673 0.923884 -0
    outer loop
      vertex 22.5137 -10.9475 110.5
      vertex 22.0475 -10.7544 113
      vertex 22.5137 -10.9475 113
    endloop
  endfacet
  facet normal 0.382673 0.923884 0
    outer loop
      vertex 22.0475 -10.7544 113
      vertex 22.5137 -10.9475 110.5
      vertex 22.0475 -10.7544 110.5
    endloop
  endfacet
  facet normal 0.0560847 0.998426 -0
    outer loop
      vertex 24 -11.2 110.5
      vertex 23.4962 -11.1717 113
      vertex 24 -11.2 113
    endloop
  endfacet
  facet normal 0.0560847 0.998426 0
    outer loop
      vertex 23.4962 -11.1717 113
      vertex 24 -11.2 110.5
      vertex 23.4962 -11.1717 110.5
    endloop
  endfacet
  facet normal 0.745706 0.666276 0
    outer loop
      vertex 20.818 -9.88198 113
      vertex 20.4818 -9.5057 110.5
      vertex 20.4818 -9.5057 113
    endloop
  endfacet
  facet normal 0.745706 0.666276 0
    outer loop
      vertex 20.4818 -9.5057 110.5
      vertex 20.818 -9.88198 113
      vertex 20.818 -9.88198 110.5
    endloop
  endfacet
  facet normal 1 -0 0
    outer loop
      vertex -23 -10.2 113
      vertex -23 -3.2 110.5
      vertex -23 -3.2 113
    endloop
  endfacet
  facet normal 1 0 0
    outer loop
      vertex -23 -3.2 110.5
      vertex -23 -10.2 113
      vertex -23 -10.2 110.5
    endloop
  endfacet
  facet normal -1 0 0
    outer loop
      vertex 1 -10.2 108.4
      vertex 1 -3.2 110
      vertex 1 -3.2 108.4
    endloop
  endfacet
  facet normal -1 -0 0
    outer loop
      vertex 1 -3.2 110
      vertex 1 -10.2 108.4
      vertex 1 -10.2 110
    endloop
  endfacet
  facet normal -1 0 0
    outer loop
      vertex 1 -10.2 110.5
      vertex 1 -3.2 113
      vertex 1 -3.2 110.5
    endloop
  endfacet
  facet normal -1 -0 0
    outer loop
      vertex 1 -3.2 113
      vertex 1 -10.2 110.5
      vertex 1 -10.2 113
    endloop
  endfacet
  facet normal 0 -1 0
    outer loop
      vertex -19 -3.2 108.4
      vertex 1 -3.2 110
      vertex -19 -3.2 110
    endloop
  endfacet
  facet normal 0 -1 -0
    outer loop
      vertex 1 -3.2 110
      vertex -19 -3.2 108.4
      vertex 1 -3.2 108.4
    endloop
  endfacet
  facet normal 0 -1 0
    outer loop
      vertex -23 -3.2 110.5
      vertex 1 -3.2 113
      vertex -23 -3.2 113
    endloop
  endfacet
  facet normal 0 -1 -0
    outer loop
      vertex 1 -3.2 113
      vertex -23 -3.2 110.5
      vertex 1 -3.2 110.5
    endloop
  endfacet
  facet normal 0 1 -0
    outer loop
      vertex 1 -10.2 108.4
      vertex -19 -10.2 110
      vertex 1 -10.2 110
    endloop
  endfacet
  facet normal 0 1 0
    outer loop
      vertex -19 -10.2 110
      vertex 1 -10.2 108.4
      vertex -19 -10.2 108.4
    endloop
  endfacet
  facet normal 0 1 -0
    outer loop
      vertex 1 -10.2 110.5
      vertex -23 -10.2 113
      vertex 1 -10.2 113
    endloop
  endfacet
  facet normal 0 1 0
    outer loop
      vertex -23 -10.2 113
      vertex 1 -10.2 110.5
      vertex -23 -10.2 110.5
    endloop
  endfacet
endsolid OpenSCAD_Model
