solid OpenSCAD_Model
  facet normal 0 1 0
    outer loop
      vertex 10.01 2 18
      vertex 0 2 14
      vertex -10.01 2 18
    endloop
  endfacet
  facet normal 0 1 0
    outer loop
      vertex 10.01 2 18
      vertex 0.559822 2 13.9686
      vertex 0 2 14
    endloop
  endfacet
  facet normal 0 1 0
    outer loop
      vertex 10.01 2 18
      vertex 1.1126 2 13.8746
      vertex 0.559822 2 13.9686
    endloop
  endfacet
  facet normal 0 1 0
    outer loop
      vertex 10.01 2 18
      vertex 1.65139 2 13.7194
      vertex 1.1126 2 13.8746
    endloop
  endfacet
  facet normal 0 1 0
    outer loop
      vertex 10.01 2 18
      vertex 2.16942 2 13.5048
      vertex 1.65139 2 13.7194
    endloop
  endfacet
  facet normal 0 1 0
    outer loop
      vertex 10.01 2 18
      vertex 2.66016 2 13.2336
      vertex 2.16942 2 13.5048
    endloop
  endfacet
  facet normal 0 1 0
    outer loop
      vertex 10.01 2 18
      vertex 3.11745 2 12.9092
      vertex 2.66016 2 13.2336
    endloop
  endfacet
  facet normal 0 1 0
    outer loop
      vertex 10.01 2 18
      vertex 3.53553 2 12.5355
      vertex 3.11745 2 12.9092
    endloop
  endfacet
  facet normal 0 1 0
    outer loop
      vertex 10.01 2 18
      vertex 3.90916 2 12.1174
      vertex 3.53553 2 12.5355
    endloop
  endfacet
  facet normal 0 1 0
    outer loop
      vertex 10.01 2 18
      vertex 4.23362 2 11.6602
      vertex 3.90916 2 12.1174
    endloop
  endfacet
  facet normal 0 1 0
    outer loop
      vertex 10.01 2 18
      vertex 4.50484 2 11.1694
      vertex 4.23362 2 11.6602
    endloop
  endfacet
  facet normal 0 1 0
    outer loop
      vertex 10.01 2 18
      vertex 4.71942 2 10.6514
      vertex 4.50484 2 11.1694
    endloop
  endfacet
  facet normal 0 1 0
    outer loop
      vertex 10.01 2 18
      vertex 4.87464 2 10.1126
      vertex 4.71942 2 10.6514
    endloop
  endfacet
  facet normal 0 1 0
    outer loop
      vertex 10.01 2 18
      vertex 4.96856 2 9.55982
      vertex 4.87464 2 10.1126
    endloop
  endfacet
  facet normal 0 1 0
    outer loop
      vertex 10.01 2 18
      vertex 5 2 9
      vertex 4.96856 2 9.55982
    endloop
  endfacet
  facet normal 0 1 -0
    outer loop
      vertex 10.01 2 0
      vertex 5 2 9
      vertex 10.01 2 18
    endloop
  endfacet
  facet normal 0 1 0
    outer loop
      vertex 5 2 9
      vertex 10.01 2 0
      vertex 4.96856 2 8.44018
    endloop
  endfacet
  facet normal 0 1 0
    outer loop
      vertex 4.96856 2 8.44018
      vertex 10.01 2 0
      vertex 4.87464 2 7.88739
    endloop
  endfacet
  facet normal 0 1 0
    outer loop
      vertex 4.87464 2 7.88739
      vertex 10.01 2 0
      vertex 4.71942 2 7.3486
    endloop
  endfacet
  facet normal 0 1 0
    outer loop
      vertex 0.559822 2 4.03144
      vertex 10.01 2 0
      vertex 0 2 4
    endloop
  endfacet
  facet normal 0 1 0
    outer loop
      vertex 1.1126 2 4.12536
      vertex 10.01 2 0
      vertex 0.559822 2 4.03144
    endloop
  endfacet
  facet normal 0 1 0
    outer loop
      vertex 1.65139 2 4.28058
      vertex 10.01 2 0
      vertex 1.1126 2 4.12536
    endloop
  endfacet
  facet normal 0 1 0
    outer loop
      vertex 2.16942 2 4.49516
      vertex 10.01 2 0
      vertex 1.65139 2 4.28058
    endloop
  endfacet
  facet normal 0 1 0
    outer loop
      vertex 2.66016 2 4.76638
      vertex 10.01 2 0
      vertex 2.16942 2 4.49516
    endloop
  endfacet
  facet normal 0 1 0
    outer loop
      vertex 3.11745 2 5.09084
      vertex 10.01 2 0
      vertex 2.66016 2 4.76638
    endloop
  endfacet
  facet normal 0 1 0
    outer loop
      vertex 3.53553 2 5.46447
      vertex 10.01 2 0
      vertex 3.11745 2 5.09084
    endloop
  endfacet
  facet normal 0 1 0
    outer loop
      vertex 3.90916 2 5.88255
      vertex 10.01 2 0
      vertex 3.53553 2 5.46447
    endloop
  endfacet
  facet normal 0 1 0
    outer loop
      vertex 4.23362 2 6.33984
      vertex 10.01 2 0
      vertex 3.90916 2 5.88255
    endloop
  endfacet
  facet normal 0 1 0
    outer loop
      vertex 4.50484 2 6.83058
      vertex 10.01 2 0
      vertex 4.23362 2 6.33984
    endloop
  endfacet
  facet normal 0 1 0
    outer loop
      vertex 4.71942 2 7.3486
      vertex 10.01 2 0
      vertex 4.50484 2 6.83058
    endloop
  endfacet
  facet normal 0 1 -0
    outer loop
      vertex -0.559822 2 13.9686
      vertex -10.01 2 18
      vertex 0 2 14
    endloop
  endfacet
  facet normal 0 1 -0
    outer loop
      vertex -1.1126 2 13.8746
      vertex -10.01 2 18
      vertex -0.559822 2 13.9686
    endloop
  endfacet
  facet normal 0 1 -0
    outer loop
      vertex -1.65139 2 13.7194
      vertex -10.01 2 18
      vertex -1.1126 2 13.8746
    endloop
  endfacet
  facet normal 0 1 -0
    outer loop
      vertex -2.16942 2 13.5048
      vertex -10.01 2 18
      vertex -1.65139 2 13.7194
    endloop
  endfacet
  facet normal 0 1 -0
    outer loop
      vertex -2.66016 2 13.2336
      vertex -10.01 2 18
      vertex -2.16942 2 13.5048
    endloop
  endfacet
  facet normal 0 1 -0
    outer loop
      vertex -3.11745 2 12.9092
      vertex -10.01 2 18
      vertex -2.66016 2 13.2336
    endloop
  endfacet
  facet normal 0 1 -0
    outer loop
      vertex -3.53553 2 12.5355
      vertex -10.01 2 18
      vertex -3.11745 2 12.9092
    endloop
  endfacet
  facet normal 0 1 -0
    outer loop
      vertex -3.90916 2 12.1174
      vertex -10.01 2 18
      vertex -3.53553 2 12.5355
    endloop
  endfacet
  facet normal 0 1 -0
    outer loop
      vertex -4.23362 2 11.6602
      vertex -10.01 2 18
      vertex -3.90916 2 12.1174
    endloop
  endfacet
  facet normal 0 1 -0
    outer loop
      vertex -4.50484 2 11.1694
      vertex -10.01 2 18
      vertex -4.23362 2 11.6602
    endloop
  endfacet
  facet normal 0 1 -0
    outer loop
      vertex -4.71942 2 10.6514
      vertex -10.01 2 18
      vertex -4.50484 2 11.1694
    endloop
  endfacet
  facet normal 0 1 -0
    outer loop
      vertex -4.87464 2 10.1126
      vertex -10.01 2 18
      vertex -4.71942 2 10.6514
    endloop
  endfacet
  facet normal 0 1 -0
    outer loop
      vertex -4.96856 2 9.55982
      vertex -10.01 2 18
      vertex -4.87464 2 10.1126
    endloop
  endfacet
  facet normal 0 1 -0
    outer loop
      vertex -5 2 9
      vertex -10.01 2 18
      vertex -4.96856 2 9.55982
    endloop
  endfacet
  facet normal 0 1 0
    outer loop
      vertex -10.01 2 0
      vertex -5 2 9
      vertex -4.96856 2 8.44018
    endloop
  endfacet
  facet normal 0 1 0
    outer loop
      vertex -10.01 2 0
      vertex -4.96856 2 8.44018
      vertex -4.87464 2 7.88739
    endloop
  endfacet
  facet normal 0 1 0
    outer loop
      vertex -10.01 2 0
      vertex -4.87464 2 7.88739
      vertex -4.71942 2 7.3486
    endloop
  endfacet
  facet normal 0 1 0
    outer loop
      vertex -10.01 2 0
      vertex -4.71942 2 7.3486
      vertex -4.50484 2 6.83058
    endloop
  endfacet
  facet normal 0 1 0
    outer loop
      vertex -10.01 2 0
      vertex 0 2 4
      vertex 10.01 2 0
    endloop
  endfacet
  facet normal 0 1 0
    outer loop
      vertex 0 2 4
      vertex -10.01 2 0
      vertex -0.559822 2 4.03144
    endloop
  endfacet
  facet normal 0 1 0
    outer loop
      vertex -0.559822 2 4.03144
      vertex -10.01 2 0
      vertex -1.1126 2 4.12536
    endloop
  endfacet
  facet normal 0 1 0
    outer loop
      vertex -5 2 9
      vertex -10.01 2 0
      vertex -10.01 2 18
    endloop
  endfacet
  facet normal 0 1 0
    outer loop
      vertex -4.23362 2 6.33984
      vertex -10.01 2 0
      vertex -4.50484 2 6.83058
    endloop
  endfacet
  facet normal 0 1 0
    outer loop
      vertex -3.90916 2 5.88255
      vertex -10.01 2 0
      vertex -4.23362 2 6.33984
    endloop
  endfacet
  facet normal 0 1 0
    outer loop
      vertex -3.53553 2 5.46447
      vertex -10.01 2 0
      vertex -3.90916 2 5.88255
    endloop
  endfacet
  facet normal 0 1 0
    outer loop
      vertex -3.11745 2 5.09084
      vertex -10.01 2 0
      vertex -3.53553 2 5.46447
    endloop
  endfacet
  facet normal 0 1 0
    outer loop
      vertex -2.66016 2 4.76638
      vertex -10.01 2 0
      vertex -3.11745 2 5.09084
    endloop
  endfacet
  facet normal 0 1 0
    outer loop
      vertex -2.16942 2 4.49516
      vertex -10.01 2 0
      vertex -2.66016 2 4.76638
    endloop
  endfacet
  facet normal 0 1 0
    outer loop
      vertex -1.65139 2 4.28058
      vertex -10.01 2 0
      vertex -2.16942 2 4.49516
    endloop
  endfacet
  facet normal 0 1 0
    outer loop
      vertex -1.1126 2 4.12536
      vertex -10.01 2 0
      vertex -1.65139 2 4.28058
    endloop
  endfacet
  facet normal 0.666336 0.745651 -0
    outer loop
      vertex 11.4171 1.41714 0
      vertex 11.2507 1.56584 18
      vertex 11.4171 1.41714 18
    endloop
  endfacet
  facet normal 0.666336 0.745651 0
    outer loop
      vertex 11.2507 1.56584 18
      vertex 11.4171 1.41714 0
      vertex 11.2507 1.56584 0
    endloop
  endfacet
  facet normal -0.745651 0.666336 0
    outer loop
      vertex -11.5658 1.25074 0
      vertex -11.4171 1.41714 18
      vertex -11.4171 1.41714 0
    endloop
  endfacet
  facet normal -0.745651 0.666336 0
    outer loop
      vertex -11.4171 1.41714 18
      vertex -11.5658 1.25074 0
      vertex -11.5658 1.25074 18
    endloop
  endfacet
  facet normal -0.666336 0.745651 0
    outer loop
      vertex -11.2507 1.56584 0
      vertex -11.4171 1.41714 18
      vertex -11.2507 1.56584 18
    endloop
  endfacet
  facet normal -0.666336 0.745651 0
    outer loop
      vertex -11.4171 1.41714 18
      vertex -11.2507 1.56584 0
      vertex -11.4171 1.41714 0
    endloop
  endfacet
  facet normal -0.3828 0.923831 0
    outer loop
      vertex -10.6673 1.88833 0
      vertex -10.8734 1.80293 18
      vertex -10.6673 1.88833 18
    endloop
  endfacet
  facet normal -0.3828 0.923831 0
    outer loop
      vertex -10.8734 1.80293 18
      vertex -10.6673 1.88833 0
      vertex -10.8734 1.80293 0
    endloop
  endfacet
  facet normal 0 -1 0
    outer loop
      vertex -10.01 -2 0
      vertex 10.01 -2 18
      vertex -10.01 -2 18
    endloop
  endfacet
  facet normal 0 -1 -0
    outer loop
      vertex 10.01 -2 18
      vertex -10.01 -2 0
      vertex 10.01 -2 0
    endloop
  endfacet
  facet normal -0.815425 0.578862 0
    outer loop
      vertex -11.695 1.06874 0
      vertex -11.5658 1.25074 18
      vertex -11.5658 1.25074 0
    endloop
  endfacet
  facet normal -0.815425 0.578862 0
    outer loop
      vertex -11.5658 1.25074 18
      vertex -11.695 1.06874 0
      vertex -11.695 1.06874 18
    endloop
  endfacet
  facet normal -0.276768 0.960937 0
    outer loop
      vertex -10.4528 1.95011 0
      vertex -10.6673 1.88833 18
      vertex -10.4528 1.95011 18
    endloop
  endfacet
  facet normal -0.276768 0.960937 0
    outer loop
      vertex -10.6673 1.88833 18
      vertex -10.4528 1.95011 0
      vertex -10.6673 1.88833 0
    endloop
  endfacet
  facet normal 0.167508 0.985871 -0
    outer loop
      vertex 10.4528 1.95011 0
      vertex 10.2328 1.98749 18
      vertex 10.4528 1.95011 18
    endloop
  endfacet
  facet normal 0.167508 0.985871 0
    outer loop
      vertex 10.2328 1.98749 18
      vertex 10.4528 1.95011 0
      vertex 10.2328 1.98749 0
    endloop
  endfacet
  facet normal -0.167508 -0.985871 0
    outer loop
      vertex -10.4528 -1.95011 0
      vertex -10.2328 -1.98749 18
      vertex -10.4528 -1.95011 18
    endloop
  endfacet
  facet normal -0.167508 -0.985871 -0
    outer loop
      vertex -10.2328 -1.98749 18
      vertex -10.4528 -1.95011 0
      vertex -10.2328 -1.98749 0
    endloop
  endfacet
  facet normal -0.875309 -0.483564 0
    outer loop
      vertex -11.695 -1.06874 0
      vertex -11.8029 -0.873428 18
      vertex -11.8029 -0.873428 0
    endloop
  endfacet
  facet normal -0.875309 -0.483564 0
    outer loop
      vertex -11.8029 -0.873428 18
      vertex -11.695 -1.06874 0
      vertex -11.695 -1.06874 18
    endloop
  endfacet
  facet normal 0 0 -1
    outer loop
      vertex 11.9875 -0.232809 0
      vertex 12 0.00999928 0
      vertex 12 -0.00999928 0
    endloop
  endfacet
  facet normal 0 0 -1
    outer loop
      vertex 11.9875 -0.232809 0
      vertex 11.9875 0.232809 0
      vertex 12 0.00999928 0
    endloop
  endfacet
  facet normal 0 0 -1
    outer loop
      vertex 11.9501 -0.452816 0
      vertex 11.9875 0.232809 0
      vertex 11.9875 -0.232809 0
    endloop
  endfacet
  facet normal 0 0 -1
    outer loop
      vertex 11.9501 -0.452816 0
      vertex 11.9501 0.452816 0
      vertex 11.9875 0.232809 0
    endloop
  endfacet
  facet normal 0 0 -1
    outer loop
      vertex 11.8883 -0.667254 0
      vertex 11.9501 0.452816 0
      vertex 11.9501 -0.452816 0
    endloop
  endfacet
  facet normal 0 0 -1
    outer loop
      vertex 11.8883 -0.667254 0
      vertex 11.8883 0.667254 0
      vertex 11.9501 0.452816 0
    endloop
  endfacet
  facet normal 0 0 -1
    outer loop
      vertex 11.8029 -0.873428 0
      vertex 11.8883 0.667254 0
      vertex 11.8883 -0.667254 0
    endloop
  endfacet
  facet normal 0 0 -1
    outer loop
      vertex 11.8029 -0.873428 0
      vertex 11.8029 0.873428 0
      vertex 11.8883 0.667254 0
    endloop
  endfacet
  facet normal 0 0 -1
    outer loop
      vertex 11.695 -1.06874 0
      vertex 11.8029 0.873428 0
      vertex 11.8029 -0.873428 0
    endloop
  endfacet
  facet normal 0 0 -1
    outer loop
      vertex 11.695 -1.06874 0
      vertex 11.695 1.06874 0
      vertex 11.8029 0.873428 0
    endloop
  endfacet
  facet normal 0 0 -1
    outer loop
      vertex 11.5658 -1.25074 0
      vertex 11.695 1.06874 0
      vertex 11.695 -1.06874 0
    endloop
  endfacet
  facet normal 0 0 -1
    outer loop
      vertex 11.5658 -1.25074 0
      vertex 11.5658 1.25074 0
      vertex 11.695 1.06874 0
    endloop
  endfacet
  facet normal 0 0 -1
    outer loop
      vertex 11.4171 -1.41714 0
      vertex 11.5658 1.25074 0
      vertex 11.5658 -1.25074 0
    endloop
  endfacet
  facet normal 0 0 -1
    outer loop
      vertex 11.4171 -1.41714 0
      vertex 11.4171 1.41714 0
      vertex 11.5658 1.25074 0
    endloop
  endfacet
  facet normal 0 0 -1
    outer loop
      vertex 11.2507 -1.56584 0
      vertex 11.4171 1.41714 0
      vertex 11.4171 -1.41714 0
    endloop
  endfacet
  facet normal 0 0 -1
    outer loop
      vertex 11.2507 -1.56584 0
      vertex 11.2507 1.56584 0
      vertex 11.4171 1.41714 0
    endloop
  endfacet
  facet normal 0 0 -1
    outer loop
      vertex 11.0687 -1.69498 0
      vertex 11.2507 1.56584 0
      vertex 11.2507 -1.56584 0
    endloop
  endfacet
  facet normal 0 0 -1
    outer loop
      vertex 11.0687 -1.69498 0
      vertex 11.0687 1.69498 0
      vertex 11.2507 1.56584 0
    endloop
  endfacet
  facet normal 0 0 -1
    outer loop
      vertex 10.8734 -1.80293 0
      vertex 11.0687 1.69498 0
      vertex 11.0687 -1.69498 0
    endloop
  endfacet
  facet normal 0 0 -1
    outer loop
      vertex 10.8734 -1.80293 0
      vertex 10.8734 1.80293 0
      vertex 11.0687 1.69498 0
    endloop
  endfacet
  facet normal 0 0 -1
    outer loop
      vertex 10.6673 -1.88833 0
      vertex 10.8734 1.80293 0
      vertex 10.8734 -1.80293 0
    endloop
  endfacet
  facet normal 0 0 -1
    outer loop
      vertex 10.6673 -1.88833 0
      vertex 10.6673 1.88833 0
      vertex 10.8734 1.80293 0
    endloop
  endfacet
  facet normal 0 0 -1
    outer loop
      vertex 10.4528 -1.95011 0
      vertex 10.6673 1.88833 0
      vertex 10.6673 -1.88833 0
    endloop
  endfacet
  facet normal 0 0 -1
    outer loop
      vertex 10.4528 -1.95011 0
      vertex 10.4528 1.95011 0
      vertex 10.6673 1.88833 0
    endloop
  endfacet
  facet normal 0 0 -1
    outer loop
      vertex 10.2328 -1.98749 0
      vertex 10.4528 1.95011 0
      vertex 10.4528 -1.95011 0
    endloop
  endfacet
  facet normal 0 0 -1
    outer loop
      vertex 10.2328 -1.98749 0
      vertex 10.2328 1.98749 0
      vertex 10.4528 1.95011 0
    endloop
  endfacet
  facet normal 0 0 -1
    outer loop
      vertex 10.01 -2 0
      vertex 10.2328 1.98749 0
      vertex 10.2328 -1.98749 0
    endloop
  endfacet
  facet normal 0 0 -1
    outer loop
      vertex 10.01 -2 0
      vertex 10.01 2 0
      vertex 10.2328 1.98749 0
    endloop
  endfacet
  facet normal 0 0 -1
    outer loop
      vertex -10.01 -2 0
      vertex 10.01 2 0
      vertex 10.01 -2 0
    endloop
  endfacet
  facet normal 0 0 -1
    outer loop
      vertex -10.01 -2 0
      vertex -10.01 2 0
      vertex 10.01 2 0
    endloop
  endfacet
  facet normal 0 0 -1
    outer loop
      vertex -10.2328 -1.98749 0
      vertex -10.01 2 0
      vertex -10.01 -2 0
    endloop
  endfacet
  facet normal 0 0 -1
    outer loop
      vertex -10.2328 -1.98749 0
      vertex -10.2328 1.98749 0
      vertex -10.01 2 0
    endloop
  endfacet
  facet normal 0 0 -1
    outer loop
      vertex -10.4528 -1.95011 0
      vertex -10.2328 1.98749 0
      vertex -10.2328 -1.98749 0
    endloop
  endfacet
  facet normal 0 0 -1
    outer loop
      vertex -10.4528 -1.95011 0
      vertex -10.4528 1.95011 0
      vertex -10.2328 1.98749 0
    endloop
  endfacet
  facet normal 0 0 -1
    outer loop
      vertex -10.6673 -1.88833 0
      vertex -10.4528 1.95011 0
      vertex -10.4528 -1.95011 0
    endloop
  endfacet
  facet normal 0 0 -1
    outer loop
      vertex -10.6673 -1.88833 0
      vertex -10.6673 1.88833 0
      vertex -10.4528 1.95011 0
    endloop
  endfacet
  facet normal 0 0 -1
    outer loop
      vertex -10.8734 -1.80293 0
      vertex -10.6673 1.88833 0
      vertex -10.6673 -1.88833 0
    endloop
  endfacet
  facet normal 0 0 -1
    outer loop
      vertex -10.8734 -1.80293 0
      vertex -10.8734 1.80293 0
      vertex -10.6673 1.88833 0
    endloop
  endfacet
  facet normal 0 0 -1
    outer loop
      vertex -11.0687 -1.69498 0
      vertex -10.8734 1.80293 0
      vertex -10.8734 -1.80293 0
    endloop
  endfacet
  facet normal 0 0 -1
    outer loop
      vertex -11.0687 -1.69498 0
      vertex -11.0687 1.69498 0
      vertex -10.8734 1.80293 0
    endloop
  endfacet
  facet normal 0 0 -1
    outer loop
      vertex -11.2507 -1.56584 0
      vertex -11.0687 1.69498 0
      vertex -11.0687 -1.69498 0
    endloop
  endfacet
  facet normal 0 0 -1
    outer loop
      vertex -11.2507 -1.56584 0
      vertex -11.2507 1.56584 0
      vertex -11.0687 1.69498 0
    endloop
  endfacet
  facet normal 0 0 -1
    outer loop
      vertex -11.4171 -1.41714 0
      vertex -11.2507 1.56584 0
      vertex -11.2507 -1.56584 0
    endloop
  endfacet
  facet normal 0 0 -1
    outer loop
      vertex -11.4171 -1.41714 0
      vertex -11.4171 1.41714 0
      vertex -11.2507 1.56584 0
    endloop
  endfacet
  facet normal 0 0 -1
    outer loop
      vertex -11.5658 -1.25074 0
      vertex -11.4171 1.41714 0
      vertex -11.4171 -1.41714 0
    endloop
  endfacet
  facet normal 0 0 -1
    outer loop
      vertex -11.5658 -1.25074 0
      vertex -11.5658 1.25074 0
      vertex -11.4171 1.41714 0
    endloop
  endfacet
  facet normal 0 0 -1
    outer loop
      vertex -11.695 -1.06874 0
      vertex -11.5658 1.25074 0
      vertex -11.5658 -1.25074 0
    endloop
  endfacet
  facet normal 0 0 -1
    outer loop
      vertex -11.695 -1.06874 0
      vertex -11.695 1.06874 0
      vertex -11.5658 1.25074 0
    endloop
  endfacet
  facet normal 0 0 -1
    outer loop
      vertex -11.8029 -0.873428 0
      vertex -11.695 1.06874 0
      vertex -11.695 -1.06874 0
    endloop
  endfacet
  facet normal 0 0 -1
    outer loop
      vertex -11.8029 -0.873428 0
      vertex -11.8029 0.873428 0
      vertex -11.695 1.06874 0
    endloop
  endfacet
  facet normal 0 0 -1
    outer loop
      vertex -11.8883 -0.667254 0
      vertex -11.8029 0.873428 0
      vertex -11.8029 -0.873428 0
    endloop
  endfacet
  facet normal 0 0 -1
    outer loop
      vertex -11.8883 -0.667254 0
      vertex -11.8883 0.667254 0
      vertex -11.8029 0.873428 0
    endloop
  endfacet
  facet normal 0 0 -1
    outer loop
      vertex -11.9501 -0.452816 0
      vertex -11.8883 0.667254 0
      vertex -11.8883 -0.667254 0
    endloop
  endfacet
  facet normal 0 0 -1
    outer loop
      vertex -11.9501 -0.452816 0
      vertex -11.9501 0.452816 0
      vertex -11.8883 0.667254 0
    endloop
  endfacet
  facet normal 0 0 -1
    outer loop
      vertex -11.9875 -0.232809 0
      vertex -11.9501 0.452816 0
      vertex -11.9501 -0.452816 0
    endloop
  endfacet
  facet normal 0 0 -1
    outer loop
      vertex -11.9875 -0.232809 0
      vertex -11.9875 0.232809 0
      vertex -11.9501 0.452816 0
    endloop
  endfacet
  facet normal 0 0 -1
    outer loop
      vertex -12 -0.00999928 0
      vertex -11.9875 0.232809 0
      vertex -11.9875 -0.232809 0
    endloop
  endfacet
  facet normal 0 0 -1
    outer loop
      vertex -11.9875 0.232809 0
      vertex -12 -0.00999928 0
      vertex -12 0.00999928 0
    endloop
  endfacet
  facet normal -1 0 0
    outer loop
      vertex -12 -0.00999928 0
      vertex -12 0.00999928 18
      vertex -12 0.00999928 0
    endloop
  endfacet
  facet normal -1 -0 0
    outer loop
      vertex -12 0.00999928 18
      vertex -12 -0.00999928 0
      vertex -12 -0.00999928 18
    endloop
  endfacet
  facet normal -0.92388 0.382683 0
    outer loop
      vertex -11.8883 0.667254 0
      vertex -11.8029 0.873428 18
      vertex -11.8029 0.873428 0
    endloop
  endfacet
  facet normal -0.92388 0.382683 0
    outer loop
      vertex -11.8029 0.873428 18
      vertex -11.8883 0.667254 0
      vertex -11.8883 0.667254 18
    endloop
  endfacet
  facet normal -0.578684 0.815552 0
    outer loop
      vertex -11.0687 1.69498 0
      vertex -11.2507 1.56584 18
      vertex -11.0687 1.69498 18
    endloop
  endfacet
  facet normal -0.578684 0.815552 0
    outer loop
      vertex -11.2507 1.56584 18
      vertex -11.0687 1.69498 0
      vertex -11.2507 1.56584 0
    endloop
  endfacet
  facet normal -0.483758 0.875202 0
    outer loop
      vertex -10.8734 1.80293 0
      vertex -11.0687 1.69498 18
      vertex -10.8734 1.80293 18
    endloop
  endfacet
  facet normal -0.483758 0.875202 0
    outer loop
      vertex -11.0687 1.69498 18
      vertex -10.8734 1.80293 0
      vertex -11.0687 1.69498 0
    endloop
  endfacet
  facet normal 1 -0 0
    outer loop
      vertex 12 -0.00999928 18
      vertex 12 0.00999928 0
      vertex 12 0.00999928 18
    endloop
  endfacet
  facet normal 1 0 0
    outer loop
      vertex 12 0.00999928 0
      vertex 12 -0.00999928 18
      vertex 12 -0.00999928 0
    endloop
  endfacet
  facet normal 0.0560607 -0.998427 0
    outer loop
      vertex 10.01 -2 0
      vertex 10.2328 -1.98749 18
      vertex 10.01 -2 18
    endloop
  endfacet
  facet normal 0.0560607 -0.998427 0
    outer loop
      vertex 10.2328 -1.98749 18
      vertex 10.01 -2 0
      vertex 10.2328 -1.98749 0
    endloop
  endfacet
  facet normal 0.276768 0.960937 -0
    outer loop
      vertex 10.6673 1.88833 0
      vertex 10.4528 1.95011 18
      vertex 10.6673 1.88833 18
    endloop
  endfacet
  facet normal 0.276768 0.960937 0
    outer loop
      vertex 10.4528 1.95011 18
      vertex 10.6673 1.88833 0
      vertex 10.4528 1.95011 0
    endloop
  endfacet
  facet normal -0.960892 -0.276924 0
    outer loop
      vertex -11.8883 -0.667254 0
      vertex -11.9501 -0.452816 18
      vertex -11.9501 -0.452816 0
    endloop
  endfacet
  facet normal -0.960892 -0.276924 0
    outer loop
      vertex -11.9501 -0.452816 18
      vertex -11.8883 -0.667254 0
      vertex -11.8883 -0.667254 18
    endloop
  endfacet
  facet normal -0.985857 -0.16759 0
    outer loop
      vertex -11.9501 -0.452816 0
      vertex -11.9875 -0.232809 18
      vertex -11.9875 -0.232809 0
    endloop
  endfacet
  facet normal -0.985857 -0.16759 0
    outer loop
      vertex -11.9875 -0.232809 18
      vertex -11.9501 -0.452816 0
      vertex -11.9501 -0.452816 18
    endloop
  endfacet
  facet normal -0.99843 0.0560136 0
    outer loop
      vertex -12 0.00999928 0
      vertex -11.9875 0.232809 18
      vertex -11.9875 0.232809 0
    endloop
  endfacet
  facet normal -0.99843 0.0560136 0
    outer loop
      vertex -11.9875 0.232809 18
      vertex -12 0.00999928 0
      vertex -12 0.00999928 18
    endloop
  endfacet
  facet normal -0.985857 0.16759 0
    outer loop
      vertex -11.9875 0.232809 0
      vertex -11.9501 0.452816 18
      vertex -11.9501 0.452816 0
    endloop
  endfacet
  facet normal -0.985857 0.16759 0
    outer loop
      vertex -11.9501 0.452816 18
      vertex -11.9875 0.232809 0
      vertex -11.9875 0.232809 18
    endloop
  endfacet
  facet normal -0.875309 0.483564 0
    outer loop
      vertex -11.8029 0.873428 0
      vertex -11.695 1.06874 18
      vertex -11.695 1.06874 0
    endloop
  endfacet
  facet normal -0.875309 0.483564 0
    outer loop
      vertex -11.695 1.06874 18
      vertex -11.8029 0.873428 0
      vertex -11.8029 0.873428 18
    endloop
  endfacet
  facet normal -0.167508 0.985871 0
    outer loop
      vertex -10.2328 1.98749 0
      vertex -10.4528 1.95011 18
      vertex -10.2328 1.98749 18
    endloop
  endfacet
  facet normal -0.167508 0.985871 0
    outer loop
      vertex -10.4528 1.95011 18
      vertex -10.2328 1.98749 0
      vertex -10.4528 1.95011 0
    endloop
  endfacet
  facet normal -0.0560607 0.998427 0
    outer loop
      vertex -10.01 2 0
      vertex -10.2328 1.98749 18
      vertex -10.01 2 18
    endloop
  endfacet
  facet normal -0.0560607 0.998427 0
    outer loop
      vertex -10.2328 1.98749 18
      vertex -10.01 2 0
      vertex -10.2328 1.98749 0
    endloop
  endfacet
  facet normal 0.92388 0.382683 0
    outer loop
      vertex 11.8883 0.667254 18
      vertex 11.8029 0.873428 0
      vertex 11.8029 0.873428 18
    endloop
  endfacet
  facet normal 0.92388 0.382683 0
    outer loop
      vertex 11.8029 0.873428 0
      vertex 11.8883 0.667254 18
      vertex 11.8883 0.667254 0
    endloop
  endfacet
  facet normal 0.483758 -0.875202 0
    outer loop
      vertex 10.8734 -1.80293 0
      vertex 11.0687 -1.69498 18
      vertex 10.8734 -1.80293 18
    endloop
  endfacet
  facet normal 0.483758 -0.875202 0
    outer loop
      vertex 11.0687 -1.69498 18
      vertex 10.8734 -1.80293 0
      vertex 11.0687 -1.69498 0
    endloop
  endfacet
  facet normal 0.815425 0.578862 0
    outer loop
      vertex 11.695 1.06874 18
      vertex 11.5658 1.25074 0
      vertex 11.5658 1.25074 18
    endloop
  endfacet
  facet normal 0.815425 0.578862 0
    outer loop
      vertex 11.5658 1.25074 0
      vertex 11.695 1.06874 18
      vertex 11.695 1.06874 0
    endloop
  endfacet
  facet normal 0.0560607 0.998427 -0
    outer loop
      vertex 10.2328 1.98749 0
      vertex 10.01 2 18
      vertex 10.2328 1.98749 18
    endloop
  endfacet
  facet normal 0.0560607 0.998427 0
    outer loop
      vertex 10.01 2 18
      vertex 10.2328 1.98749 0
      vertex 10.01 2 0
    endloop
  endfacet
  facet normal 0.3828 0.923831 -0
    outer loop
      vertex 10.8734 1.80293 0
      vertex 10.6673 1.88833 18
      vertex 10.8734 1.80293 18
    endloop
  endfacet
  facet normal 0.3828 0.923831 0
    outer loop
      vertex 10.6673 1.88833 18
      vertex 10.8734 1.80293 0
      vertex 10.6673 1.88833 0
    endloop
  endfacet
  facet normal -0.745651 -0.666336 0
    outer loop
      vertex -11.4171 -1.41714 0
      vertex -11.5658 -1.25074 18
      vertex -11.5658 -1.25074 0
    endloop
  endfacet
  facet normal -0.745651 -0.666336 0
    outer loop
      vertex -11.5658 -1.25074 18
      vertex -11.4171 -1.41714 0
      vertex -11.4171 -1.41714 18
    endloop
  endfacet
  facet normal -0.3828 -0.923831 0
    outer loop
      vertex -10.8734 -1.80293 0
      vertex -10.6673 -1.88833 18
      vertex -10.8734 -1.80293 18
    endloop
  endfacet
  facet normal -0.3828 -0.923831 -0
    outer loop
      vertex -10.6673 -1.88833 18
      vertex -10.8734 -1.80293 0
      vertex -10.6673 -1.88833 0
    endloop
  endfacet
  facet normal -0.92388 -0.382683 0
    outer loop
      vertex -11.8029 -0.873428 0
      vertex -11.8883 -0.667254 18
      vertex -11.8883 -0.667254 0
    endloop
  endfacet
  facet normal -0.92388 -0.382683 0
    outer loop
      vertex -11.8883 -0.667254 18
      vertex -11.8029 -0.873428 0
      vertex -11.8029 -0.873428 18
    endloop
  endfacet
  facet normal -0.99843 -0.0560136 0
    outer loop
      vertex -11.9875 -0.232809 0
      vertex -12 -0.00999928 18
      vertex -12 -0.00999928 0
    endloop
  endfacet
  facet normal -0.99843 -0.0560136 0
    outer loop
      vertex -12 -0.00999928 18
      vertex -11.9875 -0.232809 0
      vertex -11.9875 -0.232809 18
    endloop
  endfacet
  facet normal 0 0 1
    outer loop
      vertex 11.9875 0.232809 18
      vertex 12 -0.00999928 18
      vertex 12 0.00999928 18
    endloop
  endfacet
  facet normal 0 0 1
    outer loop
      vertex 11.9875 0.232809 18
      vertex 11.9875 -0.232809 18
      vertex 12 -0.00999928 18
    endloop
  endfacet
  facet normal 0 0 1
    outer loop
      vertex 11.9501 0.452816 18
      vertex 11.9875 -0.232809 18
      vertex 11.9875 0.232809 18
    endloop
  endfacet
  facet normal 0 0 1
    outer loop
      vertex 11.9501 0.452816 18
      vertex 11.9501 -0.452816 18
      vertex 11.9875 -0.232809 18
    endloop
  endfacet
  facet normal 0 0 1
    outer loop
      vertex 11.8883 0.667254 18
      vertex 11.9501 -0.452816 18
      vertex 11.9501 0.452816 18
    endloop
  endfacet
  facet normal 0 0 1
    outer loop
      vertex 11.8883 0.667254 18
      vertex 11.8883 -0.667254 18
      vertex 11.9501 -0.452816 18
    endloop
  endfacet
  facet normal 0 0 1
    outer loop
      vertex 11.8029 0.873428 18
      vertex 11.8883 -0.667254 18
      vertex 11.8883 0.667254 18
    endloop
  endfacet
  facet normal 0 0 1
    outer loop
      vertex 11.8029 0.873428 18
      vertex 11.8029 -0.873428 18
      vertex 11.8883 -0.667254 18
    endloop
  endfacet
  facet normal 0 0 1
    outer loop
      vertex 11.695 1.06874 18
      vertex 11.8029 -0.873428 18
      vertex 11.8029 0.873428 18
    endloop
  endfacet
  facet normal 0 0 1
    outer loop
      vertex 11.695 1.06874 18
      vertex 11.695 -1.06874 18
      vertex 11.8029 -0.873428 18
    endloop
  endfacet
  facet normal 0 0 1
    outer loop
      vertex 11.5658 1.25074 18
      vertex 11.695 -1.06874 18
      vertex 11.695 1.06874 18
    endloop
  endfacet
  facet normal 0 0 1
    outer loop
      vertex 11.5658 1.25074 18
      vertex 11.5658 -1.25074 18
      vertex 11.695 -1.06874 18
    endloop
  endfacet
  facet normal 0 0 1
    outer loop
      vertex 11.4171 1.41714 18
      vertex 11.5658 -1.25074 18
      vertex 11.5658 1.25074 18
    endloop
  endfacet
  facet normal 0 0 1
    outer loop
      vertex 11.4171 1.41714 18
      vertex 11.4171 -1.41714 18
      vertex 11.5658 -1.25074 18
    endloop
  endfacet
  facet normal 0 0 1
    outer loop
      vertex 11.2507 1.56584 18
      vertex 11.4171 -1.41714 18
      vertex 11.4171 1.41714 18
    endloop
  endfacet
  facet normal 0 0 1
    outer loop
      vertex 11.2507 1.56584 18
      vertex 11.2507 -1.56584 18
      vertex 11.4171 -1.41714 18
    endloop
  endfacet
  facet normal 0 0 1
    outer loop
      vertex 11.0687 1.69498 18
      vertex 11.2507 -1.56584 18
      vertex 11.2507 1.56584 18
    endloop
  endfacet
  facet normal 0 0 1
    outer loop
      vertex 11.0687 1.69498 18
      vertex 11.0687 -1.69498 18
      vertex 11.2507 -1.56584 18
    endloop
  endfacet
  facet normal 0 0 1
    outer loop
      vertex 10.8734 1.80293 18
      vertex 11.0687 -1.69498 18
      vertex 11.0687 1.69498 18
    endloop
  endfacet
  facet normal 0 0 1
    outer loop
      vertex 10.8734 1.80293 18
      vertex 10.8734 -1.80293 18
      vertex 11.0687 -1.69498 18
    endloop
  endfacet
  facet normal 0 0 1
    outer loop
      vertex 10.6673 1.88833 18
      vertex 10.8734 -1.80293 18
      vertex 10.8734 1.80293 18
    endloop
  endfacet
  facet normal 0 0 1
    outer loop
      vertex 10.6673 1.88833 18
      vertex 10.6673 -1.88833 18
      vertex 10.8734 -1.80293 18
    endloop
  endfacet
  facet normal 0 0 1
    outer loop
      vertex 10.4528 1.95011 18
      vertex 10.6673 -1.88833 18
      vertex 10.6673 1.88833 18
    endloop
  endfacet
  facet normal 0 0 1
    outer loop
      vertex 10.4528 1.95011 18
      vertex 10.4528 -1.95011 18
      vertex 10.6673 -1.88833 18
    endloop
  endfacet
  facet normal 0 0 1
    outer loop
      vertex 10.2328 1.98749 18
      vertex 10.4528 -1.95011 18
      vertex 10.4528 1.95011 18
    endloop
  endfacet
  facet normal 0 0 1
    outer loop
      vertex 10.2328 1.98749 18
      vertex 10.2328 -1.98749 18
      vertex 10.4528 -1.95011 18
    endloop
  endfacet
  facet normal 0 0 1
    outer loop
      vertex 10.01 2 18
      vertex 10.2328 -1.98749 18
      vertex 10.2328 1.98749 18
    endloop
  endfacet
  facet normal 0 0 1
    outer loop
      vertex 10.01 2 18
      vertex 10.01 -2 18
      vertex 10.2328 -1.98749 18
    endloop
  endfacet
  facet normal -0 0 1
    outer loop
      vertex -10.01 2 18
      vertex 10.01 -2 18
      vertex 10.01 2 18
    endloop
  endfacet
  facet normal 0 0 1
    outer loop
      vertex -10.01 2 18
      vertex -10.01 -2 18
      vertex 10.01 -2 18
    endloop
  endfacet
  facet normal -0 0 1
    outer loop
      vertex -10.2328 1.98749 18
      vertex -10.01 -2 18
      vertex -10.01 2 18
    endloop
  endfacet
  facet normal 0 0 1
    outer loop
      vertex -10.2328 1.98749 18
      vertex -10.2328 -1.98749 18
      vertex -10.01 -2 18
    endloop
  endfacet
  facet normal -0 0 1
    outer loop
      vertex -10.4528 1.95011 18
      vertex -10.2328 -1.98749 18
      vertex -10.2328 1.98749 18
    endloop
  endfacet
  facet normal 0 0 1
    outer loop
      vertex -10.4528 1.95011 18
      vertex -10.4528 -1.95011 18
      vertex -10.2328 -1.98749 18
    endloop
  endfacet
  facet normal -0 0 1
    outer loop
      vertex -10.6673 1.88833 18
      vertex -10.4528 -1.95011 18
      vertex -10.4528 1.95011 18
    endloop
  endfacet
  facet normal 0 0 1
    outer loop
      vertex -10.6673 1.88833 18
      vertex -10.6673 -1.88833 18
      vertex -10.4528 -1.95011 18
    endloop
  endfacet
  facet normal -0 0 1
    outer loop
      vertex -10.8734 1.80293 18
      vertex -10.6673 -1.88833 18
      vertex -10.6673 1.88833 18
    endloop
  endfacet
  facet normal 0 0 1
    outer loop
      vertex -10.8734 1.80293 18
      vertex -10.8734 -1.80293 18
      vertex -10.6673 -1.88833 18
    endloop
  endfacet
  facet normal -0 0 1
    outer loop
      vertex -11.0687 1.69498 18
      vertex -10.8734 -1.80293 18
      vertex -10.8734 1.80293 18
    endloop
  endfacet
  facet normal 0 0 1
    outer loop
      vertex -11.0687 1.69498 18
      vertex -11.0687 -1.69498 18
      vertex -10.8734 -1.80293 18
    endloop
  endfacet
  facet normal -0 0 1
    outer loop
      vertex -11.2507 1.56584 18
      vertex -11.0687 -1.69498 18
      vertex -11.0687 1.69498 18
    endloop
  endfacet
  facet normal 0 0 1
    outer loop
      vertex -11.2507 1.56584 18
      vertex -11.2507 -1.56584 18
      vertex -11.0687 -1.69498 18
    endloop
  endfacet
  facet normal -0 0 1
    outer loop
      vertex -11.4171 1.41714 18
      vertex -11.2507 -1.56584 18
      vertex -11.2507 1.56584 18
    endloop
  endfacet
  facet normal 0 0 1
    outer loop
      vertex -11.4171 1.41714 18
      vertex -11.4171 -1.41714 18
      vertex -11.2507 -1.56584 18
    endloop
  endfacet
  facet normal -0 0 1
    outer loop
      vertex -11.5658 1.25074 18
      vertex -11.4171 -1.41714 18
      vertex -11.4171 1.41714 18
    endloop
  endfacet
  facet normal 0 0 1
    outer loop
      vertex -11.5658 1.25074 18
      vertex -11.5658 -1.25074 18
      vertex -11.4171 -1.41714 18
    endloop
  endfacet
  facet normal -0 0 1
    outer loop
      vertex -11.695 1.06874 18
      vertex -11.5658 -1.25074 18
      vertex -11.5658 1.25074 18
    endloop
  endfacet
  facet normal 0 0 1
    outer loop
      vertex -11.695 1.06874 18
      vertex -11.695 -1.06874 18
      vertex -11.5658 -1.25074 18
    endloop
  endfacet
  facet normal -0 0 1
    outer loop
      vertex -11.8029 0.873428 18
      vertex -11.695 -1.06874 18
      vertex -11.695 1.06874 18
    endloop
  endfacet
  facet normal 0 0 1
    outer loop
      vertex -11.8029 0.873428 18
      vertex -11.8029 -0.873428 18
      vertex -11.695 -1.06874 18
    endloop
  endfacet
  facet normal -0 0 1
    outer loop
      vertex -11.8883 0.667254 18
      vertex -11.8029 -0.873428 18
      vertex -11.8029 0.873428 18
    endloop
  endfacet
  facet normal 0 0 1
    outer loop
      vertex -11.8883 0.667254 18
      vertex -11.8883 -0.667254 18
      vertex -11.8029 -0.873428 18
    endloop
  endfacet
  facet normal -0 0 1
    outer loop
      vertex -11.9501 0.452816 18
      vertex -11.8883 -0.667254 18
      vertex -11.8883 0.667254 18
    endloop
  endfacet
  facet normal 0 0 1
    outer loop
      vertex -11.9501 0.452816 18
      vertex -11.9501 -0.452816 18
      vertex -11.8883 -0.667254 18
    endloop
  endfacet
  facet normal -0 0 1
    outer loop
      vertex -11.9875 0.232809 18
      vertex -11.9501 -0.452816 18
      vertex -11.9501 0.452816 18
    endloop
  endfacet
  facet normal 0 0 1
    outer loop
      vertex -11.9875 0.232809 18
      vertex -11.9875 -0.232809 18
      vertex -11.9501 -0.452816 18
    endloop
  endfacet
  facet normal -0 0 1
    outer loop
      vertex -12 0.00999928 18
      vertex -11.9875 -0.232809 18
      vertex -11.9875 0.232809 18
    endloop
  endfacet
  facet normal 0 0 1
    outer loop
      vertex -11.9875 -0.232809 18
      vertex -12 0.00999928 18
      vertex -12 -0.00999928 18
    endloop
  endfacet
  facet normal -0.960892 0.276924 0
    outer loop
      vertex -11.9501 0.452816 0
      vertex -11.8883 0.667254 18
      vertex -11.8883 0.667254 0
    endloop
  endfacet
  facet normal -0.960892 0.276924 0
    outer loop
      vertex -11.8883 0.667254 18
      vertex -11.9501 0.452816 0
      vertex -11.9501 0.452816 18
    endloop
  endfacet
  facet normal 0.985857 0.16759 0
    outer loop
      vertex 11.9875 0.232809 18
      vertex 11.9501 0.452816 0
      vertex 11.9501 0.452816 18
    endloop
  endfacet
  facet normal 0.985857 0.16759 0
    outer loop
      vertex 11.9501 0.452816 0
      vertex 11.9875 0.232809 18
      vertex 11.9875 0.232809 0
    endloop
  endfacet
  facet normal 0.960892 0.276924 0
    outer loop
      vertex 11.9501 0.452816 18
      vertex 11.8883 0.667254 0
      vertex 11.8883 0.667254 18
    endloop
  endfacet
  facet normal 0.960892 0.276924 0
    outer loop
      vertex 11.8883 0.667254 0
      vertex 11.9501 0.452816 18
      vertex 11.9501 0.452816 0
    endloop
  endfacet
  facet normal 0.578684 -0.815552 0
    outer loop
      vertex 11.0687 -1.69498 0
      vertex 11.2507 -1.56584 18
      vertex 11.0687 -1.69498 18
    endloop
  endfacet
  facet normal 0.578684 -0.815552 0
    outer loop
      vertex 11.2507 -1.56584 18
      vertex 11.0687 -1.69498 0
      vertex 11.2507 -1.56584 0
    endloop
  endfacet
  facet normal 0.483758 0.875202 -0
    outer loop
      vertex 11.0687 1.69498 0
      vertex 10.8734 1.80293 18
      vertex 11.0687 1.69498 18
    endloop
  endfacet
  facet normal 0.483758 0.875202 0
    outer loop
      vertex 10.8734 1.80293 18
      vertex 11.0687 1.69498 0
      vertex 10.8734 1.80293 0
    endloop
  endfacet
  facet normal 0.578684 0.815552 -0
    outer loop
      vertex 11.2507 1.56584 0
      vertex 11.0687 1.69498 18
      vertex 11.2507 1.56584 18
    endloop
  endfacet
  facet normal 0.578684 0.815552 0
    outer loop
      vertex 11.0687 1.69498 18
      vertex 11.2507 1.56584 0
      vertex 11.0687 1.69498 0
    endloop
  endfacet
  facet normal 0.875309 0.483564 0
    outer loop
      vertex 11.8029 0.873428 18
      vertex 11.695 1.06874 0
      vertex 11.695 1.06874 18
    endloop
  endfacet
  facet normal 0.875309 0.483564 0
    outer loop
      vertex 11.695 1.06874 0
      vertex 11.8029 0.873428 18
      vertex 11.8029 0.873428 0
    endloop
  endfacet
  facet normal 0.745651 0.666336 0
    outer loop
      vertex 11.5658 1.25074 18
      vertex 11.4171 1.41714 0
      vertex 11.4171 1.41714 18
    endloop
  endfacet
  facet normal 0.745651 0.666336 0
    outer loop
      vertex 11.4171 1.41714 0
      vertex 11.5658 1.25074 18
      vertex 11.5658 1.25074 0
    endloop
  endfacet
  facet normal -0.815425 -0.578862 0
    outer loop
      vertex -11.5658 -1.25074 0
      vertex -11.695 -1.06874 18
      vertex -11.695 -1.06874 0
    endloop
  endfacet
  facet normal -0.815425 -0.578862 0
    outer loop
      vertex -11.695 -1.06874 18
      vertex -11.5658 -1.25074 0
      vertex -11.5658 -1.25074 18
    endloop
  endfacet
  facet normal -0.666336 -0.745651 0
    outer loop
      vertex -11.4171 -1.41714 0
      vertex -11.2507 -1.56584 18
      vertex -11.4171 -1.41714 18
    endloop
  endfacet
  facet normal -0.666336 -0.745651 -0
    outer loop
      vertex -11.2507 -1.56584 18
      vertex -11.4171 -1.41714 0
      vertex -11.2507 -1.56584 0
    endloop
  endfacet
  facet normal -0.578684 -0.815552 0
    outer loop
      vertex -11.2507 -1.56584 0
      vertex -11.0687 -1.69498 18
      vertex -11.2507 -1.56584 18
    endloop
  endfacet
  facet normal -0.578684 -0.815552 -0
    outer loop
      vertex -11.0687 -1.69498 18
      vertex -11.2507 -1.56584 0
      vertex -11.0687 -1.69498 0
    endloop
  endfacet
  facet normal -0.483758 -0.875202 0
    outer loop
      vertex -11.0687 -1.69498 0
      vertex -10.8734 -1.80293 18
      vertex -11.0687 -1.69498 18
    endloop
  endfacet
  facet normal -0.483758 -0.875202 -0
    outer loop
      vertex -10.8734 -1.80293 18
      vertex -11.0687 -1.69498 0
      vertex -10.8734 -1.80293 0
    endloop
  endfacet
  facet normal -0.0560607 -0.998427 0
    outer loop
      vertex -10.2328 -1.98749 0
      vertex -10.01 -2 18
      vertex -10.2328 -1.98749 18
    endloop
  endfacet
  facet normal -0.0560607 -0.998427 -0
    outer loop
      vertex -10.01 -2 18
      vertex -10.2328 -1.98749 0
      vertex -10.01 -2 0
    endloop
  endfacet
  facet normal -0.276768 -0.960937 0
    outer loop
      vertex -10.6673 -1.88833 0
      vertex -10.4528 -1.95011 18
      vertex -10.6673 -1.88833 18
    endloop
  endfacet
  facet normal -0.276768 -0.960937 -0
    outer loop
      vertex -10.4528 -1.95011 18
      vertex -10.6673 -1.88833 0
      vertex -10.4528 -1.95011 0
    endloop
  endfacet
  facet normal 0.985857 -0.16759 0
    outer loop
      vertex 11.9501 -0.452816 18
      vertex 11.9875 -0.232809 0
      vertex 11.9875 -0.232809 18
    endloop
  endfacet
  facet normal 0.985857 -0.16759 0
    outer loop
      vertex 11.9875 -0.232809 0
      vertex 11.9501 -0.452816 18
      vertex 11.9501 -0.452816 0
    endloop
  endfacet
  facet normal 0.99843 -0.0560136 0
    outer loop
      vertex 11.9875 -0.232809 18
      vertex 12 -0.00999928 0
      vertex 12 -0.00999928 18
    endloop
  endfacet
  facet normal 0.99843 -0.0560136 0
    outer loop
      vertex 12 -0.00999928 0
      vertex 11.9875 -0.232809 18
      vertex 11.9875 -0.232809 0
    endloop
  endfacet
  facet normal 0.3828 -0.923831 0
    outer loop
      vertex 10.6673 -1.88833 0
      vertex 10.8734 -1.80293 18
      vertex 10.6673 -1.88833 18
    endloop
  endfacet
  facet normal 0.3828 -0.923831 0
    outer loop
      vertex 10.8734 -1.80293 18
      vertex 10.6673 -1.88833 0
      vertex 10.8734 -1.80293 0
    endloop
  endfacet
  facet normal 0.92388 -0.382683 0
    outer loop
      vertex 11.8029 -0.873428 18
      vertex 11.8883 -0.667254 0
      vertex 11.8883 -0.667254 18
    endloop
  endfacet
  facet normal 0.92388 -0.382683 0
    outer loop
      vertex 11.8883 -0.667254 0
      vertex 11.8029 -0.873428 18
      vertex 11.8029 -0.873428 0
    endloop
  endfacet
  facet normal 0.99843 0.0560136 0
    outer loop
      vertex 12 0.00999928 18
      vertex 11.9875 0.232809 0
      vertex 11.9875 0.232809 18
    endloop
  endfacet
  facet normal 0.99843 0.0560136 0
    outer loop
      vertex 11.9875 0.232809 0
      vertex 12 0.00999928 18
      vertex 12 0.00999928 0
    endloop
  endfacet
  facet normal 0.960892 -0.276924 0
    outer loop
      vertex 11.8883 -0.667254 18
      vertex 11.9501 -0.452816 0
      vertex 11.9501 -0.452816 18
    endloop
  endfacet
  facet normal 0.960892 -0.276924 0
    outer loop
      vertex 11.9501 -0.452816 0
      vertex 11.8883 -0.667254 18
      vertex 11.8883 -0.667254 0
    endloop
  endfacet
  facet normal 0.276768 -0.960937 0
    outer loop
      vertex 10.4528 -1.95011 0
      vertex 10.6673 -1.88833 18
      vertex 10.4528 -1.95011 18
    endloop
  endfacet
  facet normal 0.276768 -0.960937 0
    outer loop
      vertex 10.6673 -1.88833 18
      vertex 10.4528 -1.95011 0
      vertex 10.6673 -1.88833 0
    endloop
  endfacet
  facet normal 0.167508 -0.985871 0
    outer loop
      vertex 10.2328 -1.98749 0
      vertex 10.4528 -1.95011 18
      vertex 10.2328 -1.98749 18
    endloop
  endfacet
  facet normal 0.167508 -0.985871 0
    outer loop
      vertex 10.4528 -1.95011 18
      vertex 10.2328 -1.98749 0
      vertex 10.4528 -1.95011 0
    endloop
  endfacet
  facet normal 0.815425 -0.578862 0
    outer loop
      vertex 11.5658 -1.25074 18
      vertex 11.695 -1.06874 0
      vertex 11.695 -1.06874 18
    endloop
  endfacet
  facet normal 0.815425 -0.578862 0
    outer loop
      vertex 11.695 -1.06874 0
      vertex 11.5658 -1.25074 18
      vertex 11.5658 -1.25074 0
    endloop
  endfacet
  facet normal 0.875309 -0.483564 0
    outer loop
      vertex 11.695 -1.06874 18
      vertex 11.8029 -0.873428 0
      vertex 11.8029 -0.873428 18
    endloop
  endfacet
  facet normal 0.875309 -0.483564 0
    outer loop
      vertex 11.8029 -0.873428 0
      vertex 11.695 -1.06874 18
      vertex 11.695 -1.06874 0
    endloop
  endfacet
  facet normal 0.666336 -0.745651 0
    outer loop
      vertex 11.2507 -1.56584 0
      vertex 11.4171 -1.41714 18
      vertex 11.2507 -1.56584 18
    endloop
  endfacet
  facet normal 0.666336 -0.745651 0
    outer loop
      vertex 11.4171 -1.41714 18
      vertex 11.2507 -1.56584 0
      vertex 11.4171 -1.41714 0
    endloop
  endfacet
  facet normal 0.745651 -0.666336 0
    outer loop
      vertex 11.4171 -1.41714 18
      vertex 11.5658 -1.25074 0
      vertex 11.5658 -1.25074 18
    endloop
  endfacet
  facet normal 0.745651 -0.666336 0
    outer loop
      vertex 11.5658 -1.25074 0
      vertex 11.4171 -1.41714 18
      vertex 11.4171 -1.41714 0
    endloop
  endfacet
  facet normal 0.998427 0 -0.0560726
    outer loop
      vertex 5 2 9
      vertex 4.96856 5 8.44018
      vertex 5 5 9
    endloop
  endfacet
  facet normal 0.998427 0 -0.0560726
    outer loop
      vertex 4.96856 5 8.44018
      vertex 5 2 9
      vertex 4.96856 2 8.44018
    endloop
  endfacet
  facet normal -0.998427 0 -0.0560726
    outer loop
      vertex -4.96856 2 8.44018
      vertex -5 5 9
      vertex -4.96856 5 8.44018
    endloop
  endfacet
  facet normal -0.998427 -0 -0.0560726
    outer loop
      vertex -5 5 9
      vertex -4.96856 2 8.44018
      vertex -5 2 9
    endloop
  endfacet
  facet normal -0.0560724 0 -0.998427
    outer loop
      vertex -0.559822 2 4.03144
      vertex 0 5 4
      vertex 0 2 4
    endloop
  endfacet
  facet normal -0.0560724 0 -0.998427
    outer loop
      vertex 0 5 4
      vertex -0.559822 2 4.03144
      vertex -0.559822 5 4.03144
    endloop
  endfacet
  facet normal -0.0560012 0 0.998431
    outer loop
      vertex -0.559822 5 13.9686
      vertex 0 2 14
      vertex 0 5 14
    endloop
  endfacet
  facet normal -0.0560012 0 0.998431
    outer loop
      vertex 0 2 14
      vertex -0.559822 5 13.9686
      vertex -0.559822 2 13.9686
    endloop
  endfacet
  facet normal 0.666357 0 -0.745633
    outer loop
      vertex 3.11745 2 5.09084
      vertex 3.53553 5 5.46447
      vertex 3.53553 2 5.46447
    endloop
  endfacet
  facet normal 0.666357 0 -0.745633
    outer loop
      vertex 3.53553 5 5.46447
      vertex 3.11745 2 5.09084
      vertex 3.11745 5 5.09084
    endloop
  endfacet
  facet normal -0.666357 0 -0.745633
    outer loop
      vertex -3.53553 2 5.46447
      vertex -3.11745 5 5.09084
      vertex -3.11745 2 5.09084
    endloop
  endfacet
  facet normal -0.666357 0 -0.745633
    outer loop
      vertex -3.11745 5 5.09084
      vertex -3.53553 2 5.46447
      vertex -3.53553 5 5.46447
    endloop
  endfacet
  facet normal -0.382691 0 -0.923876
    outer loop
      vertex -2.16942 2 4.49516
      vertex -1.65139 5 4.28058
      vertex -1.65139 2 4.28058
    endloop
  endfacet
  facet normal -0.382691 0 -0.923876
    outer loop
      vertex -1.65139 5 4.28058
      vertex -2.16942 2 4.49516
      vertex -2.16942 5 4.49516
    endloop
  endfacet
  facet normal 0.875225 0 -0.483716
    outer loop
      vertex 4.50484 2 6.83058
      vertex 4.23362 5 6.33984
      vertex 4.50484 5 6.83058
    endloop
  endfacet
  facet normal 0.875225 0 -0.483716
    outer loop
      vertex 4.23362 5 6.33984
      vertex 4.50484 2 6.83058
      vertex 4.23362 2 6.33984
    endloop
  endfacet
  facet normal 0.382691 0 -0.923876
    outer loop
      vertex 1.65139 2 4.28058
      vertex 2.16942 5 4.49516
      vertex 2.16942 2 4.49516
    endloop
  endfacet
  facet normal 0.382691 0 -0.923876
    outer loop
      vertex 2.16942 5 4.49516
      vertex 1.65139 2 4.28058
      vertex 1.65139 5 4.28058
    endloop
  endfacet
  facet normal 0.578666 0 -0.815565
    outer loop
      vertex 2.66016 2 4.76638
      vertex 3.11745 5 5.09084
      vertex 3.11745 2 5.09084
    endloop
  endfacet
  facet normal 0.578666 0 -0.815565
    outer loop
      vertex 3.11745 5 5.09084
      vertex 2.66016 2 4.76638
      vertex 2.66016 5 4.76638
    endloop
  endfacet
  facet normal -0.875225 0 -0.483716
    outer loop
      vertex -4.23362 2 6.33984
      vertex -4.50484 5 6.83058
      vertex -4.23362 5 6.33984
    endloop
  endfacet
  facet normal -0.875225 -0 -0.483716
    outer loop
      vertex -4.50484 5 6.83058
      vertex -4.23362 2 6.33984
      vertex -4.50484 2 6.83058
    endloop
  endfacet
  facet normal -0.815565 0 -0.578666
    outer loop
      vertex -3.90916 2 5.88255
      vertex -4.23362 5 6.33984
      vertex -3.90916 5 5.88255
    endloop
  endfacet
  facet normal -0.815565 -0 -0.578666
    outer loop
      vertex -4.23362 5 6.33984
      vertex -3.90916 2 5.88255
      vertex -4.23362 2 6.33984
    endloop
  endfacet
  facet normal -0.960919 0 -0.276831
    outer loop
      vertex -4.71942 2 7.3486
      vertex -4.87464 5 7.88739
      vertex -4.71942 5 7.3486
    endloop
  endfacet
  facet normal -0.960919 -0 -0.276831
    outer loop
      vertex -4.87464 5 7.88739
      vertex -4.71942 2 7.3486
      vertex -4.87464 2 7.88739
    endloop
  endfacet
  facet normal -0.483716 0 -0.875225
    outer loop
      vertex -2.66016 2 4.76638
      vertex -2.16942 5 4.49516
      vertex -2.16942 2 4.49516
    endloop
  endfacet
  facet normal -0.483716 0 -0.875225
    outer loop
      vertex -2.16942 5 4.49516
      vertex -2.66016 2 4.76638
      vertex -2.66016 5 4.76638
    endloop
  endfacet
  facet normal -0.167505 0 -0.985871
    outer loop
      vertex -1.1126 2 4.12536
      vertex -0.559822 5 4.03144
      vertex -0.559822 2 4.03144
    endloop
  endfacet
  facet normal -0.167505 0 -0.985871
    outer loop
      vertex -0.559822 5 4.03144
      vertex -1.1126 2 4.12536
      vertex -1.1126 5 4.12536
    endloop
  endfacet
  facet normal 0.87525 -0 0.48367
    outer loop
      vertex 4.23362 2 11.6602
      vertex 4.50484 5 11.1694
      vertex 4.23362 5 11.6602
    endloop
  endfacet
  facet normal 0.87525 0 0.48367
    outer loop
      vertex 4.50484 5 11.1694
      vertex 4.23362 2 11.6602
      vertex 4.50484 2 11.1694
    endloop
  endfacet
  facet normal 0.666427 0 0.745571
    outer loop
      vertex 3.11745 5 12.9092
      vertex 3.53553 2 12.5355
      vertex 3.53553 5 12.5355
    endloop
  endfacet
  facet normal 0.666427 0 0.745571
    outer loop
      vertex 3.53553 2 12.5355
      vertex 3.11745 5 12.9092
      vertex 3.11745 2 12.9092
    endloop
  endfacet
  facet normal 0.96092 -0 0.276826
    outer loop
      vertex 4.71942 2 10.6514
      vertex 4.87464 5 10.1126
      vertex 4.71942 5 10.6514
    endloop
  endfacet
  facet normal 0.96092 0 0.276826
    outer loop
      vertex 4.87464 5 10.1126
      vertex 4.71942 2 10.6514
      vertex 4.87464 2 10.1126
    endloop
  endfacet
  facet normal -0.276798 0 0.960928
    outer loop
      vertex -1.65139 5 13.7194
      vertex -1.1126 2 13.8746
      vertex -1.1126 5 13.8746
    endloop
  endfacet
  facet normal -0.276798 0 0.960928
    outer loop
      vertex -1.1126 2 13.8746
      vertex -1.65139 5 13.7194
      vertex -1.65139 2 13.7194
    endloop
  endfacet
  facet normal -0.745648 0 0.66634
    outer loop
      vertex -3.90916 2 12.1174
      vertex -3.53553 5 12.5355
      vertex -3.90916 5 12.1174
    endloop
  endfacet
  facet normal -0.745648 0 0.66634
    outer loop
      vertex -3.53553 5 12.5355
      vertex -3.90916 2 12.1174
      vertex -3.53553 2 12.5355
    endloop
  endfacet
  facet normal -0.815511 0 0.578742
    outer loop
      vertex -4.23362 2 11.6602
      vertex -3.90916 5 12.1174
      vertex -4.23362 5 11.6602
    endloop
  endfacet
  facet normal -0.815511 0 0.578742
    outer loop
      vertex -3.90916 5 12.1174
      vertex -4.23362 2 11.6602
      vertex -3.90916 2 12.1174
    endloop
  endfacet
  facet normal 0.960919 0 -0.276831
    outer loop
      vertex 4.87464 2 7.88739
      vertex 4.71942 5 7.3486
      vertex 4.87464 5 7.88739
    endloop
  endfacet
  facet normal 0.960919 0 -0.276831
    outer loop
      vertex 4.71942 5 7.3486
      vertex 4.87464 2 7.88739
      vertex 4.71942 2 7.3486
    endloop
  endfacet
  facet normal 0.985872 0 -0.167501
    outer loop
      vertex 4.96856 2 8.44018
      vertex 4.87464 5 7.88739
      vertex 4.96856 5 8.44018
    endloop
  endfacet
  facet normal 0.985872 0 -0.167501
    outer loop
      vertex 4.87464 5 7.88739
      vertex 4.96856 2 8.44018
      vertex 4.87464 2 7.88739
    endloop
  endfacet
  facet normal 0.923874 0 -0.382697
    outer loop
      vertex 4.71942 2 7.3486
      vertex 4.50484 5 6.83058
      vertex 4.71942 5 7.3486
    endloop
  endfacet
  facet normal 0.923874 0 -0.382697
    outer loop
      vertex 4.50484 5 6.83058
      vertex 4.71942 2 7.3486
      vertex 4.50484 2 6.83058
    endloop
  endfacet
  facet normal 0.745633 0 -0.666357
    outer loop
      vertex 3.90916 2 5.88255
      vertex 3.53553 5 5.46447
      vertex 3.90916 5 5.88255
    endloop
  endfacet
  facet normal 0.745633 0 -0.666357
    outer loop
      vertex 3.53553 5 5.46447
      vertex 3.90916 2 5.88255
      vertex 3.53553 2 5.46447
    endloop
  endfacet
  facet normal 0.815565 0 -0.578666
    outer loop
      vertex 4.23362 2 6.33984
      vertex 3.90916 5 5.88255
      vertex 4.23362 5 6.33984
    endloop
  endfacet
  facet normal 0.815565 0 -0.578666
    outer loop
      vertex 3.90916 5 5.88255
      vertex 4.23362 2 6.33984
      vertex 3.90916 2 5.88255
    endloop
  endfacet
  facet normal 0.167505 0 -0.985871
    outer loop
      vertex 0.559822 2 4.03144
      vertex 1.1126 5 4.12536
      vertex 1.1126 2 4.12536
    endloop
  endfacet
  facet normal 0.167505 0 -0.985871
    outer loop
      vertex 1.1126 5 4.12536
      vertex 0.559822 2 4.03144
      vertex 0.559822 5 4.03144
    endloop
  endfacet
  facet normal 0.276831 0 -0.960919
    outer loop
      vertex 1.1126 2 4.12536
      vertex 1.65139 5 4.28058
      vertex 1.65139 2 4.28058
    endloop
  endfacet
  facet normal 0.276831 0 -0.960919
    outer loop
      vertex 1.65139 5 4.28058
      vertex 1.1126 2 4.12536
      vertex 1.1126 5 4.12536
    endloop
  endfacet
  facet normal 0.0560724 0 -0.998427
    outer loop
      vertex 0 2 4
      vertex 0.559822 5 4.03144
      vertex 0.559822 2 4.03144
    endloop
  endfacet
  facet normal 0.0560724 0 -0.998427
    outer loop
      vertex 0.559822 5 4.03144
      vertex 0 2 4
      vertex 0 5 4
    endloop
  endfacet
  facet normal 0.483716 0 -0.875225
    outer loop
      vertex 2.16942 2 4.49516
      vertex 2.66016 5 4.76638
      vertex 2.66016 2 4.76638
    endloop
  endfacet
  facet normal 0.483716 0 -0.875225
    outer loop
      vertex 2.66016 5 4.76638
      vertex 2.16942 2 4.49516
      vertex 2.16942 5 4.49516
    endloop
  endfacet
  facet normal -0.745633 0 -0.666357
    outer loop
      vertex -3.53553 2 5.46447
      vertex -3.90916 5 5.88255
      vertex -3.53553 5 5.46447
    endloop
  endfacet
  facet normal -0.745633 -0 -0.666357
    outer loop
      vertex -3.90916 5 5.88255
      vertex -3.53553 2 5.46447
      vertex -3.90916 2 5.88255
    endloop
  endfacet
  facet normal -0.923874 0 -0.382697
    outer loop
      vertex -4.50484 2 6.83058
      vertex -4.71942 5 7.3486
      vertex -4.50484 5 6.83058
    endloop
  endfacet
  facet normal -0.923874 -0 -0.382697
    outer loop
      vertex -4.71942 5 7.3486
      vertex -4.50484 2 6.83058
      vertex -4.71942 2 7.3486
    endloop
  endfacet
  facet normal -0.985872 0 -0.167501
    outer loop
      vertex -4.87464 2 7.88739
      vertex -4.96856 5 8.44018
      vertex -4.87464 5 7.88739
    endloop
  endfacet
  facet normal -0.985872 -0 -0.167501
    outer loop
      vertex -4.96856 5 8.44018
      vertex -4.87464 2 7.88739
      vertex -4.96856 2 8.44018
    endloop
  endfacet
  facet normal 0 1 0
    outer loop
      vertex 0 5 11.2964
      vertex 0 5 14
      vertex 0.559822 5 13.9686
    endloop
  endfacet
  facet normal 0 1 0
    outer loop
      vertex 0.257113 5 11.2819
      vertex 0.559822 5 13.9686
      vertex 1.1126 5 13.8746
    endloop
  endfacet
  facet normal 0 1 0
    outer loop
      vertex 0 5 14
      vertex 0 5 11.2964
      vertex -0.559822 5 13.9686
    endloop
  endfacet
  facet normal 0 1 0
    outer loop
      vertex 0.510992 5 11.2388
      vertex 1.1126 5 13.8746
      vertex 1.65139 5 13.7194
    endloop
  endfacet
  facet normal 0 1 -0
    outer loop
      vertex -0.257113 5 11.2819
      vertex -0.559822 5 13.9686
      vertex 0 5 11.2964
    endloop
  endfacet
  facet normal 0 1 0
    outer loop
      vertex 0.758447 5 11.1675
      vertex 1.65139 5 13.7194
      vertex 2.16942 5 13.5048
    endloop
  endfacet
  facet normal 0 1 0
    outer loop
      vertex -0.559822 5 13.9686
      vertex -0.257113 5 11.2819
      vertex -1.1126 5 13.8746
    endloop
  endfacet
  facet normal 0 1 0
    outer loop
      vertex 0.996362 5 11.069
      vertex 2.16942 5 13.5048
      vertex 2.66016 5 13.2336
    endloop
  endfacet
  facet normal 0 1 -0
    outer loop
      vertex -0.510992 5 11.2388
      vertex -1.1126 5 13.8746
      vertex -0.257113 5 11.2819
    endloop
  endfacet
  facet normal 0 1 0
    outer loop
      vertex 1.22175 5 10.9444
      vertex 2.66016 5 13.2336
      vertex 3.11745 5 12.9092
    endloop
  endfacet
  facet normal 0 1 0
    outer loop
      vertex -1.1126 5 13.8746
      vertex -0.510992 5 11.2388
      vertex -1.65139 5 13.7194
    endloop
  endfacet
  facet normal 0 1 0
    outer loop
      vertex 1.43177 5 10.7954
      vertex 3.11745 5 12.9092
      vertex 3.53553 5 12.5355
    endloop
  endfacet
  facet normal 0 1 -0
    outer loop
      vertex -0.758447 5 11.1675
      vertex -1.65139 5 13.7194
      vertex -0.510992 5 11.2388
    endloop
  endfacet
  facet normal 0 1 0
    outer loop
      vertex 1.62379 5 10.6238
      vertex 3.53553 5 12.5355
      vertex 3.90916 5 12.1174
    endloop
  endfacet
  facet normal 0 1 0
    outer loop
      vertex -1.65139 5 13.7194
      vertex -0.758447 5 11.1675
      vertex -2.16942 5 13.5048
    endloop
  endfacet
  facet normal 0 1 0
    outer loop
      vertex 1.79538 5 10.4318
      vertex 3.90916 5 12.1174
      vertex 4.23362 5 11.6602
    endloop
  endfacet
  facet normal 0 1 -0
    outer loop
      vertex -0.996362 5 11.069
      vertex -2.16942 5 13.5048
      vertex -0.758447 5 11.1675
    endloop
  endfacet
  facet normal 0 1 0
    outer loop
      vertex -2.16942 5 13.5048
      vertex -0.996362 5 11.069
      vertex -2.66016 5 13.2336
    endloop
  endfacet
  facet normal 0 1 0
    outer loop
      vertex 0.559822 5 13.9686
      vertex 0.257113 5 11.2819
      vertex 0 5 11.2964
    endloop
  endfacet
  facet normal 0 1 0
    outer loop
      vertex 1.1126 5 13.8746
      vertex 0.510992 5 11.2388
      vertex 0.257113 5 11.2819
    endloop
  endfacet
  facet normal 0 1 0
    outer loop
      vertex 1.9444 5 10.2217
      vertex 4.23362 5 11.6602
      vertex 4.50484 5 11.1694
    endloop
  endfacet
  facet normal 0 1 0
    outer loop
      vertex 1.65139 5 13.7194
      vertex 0.758447 5 11.1675
      vertex 0.510992 5 11.2388
    endloop
  endfacet
  facet normal 0 1 0
    outer loop
      vertex 2.16942 5 13.5048
      vertex 0.996362 5 11.069
      vertex 0.758447 5 11.1675
    endloop
  endfacet
  facet normal 0 1 0
    outer loop
      vertex 2.66016 5 13.2336
      vertex 1.22175 5 10.9444
      vertex 0.996362 5 11.069
    endloop
  endfacet
  facet normal 0 1 0
    outer loop
      vertex 3.11745 5 12.9092
      vertex 1.43177 5 10.7954
      vertex 1.22175 5 10.9444
    endloop
  endfacet
  facet normal 0 1 0
    outer loop
      vertex 2.06897 5 9.99636
      vertex 4.50484 5 11.1694
      vertex 4.71942 5 10.6514
    endloop
  endfacet
  facet normal 0 1 0
    outer loop
      vertex 3.53553 5 12.5355
      vertex 1.62379 5 10.6238
      vertex 1.43177 5 10.7954
    endloop
  endfacet
  facet normal 0 1 0
    outer loop
      vertex 3.90916 5 12.1174
      vertex 1.79538 5 10.4318
      vertex 1.62379 5 10.6238
    endloop
  endfacet
  facet normal 0 1 0
    outer loop
      vertex 4.23362 5 11.6602
      vertex 1.9444 5 10.2217
      vertex 1.79538 5 10.4318
    endloop
  endfacet
  facet normal 0 1 0
    outer loop
      vertex 2.16752 5 9.75845
      vertex 4.71942 5 10.6514
      vertex 4.87464 5 10.1126
    endloop
  endfacet
  facet normal 0 1 0
    outer loop
      vertex 4.50484 5 11.1694
      vertex 2.06897 5 9.99636
      vertex 1.9444 5 10.2217
    endloop
  endfacet
  facet normal 0 1 0
    outer loop
      vertex 4.71942 5 10.6514
      vertex 2.16752 5 9.75845
      vertex 2.06897 5 9.99636
    endloop
  endfacet
  facet normal 0 1 0
    outer loop
      vertex 2.23881 5 9.51099
      vertex 4.87464 5 10.1126
      vertex 4.96856 5 9.55982
    endloop
  endfacet
  facet normal 0 1 0
    outer loop
      vertex 4.87464 5 10.1126
      vertex 2.23881 5 9.51099
      vertex 2.16752 5 9.75845
    endloop
  endfacet
  facet normal 0 1 0
    outer loop
      vertex 4.96856 5 9.55982
      vertex 2.28194 5 9.25711
      vertex 2.23881 5 9.51099
    endloop
  endfacet
  facet normal 0 1 0
    outer loop
      vertex 5 5 9
      vertex 2.28194 5 9.25711
      vertex 4.96856 5 9.55982
    endloop
  endfacet
  facet normal 0 1 0
    outer loop
      vertex 5 5 9
      vertex 2.29638 5 9
      vertex 2.28194 5 9.25711
    endloop
  endfacet
  facet normal 0 1 0
    outer loop
      vertex 5 5 9
      vertex 2.28194 5 8.74289
      vertex 2.29638 5 9
    endloop
  endfacet
  facet normal 0 1 -0
    outer loop
      vertex 4.96856 5 8.44018
      vertex 2.28194 5 8.74289
      vertex 5 5 9
    endloop
  endfacet
  facet normal 0 1 0
    outer loop
      vertex 2.28194 5 8.74289
      vertex 4.96856 5 8.44018
      vertex 2.23881 5 8.48901
    endloop
  endfacet
  facet normal 0 1 -0
    outer loop
      vertex 4.87464 5 7.88739
      vertex 2.23881 5 8.48901
      vertex 4.96856 5 8.44018
    endloop
  endfacet
  facet normal 0 1 0
    outer loop
      vertex 2.23881 5 8.48901
      vertex 4.87464 5 7.88739
      vertex 2.16752 5 8.24155
    endloop
  endfacet
  facet normal 0 1 -0
    outer loop
      vertex 4.71942 5 7.3486
      vertex 2.16752 5 8.24155
      vertex 4.87464 5 7.88739
    endloop
  endfacet
  facet normal 0 1 0
    outer loop
      vertex 2.16752 5 8.24155
      vertex 4.71942 5 7.3486
      vertex 2.06897 5 8.00364
    endloop
  endfacet
  facet normal 0 1 -0
    outer loop
      vertex 4.50484 5 6.83058
      vertex 2.06897 5 8.00364
      vertex 4.71942 5 7.3486
    endloop
  endfacet
  facet normal 0 1 0
    outer loop
      vertex 2.06897 5 8.00364
      vertex 4.50484 5 6.83058
      vertex 1.9444 5 7.77825
    endloop
  endfacet
  facet normal 0 1 -0
    outer loop
      vertex 4.23362 5 6.33984
      vertex 1.9444 5 7.77825
      vertex 4.50484 5 6.83058
    endloop
  endfacet
  facet normal 0 1 0
    outer loop
      vertex 1.9444 5 7.77825
      vertex 4.23362 5 6.33984
      vertex 1.79538 5 7.56823
    endloop
  endfacet
  facet normal 0 1 -0
    outer loop
      vertex 3.90916 5 5.88255
      vertex 1.79538 5 7.56823
      vertex 4.23362 5 6.33984
    endloop
  endfacet
  facet normal 0 1 0
    outer loop
      vertex 1.79538 5 7.56823
      vertex 3.90916 5 5.88255
      vertex 1.62379 5 7.37621
    endloop
  endfacet
  facet normal 0 1 -0
    outer loop
      vertex 3.53553 5 5.46447
      vertex 1.62379 5 7.37621
      vertex 3.90916 5 5.88255
    endloop
  endfacet
  facet normal 0 1 0
    outer loop
      vertex 1.62379 5 7.37621
      vertex 3.53553 5 5.46447
      vertex 1.43177 5 7.20462
    endloop
  endfacet
  facet normal 0 1 -0
    outer loop
      vertex 3.11745 5 5.09084
      vertex 1.43177 5 7.20462
      vertex 3.53553 5 5.46447
    endloop
  endfacet
  facet normal 0 1 0
    outer loop
      vertex 1.43177 5 7.20462
      vertex 3.11745 5 5.09084
      vertex 1.22175 5 7.0556
    endloop
  endfacet
  facet normal 0 1 -0
    outer loop
      vertex 2.66016 5 4.76638
      vertex 1.22175 5 7.0556
      vertex 3.11745 5 5.09084
    endloop
  endfacet
  facet normal 0 1 0
    outer loop
      vertex 1.22175 5 7.0556
      vertex 2.66016 5 4.76638
      vertex 0.996362 5 6.93103
    endloop
  endfacet
  facet normal 0 1 -0
    outer loop
      vertex -1.22175 5 10.9444
      vertex -2.66016 5 13.2336
      vertex -0.996362 5 11.069
    endloop
  endfacet
  facet normal 0 1 0
    outer loop
      vertex -2.66016 5 13.2336
      vertex -1.22175 5 10.9444
      vertex -3.11745 5 12.9092
    endloop
  endfacet
  facet normal 0 1 -0
    outer loop
      vertex -1.43177 5 10.7954
      vertex -3.11745 5 12.9092
      vertex -1.22175 5 10.9444
    endloop
  endfacet
  facet normal 0 1 0
    outer loop
      vertex -3.11745 5 12.9092
      vertex -1.43177 5 10.7954
      vertex -3.53553 5 12.5355
    endloop
  endfacet
  facet normal 0 1 -0
    outer loop
      vertex -1.62379 5 10.6238
      vertex -3.53553 5 12.5355
      vertex -1.43177 5 10.7954
    endloop
  endfacet
  facet normal 0 1 0
    outer loop
      vertex -3.53553 5 12.5355
      vertex -1.62379 5 10.6238
      vertex -3.90916 5 12.1174
    endloop
  endfacet
  facet normal 0 1 -0
    outer loop
      vertex -1.79538 5 10.4318
      vertex -3.90916 5 12.1174
      vertex -1.62379 5 10.6238
    endloop
  endfacet
  facet normal 0 1 0
    outer loop
      vertex -3.90916 5 12.1174
      vertex -1.79538 5 10.4318
      vertex -4.23362 5 11.6602
    endloop
  endfacet
  facet normal 0 1 -0
    outer loop
      vertex -1.9444 5 10.2217
      vertex -4.23362 5 11.6602
      vertex -1.79538 5 10.4318
    endloop
  endfacet
  facet normal 0 1 0
    outer loop
      vertex -4.23362 5 11.6602
      vertex -1.9444 5 10.2217
      vertex -4.50484 5 11.1694
    endloop
  endfacet
  facet normal 0 1 -0
    outer loop
      vertex -2.06897 5 9.99636
      vertex -4.50484 5 11.1694
      vertex -1.9444 5 10.2217
    endloop
  endfacet
  facet normal 0 1 0
    outer loop
      vertex -4.50484 5 11.1694
      vertex -2.06897 5 9.99636
      vertex -4.71942 5 10.6514
    endloop
  endfacet
  facet normal 0 1 -0
    outer loop
      vertex -2.16752 5 9.75845
      vertex -4.71942 5 10.6514
      vertex -2.06897 5 9.99636
    endloop
  endfacet
  facet normal 0 1 0
    outer loop
      vertex -4.71942 5 10.6514
      vertex -2.16752 5 9.75845
      vertex -4.87464 5 10.1126
    endloop
  endfacet
  facet normal 0 1 -0
    outer loop
      vertex -2.23881 5 9.51099
      vertex -4.87464 5 10.1126
      vertex -2.16752 5 9.75845
    endloop
  endfacet
  facet normal 0 1 0
    outer loop
      vertex -4.87464 5 10.1126
      vertex -2.23881 5 9.51099
      vertex -4.96856 5 9.55982
    endloop
  endfacet
  facet normal 0 1 -0
    outer loop
      vertex -2.28194 5 9.25711
      vertex -4.96856 5 9.55982
      vertex -2.23881 5 9.51099
    endloop
  endfacet
  facet normal 0 1 -0
    outer loop
      vertex -2.29638 5 9
      vertex -4.96856 5 9.55982
      vertex -2.28194 5 9.25711
    endloop
  endfacet
  facet normal 0 1 0
    outer loop
      vertex -2.29638 5 9
      vertex -5 5 9
      vertex -4.96856 5 9.55982
    endloop
  endfacet
  facet normal 0 1 0
    outer loop
      vertex -2.28194 5 8.74289
      vertex -5 5 9
      vertex -2.29638 5 9
    endloop
  endfacet
  facet normal 0 1 0
    outer loop
      vertex -4.96856 5 8.44018
      vertex -2.28194 5 8.74289
      vertex -2.23881 5 8.48901
    endloop
  endfacet
  facet normal 0 1 0
    outer loop
      vertex -2.28194 5 8.74289
      vertex -4.96856 5 8.44018
      vertex -5 5 9
    endloop
  endfacet
  facet normal 0 1 0
    outer loop
      vertex -4.87464 5 7.88739
      vertex -2.23881 5 8.48901
      vertex -2.16752 5 8.24155
    endloop
  endfacet
  facet normal 0 1 0
    outer loop
      vertex -4.71942 5 7.3486
      vertex -2.16752 5 8.24155
      vertex -2.06897 5 8.00364
    endloop
  endfacet
  facet normal 0 1 0
    outer loop
      vertex -2.23881 5 8.48901
      vertex -4.87464 5 7.88739
      vertex -4.96856 5 8.44018
    endloop
  endfacet
  facet normal 0 1 0
    outer loop
      vertex -4.50484 5 6.83058
      vertex -2.06897 5 8.00364
      vertex -1.9444 5 7.77825
    endloop
  endfacet
  facet normal 0 1 0
    outer loop
      vertex -4.23362 5 6.33984
      vertex -1.9444 5 7.77825
      vertex -1.79538 5 7.56823
    endloop
  endfacet
  facet normal 0 1 0
    outer loop
      vertex -3.90916 5 5.88255
      vertex -1.79538 5 7.56823
      vertex -1.62379 5 7.37621
    endloop
  endfacet
  facet normal 0 1 0
    outer loop
      vertex -2.16752 5 8.24155
      vertex -4.71942 5 7.3486
      vertex -4.87464 5 7.88739
    endloop
  endfacet
  facet normal 0 1 0
    outer loop
      vertex -3.53553 5 5.46447
      vertex -1.62379 5 7.37621
      vertex -1.43177 5 7.20462
    endloop
  endfacet
  facet normal 0 1 0
    outer loop
      vertex -3.11745 5 5.09084
      vertex -1.43177 5 7.20462
      vertex -1.22175 5 7.0556
    endloop
  endfacet
  facet normal 0 1 0
    outer loop
      vertex -2.66016 5 4.76638
      vertex -1.22175 5 7.0556
      vertex -0.996362 5 6.93103
    endloop
  endfacet
  facet normal 0 1 0
    outer loop
      vertex -2.16942 5 4.49516
      vertex -0.996362 5 6.93103
      vertex -0.758447 5 6.83248
    endloop
  endfacet
  facet normal 0 1 0
    outer loop
      vertex -2.06897 5 8.00364
      vertex -4.50484 5 6.83058
      vertex -4.71942 5 7.3486
    endloop
  endfacet
  facet normal 0 1 0
    outer loop
      vertex -1.65139 5 4.28058
      vertex -0.758447 5 6.83248
      vertex -0.510992 5 6.76119
    endloop
  endfacet
  facet normal 0 1 0
    outer loop
      vertex -1.1126 5 4.12536
      vertex -0.510992 5 6.76119
      vertex -0.257113 5 6.71806
    endloop
  endfacet
  facet normal 0 1 0
    outer loop
      vertex -0.559822 5 4.03144
      vertex -0.257113 5 6.71806
      vertex 0 5 6.70362
    endloop
  endfacet
  facet normal 0 1 -0
    outer loop
      vertex 2.16942 5 4.49516
      vertex 0.996362 5 6.93103
      vertex 2.66016 5 4.76638
    endloop
  endfacet
  facet normal 0 1 0
    outer loop
      vertex -1.9444 5 7.77825
      vertex -4.23362 5 6.33984
      vertex -4.50484 5 6.83058
    endloop
  endfacet
  facet normal 0 1 0
    outer loop
      vertex 0.996362 5 6.93103
      vertex 2.16942 5 4.49516
      vertex 0.758447 5 6.83248
    endloop
  endfacet
  facet normal 0 1 0
    outer loop
      vertex -1.79538 5 7.56823
      vertex -3.90916 5 5.88255
      vertex -4.23362 5 6.33984
    endloop
  endfacet
  facet normal 0 1 -0
    outer loop
      vertex 1.65139 5 4.28058
      vertex 0.758447 5 6.83248
      vertex 2.16942 5 4.49516
    endloop
  endfacet
  facet normal 0 1 0
    outer loop
      vertex -1.62379 5 7.37621
      vertex -3.53553 5 5.46447
      vertex -3.90916 5 5.88255
    endloop
  endfacet
  facet normal 0 1 0
    outer loop
      vertex 0.758447 5 6.83248
      vertex 1.65139 5 4.28058
      vertex 0.510992 5 6.76119
    endloop
  endfacet
  facet normal 0 1 0
    outer loop
      vertex -1.43177 5 7.20462
      vertex -3.11745 5 5.09084
      vertex -3.53553 5 5.46447
    endloop
  endfacet
  facet normal 0 1 -0
    outer loop
      vertex 1.1126 5 4.12536
      vertex 0.510992 5 6.76119
      vertex 1.65139 5 4.28058
    endloop
  endfacet
  facet normal 0 1 0
    outer loop
      vertex -1.22175 5 7.0556
      vertex -2.66016 5 4.76638
      vertex -3.11745 5 5.09084
    endloop
  endfacet
  facet normal 0 1 0
    outer loop
      vertex 0.510992 5 6.76119
      vertex 1.1126 5 4.12536
      vertex 0.257113 5 6.71806
    endloop
  endfacet
  facet normal 0 1 0
    outer loop
      vertex -0.996362 5 6.93103
      vertex -2.16942 5 4.49516
      vertex -2.66016 5 4.76638
    endloop
  endfacet
  facet normal 0 1 -0
    outer loop
      vertex 0.559822 5 4.03144
      vertex 0.257113 5 6.71806
      vertex 1.1126 5 4.12536
    endloop
  endfacet
  facet normal 0 1 0
    outer loop
      vertex -0.758447 5 6.83248
      vertex -1.65139 5 4.28058
      vertex -2.16942 5 4.49516
    endloop
  endfacet
  facet normal 0 1 0
    outer loop
      vertex 0.257113 5 6.71806
      vertex 0.559822 5 4.03144
      vertex 0 5 6.70362
    endloop
  endfacet
  facet normal 0 1 0
    outer loop
      vertex -0.510992 5 6.76119
      vertex -1.1126 5 4.12536
      vertex -1.65139 5 4.28058
    endloop
  endfacet
  facet normal 0 1 0
    outer loop
      vertex 0 5 4
      vertex 0 5 6.70362
      vertex 0.559822 5 4.03144
    endloop
  endfacet
  facet normal 0 1 0
    outer loop
      vertex -0.257113 5 6.71806
      vertex -0.559822 5 4.03144
      vertex -1.1126 5 4.12536
    endloop
  endfacet
  facet normal 0 1 0
    outer loop
      vertex 0 5 6.70362
      vertex 0 5 4
      vertex -0.559822 5 4.03144
    endloop
  endfacet
  facet normal -0.276831 0 -0.960919
    outer loop
      vertex -1.65139 2 4.28058
      vertex -1.1126 5 4.12536
      vertex -1.1126 2 4.12536
    endloop
  endfacet
  facet normal -0.276831 0 -0.960919
    outer loop
      vertex -1.1126 5 4.12536
      vertex -1.65139 2 4.28058
      vertex -1.65139 5 4.28058
    endloop
  endfacet
  facet normal 0.998427 -0 0.0560726
    outer loop
      vertex 4.96856 2 9.55982
      vertex 5 5 9
      vertex 4.96856 5 9.55982
    endloop
  endfacet
  facet normal 0.998427 0 0.0560726
    outer loop
      vertex 5 5 9
      vertex 4.96856 2 9.55982
      vertex 5 2 9
    endloop
  endfacet
  facet normal 0.0560012 0 0.998431
    outer loop
      vertex 0 5 14
      vertex 0.559822 2 13.9686
      vertex 0.559822 5 13.9686
    endloop
  endfacet
  facet normal 0.0560012 0 0.998431
    outer loop
      vertex 0.559822 2 13.9686
      vertex 0 5 14
      vertex 0 2 14
    endloop
  endfacet
  facet normal 0.276798 0 0.960928
    outer loop
      vertex 1.1126 5 13.8746
      vertex 1.65139 2 13.7194
      vertex 1.65139 5 13.7194
    endloop
  endfacet
  facet normal 0.276798 0 0.960928
    outer loop
      vertex 1.65139 2 13.7194
      vertex 1.1126 5 13.8746
      vertex 1.1126 2 13.8746
    endloop
  endfacet
  facet normal 0.382721 0 0.923864
    outer loop
      vertex 1.65139 5 13.7194
      vertex 2.16942 2 13.5048
      vertex 2.16942 5 13.5048
    endloop
  endfacet
  facet normal 0.382721 0 0.923864
    outer loop
      vertex 2.16942 2 13.5048
      vertex 1.65139 5 13.7194
      vertex 1.65139 2 13.7194
    endloop
  endfacet
  facet normal 0.578595 0 0.815615
    outer loop
      vertex 2.66016 5 13.2336
      vertex 3.11745 2 12.9092
      vertex 3.11745 5 12.9092
    endloop
  endfacet
  facet normal 0.578595 0 0.815615
    outer loop
      vertex 3.11745 2 12.9092
      vertex 2.66016 5 13.2336
      vertex 2.66016 2 13.2336
    endloop
  endfacet
  facet normal 0.483688 0 0.87524
    outer loop
      vertex 2.16942 5 13.5048
      vertex 2.66016 2 13.2336
      vertex 2.66016 5 13.2336
    endloop
  endfacet
  facet normal 0.483688 0 0.87524
    outer loop
      vertex 2.66016 2 13.2336
      vertex 2.16942 5 13.5048
      vertex 2.16942 2 13.5048
    endloop
  endfacet
  facet normal 0.745648 -0 0.66634
    outer loop
      vertex 3.53553 2 12.5355
      vertex 3.90916 5 12.1174
      vertex 3.53553 5 12.5355
    endloop
  endfacet
  facet normal 0.745648 0 0.66634
    outer loop
      vertex 3.90916 5 12.1174
      vertex 3.53553 2 12.5355
      vertex 3.90916 2 12.1174
    endloop
  endfacet
  facet normal 0.815511 -0 0.578742
    outer loop
      vertex 3.90916 2 12.1174
      vertex 4.23362 5 11.6602
      vertex 3.90916 5 12.1174
    endloop
  endfacet
  facet normal 0.815511 0 0.578742
    outer loop
      vertex 4.23362 5 11.6602
      vertex 3.90916 2 12.1174
      vertex 4.23362 2 11.6602
    endloop
  endfacet
  facet normal -0.666427 0 0.745571
    outer loop
      vertex -3.53553 5 12.5355
      vertex -3.11745 2 12.9092
      vertex -3.11745 5 12.9092
    endloop
  endfacet
  facet normal -0.666427 0 0.745571
    outer loop
      vertex -3.11745 2 12.9092
      vertex -3.53553 5 12.5355
      vertex -3.53553 2 12.5355
    endloop
  endfacet
  facet normal -0.578595 0 0.815615
    outer loop
      vertex -3.11745 5 12.9092
      vertex -2.66016 2 13.2336
      vertex -2.66016 5 13.2336
    endloop
  endfacet
  facet normal -0.578595 0 0.815615
    outer loop
      vertex -2.66016 2 13.2336
      vertex -3.11745 5 12.9092
      vertex -3.11745 2 12.9092
    endloop
  endfacet
  facet normal -0.483688 0 0.87524
    outer loop
      vertex -2.66016 5 13.2336
      vertex -2.16942 2 13.5048
      vertex -2.16942 5 13.5048
    endloop
  endfacet
  facet normal -0.483688 0 0.87524
    outer loop
      vertex -2.16942 2 13.5048
      vertex -2.66016 5 13.2336
      vertex -2.66016 2 13.2336
    endloop
  endfacet
  facet normal -0.167644 0 0.985848
    outer loop
      vertex -1.1126 5 13.8746
      vertex -0.559822 2 13.9686
      vertex -0.559822 5 13.9686
    endloop
  endfacet
  facet normal -0.167644 0 0.985848
    outer loop
      vertex -0.559822 2 13.9686
      vertex -1.1126 5 13.8746
      vertex -1.1126 2 13.8746
    endloop
  endfacet
  facet normal -0.923869 0 0.38271
    outer loop
      vertex -4.71942 2 10.6514
      vertex -4.50484 5 11.1694
      vertex -4.71942 5 10.6514
    endloop
  endfacet
  facet normal -0.923869 0 0.38271
    outer loop
      vertex -4.50484 5 11.1694
      vertex -4.71942 2 10.6514
      vertex -4.50484 2 11.1694
    endloop
  endfacet
  facet normal -0.96092 0 0.276826
    outer loop
      vertex -4.87464 2 10.1126
      vertex -4.71942 5 10.6514
      vertex -4.87464 5 10.1126
    endloop
  endfacet
  facet normal -0.96092 0 0.276826
    outer loop
      vertex -4.71942 5 10.6514
      vertex -4.87464 2 10.1126
      vertex -4.71942 2 10.6514
    endloop
  endfacet
  facet normal -0.998427 0 0.0560726
    outer loop
      vertex -5 2 9
      vertex -4.96856 5 9.55982
      vertex -5 5 9
    endloop
  endfacet
  facet normal -0.998427 0 0.0560726
    outer loop
      vertex -4.96856 5 9.55982
      vertex -5 2 9
      vertex -4.96856 2 9.55982
    endloop
  endfacet
  facet normal -0.578666 0 -0.815565
    outer loop
      vertex -3.11745 2 5.09084
      vertex -2.66016 5 4.76638
      vertex -2.66016 2 4.76638
    endloop
  endfacet
  facet normal -0.578666 0 -0.815565
    outer loop
      vertex -2.66016 5 4.76638
      vertex -3.11745 2 5.09084
      vertex -3.11745 5 5.09084
    endloop
  endfacet
  facet normal 0.167644 0 0.985848
    outer loop
      vertex 0.559822 5 13.9686
      vertex 1.1126 2 13.8746
      vertex 1.1126 5 13.8746
    endloop
  endfacet
  facet normal 0.167644 0 0.985848
    outer loop
      vertex 1.1126 2 13.8746
      vertex 0.559822 5 13.9686
      vertex 0.559822 2 13.9686
    endloop
  endfacet
  facet normal 0.923869 -0 0.38271
    outer loop
      vertex 4.50484 2 11.1694
      vertex 4.71942 5 10.6514
      vertex 4.50484 5 11.1694
    endloop
  endfacet
  facet normal 0.923869 0 0.38271
    outer loop
      vertex 4.71942 5 10.6514
      vertex 4.50484 2 11.1694
      vertex 4.71942 2 10.6514
    endloop
  endfacet
  facet normal 0.985871 -0 0.167504
    outer loop
      vertex 4.87464 2 10.1126
      vertex 4.96856 5 9.55982
      vertex 4.87464 5 10.1126
    endloop
  endfacet
  facet normal 0.985871 0 0.167504
    outer loop
      vertex 4.96856 5 9.55982
      vertex 4.87464 2 10.1126
      vertex 4.96856 2 9.55982
    endloop
  endfacet
  facet normal -0.382721 0 0.923864
    outer loop
      vertex -2.16942 5 13.5048
      vertex -1.65139 2 13.7194
      vertex -1.65139 5 13.7194
    endloop
  endfacet
  facet normal -0.382721 0 0.923864
    outer loop
      vertex -1.65139 2 13.7194
      vertex -2.16942 5 13.5048
      vertex -2.16942 2 13.5048
    endloop
  endfacet
  facet normal -0.87525 0 0.48367
    outer loop
      vertex -4.50484 2 11.1694
      vertex -4.23362 5 11.6602
      vertex -4.50484 5 11.1694
    endloop
  endfacet
  facet normal -0.87525 0 0.48367
    outer loop
      vertex -4.23362 5 11.6602
      vertex -4.50484 2 11.1694
      vertex -4.23362 2 11.6602
    endloop
  endfacet
  facet normal -0.985871 0 0.167504
    outer loop
      vertex -4.96856 2 9.55982
      vertex -4.87464 5 10.1126
      vertex -4.96856 5 9.55982
    endloop
  endfacet
  facet normal -0.985871 0 0.167504
    outer loop
      vertex -4.87464 5 10.1126
      vertex -4.96856 2 9.55982
      vertex -4.87464 2 10.1126
    endloop
  endfacet
  facet normal 0.684692 0.622888 0.378427
    outer loop
      vertex -1.54514 3.4674 8.2559
      vertex -1.45211 3.4674 8.08758
      vertex -1.69003 3.66906 8.18612
    endloop
  endfacet
  facet normal 0.653789 0.706561 -0.270796
    outer loop
      vertex -1.38082 3.28502 9.66497
      vertex -1.44659 3.28502 9.50618
      vertex -1.61874 3.4674 9.56642
    endloop
  endfacet
  facet normal 0.832617 0.433348 0.344904
    outer loop
      vertex -1.90005 3.88745 8.33514
      vertex -1.81366 3.88745 8.12659
      vertex -1.91449 4.11983 8.07803
    endloop
  endfacet
  facet normal 0.810468 0.111798 0.575015
    outer loop
      vertex -1.91995 4.61474 7.79362
      vertex -1.77281 4.61474 7.58623
      vertex -1.9444 4.87104 7.77825
    endloop
  endfacet
  facet normal 0.195908 0.706558 0.679996
    outer loop
      vertex -0.506185 3.28502 7.55341
      vertex -0.341035 3.28502 7.50583
      vertex -0.566421 3.4674 7.38126
    endloop
  endfacet
  facet normal -0.985875 0 0.167484
    outer loop
      vertex 2.23881 4.87104 8.48901
      vertex 2.28194 5 8.74289
      vertex 2.23881 5 8.48901
    endloop
  endfacet
  facet normal -0.985875 0 0.167484
    outer loop
      vertex 2.28194 5 8.74289
      vertex 2.23881 4.87104 8.48901
      vertex 2.28194 4.87104 8.74289
    endloop
  endfacet
  facet normal -0.649673 0.22222 0.72701
    outer loop
      vertex 1.56278 4.36328 7.43722
      vertex 1.60337 4.61474 7.39663
      vertex 1.41376 4.61474 7.22719
    endloop
  endfacet
  facet normal -0.0915804 0.943714 0.317831
    outer loop
      vertex 0.210296 2.78989 8.39901
      vertex 0.195856 2.87508 8.1419
      vertex 0.141684 2.78989 8.37924
    endloop
  endfacet
  facet normal -0.147456 0.846348 0.511812
    outer loop
      vertex 0.367453 2.98699 7.94988
      vertex 0.296163 3.12421 7.70243
      vertex 0.247566 2.98699 7.91534
    endloop
  endfacet
  facet normal -0.623088 0.781369 0.0349969
    outer loop
      vertex 1.33094 3.12421 9
      vertex 1.5326 3.28502 9
      vertex 1.32257 3.12421 8.85098
    endloop
  endfacet
  facet normal 0.456715 0.330027 -0.826132
    outer loop
      vertex -0.921969 4.11983 10.9145
      vertex -1.13053 4.11983 10.7992
      vertex -1.17585 4.36328 10.8714
    endloop
  endfacet
  facet normal -0.960919 0 0.276828
    outer loop
      vertex 2.16752 4.87104 8.24155
      vertex 2.23881 5 8.48901
      vertex 2.16752 5 8.24155
    endloop
  endfacet
  facet normal -0.960919 0 0.276828
    outer loop
      vertex 2.23881 5 8.48901
      vertex 2.16752 4.87104 8.24155
      vertex 2.23881 4.87104 8.48901
    endloop
  endfacet
  facet normal -0.769928 0.329805 0.546297
    outer loop
      vertex 1.87135 4.36328 7.82415
      vertex 1.72793 4.36328 7.62202
      vertex 1.66133 4.11983 7.67513
    endloop
  endfacet
  facet normal 0.210189 0.900712 -0.380182
    outer loop
      vertex -0.482718 2.98699 10.0024
      vertex -0.381892 2.87508 9.79301
      vertex -0.591913 2.98699 9.94203
    endloop
  endfacet
  facet normal -0.546288 0.329813 0.76993
    outer loop
      vertex 1.32487 4.11983 7.33867
      vertex 1.17585 4.36328 7.12865
      vertex 1.13053 4.11983 7.20078
    endloop
  endfacet
  facet normal 0.722772 0.622877 0.299373
    outer loop
      vertex -1.61874 3.4674 8.43358
      vertex -1.69003 3.66906 8.18612
      vertex -1.77053 3.66906 8.38047
    endloop
  endfacet
  facet normal 0.527668 0.706544 0.471553
    outer loop
      vertex -1.08371 3.28502 7.91629
      vertex -1.21267 3.4674 7.78733
      vertex -1.34082 3.4674 7.93073
    endloop
  endfacet
  facet normal 0.056306 0 -0.998414
    outer loop
      vertex -0.257113 4.87104 11.2819
      vertex 0 5 11.2964
      vertex 0 4.87104 11.2964
    endloop
  endfacet
  facet normal 0.056306 0 -0.998414
    outer loop
      vertex 0 5 11.2964
      vertex -0.257113 4.87104 11.2819
      vertex -0.257113 5 11.2819
    endloop
  endfacet
  facet normal -0.615258 0.781364 0.104536
    outer loop
      vertex 1.32257 3.12421 8.85098
      vertex 1.49417 3.28502 8.65896
      vertex 1.29757 3.12421 8.70384
    endloop
  endfacet
  facet normal 0.246625 0.943718 -0.220391
    outer loop
      vertex -0.622375 2.87508 9.62238
      vertex -0.497808 2.78989 9.39699
      vertex -0.688146 2.87508 9.54878
    endloop
  endfacet
  facet normal -0.722764 0.622879 -0.299389
    outer loop
      vertex 1.69003 3.66906 9.81387
      vertex 1.61874 3.4674 9.56642
      vertex 1.54514 3.4674 9.7441
    endloop
  endfacet
  facet normal -0.918083 0.111802 0.380294
    outer loop
      vertex 2.14026 4.61474 8.25109
      vertex 2.16752 4.87104 8.24155
      vertex 2.04295 4.61474 8.01617
    endloop
  endfacet
  facet normal -0.599687 0.781361 -0.172771
    outer loop
      vertex 1.44659 3.28502 9.50618
      vertex 1.49417 3.28502 9.34103
      vertex 1.29757 3.12421 9.29616
    endloop
  endfacet
  facet normal 0.0298333 0.846355 0.531782
    outer loop
      vertex -0.124566 2.98699 7.89444
      vertex 0 3.12421 7.66906
      vertex -0.149018 3.12421 7.67742
    endloop
  endfacet
  facet normal 0.815556 -0 0.578679
    outer loop
      vertex -1.9444 4.87104 7.77825
      vertex -1.79538 5 7.56823
      vertex -1.9444 5 7.77825
    endloop
  endfacet
  facet normal 0.815556 0 0.578679
    outer loop
      vertex -1.79538 5 7.56823
      vertex -1.9444 4.87104 7.77825
      vertex -1.79538 4.87104 7.56823
    endloop
  endfacet
  facet normal 0.409506 0.706549 0.577142
    outer loop
      vertex -0.955558 3.28502 7.80177
      vertex -0.912422 3.4674 7.54789
      vertex -1.06927 3.4674 7.65918
    endloop
  endfacet
  facet normal -0.690764 0.531512 -0.490244
    outer loop
      vertex 1.57384 3.88745 10.2551
      vertex 1.58828 3.66906 9.99798
      vertex 1.46655 3.66906 10.1695
    endloop
  endfacet
  facet normal -0.782622 0.531433 0.324163
    outer loop
      vertex 1.77053 3.66906 8.38047
      vertex 1.90005 3.88745 8.33514
      vertex 1.69003 3.66906 8.18612
    endloop
  endfacet
  facet normal -0.471634 0.222188 0.853343
    outer loop
      vertex 1.17585 4.36328 7.12865
      vertex 1.20638 4.61474 7.08005
      vertex 0.983832 4.61474 6.95705
    endloop
  endfacet
  facet normal -0.936905 0.222169 0.269906
    outer loop
      vertex 2.1547 4.36328 8.5082
      vertex 2.21065 4.61474 8.49543
      vertex 2.14026 4.61474 8.25109
    endloop
  endfacet
  facet normal -0.210162 0.900705 0.380214
    outer loop
      vertex 0.468279 2.87508 8.25474
      vertex 0.591913 2.98699 8.05797
      vertex 0.381892 2.87508 8.20699
    endloop
  endfacet
  facet normal 0.0560737 0 0.998427
    outer loop
      vertex -0.257113 5 6.71806
      vertex 0 4.87104 6.70362
      vertex 0 5 6.70362
    endloop
  endfacet
  facet normal 0.0560737 0 0.998427
    outer loop
      vertex 0 4.87104 6.70362
      vertex -0.257113 5 6.71806
      vertex -0.257113 4.87104 6.71806
    endloop
  endfacet
  facet normal -0.0397033 0.706549 0.706549
    outer loop
      vertex 0.192016 3.4674 7.29581
      vertex 0 3.4674 7.28502
      vertex 0 3.28502 7.4674
    endloop
  endfacet
  facet normal -0.234221 0.531218 -0.814216
    outer loop
      vertex 0.447937 3.88745 10.9625
      vertex 0.664856 3.88745 10.9001
      vertex 0.417402 3.66906 10.8288
    endloop
  endfacet
  facet normal 0.671988 0.433263 -0.600596
    outer loop
      vertex -1.50255 4.11983 10.5025
      vertex -1.42342 3.88745 10.4234
      vertex -1.57384 3.88745 10.2551
    endloop
  endfacet
  facet normal 0.69086 0.53143 0.490198
    outer loop
      vertex -1.46655 3.66906 7.83046
      vertex -1.57384 3.88745 7.74491
      vertex -1.58828 3.66906 8.00202
    endloop
  endfacet
  facet normal 0.745626 0 -0.666365
    outer loop
      vertex -1.62379 4.87104 10.6238
      vertex -1.79538 5 10.4318
      vertex -1.62379 5 10.6238
    endloop
  endfacet
  facet normal 0.745626 0 -0.666365
    outer loop
      vertex -1.79538 5 10.4318
      vertex -1.62379 4.87104 10.6238
      vertex -1.79538 4.87104 10.4318
    endloop
  endfacet
  facet normal -0.631636 0.531464 0.564431
    outer loop
      vertex 1.57384 3.88745 7.74491
      vertex 1.42342 3.88745 7.57658
      vertex 1.32638 3.66906 7.67362
    endloop
  endfacet
  facet normal -0.810468 0.111798 0.575015
    outer loop
      vertex 1.91995 4.61474 7.79362
      vertex 1.9444 4.87104 7.77825
      vertex 1.77281 4.61474 7.58623
    endloop
  endfacet
  facet normal -0.110561 0.993692 -0.0187842
    outer loop
      vertex 0.375605 2.7325 9.08573
      vertex 0.382841 2.7325 9.04314
      vertex 0.128151 2.70362 9.01444
    endloop
  endfacet
  facet normal -0.735038 0.433244 -0.521554
    outer loop
      vertex 1.79922 4.11983 10.1305
      vertex 1.70447 3.88745 10.071
      vertex 1.57384 3.88745 10.2551
    endloop
  endfacet
  facet normal 0.330233 0.943717 0.0185475
    outer loop
      vertex -0.636722 2.78989 9
      vertex -0.632718 2.78989 8.92871
      vertex -0.880172 2.87508 9
    endloop
  endfacet
  facet normal 0.576585 0.781352 0.238829
    outer loop
      vertex -1.25626 3.12421 8.56042
      vertex -1.19914 3.12421 8.42252
      vertex -1.38082 3.28502 8.33503
    endloop
  endfacet
  facet normal 0.131057 0.622895 0.771249
    outer loop
      vertex -0.192016 3.4674 7.29581
      vertex -0.210021 3.66906 7.136
      vertex -0.417402 3.66906 7.17124
    endloop
  endfacet
  facet normal 0.141921 0.531424 0.835133
    outer loop
      vertex -0.417402 3.66906 7.17124
      vertex -0.225386 3.88745 6.99964
      vertex -0.447937 3.88745 7.03746
    endloop
  endfacet
  facet normal -0.546202 0.781362 0.301889
    outer loop
      vertex 1.19914 3.12421 8.42252
      vertex 1.29769 3.28502 8.18461
      vertex 1.12694 3.12421 8.29189
    endloop
  endfacet
  facet normal 0.238831 0.781349 0.576588
    outer loop
      vertex -0.439583 3.12421 7.74374
      vertex -0.506185 3.28502 7.55341
      vertex -0.664968 3.28502 7.61918
    endloop
  endfacet
  facet normal 0.203812 0.84635 0.49209
    outer loop
      vertex -0.482718 2.98699 7.99762
      vertex -0.367453 2.98699 7.94988
      vertex -0.577475 3.12421 7.80086
    endloop
  endfacet
  facet normal -0.0438474 0.622896 0.781075
    outer loop
      vertex 0.192016 3.4674 7.29581
      vertex 0.210021 3.66906 7.136
      vertex 0 3.66906 7.12421
    endloop
  endfacet
  facet normal -0.564208 0.222201 0.795171
    outer loop
      vertex 1.37798 4.36328 7.27207
      vertex 1.41376 4.61474 7.22719
      vertex 1.17585 4.36328 7.12865
    endloop
  endfacet
  facet normal -0.308225 0.846347 0.434388
    outer loop
      vertex 0.693666 2.98699 8.13017
      vertex 0.708104 3.12421 7.87306
      vertex 0.591913 2.98699 8.05797
    endloop
  endfacet
  facet normal -0.869735 0.111797 0.48069
    outer loop
      vertex 2.04295 4.61474 8.01617
      vertex 2.06897 4.87104 8.00364
      vertex 1.9444 4.87104 7.77825
    endloop
  endfacet
  facet normal 0.0556896 0.111765 0.992173
    outer loop
      vertex -0.25388 4.61474 6.74675
      vertex 0 4.61474 6.7325
      vertex -0.257113 4.87104 6.71806
    endloop
  endfacet
  facet normal -0.166434 0.111813 0.979693
    outer loop
      vertex 0.504566 4.61474 6.78935
      vertex 0.510992 4.87104 6.76119
      vertex 0.257113 4.87104 6.71806
    endloop
  endfacet
  facet normal -0.158114 0.329813 0.930711
    outer loop
      vertex 0.472839 4.11983 6.92835
      vertex 0.491796 4.36328 6.8453
      vertex 0.237915 4.11983 6.88844
    endloop
  endfacet
  facet normal -0.324183 0.531421 0.782622
    outer loop
      vertex 0.813874 3.66906 7.30997
      vertex 0.873413 3.88745 7.18634
      vertex 0.664856 3.88745 7.09995
    endloop
  endfacet
  facet normal -0.435955 0.433316 0.788784
    outer loop
      vertex 1.07099 3.88745 7.29553
      vertex 1.13053 4.11983 7.20078
      vertex 0.921969 4.11983 7.08551
    endloop
  endfacet
  facet normal -0.564431 0.531464 0.631636
    outer loop
      vertex 1.32638 3.66906 7.67362
      vertex 1.42342 3.88745 7.57658
      vertex 1.25509 3.88745 7.42616
    endloop
  endfacet
  facet normal -0.466143 0.846357 0.257662
    outer loop
      vertex 1.00238 2.98699 8.51728
      vertex 1.12694 3.12421 8.29189
      vertex 0.942025 2.98699 8.40809
    endloop
  endfacet
  facet normal -0.104543 0.781351 0.615274
    outer loop
      vertex 0.341035 3.28502 7.50583
      vertex 0.171596 3.28502 7.47704
      vertex 0.149018 3.12421 7.67742
    endloop
  endfacet
  facet normal 0.740965 0.111755 -0.662179
    outer loop
      vertex -1.60337 4.61474 10.6034
      vertex -1.77281 4.61474 10.4138
      vertex -1.79538 4.87104 10.4318
    endloop
  endfacet
  facet normal 0.163265 0.222068 -0.961265
    outer loop
      vertex -0.25388 4.61474 11.2532
      vertex -0.247454 4.36328 11.1962
      vertex -0.491796 4.36328 11.1547
    endloop
  endfacet
  facet normal 0.275098 0.111813 0.954892
    outer loop
      vertex -0.504566 4.61474 6.78935
      vertex -0.510992 4.87104 6.76119
      vertex -0.758447 4.87104 6.83248
    endloop
  endfacet
  facet normal 0.961226 0.222216 0.163292
    outer loop
      vertex -2.19621 4.36328 8.75255
      vertex -2.1547 4.36328 8.5082
      vertex -2.25325 4.61474 8.74612
    endloop
  endfacet
  facet normal 0.985875 -0 0.167484
    outer loop
      vertex -2.28194 4.87104 8.74289
      vertex -2.23881 5 8.48901
      vertex -2.28194 5 8.74289
    endloop
  endfacet
  facet normal 0.985875 0 0.167484
    outer loop
      vertex -2.23881 5 8.48901
      vertex -2.28194 4.87104 8.74289
      vertex -2.23881 4.87104 8.48901
    endloop
  endfacet
  facet normal -0.0347009 0.781437 -0.623019
    outer loop
      vertex 0 3.28502 10.5326
      vertex 0.149018 3.12421 10.3226
      vertex 0 3.12421 10.3309
    endloop
  endfacet
  facet normal -0.126559 0.943717 -0.305584
    outer loop
      vertex 0.381892 2.87508 9.79301
      vertex 0.276262 2.78989 9.57367
      vertex 0.210296 2.78989 9.60099
    endloop
  endfacet
  facet normal -0.269867 0.222281 -0.93689
    outer loop
      vertex 0.748908 4.61474 11.1403
      vertex 0.729953 4.36328 11.0861
      vertex 0.491796 4.36328 11.1547
    endloop
  endfacet
  facet normal 0.299379 0.622901 -0.722749
    outer loop
      vertex -0.619534 3.66906 10.7705
      vertex -0.566421 3.4674 10.6187
      vertex -0.813874 3.66906 10.69
    endloop
  endfacet
  facet normal 0.204043 0.846412 -0.491887
    outer loop
      vertex -0.439583 3.12421 10.2563
      vertex -0.367453 2.98699 10.0501
      vertex -0.577475 3.12421 10.1991
    endloop
  endfacet
  facet normal 0.234719 0.531644 -0.813795
    outer loop
      vertex -0.417402 3.66906 10.8288
      vertex -0.619534 3.66906 10.7705
      vertex -0.664856 3.88745 10.9001
    endloop
  endfacet
  facet normal 0.382526 0 -0.923945
    outer loop
      vertex -0.996362 4.87104 11.069
      vertex -0.758447 5 11.1675
      vertex -0.758447 4.87104 11.1675
    endloop
  endfacet
  facet normal 0.382526 0 -0.923945
    outer loop
      vertex -0.758447 5 11.1675
      vertex -0.996362 4.87104 11.069
      vertex -0.996362 5 11.069
    endloop
  endfacet
  facet normal 0.301867 0.781354 0.546226
    outer loop
      vertex -0.577475 3.12421 7.80086
      vertex -0.664968 3.28502 7.61918
      vertex -0.815391 3.28502 7.70231
    endloop
  endfacet
  facet normal 0.52511 0.846345 -0.0892194
    outer loop
      vertex -1.29757 3.12421 9.29616
      vertex -1.10556 2.98699 9.12457
      vertex -1.32257 3.12421 9.14902
    endloop
  endfacet
  facet normal -0.782617 0.531432 -0.324177
    outer loop
      vertex 1.90005 3.88745 9.66486
      vertex 1.77053 3.66906 9.61953
      vertex 1.69003 3.66906 9.81387
    endloop
  endfacet
  facet normal -0.680003 0.706553 0.195906
    outer loop
      vertex 1.67198 3.4674 8.61838
      vertex 1.61874 3.4674 8.43358
      vertex 1.49417 3.28502 8.65896
    endloop
  endfacet
  facet normal -0.826248 0.329812 0.456661
    outer loop
      vertex 1.91449 4.11983 8.07803
      vertex 1.99124 4.36328 8.04107
      vertex 1.87135 4.36328 7.82415
    endloop
  endfacet
  facet normal -0.69086 0.53143 0.490198
    outer loop
      vertex 1.58828 3.66906 8.00202
      vertex 1.57384 3.88745 7.74491
      vertex 1.46655 3.66906 7.83046
    endloop
  endfacet
  facet normal -0.998427 0 -0.0560744
    outer loop
      vertex 2.29638 4.87104 9
      vertex 2.28194 5 9.25711
      vertex 2.29638 5 9
    endloop
  endfacet
  facet normal -0.998427 -0 -0.0560744
    outer loop
      vertex 2.28194 5 9.25711
      vertex 2.29638 4.87104 9
      vertex 2.28194 4.87104 9.25711
    endloop
  endfacet
  facet normal -0.888504 0.433314 0.150992
    outer loop
      vertex 2.00036 3.88745 8.77461
      vertex 2.11156 4.11983 8.76208
      vertex 1.96254 3.88745 8.55206
    endloop
  endfacet
  facet normal -0.845774 0.531421 -0.0475199
    outer loop
      vertex 2.01301 3.88745 9
      vertex 1.87579 3.66906 9
      vertex 1.86399 3.66906 9.21002
    endloop
  endfacet
  facet normal -0.973475 0.222173 -0.0546401
    outer loop
      vertex 2.25325 4.61474 9.25388
      vertex 2.2675 4.61474 9
      vertex 2.21011 4.36328 9
    endloop
  endfacet
  facet normal -0.583344 0.622854 -0.521308
    outer loop
      vertex 1.32638 3.66906 10.3264
      vertex 1.34082 3.4674 10.0693
      vertex 1.21267 3.4674 10.2127
    endloop
  endfacet
  facet normal -0.546499 0.329809 -0.769782
    outer loop
      vertex 1.37798 4.36328 10.7279
      vertex 1.32487 4.11983 10.6613
      vertex 1.17585 4.36328 10.8714
    endloop
  endfacet
  facet normal 0.600524 0.433335 0.672006
    outer loop
      vertex -1.25509 3.88745 7.42616
      vertex -1.32487 4.11983 7.33867
      vertex -1.50255 4.11983 7.49745
    endloop
  endfacet
  facet normal 0.631636 0.531464 0.564431
    outer loop
      vertex -1.32638 3.66906 7.67362
      vertex -1.42342 3.88745 7.57658
      vertex -1.57384 3.88745 7.74491
    endloop
  endfacet
  facet normal 0.299388 0.622881 0.722762
    outer loop
      vertex -0.744101 3.4674 7.45486
      vertex -0.566421 3.4674 7.38126
      vertex -0.813874 3.66906 7.30997
    endloop
  endfacet
  facet normal 0.195902 0.706555 0.680002
    outer loop
      vertex -0.341035 3.28502 7.50583
      vertex -0.381618 3.4674 7.32802
      vertex -0.566421 3.4674 7.38126
    endloop
  endfacet
  facet normal 0.583308 0.622886 0.52131
    outer loop
      vertex -1.34082 3.4674 7.93073
      vertex -1.32638 3.66906 7.67362
      vertex -1.46655 3.66906 7.83046
    endloop
  endfacet
  facet normal 0.415848 0.781358 0.465349
    outer loop
      vertex -0.941119 3.12421 8.05888
      vertex -0.955558 3.28502 7.80177
      vertex -1.08371 3.28502 7.91629
    endloop
  endfacet
  facet normal -0.166159 0.974855 0.148488
    outer loop
      vertex 0.497808 2.78989 8.60301
      vertex 0.45023 2.78989 8.54977
      vertex 0.272423 2.7325 8.72758
    endloop
  endfacet
  facet normal -0.52511 0.846345 0.0892194
    outer loop
      vertex 1.32257 3.12421 8.85098
      vertex 1.29757 3.12421 8.70384
      vertex 1.10556 2.98699 8.87543
    endloop
  endfacet
  facet normal -0.203812 0.84635 0.49209
    outer loop
      vertex 0.482718 2.98699 7.99762
      vertex 0.577475 3.12421 7.80086
      vertex 0.367453 2.98699 7.94988
    endloop
  endfacet
  facet normal -0.342315 0.706553 0.619357
    outer loop
      vertex 0.912422 3.4674 7.54789
      vertex 0.744101 3.4674 7.45486
      vertex 0.664968 3.28502 7.61918
    endloop
  endfacet
  facet normal -0.832617 0.433348 0.344904
    outer loop
      vertex 1.90005 3.88745 8.33514
      vertex 1.91449 4.11983 8.07803
      vertex 1.81366 3.88745 8.12659
    endloop
  endfacet
  facet normal -0.672006 0.433335 0.600524
    outer loop
      vertex 1.57384 3.88745 7.74491
      vertex 1.66133 4.11983 7.67513
      vertex 1.50255 4.11983 7.49745
    endloop
  endfacet
  facet normal 0.324183 0.531421 0.782622
    outer loop
      vertex -0.813874 3.66906 7.30997
      vertex -0.664856 3.88745 7.09995
      vertex -0.873413 3.88745 7.18634
    endloop
  endfacet
  facet normal 0.0505287 0.433335 0.899815
    outer loop
      vertex 0 3.88745 6.98699
      vertex 0 4.11983 6.87508
      vertex -0.237915 4.11983 6.88844
    endloop
  endfacet
  facet normal -0.409742 0.531422 0.741419
    outer loop
      vertex 1.07099 3.88745 7.29553
      vertex 0.873413 3.88745 7.18634
      vertex 0.813874 3.66906 7.30997
    endloop
  endfacet
  facet normal -0.649695 0.222197 0.726997
    outer loop
      vertex 1.56278 4.36328 7.43722
      vertex 1.41376 4.61474 7.22719
      vertex 1.37798 4.36328 7.27207
    endloop
  endfacet
  facet normal -0.216571 0.622874 0.751748
    outer loop
      vertex 0.566421 3.4674 7.38126
      vertex 0.417402 3.66906 7.17124
      vertex 0.381618 3.4674 7.32802
    endloop
  endfacet
  facet normal -0.373133 0.222187 0.90078
    outer loop
      vertex 0.95893 4.36328 7.00876
      vertex 0.983832 4.61474 6.95705
      vertex 0.729953 4.36328 6.91391
    endloop
  endfacet
  facet normal -0.261354 0.329814 0.907148
    outer loop
      vertex 0.701818 4.11983 6.99432
      vertex 0.491796 4.36328 6.8453
      vertex 0.472839 4.11983 6.92835
    endloop
  endfacet
  facet normal -0.249501 0.433335 0.866008
    outer loop
      vertex 0.664856 3.88745 7.09995
      vertex 0.701818 4.11983 6.99432
      vertex 0.472839 4.11983 6.92835
    endloop
  endfacet
  facet normal 0.0349557 0.78137 0.623089
    outer loop
      vertex 0 3.12421 7.66906
      vertex 0 3.28502 7.4674
      vertex -0.149018 3.12421 7.67742
    endloop
  endfacet
  facet normal 0.118521 0.706554 0.697663
    outer loop
      vertex -0.341035 3.28502 7.50583
      vertex -0.192016 3.4674 7.29581
      vertex -0.381618 3.4674 7.32802
    endloop
  endfacet
  facet normal -0.378429 0.62288 0.684698
    outer loop
      vertex 0.912422 3.4674 7.54789
      vertex 0.813874 3.66906 7.30997
      vertex 0.744101 3.4674 7.45486
    endloop
  endfacet
  facet normal -0.415842 0.78136 0.46535
    outer loop
      vertex 0.941119 3.12421 8.05888
      vertex 0.955558 3.28502 7.80177
      vertex 0.829829 3.12421 7.95943
    endloop
  endfacet
  facet normal 0.888504 0.433314 -0.150992
    outer loop
      vertex -1.96254 3.88745 9.44794
      vertex -2.00036 3.88745 9.22539
      vertex -2.11156 4.11983 9.23792
    endloop
  endfacet
  facet normal 0.869735 0.111797 0.48069
    outer loop
      vertex -2.04295 4.61474 8.01617
      vertex -1.9444 4.87104 7.77825
      vertex -2.06897 4.87104 8.00364
    endloop
  endfacet
  facet normal 0.380115 0.112079 -0.918123
    outer loop
      vertex -0.758447 4.87104 11.1675
      vertex -0.983832 4.61474 11.0429
      vertex -0.996362 4.87104 11.069
    endloop
  endfacet
  facet normal 0.373123 0.222175 0.900787
    outer loop
      vertex -0.729953 4.36328 6.91391
      vertex -0.748908 4.61474 6.85974
      vertex -0.983832 4.61474 6.95705
    endloop
  endfacet
  facet normal -0.577158 0.706579 -0.409433
    outer loop
      vertex 1.34082 3.4674 10.0693
      vertex 1.45211 3.4674 9.91242
      vertex 1.19823 3.28502 9.95556
    endloop
  endfacet
  facet normal -0.866009 0.433334 -0.2495
    outer loop
      vertex 2.00568 4.11983 9.70182
      vertex 2.07165 4.11983 9.47284
      vertex 1.90005 3.88745 9.66486
    endloop
  endfacet
  facet normal -0.324172 0.531602 -0.782504
    outer loop
      vertex 0.873413 3.88745 10.8137
      vertex 0.813874 3.66906 10.69
      vertex 0.664856 3.88745 10.9001
    endloop
  endfacet
  facet normal -0.166113 0.900711 -0.401405
    outer loop
      vertex 0.482718 2.98699 10.0024
      vertex 0.381892 2.87508 9.79301
      vertex 0.367453 2.98699 10.0501
    endloop
  endfacet
  facet normal 0.521756 0.433184 -0.73493
    outer loop
      vertex -1.13053 4.11983 10.7992
      vertex -1.07099 3.88745 10.7045
      vertex -1.25509 3.88745 10.5738
    endloop
  endfacet
  facet normal -0.151274 0.433328 -0.888449
    outer loop
      vertex 0.472839 4.11983 11.0716
      vertex 0.447937 3.88745 10.9625
      vertex 0.237915 4.11983 11.1116
    endloop
  endfacet
  facet normal 0.0915804 0.943714 -0.317831
    outer loop
      vertex -0.195856 2.87508 9.8581
      vertex -0.141684 2.78989 9.62076
      vertex -0.210296 2.78989 9.60099
    endloop
  endfacet
  facet normal -0.28949 0.900699 -0.323941
    outer loop
      vertex 0.693666 2.98699 9.86983
      vertex 0.622375 2.87508 9.62238
      vertex 0.548778 2.87508 9.68815
    endloop
  endfacet
  facet normal 0.662064 0.111867 -0.741051
    outer loop
      vertex -1.43177 4.87104 10.7954
      vertex -1.41376 4.61474 10.7728
      vertex -1.60337 4.61474 10.6034
    endloop
  endfacet
  facet normal 0.301766 0.781383 -0.54624
    outer loop
      vertex -0.664968 3.28502 10.3808
      vertex -0.577475 3.12421 10.1991
      vertex -0.815391 3.28502 10.2977
    endloop
  endfacet
  facet normal -0.0727906 0.900728 -0.428241
    outer loop
      vertex 0.124566 2.98699 10.1056
      vertex 0.195856 2.87508 9.8581
      vertex 0.0985479 2.87508 9.87464
    endloop
  endfacet
  facet normal -0.181737 0.974855 0.128957
    outer loop
      vertex 0.539127 2.78989 8.66124
      vertex 0.497808 2.78989 8.60301
      vertex 0.301211 2.7325 8.75979
    endloop
  endfacet
  facet normal 0.24927 0.433239 -0.866123
    outer loop
      vertex -0.472839 4.11983 11.0716
      vertex -0.664856 3.88745 10.9001
      vertex -0.701818 4.11983 11.0057
    endloop
  endfacet
  facet normal 0.73501 0.433317 0.521533
    outer loop
      vertex -1.70447 3.88745 7.92901
      vertex -1.57384 3.88745 7.74491
      vertex -1.79922 4.11983 7.86947
    endloop
  endfacet
  facet normal 0.741429 0.531424 -0.409721
    outer loop
      vertex -1.70447 3.88745 10.071
      vertex -1.69003 3.66906 9.81387
      vertex -1.81366 3.88745 9.87341
    endloop
  endfacet
  facet normal 0.361327 0.329655 -0.872221
    outer loop
      vertex -0.701818 4.11983 11.0057
      vertex -0.921969 4.11983 10.9145
      vertex -0.95893 4.36328 10.9912
    endloop
  endfacet
  facet normal -0.158087 0.329643 -0.930776
    outer loop
      vertex 0.247454 4.36328 11.1962
      vertex 0.491796 4.36328 11.1547
      vertex 0.237915 4.11983 11.1116
    endloop
  endfacet
  facet normal 0.527629 0.706596 -0.471518
    outer loop
      vertex -1.21267 3.4674 10.2127
      vertex -1.08371 3.28502 10.0837
      vertex -1.34082 3.4674 10.0693
    endloop
  endfacet
  facet normal 0.788783 0.433316 0.435956
    outer loop
      vertex -1.70447 3.88745 7.92901
      vertex -1.79922 4.11983 7.86947
      vertex -1.91449 4.11983 8.07803
    endloop
  endfacet
  facet normal 0.583335 0.62287 0.5213
    outer loop
      vertex -1.21267 3.4674 7.78733
      vertex -1.32638 3.66906 7.67362
      vertex -1.34082 3.4674 7.93073
    endloop
  endfacet
  facet normal 0.0728006 0.900699 0.4283
    outer loop
      vertex -0.0985479 2.87508 8.12536
      vertex -0.124566 2.98699 7.89444
      vertex -0.195856 2.87508 8.1419
    endloop
  endfacet
  facet normal -0.361327 0.329655 -0.872221
    outer loop
      vertex 0.95893 4.36328 10.9912
      vertex 0.921969 4.11983 10.9145
      vertex 0.701818 4.11983 11.0057
    endloop
  endfacet
  facet normal 0.0558841 0.111805 -0.992158
    outer loop
      vertex 0 4.61474 11.2675
      vertex -0.25388 4.61474 11.2532
      vertex -0.257113 4.87104 11.2819
    endloop
  endfacet
  facet normal -0.564134 0.221887 -0.795311
    outer loop
      vertex 1.20638 4.61474 10.9199
      vertex 1.41376 4.61474 10.7728
      vertex 1.17585 4.36328 10.8714
    endloop
  endfacet
  facet normal -0.574995 0.11187 -0.810473
    outer loop
      vertex 1.43177 4.87104 10.7954
      vertex 1.41376 4.61474 10.7728
      vertex 1.22175 4.87104 10.9444
    endloop
  endfacet
  facet normal -0.68 0.706555 0.195909
    outer loop
      vertex 1.49417 3.28502 8.65896
      vertex 1.61874 3.4674 8.43358
      vertex 1.44659 3.28502 8.49381
    endloop
  endfacet
  facet normal -0.813998 0.531429 0.234498
    outer loop
      vertex 1.82876 3.66906 8.5826
      vertex 1.90005 3.88745 8.33514
      vertex 1.77053 3.66906 8.38047
    endloop
  endfacet
  facet normal -0.672019 0.433324 0.600517
    outer loop
      vertex 1.57384 3.88745 7.74491
      vertex 1.50255 4.11983 7.49745
      vertex 1.42342 3.88745 7.57658
    endloop
  endfacet
  facet normal -0.726993 0.222222 0.649691
    outer loop
      vertex 1.72793 4.36328 7.62202
      vertex 1.77281 4.61474 7.58623
      vertex 1.56278 4.36328 7.43722
    endloop
  endfacet
  facet normal -0.930714 0.329808 0.158109
    outer loop
      vertex 2.19621 4.36328 8.75255
      vertex 2.1547 4.36328 8.5082
      vertex 2.11156 4.11983 8.76208
    endloop
  endfacet
  facet normal -0.992167 0.111798 0.0557228
    outer loop
      vertex 2.29638 4.87104 9
      vertex 2.28194 4.87104 8.74289
      vertex 2.2675 4.61474 9
    endloop
  endfacet
  facet normal -0.942561 0.329811 -0.0529465
    outer loop
      vertex 2.19621 4.36328 9.24745
      vertex 2.21011 4.36328 9
      vertex 2.11156 4.11983 9.23792
    endloop
  endfacet
  facet normal -0.615255 0.781366 0.10454
    outer loop
      vertex 1.52296 3.28502 8.8284
      vertex 1.49417 3.28502 8.65896
      vertex 1.32257 3.12421 8.85098
    endloop
  endfacet
  facet normal -0.973463 0.222214 -0.0546823
    outer loop
      vertex 2.25325 4.61474 9.25388
      vertex 2.21011 4.36328 9
      vertex 2.19621 4.36328 9.24745
    endloop
  endfacet
  facet normal -0.835131 0.531426 0.141922
    outer loop
      vertex 2.00036 3.88745 8.77461
      vertex 1.96254 3.88745 8.55206
      vertex 1.82876 3.66906 8.5826
    endloop
  endfacet
  facet normal -0.583308 0.622886 0.52131
    outer loop
      vertex 1.34082 3.4674 7.93073
      vertex 1.46655 3.66906 7.83046
      vertex 1.32638 3.66906 7.67362
    endloop
  endfacet
  facet normal -0.649584 0.222247 -0.727081
    outer loop
      vertex 1.60337 4.61474 10.6034
      vertex 1.56278 4.36328 10.5628
      vertex 1.41376 4.61474 10.7728
    endloop
  endfacet
  facet normal -0.83263 0.433333 -0.34489
    outer loop
      vertex 1.91449 4.11983 9.92197
      vertex 2.00568 4.11983 9.70182
      vertex 1.90005 3.88745 9.66486
    endloop
  endfacet
  facet normal -0.163265 0.222068 -0.961265
    outer loop
      vertex 0.25388 4.61474 11.2532
      vertex 0.491796 4.36328 11.1547
      vertex 0.247454 4.36328 11.1962
    endloop
  endfacet
  facet normal -0.853297 0.222182 -0.471719
    outer loop
      vertex 2.04295 4.61474 9.98383
      vertex 1.99124 4.36328 9.95893
      vertex 1.87135 4.36328 10.1758
    endloop
  endfacet
  facet normal 0.378413 0.622889 0.684699
    outer loop
      vertex -0.912422 3.4674 7.54789
      vertex -0.813874 3.66906 7.30997
      vertex -0.99798 3.66906 7.41172
    endloop
  endfacet
  facet normal 0.564486 0.531426 0.631619
    outer loop
      vertex -1.16954 3.66906 7.53345
      vertex -1.25509 3.88745 7.42616
      vertex -1.32638 3.66906 7.67362
    endloop
  endfacet
  facet normal 0.631619 0.531426 0.564486
    outer loop
      vertex -1.46655 3.66906 7.83046
      vertex -1.32638 3.66906 7.67362
      vertex -1.57384 3.88745 7.74491
    endloop
  endfacet
  facet normal 0.344895 0.433343 0.832623
    outer loop
      vertex -0.873413 3.88745 7.18634
      vertex -0.664856 3.88745 7.09995
      vertex -0.921969 4.11983 7.08551
    endloop
  endfacet
  facet normal 0.672006 0.433335 0.600524
    outer loop
      vertex -1.57384 3.88745 7.74491
      vertex -1.50255 4.11983 7.49745
      vertex -1.66133 4.11983 7.67513
    endloop
  endfacet
  facet normal 0.769928 0.329805 0.546297
    outer loop
      vertex -1.66133 4.11983 7.67513
      vertex -1.72793 4.36328 7.62202
      vertex -1.87135 4.36328 7.82415
    endloop
  endfacet
  facet normal 0.0397033 0.706549 0.706549
    outer loop
      vertex 0 3.28502 7.4674
      vertex 0 3.4674 7.28502
      vertex -0.192016 3.4674 7.29581
    endloop
  endfacet
  facet normal -0.0474795 0.531422 0.845775
    outer loop
      vertex 0.210021 3.66906 7.136
      vertex 0 3.88745 6.98699
      vertex 0 3.66906 7.12421
    endloop
  endfacet
  facet normal 0.342297 0.706539 0.619383
    outer loop
      vertex -0.815391 3.28502 7.70231
      vertex -0.664968 3.28502 7.61918
      vertex -0.912422 3.4674 7.54789
    endloop
  endfacet
  facet normal 0.029841 0.846353 0.531785
    outer loop
      vertex 0 2.98699 7.88745
      vertex 0 3.12421 7.66906
      vertex -0.124566 2.98699 7.89444
    endloop
  endfacet
  facet normal 0.167484 0 0.985875
    outer loop
      vertex -0.510992 5 6.76119
      vertex -0.257113 4.87104 6.71806
      vertex -0.257113 5 6.71806
    endloop
  endfacet
  facet normal 0.167484 0 0.985875
    outer loop
      vertex -0.257113 4.87104 6.71806
      vertex -0.510992 5 6.76119
      vertex -0.510992 4.87104 6.76119
    endloop
  endfacet
  facet normal -0.128954 0.974855 0.181737
    outer loop
      vertex 0.396989 2.78989 8.50219
      vertex 0.338756 2.78989 8.46087
      vertex 0.240208 2.7325 8.69879
    endloop
  endfacet
  facet normal -0.120271 0.900703 0.417455
    outer loop
      vertex 0.367453 2.98699 7.94988
      vertex 0.247566 2.98699 7.91534
      vertex 0.195856 2.87508 8.1419
    endloop
  endfacet
  facet normal -0.2514 0.900704 0.354303
    outer loop
      vertex 0.693666 2.98699 8.13017
      vertex 0.591913 2.98699 8.05797
      vertex 0.468279 2.87508 8.25474
    endloop
  endfacet
  facet normal -0.41746 0.9007 0.120277
    outer loop
      vertex 0.858104 2.87508 8.80414
      vertex 1.05012 2.98699 8.63255
      vertex 0.830779 2.87508 8.7093
    endloop
  endfacet
  facet normal -0.531797 0.846345 0.0298694
    outer loop
      vertex 1.33094 3.12421 9
      vertex 1.32257 3.12421 8.85098
      vertex 1.10556 2.98699 8.87543
    endloop
  endfacet
  facet normal 0.305571 0.943718 0.126583
    outer loop
      vertex -0.60099 2.78989 8.7897
      vertex -0.573666 2.78989 8.72374
      vertex -0.793007 2.87508 8.61811
    endloop
  endfacet
  facet normal -0.16624 0.900701 0.401376
    outer loop
      vertex 0.381892 2.87508 8.20699
      vertex 0.482718 2.98699 7.99762
      vertex 0.367453 2.98699 7.94988
    endloop
  endfacet
  facet normal -0.0727753 0.900704 0.428295
    outer loop
      vertex 0.195856 2.87508 8.1419
      vertex 0.247566 2.98699 7.91534
      vertex 0.124566 2.98699 7.89444
    endloop
  endfacet
  facet normal -0.83263 0.433333 0.34489
    outer loop
      vertex 2.00568 4.11983 8.29818
      vertex 1.91449 4.11983 8.07803
      vertex 1.90005 3.88745 8.33514
    endloop
  endfacet
  facet normal -0.900783 0.222182 0.373128
    outer loop
      vertex 2.08609 4.36328 8.27005
      vertex 2.14026 4.61474 8.25109
      vertex 2.04295 4.61474 8.01617
    endloop
  endfacet
  facet normal -0.480694 0.111797 0.869733
    outer loop
      vertex 1.22175 4.87104 7.0556
      vertex 0.996362 4.87104 6.93103
      vertex 0.983832 4.61474 6.95705
    endloop
  endfacet
  facet normal -0.875221 0 0.483723
    outer loop
      vertex 1.9444 4.87104 7.77825
      vertex 2.06897 5 8.00364
      vertex 1.9444 5 7.77825
    endloop
  endfacet
  facet normal -0.875221 0 0.483723
    outer loop
      vertex 2.06897 5 8.00364
      vertex 1.9444 4.87104 7.77825
      vertex 2.06897 4.87104 8.00364
    endloop
  endfacet
  facet normal -0.740987 0.111791 0.662149
    outer loop
      vertex 1.79538 4.87104 7.56823
      vertex 1.62379 4.87104 7.37621
      vertex 1.60337 4.61474 7.39663
    endloop
  endfacet
  facet normal -0.810447 0.111755 0.575054
    outer loop
      vertex 1.9444 4.87104 7.77825
      vertex 1.79538 4.87104 7.56823
      vertex 1.77281 4.61474 7.58623
    endloop
  endfacet
  facet normal 0.163345 0.222169 0.961228
    outer loop
      vertex -0.491796 4.36328 6.8453
      vertex -0.25388 4.61474 6.74675
      vertex -0.504566 4.61474 6.78935
    endloop
  endfacet
  facet normal 0.141913 0.53143 0.835131
    outer loop
      vertex -0.210021 3.66906 7.136
      vertex -0.225386 3.88745 6.99964
      vertex -0.417402 3.66906 7.17124
    endloop
  endfacet
  facet normal 0.131025 0.622874 0.771272
    outer loop
      vertex -0.381618 3.4674 7.32802
      vertex -0.192016 3.4674 7.29581
      vertex -0.417402 3.66906 7.17124
    endloop
  endfacet
  facet normal 0.216571 0.622874 0.751748
    outer loop
      vertex -0.381618 3.4674 7.32802
      vertex -0.417402 3.66906 7.17124
      vertex -0.566421 3.4674 7.38126
    endloop
  endfacet
  facet normal -0.490202 0.531435 0.690854
    outer loop
      vertex 1.25509 3.88745 7.42616
      vertex 1.07099 3.88745 7.29553
      vertex 0.99798 3.66906 7.41172
    endloop
  endfacet
  facet normal -0.521533 0.433317 0.73501
    outer loop
      vertex 1.25509 3.88745 7.42616
      vertex 1.13053 4.11983 7.20078
      vertex 1.07099 3.88745 7.29553
    endloop
  endfacet
  facet normal -0.490198 0.53143 0.69086
    outer loop
      vertex 1.16954 3.66906 7.53345
      vertex 1.25509 3.88745 7.42616
      vertex 0.99798 3.66906 7.41172
    endloop
  endfacet
  facet normal -0.378413 0.622889 0.684699
    outer loop
      vertex 0.912422 3.4674 7.54789
      vertex 0.99798 3.66906 7.41172
      vertex 0.813874 3.66906 7.30997
    endloop
  endfacet
  facet normal -0.361284 0.329827 0.872174
    outer loop
      vertex 0.95893 4.36328 7.00876
      vertex 0.729953 4.36328 6.91391
      vertex 0.701818 4.11983 6.99432
    endloop
  endfacet
  facet normal -0.261338 0.329827 0.907147
    outer loop
      vertex 0.701818 4.11983 6.99432
      vertex 0.729953 4.36328 6.91391
      vertex 0.491796 4.36328 6.8453
    endloop
  endfacet
  facet normal 0.0546814 0.222213 0.973464
    outer loop
      vertex -0.247454 4.36328 6.80379
      vertex 0 4.36328 6.78989
      vertex -0.25388 4.61474 6.74675
    endloop
  endfacet
  facet normal -0.141921 0.531424 0.835133
    outer loop
      vertex 0.417402 3.66906 7.17124
      vertex 0.447937 3.88745 7.03746
      vertex 0.225386 3.88745 6.99964
    endloop
  endfacet
  facet normal -0.0350053 0.781351 0.62311
    outer loop
      vertex 0.149018 3.12421 7.67742
      vertex 0.171596 3.28502 7.47704
      vertex 0 3.28502 7.4674
    endloop
  endfacet
  facet normal -0.0892249 0.846348 0.525104
    outer loop
      vertex 0.247566 2.98699 7.91534
      vertex 0.296163 3.12421 7.70243
      vertex 0.124566 2.98699 7.89444
    endloop
  endfacet
  facet normal -0.150942 0.433352 0.888495
    outer loop
      vertex 0.447937 3.88745 7.03746
      vertex 0.472839 4.11983 6.92835
      vertex 0.237915 4.11983 6.88844
    endloop
  endfacet
  facet normal -0.344888 0.433335 0.83263
    outer loop
      vertex 0.921969 4.11983 7.08551
      vertex 0.701818 4.11983 6.99432
      vertex 0.664856 3.88745 7.09995
    endloop
  endfacet
  facet normal 0.0554251 0.943717 0.326077
    outer loop
      vertex -0.07129 2.78989 8.36728
      vertex -0.0985479 2.87508 8.12536
      vertex -0.195856 2.87508 8.1419
    endloop
  endfacet
  facet normal 0.120271 0.900703 0.417455
    outer loop
      vertex -0.195856 2.87508 8.1419
      vertex -0.247566 2.98699 7.91534
      vertex -0.367453 2.98699 7.94988
    endloop
  endfacet
  facet normal -0.361141 0.78136 0.508972
    outer loop
      vertex 0.829829 3.12421 7.95943
      vertex 0.955558 3.28502 7.80177
      vertex 0.708104 3.12421 7.87306
    endloop
  endfacet
  facet normal -0.409506 0.706549 0.577142
    outer loop
      vertex 0.955558 3.28502 7.80177
      vertex 1.06927 3.4674 7.65918
      vertex 0.912422 3.4674 7.54789
    endloop
  endfacet
  facet normal 0.985875 0 -0.167484
    outer loop
      vertex -2.23881 4.87104 9.51099
      vertex -2.28194 5 9.25711
      vertex -2.23881 5 9.51099
    endloop
  endfacet
  facet normal 0.985875 0 -0.167484
    outer loop
      vertex -2.28194 5 9.25711
      vertex -2.23881 4.87104 9.51099
      vertex -2.28194 4.87104 9.25711
    endloop
  endfacet
  facet normal 0.961228 0.222169 -0.163343
    outer loop
      vertex -2.21065 4.61474 9.50457
      vertex -2.1547 4.36328 9.4918
      vertex -2.25325 4.61474 9.25388
    endloop
  endfacet
  facet normal 0.960919 0 -0.276828
    outer loop
      vertex -2.16752 4.87104 9.75845
      vertex -2.23881 5 9.51099
      vertex -2.16752 5 9.75845
    endloop
  endfacet
  facet normal 0.960919 0 -0.276828
    outer loop
      vertex -2.23881 5 9.51099
      vertex -2.16752 4.87104 9.75845
      vertex -2.23881 4.87104 9.51099
    endloop
  endfacet
  facet normal 0.979693 0.111809 0.166434
    outer loop
      vertex -2.21065 4.61474 8.49543
      vertex -2.23881 4.87104 8.48901
      vertex -2.28194 4.87104 8.74289
    endloop
  endfacet
  facet normal 0.615261 0.781362 -0.104537
    outer loop
      vertex -1.29757 3.12421 9.29616
      vertex -1.32257 3.12421 9.14902
      vertex -1.49417 3.28502 9.34103
    endloop
  endfacet
  facet normal -0.018531 0.943717 -0.330234
    outer loop
      vertex 0.0985479 2.87508 9.87464
      vertex 0.07129 2.78989 9.63272
      vertex 0 2.87508 9.88017
    endloop
  endfacet
  facet normal 0.34222 0.706502 -0.619468
    outer loop
      vertex -0.664968 3.28502 10.3808
      vertex -0.815391 3.28502 10.2977
      vertex -0.912422 3.4674 10.4521
    endloop
  endfacet
  facet normal 0.853297 0.222182 -0.471719
    outer loop
      vertex -1.87135 4.36328 10.1758
      vertex -1.99124 4.36328 9.95893
      vertex -2.04295 4.61474 9.98383
    endloop
  endfacet
  facet normal 0.275087 0.111801 0.954897
    outer loop
      vertex -0.748908 4.61474 6.85974
      vertex -0.504566 4.61474 6.78935
      vertex -0.758447 4.87104 6.83248
    endloop
  endfacet
  facet normal 0.564431 0.531464 0.631636
    outer loop
      vertex -1.32638 3.66906 7.67362
      vertex -1.25509 3.88745 7.42616
      vertex -1.42342 3.88745 7.57658
    endloop
  endfacet
  facet normal 0.954896 0.111802 0.275089
    outer loop
      vertex -2.14026 4.61474 8.25109
      vertex -2.16752 4.87104 8.24155
      vertex -2.21065 4.61474 8.49543
    endloop
  endfacet
  facet normal -0.63162 0.531391 -0.564517
    outer loop
      vertex 1.42342 3.88745 10.4234
      vertex 1.57384 3.88745 10.2551
      vertex 1.32638 3.66906 10.3264
    endloop
  endfacet
  facet normal -0.452603 0.622949 -0.638033
    outer loop
      vertex 0.99798 3.66906 10.5883
      vertex 1.16954 3.66906 10.4666
      vertex 0.912422 3.4674 10.4521
    endloop
  endfacet
  facet normal -0.813998 0.531429 -0.234498
    outer loop
      vertex 1.90005 3.88745 9.66486
      vertex 1.82876 3.66906 9.4174
      vertex 1.77053 3.66906 9.61953
    endloop
  endfacet
  facet normal -0.619381 0.706538 -0.342303
    outer loop
      vertex 1.45211 3.4674 9.91242
      vertex 1.38082 3.28502 9.66497
      vertex 1.29769 3.28502 9.81539
    endloop
  endfacet
  facet normal -0.436073 0.433181 -0.788793
    outer loop
      vertex 1.13053 4.11983 10.7992
      vertex 1.07099 3.88745 10.7045
      vertex 0.921969 4.11983 10.9145
    endloop
  endfacet
  facet normal -0.600496 0.433252 -0.672084
    outer loop
      vertex 1.50255 4.11983 10.5025
      vertex 1.42342 3.88745 10.4234
      vertex 1.25509 3.88745 10.5738
    endloop
  endfacet
  facet normal -0.196009 0.706467 -0.680062
    outer loop
      vertex 0.566421 3.4674 10.6187
      vertex 0.506185 3.28502 10.4466
      vertex 0.341035 3.28502 10.4942
    endloop
  endfacet
  facet normal -0.118488 0.706534 -0.697689
    outer loop
      vertex 0.381618 3.4674 10.672
      vertex 0.341035 3.28502 10.4942
      vertex 0.192016 3.4674 10.7042
    endloop
  endfacet
  facet normal -0.107796 0.974856 0.195029
    outer loop
      vertex 0.204972 2.7325 8.67379
      vertex 0.338756 2.78989 8.46087
      vertex 0.167159 2.7325 8.65289
    endloop
  endfacet
  facet normal 0.615254 0.781366 -0.104546
    outer loop
      vertex -1.49417 3.28502 9.34103
      vertex -1.32257 3.12421 9.14902
      vertex -1.52296 3.28502 9.1716
    endloop
  endfacet
  facet normal 0.452603 0.622949 -0.638033
    outer loop
      vertex -0.99798 3.66906 10.5883
      vertex -0.912422 3.4674 10.4521
      vertex -1.16954 3.66906 10.4666
    endloop
  endfacet
  facet normal 0.434397 0.846347 -0.308214
    outer loop
      vertex -1.04057 3.12421 9.82983
      vertex -0.869829 2.98699 9.69367
      vertex -1.12694 3.12421 9.7081
    endloop
  endfacet
  facet normal 0.600559 0.433357 -0.67196
    outer loop
      vertex -1.32487 4.11983 10.6613
      vertex -1.25509 3.88745 10.5738
      vertex -1.50255 4.11983 10.5025
    endloop
  endfacet
  facet normal 0.436073 0.433181 -0.788793
    outer loop
      vertex -0.921969 4.11983 10.9145
      vertex -1.07099 3.88745 10.7045
      vertex -1.13053 4.11983 10.7992
    endloop
  endfacet
  facet normal 0.269754 0.943716 -0.191395
    outer loop
      vertex -0.688146 2.87508 9.54878
      vertex -0.539127 2.78989 9.33876
      vertex -0.745262 2.87508 9.46828
    endloop
  endfacet
  facet normal -0.323931 0.900697 -0.289507
    outer loop
      vertex 0.786694 2.98699 9.78669
      vertex 0.869829 2.98699 9.69367
      vertex 0.622375 2.87508 9.62238
    endloop
  endfacet
  facet normal -0.0852658 0.974855 0.20588
    outer loop
      vertex 0.276262 2.78989 8.42633
      vertex 0.210296 2.78989 8.39901
      vertex 0.167159 2.7325 8.65289
    endloop
  endfacet
  facet normal -0.269754 0.943716 -0.191395
    outer loop
      vertex 0.688146 2.87508 9.54878
      vertex 0.745262 2.87508 9.46828
      vertex 0.539127 2.78989 9.33876
    endloop
  endfacet
  facet normal 0.166326 0.111586 -0.979737
    outer loop
      vertex -0.257113 4.87104 11.2819
      vertex -0.504566 4.61474 11.2107
      vertex -0.510992 4.87104 11.2388
    endloop
  endfacet
  facet normal 0.27514 0.111592 -0.954906
    outer loop
      vertex -0.510992 4.87104 11.2388
      vertex -0.504566 4.61474 11.2107
      vertex -0.758447 4.87104 11.1675
    endloop
  endfacet
  facet normal 0.0559525 0.111873 -0.992146
    outer loop
      vertex 0 4.87104 11.2964
      vertex 0 4.61474 11.2675
      vertex -0.257113 4.87104 11.2819
    endloop
  endfacet
  facet normal -0.0559525 0.111873 -0.992146
    outer loop
      vertex 0 4.87104 11.2964
      vertex 0.257113 4.87104 11.2819
      vertex 0 4.61474 11.2675
    endloop
  endfacet
  facet normal -0.578627 0 -0.815592
    outer loop
      vertex 1.22175 4.87104 10.9444
      vertex 1.43177 5 10.7954
      vertex 1.43177 4.87104 10.7954
    endloop
  endfacet
  facet normal -0.578627 0 -0.815592
    outer loop
      vertex 1.43177 5 10.7954
      vertex 1.22175 4.87104 10.9444
      vertex 1.22175 5 10.9444
    endloop
  endfacet
  facet normal 0.726988 0.222245 -0.649688
    outer loop
      vertex -1.60337 4.61474 10.6034
      vertex -1.56278 4.36328 10.5628
      vertex -1.77281 4.61474 10.4138
    endloop
  endfacet
  facet normal 0.770023 0.329782 -0.546176
    outer loop
      vertex -1.72793 4.36328 10.378
      vertex -1.66133 4.11983 10.3249
      vertex -1.87135 4.36328 10.1758
    endloop
  endfacet
  facet normal 0.875176 0 -0.483805
    outer loop
      vertex -1.9444 4.87104 10.2217
      vertex -2.06897 5 9.99636
      vertex -1.9444 5 10.2217
    endloop
  endfacet
  facet normal 0.875176 0 -0.483805
    outer loop
      vertex -2.06897 5 9.99636
      vertex -1.9444 4.87104 10.2217
      vertex -2.06897 4.87104 9.99636
    endloop
  endfacet
  facet normal 0.866007 0.433351 -0.249478
    outer loop
      vertex -1.90005 3.88745 9.66486
      vertex -1.96254 3.88745 9.44794
      vertex -2.07165 4.11983 9.47284
    endloop
  endfacet
  facet normal 0.942561 0.329811 -0.0529465
    outer loop
      vertex -2.19621 4.36328 9.24745
      vertex -2.11156 4.11983 9.23792
      vertex -2.21011 4.36328 9
    endloop
  endfacet
  facet normal 0.0503032 0.433308 -0.899841
    outer loop
      vertex 0 4.11983 11.1249
      vertex 0 3.88745 11.013
      vertex -0.237915 4.11983 11.1116
    endloop
  endfacet
  facet normal 0.521532 0.433358 -0.734986
    outer loop
      vertex -1.13053 4.11983 10.7992
      vertex -1.25509 3.88745 10.5738
      vertex -1.32487 4.11983 10.6613
    endloop
  endfacet
  facet normal 0.43597 0.433259 -0.788807
    outer loop
      vertex -0.921969 4.11983 10.9145
      vertex -0.873413 3.88745 10.8137
      vertex -1.07099 3.88745 10.7045
    endloop
  endfacet
  facet normal -0.269928 0.222345 -0.936857
    outer loop
      vertex 0.504566 4.61474 11.2107
      vertex 0.748908 4.61474 11.1403
      vertex 0.491796 4.36328 11.1547
    endloop
  endfacet
  facet normal 0.14849 0.974855 0.166157
    outer loop
      vertex -0.272423 2.7325 8.72758
      vertex -0.396989 2.78989 8.50219
      vertex -0.45023 2.78989 8.54977
    endloop
  endfacet
  facet normal 0.128954 0.974855 0.181737
    outer loop
      vertex -0.240208 2.7325 8.69879
      vertex -0.338756 2.78989 8.46087
      vertex -0.396989 2.78989 8.50219
    endloop
  endfacet
  facet normal 0.511807 0.846358 0.147418
    outer loop
      vertex -1.05012 2.98699 8.63255
      vertex -1.25626 3.12421 8.56042
      vertex -1.29757 3.12421 8.70384
    endloop
  endfacet
  facet normal 0.354906 0.846349 0.397159
    outer loop
      vertex -0.693666 2.98699 8.13017
      vertex -0.829829 3.12421 7.95943
      vertex -0.941119 3.12421 8.05888
    endloop
  endfacet
  facet normal -0.052949 0.32964 -0.942621
    outer loop
      vertex 0.247454 4.36328 11.1962
      vertex 0.237915 4.11983 11.1116
      vertex 0 4.36328 11.2101
    endloop
  endfacet
  facet normal 0.216796 0.622909 -0.751654
    outer loop
      vertex -0.417402 3.66906 10.8288
      vertex -0.566421 3.4674 10.6187
      vertex -0.619534 3.66906 10.7705
    endloop
  endfacet
  facet normal -0.638017 0.622891 0.452704
    outer loop
      vertex 1.58828 3.66906 8.00202
      vertex 1.46655 3.66906 7.83046
      vertex 1.45211 3.4674 8.08758
    endloop
  endfacet
  facet normal -0.576582 0.781353 0.238832
    outer loop
      vertex 1.44659 3.28502 8.49381
      vertex 1.38082 3.28502 8.33503
      vertex 1.25626 3.12421 8.56042
    endloop
  endfacet
  facet normal -0.508964 0.781361 0.36115
    outer loop
      vertex 1.12694 3.12421 8.29189
      vertex 1.19823 3.28502 8.04444
      vertex 1.04057 3.12421 8.17017
    endloop
  endfacet
  facet normal -0.599711 0.781351 0.172738
    outer loop
      vertex 1.29757 3.12421 8.70384
      vertex 1.44659 3.28502 8.49381
      vertex 1.25626 3.12421 8.56042
    endloop
  endfacet
  facet normal -0.73501 0.433317 0.521533
    outer loop
      vertex 1.70447 3.88745 7.92901
      vertex 1.79922 4.11983 7.86947
      vertex 1.57384 3.88745 7.74491
    endloop
  endfacet
  facet normal -0.619381 0.706538 0.342303
    outer loop
      vertex 1.38082 3.28502 8.33503
      vertex 1.45211 3.4674 8.08758
      vertex 1.29769 3.28502 8.18461
    endloop
  endfacet
  facet normal -0.600517 0.433324 0.672019
    outer loop
      vertex 1.42342 3.88745 7.57658
      vertex 1.50255 4.11983 7.49745
      vertex 1.25509 3.88745 7.42616
    endloop
  endfacet
  facet normal -0.629054 0.329805 0.703932
    outer loop
      vertex 1.50255 4.11983 7.49745
      vertex 1.37798 4.36328 7.27207
      vertex 1.32487 4.11983 7.33867
    endloop
  endfacet
  facet normal -0.480693 0.111796 0.869733
    outer loop
      vertex 1.20638 4.61474 7.08005
      vertex 1.22175 4.87104 7.0556
      vertex 0.983832 4.61474 6.95705
    endloop
  endfacet
  facet normal -0.575052 0.111777 0.810445
    outer loop
      vertex 1.41376 4.61474 7.22719
      vertex 1.43177 4.87104 7.20462
      vertex 1.22175 4.87104 7.0556
    endloop
  endfacet
  facet normal -0.907147 0.329823 0.261345
    outer loop
      vertex 2.1547 4.36328 8.5082
      vertex 2.08609 4.36328 8.27005
      vertex 2.00568 4.11983 8.29818
    endloop
  endfacet
  facet normal -0.814 0.531428 0.234496
    outer loop
      vertex 1.96254 3.88745 8.55206
      vertex 1.90005 3.88745 8.33514
      vertex 1.82876 3.66906 8.5826
    endloop
  endfacet
  facet normal -0.649577 0.222254 -0.727085
    outer loop
      vertex 1.41376 4.61474 10.7728
      vertex 1.56278 4.36328 10.5628
      vertex 1.37798 4.36328 10.7279
    endloop
  endfacet
  facet normal -0.76993 0.329813 0.546288
    outer loop
      vertex 1.79922 4.11983 7.86947
      vertex 1.87135 4.36328 7.82415
      vertex 1.66133 4.11983 7.67513
    endloop
  endfacet
  facet normal -0.866009 0.433334 0.2495
    outer loop
      vertex 2.07165 4.11983 8.52716
      vertex 2.00568 4.11983 8.29818
      vertex 1.90005 3.88745 8.33514
    endloop
  endfacet
  facet normal -0.954894 0.111806 -0.275093
    outer loop
      vertex 2.23881 4.87104 9.51099
      vertex 2.21065 4.61474 9.50457
      vertex 2.16752 4.87104 9.75845
    endloop
  endfacet
  facet normal -0.888495 0.433351 -0.150944
    outer loop
      vertex 2.07165 4.11983 9.47284
      vertex 2.11156 4.11983 9.23792
      vertex 1.96254 3.88745 9.44794
    endloop
  endfacet
  facet normal -0.684701 0.622891 -0.378406
    outer loop
      vertex 1.58828 3.66906 9.99798
      vertex 1.69003 3.66906 9.81387
      vertex 1.45211 3.4674 9.91242
    endloop
  endfacet
  facet normal -0.706549 0.706549 -0.0397025
    outer loop
      vertex 1.70419 3.4674 9.19202
      vertex 1.71498 3.4674 9
      vertex 1.5326 3.28502 9
    endloop
  endfacet
  facet normal -0.599716 0.781346 -0.172739
    outer loop
      vertex 1.44659 3.28502 9.50618
      vertex 1.29757 3.12421 9.29616
      vertex 1.25626 3.12421 9.43958
    endloop
  endfacet
  facet normal -0.638026 0.622886 0.452699
    outer loop
      vertex 1.45211 3.4674 8.08758
      vertex 1.46655 3.66906 7.83046
      vertex 1.34082 3.4674 7.93073
    endloop
  endfacet
  facet normal -0.751747 0.622877 0.216565
    outer loop
      vertex 1.82876 3.66906 8.5826
      vertex 1.77053 3.66906 8.38047
      vertex 1.61874 3.4674 8.43358
    endloop
  endfacet
  facet normal -0.24927 0.433239 -0.866123
    outer loop
      vertex 0.701818 4.11983 11.0057
      vertex 0.664856 3.88745 10.9001
      vertex 0.472839 4.11983 11.0716
    endloop
  endfacet
  facet normal -0.13098 0.622919 -0.771243
    outer loop
      vertex 0.417402 3.66906 10.8288
      vertex 0.381618 3.4674 10.672
      vertex 0.192016 3.4674 10.7042
    endloop
  endfacet
  facet normal -0.960919 0 -0.276828
    outer loop
      vertex 2.23881 4.87104 9.51099
      vertex 2.16752 5 9.75845
      vertex 2.23881 5 9.51099
    endloop
  endfacet
  facet normal -0.960919 -0 -0.276828
    outer loop
      vertex 2.16752 5 9.75845
      vertex 2.23881 4.87104 9.51099
      vertex 2.16752 4.87104 9.75845
    endloop
  endfacet
  facet normal 0.409753 0.531434 0.741405
    outer loop
      vertex -0.99798 3.66906 7.41172
      vertex -0.813874 3.66906 7.30997
      vertex -1.07099 3.88745 7.29553
    endloop
  endfacet
  facet normal 0.234497 0.531423 0.814003
    outer loop
      vertex -0.619534 3.66906 7.22947
      vertex -0.417402 3.66906 7.17124
      vertex -0.664856 3.88745 7.09995
    endloop
  endfacet
  facet normal 0.216562 0.622879 0.751746
    outer loop
      vertex -0.566421 3.4674 7.38126
      vertex -0.417402 3.66906 7.17124
      vertex -0.619534 3.66906 7.22947
    endloop
  endfacet
  facet normal 0.409742 0.531422 0.741419
    outer loop
      vertex -0.813874 3.66906 7.30997
      vertex -0.873413 3.88745 7.18634
      vertex -1.07099 3.88745 7.29553
    endloop
  endfacet
  facet normal 0.452703 0.622886 0.638023
    outer loop
      vertex -1.06927 3.4674 7.65918
      vertex -0.912422 3.4674 7.54789
      vertex -1.16954 3.66906 7.53345
    endloop
  endfacet
  facet normal 0.52131 0.622886 0.583308
    outer loop
      vertex -1.06927 3.4674 7.65918
      vertex -1.16954 3.66906 7.53345
      vertex -1.32638 3.66906 7.67362
    endloop
  endfacet
  facet normal 0.653791 0.706551 0.270818
    outer loop
      vertex -1.38082 3.28502 8.33503
      vertex -1.54514 3.4674 8.2559
      vertex -1.61874 3.4674 8.43358
    endloop
  endfacet
  facet normal 0.575052 0.111777 0.810445
    outer loop
      vertex -1.41376 4.61474 7.22719
      vertex -1.22175 4.87104 7.0556
      vertex -1.43177 4.87104 7.20462
    endloop
  endfacet
  facet normal 0.104543 0.781351 0.615274
    outer loop
      vertex -0.149018 3.12421 7.67742
      vertex -0.171596 3.28502 7.47704
      vertex -0.341035 3.28502 7.50583
    endloop
  endfacet
  facet normal 0.118544 0.706544 0.69767
    outer loop
      vertex -0.171596 3.28502 7.47704
      vertex -0.192016 3.4674 7.29581
      vertex -0.341035 3.28502 7.50583
    endloop
  endfacet
  facet normal 0.210147 0.900701 0.380232
    outer loop
      vertex -0.381892 2.87508 8.20699
      vertex -0.482718 2.98699 7.99762
      vertex -0.591913 2.98699 8.05797
    endloop
  endfacet
  facet normal 0.301888 0.781367 0.546196
    outer loop
      vertex -0.708104 3.12421 7.87306
      vertex -0.577475 3.12421 7.80086
      vertex -0.815391 3.28502 7.70231
    endloop
  endfacet
  facet normal 0.0474697 0.531429 0.845772
    outer loop
      vertex -0.210021 3.66906 7.136
      vertex 0 3.88745 6.98699
      vertex -0.225386 3.88745 6.99964
    endloop
  endfacet
  facet normal 0.166434 0.111813 0.979693
    outer loop
      vertex -0.504566 4.61474 6.78935
      vertex -0.257113 4.87104 6.71806
      vertex -0.510992 4.87104 6.76119
    endloop
  endfacet
  facet normal -0.28949 0.900699 0.323941
    outer loop
      vertex 0.622375 2.87508 8.37762
      vertex 0.693666 2.98699 8.13017
      vertex 0.548778 2.87508 8.31185
    endloop
  endfacet
  facet normal -0.46616 0.846352 0.257649
    outer loop
      vertex 1.19914 3.12421 8.42252
      vertex 1.12694 3.12421 8.29189
      vertex 1.00238 2.98699 8.51728
    endloop
  endfacet
  facet normal -0.166152 0.974854 0.1485
    outer loop
      vertex 0.301211 2.7325 8.75979
      vertex 0.497808 2.78989 8.60301
      vertex 0.272423 2.7325 8.72758
    endloop
  endfacet
  facet normal 0.205877 0.974855 0.0852846
    outer loop
      vertex -0.347111 2.7325 8.83284
      vertex -0.573666 2.78989 8.72374
      vertex -0.60099 2.78989 8.7897
    endloop
  endfacet
  facet normal -0.511807 0.846358 0.147418
    outer loop
      vertex 1.29757 3.12421 8.70384
      vertex 1.25626 3.12421 8.56042
      vertex 1.05012 2.98699 8.63255
    endloop
  endfacet
  facet normal -0.434384 0.846348 0.30823
    outer loop
      vertex 1.12694 3.12421 8.29189
      vertex 1.04057 3.12421 8.17017
      vertex 0.869829 2.98699 8.30633
    endloop
  endfacet
  facet normal 0.16624 0.900701 0.401376
    outer loop
      vertex -0.381892 2.87508 8.20699
      vertex -0.367453 2.98699 7.94988
      vertex -0.482718 2.98699 7.99762
    endloop
  endfacet
  facet normal 0.23884 0.781354 0.576578
    outer loop
      vertex -0.577475 3.12421 7.80086
      vertex -0.439583 3.12421 7.74374
      vertex -0.664968 3.28502 7.61918
    endloop
  endfacet
  facet normal -0.788789 0.433349 0.435914
    outer loop
      vertex 1.81366 3.88745 8.12659
      vertex 1.91449 4.11983 8.07803
      vertex 1.70447 3.88745 7.92901
    endloop
  endfacet
  facet normal -0.788783 0.433316 0.435956
    outer loop
      vertex 1.91449 4.11983 8.07803
      vertex 1.79922 4.11983 7.86947
      vertex 1.70447 3.88745 7.92901
    endloop
  endfacet
  facet normal -0.741429 0.531424 -0.409721
    outer loop
      vertex 1.70447 3.88745 10.071
      vertex 1.81366 3.88745 9.87341
      vertex 1.69003 3.66906 9.81387
    endloop
  endfacet
  facet normal -0.900782 0.222184 0.37313
    outer loop
      vertex 2.08609 4.36328 8.27005
      vertex 2.04295 4.61474 8.01617
      vertex 1.99124 4.36328 8.04107
    endloop
  endfacet
  facet normal -0.382691 0 0.923876
    outer loop
      vertex 0.758447 5 6.83248
      vertex 0.996362 4.87104 6.93103
      vertex 0.996362 5 6.93103
    endloop
  endfacet
  facet normal -0.382691 0 0.923876
    outer loop
      vertex 0.996362 4.87104 6.93103
      vertex 0.758447 5 6.83248
      vertex 0.758447 4.87104 6.83248
    endloop
  endfacet
  facet normal -0.380292 0.111797 0.918085
    outer loop
      vertex 0.983832 4.61474 6.95705
      vertex 0.996362 4.87104 6.93103
      vertex 0.758447 4.87104 6.83248
    endloop
  endfacet
  facet normal -0.483726 0 0.875219
    outer loop
      vertex 0.996362 5 6.93103
      vertex 1.22175 4.87104 7.0556
      vertex 1.22175 5 7.0556
    endloop
  endfacet
  facet normal -0.483726 0 0.875219
    outer loop
      vertex 1.22175 4.87104 7.0556
      vertex 0.996362 5 6.93103
      vertex 0.996362 4.87104 6.93103
    endloop
  endfacet
  facet normal -0.0560737 0 0.998427
    outer loop
      vertex 0 5 6.70362
      vertex 0.257113 4.87104 6.71806
      vertex 0.257113 5 6.71806
    endloop
  endfacet
  facet normal -0.0560737 0 0.998427
    outer loop
      vertex 0.257113 4.87104 6.71806
      vertex 0 5 6.70362
      vertex 0 4.87104 6.70362
    endloop
  endfacet
  facet normal -0.276834 0 0.960918
    outer loop
      vertex 0.510992 5 6.76119
      vertex 0.758447 4.87104 6.83248
      vertex 0.758447 5 6.83248
    endloop
  endfacet
  facet normal -0.276834 0 0.960918
    outer loop
      vertex 0.758447 4.87104 6.83248
      vertex 0.510992 5 6.76119
      vertex 0.510992 4.87104 6.76119
    endloop
  endfacet
  facet normal -0.961228 0.222169 0.163343
    outer loop
      vertex 2.25325 4.61474 8.74612
      vertex 2.21065 4.61474 8.49543
      vertex 2.1547 4.36328 8.5082
    endloop
  endfacet
  facet normal -0.998427 0 0.0560744
    outer loop
      vertex 2.28194 4.87104 8.74289
      vertex 2.29638 5 9
      vertex 2.28194 5 8.74289
    endloop
  endfacet
  facet normal -0.998427 0 0.0560744
    outer loop
      vertex 2.29638 5 9
      vertex 2.28194 4.87104 8.74289
      vertex 2.29638 4.87104 9
    endloop
  endfacet
  facet normal -0.918082 0.111797 0.380299
    outer loop
      vertex 2.16752 4.87104 8.24155
      vertex 2.06897 4.87104 8.00364
      vertex 2.04295 4.61474 8.01617
    endloop
  endfacet
  facet normal -0.923873 0 0.382698
    outer loop
      vertex 2.06897 4.87104 8.00364
      vertex 2.16752 5 8.24155
      vertex 2.06897 5 8.00364
    endloop
  endfacet
  facet normal -0.923873 0 0.382698
    outer loop
      vertex 2.16752 5 8.24155
      vertex 2.06897 4.87104 8.00364
      vertex 2.16752 4.87104 8.24155
    endloop
  endfacet
  facet normal -0.815556 0 0.578679
    outer loop
      vertex 1.79538 4.87104 7.56823
      vertex 1.9444 5 7.77825
      vertex 1.79538 5 7.56823
    endloop
  endfacet
  facet normal -0.815556 0 0.578679
    outer loop
      vertex 1.9444 5 7.77825
      vertex 1.79538 4.87104 7.56823
      vertex 1.9444 4.87104 7.77825
    endloop
  endfacet
  facet normal -0.853345 0.222188 0.471631
    outer loop
      vertex 2.04295 4.61474 8.01617
      vertex 1.91995 4.61474 7.79362
      vertex 1.87135 4.36328 7.82415
    endloop
  endfacet
  facet normal -0.726993 0.222221 0.649692
    outer loop
      vertex 1.77281 4.61474 7.58623
      vertex 1.60337 4.61474 7.39663
      vertex 1.56278 4.36328 7.43722
    endloop
  endfacet
  facet normal -0.740965 0.111755 0.662179
    outer loop
      vertex 1.77281 4.61474 7.58623
      vertex 1.79538 4.87104 7.56823
      vertex 1.60337 4.61474 7.39663
    endloop
  endfacet
  facet normal -0.578679 0 0.815556
    outer loop
      vertex 1.22175 5 7.0556
      vertex 1.43177 4.87104 7.20462
      vertex 1.43177 5 7.20462
    endloop
  endfacet
  facet normal -0.578679 0 0.815556
    outer loop
      vertex 1.43177 4.87104 7.20462
      vertex 1.22175 5 7.0556
      vertex 1.22175 4.87104 7.0556
    endloop
  endfacet
  facet normal -0.666326 0 0.745661
    outer loop
      vertex 1.43177 5 7.20462
      vertex 1.62379 4.87104 7.37621
      vertex 1.62379 5 7.37621
    endloop
  endfacet
  facet normal -0.666326 0 0.745661
    outer loop
      vertex 1.62379 4.87104 7.37621
      vertex 1.43177 5 7.20462
      vertex 1.43177 4.87104 7.20462
    endloop
  endfacet
  facet normal -0.163298 0.222213 0.961226
    outer loop
      vertex 0.491796 4.36328 6.8453
      vertex 0.25388 4.61474 6.74675
      vertex 0.247454 4.36328 6.80379
    endloop
  endfacet
  facet normal -0.150991 0.433314 0.888505
    outer loop
      vertex 0.447937 3.88745 7.03746
      vertex 0.237915 4.11983 6.88844
      vertex 0.225386 3.88745 6.99964
    endloop
  endfacet
  facet normal 0.261354 0.329814 0.907148
    outer loop
      vertex -0.472839 4.11983 6.92835
      vertex -0.491796 4.36328 6.8453
      vertex -0.701818 4.11983 6.99432
    endloop
  endfacet
  facet normal 0.158114 0.329813 0.930711
    outer loop
      vertex -0.472839 4.11983 6.92835
      vertex -0.237915 4.11983 6.88844
      vertex -0.491796 4.36328 6.8453
    endloop
  endfacet
  facet normal 0.380289 0.111801 0.918086
    outer loop
      vertex -0.748908 4.61474 6.85974
      vertex -0.758447 4.87104 6.83248
      vertex -0.983832 4.61474 6.95705
    endloop
  endfacet
  facet normal 0.150991 0.433314 0.888505
    outer loop
      vertex -0.225386 3.88745 6.99964
      vertex -0.237915 4.11983 6.88844
      vertex -0.447937 3.88745 7.03746
    endloop
  endfacet
  facet normal -0.409753 0.531434 0.741405
    outer loop
      vertex 0.99798 3.66906 7.41172
      vertex 1.07099 3.88745 7.29553
      vertex 0.813874 3.66906 7.30997
    endloop
  endfacet
  facet normal -0.452705 0.622888 0.638019
    outer loop
      vertex 1.16954 3.66906 7.53345
      vertex 0.99798 3.66906 7.41172
      vertex 0.912422 3.4674 7.54789
    endloop
  endfacet
  facet normal -0.564486 0.531426 0.631619
    outer loop
      vertex 1.32638 3.66906 7.67362
      vertex 1.25509 3.88745 7.42616
      vertex 1.16954 3.66906 7.53345
    endloop
  endfacet
  facet normal -0.452703 0.622886 0.638023
    outer loop
      vertex 1.06927 3.4674 7.65918
      vertex 1.16954 3.66906 7.53345
      vertex 0.912422 3.4674 7.54789
    endloop
  endfacet
  facet normal -0.471636 0.222186 0.853342
    outer loop
      vertex 1.17585 4.36328 7.12865
      vertex 0.983832 4.61474 6.95705
      vertex 0.95893 4.36328 7.00876
    endloop
  endfacet
  facet normal -0.43592 0.433342 0.788789
    outer loop
      vertex 1.07099 3.88745 7.29553
      vertex 0.921969 4.11983 7.08551
      vertex 0.873413 3.88745 7.18634
    endloop
  endfacet
  facet normal -0.131025 0.622874 0.771272
    outer loop
      vertex 0.381618 3.4674 7.32802
      vertex 0.417402 3.66906 7.17124
      vertex 0.192016 3.4674 7.29581
    endloop
  endfacet
  facet normal -0.195902 0.706555 0.680002
    outer loop
      vertex 0.566421 3.4674 7.38126
      vertex 0.381618 3.4674 7.32802
      vertex 0.341035 3.28502 7.50583
    endloop
  endfacet
  facet normal 0.0438474 0.622896 0.781075
    outer loop
      vertex -0.192016 3.4674 7.29581
      vertex 0 3.66906 7.12421
      vertex -0.210021 3.66906 7.136
    endloop
  endfacet
  facet normal 0.0474795 0.531422 0.845775
    outer loop
      vertex 0 3.66906 7.12421
      vertex 0 3.88745 6.98699
      vertex -0.210021 3.66906 7.136
    endloop
  endfacet
  facet normal -0.141913 0.53143 0.835131
    outer loop
      vertex 0.417402 3.66906 7.17124
      vertex 0.225386 3.88745 6.99964
      vertex 0.210021 3.66906 7.136
    endloop
  endfacet
  facet normal -0.0474697 0.531429 0.845772
    outer loop
      vertex 0.210021 3.66906 7.136
      vertex 0.225386 3.88745 6.99964
      vertex 0 3.88745 6.98699
    endloop
  endfacet
  facet normal -0.029841 0.846353 0.531785
    outer loop
      vertex 0.124566 2.98699 7.89444
      vertex 0 3.12421 7.66906
      vertex 0 2.98699 7.88745
    endloop
  endfacet
  facet normal -0.0349557 0.78137 0.623089
    outer loop
      vertex 0.149018 3.12421 7.67742
      vertex 0 3.28502 7.4674
      vertex 0 3.12421 7.66906
    endloop
  endfacet
  facet normal -0.147418 0.846358 0.511807
    outer loop
      vertex 0.367453 2.98699 7.94988
      vertex 0.439583 3.12421 7.74374
      vertex 0.296163 3.12421 7.70243
    endloop
  endfacet
  facet normal -0.195908 0.706558 0.679996
    outer loop
      vertex 0.506185 3.28502 7.55341
      vertex 0.566421 3.4674 7.38126
      vertex 0.341035 3.28502 7.50583
    endloop
  endfacet
  facet normal -0.166246 0.9007 0.401376
    outer loop
      vertex 0.381892 2.87508 8.20699
      vertex 0.367453 2.98699 7.94988
      vertex 0.290702 2.87508 8.16922
    endloop
  endfacet
  facet normal 0.018529 0.943717 0.330233
    outer loop
      vertex 0 2.78989 8.36328
      vertex 0 2.87508 8.11983
      vertex -0.07129 2.78989 8.36728
    endloop
  endfacet
  facet normal -0.308221 0.846348 0.434389
    outer loop
      vertex 0.829829 3.12421 7.95943
      vertex 0.708104 3.12421 7.87306
      vertex 0.693666 2.98699 8.13017
    endloop
  endfacet
  facet normal -0.323931 0.900697 0.289507
    outer loop
      vertex 0.869829 2.98699 8.30633
      vertex 0.786694 2.98699 8.21331
      vertex 0.622375 2.87508 8.37762
    endloop
  endfacet
  facet normal -0.270808 0.706558 0.653788
    outer loop
      vertex 0.664968 3.28502 7.61918
      vertex 0.566421 3.4674 7.38126
      vertex 0.506185 3.28502 7.55341
    endloop
  endfacet
  facet normal -0.361149 0.781365 0.508959
    outer loop
      vertex 0.955558 3.28502 7.80177
      vertex 0.815391 3.28502 7.70231
      vertex 0.708104 3.12421 7.87306
    endloop
  endfacet
  facet normal 0.992167 0.111798 -0.0557228
    outer loop
      vertex -2.28194 4.87104 9.25711
      vertex -2.2675 4.61474 9
      vertex -2.29638 4.87104 9
    endloop
  endfacet
  facet normal 0.998427 0 -0.0560744
    outer loop
      vertex -2.28194 4.87104 9.25711
      vertex -2.29638 5 9
      vertex -2.28194 5 9.25711
    endloop
  endfacet
  facet normal 0.998427 0 -0.0560744
    outer loop
      vertex -2.29638 5 9
      vertex -2.28194 4.87104 9.25711
      vertex -2.29638 4.87104 9
    endloop
  endfacet
  facet normal 0.866009 0.433334 0.2495
    outer loop
      vertex -1.90005 3.88745 8.33514
      vertex -2.00568 4.11983 8.29818
      vertex -2.07165 4.11983 8.52716
    endloop
  endfacet
  facet normal 0.936905 0.222169 0.269906
    outer loop
      vertex -2.1547 4.36328 8.5082
      vertex -2.14026 4.61474 8.25109
      vertex -2.21065 4.61474 8.49543
    endloop
  endfacet
  facet normal 0.795255 0.222242 -0.564073
    outer loop
      vertex -1.77281 4.61474 10.4138
      vertex -1.72793 4.36328 10.378
      vertex -1.87135 4.36328 10.1758
    endloop
  endfacet
  facet normal 0.81055 0.111754 -0.574908
    outer loop
      vertex -1.79538 4.87104 10.4318
      vertex -1.77281 4.61474 10.4138
      vertex -1.9444 4.87104 10.2217
    endloop
  endfacet
  facet normal 0.973463 0.222214 -0.0546823
    outer loop
      vertex -2.19621 4.36328 9.24745
      vertex -2.21011 4.36328 9
      vertex -2.25325 4.61474 9.25388
    endloop
  endfacet
  facet normal 0.690854 0.531435 0.490202
    outer loop
      vertex -1.58828 3.66906 8.00202
      vertex -1.57384 3.88745 7.74491
      vertex -1.70447 3.88745 7.92901
    endloop
  endfacet
  facet normal 0.68 0.706555 0.195909
    outer loop
      vertex -1.49417 3.28502 8.65896
      vertex -1.44659 3.28502 8.49381
      vertex -1.61874 3.4674 8.43358
    endloop
  endfacet
  facet normal 0.52767 0.706547 0.471547
    outer loop
      vertex -1.19823 3.28502 8.04444
      vertex -1.08371 3.28502 7.91629
      vertex -1.34082 3.4674 7.93073
    endloop
  endfacet
  facet normal 0.483815 0 -0.87517
    outer loop
      vertex -1.22175 4.87104 10.9444
      vertex -0.996362 5 11.069
      vertex -0.996362 4.87104 11.069
    endloop
  endfacet
  facet normal 0.483815 0 -0.87517
    outer loop
      vertex -0.996362 5 11.069
      vertex -1.22175 4.87104 10.9444
      vertex -1.22175 5 10.9444
    endloop
  endfacet
  facet normal 0.9369 0.22218 -0.269917
    outer loop
      vertex -2.14026 4.61474 9.74891
      vertex -2.08609 4.36328 9.72995
      vertex -2.1547 4.36328 9.4918
    endloop
  endfacet
  facet normal 0.649584 0.222247 -0.727081
    outer loop
      vertex -1.41376 4.61474 10.7728
      vertex -1.56278 4.36328 10.5628
      vertex -1.60337 4.61474 10.6034
    endloop
  endfacet
  facet normal 0.740957 0.11174 -0.662191
    outer loop
      vertex -1.62379 4.87104 10.6238
      vertex -1.60337 4.61474 10.6034
      vertex -1.79538 4.87104 10.4318
    endloop
  endfacet
  facet normal 0.745661 -0 0.666326
    outer loop
      vertex -1.79538 4.87104 7.56823
      vertex -1.62379 5 7.37621
      vertex -1.79538 5 7.56823
    endloop
  endfacet
  facet normal 0.745661 0 0.666326
    outer loop
      vertex -1.62379 5 7.37621
      vertex -1.79538 4.87104 7.56823
      vertex -1.62379 4.87104 7.37621
    endloop
  endfacet
  facet normal 0.649673 0.22222 0.72701
    outer loop
      vertex -1.56278 4.36328 7.43722
      vertex -1.41376 4.61474 7.22719
      vertex -1.60337 4.61474 7.39663
    endloop
  endfacet
  facet normal 0.578679 0 0.815556
    outer loop
      vertex -1.43177 5 7.20462
      vertex -1.22175 4.87104 7.0556
      vertex -1.22175 5 7.0556
    endloop
  endfacet
  facet normal 0.578679 0 0.815556
    outer loop
      vertex -1.22175 4.87104 7.0556
      vertex -1.43177 5 7.20462
      vertex -1.43177 4.87104 7.20462
    endloop
  endfacet
  facet normal -0.576593 0.781348 -0.238822
    outer loop
      vertex 1.38082 3.28502 9.66497
      vertex 1.44659 3.28502 9.50618
      vertex 1.25626 3.12421 9.43958
    endloop
  endfacet
  facet normal -0.527629 0.706596 -0.471518
    outer loop
      vertex 1.21267 3.4674 10.2127
      vertex 1.34082 3.4674 10.0693
      vertex 1.08371 3.28502 10.0837
    endloop
  endfacet
  facet normal -0.397159 0.846347 -0.354909
    outer loop
      vertex 0.941119 3.12421 9.94112
      vertex 1.04057 3.12421 9.82983
      vertex 0.869829 2.98699 9.69367
    endloop
  endfacet
  facet normal -0.354327 0.900699 -0.251385
    outer loop
      vertex 0.869829 2.98699 9.69367
      vertex 0.942025 2.98699 9.59191
      vertex 0.745262 2.87508 9.46828
    endloop
  endfacet
  facet normal -0.210189 0.900712 -0.380182
    outer loop
      vertex 0.482718 2.98699 10.0024
      vertex 0.591913 2.98699 9.94203
      vertex 0.381892 2.87508 9.79301
    endloop
  endfacet
  facet normal -0.546218 0.781359 -0.301869
    outer loop
      vertex 1.29769 3.28502 9.81539
      vertex 1.38082 3.28502 9.66497
      vertex 1.19914 3.12421 9.57747
    endloop
  endfacet
  facet normal -0.216796 0.622909 -0.751654
    outer loop
      vertex 0.619534 3.66906 10.7705
      vertex 0.566421 3.4674 10.6187
      vertex 0.417402 3.66906 10.8288
    endloop
  endfacet
  facet normal -0.238945 0.781304 -0.576602
    outer loop
      vertex 0.506185 3.28502 10.4466
      vertex 0.664968 3.28502 10.3808
      vertex 0.439583 3.12421 10.2563
    endloop
  endfacet
  facet normal -0.433764 0.900698 0.0243398
    outer loop
      vertex 1.11255 2.98699 9
      vertex 1.10556 2.98699 8.87543
      vertex 0.880172 2.87508 9
    endloop
  endfacet
  facet normal -0.531785 0.846353 0.0298401
    outer loop
      vertex 1.11255 2.98699 9
      vertex 1.33094 3.12421 9
      vertex 1.10556 2.98699 8.87543
    endloop
  endfacet
  facet normal -0.679994 0.706561 -0.195908
    outer loop
      vertex 1.61874 3.4674 9.56642
      vertex 1.49417 3.28502 9.34103
      vertex 1.44659 3.28502 9.50618
    endloop
  endfacet
  facet normal -0.62309 0.781366 0.0350035
    outer loop
      vertex 1.5326 3.28502 9
      vertex 1.52296 3.28502 8.8284
      vertex 1.32257 3.12421 8.85098
    endloop
  endfacet
  facet normal -0.6847 0.622877 -0.378432
    outer loop
      vertex 1.69003 3.66906 9.81387
      vertex 1.54514 3.4674 9.7441
      vertex 1.45211 3.4674 9.91242
    endloop
  endfacet
  facet normal -0.508979 0.781361 -0.361131
    outer loop
      vertex 1.19823 3.28502 9.95556
      vertex 1.12694 3.12421 9.7081
      vertex 1.04057 3.12421 9.82983
    endloop
  endfacet
  facet normal -0.564409 0.222264 -0.79501
    outer loop
      vertex 1.41376 4.61474 10.7728
      vertex 1.37798 4.36328 10.7279
      vertex 1.17585 4.36328 10.8714
    endloop
  endfacet
  facet normal -0.671988 0.433263 -0.600596
    outer loop
      vertex 1.50255 4.11983 10.5025
      vertex 1.57384 3.88745 10.2551
      vertex 1.42342 3.88745 10.4234
    endloop
  endfacet
  facet normal -0.521308 0.623007 -0.583181
    outer loop
      vertex 1.16954 3.66906 10.4666
      vertex 1.32638 3.66906 10.3264
      vertex 1.06927 3.4674 10.3408
    endloop
  endfacet
  facet normal -0.43597 0.433259 -0.788807
    outer loop
      vertex 0.921969 4.11983 10.9145
      vertex 1.07099 3.88745 10.7045
      vertex 0.873413 3.88745 10.8137
    endloop
  endfacet
  facet normal 0.409719 0.531592 -0.74131
    outer loop
      vertex -0.873413 3.88745 10.8137
      vertex -0.813874 3.66906 10.69
      vertex -1.07099 3.88745 10.7045
    endloop
  endfacet
  facet normal -0.270949 0.706465 -0.65383
    outer loop
      vertex 0.566421 3.4674 10.6187
      vertex 0.664968 3.28502 10.3808
      vertex 0.506185 3.28502 10.4466
    endloop
  endfacet
  facet normal 0.0892192 0.846335 -0.525126
    outer loop
      vertex -0.149018 3.12421 10.3226
      vertex -0.124566 2.98699 10.1056
      vertex -0.296163 3.12421 10.2976
    endloop
  endfacet
  facet normal 0.172716 0.781303 -0.59978
    outer loop
      vertex -0.296163 3.12421 10.2976
      vertex -0.439583 3.12421 10.2563
      vertex -0.506185 3.28502 10.4466
    endloop
  endfacet
  facet normal 0.599716 0.781346 -0.172739
    outer loop
      vertex -1.25626 3.12421 9.43958
      vertex -1.29757 3.12421 9.29616
      vertex -1.44659 3.28502 9.50618
    endloop
  endfacet
  facet normal 0.942557 0.329827 0.0529277
    outer loop
      vertex -2.12492 4.11983 9
      vertex -2.11156 4.11983 8.76208
      vertex -2.21011 4.36328 9
    endloop
  endfacet
  facet normal 0.599711 0.781351 0.172738
    outer loop
      vertex -1.29757 3.12421 8.70384
      vertex -1.25626 3.12421 8.56042
      vertex -1.44659 3.28502 8.49381
    endloop
  endfacet
  facet normal 0.219693 0.974855 0.0373313
    outer loop
      vertex -0.375605 2.7325 8.91427
      vertex -0.620757 2.78989 8.85832
      vertex -0.632718 2.78989 8.92871
    endloop
  endfacet
  facet normal 0.703798 0.329778 -0.629218
    outer loop
      vertex -1.50255 4.11983 10.5025
      vertex -1.66133 4.11983 10.3249
      vertex -1.72793 4.36328 10.378
    endloop
  endfacet
  facet normal 0.781092 0.622872 -0.0438857
    outer loop
      vertex -1.86399 3.66906 9.21002
      vertex -1.70419 3.4674 9.19202
      vertex -1.87579 3.66906 9
    endloop
  endfacet
  facet normal 0.354327 0.900699 -0.251385
    outer loop
      vertex -0.869829 2.98699 9.69367
      vertex -0.745262 2.87508 9.46828
      vertex -0.942025 2.98699 9.59191
    endloop
  endfacet
  facet normal 0.492097 0.846347 -0.203806
    outer loop
      vertex -1.00238 2.98699 9.48272
      vertex -1.05012 2.98699 9.36745
      vertex -1.19914 3.12421 9.57747
    endloop
  endfacet
  facet normal 0.342245 0.706522 -0.619431
    outer loop
      vertex -0.744101 3.4674 10.5451
      vertex -0.664968 3.28502 10.3808
      vertex -0.912422 3.4674 10.4521
    endloop
  endfacet
  facet normal 0.409657 0.706504 -0.57709
    outer loop
      vertex -0.912422 3.4674 10.4521
      vertex -0.815391 3.28502 10.2977
      vertex -0.955558 3.28502 10.1982
    endloop
  endfacet
  facet normal 0.471414 0.706598 -0.527719
    outer loop
      vertex -1.06927 3.4674 10.3408
      vertex -1.08371 3.28502 10.0837
      vertex -1.21267 3.4674 10.2127
    endloop
  endfacet
  facet normal 0.354941 0.846372 -0.397079
    outer loop
      vertex -0.829829 3.12421 10.0406
      vertex -0.693666 2.98699 9.86983
      vertex -0.941119 3.12421 9.94112
    endloop
  endfacet
  facet normal -0.12045 0.900727 -0.417352
    outer loop
      vertex 0.247566 2.98699 10.0847
      vertex 0.367453 2.98699 10.0501
      vertex 0.195856 2.87508 9.8581
    endloop
  endfacet
  facet normal -0.024337 0.900729 -0.4337
    outer loop
      vertex 0.124566 2.98699 10.1056
      vertex 0.0985479 2.87508 9.87464
      vertex 0 2.87508 9.88017
    endloop
  endfacet
  facet normal 0.159995 0.943717 -0.289482
    outer loop
      vertex -0.276262 2.78989 9.57367
      vertex -0.338756 2.78989 9.53913
      vertex -0.381892 2.87508 9.79301
    endloop
  endfacet
  facet normal 0.0546833 0.222066 -0.973497
    outer loop
      vertex 0 4.36328 11.2101
      vertex -0.247454 4.36328 11.1962
      vertex -0.25388 4.61474 11.2532
    endloop
  endfacet
  facet normal 0.373409 0.222273 -0.900644
    outer loop
      vertex -0.748908 4.61474 11.1403
      vertex -0.729953 4.36328 11.0861
      vertex -0.983832 4.61474 11.0429
    endloop
  endfacet
  facet normal 0.166102 0.111806 -0.97975
    outer loop
      vertex -0.257113 4.87104 11.2819
      vertex -0.25388 4.61474 11.2532
      vertex -0.504566 4.61474 11.2107
    endloop
  endfacet
  facet normal 0.162966 0.222346 -0.961251
    outer loop
      vertex -0.25388 4.61474 11.2532
      vertex -0.491796 4.36328 11.1547
      vertex -0.504566 4.61474 11.2107
    endloop
  endfacet
  facet normal 0.907147 0.329823 -0.261345
    outer loop
      vertex -2.08609 4.36328 9.72995
      vertex -2.00568 4.11983 9.70182
      vertex -2.1547 4.36328 9.4918
    endloop
  endfacet
  facet normal 0.671858 0.433372 -0.600662
    outer loop
      vertex -1.50255 4.11983 10.5025
      vertex -1.57384 3.88745 10.2551
      vertex -1.66133 4.11983 10.3249
    endloop
  endfacet
  facet normal 0.81566 0 -0.578532
    outer loop
      vertex -1.79538 4.87104 10.4318
      vertex -1.9444 5 10.2217
      vertex -1.79538 5 10.4318
    endloop
  endfacet
  facet normal 0.81566 0 -0.578532
    outer loop
      vertex -1.9444 5 10.2217
      vertex -1.79538 4.87104 10.4318
      vertex -1.9444 4.87104 10.2217
    endloop
  endfacet
  facet normal 0.907147 0.329816 -0.261353
    outer loop
      vertex -2.00568 4.11983 9.70182
      vertex -2.07165 4.11983 9.47284
      vertex -2.1547 4.36328 9.4918
    endloop
  endfacet
  facet normal 0.866009 0.433334 -0.2495
    outer loop
      vertex -2.00568 4.11983 9.70182
      vertex -1.90005 3.88745 9.66486
      vertex -2.07165 4.11983 9.47284
    endloop
  endfacet
  facet normal 0.845774 0.531421 -0.0475199
    outer loop
      vertex -1.86399 3.66906 9.21002
      vertex -1.87579 3.66906 9
      vertex -2.01301 3.88745 9
    endloop
  endfacet
  facet normal 0.814 0.531428 -0.234496
    outer loop
      vertex -1.90005 3.88745 9.66486
      vertex -1.82876 3.66906 9.4174
      vertex -1.96254 3.88745 9.44794
    endloop
  endfacet
  facet normal 0.471368 0.222158 -0.853498
    outer loop
      vertex -0.983832 4.61474 11.0429
      vertex -0.95893 4.36328 10.9912
      vertex -1.17585 4.36328 10.8714
    endloop
  endfacet
  facet normal 0.456422 0.329667 -0.826437
    outer loop
      vertex -0.95893 4.36328 10.9912
      vertex -0.921969 4.11983 10.9145
      vertex -1.17585 4.36328 10.8714
    endloop
  endfacet
  facet normal 0.299382 0.622903 -0.722746
    outer loop
      vertex -0.566421 3.4674 10.6187
      vertex -0.744101 3.4674 10.5451
      vertex -0.813874 3.66906 10.69
    endloop
  endfacet
  facet normal 0.546275 0.330009 -0.769856
    outer loop
      vertex -1.17585 4.36328 10.8714
      vertex -1.13053 4.11983 10.7992
      vertex -1.32487 4.11983 10.6613
    endloop
  endfacet
  facet normal 0.142235 0.531212 -0.835214
    outer loop
      vertex -0.225386 3.88745 11.0004
      vertex -0.417402 3.66906 10.8288
      vertex -0.447937 3.88745 10.9625
    endloop
  endfacet
  facet normal 0.151274 0.433328 -0.888449
    outer loop
      vertex -0.237915 4.11983 11.1116
      vertex -0.447937 3.88745 10.9625
      vertex -0.472839 4.11983 11.0716
    endloop
  endfacet
  facet normal 0.361141 0.78136 0.508972
    outer loop
      vertex -0.829829 3.12421 7.95943
      vertex -0.708104 3.12421 7.87306
      vertex -0.955558 3.28502 7.80177
    endloop
  endfacet
  facet normal 0.508964 0.781361 0.36115
    outer loop
      vertex -1.12694 3.12421 8.29189
      vertex -1.04057 3.12421 8.17017
      vertex -1.19823 3.28502 8.04444
    endloop
  endfacet
  facet normal 0.191384 0.943716 0.269764
    outer loop
      vertex -0.338756 2.78989 8.46087
      vertex -0.468279 2.87508 8.25474
      vertex -0.548778 2.87508 8.31185
    endloop
  endfacet
  facet normal 0.289487 0.943716 0.15999
    outer loop
      vertex -0.539127 2.78989 8.66124
      vertex -0.745262 2.87508 8.53172
      vertex -0.793007 2.87508 8.61811
    endloop
  endfacet
  facet normal 0.0124836 0.974855 0.222489
    outer loop
      vertex -0.0431356 2.7325 8.61716
      vertex 0 2.78989 8.36328
      vertex -0.07129 2.78989 8.36728
    endloop
  endfacet
  facet normal -0.261306 0.329793 -0.907169
    outer loop
      vertex 0.729953 4.36328 11.0861
      vertex 0.701818 4.11983 11.0057
      vertex 0.491796 4.36328 11.1547
    endloop
  endfacet
  facet normal -0.483815 0 -0.87517
    outer loop
      vertex 0.996362 4.87104 11.069
      vertex 1.22175 5 10.9444
      vertex 1.22175 4.87104 10.9444
    endloop
  endfacet
  facet normal -0.483815 0 -0.87517
    outer loop
      vertex 1.22175 5 10.9444
      vertex 0.996362 4.87104 11.069
      vertex 0.996362 5 11.069
    endloop
  endfacet
  facet normal -0.662064 0.111867 -0.741051
    outer loop
      vertex 1.43177 4.87104 10.7954
      vertex 1.60337 4.61474 10.6034
      vertex 1.41376 4.61474 10.7728
    endloop
  endfacet
  facet normal -0.361451 0.329792 -0.872118
    outer loop
      vertex 0.729953 4.36328 11.0861
      vertex 0.95893 4.36328 10.9912
      vertex 0.701818 4.11983 11.0057
    endloop
  endfacet
  facet normal -0.166326 0.111586 -0.979737
    outer loop
      vertex 0.510992 4.87104 11.2388
      vertex 0.504566 4.61474 11.2107
      vertex 0.257113 4.87104 11.2819
    endloop
  endfacet
  facet normal -0.0558841 0.111805 -0.992158
    outer loop
      vertex 0.257113 4.87104 11.2819
      vertex 0.25388 4.61474 11.2532
      vertex 0 4.61474 11.2675
    endloop
  endfacet
  facet normal -0.0548307 0.222208 -0.973456
    outer loop
      vertex 0 4.61474 11.2675
      vertex 0.25388 4.61474 11.2532
      vertex 0 4.36328 11.2101
    endloop
  endfacet
  facet normal -0.666348 0 -0.745641
    outer loop
      vertex 1.43177 4.87104 10.7954
      vertex 1.62379 5 10.6238
      vertex 1.62379 4.87104 10.6238
    endloop
  endfacet
  facet normal -0.666348 0 -0.745641
    outer loop
      vertex 1.62379 5 10.6238
      vertex 1.43177 4.87104 10.7954
      vertex 1.43177 5 10.7954
    endloop
  endfacet
  facet normal -0.81566 0 -0.578532
    outer loop
      vertex 1.9444 4.87104 10.2217
      vertex 1.79538 5 10.4318
      vertex 1.9444 5 10.2217
    endloop
  endfacet
  facet normal -0.81566 -0 -0.578532
    outer loop
      vertex 1.79538 5 10.4318
      vertex 1.9444 4.87104 10.2217
      vertex 1.79538 4.87104 10.4318
    endloop
  endfacet
  facet normal -0.577144 0.706538 0.409522
    outer loop
      vertex 1.29769 3.28502 8.18461
      vertex 1.45211 3.4674 8.08758
      vertex 1.19823 3.28502 8.04444
    endloop
  endfacet
  facet normal -0.415848 0.781358 0.465349
    outer loop
      vertex 1.08371 3.28502 7.91629
      vertex 0.955558 3.28502 7.80177
      vertex 0.941119 3.12421 8.05888
    endloop
  endfacet
  facet normal -0.546226 0.781352 0.301873
    outer loop
      vertex 1.38082 3.28502 8.33503
      vertex 1.29769 3.28502 8.18461
      vertex 1.19914 3.12421 8.42252
    endloop
  endfacet
  facet normal -0.508969 0.781359 0.361148
    outer loop
      vertex 1.29769 3.28502 8.18461
      vertex 1.19823 3.28502 8.04444
      vertex 1.12694 3.12421 8.29189
    endloop
  endfacet
  facet normal -0.52767 0.706547 0.471547
    outer loop
      vertex 1.19823 3.28502 8.04444
      vertex 1.34082 3.4674 7.93073
      vertex 1.08371 3.28502 7.91629
    endloop
  endfacet
  facet normal -0.631619 0.531426 0.564486
    outer loop
      vertex 1.46655 3.66906 7.83046
      vertex 1.57384 3.88745 7.74491
      vertex 1.32638 3.66906 7.67362
    endloop
  endfacet
  facet normal -0.741399 0.531434 0.409763
    outer loop
      vertex 1.69003 3.66906 8.18612
      vertex 1.70447 3.88745 7.92901
      vertex 1.58828 3.66906 8.00202
    endloop
  endfacet
  facet normal -0.690854 0.531435 0.490202
    outer loop
      vertex 1.58828 3.66906 8.00202
      vertex 1.70447 3.88745 7.92901
      vertex 1.57384 3.88745 7.74491
    endloop
  endfacet
  facet normal -0.629074 0.329786 0.703923
    outer loop
      vertex 1.50255 4.11983 7.49745
      vertex 1.56278 4.36328 7.43722
      vertex 1.37798 4.36328 7.27207
    endloop
  endfacet
  facet normal -0.546297 0.329805 0.769928
    outer loop
      vertex 1.32487 4.11983 7.33867
      vertex 1.37798 4.36328 7.27207
      vertex 1.17585 4.36328 7.12865
    endloop
  endfacet
  facet normal -0.575033 0.111798 0.810455
    outer loop
      vertex 1.41376 4.61474 7.22719
      vertex 1.22175 4.87104 7.0556
      vertex 1.20638 4.61474 7.08005
    endloop
  endfacet
  facet normal -0.564197 0.222186 0.795183
    outer loop
      vertex 1.41376 4.61474 7.22719
      vertex 1.20638 4.61474 7.08005
      vertex 1.17585 4.36328 7.12865
    endloop
  endfacet
  facet normal -0.872184 0.329812 -0.361274
    outer loop
      vertex 1.99124 4.36328 9.95893
      vertex 2.00568 4.11983 9.70182
      vertex 1.91449 4.11983 9.92197
    endloop
  endfacet
  facet normal -0.845774 0.531421 0.0475199
    outer loop
      vertex 1.87579 3.66906 9
      vertex 2.01301 3.88745 9
      vertex 1.86399 3.66906 8.78998
    endloop
  endfacet
  facet normal -0.81055 0.111754 -0.574908
    outer loop
      vertex 1.79538 4.87104 10.4318
      vertex 1.9444 4.87104 10.2217
      vertex 1.77281 4.61474 10.4138
    endloop
  endfacet
  facet normal -0.961226 0.222216 0.163292
    outer loop
      vertex 2.19621 4.36328 8.75255
      vertex 2.25325 4.61474 8.74612
      vertex 2.1547 4.36328 8.5082
    endloop
  endfacet
  facet normal -0.942561 0.329811 0.0529465
    outer loop
      vertex 2.21011 4.36328 9
      vertex 2.19621 4.36328 8.75255
      vertex 2.11156 4.11983 8.76208
    endloop
  endfacet
  facet normal -0.899815 0.433335 0.0505276
    outer loop
      vertex 2.12492 4.11983 9
      vertex 2.11156 4.11983 8.76208
      vertex 2.01301 3.88745 9
    endloop
  endfacet
  facet normal -0.985875 0 -0.167484
    outer loop
      vertex 2.28194 4.87104 9.25711
      vertex 2.23881 5 9.51099
      vertex 2.28194 5 9.25711
    endloop
  endfacet
  facet normal -0.985875 -0 -0.167484
    outer loop
      vertex 2.23881 5 9.51099
      vertex 2.28194 4.87104 9.25711
      vertex 2.23881 4.87104 9.51099
    endloop
  endfacet
  facet normal -0.869766 0.111666 -0.480663
    outer loop
      vertex 1.9444 4.87104 10.2217
      vertex 2.04295 4.61474 9.98383
      vertex 1.91995 4.61474 10.2064
    endloop
  endfacet
  facet normal -0.79518 0.222335 -0.564141
    outer loop
      vertex 1.91995 4.61474 10.2064
      vertex 1.87135 4.36328 10.1758
      vertex 1.77281 4.61474 10.4138
    endloop
  endfacet
  facet normal -0.810496 0.111643 -0.575006
    outer loop
      vertex 1.9444 4.87104 10.2217
      vertex 1.91995 4.61474 10.2064
      vertex 1.77281 4.61474 10.4138
    endloop
  endfacet
  facet normal -0.511807 0.846358 -0.147418
    outer loop
      vertex 1.25626 3.12421 9.43958
      vertex 1.29757 3.12421 9.29616
      vertex 1.05012 2.98699 9.36745
    endloop
  endfacet
  facet normal -0.706555 0.706544 0.0396923
    outer loop
      vertex 1.5326 3.28502 9
      vertex 1.70419 3.4674 8.80798
      vertex 1.52296 3.28502 8.8284
    endloop
  endfacet
  facet normal -0.899827 0.433314 0.0505027
    outer loop
      vertex 2.01301 3.88745 9
      vertex 2.11156 4.11983 8.76208
      vertex 2.00036 3.88745 8.77461
    endloop
  endfacet
  facet normal -0.899815 0.433335 -0.0505276
    outer loop
      vertex 2.11156 4.11983 9.23792
      vertex 2.12492 4.11983 9
      vertex 2.01301 3.88745 9
    endloop
  endfacet
  facet normal -0.684692 0.622888 0.378427
    outer loop
      vertex 1.54514 3.4674 8.2559
      vertex 1.69003 3.66906 8.18612
      vertex 1.45211 3.4674 8.08758
    endloop
  endfacet
  facet normal -0.684692 0.622891 0.378422
    outer loop
      vertex 1.69003 3.66906 8.18612
      vertex 1.58828 3.66906 8.00202
      vertex 1.45211 3.4674 8.08758
    endloop
  endfacet
  facet normal -0.653791 0.706553 0.270814
    outer loop
      vertex 1.44659 3.28502 8.49381
      vertex 1.61874 3.4674 8.43358
      vertex 1.38082 3.28502 8.33503
    endloop
  endfacet
  facet normal -0.751749 0.622871 0.216575
    outer loop
      vertex 1.67198 3.4674 8.61838
      vertex 1.82876 3.66906 8.5826
      vertex 1.61874 3.4674 8.43358
    endloop
  endfacet
  facet normal -0.722772 0.622877 0.299373
    outer loop
      vertex 1.77053 3.66906 8.38047
      vertex 1.69003 3.66906 8.18612
      vertex 1.61874 3.4674 8.43358
    endloop
  endfacet
  facet normal -0.653791 0.706551 0.270818
    outer loop
      vertex 1.61874 3.4674 8.43358
      vertex 1.54514 3.4674 8.2559
      vertex 1.38082 3.28502 8.33503
    endloop
  endfacet
  facet normal -0.574919 0.111955 -0.810515
    outer loop
      vertex 1.22175 4.87104 10.9444
      vertex 1.41376 4.61474 10.7728
      vertex 1.20638 4.61474 10.9199
    endloop
  endfacet
  facet normal -0.344937 0.433247 -0.832656
    outer loop
      vertex 0.701818 4.11983 11.0057
      vertex 0.921969 4.11983 10.9145
      vertex 0.664856 3.88745 10.9001
    endloop
  endfacet
  facet normal 0.324179 0.531424 0.782622
    outer loop
      vertex -0.619534 3.66906 7.22947
      vertex -0.664856 3.88745 7.09995
      vertex -0.813874 3.66906 7.30997
    endloop
  endfacet
  facet normal 0.490202 0.531435 0.690854
    outer loop
      vertex -0.99798 3.66906 7.41172
      vertex -1.07099 3.88745 7.29553
      vertex -1.25509 3.88745 7.42616
    endloop
  endfacet
  facet normal 0.299386 0.622879 0.722765
    outer loop
      vertex -0.566421 3.4674 7.38126
      vertex -0.619534 3.66906 7.22947
      vertex -0.813874 3.66906 7.30997
    endloop
  endfacet
  facet normal 0.378429 0.62288 0.684698
    outer loop
      vertex -0.744101 3.4674 7.45486
      vertex -0.813874 3.66906 7.30997
      vertex -0.912422 3.4674 7.54789
    endloop
  endfacet
  facet normal 0.5213 0.62287 0.583335
    outer loop
      vertex -1.21267 3.4674 7.78733
      vertex -1.06927 3.4674 7.65918
      vertex -1.32638 3.66906 7.67362
    endloop
  endfacet
  facet normal 0.577147 0.706547 0.409504
    outer loop
      vertex -1.19823 3.28502 8.04444
      vertex -1.34082 3.4674 7.93073
      vertex -1.45211 3.4674 8.08758
    endloop
  endfacet
  facet normal 0.490198 0.53143 0.69086
    outer loop
      vertex -1.16954 3.66906 7.53345
      vertex -0.99798 3.66906 7.41172
      vertex -1.25509 3.88745 7.42616
    endloop
  endfacet
  facet normal 0.452705 0.622888 0.638019
    outer loop
      vertex -0.912422 3.4674 7.54789
      vertex -0.99798 3.66906 7.41172
      vertex -1.16954 3.66906 7.53345
    endloop
  endfacet
  facet normal 0.172771 0.781362 0.599686
    outer loop
      vertex -0.296163 3.12421 7.70243
      vertex -0.341035 3.28502 7.50583
      vertex -0.506185 3.28502 7.55341
    endloop
  endfacet
  facet normal 0.104573 0.781363 0.615252
    outer loop
      vertex -0.296163 3.12421 7.70243
      vertex -0.149018 3.12421 7.67742
      vertex -0.341035 3.28502 7.50583
    endloop
  endfacet
  facet normal 0.0396932 0.706544 0.706555
    outer loop
      vertex -0.171596 3.28502 7.47704
      vertex 0 3.28502 7.4674
      vertex -0.192016 3.4674 7.29581
    endloop
  endfacet
  facet normal 0.0350053 0.781351 0.62311
    outer loop
      vertex -0.149018 3.12421 7.67742
      vertex 0 3.28502 7.4674
      vertex -0.171596 3.28502 7.47704
    endloop
  endfacet
  facet normal 0.172739 0.781347 0.599715
    outer loop
      vertex -0.439583 3.12421 7.74374
      vertex -0.296163 3.12421 7.70243
      vertex -0.506185 3.28502 7.55341
    endloop
  endfacet
  facet normal 0.270808 0.706558 0.653788
    outer loop
      vertex -0.506185 3.28502 7.55341
      vertex -0.566421 3.4674 7.38126
      vertex -0.664968 3.28502 7.61918
    endloop
  endfacet
  facet normal 0.483726 0 0.875219
    outer loop
      vertex -1.22175 5 7.0556
      vertex -0.996362 4.87104 6.93103
      vertex -0.996362 5 6.93103
    endloop
  endfacet
  facet normal 0.483726 0 0.875219
    outer loop
      vertex -0.996362 4.87104 6.93103
      vertex -1.22175 5 7.0556
      vertex -1.22175 4.87104 7.0556
    endloop
  endfacet
  facet normal 0.471634 0.222188 0.853343
    outer loop
      vertex -1.17585 4.36328 7.12865
      vertex -0.983832 4.61474 6.95705
      vertex -1.20638 4.61474 7.08005
    endloop
  endfacet
  facet normal 0.382691 0 0.923876
    outer loop
      vertex -0.996362 5 6.93103
      vertex -0.758447 4.87104 6.83248
      vertex -0.758447 5 6.83248
    endloop
  endfacet
  facet normal 0.382691 0 0.923876
    outer loop
      vertex -0.758447 4.87104 6.83248
      vertex -0.996362 5 6.93103
      vertex -0.996362 4.87104 6.93103
    endloop
  endfacet
  facet normal -0.20588 0.974855 0.0852658
    outer loop
      vertex 0.363644 2.7325 8.87276
      vertex 0.60099 2.78989 8.7897
      vertex 0.347111 2.7325 8.83284
    endloop
  endfacet
  facet normal -0.0836083 0.993692 0.0747403
    outer loop
      vertex 0.100826 2.70362 8.91959
      vertex 0.272423 2.7325 8.72758
      vertex 0.0911894 2.70362 8.90881
    endloop
  endfacet
  facet normal -0.126559 0.943717 0.305584
    outer loop
      vertex 0.276262 2.78989 8.42633
      vertex 0.381892 2.87508 8.20699
      vertex 0.210296 2.78989 8.39901
    endloop
  endfacet
  facet normal -0.434392 0.846358 0.30819
    outer loop
      vertex 0.942025 2.98699 8.40809
      vertex 1.12694 3.12421 8.29189
      vertex 0.869829 2.98699 8.30633
    endloop
  endfacet
  facet normal 0.257644 0.846347 0.466172
    outer loop
      vertex -0.591913 2.98699 8.05797
      vertex -0.482718 2.98699 7.99762
      vertex -0.708104 3.12421 7.87306
    endloop
  endfacet
  facet normal 0.257652 0.84635 0.466161
    outer loop
      vertex -0.482718 2.98699 7.99762
      vertex -0.577475 3.12421 7.80086
      vertex -0.708104 3.12421 7.87306
    endloop
  endfacet
  facet normal -0.826246 0.329813 0.456662
    outer loop
      vertex 1.91449 4.11983 8.07803
      vertex 1.87135 4.36328 7.82415
      vertex 1.79922 4.11983 7.86947
    endloop
  endfacet
  facet normal -0.735014 0.433332 0.521514
    outer loop
      vertex 1.79922 4.11983 7.86947
      vertex 1.66133 4.11983 7.67513
      vertex 1.57384 3.88745 7.74491
    endloop
  endfacet
  facet normal -0.907147 0.329816 0.261353
    outer loop
      vertex 2.07165 4.11983 8.52716
      vertex 2.1547 4.36328 8.5082
      vertex 2.00568 4.11983 8.29818
    endloop
  endfacet
  facet normal -0.93071 0.329815 0.158116
    outer loop
      vertex 2.11156 4.11983 8.76208
      vertex 2.1547 4.36328 8.5082
      vertex 2.07165 4.11983 8.52716
    endloop
  endfacet
  facet normal -0.9369 0.22218 0.269917
    outer loop
      vertex 2.1547 4.36328 8.5082
      vertex 2.14026 4.61474 8.25109
      vertex 2.08609 4.36328 8.27005
    endloop
  endfacet
  facet normal -0.97969 0.111764 0.16648
    outer loop
      vertex 2.25325 4.61474 8.74612
      vertex 2.28194 4.87104 8.74289
      vertex 2.21065 4.61474 8.49543
    endloop
  endfacet
  facet normal -0.380289 0.111801 0.918086
    outer loop
      vertex 0.983832 4.61474 6.95705
      vertex 0.758447 4.87104 6.83248
      vertex 0.748908 4.61474 6.85974
    endloop
  endfacet
  facet normal -0.275098 0.111813 0.954892
    outer loop
      vertex 0.758447 4.87104 6.83248
      vertex 0.510992 4.87104 6.76119
      vertex 0.504566 4.61474 6.78935
    endloop
  endfacet
  facet normal -0.979693 0.111809 0.166434
    outer loop
      vertex 2.28194 4.87104 8.74289
      vertex 2.23881 4.87104 8.48901
      vertex 2.21065 4.61474 8.49543
    endloop
  endfacet
  facet normal -0.992173 0.111765 0.0556896
    outer loop
      vertex 2.2675 4.61474 9
      vertex 2.28194 4.87104 8.74289
      vertex 2.25325 4.61474 8.74612
    endloop
  endfacet
  facet normal -0.992167 0.111798 -0.0557228
    outer loop
      vertex 2.28194 4.87104 9.25711
      vertex 2.29638 4.87104 9
      vertex 2.2675 4.61474 9
    endloop
  endfacet
  facet normal -0.992173 0.111765 -0.0556896
    outer loop
      vertex 2.28194 4.87104 9.25711
      vertex 2.2675 4.61474 9
      vertex 2.25325 4.61474 9.25388
    endloop
  endfacet
  facet normal -0.662158 0.111781 0.740981
    outer loop
      vertex 1.60337 4.61474 7.39663
      vertex 1.43177 4.87104 7.20462
      vertex 1.41376 4.61474 7.22719
    endloop
  endfacet
  facet normal -0.662149 0.111791 0.740987
    outer loop
      vertex 1.60337 4.61474 7.39663
      vertex 1.62379 4.87104 7.37621
      vertex 1.43177 4.87104 7.20462
    endloop
  endfacet
  facet normal -0.869735 0.111796 0.480689
    outer loop
      vertex 2.04295 4.61474 8.01617
      vertex 1.9444 4.87104 7.77825
      vertex 1.91995 4.61474 7.79362
    endloop
  endfacet
  facet normal -0.853343 0.222183 0.471636
    outer loop
      vertex 1.99124 4.36328 8.04107
      vertex 2.04295 4.61474 8.01617
      vertex 1.87135 4.36328 7.82415
    endloop
  endfacet
  facet normal -0.0546814 0.222213 0.973464
    outer loop
      vertex 0.247454 4.36328 6.80379
      vertex 0.25388 4.61474 6.74675
      vertex 0 4.36328 6.78989
    endloop
  endfacet
  facet normal 0.0557222 0.111798 0.992167
    outer loop
      vertex 0 4.61474 6.7325
      vertex 0 4.87104 6.70362
      vertex -0.257113 4.87104 6.71806
    endloop
  endfacet
  facet normal 0.0529456 0.329812 0.942561
    outer loop
      vertex -0.237915 4.11983 6.88844
      vertex 0 4.36328 6.78989
      vertex -0.247454 4.36328 6.80379
    endloop
  endfacet
  facet normal 0.0529288 0.329827 0.942556
    outer loop
      vertex 0 4.11983 6.87508
      vertex 0 4.36328 6.78989
      vertex -0.237915 4.11983 6.88844
    endloop
  endfacet
  facet normal 0.166482 0.111766 0.97969
    outer loop
      vertex -0.25388 4.61474 6.74675
      vertex -0.257113 4.87104 6.71806
      vertex -0.504566 4.61474 6.78935
    endloop
  endfacet
  facet normal -0.167484 0 0.985875
    outer loop
      vertex 0.257113 5 6.71806
      vertex 0.510992 4.87104 6.76119
      vertex 0.510992 5 6.76119
    endloop
  endfacet
  facet normal -0.167484 0 0.985875
    outer loop
      vertex 0.510992 4.87104 6.76119
      vertex 0.257113 5 6.71806
      vertex 0.257113 4.87104 6.71806
    endloop
  endfacet
  facet normal 0.43592 0.433342 0.788789
    outer loop
      vertex -0.873413 3.88745 7.18634
      vertex -0.921969 4.11983 7.08551
      vertex -1.07099 3.88745 7.29553
    endloop
  endfacet
  facet normal 0.471636 0.222186 0.853342
    outer loop
      vertex -0.95893 4.36328 7.00876
      vertex -0.983832 4.61474 6.95705
      vertex -1.17585 4.36328 7.12865
    endloop
  endfacet
  facet normal -0.361272 0.329814 0.872184
    outer loop
      vertex 0.921969 4.11983 7.08551
      vertex 0.95893 4.36328 7.00876
      vertex 0.701818 4.11983 6.99432
    endloop
  endfacet
  facet normal -0.344895 0.433343 0.832623
    outer loop
      vertex 0.873413 3.88745 7.18634
      vertex 0.921969 4.11983 7.08551
      vertex 0.664856 3.88745 7.09995
    endloop
  endfacet
  facet normal -0.5213 0.62287 0.583335
    outer loop
      vertex 1.21267 3.4674 7.78733
      vertex 1.32638 3.66906 7.67362
      vertex 1.06927 3.4674 7.65918
    endloop
  endfacet
  facet normal -0.257652 0.84635 0.466161
    outer loop
      vertex 0.708104 3.12421 7.87306
      vertex 0.577475 3.12421 7.80086
      vertex 0.482718 2.98699 7.99762
    endloop
  endfacet
  facet normal -0.45666 0.329813 0.826247
    outer loop
      vertex 1.17585 4.36328 7.12865
      vertex 0.95893 4.36328 7.00876
      vertex 0.921969 4.11983 7.08551
    endloop
  endfacet
  facet normal -0.45666 0.329813 0.826247
    outer loop
      vertex 1.13053 4.11983 7.20078
      vertex 1.17585 4.36328 7.12865
      vertex 0.921969 4.11983 7.08551
    endloop
  endfacet
  facet normal -0.0505036 0.433314 0.899827
    outer loop
      vertex 0.225386 3.88745 6.99964
      vertex 0.237915 4.11983 6.88844
      vertex 0 3.88745 6.98699
    endloop
  endfacet
  facet normal -0.299388 0.622881 0.722762
    outer loop
      vertex 0.744101 3.4674 7.45486
      vertex 0.813874 3.66906 7.30997
      vertex 0.566421 3.4674 7.38126
    endloop
  endfacet
  facet normal -0.131057 0.622895 0.771249
    outer loop
      vertex 0.417402 3.66906 7.17124
      vertex 0.210021 3.66906 7.136
      vertex 0.192016 3.4674 7.29581
    endloop
  endfacet
  facet normal -0.118521 0.706554 0.697663
    outer loop
      vertex 0.341035 3.28502 7.50583
      vertex 0.381618 3.4674 7.32802
      vertex 0.192016 3.4674 7.29581
    endloop
  endfacet
  facet normal -0.216562 0.622879 0.751746
    outer loop
      vertex 0.566421 3.4674 7.38126
      vertex 0.619534 3.66906 7.22947
      vertex 0.417402 3.66906 7.17124
    endloop
  endfacet
  facet normal -0.234497 0.531423 0.814003
    outer loop
      vertex 0.619534 3.66906 7.22947
      vertex 0.664856 3.88745 7.09995
      vertex 0.417402 3.66906 7.17124
    endloop
  endfacet
  facet normal -0.249479 0.433352 0.866006
    outer loop
      vertex 0.664856 3.88745 7.09995
      vertex 0.472839 4.11983 6.92835
      vertex 0.447937 3.88745 7.03746
    endloop
  endfacet
  facet normal -0.234498 0.531424 0.814002
    outer loop
      vertex 0.664856 3.88745 7.09995
      vertex 0.447937 3.88745 7.03746
      vertex 0.417402 3.66906 7.17124
    endloop
  endfacet
  facet normal -0.0298333 0.846355 0.531782
    outer loop
      vertex 0.124566 2.98699 7.89444
      vertex 0.149018 3.12421 7.67742
      vertex 0 3.12421 7.66906
    endloop
  endfacet
  facet normal 0.0243404 0.900699 0.433761
    outer loop
      vertex 0 2.87508 8.11983
      vertex 0 2.98699 7.88745
      vertex -0.124566 2.98699 7.89444
    endloop
  endfacet
  facet normal -0.120251 0.900699 0.41747
    outer loop
      vertex 0.290702 2.87508 8.16922
      vertex 0.367453 2.98699 7.94988
      vertex 0.195856 2.87508 8.1419
    endloop
  endfacet
  facet normal -0.0243404 0.900699 0.433761
    outer loop
      vertex 0.124566 2.98699 7.89444
      vertex 0 2.98699 7.88745
      vertex 0 2.87508 8.11983
    endloop
  endfacet
  facet normal -0.0243404 0.900699 0.433761
    outer loop
      vertex 0.0985479 2.87508 8.12536
      vertex 0.124566 2.98699 7.89444
      vertex 0 2.87508 8.11983
    endloop
  endfacet
  facet normal -0.018531 0.943717 0.330234
    outer loop
      vertex 0.07129 2.78989 8.36728
      vertex 0.0985479 2.87508 8.12536
      vertex 0 2.87508 8.11983
    endloop
  endfacet
  facet normal -0.0554251 0.943717 0.326077
    outer loop
      vertex 0.195856 2.87508 8.1419
      vertex 0.0985479 2.87508 8.12536
      vertex 0.07129 2.78989 8.36728
    endloop
  endfacet
  facet normal -0.0728006 0.900699 0.4283
    outer loop
      vertex 0.195856 2.87508 8.1419
      vertex 0.124566 2.98699 7.89444
      vertex 0.0985479 2.87508 8.12536
    endloop
  endfacet
  facet normal -0.0373264 0.974854 0.219695
    outer loop
      vertex 0.0857286 2.7325 8.62439
      vertex 0.141684 2.78989 8.37924
      vertex 0.07129 2.78989 8.36728
    endloop
  endfacet
  facet normal -0.018529 0.943717 0.330233
    outer loop
      vertex 0.07129 2.78989 8.36728
      vertex 0 2.87508 8.11983
      vertex 0 2.78989 8.36328
    endloop
  endfacet
  facet normal -0.251381 0.900698 0.354332
    outer loop
      vertex 0.548778 2.87508 8.31185
      vertex 0.693666 2.98699 8.13017
      vertex 0.468279 2.87508 8.25474
    endloop
  endfacet
  facet normal -0.380238 0.900698 0.210146
    outer loop
      vertex 0.793007 2.87508 8.61811
      vertex 0.942025 2.98699 8.40809
      vertex 0.745262 2.87508 8.53172
    endloop
  endfacet
  facet normal -0.32394 0.900701 0.289482
    outer loop
      vertex 0.688146 2.87508 8.45122
      vertex 0.869829 2.98699 8.30633
      vertex 0.622375 2.87508 8.37762
    endloop
  endfacet
  facet normal -0.246621 0.943718 0.220394
    outer loop
      vertex 0.497808 2.78989 8.60301
      vertex 0.622375 2.87508 8.37762
      vertex 0.45023 2.78989 8.54977
    endloop
  endfacet
  facet normal -0.465345 0.781359 0.415851
    outer loop
      vertex 1.19823 3.28502 8.04444
      vertex 1.08371 3.28502 7.91629
      vertex 0.941119 3.12421 8.05888
    endloop
  endfacet
  facet normal -0.465347 0.781361 0.415844
    outer loop
      vertex 1.04057 3.12421 8.17017
      vertex 1.19823 3.28502 8.04444
      vertex 0.941119 3.12421 8.05888
    endloop
  endfacet
  facet normal -0.23884 0.781354 0.576578
    outer loop
      vertex 0.577475 3.12421 7.80086
      vertex 0.664968 3.28502 7.61918
      vertex 0.439583 3.12421 7.74374
    endloop
  endfacet
  facet normal -0.270818 0.706553 0.653789
    outer loop
      vertex 0.664968 3.28502 7.61918
      vertex 0.744101 3.4674 7.45486
      vertex 0.566421 3.4674 7.38126
    endloop
  endfacet
  facet normal -0.301867 0.781354 0.546226
    outer loop
      vertex 0.815391 3.28502 7.70231
      vertex 0.664968 3.28502 7.61918
      vertex 0.577475 3.12421 7.80086
    endloop
  endfacet
  facet normal -0.301888 0.781367 0.546196
    outer loop
      vertex 0.708104 3.12421 7.87306
      vertex 0.815391 3.28502 7.70231
      vertex 0.577475 3.12421 7.80086
    endloop
  endfacet
  facet normal -0.0892484 0.846355 0.525088
    outer loop
      vertex 0.296163 3.12421 7.70243
      vertex 0.149018 3.12421 7.67742
      vertex 0.124566 2.98699 7.89444
    endloop
  endfacet
  facet normal -0.104573 0.781363 0.615252
    outer loop
      vertex 0.296163 3.12421 7.70243
      vertex 0.341035 3.28502 7.50583
      vertex 0.149018 3.12421 7.67742
    endloop
  endfacet
  facet normal 0.992167 0.111798 0.0557228
    outer loop
      vertex -2.2675 4.61474 9
      vertex -2.28194 4.87104 8.74289
      vertex -2.29638 4.87104 9
    endloop
  endfacet
  facet normal 0.998427 -0 0.0560744
    outer loop
      vertex -2.29638 4.87104 9
      vertex -2.28194 5 8.74289
      vertex -2.29638 5 9
    endloop
  endfacet
  facet normal 0.998427 0 0.0560744
    outer loop
      vertex -2.28194 5 8.74289
      vertex -2.29638 4.87104 9
      vertex -2.28194 4.87104 8.74289
    endloop
  endfacet
  facet normal 0.923873 -0 0.382698
    outer loop
      vertex -2.16752 4.87104 8.24155
      vertex -2.06897 5 8.00364
      vertex -2.16752 5 8.24155
    endloop
  endfacet
  facet normal 0.923873 0 0.382698
    outer loop
      vertex -2.06897 5 8.00364
      vertex -2.16752 4.87104 8.24155
      vertex -2.06897 4.87104 8.00364
    endloop
  endfacet
  facet normal 0.810447 0.111755 0.575054
    outer loop
      vertex -1.77281 4.61474 7.58623
      vertex -1.79538 4.87104 7.56823
      vertex -1.9444 4.87104 7.77825
    endloop
  endfacet
  facet normal 0.918082 0.111797 -0.380299
    outer loop
      vertex -2.06897 4.87104 9.99636
      vertex -2.04295 4.61474 9.98383
      vertex -2.16752 4.87104 9.75845
    endloop
  endfacet
  facet normal 0.923873 0 -0.382698
    outer loop
      vertex -2.06897 4.87104 9.99636
      vertex -2.16752 5 9.75845
      vertex -2.06897 5 9.99636
    endloop
  endfacet
  facet normal 0.923873 0 -0.382698
    outer loop
      vertex -2.16752 5 9.75845
      vertex -2.06897 4.87104 9.99636
      vertex -2.16752 4.87104 9.75845
    endloop
  endfacet
  facet normal 0.961226 0.222216 -0.163292
    outer loop
      vertex -2.1547 4.36328 9.4918
      vertex -2.19621 4.36328 9.24745
      vertex -2.25325 4.61474 9.25388
    endloop
  endfacet
  facet normal 0.900782 0.222184 -0.37313
    outer loop
      vertex -2.04295 4.61474 9.98383
      vertex -1.99124 4.36328 9.95893
      vertex -2.08609 4.36328 9.72995
    endloop
  endfacet
  facet normal 0.97969 0.111764 -0.16648
    outer loop
      vertex -2.21065 4.61474 9.50457
      vertex -2.25325 4.61474 9.25388
      vertex -2.28194 4.87104 9.25711
    endloop
  endfacet
  facet normal 0.83263 0.433333 0.34489
    outer loop
      vertex -1.90005 3.88745 8.33514
      vertex -1.91449 4.11983 8.07803
      vertex -2.00568 4.11983 8.29818
    endloop
  endfacet
  facet normal 0.872184 0.329812 0.361274
    outer loop
      vertex -1.91449 4.11983 8.07803
      vertex -1.99124 4.36328 8.04107
      vertex -2.00568 4.11983 8.29818
    endloop
  endfacet
  facet normal 0.465347 0.781361 0.415844
    outer loop
      vertex -1.04057 3.12421 8.17017
      vertex -0.941119 3.12421 8.05888
      vertex -1.19823 3.28502 8.04444
    endloop
  endfacet
  facet normal 0.788789 0.433349 0.435914
    outer loop
      vertex -1.81366 3.88745 8.12659
      vertex -1.70447 3.88745 7.92901
      vertex -1.91449 4.11983 8.07803
    endloop
  endfacet
  facet normal 0.653791 0.706553 0.270814
    outer loop
      vertex -1.44659 3.28502 8.49381
      vertex -1.38082 3.28502 8.33503
      vertex -1.61874 3.4674 8.43358
    endloop
  endfacet
  facet normal 0.638017 0.622891 0.452704
    outer loop
      vertex -1.45211 3.4674 8.08758
      vertex -1.46655 3.66906 7.83046
      vertex -1.58828 3.66906 8.00202
    endloop
  endfacet
  facet normal 0.866007 0.433351 0.249478
    outer loop
      vertex -1.96254 3.88745 8.55206
      vertex -1.90005 3.88745 8.33514
      vertex -2.07165 4.11983 8.52716
    endloop
  endfacet
  facet normal 0.973475 0.222173 -0.0546401
    outer loop
      vertex -2.25325 4.61474 9.25388
      vertex -2.21011 4.36328 9
      vertex -2.2675 4.61474 9
    endloop
  endfacet
  facet normal 0.323931 0.900697 0.289507
    outer loop
      vertex -0.622375 2.87508 8.37762
      vertex -0.786694 2.98699 8.21331
      vertex -0.869829 2.98699 8.30633
    endloop
  endfacet
  facet normal 0.257738 0.84631 -0.466187
    outer loop
      vertex -0.482718 2.98699 10.0024
      vertex -0.591913 2.98699 9.94203
      vertex -0.708104 3.12421 10.1269
    endloop
  endfacet
  facet normal 0.578627 0 -0.815592
    outer loop
      vertex -1.43177 4.87104 10.7954
      vertex -1.22175 5 10.9444
      vertex -1.22175 4.87104 10.9444
    endloop
  endfacet
  facet normal 0.578627 0 -0.815592
    outer loop
      vertex -1.22175 5 10.9444
      vertex -1.43177 4.87104 10.7954
      vertex -1.43177 5 10.7954
    endloop
  endfacet
  facet normal 0.480684 0.111963 -0.869717
    outer loop
      vertex -0.983832 4.61474 11.0429
      vertex -1.20638 4.61474 10.9199
      vertex -1.22175 4.87104 10.9444
    endloop
  endfacet
  facet normal 0.574995 0.11187 -0.810473
    outer loop
      vertex -1.22175 4.87104 10.9444
      vertex -1.41376 4.61474 10.7728
      vertex -1.43177 4.87104 10.7954
    endloop
  endfacet
  facet normal 0.662175 0.111734 -0.740972
    outer loop
      vertex -1.43177 4.87104 10.7954
      vertex -1.60337 4.61474 10.6034
      vertex -1.62379 4.87104 10.6238
    endloop
  endfacet
  facet normal 0.666348 0 -0.745641
    outer loop
      vertex -1.62379 4.87104 10.6238
      vertex -1.43177 5 10.7954
      vertex -1.43177 4.87104 10.7954
    endloop
  endfacet
  facet normal 0.666348 0 -0.745641
    outer loop
      vertex -1.43177 5 10.7954
      vertex -1.62379 4.87104 10.6238
      vertex -1.62379 5 10.6238
    endloop
  endfacet
  facet normal 0.900782 0.222184 0.37313
    outer loop
      vertex -1.99124 4.36328 8.04107
      vertex -2.04295 4.61474 8.01617
      vertex -2.08609 4.36328 8.27005
    endloop
  endfacet
  facet normal 0.564208 0.222201 0.795171
    outer loop
      vertex -1.37798 4.36328 7.27207
      vertex -1.17585 4.36328 7.12865
      vertex -1.41376 4.61474 7.22719
    endloop
  endfacet
  facet normal 0.853343 0.222183 0.471636
    outer loop
      vertex -1.99124 4.36328 8.04107
      vertex -1.87135 4.36328 7.82415
      vertex -2.04295 4.61474 8.01617
    endloop
  endfacet
  facet normal 0.900783 0.222182 0.373128
    outer loop
      vertex -2.08609 4.36328 8.27005
      vertex -2.04295 4.61474 8.01617
      vertex -2.14026 4.61474 8.25109
    endloop
  endfacet
  facet normal 0.740965 0.111755 0.662179
    outer loop
      vertex -1.77281 4.61474 7.58623
      vertex -1.60337 4.61474 7.39663
      vertex -1.79538 4.87104 7.56823
    endloop
  endfacet
  facet normal -0.0554251 0.943717 -0.326077
    outer loop
      vertex 0.0985479 2.87508 9.87464
      vertex 0.195856 2.87508 9.8581
      vertex 0.07129 2.78989 9.63272
    endloop
  endfacet
  facet normal -0.354941 0.846372 -0.397079
    outer loop
      vertex 0.829829 3.12421 10.0406
      vertex 0.941119 3.12421 9.94112
      vertex 0.693666 2.98699 9.86983
    endloop
  endfacet
  facet normal -0.0373427 0.974855 -0.219688
    outer loop
      vertex 0.07129 2.78989 9.63272
      vertex 0.0857286 2.7325 9.3756
      vertex 0.0431356 2.7325 9.38284
    endloop
  endfacet
  facet normal -0.397126 0.846357 -0.354924
    outer loop
      vertex 0.941119 3.12421 9.94112
      vertex 0.869829 2.98699 9.69367
      vertex 0.786694 2.98699 9.78669
    endloop
  endfacet
  facet normal -0.465347 0.781361 -0.415844
    outer loop
      vertex 1.19823 3.28502 9.95556
      vertex 1.04057 3.12421 9.82983
      vertex 0.941119 3.12421 9.94112
    endloop
  endfacet
  facet normal -0.492097 0.846347 -0.203806
    outer loop
      vertex 1.19914 3.12421 9.57747
      vertex 1.05012 2.98699 9.36745
      vertex 1.00238 2.98699 9.48272
    endloop
  endfacet
  facet normal -0.289504 0.900696 -0.323935
    outer loop
      vertex 0.693666 2.98699 9.86983
      vertex 0.786694 2.98699 9.78669
      vertex 0.622375 2.87508 9.62238
    endloop
  endfacet
  facet normal -0.354919 0.846357 -0.39713
    outer loop
      vertex 0.941119 3.12421 9.94112
      vertex 0.786694 2.98699 9.78669
      vertex 0.693666 2.98699 9.86983
    endloop
  endfacet
  facet normal -0.546194 0.781369 -0.301885
    outer loop
      vertex 1.29769 3.28502 9.81539
      vertex 1.19914 3.12421 9.57747
      vertex 1.12694 3.12421 9.7081
    endloop
  endfacet
  facet normal -0.564425 0.531379 -0.631713
    outer loop
      vertex 1.42342 3.88745 10.4234
      vertex 1.32638 3.66906 10.3264
      vertex 1.25509 3.88745 10.5738
    endloop
  endfacet
  facet normal -0.34222 0.706502 -0.619468
    outer loop
      vertex 0.912422 3.4674 10.4521
      vertex 0.815391 3.28502 10.2977
      vertex 0.664968 3.28502 10.3808
    endloop
  endfacet
  facet normal -0.308258 0.846311 -0.434435
    outer loop
      vertex 0.708104 3.12421 10.1269
      vertex 0.693666 2.98699 9.86983
      vertex 0.591913 2.98699 9.94203
    endloop
  endfacet
  facet normal -0.172716 0.781303 -0.59978
    outer loop
      vertex 0.506185 3.28502 10.4466
      vertex 0.439583 3.12421 10.2563
      vertex 0.296163 3.12421 10.2976
    endloop
  endfacet
  facet normal 0.216788 0.622913 -0.751653
    outer loop
      vertex -0.417402 3.66906 10.8288
      vertex -0.381618 3.4674 10.672
      vertex -0.566421 3.4674 10.6187
    endloop
  endfacet
  facet normal -0.317826 0.943719 0.0915544
    outer loop
      vertex 0.620757 2.78989 8.85832
      vertex 0.858104 2.87508 8.80414
      vertex 0.60099 2.78989 8.7897
    endloop
  endfacet
  facet normal -0.317826 0.943717 0.091571
    outer loop
      vertex 0.858104 2.87508 8.80414
      vertex 0.830779 2.87508 8.7093
      vertex 0.60099 2.78989 8.7897
    endloop
  endfacet
  facet normal -0.195041 0.974855 -0.107785
    outer loop
      vertex 0.539127 2.78989 9.33876
      vertex 0.573666 2.78989 9.27626
      vertex 0.347111 2.7325 9.16716
    endloop
  endfacet
  facet normal -0.401372 0.9007 -0.166253
    outer loop
      vertex 1.05012 2.98699 9.36745
      vertex 0.830779 2.87508 9.2907
      vertex 0.793007 2.87508 9.38189
    endloop
  endfacet
  facet normal -0.706549 0.706549 0.0397025
    outer loop
      vertex 1.71498 3.4674 9
      vertex 1.70419 3.4674 8.80798
      vertex 1.5326 3.28502 9
    endloop
  endfacet
  facet normal -0.888504 0.433314 -0.150992
    outer loop
      vertex 2.11156 4.11983 9.23792
      vertex 2.00036 3.88745 9.22539
      vertex 1.96254 3.88745 9.44794
    endloop
  endfacet
  facet normal -0.697661 0.706557 -0.118521
    outer loop
      vertex 1.67198 3.4674 9.38162
      vertex 1.70419 3.4674 9.19202
      vertex 1.49417 3.28502 9.34103
    endloop
  endfacet
  facet normal -0.679998 0.706558 -0.195904
    outer loop
      vertex 1.61874 3.4674 9.56642
      vertex 1.67198 3.4674 9.38162
      vertex 1.49417 3.28502 9.34103
    endloop
  endfacet
  facet normal -0.546275 0.330009 -0.769856
    outer loop
      vertex 1.17585 4.36328 10.8714
      vertex 1.32487 4.11983 10.6613
      vertex 1.13053 4.11983 10.7992
    endloop
  endfacet
  facet normal -0.628927 0.329964 -0.703971
    outer loop
      vertex 1.56278 4.36328 10.5628
      vertex 1.50255 4.11983 10.5025
      vertex 1.37798 4.36328 10.7279
    endloop
  endfacet
  facet normal -0.361203 0.781424 -0.508831
    outer loop
      vertex 0.815391 3.28502 10.2977
      vertex 0.955558 3.28502 10.1982
      vertex 0.708104 3.12421 10.1269
    endloop
  endfacet
  facet normal -0.521198 0.622848 -0.583449
    outer loop
      vertex 1.32638 3.66906 10.3264
      vertex 1.21267 3.4674 10.2127
      vertex 1.06927 3.4674 10.3408
    endloop
  endfacet
  facet normal -0.270831 0.706518 -0.653822
    outer loop
      vertex 0.744101 3.4674 10.5451
      vertex 0.664968 3.28502 10.3808
      vertex 0.566421 3.4674 10.6187
    endloop
  endfacet
  facet normal -0.32413 0.531629 -0.782502
    outer loop
      vertex 0.664856 3.88745 10.9001
      vertex 0.813874 3.66906 10.69
      vertex 0.619534 3.66906 10.7705
    endloop
  endfacet
  facet normal -0.490371 0.531452 -0.690721
    outer loop
      vertex 1.07099 3.88745 10.7045
      vertex 1.25509 3.88745 10.5738
      vertex 0.99798 3.66906 10.5883
    endloop
  endfacet
  facet normal -0.378248 0.622947 -0.684738
    outer loop
      vertex 0.99798 3.66906 10.5883
      vertex 0.912422 3.4674 10.4521
      vertex 0.813874 3.66906 10.69
    endloop
  endfacet
  facet normal -0.142235 0.531212 -0.835214
    outer loop
      vertex 0.447937 3.88745 10.9625
      vertex 0.417402 3.66906 10.8288
      vertex 0.225386 3.88745 11.0004
    endloop
  endfacet
  facet normal -0.047279 0.531535 -0.845716
    outer loop
      vertex 0.225386 3.88745 11.0004
      vertex 0.210021 3.66906 10.864
      vertex 0 3.88745 11.013
    endloop
  endfacet
  facet normal -0.0546833 0.222066 -0.973497
    outer loop
      vertex 0.25388 4.61474 11.2532
      vertex 0.247454 4.36328 11.1962
      vertex 0 4.36328 11.2101
    endloop
  endfacet
  facet normal 0.0548307 0.222208 -0.973456
    outer loop
      vertex 0 4.61474 11.2675
      vertex 0 4.36328 11.2101
      vertex -0.25388 4.61474 11.2532
    endloop
  endfacet
  facet normal 0.835118 0.53146 0.141871
    outer loop
      vertex -1.86399 3.66906 8.78998
      vertex -1.82876 3.66906 8.5826
      vertex -2.00036 3.88745 8.77461
    endloop
  endfacet
  facet normal 0.697664 0.706553 0.118522
    outer loop
      vertex -1.49417 3.28502 8.65896
      vertex -1.67198 3.4674 8.61838
      vertex -1.70419 3.4674 8.80798
    endloop
  endfacet
  facet normal 0.577158 0.706579 -0.409433
    outer loop
      vertex -1.34082 3.4674 10.0693
      vertex -1.19823 3.28502 9.95556
      vertex -1.45211 3.4674 9.91242
    endloop
  endfacet
  facet normal 0.527623 0.706585 -0.471542
    outer loop
      vertex -1.08371 3.28502 10.0837
      vertex -1.19823 3.28502 9.95556
      vertex -1.34082 3.4674 10.0693
    endloop
  endfacet
  facet normal 0.166159 0.974855 -0.148488
    outer loop
      vertex -0.45023 2.78989 9.45023
      vertex -0.272423 2.7325 9.27242
      vertex -0.497808 2.78989 9.39699
    endloop
  endfacet
  facet normal 0.508979 0.781361 -0.361131
    outer loop
      vertex -1.04057 3.12421 9.82983
      vertex -1.12694 3.12421 9.7081
      vertex -1.19823 3.28502 9.95556
    endloop
  endfacet
  facet normal 0.706555 0.706544 -0.0396923
    outer loop
      vertex -1.52296 3.28502 9.1716
      vertex -1.5326 3.28502 9
      vertex -1.70419 3.4674 9.19202
    endloop
  endfacet
  facet normal 0.845754 0.531458 -0.0474679
    outer loop
      vertex -2.00036 3.88745 9.22539
      vertex -1.86399 3.66906 9.21002
      vertex -2.01301 3.88745 9
    endloop
  endfacet
  facet normal 0.511814 0.846346 0.147465
    outer loop
      vertex -1.08466 2.98699 8.75243
      vertex -1.05012 2.98699 8.63255
      vertex -1.29757 3.12421 8.70384
    endloop
  endfacet
  facet normal 0.305579 0.943716 0.126574
    outer loop
      vertex -0.60099 2.78989 8.7897
      vertex -0.793007 2.87508 8.61811
      vertex -0.830779 2.87508 8.7093
    endloop
  endfacet
  facet normal 0.583344 0.622854 -0.521308
    outer loop
      vertex -1.32638 3.66906 10.3264
      vertex -1.21267 3.4674 10.2127
      vertex -1.34082 3.4674 10.0693
    endloop
  endfacet
  facet normal 0.401373 0.900704 -0.166232
    outer loop
      vertex -1.00238 2.98699 9.48272
      vertex -0.793007 2.87508 9.38189
      vertex -1.05012 2.98699 9.36745
    endloop
  endfacet
  facet normal 0.735077 0.433366 -0.521398
    outer loop
      vertex -1.66133 4.11983 10.3249
      vertex -1.57384 3.88745 10.2551
      vertex -1.79922 4.11983 10.1305
    endloop
  endfacet
  facet normal 0.741401 0.531447 -0.409742
    outer loop
      vertex -1.58828 3.66906 9.99798
      vertex -1.69003 3.66906 9.81387
      vertex -1.70447 3.88745 10.071
    endloop
  endfacet
  facet normal 0.832617 0.433348 -0.344904
    outer loop
      vertex -1.81366 3.88745 9.87341
      vertex -1.90005 3.88745 9.66486
      vertex -1.91449 4.11983 9.92197
    endloop
  endfacet
  facet normal 0.690846 0.531451 -0.490196
    outer loop
      vertex -1.57384 3.88745 10.2551
      vertex -1.58828 3.66906 9.99798
      vertex -1.70447 3.88745 10.071
    endloop
  endfacet
  facet normal 0.0124821 0.974855 -0.222488
    outer loop
      vertex 0 2.78989 9.63672
      vertex 0 2.7325 9.38526
      vertex -0.0431356 2.7325 9.38284
    endloop
  endfacet
  facet normal 0.0727906 0.900728 -0.428241
    outer loop
      vertex -0.124566 2.98699 10.1056
      vertex -0.0985479 2.87508 9.87464
      vertex -0.195856 2.87508 9.8581
    endloop
  endfacet
  facet normal 0.257697 0.846293 -0.466242
    outer loop
      vertex -0.577475 3.12421 10.1991
      vertex -0.482718 2.98699 10.0024
      vertex -0.708104 3.12421 10.1269
    endloop
  endfacet
  facet normal 0.147699 0.846331 -0.51177
    outer loop
      vertex -0.296163 3.12421 10.2976
      vertex -0.247566 2.98699 10.0847
      vertex -0.367453 2.98699 10.0501
    endloop
  endfacet
  facet normal 0.409521 0.706566 -0.577111
    outer loop
      vertex -0.912422 3.4674 10.4521
      vertex -0.955558 3.28502 10.1982
      vertex -1.06927 3.4674 10.3408
    endloop
  endfacet
  facet normal 0.301848 0.781433 -0.546123
    outer loop
      vertex -0.577475 3.12421 10.1991
      vertex -0.708104 3.12421 10.1269
      vertex -0.815391 3.28502 10.2977
    endloop
  endfacet
  facet normal 0.111969 0.993692 -0.00628626
    outer loop
      vertex -0.382841 2.7325 9.04314
      vertex -0.128151 2.70362 9.01444
      vertex -0.385263 2.7325 9
    endloop
  endfacet
  facet normal 0.0554251 0.943717 -0.326077
    outer loop
      vertex -0.0985479 2.87508 9.87464
      vertex -0.07129 2.78989 9.63272
      vertex -0.195856 2.87508 9.8581
    endloop
  endfacet
  facet normal -0.166152 0.974854 -0.1485
    outer loop
      vertex 0.497808 2.78989 9.39699
      vertex 0.301211 2.7325 9.24021
      vertex 0.272423 2.7325 9.27242
    endloop
  endfacet
  facet normal -0.222489 0.974855 0.0124912
    outer loop
      vertex 0.385263 2.7325 9
      vertex 0.636722 2.78989 9
      vertex 0.382841 2.7325 8.95686
    endloop
  endfacet
  facet normal -0.219693 0.974855 -0.0373256
    outer loop
      vertex 0.632718 2.78989 9.07129
      vertex 0.382841 2.7325 9.04314
      vertex 0.375605 2.7325 9.08573
    endloop
  endfacet
  facet normal -0.511814 0.846346 -0.147465
    outer loop
      vertex 1.29757 3.12421 9.29616
      vertex 1.08466 2.98699 9.24757
      vertex 1.05012 2.98699 9.36745
    endloop
  endfacet
  facet normal -0.466167 0.846347 -0.257653
    outer loop
      vertex 1.12694 3.12421 9.7081
      vertex 1.19914 3.12421 9.57747
      vertex 1.00238 2.98699 9.48272
    endloop
  endfacet
  facet normal 0.354919 0.846357 -0.39713
    outer loop
      vertex -0.693666 2.98699 9.86983
      vertex -0.786694 2.98699 9.78669
      vertex -0.941119 3.12421 9.94112
    endloop
  endfacet
  facet normal -0.0124821 0.974855 0.222488
    outer loop
      vertex 0.0431356 2.7325 8.61716
      vertex 0 2.78989 8.36328
      vertex 0 2.7325 8.61474
    endloop
  endfacet
  facet normal 0.14849 0.974855 -0.166157
    outer loop
      vertex -0.396989 2.78989 9.49781
      vertex -0.272423 2.7325 9.27242
      vertex -0.45023 2.78989 9.45023
    endloop
  endfacet
  facet normal 0.107759 0.993692 0.031063
    outer loop
      vertex -0.125729 2.70362 8.9713
      vertex -0.121725 2.70362 8.95741
      vertex -0.375605 2.7325 8.91427
    endloop
  endfacet
  facet normal 0.344937 0.433247 -0.832656
    outer loop
      vertex -0.701818 4.11983 11.0057
      vertex -0.664856 3.88745 10.9001
      vertex -0.921969 4.11983 10.9145
    endloop
  endfacet
  facet normal 0.234221 0.531218 -0.814216
    outer loop
      vertex -0.447937 3.88745 10.9625
      vertex -0.417402 3.66906 10.8288
      vertex -0.664856 3.88745 10.9001
    endloop
  endfacet
  facet normal 0.275129 0.11158 -0.95491
    outer loop
      vertex -0.504566 4.61474 11.2107
      vertex -0.748908 4.61474 11.1403
      vertex -0.758447 4.87104 11.1675
    endloop
  endfacet
  facet normal 0.380598 0.111587 -0.917983
    outer loop
      vertex -0.758447 4.87104 11.1675
      vertex -0.748908 4.61474 11.1403
      vertex -0.983832 4.61474 11.0429
    endloop
  endfacet
  facet normal -0.056306 0 -0.998414
    outer loop
      vertex 0 4.87104 11.2964
      vertex 0.257113 5 11.2819
      vertex 0.257113 4.87104 11.2819
    endloop
  endfacet
  facet normal -0.056306 0 -0.998414
    outer loop
      vertex 0.257113 5 11.2819
      vertex 0 4.87104 11.2964
      vertex 0 5 11.2964
    endloop
  endfacet
  facet normal 0.703881 0.329947 -0.629036
    outer loop
      vertex -1.56278 4.36328 10.5628
      vertex -1.50255 4.11983 10.5025
      vertex -1.72793 4.36328 10.378
    endloop
  endfacet
  facet normal 0.869766 0.111666 -0.480663
    outer loop
      vertex -1.9444 4.87104 10.2217
      vertex -1.91995 4.61474 10.2064
      vertex -2.04295 4.61474 9.98383
    endloop
  endfacet
  facet normal 0.726989 0.222246 -0.649687
    outer loop
      vertex -1.56278 4.36328 10.5628
      vertex -1.72793 4.36328 10.378
      vertex -1.77281 4.61474 10.4138
    endloop
  endfacet
  facet normal 0.826204 0.32981 -0.456742
    outer loop
      vertex -1.87135 4.36328 10.1758
      vertex -1.91449 4.11983 9.92197
      vertex -1.99124 4.36328 9.95893
    endloop
  endfacet
  facet normal 0.872178 0.32982 -0.361281
    outer loop
      vertex -1.99124 4.36328 9.95893
      vertex -2.00568 4.11983 9.70182
      vertex -2.08609 4.36328 9.72995
    endloop
  endfacet
  facet normal 0.869689 0.111796 -0.480772
    outer loop
      vertex -1.9444 4.87104 10.2217
      vertex -2.04295 4.61474 9.98383
      vertex -2.06897 4.87104 9.99636
    endloop
  endfacet
  facet normal 0.810496 0.111643 -0.575006
    outer loop
      vertex -1.77281 4.61474 10.4138
      vertex -1.91995 4.61474 10.2064
      vertex -1.9444 4.87104 10.2217
    endloop
  endfacet
  facet normal 0.835131 0.531426 -0.141922
    outer loop
      vertex -1.96254 3.88745 9.44794
      vertex -1.82876 3.66906 9.4174
      vertex -2.00036 3.88745 9.22539
    endloop
  endfacet
  facet normal 0.899827 0.433314 -0.0505027
    outer loop
      vertex -2.00036 3.88745 9.22539
      vertex -2.01301 3.88745 9
      vertex -2.11156 4.11983 9.23792
    endloop
  endfacet
  facet normal 0.649577 0.222254 -0.727085
    outer loop
      vertex -1.41376 4.61474 10.7728
      vertex -1.37798 4.36328 10.7279
      vertex -1.56278 4.36328 10.5628
    endloop
  endfacet
  facet normal 0.628927 0.329964 -0.703971
    outer loop
      vertex -1.37798 4.36328 10.7279
      vertex -1.50255 4.11983 10.5025
      vertex -1.56278 4.36328 10.5628
    endloop
  endfacet
  facet normal 0.361451 0.329792 -0.872118
    outer loop
      vertex -0.729953 4.36328 11.0861
      vertex -0.701818 4.11983 11.0057
      vertex -0.95893 4.36328 10.9912
    endloop
  endfacet
  facet normal 0.373304 0.222155 -0.900717
    outer loop
      vertex -0.729953 4.36328 11.0861
      vertex -0.95893 4.36328 10.9912
      vertex -0.983832 4.61474 11.0429
    endloop
  endfacet
  facet normal 0.141744 0.531543 -0.835087
    outer loop
      vertex -0.225386 3.88745 11.0004
      vertex -0.210021 3.66906 10.864
      vertex -0.417402 3.66906 10.8288
    endloop
  endfacet
  facet normal 0.0503047 0.43331 -0.89984
    outer loop
      vertex 0 3.88745 11.013
      vertex -0.225386 3.88745 11.0004
      vertex -0.237915 4.11983 11.1116
    endloop
  endfacet
  facet normal 0.378326 0.622904 -0.684734
    outer loop
      vertex -0.813874 3.66906 10.69
      vertex -0.744101 3.4674 10.5451
      vertex -0.912422 3.4674 10.4521
    endloop
  endfacet
  facet normal 0.344945 0.433256 -0.832648
    outer loop
      vertex -0.664856 3.88745 10.9001
      vertex -0.873413 3.88745 10.8137
      vertex -0.921969 4.11983 10.9145
    endloop
  endfacet
  facet normal -0.0439339 0.622844 -0.781111
    outer loop
      vertex 0 3.66906 10.8758
      vertex 0.192016 3.4674 10.7042
      vertex 0 3.4674 10.715
    endloop
  endfacet
  facet normal -0.141744 0.531543 -0.835087
    outer loop
      vertex 0.225386 3.88745 11.0004
      vertex 0.417402 3.66906 10.8288
      vertex 0.210021 3.66906 10.864
    endloop
  endfacet
  facet normal 0.361149 0.781365 0.508959
    outer loop
      vertex -0.708104 3.12421 7.87306
      vertex -0.815391 3.28502 7.70231
      vertex -0.955558 3.28502 7.80177
    endloop
  endfacet
  facet normal 0.409527 0.706539 0.577139
    outer loop
      vertex -0.815391 3.28502 7.70231
      vertex -0.912422 3.4674 7.54789
      vertex -0.955558 3.28502 7.80177
    endloop
  endfacet
  facet normal 0.546202 0.781362 0.301889
    outer loop
      vertex -1.19914 3.12421 8.42252
      vertex -1.12694 3.12421 8.29189
      vertex -1.29769 3.28502 8.18461
    endloop
  endfacet
  facet normal 0.415842 0.78136 0.46535
    outer loop
      vertex -0.941119 3.12421 8.05888
      vertex -0.829829 3.12421 7.95943
      vertex -0.955558 3.28502 7.80177
    endloop
  endfacet
  facet normal 0.07473 0.993692 0.0836203
    outer loop
      vertex -0.0804062 2.70362 8.89917
      vertex -0.240208 2.7325 8.69879
      vertex -0.272423 2.7325 8.72758
    endloop
  endfacet
  facet normal 0.0124821 0.974855 0.222488
    outer loop
      vertex 0 2.7325 8.61474
      vertex 0 2.78989 8.36328
      vertex -0.0431356 2.7325 8.61716
    endloop
  endfacet
  facet normal -0.103604 0.993692 0.0429228
    outer loop
      vertex 0.121725 2.70362 8.95741
      vertex 0.347111 2.7325 8.83284
      vertex 0.11619 2.70362 8.94405
    endloop
  endfacet
  facet normal -0.480768 0.112064 -0.869657
    outer loop
      vertex 0.996362 4.87104 11.069
      vertex 1.22175 4.87104 10.9444
      vertex 0.983832 4.61474 11.0429
    endloop
  endfacet
  facet normal -0.380598 0.111587 -0.917983
    outer loop
      vertex 0.758447 4.87104 11.1675
      vertex 0.983832 4.61474 11.0429
      vertex 0.748908 4.61474 11.1403
    endloop
  endfacet
  facet normal -0.15845 0.329989 -0.930592
    outer loop
      vertex 0.491796 4.36328 11.1547
      vertex 0.472839 4.11983 11.0716
      vertex 0.237915 4.11983 11.1116
    endloop
  endfacet
  facet normal -0.261081 0.329984 -0.907164
    outer loop
      vertex 0.491796 4.36328 11.1547
      vertex 0.701818 4.11983 11.0057
      vertex 0.472839 4.11983 11.0716
    endloop
  endfacet
  facet normal -0.162966 0.222346 -0.961251
    outer loop
      vertex 0.504566 4.61474 11.2107
      vertex 0.491796 4.36328 11.1547
      vertex 0.25388 4.61474 11.2532
    endloop
  endfacet
  facet normal -0.166102 0.111806 -0.97975
    outer loop
      vertex 0.257113 4.87104 11.2819
      vertex 0.504566 4.61474 11.2107
      vertex 0.25388 4.61474 11.2532
    endloop
  endfacet
  facet normal -0.745626 0 -0.666365
    outer loop
      vertex 1.79538 4.87104 10.4318
      vertex 1.62379 5 10.6238
      vertex 1.79538 5 10.4318
    endloop
  endfacet
  facet normal -0.745626 -0 -0.666365
    outer loop
      vertex 1.62379 5 10.6238
      vertex 1.79538 4.87104 10.4318
      vertex 1.62379 4.87104 10.6238
    endloop
  endfacet
  facet normal -0.740957 0.11174 -0.662191
    outer loop
      vertex 1.62379 4.87104 10.6238
      vertex 1.79538 4.87104 10.4318
      vertex 1.60337 4.61474 10.6034
    endloop
  endfacet
  facet normal -0.662175 0.111734 -0.740972
    outer loop
      vertex 1.62379 4.87104 10.6238
      vertex 1.60337 4.61474 10.6034
      vertex 1.43177 4.87104 10.7954
    endloop
  endfacet
  facet normal -0.577147 0.706547 0.409504
    outer loop
      vertex 1.45211 3.4674 8.08758
      vertex 1.34082 3.4674 7.93073
      vertex 1.19823 3.28502 8.04444
    endloop
  endfacet
  facet normal -0.52131 0.622886 0.583308
    outer loop
      vertex 1.32638 3.66906 7.67362
      vertex 1.16954 3.66906 7.53345
      vertex 1.06927 3.4674 7.65918
    endloop
  endfacet
  facet normal -0.492091 0.846351 0.203804
    outer loop
      vertex 1.05012 2.98699 8.63255
      vertex 1.19914 3.12421 8.42252
      vertex 1.00238 2.98699 8.51728
    endloop
  endfacet
  facet normal -0.289487 0.943716 0.15999
    outer loop
      vertex 0.793007 2.87508 8.61811
      vertex 0.745262 2.87508 8.53172
      vertex 0.539127 2.78989 8.66124
    endloop
  endfacet
  facet normal -0.527668 0.706544 0.471553
    outer loop
      vertex 1.34082 3.4674 7.93073
      vertex 1.21267 3.4674 7.78733
      vertex 1.08371 3.28502 7.91629
    endloop
  endfacet
  facet normal -0.583335 0.62287 0.5213
    outer loop
      vertex 1.34082 3.4674 7.93073
      vertex 1.32638 3.66906 7.67362
      vertex 1.21267 3.4674 7.78733
    endloop
  endfacet
  facet normal -0.600524 0.433335 0.672006
    outer loop
      vertex 1.50255 4.11983 7.49745
      vertex 1.32487 4.11983 7.33867
      vertex 1.25509 3.88745 7.42616
    endloop
  endfacet
  facet normal -0.521514 0.433332 0.735014
    outer loop
      vertex 1.25509 3.88745 7.42616
      vertex 1.32487 4.11983 7.33867
      vertex 1.13053 4.11983 7.20078
    endloop
  endfacet
  facet normal -0.826228 0.329781 -0.456718
    outer loop
      vertex 1.87135 4.36328 10.1758
      vertex 1.91449 4.11983 9.92197
      vertex 1.79922 4.11983 10.1305
    endloop
  endfacet
  facet normal -0.93071 0.329815 -0.158116
    outer loop
      vertex 2.1547 4.36328 9.4918
      vertex 2.11156 4.11983 9.23792
      vertex 2.07165 4.11983 9.47284
    endloop
  endfacet
  facet normal -0.703881 0.329947 -0.629036
    outer loop
      vertex 1.56278 4.36328 10.5628
      vertex 1.72793 4.36328 10.378
      vertex 1.50255 4.11983 10.5025
    endloop
  endfacet
  facet normal -0.832617 0.433348 -0.344904
    outer loop
      vertex 1.91449 4.11983 9.92197
      vertex 1.90005 3.88745 9.66486
      vertex 1.81366 3.88745 9.87341
    endloop
  endfacet
  facet normal -0.869689 0.111796 -0.480772
    outer loop
      vertex 2.06897 4.87104 9.99636
      vertex 2.04295 4.61474 9.98383
      vertex 1.9444 4.87104 10.2217
    endloop
  endfacet
  facet normal -0.741401 0.531447 -0.409742
    outer loop
      vertex 1.70447 3.88745 10.071
      vertex 1.69003 3.66906 9.81387
      vertex 1.58828 3.66906 9.99798
    endloop
  endfacet
  facet normal -0.690846 0.531451 -0.490196
    outer loop
      vertex 1.70447 3.88745 10.071
      vertex 1.58828 3.66906 9.99798
      vertex 1.57384 3.88745 10.2551
    endloop
  endfacet
  facet normal -0.781092 0.622872 -0.0438857
    outer loop
      vertex 1.86399 3.66906 9.21002
      vertex 1.87579 3.66906 9
      vertex 1.70419 3.4674 9.19202
    endloop
  endfacet
  facet normal -0.866007 0.433351 -0.249478
    outer loop
      vertex 2.07165 4.11983 9.47284
      vertex 1.96254 3.88745 9.44794
      vertex 1.90005 3.88745 9.66486
    endloop
  endfacet
  facet normal -0.771273 0.622872 0.131027
    outer loop
      vertex 1.70419 3.4674 8.80798
      vertex 1.82876 3.66906 8.5826
      vertex 1.67198 3.4674 8.61838
    endloop
  endfacet
  facet normal -0.599682 0.781366 0.172769
    outer loop
      vertex 1.49417 3.28502 8.65896
      vertex 1.44659 3.28502 8.49381
      vertex 1.29757 3.12421 8.70384
    endloop
  endfacet
  facet normal -0.781092 0.622872 0.0438857
    outer loop
      vertex 1.87579 3.66906 9
      vertex 1.86399 3.66906 8.78998
      vertex 1.70419 3.4674 8.80798
    endloop
  endfacet
  facet normal -0.771275 0.622871 0.131025
    outer loop
      vertex 1.86399 3.66906 8.78998
      vertex 1.82876 3.66906 8.5826
      vertex 1.70419 3.4674 8.80798
    endloop
  endfacet
  facet normal -0.942557 0.329827 0.0529277
    outer loop
      vertex 2.12492 4.11983 9
      vertex 2.21011 4.36328 9
      vertex 2.11156 4.11983 8.76208
    endloop
  endfacet
  facet normal -0.942557 0.329827 -0.0529277
    outer loop
      vertex 2.21011 4.36328 9
      vertex 2.12492 4.11983 9
      vertex 2.11156 4.11983 9.23792
    endloop
  endfacet
  facet normal -0.492071 0.846358 0.203822
    outer loop
      vertex 1.25626 3.12421 8.56042
      vertex 1.19914 3.12421 8.42252
      vertex 1.05012 2.98699 8.63255
    endloop
  endfacet
  facet normal -0.576585 0.781352 0.238829
    outer loop
      vertex 1.25626 3.12421 8.56042
      vertex 1.38082 3.28502 8.33503
      vertex 1.19914 3.12421 8.42252
    endloop
  endfacet
  facet normal -0.722758 0.622888 0.299386
    outer loop
      vertex 1.61874 3.4674 8.43358
      vertex 1.69003 3.66906 8.18612
      vertex 1.54514 3.4674 8.2559
    endloop
  endfacet
  facet normal -0.619359 0.70655 0.342318
    outer loop
      vertex 1.54514 3.4674 8.2559
      vertex 1.45211 3.4674 8.08758
      vertex 1.38082 3.28502 8.33503
    endloop
  endfacet
  facet normal -0.741428 0.53141 0.409741
    outer loop
      vertex 1.81366 3.88745 8.12659
      vertex 1.70447 3.88745 7.92901
      vertex 1.69003 3.66906 8.18612
    endloop
  endfacet
  facet normal -0.782623 0.531412 0.324195
    outer loop
      vertex 1.90005 3.88745 8.33514
      vertex 1.81366 3.88745 8.12659
      vertex 1.69003 3.66906 8.18612
    endloop
  endfacet
  facet normal -0.456715 0.330027 -0.826132
    outer loop
      vertex 1.17585 4.36328 10.8714
      vertex 1.13053 4.11983 10.7992
      vertex 0.921969 4.11983 10.9145
    endloop
  endfacet
  facet normal -0.344945 0.433256 -0.832648
    outer loop
      vertex 0.921969 4.11983 10.9145
      vertex 0.873413 3.88745 10.8137
      vertex 0.664856 3.88745 10.9001
    endloop
  endfacet
  facet normal 0.270818 0.706553 0.653789
    outer loop
      vertex -0.664968 3.28502 7.61918
      vertex -0.566421 3.4674 7.38126
      vertex -0.744101 3.4674 7.45486
    endloop
  endfacet
  facet normal 0.342315 0.706553 0.619357
    outer loop
      vertex -0.664968 3.28502 7.61918
      vertex -0.744101 3.4674 7.45486
      vertex -0.912422 3.4674 7.54789
    endloop
  endfacet
  facet normal 0.471553 0.706544 0.527668
    outer loop
      vertex -1.08371 3.28502 7.91629
      vertex -1.06927 3.4674 7.65918
      vertex -1.21267 3.4674 7.78733
    endloop
  endfacet
  facet normal 0.471541 0.70655 0.527671
    outer loop
      vertex -0.955558 3.28502 7.80177
      vertex -1.06927 3.4674 7.65918
      vertex -1.08371 3.28502 7.91629
    endloop
  endfacet
  facet normal 0.465345 0.781359 0.415851
    outer loop
      vertex -0.941119 3.12421 8.05888
      vertex -1.08371 3.28502 7.91629
      vertex -1.19823 3.28502 8.04444
    endloop
  endfacet
  facet normal 0.638026 0.622886 0.452699
    outer loop
      vertex -1.45211 3.4674 8.08758
      vertex -1.34082 3.4674 7.93073
      vertex -1.46655 3.66906 7.83046
    endloop
  endfacet
  facet normal 0.147456 0.846348 0.511812
    outer loop
      vertex -0.247566 2.98699 7.91534
      vertex -0.296163 3.12421 7.70243
      vertex -0.367453 2.98699 7.94988
    endloop
  endfacet
  facet normal 0.0892484 0.846355 0.525088
    outer loop
      vertex -0.124566 2.98699 7.89444
      vertex -0.149018 3.12421 7.67742
      vertex -0.296163 3.12421 7.70243
    endloop
  endfacet
  facet normal 0.147418 0.846358 0.511807
    outer loop
      vertex -0.367453 2.98699 7.94988
      vertex -0.296163 3.12421 7.70243
      vertex -0.439583 3.12421 7.74374
    endloop
  endfacet
  facet normal 0.203833 0.846358 0.492067
    outer loop
      vertex -0.367453 2.98699 7.94988
      vertex -0.439583 3.12421 7.74374
      vertex -0.577475 3.12421 7.80086
    endloop
  endfacet
  facet normal 0.276834 0 0.960918
    outer loop
      vertex -0.758447 5 6.83248
      vertex -0.510992 4.87104 6.76119
      vertex -0.510992 5 6.76119
    endloop
  endfacet
  facet normal 0.276834 0 0.960918
    outer loop
      vertex -0.510992 4.87104 6.76119
      vertex -0.758447 5 6.83248
      vertex -0.758447 4.87104 6.83248
    endloop
  endfacet
  facet normal 0.163298 0.222213 0.961226
    outer loop
      vertex -0.247454 4.36328 6.80379
      vertex -0.25388 4.61474 6.74675
      vertex -0.491796 4.36328 6.8453
    endloop
  endfacet
  facet normal 0.158114 0.329813 0.930711
    outer loop
      vertex -0.237915 4.11983 6.88844
      vertex -0.247454 4.36328 6.80379
      vertex -0.491796 4.36328 6.8453
    endloop
  endfacet
  facet normal -0.128945 0.974856 0.18174
    outer loop
      vertex 0.240208 2.7325 8.69879
      vertex 0.338756 2.78989 8.46087
      vertex 0.204972 2.7325 8.67379
    endloop
  endfacet
  facet normal -0.14849 0.974855 0.166157
    outer loop
      vertex 0.45023 2.78989 8.54977
      vertex 0.396989 2.78989 8.50219
      vertex 0.272423 2.7325 8.72758
    endloop
  endfacet
  facet normal -0.888495 0.433351 0.150944
    outer loop
      vertex 2.11156 4.11983 8.76208
      vertex 2.07165 4.11983 8.52716
      vertex 1.96254 3.88745 8.55206
    endloop
  endfacet
  facet normal -0.866007 0.433351 0.249478
    outer loop
      vertex 1.96254 3.88745 8.55206
      vertex 2.07165 4.11983 8.52716
      vertex 1.90005 3.88745 8.33514
    endloop
  endfacet
  facet normal -0.373123 0.222175 0.900787
    outer loop
      vertex 0.983832 4.61474 6.95705
      vertex 0.748908 4.61474 6.85974
      vertex 0.729953 4.36328 6.91391
    endloop
  endfacet
  facet normal -0.26991 0.222175 0.936903
    outer loop
      vertex 0.729953 4.36328 6.91391
      vertex 0.748908 4.61474 6.85974
      vertex 0.491796 4.36328 6.8453
    endloop
  endfacet
  facet normal -0.954896 0.111802 0.275089
    outer loop
      vertex 2.21065 4.61474 8.49543
      vertex 2.16752 4.87104 8.24155
      vertex 2.14026 4.61474 8.25109
    endloop
  endfacet
  facet normal -0.954894 0.111806 0.275093
    outer loop
      vertex 2.21065 4.61474 8.49543
      vertex 2.23881 4.87104 8.48901
      vertex 2.16752 4.87104 8.24155
    endloop
  endfacet
  facet normal -0.973475 0.222173 0.0546401
    outer loop
      vertex 2.2675 4.61474 9
      vertex 2.25325 4.61474 8.74612
      vertex 2.21011 4.36328 9
    endloop
  endfacet
  facet normal -0.973463 0.222214 0.0546823
    outer loop
      vertex 2.21011 4.36328 9
      vertex 2.25325 4.61474 8.74612
      vertex 2.19621 4.36328 8.75255
    endloop
  endfacet
  facet normal -0.795167 0.222222 0.564205
    outer loop
      vertex 1.87135 4.36328 7.82415
      vertex 1.77281 4.61474 7.58623
      vertex 1.72793 4.36328 7.62202
    endloop
  endfacet
  facet normal -0.795195 0.222186 0.564179
    outer loop
      vertex 1.87135 4.36328 7.82415
      vertex 1.91995 4.61474 7.79362
      vertex 1.77281 4.61474 7.58623
    endloop
  endfacet
  facet normal -0.745661 0 0.666326
    outer loop
      vertex 1.62379 4.87104 7.37621
      vertex 1.79538 5 7.56823
      vertex 1.62379 5 7.37621
    endloop
  endfacet
  facet normal -0.745661 0 0.666326
    outer loop
      vertex 1.79538 5 7.56823
      vertex 1.62379 4.87104 7.37621
      vertex 1.79538 4.87104 7.56823
    endloop
  endfacet
  facet normal -0.0529456 0.329812 0.942561
    outer loop
      vertex 0.237915 4.11983 6.88844
      vertex 0.247454 4.36328 6.80379
      vertex 0 4.36328 6.78989
    endloop
  endfacet
  facet normal -0.158114 0.329813 0.930711
    outer loop
      vertex 0.491796 4.36328 6.8453
      vertex 0.247454 4.36328 6.80379
      vertex 0.237915 4.11983 6.88844
    endloop
  endfacet
  facet normal -0.163345 0.222169 0.961228
    outer loop
      vertex 0.491796 4.36328 6.8453
      vertex 0.504566 4.61474 6.78935
      vertex 0.25388 4.61474 6.74675
    endloop
  endfacet
  facet normal -0.166482 0.111766 0.97969
    outer loop
      vertex 0.504566 4.61474 6.78935
      vertex 0.257113 4.87104 6.71806
      vertex 0.25388 4.61474 6.74675
    endloop
  endfacet
  facet normal 0.234498 0.531424 0.814002
    outer loop
      vertex -0.417402 3.66906 7.17124
      vertex -0.447937 3.88745 7.03746
      vertex -0.664856 3.88745 7.09995
    endloop
  endfacet
  facet normal 0.0505036 0.433314 0.899827
    outer loop
      vertex -0.225386 3.88745 6.99964
      vertex 0 3.88745 6.98699
      vertex -0.237915 4.11983 6.88844
    endloop
  endfacet
  facet normal -0.0396932 0.706544 0.706555
    outer loop
      vertex 0.171596 3.28502 7.47704
      vertex 0.192016 3.4674 7.29581
      vertex 0 3.28502 7.4674
    endloop
  endfacet
  facet normal -0.118544 0.706544 0.69767
    outer loop
      vertex 0.341035 3.28502 7.50583
      vertex 0.192016 3.4674 7.29581
      vertex 0.171596 3.28502 7.47704
    endloop
  endfacet
  facet normal 0.0438922 0.622869 0.781094
    outer loop
      vertex 0 3.4674 7.28502
      vertex 0 3.66906 7.12421
      vertex -0.192016 3.4674 7.29581
    endloop
  endfacet
  facet normal -0.0438922 0.622869 0.781094
    outer loop
      vertex 0.192016 3.4674 7.29581
      vertex 0 3.66906 7.12421
      vertex 0 3.4674 7.28502
    endloop
  endfacet
  facet normal -0.324179 0.531424 0.782622
    outer loop
      vertex 0.813874 3.66906 7.30997
      vertex 0.664856 3.88745 7.09995
      vertex 0.619534 3.66906 7.22947
    endloop
  endfacet
  facet normal -0.299386 0.622879 0.722765
    outer loop
      vertex 0.813874 3.66906 7.30997
      vertex 0.619534 3.66906 7.22947
      vertex 0.566421 3.4674 7.38126
    endloop
  endfacet
  facet normal 0.0243404 0.900699 0.433761
    outer loop
      vertex -0.0985479 2.87508 8.12536
      vertex 0 2.87508 8.11983
      vertex -0.124566 2.98699 7.89444
    endloop
  endfacet
  facet normal 0.018531 0.943717 0.330234
    outer loop
      vertex -0.07129 2.78989 8.36728
      vertex 0 2.87508 8.11983
      vertex -0.0985479 2.87508 8.12536
    endloop
  endfacet
  facet normal -0.126567 0.943718 0.305577
    outer loop
      vertex 0.381892 2.87508 8.20699
      vertex 0.290702 2.87508 8.16922
      vertex 0.210296 2.78989 8.39901
    endloop
  endfacet
  facet normal -0.0915496 0.943718 0.31783
    outer loop
      vertex 0.210296 2.78989 8.39901
      vertex 0.290702 2.87508 8.16922
      vertex 0.195856 2.87508 8.1419
    endloop
  endfacet
  facet normal -0.0124836 0.974855 0.222489
    outer loop
      vertex 0.0431356 2.7325 8.61716
      vertex 0.07129 2.78989 8.36728
      vertex 0 2.78989 8.36328
    endloop
  endfacet
  facet normal 0.159995 0.943717 0.289482
    outer loop
      vertex -0.338756 2.78989 8.46087
      vertex -0.276262 2.78989 8.42633
      vertex -0.381892 2.87508 8.20699
    endloop
  endfacet
  facet normal -0.00628145 0.993692 0.11197
    outer loop
      vertex 0.0144386 2.70362 8.87185
      vertex 0 2.7325 8.61474
      vertex 0 2.70362 8.87104
    endloop
  endfacet
  facet normal -0.0554027 0.943714 0.326088
    outer loop
      vertex 0.141684 2.78989 8.37924
      vertex 0.195856 2.87508 8.1419
      vertex 0.07129 2.78989 8.36728
    endloop
  endfacet
  facet normal -0.401373 0.900704 0.166232
    outer loop
      vertex 1.05012 2.98699 8.63255
      vertex 1.00238 2.98699 8.51728
      vertex 0.793007 2.87508 8.61811
    endloop
  endfacet
  facet normal -0.380215 0.900704 0.210165
    outer loop
      vertex 1.00238 2.98699 8.51728
      vertex 0.942025 2.98699 8.40809
      vertex 0.793007 2.87508 8.61811
    endloop
  endfacet
  facet normal -0.354906 0.846349 0.397159
    outer loop
      vertex 0.941119 3.12421 8.05888
      vertex 0.829829 3.12421 7.95943
      vertex 0.693666 2.98699 8.13017
    endloop
  endfacet
  facet normal -0.1914 0.943718 0.269743
    outer loop
      vertex 0.396989 2.78989 8.50219
      vertex 0.548778 2.87508 8.31185
      vertex 0.338756 2.78989 8.46087
    endloop
  endfacet
  facet normal -0.397126 0.846357 0.354924
    outer loop
      vertex 0.869829 2.98699 8.30633
      vertex 0.941119 3.12421 8.05888
      vertex 0.786694 2.98699 8.21331
    endloop
  endfacet
  facet normal -0.397159 0.846347 0.354909
    outer loop
      vertex 1.04057 3.12421 8.17017
      vertex 0.941119 3.12421 8.05888
      vertex 0.869829 2.98699 8.30633
    endloop
  endfacet
  facet normal -0.342297 0.706539 0.619383
    outer loop
      vertex 0.815391 3.28502 7.70231
      vertex 0.912422 3.4674 7.54789
      vertex 0.664968 3.28502 7.61918
    endloop
  endfacet
  facet normal -0.409527 0.706539 0.577139
    outer loop
      vertex 0.955558 3.28502 7.80177
      vertex 0.912422 3.4674 7.54789
      vertex 0.815391 3.28502 7.70231
    endloop
  endfacet
  facet normal -0.203833 0.846358 0.492067
    outer loop
      vertex 0.577475 3.12421 7.80086
      vertex 0.439583 3.12421 7.74374
      vertex 0.367453 2.98699 7.94988
    endloop
  endfacet
  facet normal -0.172771 0.781362 0.599686
    outer loop
      vertex 0.506185 3.28502 7.55341
      vertex 0.341035 3.28502 7.50583
      vertex 0.296163 3.12421 7.70243
    endloop
  endfacet
  facet normal 0.97969 0.111764 0.16648
    outer loop
      vertex -2.25325 4.61474 8.74612
      vertex -2.21065 4.61474 8.49543
      vertex -2.28194 4.87104 8.74289
    endloop
  endfacet
  facet normal 0.961228 0.222169 0.163343
    outer loop
      vertex -2.1547 4.36328 8.5082
      vertex -2.21065 4.61474 8.49543
      vertex -2.25325 4.61474 8.74612
    endloop
  endfacet
  facet normal 0.954894 0.111806 0.275093
    outer loop
      vertex -2.21065 4.61474 8.49543
      vertex -2.16752 4.87104 8.24155
      vertex -2.23881 4.87104 8.48901
    endloop
  endfacet
  facet normal 0.960919 -0 0.276828
    outer loop
      vertex -2.23881 4.87104 8.48901
      vertex -2.16752 5 8.24155
      vertex -2.23881 5 8.48901
    endloop
  endfacet
  facet normal 0.960919 0 0.276828
    outer loop
      vertex -2.16752 5 8.24155
      vertex -2.23881 4.87104 8.48901
      vertex -2.16752 4.87104 8.24155
    endloop
  endfacet
  facet normal 0.979693 0.111809 -0.166434
    outer loop
      vertex -2.23881 4.87104 9.51099
      vertex -2.21065 4.61474 9.50457
      vertex -2.28194 4.87104 9.25711
    endloop
  endfacet
  facet normal 0.954894 0.111806 -0.275093
    outer loop
      vertex -2.16752 4.87104 9.75845
      vertex -2.21065 4.61474 9.50457
      vertex -2.23881 4.87104 9.51099
    endloop
  endfacet
  facet normal 0.992173 0.111765 -0.0556896
    outer loop
      vertex -2.25325 4.61474 9.25388
      vertex -2.2675 4.61474 9
      vertex -2.28194 4.87104 9.25711
    endloop
  endfacet
  facet normal 0.835131 0.531426 0.141922
    outer loop
      vertex -1.82876 3.66906 8.5826
      vertex -1.96254 3.88745 8.55206
      vertex -2.00036 3.88745 8.77461
    endloop
  endfacet
  facet normal 0.9369 0.22218 0.269917
    outer loop
      vertex -2.08609 4.36328 8.27005
      vertex -2.14026 4.61474 8.25109
      vertex -2.1547 4.36328 8.5082
    endloop
  endfacet
  facet normal 0.918083 0.111802 0.380294
    outer loop
      vertex -2.14026 4.61474 8.25109
      vertex -2.04295 4.61474 8.01617
      vertex -2.16752 4.87104 8.24155
    endloop
  endfacet
  facet normal 0.741399 0.531434 0.409763
    outer loop
      vertex -1.69003 3.66906 8.18612
      vertex -1.58828 3.66906 8.00202
      vertex -1.70447 3.88745 7.92901
    endloop
  endfacet
  facet normal 0.684692 0.622891 0.378422
    outer loop
      vertex -1.45211 3.4674 8.08758
      vertex -1.58828 3.66906 8.00202
      vertex -1.69003 3.66906 8.18612
    endloop
  endfacet
  facet normal 0.576582 0.781353 0.238832
    outer loop
      vertex -1.25626 3.12421 8.56042
      vertex -1.38082 3.28502 8.33503
      vertex -1.44659 3.28502 8.49381
    endloop
  endfacet
  facet normal 0.615255 0.781366 0.10454
    outer loop
      vertex -1.32257 3.12421 8.85098
      vertex -1.49417 3.28502 8.65896
      vertex -1.52296 3.28502 8.8284
    endloop
  endfacet
  facet normal 0.751747 0.622877 0.216565
    outer loop
      vertex -1.61874 3.4674 8.43358
      vertex -1.77053 3.66906 8.38047
      vertex -1.82876 3.66906 8.5826
    endloop
  endfacet
  facet normal 0.722758 0.622888 0.299386
    outer loop
      vertex -1.61874 3.4674 8.43358
      vertex -1.54514 3.4674 8.2559
      vertex -1.69003 3.66906 8.18612
    endloop
  endfacet
  facet normal 0.814 0.531428 0.234496
    outer loop
      vertex -1.82876 3.66906 8.5826
      vertex -1.90005 3.88745 8.33514
      vertex -1.96254 3.88745 8.55206
    endloop
  endfacet
  facet normal 0.888495 0.433351 -0.150944
    outer loop
      vertex -2.07165 4.11983 9.47284
      vertex -1.96254 3.88745 9.44794
      vertex -2.11156 4.11983 9.23792
    endloop
  endfacet
  facet normal 0.697669 0.706543 -0.11855
    outer loop
      vertex -1.49417 3.28502 9.34103
      vertex -1.52296 3.28502 9.1716
      vertex -1.70419 3.4674 9.19202
    endloop
  endfacet
  facet normal 0.907147 0.329816 0.261353
    outer loop
      vertex -2.07165 4.11983 8.52716
      vertex -2.00568 4.11983 8.29818
      vertex -2.1547 4.36328 8.5082
    endloop
  endfacet
  facet normal 0.942557 0.329827 -0.0529277
    outer loop
      vertex -2.11156 4.11983 9.23792
      vertex -2.12492 4.11983 9
      vertex -2.21011 4.36328 9
    endloop
  endfacet
  facet normal 0.899827 0.433314 0.0505027
    outer loop
      vertex -2.01301 3.88745 9
      vertex -2.00036 3.88745 8.77461
      vertex -2.11156 4.11983 8.76208
    endloop
  endfacet
  facet normal 0.546226 0.781352 0.301873
    outer loop
      vertex -1.19914 3.12421 8.42252
      vertex -1.29769 3.28502 8.18461
      vertex -1.38082 3.28502 8.33503
    endloop
  endfacet
  facet normal 0.417459 0.9007 0.120279
    outer loop
      vertex -0.858104 2.87508 8.80414
      vertex -1.05012 2.98699 8.63255
      vertex -1.08466 2.98699 8.75243
    endloop
  endfacet
  facet normal 0.308221 0.846348 0.434389
    outer loop
      vertex -0.693666 2.98699 8.13017
      vertex -0.708104 3.12421 7.87306
      vertex -0.829829 3.12421 7.95943
    endloop
  endfacet
  facet normal 0.308225 0.846347 0.434388
    outer loop
      vertex -0.693666 2.98699 8.13017
      vertex -0.591913 2.98699 8.05797
      vertex -0.708104 3.12421 7.87306
    endloop
  endfacet
  facet normal 0.401372 0.9007 0.166253
    outer loop
      vertex -0.830779 2.87508 8.7093
      vertex -0.793007 2.87508 8.61811
      vertex -1.05012 2.98699 8.63255
    endloop
  endfacet
  facet normal 0.401373 0.900704 0.166232
    outer loop
      vertex -0.793007 2.87508 8.61811
      vertex -1.00238 2.98699 8.51728
      vertex -1.05012 2.98699 8.63255
    endloop
  endfacet
  facet normal 0.480768 0.112064 -0.869657
    outer loop
      vertex -0.996362 4.87104 11.069
      vertex -0.983832 4.61474 11.0429
      vertex -1.22175 4.87104 10.9444
    endloop
  endfacet
  facet normal 0.564409 0.222264 -0.79501
    outer loop
      vertex -1.17585 4.36328 10.8714
      vertex -1.37798 4.36328 10.7279
      vertex -1.41376 4.61474 10.7728
    endloop
  endfacet
  facet normal 0.574919 0.111955 -0.810515
    outer loop
      vertex -1.22175 4.87104 10.9444
      vertex -1.20638 4.61474 10.9199
      vertex -1.41376 4.61474 10.7728
    endloop
  endfacet
  facet normal 0.740987 0.111791 0.662149
    outer loop
      vertex -1.60337 4.61474 7.39663
      vertex -1.62379 4.87104 7.37621
      vertex -1.79538 4.87104 7.56823
    endloop
  endfacet
  facet normal 0.666326 0 0.745661
    outer loop
      vertex -1.62379 5 7.37621
      vertex -1.43177 4.87104 7.20462
      vertex -1.43177 5 7.20462
    endloop
  endfacet
  facet normal 0.666326 0 0.745661
    outer loop
      vertex -1.43177 4.87104 7.20462
      vertex -1.62379 5 7.37621
      vertex -1.62379 4.87104 7.37621
    endloop
  endfacet
  facet normal 0.575033 0.111798 0.810455
    outer loop
      vertex -1.20638 4.61474 7.08005
      vertex -1.22175 4.87104 7.0556
      vertex -1.41376 4.61474 7.22719
    endloop
  endfacet
  facet normal 0.853345 0.222188 0.471631
    outer loop
      vertex -1.87135 4.36328 7.82415
      vertex -1.91995 4.61474 7.79362
      vertex -2.04295 4.61474 8.01617
    endloop
  endfacet
  facet normal 0.480693 0.111796 0.869733
    outer loop
      vertex -1.20638 4.61474 7.08005
      vertex -0.983832 4.61474 6.95705
      vertex -1.22175 4.87104 7.0556
    endloop
  endfacet
  facet normal 0.629054 0.329805 0.703932
    outer loop
      vertex -1.32487 4.11983 7.33867
      vertex -1.37798 4.36328 7.27207
      vertex -1.50255 4.11983 7.49745
    endloop
  endfacet
  facet normal 0.918082 0.111797 0.380299
    outer loop
      vertex -2.04295 4.61474 8.01617
      vertex -2.06897 4.87104 8.00364
      vertex -2.16752 4.87104 8.24155
    endloop
  endfacet
  facet normal 0.875221 -0 0.483723
    outer loop
      vertex -2.06897 4.87104 8.00364
      vertex -1.9444 5 7.77825
      vertex -2.06897 5 8.00364
    endloop
  endfacet
  facet normal 0.875221 0 0.483723
    outer loop
      vertex -1.9444 5 7.77825
      vertex -2.06897 4.87104 8.00364
      vertex -1.9444 4.87104 7.77825
    endloop
  endfacet
  facet normal 0.869735 0.111796 0.480689
    outer loop
      vertex -1.91995 4.61474 7.79362
      vertex -1.9444 4.87104 7.77825
      vertex -2.04295 4.61474 8.01617
    endloop
  endfacet
  facet normal 0.735014 0.433332 0.521514
    outer loop
      vertex -1.57384 3.88745 7.74491
      vertex -1.66133 4.11983 7.67513
      vertex -1.79922 4.11983 7.86947
    endloop
  endfacet
  facet normal -0.0727653 0.900733 -0.428236
    outer loop
      vertex 0.247566 2.98699 10.0847
      vertex 0.195856 2.87508 9.8581
      vertex 0.124566 2.98699 10.1056
    endloop
  endfacet
  facet normal -0.0892278 0.846337 -0.525121
    outer loop
      vertex 0.296163 3.12421 10.2976
      vertex 0.247566 2.98699 10.0847
      vertex 0.124566 2.98699 10.1056
    endloop
  endfacet
  facet normal -0.409521 0.706566 -0.577111
    outer loop
      vertex 1.06927 3.4674 10.3408
      vertex 0.955558 3.28502 10.1982
      vertex 0.912422 3.4674 10.4521
    endloop
  endfacet
  facet normal -0.204043 0.846412 -0.491887
    outer loop
      vertex 0.439583 3.12421 10.2563
      vertex 0.577475 3.12421 10.1991
      vertex 0.367453 2.98699 10.0501
    endloop
  endfacet
  facet normal -0.220394 0.943718 -0.246622
    outer loop
      vertex 0.548778 2.87508 9.68815
      vertex 0.622375 2.87508 9.62238
      vertex 0.396989 2.78989 9.49781
    endloop
  endfacet
  facet normal -0.434401 0.846352 -0.308196
    outer loop
      vertex 1.12694 3.12421 9.7081
      vertex 0.942025 2.98699 9.59191
      vertex 0.869829 2.98699 9.69367
    endloop
  endfacet
  facet normal -0.434397 0.846347 -0.308214
    outer loop
      vertex 1.04057 3.12421 9.82983
      vertex 1.12694 3.12421 9.7081
      vertex 0.869829 2.98699 9.69367
    endloop
  endfacet
  facet normal -0.191384 0.943716 -0.269764
    outer loop
      vertex 0.468279 2.87508 9.74526
      vertex 0.548778 2.87508 9.68815
      vertex 0.338756 2.78989 9.53913
    endloop
  endfacet
  facet normal -0.160008 0.943716 -0.289479
    outer loop
      vertex 0.381892 2.87508 9.79301
      vertex 0.468279 2.87508 9.74526
      vertex 0.338756 2.78989 9.53913
    endloop
  endfacet
  facet normal -0.415971 0.78129 -0.465354
    outer loop
      vertex 0.955558 3.28502 10.1982
      vertex 0.941119 3.12421 9.94112
      vertex 0.829829 3.12421 10.0406
    endloop
  endfacet
  facet normal -0.415818 0.781346 -0.465397
    outer loop
      vertex 0.955558 3.28502 10.1982
      vertex 1.08371 3.28502 10.0837
      vertex 0.941119 3.12421 9.94112
    endloop
  endfacet
  facet normal -0.637969 0.622889 -0.452775
    outer loop
      vertex 1.46655 3.66906 10.1695
      vertex 1.58828 3.66906 9.99798
      vertex 1.45211 3.4674 9.91242
    endloop
  endfacet
  facet normal -0.63813 0.622788 -0.452687
    outer loop
      vertex 1.46655 3.66906 10.1695
      vertex 1.45211 3.4674 9.91242
      vertex 1.34082 3.4674 10.0693
    endloop
  endfacet
  facet normal -0.301848 0.781433 -0.546123
    outer loop
      vertex 0.815391 3.28502 10.2977
      vertex 0.708104 3.12421 10.1269
      vertex 0.577475 3.12421 10.1991
    endloop
  endfacet
  facet normal -0.257697 0.846293 -0.466242
    outer loop
      vertex 0.577475 3.12421 10.1991
      vertex 0.708104 3.12421 10.1269
      vertex 0.482718 2.98699 10.0024
    endloop
  endfacet
  facet normal -0.342245 0.706522 -0.619431
    outer loop
      vertex 0.744101 3.4674 10.5451
      vertex 0.912422 3.4674 10.4521
      vertex 0.664968 3.28502 10.3808
    endloop
  endfacet
  facet normal -0.104533 0.781362 -0.615261
    outer loop
      vertex 0.341035 3.28502 10.4942
      vertex 0.296163 3.12421 10.2976
      vertex 0.149018 3.12421 10.3226
    endloop
  endfacet
  facet normal -0.0892192 0.846335 -0.525126
    outer loop
      vertex 0.149018 3.12421 10.3226
      vertex 0.296163 3.12421 10.2976
      vertex 0.124566 2.98699 10.1056
    endloop
  endfacet
  facet normal -0.172838 0.78136 -0.599669
    outer loop
      vertex 0.341035 3.28502 10.4942
      vertex 0.506185 3.28502 10.4466
      vertex 0.296163 3.12421 10.2976
    endloop
  endfacet
  facet normal -0.511814 0.846346 0.147465
    outer loop
      vertex 1.08466 2.98699 8.75243
      vertex 1.29757 3.12421 8.70384
      vertex 1.05012 2.98699 8.63255
    endloop
  endfacet
  facet normal -0.525106 0.846347 0.0892253
    outer loop
      vertex 1.10556 2.98699 8.87543
      vertex 1.29757 3.12421 8.70384
      vertex 1.08466 2.98699 8.75243
    endloop
  endfacet
  facet normal -0.428299 0.900702 -0.0727682
    outer loop
      vertex 1.10556 2.98699 9.12457
      vertex 0.874637 2.87508 9.09855
      vertex 0.858104 2.87508 9.19586
    endloop
  endfacet
  facet normal -0.531797 0.846345 -0.0298694
    outer loop
      vertex 1.32257 3.12421 9.14902
      vertex 1.33094 3.12421 9
      vertex 1.10556 2.98699 9.12457
    endloop
  endfacet
  facet normal -0.214135 0.974854 -0.0616847
    outer loop
      vertex 0.60099 2.78989 9.2103
      vertex 0.620757 2.78989 9.14168
      vertex 0.375605 2.7325 9.08573
    endloop
  endfacet
  facet normal -0.52511 0.846345 -0.0892194
    outer loop
      vertex 1.29757 3.12421 9.29616
      vertex 1.32257 3.12421 9.14902
      vertex 1.10556 2.98699 9.12457
    endloop
  endfacet
  facet normal -0.466151 0.846352 -0.257666
    outer loop
      vertex 1.12694 3.12421 9.7081
      vertex 1.00238 2.98699 9.48272
      vertex 0.942025 2.98699 9.59191
    endloop
  endfacet
  facet normal -0.401373 0.900704 -0.166232
    outer loop
      vertex 1.00238 2.98699 9.48272
      vertex 1.05012 2.98699 9.36745
      vertex 0.793007 2.87508 9.38189
    endloop
  endfacet
  facet normal -0.781094 0.622869 0.0438913
    outer loop
      vertex 1.71498 3.4674 9
      vertex 1.87579 3.66906 9
      vertex 1.70419 3.4674 8.80798
    endloop
  endfacet
  facet normal -0.781094 0.622869 -0.0438913
    outer loop
      vertex 1.87579 3.66906 9
      vertex 1.71498 3.4674 9
      vertex 1.70419 3.4674 9.19202
    endloop
  endfacet
  facet normal -0.814 0.531428 -0.234496
    outer loop
      vertex 1.90005 3.88745 9.66486
      vertex 1.96254 3.88745 9.44794
      vertex 1.82876 3.66906 9.4174
    endloop
  endfacet
  facet normal -0.615261 0.781362 -0.104537
    outer loop
      vertex 1.49417 3.28502 9.34103
      vertex 1.32257 3.12421 9.14902
      vertex 1.29757 3.12421 9.29616
    endloop
  endfacet
  facet normal -0.619359 0.70655 -0.342318
    outer loop
      vertex 1.45211 3.4674 9.91242
      vertex 1.54514 3.4674 9.7441
      vertex 1.38082 3.28502 9.66497
    endloop
  endfacet
  facet normal -0.722767 0.622876 -0.299386
    outer loop
      vertex 1.69003 3.66906 9.81387
      vertex 1.77053 3.66906 9.61953
      vertex 1.61874 3.4674 9.56642
    endloop
  endfacet
  facet normal -0.576572 0.781358 -0.238841
    outer loop
      vertex 1.38082 3.28502 9.66497
      vertex 1.25626 3.12421 9.43958
      vertex 1.19914 3.12421 9.57747
    endloop
  endfacet
  facet normal -0.492067 0.846358 -0.203835
    outer loop
      vertex 1.19914 3.12421 9.57747
      vertex 1.25626 3.12421 9.43958
      vertex 1.05012 2.98699 9.36745
    endloop
  endfacet
  facet normal -0.62309 0.781366 -0.0350035
    outer loop
      vertex 1.52296 3.28502 9.1716
      vertex 1.5326 3.28502 9
      vertex 1.32257 3.12421 9.14902
    endloop
  endfacet
  facet normal -0.706555 0.706544 -0.0396923
    outer loop
      vertex 1.70419 3.4674 9.19202
      vertex 1.5326 3.28502 9
      vertex 1.52296 3.28502 9.1716
    endloop
  endfacet
  facet normal -0.600559 0.433357 -0.67196
    outer loop
      vertex 1.32487 4.11983 10.6613
      vertex 1.50255 4.11983 10.5025
      vertex 1.25509 3.88745 10.5738
    endloop
  endfacet
  facet normal -0.629098 0.329804 -0.703893
    outer loop
      vertex 1.37798 4.36328 10.7279
      vertex 1.50255 4.11983 10.5025
      vertex 1.32487 4.11983 10.6613
    endloop
  endfacet
  facet normal -0.299379 0.622901 -0.722749
    outer loop
      vertex 0.619534 3.66906 10.7705
      vertex 0.813874 3.66906 10.69
      vertex 0.566421 3.4674 10.6187
    endloop
  endfacet
  facet normal -0.234719 0.531644 -0.813795
    outer loop
      vertex 0.664856 3.88745 10.9001
      vertex 0.619534 3.66906 10.7705
      vertex 0.417402 3.66906 10.8288
    endloop
  endfacet
  facet normal 0.269928 0.222345 -0.936857
    outer loop
      vertex -0.504566 4.61474 11.2107
      vertex -0.491796 4.36328 11.1547
      vertex -0.748908 4.61474 11.1403
    endloop
  endfacet
  facet normal 0.0526911 0.329866 -0.942556
    outer loop
      vertex 0 4.36328 11.2101
      vertex 0 4.11983 11.1249
      vertex -0.237915 4.11983 11.1116
    endloop
  endfacet
  facet normal 0.845774 0.531421 0.0475199
    outer loop
      vertex -1.87579 3.66906 9
      vertex -1.86399 3.66906 8.78998
      vertex -2.01301 3.88745 9
    endloop
  endfacet
  facet normal 0.62309 0.781366 0.0350035
    outer loop
      vertex -1.32257 3.12421 8.85098
      vertex -1.52296 3.28502 8.8284
      vertex -1.5326 3.28502 9
    endloop
  endfacet
  facet normal 0.511807 0.846358 -0.147418
    outer loop
      vertex -1.25626 3.12421 9.43958
      vertex -1.05012 2.98699 9.36745
      vertex -1.29757 3.12421 9.29616
    endloop
  endfacet
  facet normal 0.492067 0.846358 -0.203835
    outer loop
      vertex -1.19914 3.12421 9.57747
      vertex -1.05012 2.98699 9.36745
      vertex -1.25626 3.12421 9.43958
    endloop
  endfacet
  facet normal 0.599687 0.781361 -0.172771
    outer loop
      vertex -1.44659 3.28502 9.50618
      vertex -1.29757 3.12421 9.29616
      vertex -1.49417 3.28502 9.34103
    endloop
  endfacet
  facet normal 0.679994 0.706561 -0.195908
    outer loop
      vertex -1.44659 3.28502 9.50618
      vertex -1.49417 3.28502 9.34103
      vertex -1.61874 3.4674 9.56642
    endloop
  endfacet
  facet normal 0.433754 0.900702 0.0243615
    outer loop
      vertex -0.880172 2.87508 9
      vertex -0.874637 2.87508 8.90145
      vertex -1.10556 2.98699 8.87543
    endloop
  endfacet
  facet normal 0.401372 0.9007 -0.166253
    outer loop
      vertex -0.793007 2.87508 9.38189
      vertex -0.830779 2.87508 9.2907
      vertex -1.05012 2.98699 9.36745
    endloop
  endfacet
  facet normal 0.41746 0.9007 -0.120277
    outer loop
      vertex -0.830779 2.87508 9.2907
      vertex -0.858104 2.87508 9.19586
      vertex -1.05012 2.98699 9.36745
    endloop
  endfacet
  facet normal 0.433764 0.900698 -0.0243398
    outer loop
      vertex -1.10556 2.98699 9.12457
      vertex -0.880172 2.87508 9
      vertex -1.11255 2.98699 9
    endloop
  endfacet
  facet normal 0.690764 0.531512 -0.490244
    outer loop
      vertex -1.57384 3.88745 10.2551
      vertex -1.46655 3.66906 10.1695
      vertex -1.58828 3.66906 9.99798
    endloop
  endfacet
  facet normal 0.684701 0.622891 -0.378406
    outer loop
      vertex -1.58828 3.66906 9.99798
      vertex -1.45211 3.4674 9.91242
      vertex -1.69003 3.66906 9.81387
    endloop
  endfacet
  facet normal 0.564632 0.531237 -0.631647
    outer loop
      vertex -1.25509 3.88745 10.5738
      vertex -1.16954 3.66906 10.4666
      vertex -1.32638 3.66906 10.3264
    endloop
  endfacet
  facet normal 0.521198 0.622848 -0.583449
    outer loop
      vertex -1.06927 3.4674 10.3408
      vertex -1.21267 3.4674 10.2127
      vertex -1.32638 3.66906 10.3264
    endloop
  endfacet
  facet normal 0.521308 0.623007 -0.583181
    outer loop
      vertex -1.16954 3.66906 10.4666
      vertex -1.06927 3.4674 10.3408
      vertex -1.32638 3.66906 10.3264
    endloop
  endfacet
  facet normal 0.63162 0.531391 -0.564517
    outer loop
      vertex -1.42342 3.88745 10.4234
      vertex -1.32638 3.66906 10.3264
      vertex -1.57384 3.88745 10.2551
    endloop
  endfacet
  facet normal 0.735038 0.433244 -0.521554
    outer loop
      vertex -1.57384 3.88745 10.2551
      vertex -1.70447 3.88745 10.071
      vertex -1.79922 4.11983 10.1305
    endloop
  endfacet
  facet normal 0.782617 0.531422 -0.324192
    outer loop
      vertex -1.81366 3.88745 9.87341
      vertex -1.69003 3.66906 9.81387
      vertex -1.90005 3.88745 9.66486
    endloop
  endfacet
  facet normal 0.872184 0.329812 -0.361274
    outer loop
      vertex -1.99124 4.36328 9.95893
      vertex -1.91449 4.11983 9.92197
      vertex -2.00568 4.11983 9.70182
    endloop
  endfacet
  facet normal 0.83263 0.433333 -0.34489
    outer loop
      vertex -1.91449 4.11983 9.92197
      vertex -1.90005 3.88745 9.66486
      vertex -2.00568 4.11983 9.70182
    endloop
  endfacet
  facet normal 0.0892278 0.846337 -0.525121
    outer loop
      vertex -0.124566 2.98699 10.1056
      vertex -0.247566 2.98699 10.0847
      vertex -0.296163 3.12421 10.2976
    endloop
  endfacet
  facet normal 0.147358 0.84642 -0.511721
    outer loop
      vertex -0.296163 3.12421 10.2976
      vertex -0.367453 2.98699 10.0501
      vertex -0.439583 3.12421 10.2563
    endloop
  endfacet
  facet normal -0.0298925 0.846253 -0.531942
    outer loop
      vertex 0 3.12421 10.3309
      vertex 0.124566 2.98699 10.1056
      vertex 0 2.98699 10.1126
    endloop
  endfacet
  facet normal -0.0296223 0.846328 -0.531838
    outer loop
      vertex 0.149018 3.12421 10.3226
      vertex 0.124566 2.98699 10.1056
      vertex 0 3.12421 10.3309
    endloop
  endfacet
  facet normal 0.203706 0.846285 -0.492246
    outer loop
      vertex -0.367453 2.98699 10.0501
      vertex -0.482718 2.98699 10.0024
      vertex -0.577475 3.12421 10.1991
    endloop
  endfacet
  facet normal 0.166113 0.900711 -0.401405
    outer loop
      vertex -0.367453 2.98699 10.0501
      vertex -0.381892 2.87508 9.79301
      vertex -0.482718 2.98699 10.0024
    endloop
  endfacet
  facet normal 0.104573 0.781379 -0.615232
    outer loop
      vertex -0.171596 3.28502 10.523
      vertex -0.149018 3.12421 10.3226
      vertex -0.341035 3.28502 10.4942
    endloop
  endfacet
  facet normal 0.239108 0.78139 -0.576417
    outer loop
      vertex -0.439583 3.12421 10.2563
      vertex -0.577475 3.12421 10.1991
      vertex -0.664968 3.28502 10.3808
    endloop
  endfacet
  facet normal 0.452667 0.623022 -0.637915
    outer loop
      vertex -0.912422 3.4674 10.4521
      vertex -1.06927 3.4674 10.3408
      vertex -1.16954 3.66906 10.4666
    endloop
  endfacet
  facet normal 0.471484 0.706566 -0.5277
    outer loop
      vertex -1.06927 3.4674 10.3408
      vertex -0.955558 3.28502 10.1982
      vertex -1.08371 3.28502 10.0837
    endloop
  endfacet
  facet normal 0.415971 0.78129 -0.465354
    outer loop
      vertex -0.829829 3.12421 10.0406
      vertex -0.941119 3.12421 9.94112
      vertex -0.955558 3.28502 10.1982
    endloop
  endfacet
  facet normal 0.361203 0.781424 -0.508831
    outer loop
      vertex -0.815391 3.28502 10.2977
      vertex -0.708104 3.12421 10.1269
      vertex -0.955558 3.28502 10.1982
    endloop
  endfacet
  facet normal -0.205877 0.974855 -0.0852846
    outer loop
      vertex 0.573666 2.78989 9.27626
      vertex 0.60099 2.78989 9.2103
      vertex 0.347111 2.7325 9.16716
    endloop
  endfacet
  facet normal 0.0554027 0.943714 -0.326088
    outer loop
      vertex -0.07129 2.78989 9.63272
      vertex -0.141684 2.78989 9.62076
      vertex -0.195856 2.87508 9.8581
    endloop
  endfacet
  facet normal 0.07473 0.993692 -0.0836203
    outer loop
      vertex -0.240208 2.7325 9.30121
      vertex -0.0804062 2.70362 9.10083
      vertex -0.272423 2.7325 9.27242
    endloop
  endfacet
  facet normal -0.0124836 0.974855 -0.222489
    outer loop
      vertex 0.07129 2.78989 9.63272
      vertex 0.0431356 2.7325 9.38284
      vertex 0 2.78989 9.63672
    endloop
  endfacet
  facet normal -0.246621 0.943718 -0.220394
    outer loop
      vertex 0.622375 2.87508 9.62238
      vertex 0.497808 2.78989 9.39699
      vertex 0.45023 2.78989 9.45023
    endloop
  endfacet
  facet normal -0.0852615 0.974856 -0.205881
    outer loop
      vertex 0.210296 2.78989 9.60099
      vertex 0.167159 2.7325 9.34711
      vertex 0.127244 2.7325 9.36364
    endloop
  endfacet
  facet normal -0.0616877 0.974855 -0.21413
    outer loop
      vertex 0.210296 2.78989 9.60099
      vertex 0.127244 2.7325 9.36364
      vertex 0.0857286 2.7325 9.3756
    endloop
  endfacet
  facet normal -0.0914657 0.993692 0.0648903
    outer loop
      vertex 0.326212 2.7325 8.79503
      vertex 0.301211 2.7325 8.75979
      vertex 0.100826 2.70362 8.91959
    endloop
  endfacet
  facet normal -0.269754 0.943716 0.191395
    outer loop
      vertex 0.745262 2.87508 8.53172
      vertex 0.688146 2.87508 8.45122
      vertex 0.539127 2.78989 8.66124
    endloop
  endfacet
  facet normal -0.41746 0.9007 -0.120277
    outer loop
      vertex 1.05012 2.98699 9.36745
      vertex 0.858104 2.87508 9.19586
      vertex 0.830779 2.87508 9.2907
    endloop
  endfacet
  facet normal -0.305579 0.943716 -0.126574
    outer loop
      vertex 0.793007 2.87508 9.38189
      vertex 0.830779 2.87508 9.2907
      vertex 0.60099 2.78989 9.2103
    endloop
  endfacet
  facet normal 0.415818 0.781346 -0.465397
    outer loop
      vertex -0.955558 3.28502 10.1982
      vertex -0.941119 3.12421 9.94112
      vertex -1.08371 3.28502 10.0837
    endloop
  endfacet
  facet normal 0.2514 0.900704 -0.354303
    outer loop
      vertex -0.591913 2.98699 9.94203
      vertex -0.468279 2.87508 9.74526
      vertex -0.693666 2.98699 9.86983
    endloop
  endfacet
  facet normal 0.525106 0.846347 -0.0892253
    outer loop
      vertex -1.08466 2.98699 9.24757
      vertex -1.10556 2.98699 9.12457
      vertex -1.29757 3.12421 9.29616
    endloop
  endfacet
  facet normal 0.317826 0.943717 -0.091571
    outer loop
      vertex -0.830779 2.87508 9.2907
      vertex -0.60099 2.78989 9.2103
      vertex -0.858104 2.87508 9.19586
    endloop
  endfacet
  facet normal 0.205877 0.974855 -0.0852846
    outer loop
      vertex -0.573666 2.78989 9.27626
      vertex -0.347111 2.7325 9.16716
      vertex -0.60099 2.78989 9.2103
    endloop
  endfacet
  facet normal 0.330233 0.943717 -0.0185473
    outer loop
      vertex -0.874637 2.87508 9.09855
      vertex -0.632718 2.78989 9.07129
      vertex -0.880172 2.87508 9
    endloop
  endfacet
  facet normal 0.219693 0.974855 0.0373256
    outer loop
      vertex -0.382841 2.7325 8.95686
      vertex -0.375605 2.7325 8.91427
      vertex -0.632718 2.78989 8.92871
    endloop
  endfacet
  facet normal 0.326077 0.943718 0.0554085
    outer loop
      vertex -0.632718 2.78989 8.92871
      vertex -0.620757 2.78989 8.85832
      vertex -0.858104 2.87508 8.80414
    endloop
  endfacet
  facet normal 0.0187931 0.993692 -0.11056
    outer loop
      vertex -0.0431356 2.7325 9.38284
      vertex -0.0144386 2.70362 9.12815
      vertex -0.0857286 2.7325 9.3756
    endloop
  endfacet
  facet normal 0.128945 0.974856 -0.18174
    outer loop
      vertex -0.204972 2.7325 9.32621
      vertex -0.240208 2.7325 9.30121
      vertex -0.338756 2.78989 9.53913
    endloop
  endfacet
  facet normal 0.269867 0.222281 -0.93689
    outer loop
      vertex -0.491796 4.36328 11.1547
      vertex -0.729953 4.36328 11.0861
      vertex -0.748908 4.61474 11.1403
    endloop
  endfacet
  facet normal 0.261306 0.329793 -0.907169
    outer loop
      vertex -0.491796 4.36328 11.1547
      vertex -0.701818 4.11983 11.0057
      vertex -0.729953 4.36328 11.0861
    endloop
  endfacet
  facet normal -0.276869 0 -0.960908
    outer loop
      vertex 0.510992 4.87104 11.2388
      vertex 0.758447 5 11.1675
      vertex 0.758447 4.87104 11.1675
    endloop
  endfacet
  facet normal -0.276869 0 -0.960908
    outer loop
      vertex 0.758447 5 11.1675
      vertex 0.510992 4.87104 11.2388
      vertex 0.510992 5 11.2388
    endloop
  endfacet
  facet normal -0.167371 0 -0.985894
    outer loop
      vertex 0.257113 4.87104 11.2819
      vertex 0.510992 5 11.2388
      vertex 0.510992 4.87104 11.2388
    endloop
  endfacet
  facet normal -0.167371 0 -0.985894
    outer loop
      vertex 0.510992 5 11.2388
      vertex 0.257113 4.87104 11.2819
      vertex 0.257113 5 11.2819
    endloop
  endfacet
  facet normal 0.954896 0.111802 -0.275089
    outer loop
      vertex -2.16752 4.87104 9.75845
      vertex -2.14026 4.61474 9.74891
      vertex -2.21065 4.61474 9.50457
    endloop
  endfacet
  facet normal 0.936905 0.222169 -0.269906
    outer loop
      vertex -2.14026 4.61474 9.74891
      vertex -2.1547 4.36328 9.4918
      vertex -2.21065 4.61474 9.50457
    endloop
  endfacet
  facet normal 0.826228 0.329781 -0.456718
    outer loop
      vertex -1.87135 4.36328 10.1758
      vertex -1.79922 4.11983 10.1305
      vertex -1.91449 4.11983 9.92197
    endloop
  endfacet
  facet normal 0.770021 0.329775 -0.546184
    outer loop
      vertex -1.66133 4.11983 10.3249
      vertex -1.79922 4.11983 10.1305
      vertex -1.87135 4.36328 10.1758
    endloop
  endfacet
  facet normal 0.853338 0.222312 -0.471584
    outer loop
      vertex -1.91995 4.61474 10.2064
      vertex -1.87135 4.36328 10.1758
      vertex -2.04295 4.61474 9.98383
    endloop
  endfacet
  facet normal 0.79518 0.222335 -0.564141
    outer loop
      vertex -1.77281 4.61474 10.4138
      vertex -1.87135 4.36328 10.1758
      vertex -1.91995 4.61474 10.2064
    endloop
  endfacet
  facet normal 0.706555 0.706544 0.0396923
    outer loop
      vertex -1.5326 3.28502 9
      vertex -1.52296 3.28502 8.8284
      vertex -1.70419 3.4674 8.80798
    endloop
  endfacet
  facet normal 0.751749 0.622871 -0.216575
    outer loop
      vertex -1.61874 3.4674 9.56642
      vertex -1.67198 3.4674 9.38162
      vertex -1.82876 3.66906 9.4174
    endloop
  endfacet
  facet normal 0.93071 0.329815 -0.158116
    outer loop
      vertex -2.07165 4.11983 9.47284
      vertex -2.11156 4.11983 9.23792
      vertex -2.1547 4.36328 9.4918
    endloop
  endfacet
  facet normal 0.930714 0.329808 -0.158109
    outer loop
      vertex -2.1547 4.36328 9.4918
      vertex -2.11156 4.11983 9.23792
      vertex -2.19621 4.36328 9.24745
    endloop
  endfacet
  facet normal 0.771273 0.622872 -0.131027
    outer loop
      vertex -1.67198 3.4674 9.38162
      vertex -1.70419 3.4674 9.19202
      vertex -1.82876 3.66906 9.4174
    endloop
  endfacet
  facet normal 0.835118 0.53146 -0.141871
    outer loop
      vertex -1.82876 3.66906 9.4174
      vertex -1.86399 3.66906 9.21002
      vertex -2.00036 3.88745 9.22539
    endloop
  endfacet
  facet normal 0.546499 0.329809 -0.769782
    outer loop
      vertex -1.17585 4.36328 10.8714
      vertex -1.32487 4.11983 10.6613
      vertex -1.37798 4.36328 10.7279
    endloop
  endfacet
  facet normal 0.629098 0.329804 -0.703893
    outer loop
      vertex -1.37798 4.36328 10.7279
      vertex -1.32487 4.11983 10.6613
      vertex -1.50255 4.11983 10.5025
    endloop
  endfacet
  facet normal -0.118594 0.706485 -0.697721
    outer loop
      vertex 0.192016 3.4674 10.7042
      vertex 0.341035 3.28502 10.4942
      vertex 0.171596 3.28502 10.523
    endloop
  endfacet
  facet normal -0.0503032 0.433308 -0.899841
    outer loop
      vertex 0 4.11983 11.1249
      vertex 0.237915 4.11983 11.1116
      vertex 0 3.88745 11.013
    endloop
  endfacet
  facet normal 0.151302 0.433307 -0.888455
    outer loop
      vertex -0.237915 4.11983 11.1116
      vertex -0.225386 3.88745 11.0004
      vertex -0.447937 3.88745 10.9625
    endloop
  endfacet
  facet normal 0.24915 0.43333 -0.866112
    outer loop
      vertex -0.472839 4.11983 11.0716
      vertex -0.447937 3.88745 10.9625
      vertex -0.664856 3.88745 10.9001
    endloop
  endfacet
  facet normal 0.490371 0.531452 -0.690721
    outer loop
      vertex -1.07099 3.88745 10.7045
      vertex -0.99798 3.66906 10.5883
      vertex -1.25509 3.88745 10.5738
    endloop
  endfacet
  facet normal 0.490193 0.531223 -0.691023
    outer loop
      vertex -0.99798 3.66906 10.5883
      vertex -1.16954 3.66906 10.4666
      vertex -1.25509 3.88745 10.5738
    endloop
  endfacet
  facet normal -0.0397378 0.706587 -0.70651
    outer loop
      vertex 0 3.4674 10.715
      vertex 0.192016 3.4674 10.7042
      vertex 0 3.28502 10.5326
    endloop
  endfacet
  facet normal 0.196113 0.70653 -0.679967
    outer loop
      vertex -0.381618 3.4674 10.672
      vertex -0.341035 3.28502 10.4942
      vertex -0.566421 3.4674 10.6187
    endloop
  endfacet
  facet normal 0.270831 0.706518 -0.653822
    outer loop
      vertex -0.566421 3.4674 10.6187
      vertex -0.664968 3.28502 10.3808
      vertex -0.744101 3.4674 10.5451
    endloop
  endfacet
  facet normal 0.104533 0.781362 -0.615261
    outer loop
      vertex -0.149018 3.12421 10.3226
      vertex -0.296163 3.12421 10.2976
      vertex -0.341035 3.28502 10.4942
    endloop
  endfacet
  facet normal 0.126567 0.943718 0.305577
    outer loop
      vertex -0.210296 2.78989 8.39901
      vertex -0.290702 2.87508 8.16922
      vertex -0.381892 2.87508 8.20699
    endloop
  endfacet
  facet normal 0.397159 0.846347 0.354909
    outer loop
      vertex -0.869829 2.98699 8.30633
      vertex -0.941119 3.12421 8.05888
      vertex -1.04057 3.12421 8.17017
    endloop
  endfacet
  facet normal 0.220396 0.943719 0.246618
    outer loop
      vertex -0.45023 2.78989 8.54977
      vertex -0.396989 2.78989 8.50219
      vertex -0.622375 2.87508 8.37762
    endloop
  endfacet
  facet normal 0.0617004 0.974854 0.214132
    outer loop
      vertex -0.0857286 2.7325 8.62439
      vertex -0.141684 2.78989 8.37924
      vertex -0.210296 2.78989 8.39901
    endloop
  endfacet
  facet normal 0.269754 0.943716 0.191395
    outer loop
      vertex -0.539127 2.78989 8.66124
      vertex -0.688146 2.87508 8.45122
      vertex -0.745262 2.87508 8.53172
    endloop
  endfacet
  facet normal 0.166159 0.974855 0.148488
    outer loop
      vertex -0.272423 2.7325 8.72758
      vertex -0.45023 2.78989 8.54977
      vertex -0.497808 2.78989 8.60301
    endloop
  endfacet
  facet normal 0.166246 0.9007 0.401376
    outer loop
      vertex -0.290702 2.87508 8.16922
      vertex -0.367453 2.98699 7.94988
      vertex -0.381892 2.87508 8.20699
    endloop
  endfacet
  facet normal 0.107796 0.974856 0.195029
    outer loop
      vertex -0.204972 2.7325 8.67379
      vertex -0.167159 2.7325 8.65289
      vertex -0.338756 2.78989 8.46087
    endloop
  endfacet
  facet normal 0.126559 0.943717 0.305584
    outer loop
      vertex -0.276262 2.78989 8.42633
      vertex -0.210296 2.78989 8.39901
      vertex -0.381892 2.87508 8.20699
    endloop
  endfacet
  facet normal 0.0373264 0.974854 0.219695
    outer loop
      vertex -0.0857286 2.7325 8.62439
      vertex -0.07129 2.78989 8.36728
      vertex -0.141684 2.78989 8.37924
    endloop
  endfacet
  facet normal -0.456422 0.329667 -0.826437
    outer loop
      vertex 0.95893 4.36328 10.9912
      vertex 1.17585 4.36328 10.8714
      vertex 0.921969 4.11983 10.9145
    endloop
  endfacet
  facet normal -0.373409 0.222273 -0.900644
    outer loop
      vertex 0.748908 4.61474 11.1403
      vertex 0.983832 4.61474 11.0429
      vertex 0.729953 4.36328 11.0861
    endloop
  endfacet
  facet normal -0.480684 0.111963 -0.869717
    outer loop
      vertex 1.22175 4.87104 10.9444
      vertex 1.20638 4.61474 10.9199
      vertex 0.983832 4.61474 11.0429
    endloop
  endfacet
  facet normal -0.471669 0.221866 -0.853407
    outer loop
      vertex 1.20638 4.61474 10.9199
      vertex 1.17585 4.36328 10.8714
      vertex 0.983832 4.61474 11.0429
    endloop
  endfacet
  facet normal -0.0526911 0.329866 -0.942556
    outer loop
      vertex 0 4.36328 11.2101
      vertex 0.237915 4.11983 11.1116
      vertex 0 4.11983 11.1249
    endloop
  endfacet
  facet normal -0.24915 0.43333 -0.866112
    outer loop
      vertex 0.472839 4.11983 11.0716
      vertex 0.664856 3.88745 10.9001
      vertex 0.447937 3.88745 10.9625
    endloop
  endfacet
  facet normal -0.726989 0.222246 -0.649687
    outer loop
      vertex 1.77281 4.61474 10.4138
      vertex 1.72793 4.36328 10.378
      vertex 1.56278 4.36328 10.5628
    endloop
  endfacet
  facet normal -0.872178 0.32982 -0.361281
    outer loop
      vertex 2.08609 4.36328 9.72995
      vertex 2.00568 4.11983 9.70182
      vertex 1.99124 4.36328 9.95893
    endloop
  endfacet
  facet normal -0.471553 0.706544 0.527668
    outer loop
      vertex 1.08371 3.28502 7.91629
      vertex 1.21267 3.4674 7.78733
      vertex 1.06927 3.4674 7.65918
    endloop
  endfacet
  facet normal -0.471541 0.70655 0.527671
    outer loop
      vertex 1.08371 3.28502 7.91629
      vertex 1.06927 3.4674 7.65918
      vertex 0.955558 3.28502 7.80177
    endloop
  endfacet
  facet normal -0.961226 0.222216 -0.163292
    outer loop
      vertex 2.25325 4.61474 9.25388
      vertex 2.19621 4.36328 9.24745
      vertex 2.1547 4.36328 9.4918
    endloop
  endfacet
  facet normal -0.930714 0.329808 -0.158109
    outer loop
      vertex 2.1547 4.36328 9.4918
      vertex 2.19621 4.36328 9.24745
      vertex 2.11156 4.11983 9.23792
    endloop
  endfacet
  facet normal -0.703798 0.329778 -0.629218
    outer loop
      vertex 1.72793 4.36328 10.378
      vertex 1.66133 4.11983 10.3249
      vertex 1.50255 4.11983 10.5025
    endloop
  endfacet
  facet normal -0.671858 0.433372 -0.600662
    outer loop
      vertex 1.66133 4.11983 10.3249
      vertex 1.57384 3.88745 10.2551
      vertex 1.50255 4.11983 10.5025
    endloop
  endfacet
  facet normal -0.9369 0.22218 -0.269917
    outer loop
      vertex 2.14026 4.61474 9.74891
      vertex 2.1547 4.36328 9.4918
      vertex 2.08609 4.36328 9.72995
    endloop
  endfacet
  facet normal -0.900782 0.222184 -0.37313
    outer loop
      vertex 2.04295 4.61474 9.98383
      vertex 2.08609 4.36328 9.72995
      vertex 1.99124 4.36328 9.95893
    endloop
  endfacet
  facet normal -0.97969 0.111764 -0.16648
    outer loop
      vertex 2.28194 4.87104 9.25711
      vertex 2.25325 4.61474 9.25388
      vertex 2.21065 4.61474 9.50457
    endloop
  endfacet
  facet normal -0.979693 0.111809 -0.166434
    outer loop
      vertex 2.23881 4.87104 9.51099
      vertex 2.28194 4.87104 9.25711
      vertex 2.21065 4.61474 9.50457
    endloop
  endfacet
  facet normal -0.923873 0 -0.382698
    outer loop
      vertex 2.16752 4.87104 9.75845
      vertex 2.06897 5 9.99636
      vertex 2.16752 5 9.75845
    endloop
  endfacet
  facet normal -0.923873 -0 -0.382698
    outer loop
      vertex 2.06897 5 9.99636
      vertex 2.16752 4.87104 9.75845
      vertex 2.06897 4.87104 9.99636
    endloop
  endfacet
  facet normal -0.751747 0.622877 -0.216565
    outer loop
      vertex 1.77053 3.66906 9.61953
      vertex 1.82876 3.66906 9.4174
      vertex 1.61874 3.4674 9.56642
    endloop
  endfacet
  facet normal -0.835118 0.53146 -0.141871
    outer loop
      vertex 2.00036 3.88745 9.22539
      vertex 1.86399 3.66906 9.21002
      vertex 1.82876 3.66906 9.4174
    endloop
  endfacet
  facet normal -0.782617 0.531422 -0.324192
    outer loop
      vertex 1.81366 3.88745 9.87341
      vertex 1.90005 3.88745 9.66486
      vertex 1.69003 3.66906 9.81387
    endloop
  endfacet
  facet normal -0.826204 0.32981 -0.456742
    outer loop
      vertex 1.99124 4.36328 9.95893
      vertex 1.91449 4.11983 9.92197
      vertex 1.87135 4.36328 10.1758
    endloop
  endfacet
  facet normal -0.697664 0.706553 0.118522
    outer loop
      vertex 1.70419 3.4674 8.80798
      vertex 1.67198 3.4674 8.61838
      vertex 1.49417 3.28502 8.65896
    endloop
  endfacet
  facet normal -0.69767 0.706544 0.118543
    outer loop
      vertex 1.52296 3.28502 8.8284
      vertex 1.70419 3.4674 8.80798
      vertex 1.49417 3.28502 8.65896
    endloop
  endfacet
  facet normal -0.845754 0.531458 0.0474679
    outer loop
      vertex 2.01301 3.88745 9
      vertex 2.00036 3.88745 8.77461
      vertex 1.86399 3.66906 8.78998
    endloop
  endfacet
  facet normal -0.835118 0.53146 0.141871
    outer loop
      vertex 1.86399 3.66906 8.78998
      vertex 2.00036 3.88745 8.77461
      vertex 1.82876 3.66906 8.5826
    endloop
  endfacet
  facet normal -0.409719 0.531592 -0.74131
    outer loop
      vertex 0.873413 3.88745 10.8137
      vertex 1.07099 3.88745 10.7045
      vertex 0.813874 3.66906 10.69
    endloop
  endfacet
  facet normal -0.409592 0.531454 -0.741479
    outer loop
      vertex 1.07099 3.88745 10.7045
      vertex 0.99798 3.66906 10.5883
      vertex 0.813874 3.66906 10.69
    endloop
  endfacet
  facet normal 0.0892249 0.846348 0.525104
    outer loop
      vertex -0.247566 2.98699 7.91534
      vertex -0.124566 2.98699 7.89444
      vertex -0.296163 3.12421 7.70243
    endloop
  endfacet
  facet normal 0.0727753 0.900704 0.428295
    outer loop
      vertex -0.195856 2.87508 8.1419
      vertex -0.124566 2.98699 7.89444
      vertex -0.247566 2.98699 7.91534
    endloop
  endfacet
  facet normal 0.380292 0.111797 0.918085
    outer loop
      vertex -0.983832 4.61474 6.95705
      vertex -0.758447 4.87104 6.83248
      vertex -0.996362 4.87104 6.93103
    endloop
  endfacet
  facet normal 0.480694 0.111797 0.869733
    outer loop
      vertex -0.983832 4.61474 6.95705
      vertex -0.996362 4.87104 6.93103
      vertex -1.22175 4.87104 7.0556
    endloop
  endfacet
  facet normal 0.373133 0.222187 0.90078
    outer loop
      vertex -0.95893 4.36328 7.00876
      vertex -0.729953 4.36328 6.91391
      vertex -0.983832 4.61474 6.95705
    endloop
  endfacet
  facet normal 0.261338 0.329827 0.907147
    outer loop
      vertex -0.701818 4.11983 6.99432
      vertex -0.491796 4.36328 6.8453
      vertex -0.729953 4.36328 6.91391
    endloop
  endfacet
  facet normal -0.148491 0.974855 0.166156
    outer loop
      vertex 0.272423 2.7325 8.72758
      vertex 0.396989 2.78989 8.50219
      vertex 0.240208 2.7325 8.69879
    endloop
  endfacet
  facet normal -0.0617004 0.974854 0.214132
    outer loop
      vertex 0.210296 2.78989 8.39901
      vertex 0.141684 2.78989 8.37924
      vertex 0.0857286 2.7325 8.62439
    endloop
  endfacet
  facet normal -0.0310189 0.993692 0.107767
    outer loop
      vertex 0.042593 2.70362 8.87827
      vertex 0.0857286 2.7325 8.62439
      vertex 0.0286961 2.70362 8.87427
    endloop
  endfacet
  facet normal -0.220394 0.943718 0.246622
    outer loop
      vertex 0.622375 2.87508 8.37762
      vertex 0.548778 2.87508 8.31185
      vertex 0.396989 2.78989 8.50219
    endloop
  endfacet
  facet normal -0.220396 0.943719 0.246618
    outer loop
      vertex 0.45023 2.78989 8.54977
      vertex 0.622375 2.87508 8.37762
      vertex 0.396989 2.78989 8.50219
    endloop
  endfacet
  facet normal -0.872178 0.32982 0.361281
    outer loop
      vertex 2.00568 4.11983 8.29818
      vertex 2.08609 4.36328 8.27005
      vertex 1.99124 4.36328 8.04107
    endloop
  endfacet
  facet normal -0.872184 0.329812 0.361274
    outer loop
      vertex 2.00568 4.11983 8.29818
      vertex 1.99124 4.36328 8.04107
      vertex 1.91449 4.11983 8.07803
    endloop
  endfacet
  facet normal -0.703932 0.329805 0.629054
    outer loop
      vertex 1.66133 4.11983 7.67513
      vertex 1.72793 4.36328 7.62202
      vertex 1.50255 4.11983 7.49745
    endloop
  endfacet
  facet normal -0.703923 0.329786 0.629074
    outer loop
      vertex 1.72793 4.36328 7.62202
      vertex 1.56278 4.36328 7.43722
      vertex 1.50255 4.11983 7.49745
    endloop
  endfacet
  facet normal -0.0529288 0.329827 0.942556
    outer loop
      vertex 0.237915 4.11983 6.88844
      vertex 0 4.36328 6.78989
      vertex 0 4.11983 6.87508
    endloop
  endfacet
  facet normal -0.0505287 0.433335 0.899815
    outer loop
      vertex 0.237915 4.11983 6.88844
      vertex 0 4.11983 6.87508
      vertex 0 3.88745 6.98699
    endloop
  endfacet
  facet normal -0.0546401 0.222173 0.973475
    outer loop
      vertex 0.25388 4.61474 6.74675
      vertex 0 4.61474 6.7325
      vertex 0 4.36328 6.78989
    endloop
  endfacet
  facet normal 0.0546401 0.222173 0.973475
    outer loop
      vertex 0 4.36328 6.78989
      vertex 0 4.61474 6.7325
      vertex -0.25388 4.61474 6.74675
    endloop
  endfacet
  facet normal -0.0556896 0.111765 0.992173
    outer loop
      vertex 0.25388 4.61474 6.74675
      vertex 0.257113 4.87104 6.71806
      vertex 0 4.61474 6.7325
    endloop
  endfacet
  facet normal -0.0557222 0.111798 0.992167
    outer loop
      vertex 0.257113 4.87104 6.71806
      vertex 0 4.87104 6.70362
      vertex 0 4.61474 6.7325
    endloop
  endfacet
  facet normal -0.275087 0.111801 0.954897
    outer loop
      vertex 0.748908 4.61474 6.85974
      vertex 0.758447 4.87104 6.83248
      vertex 0.504566 4.61474 6.78935
    endloop
  endfacet
  facet normal -0.269904 0.222169 0.936906
    outer loop
      vertex 0.748908 4.61474 6.85974
      vertex 0.504566 4.61474 6.78935
      vertex 0.491796 4.36328 6.8453
    endloop
  endfacet
  facet normal 0.249479 0.433352 0.866006
    outer loop
      vertex -0.447937 3.88745 7.03746
      vertex -0.472839 4.11983 6.92835
      vertex -0.664856 3.88745 7.09995
    endloop
  endfacet
  facet normal 0.150942 0.433352 0.888495
    outer loop
      vertex -0.447937 3.88745 7.03746
      vertex -0.237915 4.11983 6.88844
      vertex -0.472839 4.11983 6.92835
    endloop
  endfacet
  facet normal -0.191384 0.943716 0.269764
    outer loop
      vertex 0.548778 2.87508 8.31185
      vertex 0.468279 2.87508 8.25474
      vertex 0.338756 2.78989 8.46087
    endloop
  endfacet
  facet normal -0.160008 0.943716 0.289479
    outer loop
      vertex 0.468279 2.87508 8.25474
      vertex 0.381892 2.87508 8.20699
      vertex 0.338756 2.78989 8.46087
    endloop
  endfacet
  facet normal -0.354316 0.900701 0.251393
    outer loop
      vertex 0.745262 2.87508 8.53172
      vertex 0.869829 2.98699 8.30633
      vertex 0.688146 2.87508 8.45122
    endloop
  endfacet
  facet normal -0.354327 0.900699 0.251385
    outer loop
      vertex 0.942025 2.98699 8.40809
      vertex 0.869829 2.98699 8.30633
      vertex 0.745262 2.87508 8.53172
    endloop
  endfacet
  facet normal -0.172739 0.781347 0.599715
    outer loop
      vertex 0.439583 3.12421 7.74374
      vertex 0.506185 3.28502 7.55341
      vertex 0.296163 3.12421 7.70243
    endloop
  endfacet
  facet normal -0.238831 0.781349 0.576588
    outer loop
      vertex 0.664968 3.28502 7.61918
      vertex 0.506185 3.28502 7.55341
      vertex 0.439583 3.12421 7.74374
    endloop
  endfacet
  facet normal 0.973475 0.222173 0.0546401
    outer loop
      vertex -2.21011 4.36328 9
      vertex -2.25325 4.61474 8.74612
      vertex -2.2675 4.61474 9
    endloop
  endfacet
  facet normal 0.992173 0.111765 0.0556896
    outer loop
      vertex -2.2675 4.61474 9
      vertex -2.25325 4.61474 8.74612
      vertex -2.28194 4.87104 8.74289
    endloop
  endfacet
  facet normal 0.907147 0.329823 0.261345
    outer loop
      vertex -2.00568 4.11983 8.29818
      vertex -2.08609 4.36328 8.27005
      vertex -2.1547 4.36328 8.5082
    endloop
  endfacet
  facet normal 0.872178 0.32982 0.361281
    outer loop
      vertex -2.00568 4.11983 8.29818
      vertex -1.99124 4.36328 8.04107
      vertex -2.08609 4.36328 8.27005
    endloop
  endfacet
  facet normal 0.619381 0.706538 0.342303
    outer loop
      vertex -1.38082 3.28502 8.33503
      vertex -1.29769 3.28502 8.18461
      vertex -1.45211 3.4674 8.08758
    endloop
  endfacet
  facet normal 0.619359 0.70655 0.342318
    outer loop
      vertex -1.38082 3.28502 8.33503
      vertex -1.45211 3.4674 8.08758
      vertex -1.54514 3.4674 8.2559
    endloop
  endfacet
  facet normal 0.782623 0.531412 0.324195
    outer loop
      vertex -1.69003 3.66906 8.18612
      vertex -1.81366 3.88745 8.12659
      vertex -1.90005 3.88745 8.33514
    endloop
  endfacet
  facet normal 0.741428 0.53141 0.409741
    outer loop
      vertex -1.69003 3.66906 8.18612
      vertex -1.70447 3.88745 7.92901
      vertex -1.81366 3.88745 8.12659
    endloop
  endfacet
  facet normal 0.615258 0.781364 0.104536
    outer loop
      vertex -1.32257 3.12421 8.85098
      vertex -1.29757 3.12421 8.70384
      vertex -1.49417 3.28502 8.65896
    endloop
  endfacet
  facet normal 0.599682 0.781366 0.172769
    outer loop
      vertex -1.29757 3.12421 8.70384
      vertex -1.44659 3.28502 8.49381
      vertex -1.49417 3.28502 8.65896
    endloop
  endfacet
  facet normal 0.930714 0.329808 0.158109
    outer loop
      vertex -2.11156 4.11983 8.76208
      vertex -2.1547 4.36328 8.5082
      vertex -2.19621 4.36328 8.75255
    endloop
  endfacet
  facet normal 0.93071 0.329815 0.158116
    outer loop
      vertex -2.11156 4.11983 8.76208
      vertex -2.07165 4.11983 8.52716
      vertex -2.1547 4.36328 8.5082
    endloop
  endfacet
  facet normal 0.888504 0.433314 0.150992
    outer loop
      vertex -2.00036 3.88745 8.77461
      vertex -1.96254 3.88745 8.55206
      vertex -2.11156 4.11983 8.76208
    endloop
  endfacet
  facet normal 0.888495 0.433351 0.150944
    outer loop
      vertex -1.96254 3.88745 8.55206
      vertex -2.07165 4.11983 8.52716
      vertex -2.11156 4.11983 8.76208
    endloop
  endfacet
  facet normal 0.46616 0.846352 0.257649
    outer loop
      vertex -1.00238 2.98699 8.51728
      vertex -1.12694 3.12421 8.29189
      vertex -1.19914 3.12421 8.42252
    endloop
  endfacet
  facet normal 0.289504 0.900696 0.323935
    outer loop
      vertex -0.622375 2.87508 8.37762
      vertex -0.693666 2.98699 8.13017
      vertex -0.786694 2.98699 8.21331
    endloop
  endfacet
  facet normal 0.508969 0.781359 0.361148
    outer loop
      vertex -1.12694 3.12421 8.29189
      vertex -1.19823 3.28502 8.04444
      vertex -1.29769 3.28502 8.18461
    endloop
  endfacet
  facet normal 0.577144 0.706538 0.409522
    outer loop
      vertex -1.29769 3.28502 8.18461
      vertex -1.19823 3.28502 8.04444
      vertex -1.45211 3.4674 8.08758
    endloop
  endfacet
  facet normal 0.354316 0.900701 0.251393
    outer loop
      vertex -0.745262 2.87508 8.53172
      vertex -0.688146 2.87508 8.45122
      vertex -0.869829 2.98699 8.30633
    endloop
  endfacet
  facet normal 0.354327 0.900699 0.251385
    outer loop
      vertex -0.745262 2.87508 8.53172
      vertex -0.869829 2.98699 8.30633
      vertex -0.942025 2.98699 8.40809
    endloop
  endfacet
  facet normal 0.167371 0 -0.985894
    outer loop
      vertex -0.510992 4.87104 11.2388
      vertex -0.257113 5 11.2819
      vertex -0.257113 4.87104 11.2819
    endloop
  endfacet
  facet normal 0.167371 0 -0.985894
    outer loop
      vertex -0.257113 5 11.2819
      vertex -0.510992 4.87104 11.2388
      vertex -0.510992 5 11.2388
    endloop
  endfacet
  facet normal 0.564134 0.221887 -0.795311
    outer loop
      vertex -1.20638 4.61474 10.9199
      vertex -1.17585 4.36328 10.8714
      vertex -1.41376 4.61474 10.7728
    endloop
  endfacet
  facet normal 0.471669 0.221866 -0.853407
    outer loop
      vertex -0.983832 4.61474 11.0429
      vertex -1.17585 4.36328 10.8714
      vertex -1.20638 4.61474 10.9199
    endloop
  endfacet
  facet normal 0.564197 0.222186 0.795183
    outer loop
      vertex -1.17585 4.36328 7.12865
      vertex -1.20638 4.61474 7.08005
      vertex -1.41376 4.61474 7.22719
    endloop
  endfacet
  facet normal 0.45666 0.329813 0.826247
    outer loop
      vertex -0.921969 4.11983 7.08551
      vertex -0.95893 4.36328 7.00876
      vertex -1.17585 4.36328 7.12865
    endloop
  endfacet
  facet normal 0.826246 0.329813 0.456662
    outer loop
      vertex -1.79922 4.11983 7.86947
      vertex -1.87135 4.36328 7.82415
      vertex -1.91449 4.11983 8.07803
    endloop
  endfacet
  facet normal 0.826248 0.329812 0.456661
    outer loop
      vertex -1.91449 4.11983 8.07803
      vertex -1.87135 4.36328 7.82415
      vertex -1.99124 4.36328 8.04107
    endloop
  endfacet
  facet normal 0.662149 0.111791 0.740987
    outer loop
      vertex -1.60337 4.61474 7.39663
      vertex -1.43177 4.87104 7.20462
      vertex -1.62379 4.87104 7.37621
    endloop
  endfacet
  facet normal 0.662158 0.111781 0.740981
    outer loop
      vertex -1.41376 4.61474 7.22719
      vertex -1.43177 4.87104 7.20462
      vertex -1.60337 4.61474 7.39663
    endloop
  endfacet
  facet normal 0.521514 0.433332 0.735014
    outer loop
      vertex -1.25509 3.88745 7.42616
      vertex -1.13053 4.11983 7.20078
      vertex -1.32487 4.11983 7.33867
    endloop
  endfacet
  facet normal 0.546297 0.329805 0.769928
    outer loop
      vertex -1.32487 4.11983 7.33867
      vertex -1.17585 4.36328 7.12865
      vertex -1.37798 4.36328 7.27207
    endloop
  endfacet
  facet normal 0.726993 0.222221 0.649692
    outer loop
      vertex -1.56278 4.36328 7.43722
      vertex -1.60337 4.61474 7.39663
      vertex -1.77281 4.61474 7.58623
    endloop
  endfacet
  facet normal -0.120259 0.900685 -0.417498
    outer loop
      vertex 0.367453 2.98699 10.0501
      vertex 0.290702 2.87508 9.83078
      vertex 0.195856 2.87508 9.8581
    endloop
  endfacet
  facet normal -0.0915496 0.943718 -0.31783
    outer loop
      vertex 0.290702 2.87508 9.83078
      vertex 0.210296 2.78989 9.60099
      vertex 0.195856 2.87508 9.8581
    endloop
  endfacet
  facet normal -0.257738 0.84631 -0.466187
    outer loop
      vertex 0.708104 3.12421 10.1269
      vertex 0.591913 2.98699 9.94203
      vertex 0.482718 2.98699 10.0024
    endloop
  endfacet
  facet normal -0.203706 0.846285 -0.492246
    outer loop
      vertex 0.577475 3.12421 10.1991
      vertex 0.482718 2.98699 10.0024
      vertex 0.367453 2.98699 10.0501
    endloop
  endfacet
  facet normal -0.32394 0.900701 -0.289482
    outer loop
      vertex 0.869829 2.98699 9.69367
      vertex 0.688146 2.87508 9.54878
      vertex 0.622375 2.87508 9.62238
    endloop
  endfacet
  facet normal -0.354316 0.900701 -0.251393
    outer loop
      vertex 0.869829 2.98699 9.69367
      vertex 0.745262 2.87508 9.46828
      vertex 0.688146 2.87508 9.54878
    endloop
  endfacet
  facet normal -0.583471 0.622779 -0.521256
    outer loop
      vertex 1.46655 3.66906 10.1695
      vertex 1.34082 3.4674 10.0693
      vertex 1.32638 3.66906 10.3264
    endloop
  endfacet
  facet normal -0.631681 0.531523 -0.564325
    outer loop
      vertex 1.57384 3.88745 10.2551
      vertex 1.46655 3.66906 10.1695
      vertex 1.32638 3.66906 10.3264
    endloop
  endfacet
  facet normal -0.452667 0.623022 -0.637915
    outer loop
      vertex 1.16954 3.66906 10.4666
      vertex 1.06927 3.4674 10.3408
      vertex 0.912422 3.4674 10.4521
    endloop
  endfacet
  facet normal -0.409657 0.706504 -0.57709
    outer loop
      vertex 0.912422 3.4674 10.4521
      vertex 0.955558 3.28502 10.1982
      vertex 0.815391 3.28502 10.2977
    endloop
  endfacet
  facet normal -0.577144 0.706538 -0.409522
    outer loop
      vertex 1.45211 3.4674 9.91242
      vertex 1.29769 3.28502 9.81539
      vertex 1.19823 3.28502 9.95556
    endloop
  endfacet
  facet normal -0.50896 0.781368 -0.361141
    outer loop
      vertex 1.19823 3.28502 9.95556
      vertex 1.29769 3.28502 9.81539
      vertex 1.12694 3.12421 9.7081
    endloop
  endfacet
  facet normal -0.361005 0.78128 -0.509193
    outer loop
      vertex 0.955558 3.28502 10.1982
      vertex 0.829829 3.12421 10.0406
      vertex 0.708104 3.12421 10.1269
    endloop
  endfacet
  facet normal -0.308035 0.84637 -0.434479
    outer loop
      vertex 0.708104 3.12421 10.1269
      vertex 0.829829 3.12421 10.0406
      vertex 0.693666 2.98699 9.86983
    endloop
  endfacet
  facet normal -0.216788 0.622913 -0.751653
    outer loop
      vertex 0.417402 3.66906 10.8288
      vertex 0.566421 3.4674 10.6187
      vertex 0.381618 3.4674 10.672
    endloop
  endfacet
  facet normal -0.196113 0.70653 -0.679967
    outer loop
      vertex 0.381618 3.4674 10.672
      vertex 0.566421 3.4674 10.6187
      vertex 0.341035 3.28502 10.4942
    endloop
  endfacet
  facet normal -0.147699 0.846331 -0.51177
    outer loop
      vertex 0.296163 3.12421 10.2976
      vertex 0.367453 2.98699 10.0501
      vertex 0.247566 2.98699 10.0847
    endloop
  endfacet
  facet normal -0.147358 0.84642 -0.511721
    outer loop
      vertex 0.439583 3.12421 10.2563
      vertex 0.367453 2.98699 10.0501
      vertex 0.296163 3.12421 10.2976
    endloop
  endfacet
  facet normal -0.623088 0.781369 -0.0349969
    outer loop
      vertex 1.5326 3.28502 9
      vertex 1.33094 3.12421 9
      vertex 1.32257 3.12421 9.14902
    endloop
  endfacet
  facet normal -0.525106 0.846347 -0.0892253
    outer loop
      vertex 1.29757 3.12421 9.29616
      vertex 1.10556 2.98699 9.12457
      vertex 1.08466 2.98699 9.24757
    endloop
  endfacet
  facet normal -0.32608 0.943717 -0.0554012
    outer loop
      vertex 0.858104 2.87508 9.19586
      vertex 0.874637 2.87508 9.09855
      vertex 0.632718 2.78989 9.07129
    endloop
  endfacet
  facet normal -0.531785 0.846353 -0.0298401
    outer loop
      vertex 1.33094 3.12421 9
      vertex 1.11255 2.98699 9
      vertex 1.10556 2.98699 9.12457
    endloop
  endfacet
  facet normal -0.653791 0.706551 -0.270818
    outer loop
      vertex 1.54514 3.4674 9.7441
      vertex 1.61874 3.4674 9.56642
      vertex 1.38082 3.28502 9.66497
    endloop
  endfacet
  facet normal -0.653789 0.706561 -0.270796
    outer loop
      vertex 1.61874 3.4674 9.56642
      vertex 1.44659 3.28502 9.50618
      vertex 1.38082 3.28502 9.66497
    endloop
  endfacet
  facet normal -0.615254 0.781366 -0.104546
    outer loop
      vertex 1.49417 3.28502 9.34103
      vertex 1.52296 3.28502 9.1716
      vertex 1.32257 3.12421 9.14902
    endloop
  endfacet
  facet normal -0.697669 0.706543 -0.11855
    outer loop
      vertex 1.70419 3.4674 9.19202
      vertex 1.52296 3.28502 9.1716
      vertex 1.49417 3.28502 9.34103
    endloop
  endfacet
  facet normal -0.521756 0.433184 -0.73493
    outer loop
      vertex 1.13053 4.11983 10.7992
      vertex 1.25509 3.88745 10.5738
      vertex 1.07099 3.88745 10.7045
    endloop
  endfacet
  facet normal -0.521532 0.433358 -0.734986
    outer loop
      vertex 1.32487 4.11983 10.6613
      vertex 1.25509 3.88745 10.5738
      vertex 1.13053 4.11983 10.7992
    endloop
  endfacet
  facet normal 0.492071 0.846358 0.203822
    outer loop
      vertex -1.05012 2.98699 8.63255
      vertex -1.19914 3.12421 8.42252
      vertex -1.25626 3.12421 8.56042
    endloop
  endfacet
  facet normal 0.492091 0.846351 0.203804
    outer loop
      vertex -1.05012 2.98699 8.63255
      vertex -1.00238 2.98699 8.51728
      vertex -1.19914 3.12421 8.42252
    endloop
  endfacet
  facet normal 0.330233 0.943717 0.0185473
    outer loop
      vertex -0.632718 2.78989 8.92871
      vertex -0.874637 2.87508 8.90145
      vertex -0.880172 2.87508 9
    endloop
  endfacet
  facet normal 0.32608 0.943717 0.0554012
    outer loop
      vertex -0.632718 2.78989 8.92871
      vertex -0.858104 2.87508 8.80414
      vertex -0.874637 2.87508 8.90145
    endloop
  endfacet
  facet normal 0.531797 0.846345 0.0298694
    outer loop
      vertex -1.10556 2.98699 8.87543
      vertex -1.32257 3.12421 8.85098
      vertex -1.33094 3.12421 9
    endloop
  endfacet
  facet normal 0.433764 0.900698 0.0243398
    outer loop
      vertex -0.880172 2.87508 9
      vertex -1.10556 2.98699 8.87543
      vertex -1.11255 2.98699 9
    endloop
  endfacet
  facet normal 0.62309 0.781366 -0.0350035
    outer loop
      vertex -1.52296 3.28502 9.1716
      vertex -1.32257 3.12421 9.14902
      vertex -1.5326 3.28502 9
    endloop
  endfacet
  facet normal 0.531797 0.846345 -0.0298694
    outer loop
      vertex -1.32257 3.12421 9.14902
      vertex -1.10556 2.98699 9.12457
      vertex -1.33094 3.12421 9
    endloop
  endfacet
  facet normal 0.6847 0.622877 -0.378432
    outer loop
      vertex -1.45211 3.4674 9.91242
      vertex -1.54514 3.4674 9.7441
      vertex -1.69003 3.66906 9.81387
    endloop
  endfacet
  facet normal 0.722764 0.622879 -0.299389
    outer loop
      vertex -1.54514 3.4674 9.7441
      vertex -1.61874 3.4674 9.56642
      vertex -1.69003 3.66906 9.81387
    endloop
  endfacet
  facet normal 0.576593 0.781348 -0.238822
    outer loop
      vertex -1.38082 3.28502 9.66497
      vertex -1.25626 3.12421 9.43958
      vertex -1.44659 3.28502 9.50618
    endloop
  endfacet
  facet normal 0.576572 0.781358 -0.238841
    outer loop
      vertex -1.19914 3.12421 9.57747
      vertex -1.25626 3.12421 9.43958
      vertex -1.38082 3.28502 9.66497
    endloop
  endfacet
  facet normal 0.583471 0.622779 -0.521256
    outer loop
      vertex -1.32638 3.66906 10.3264
      vertex -1.34082 3.4674 10.0693
      vertex -1.46655 3.66906 10.1695
    endloop
  endfacet
  facet normal 0.631681 0.531523 -0.564325
    outer loop
      vertex -1.32638 3.66906 10.3264
      vertex -1.46655 3.66906 10.1695
      vertex -1.57384 3.88745 10.2551
    endloop
  endfacet
  facet normal 0.788782 0.433257 -0.436018
    outer loop
      vertex -1.79922 4.11983 10.1305
      vertex -1.70447 3.88745 10.071
      vertex -1.91449 4.11983 9.92197
    endloop
  endfacet
  facet normal 0.788798 0.433349 -0.435897
    outer loop
      vertex -1.70447 3.88745 10.071
      vertex -1.81366 3.88745 9.87341
      vertex -1.91449 4.11983 9.92197
    endloop
  endfacet
  facet normal 0.120259 0.900685 -0.417498
    outer loop
      vertex -0.195856 2.87508 9.8581
      vertex -0.290702 2.87508 9.83078
      vertex -0.367453 2.98699 10.0501
    endloop
  endfacet
  facet normal 0.166257 0.900686 -0.401402
    outer loop
      vertex -0.367453 2.98699 10.0501
      vertex -0.290702 2.87508 9.83078
      vertex -0.381892 2.87508 9.79301
    endloop
  endfacet
  facet normal -0.0243709 0.900735 -0.433684
    outer loop
      vertex 0 2.98699 10.1126
      vertex 0.124566 2.98699 10.1056
      vertex 0 2.87508 9.88017
    endloop
  endfacet
  facet normal 0.0243709 0.900735 -0.433684
    outer loop
      vertex 0 2.98699 10.1126
      vertex 0 2.87508 9.88017
      vertex -0.124566 2.98699 10.1056
    endloop
  endfacet
  facet normal 0.12045 0.900727 -0.417352
    outer loop
      vertex -0.247566 2.98699 10.0847
      vertex -0.195856 2.87508 9.8581
      vertex -0.367453 2.98699 10.0501
    endloop
  endfacet
  facet normal 0.0727653 0.900733 -0.428236
    outer loop
      vertex -0.124566 2.98699 10.1056
      vertex -0.195856 2.87508 9.8581
      vertex -0.247566 2.98699 10.0847
    endloop
  endfacet
  facet normal 0.251381 0.900698 -0.354332
    outer loop
      vertex -0.468279 2.87508 9.74526
      vertex -0.548778 2.87508 9.68815
      vertex -0.693666 2.98699 9.86983
    endloop
  endfacet
  facet normal 0.181737 0.974855 -0.128957
    outer loop
      vertex -0.497808 2.78989 9.39699
      vertex -0.301211 2.7325 9.24021
      vertex -0.539127 2.78989 9.33876
    endloop
  endfacet
  facet normal -0.018529 0.943717 -0.330233
    outer loop
      vertex 0 2.87508 9.88017
      vertex 0.07129 2.78989 9.63272
      vertex 0 2.78989 9.63672
    endloop
  endfacet
  facet normal 0.018529 0.943717 -0.330233
    outer loop
      vertex 0 2.87508 9.88017
      vertex 0 2.78989 9.63672
      vertex -0.07129 2.78989 9.63272
    endloop
  endfacet
  facet normal -0.330233 0.943717 -0.0185473
    outer loop
      vertex 0.874637 2.87508 9.09855
      vertex 0.880172 2.87508 9
      vertex 0.632718 2.78989 9.07129
    endloop
  endfacet
  facet normal -0.289487 0.943716 -0.15999
    outer loop
      vertex 0.745262 2.87508 9.46828
      vertex 0.793007 2.87508 9.38189
      vertex 0.539127 2.78989 9.33876
    endloop
  endfacet
  facet normal -0.251381 0.900698 -0.354332
    outer loop
      vertex 0.693666 2.98699 9.86983
      vertex 0.548778 2.87508 9.68815
      vertex 0.468279 2.87508 9.74526
    endloop
  endfacet
  facet normal -0.148491 0.974855 -0.166156
    outer loop
      vertex 0.396989 2.78989 9.49781
      vertex 0.272423 2.7325 9.27242
      vertex 0.240208 2.7325 9.30121
    endloop
  endfacet
  facet normal -0.107796 0.974856 -0.195029
    outer loop
      vertex 0.338756 2.78989 9.53913
      vertex 0.204972 2.7325 9.32621
      vertex 0.167159 2.7325 9.34711
    endloop
  endfacet
  facet normal -0.107793 0.974856 -0.195032
    outer loop
      vertex 0.276262 2.78989 9.57367
      vertex 0.338756 2.78989 9.53913
      vertex 0.167159 2.7325 9.34711
    endloop
  endfacet
  facet normal -0.166159 0.974855 -0.148488
    outer loop
      vertex 0.45023 2.78989 9.45023
      vertex 0.497808 2.78989 9.39699
      vertex 0.272423 2.7325 9.27242
    endloop
  endfacet
  facet normal -0.128954 0.974855 -0.181737
    outer loop
      vertex 0.338756 2.78989 9.53913
      vertex 0.396989 2.78989 9.49781
      vertex 0.240208 2.7325 9.30121
    endloop
  endfacet
  facet normal -0.0915804 0.943714 -0.317831
    outer loop
      vertex 0.195856 2.87508 9.8581
      vertex 0.210296 2.78989 9.60099
      vertex 0.141684 2.78989 9.62076
    endloop
  endfacet
  facet normal -0.0554027 0.943714 -0.326088
    outer loop
      vertex 0.195856 2.87508 9.8581
      vertex 0.141684 2.78989 9.62076
      vertex 0.07129 2.78989 9.63272
    endloop
  endfacet
  facet normal -0.181737 0.974855 -0.128957
    outer loop
      vertex 0.497808 2.78989 9.39699
      vertex 0.539127 2.78989 9.33876
      vertex 0.301211 2.7325 9.24021
    endloop
  endfacet
  facet normal -0.0747426 0.993692 -0.0836062
    outer loop
      vertex 0.272423 2.7325 9.27242
      vertex 0.0911894 2.70362 9.09119
      vertex 0.0804062 2.70362 9.10083
    endloop
  endfacet
  facet normal -0.110561 0.993692 0.0187842
    outer loop
      vertex 0.382841 2.7325 8.95686
      vertex 0.375605 2.7325 8.91427
      vertex 0.128151 2.70362 8.98556
    endloop
  endfacet
  facet normal -0.289489 0.943718 0.159979
    outer loop
      vertex 0.573666 2.78989 8.72374
      vertex 0.793007 2.87508 8.61811
      vertex 0.539127 2.78989 8.66124
    endloop
  endfacet
  facet normal -0.195041 0.974855 0.107785
    outer loop
      vertex 0.573666 2.78989 8.72374
      vertex 0.539127 2.78989 8.66124
      vertex 0.347111 2.7325 8.83284
    endloop
  endfacet
  facet normal -0.433764 0.900698 -0.0243398
    outer loop
      vertex 1.10556 2.98699 9.12457
      vertex 1.11255 2.98699 9
      vertex 0.880172 2.87508 9
    endloop
  endfacet
  facet normal -0.326077 0.943718 0.0554085
    outer loop
      vertex 0.632718 2.78989 8.92871
      vertex 0.858104 2.87508 8.80414
      vertex 0.620757 2.78989 8.85832
    endloop
  endfacet
  facet normal -0.111969 0.993692 -0.00628858
    outer loop
      vertex 0.385263 2.7325 9
      vertex 0.128962 2.70362 9
      vertex 0.128151 2.70362 9.01444
    endloop
  endfacet
  facet normal -0.330233 0.943717 -0.0185475
    outer loop
      vertex 0.880172 2.87508 9
      vertex 0.636722 2.78989 9
      vertex 0.632718 2.78989 9.07129
    endloop
  endfacet
  facet normal 0.308258 0.846311 -0.434435
    outer loop
      vertex -0.591913 2.98699 9.94203
      vertex -0.693666 2.98699 9.86983
      vertex -0.708104 3.12421 10.1269
    endloop
  endfacet
  facet normal 0.210162 0.900705 -0.380214
    outer loop
      vertex -0.381892 2.87508 9.79301
      vertex -0.468279 2.87508 9.74526
      vertex -0.591913 2.98699 9.94203
    endloop
  endfacet
  facet normal 0.465338 0.781349 -0.415877
    outer loop
      vertex -1.08371 3.28502 10.0837
      vertex -0.941119 3.12421 9.94112
      vertex -1.19823 3.28502 9.95556
    endloop
  endfacet
  facet normal 0.577144 0.706538 -0.409522
    outer loop
      vertex -1.19823 3.28502 9.95556
      vertex -1.29769 3.28502 9.81539
      vertex -1.45211 3.4674 9.91242
    endloop
  endfacet
  facet normal 0.220396 0.943719 -0.246618
    outer loop
      vertex -0.396989 2.78989 9.49781
      vertex -0.45023 2.78989 9.45023
      vertex -0.622375 2.87508 9.62238
    endloop
  endfacet
  facet normal 0.191384 0.943716 -0.269764
    outer loop
      vertex -0.468279 2.87508 9.74526
      vertex -0.338756 2.78989 9.53913
      vertex -0.548778 2.87508 9.68815
    endloop
  endfacet
  facet normal 0.305579 0.943716 -0.126574
    outer loop
      vertex -0.793007 2.87508 9.38189
      vertex -0.60099 2.78989 9.2103
      vertex -0.830779 2.87508 9.2907
    endloop
  endfacet
  facet normal 0.289487 0.943716 -0.15999
    outer loop
      vertex -0.745262 2.87508 9.46828
      vertex -0.539127 2.78989 9.33876
      vertex -0.793007 2.87508 9.38189
    endloop
  endfacet
  facet normal 0.417459 0.9007 -0.120279
    outer loop
      vertex -1.05012 2.98699 9.36745
      vertex -0.858104 2.87508 9.19586
      vertex -1.08466 2.98699 9.24757
    endloop
  endfacet
  facet normal 0.511814 0.846346 -0.147465
    outer loop
      vertex -1.05012 2.98699 9.36745
      vertex -1.08466 2.98699 9.24757
      vertex -1.29757 3.12421 9.29616
    endloop
  endfacet
  facet normal 0.214127 0.974855 -0.0617001
    outer loop
      vertex -0.363644 2.7325 9.12724
      vertex -0.375605 2.7325 9.08573
      vertex -0.60099 2.78989 9.2103
    endloop
  endfacet
  facet normal 0.0836164 0.993692 -0.074733
    outer loop
      vertex -0.272423 2.7325 9.27242
      vertex -0.100826 2.70362 9.08041
      vertex -0.301211 2.7325 9.24021
    endloop
  endfacet
  facet normal 0.428301 0.900701 -0.0727763
    outer loop
      vertex -1.08466 2.98699 9.24757
      vertex -0.858104 2.87508 9.19586
      vertex -1.10556 2.98699 9.12457
    endloop
  endfacet
  facet normal 0.32608 0.943717 -0.0554012
    outer loop
      vertex -0.858104 2.87508 9.19586
      vertex -0.632718 2.78989 9.07129
      vertex -0.874637 2.87508 9.09855
    endloop
  endfacet
  facet normal 0.0981497 0.993692 0.054251
    outer loop
      vertex -0.109195 2.70362 8.93139
      vertex -0.326212 2.7325 8.79503
      vertex -0.347111 2.7325 8.83284
    endloop
  endfacet
  facet normal 0.0187676 0.993692 0.110563
    outer loop
      vertex -0.0144386 2.70362 8.87185
      vertex -0.0431356 2.7325 8.61716
      vertex -0.0857286 2.7325 8.62439
    endloop
  endfacet
  facet normal 0.0542491 0.993692 -0.0981493
    outer loop
      vertex -0.167159 2.7325 9.34711
      vertex -0.0686111 2.70362 9.10919
      vertex -0.204972 2.7325 9.32621
    endloop
  endfacet
  facet normal 0.037325 0.974856 -0.219687
    outer loop
      vertex -0.07129 2.78989 9.63272
      vertex -0.0857286 2.7325 9.3756
      vertex -0.141684 2.78989 9.62076
    endloop
  endfacet
  facet normal -0.0187672 0.993691 -0.110567
    outer loop
      vertex 0.0857286 2.7325 9.3756
      vertex 0.0286961 2.70362 9.12573
      vertex 0.0144386 2.70362 9.12815
    endloop
  endfacet
  facet normal 0.305571 0.943718 -0.126583
    outer loop
      vertex -0.573666 2.78989 9.27626
      vertex -0.60099 2.78989 9.2103
      vertex -0.793007 2.87508 9.38189
    endloop
  endfacet
  facet normal 0.317826 0.943719 -0.0915544
    outer loop
      vertex -0.60099 2.78989 9.2103
      vertex -0.620757 2.78989 9.14168
      vertex -0.858104 2.87508 9.19586
    endloop
  endfacet
  facet normal 0.15845 0.329989 -0.930592
    outer loop
      vertex -0.237915 4.11983 11.1116
      vertex -0.472839 4.11983 11.0716
      vertex -0.491796 4.36328 11.1547
    endloop
  endfacet
  facet normal 0.261081 0.329984 -0.907164
    outer loop
      vertex -0.491796 4.36328 11.1547
      vertex -0.472839 4.11983 11.0716
      vertex -0.701818 4.11983 11.0057
    endloop
  endfacet
  facet normal 0.158087 0.329643 -0.930776
    outer loop
      vertex -0.247454 4.36328 11.1962
      vertex -0.237915 4.11983 11.1116
      vertex -0.491796 4.36328 11.1547
    endloop
  endfacet
  facet normal 0.052949 0.32964 -0.942621
    outer loop
      vertex 0 4.36328 11.2101
      vertex -0.237915 4.11983 11.1116
      vertex -0.247454 4.36328 11.1962
    endloop
  endfacet
  facet normal -0.27514 0.111592 -0.954906
    outer loop
      vertex 0.510992 4.87104 11.2388
      vertex 0.758447 4.87104 11.1675
      vertex 0.504566 4.61474 11.2107
    endloop
  endfacet
  facet normal -0.275129 0.11158 -0.95491
    outer loop
      vertex 0.758447 4.87104 11.1675
      vertex 0.748908 4.61474 11.1403
      vertex 0.504566 4.61474 11.2107
    endloop
  endfacet
  facet normal 0.900783 0.222182 -0.373128
    outer loop
      vertex -2.04295 4.61474 9.98383
      vertex -2.08609 4.36328 9.72995
      vertex -2.14026 4.61474 9.74891
    endloop
  endfacet
  facet normal 0.918083 0.111802 -0.380294
    outer loop
      vertex -2.04295 4.61474 9.98383
      vertex -2.14026 4.61474 9.74891
      vertex -2.16752 4.87104 9.75845
    endloop
  endfacet
  facet normal 0.813998 0.531429 -0.234498
    outer loop
      vertex -1.77053 3.66906 9.61953
      vertex -1.82876 3.66906 9.4174
      vertex -1.90005 3.88745 9.66486
    endloop
  endfacet
  facet normal 0.751747 0.622877 -0.216565
    outer loop
      vertex -1.77053 3.66906 9.61953
      vertex -1.61874 3.4674 9.56642
      vertex -1.82876 3.66906 9.4174
    endloop
  endfacet
  facet normal 0.845754 0.531458 0.0474679
    outer loop
      vertex -1.86399 3.66906 8.78998
      vertex -2.00036 3.88745 8.77461
      vertex -2.01301 3.88745 9
    endloop
  endfacet
  facet normal 0.697661 0.706557 -0.118521
    outer loop
      vertex -1.67198 3.4674 9.38162
      vertex -1.49417 3.28502 9.34103
      vertex -1.70419 3.4674 9.19202
    endloop
  endfacet
  facet normal 0.0395325 0.706481 -0.706627
    outer loop
      vertex 0 3.28502 10.5326
      vertex -0.171596 3.28502 10.523
      vertex -0.192016 3.4674 10.7042
    endloop
  endfacet
  facet normal 0.172838 0.78136 -0.599669
    outer loop
      vertex -0.341035 3.28502 10.4942
      vertex -0.296163 3.12421 10.2976
      vertex -0.506185 3.28502 10.4466
    endloop
  endfacet
  facet normal 0.378248 0.622947 -0.684738
    outer loop
      vertex -0.813874 3.66906 10.69
      vertex -0.912422 3.4674 10.4521
      vertex -0.99798 3.66906 10.5883
    endloop
  endfacet
  facet normal 0.409592 0.531454 -0.741479
    outer loop
      vertex -0.813874 3.66906 10.69
      vertex -0.99798 3.66906 10.5883
      vertex -1.07099 3.88745 10.7045
    endloop
  endfacet
  facet normal 0.0475216 0.531366 -0.845809
    outer loop
      vertex 0 3.88745 11.013
      vertex 0 3.66906 10.8758
      vertex -0.210021 3.66906 10.864
    endloop
  endfacet
  facet normal 0.196009 0.706467 -0.680062
    outer loop
      vertex -0.341035 3.28502 10.4942
      vertex -0.506185 3.28502 10.4466
      vertex -0.566421 3.4674 10.6187
    endloop
  endfacet
  facet normal 0.0438855 0.622873 -0.781091
    outer loop
      vertex 0 3.66906 10.8758
      vertex -0.192016 3.4674 10.7042
      vertex -0.210021 3.66906 10.864
    endloop
  endfacet
  facet normal 0.047279 0.531535 -0.845716
    outer loop
      vertex 0 3.88745 11.013
      vertex -0.210021 3.66906 10.864
      vertex -0.225386 3.88745 11.0004
    endloop
  endfacet
  facet normal 0.0348587 0.781377 -0.623085
    outer loop
      vertex 0 3.28502 10.5326
      vertex -0.149018 3.12421 10.3226
      vertex -0.171596 3.28502 10.523
    endloop
  endfacet
  facet normal 0.0397378 0.706587 -0.70651
    outer loop
      vertex 0 3.4674 10.715
      vertex 0 3.28502 10.5326
      vertex -0.192016 3.4674 10.7042
    endloop
  endfacet
  facet normal 0.269742 0.943718 0.191404
    outer loop
      vertex -0.539127 2.78989 8.66124
      vertex -0.497808 2.78989 8.60301
      vertex -0.688146 2.87508 8.45122
    endloop
  endfacet
  facet normal 0.434392 0.846358 0.30819
    outer loop
      vertex -0.942025 2.98699 8.40809
      vertex -0.869829 2.98699 8.30633
      vertex -1.12694 3.12421 8.29189
    endloop
  endfacet
  facet normal 0.246621 0.943718 0.220394
    outer loop
      vertex -0.497808 2.78989 8.60301
      vertex -0.45023 2.78989 8.54977
      vertex -0.622375 2.87508 8.37762
    endloop
  endfacet
  facet normal 0.28949 0.900699 0.323941
    outer loop
      vertex -0.622375 2.87508 8.37762
      vertex -0.548778 2.87508 8.31185
      vertex -0.693666 2.98699 8.13017
    endloop
  endfacet
  facet normal 0.148491 0.974855 0.166156
    outer loop
      vertex -0.272423 2.7325 8.72758
      vertex -0.240208 2.7325 8.69879
      vertex -0.396989 2.78989 8.50219
    endloop
  endfacet
  facet normal 0.181745 0.974856 0.128939
    outer loop
      vertex -0.326212 2.7325 8.79503
      vertex -0.301211 2.7325 8.75979
      vertex -0.539127 2.78989 8.66124
    endloop
  endfacet
  facet normal 0.181737 0.974855 0.128957
    outer loop
      vertex -0.301211 2.7325 8.75979
      vertex -0.497808 2.78989 8.60301
      vertex -0.539127 2.78989 8.66124
    endloop
  endfacet
  facet normal 0.195028 0.974855 0.107799
    outer loop
      vertex -0.347111 2.7325 8.83284
      vertex -0.326212 2.7325 8.79503
      vertex -0.539127 2.78989 8.66124
    endloop
  endfacet
  facet normal 0.251381 0.900698 0.354332
    outer loop
      vertex -0.548778 2.87508 8.31185
      vertex -0.468279 2.87508 8.25474
      vertex -0.693666 2.98699 8.13017
    endloop
  endfacet
  facet normal 0.2514 0.900704 0.354303
    outer loop
      vertex -0.468279 2.87508 8.25474
      vertex -0.591913 2.98699 8.05797
      vertex -0.693666 2.98699 8.13017
    endloop
  endfacet
  facet normal 0.120251 0.900699 0.41747
    outer loop
      vertex -0.290702 2.87508 8.16922
      vertex -0.195856 2.87508 8.1419
      vertex -0.367453 2.98699 7.94988
    endloop
  endfacet
  facet normal 0.0915496 0.943718 0.31783
    outer loop
      vertex -0.210296 2.78989 8.39901
      vertex -0.195856 2.87508 8.1419
      vertex -0.290702 2.87508 8.16922
    endloop
  endfacet
  facet normal 0.0372922 0.974856 0.219694
    outer loop
      vertex -0.0431356 2.7325 8.61716
      vertex -0.07129 2.78989 8.36728
      vertex -0.0857286 2.7325 8.62439
    endloop
  endfacet
  facet normal 0.0617346 0.974856 0.214113
    outer loop
      vertex -0.127244 2.7325 8.63636
      vertex -0.0857286 2.7325 8.62439
      vertex -0.210296 2.78989 8.39901
    endloop
  endfacet
  facet normal 0.0915804 0.943714 0.317831
    outer loop
      vertex -0.141684 2.78989 8.37924
      vertex -0.195856 2.87508 8.1419
      vertex -0.210296 2.78989 8.39901
    endloop
  endfacet
  facet normal 0.0554027 0.943714 0.326088
    outer loop
      vertex -0.141684 2.78989 8.37924
      vertex -0.07129 2.78989 8.36728
      vertex -0.195856 2.87508 8.1419
    endloop
  endfacet
  facet normal -0.471368 0.222158 -0.853498
    outer loop
      vertex 0.983832 4.61474 11.0429
      vertex 1.17585 4.36328 10.8714
      vertex 0.95893 4.36328 10.9912
    endloop
  endfacet
  facet normal -0.373304 0.222155 -0.900717
    outer loop
      vertex 0.983832 4.61474 11.0429
      vertex 0.95893 4.36328 10.9912
      vertex 0.729953 4.36328 11.0861
    endloop
  endfacet
  facet normal -0.0503047 0.43331 -0.89984
    outer loop
      vertex 0.237915 4.11983 11.1116
      vertex 0.225386 3.88745 11.0004
      vertex 0 3.88745 11.013
    endloop
  endfacet
  facet normal -0.151302 0.433307 -0.888455
    outer loop
      vertex 0.237915 4.11983 11.1116
      vertex 0.447937 3.88745 10.9625
      vertex 0.225386 3.88745 11.0004
    endloop
  endfacet
  facet normal -0.740965 0.111755 -0.662179
    outer loop
      vertex 1.79538 4.87104 10.4318
      vertex 1.77281 4.61474 10.4138
      vertex 1.60337 4.61474 10.6034
    endloop
  endfacet
  facet normal -0.726988 0.222245 -0.649688
    outer loop
      vertex 1.60337 4.61474 10.6034
      vertex 1.77281 4.61474 10.4138
      vertex 1.56278 4.36328 10.5628
    endloop
  endfacet
  facet normal -0.795255 0.222242 -0.564073
    outer loop
      vertex 1.77281 4.61474 10.4138
      vertex 1.87135 4.36328 10.1758
      vertex 1.72793 4.36328 10.378
    endloop
  endfacet
  facet normal -0.770023 0.329782 -0.546176
    outer loop
      vertex 1.72793 4.36328 10.378
      vertex 1.87135 4.36328 10.1758
      vertex 1.66133 4.11983 10.3249
    endloop
  endfacet
  facet normal -0.853338 0.222312 -0.471584
    outer loop
      vertex 1.91995 4.61474 10.2064
      vertex 2.04295 4.61474 9.98383
      vertex 1.87135 4.36328 10.1758
    endloop
  endfacet
  facet normal -0.875176 0 -0.483805
    outer loop
      vertex 2.06897 4.87104 9.99636
      vertex 1.9444 5 10.2217
      vertex 2.06897 5 9.99636
    endloop
  endfacet
  facet normal -0.875176 -0 -0.483805
    outer loop
      vertex 1.9444 5 10.2217
      vertex 2.06897 4.87104 9.99636
      vertex 1.9444 4.87104 10.2217
    endloop
  endfacet
  facet normal -0.961228 0.222169 -0.163343
    outer loop
      vertex 2.21065 4.61474 9.50457
      vertex 2.25325 4.61474 9.25388
      vertex 2.1547 4.36328 9.4918
    endloop
  endfacet
  facet normal -0.918082 0.111797 -0.380299
    outer loop
      vertex 2.06897 4.87104 9.99636
      vertex 2.16752 4.87104 9.75845
      vertex 2.04295 4.61474 9.98383
    endloop
  endfacet
  facet normal -0.907147 0.329816 -0.261353
    outer loop
      vertex 2.1547 4.36328 9.4918
      vertex 2.07165 4.11983 9.47284
      vertex 2.00568 4.11983 9.70182
    endloop
  endfacet
  facet normal -0.907147 0.329823 -0.261345
    outer loop
      vertex 2.08609 4.36328 9.72995
      vertex 2.1547 4.36328 9.4918
      vertex 2.00568 4.11983 9.70182
    endloop
  endfacet
  facet normal -0.954896 0.111802 -0.275089
    outer loop
      vertex 2.16752 4.87104 9.75845
      vertex 2.21065 4.61474 9.50457
      vertex 2.14026 4.61474 9.74891
    endloop
  endfacet
  facet normal -0.936905 0.222169 -0.269906
    outer loop
      vertex 2.21065 4.61474 9.50457
      vertex 2.1547 4.36328 9.4918
      vertex 2.14026 4.61474 9.74891
    endloop
  endfacet
  facet normal -0.751749 0.622871 -0.216575
    outer loop
      vertex 1.82876 3.66906 9.4174
      vertex 1.67198 3.4674 9.38162
      vertex 1.61874 3.4674 9.56642
    endloop
  endfacet
  facet normal -0.771273 0.622872 -0.131027
    outer loop
      vertex 1.82876 3.66906 9.4174
      vertex 1.70419 3.4674 9.19202
      vertex 1.67198 3.4674 9.38162
    endloop
  endfacet
  facet normal 0.269904 0.222169 0.936906
    outer loop
      vertex -0.491796 4.36328 6.8453
      vertex -0.504566 4.61474 6.78935
      vertex -0.748908 4.61474 6.85974
    endloop
  endfacet
  facet normal 0.26991 0.222175 0.936903
    outer loop
      vertex -0.729953 4.36328 6.91391
      vertex -0.491796 4.36328 6.8453
      vertex -0.748908 4.61474 6.85974
    endloop
  endfacet
  facet normal 0.249501 0.433335 0.866008
    outer loop
      vertex -0.664856 3.88745 7.09995
      vertex -0.472839 4.11983 6.92835
      vertex -0.701818 4.11983 6.99432
    endloop
  endfacet
  facet normal 0.344888 0.433335 0.83263
    outer loop
      vertex -0.664856 3.88745 7.09995
      vertex -0.701818 4.11983 6.99432
      vertex -0.921969 4.11983 7.08551
    endloop
  endfacet
  facet normal -0.159995 0.943717 0.289482
    outer loop
      vertex 0.338756 2.78989 8.46087
      vertex 0.381892 2.87508 8.20699
      vertex 0.276262 2.78989 8.42633
    endloop
  endfacet
  facet normal -0.107793 0.974856 0.195032
    outer loop
      vertex 0.338756 2.78989 8.46087
      vertex 0.276262 2.78989 8.42633
      vertex 0.167159 2.7325 8.65289
    endloop
  endfacet
  facet normal -0.0649016 0.993692 0.0914601
    outer loop
      vertex 0.0804062 2.70362 8.89917
      vertex 0.204972 2.7325 8.67379
      vertex 0.0686111 2.70362 8.8908
    endloop
  endfacet
  facet normal -0.0542509 0.993692 0.0981526
    outer loop
      vertex 0.204972 2.7325 8.67379
      vertex 0.167159 2.7325 8.65289
      vertex 0.0686111 2.70362 8.8908
    endloop
  endfacet
  facet normal -0.0372922 0.974856 0.219694
    outer loop
      vertex 0.0857286 2.7325 8.62439
      vertex 0.07129 2.78989 8.36728
      vertex 0.0431356 2.7325 8.61716
    endloop
  endfacet
  facet normal -0.210147 0.900701 0.380232
    outer loop
      vertex 0.591913 2.98699 8.05797
      vertex 0.482718 2.98699 7.99762
      vertex 0.381892 2.87508 8.20699
    endloop
  endfacet
  facet normal -0.257644 0.846347 0.466172
    outer loop
      vertex 0.591913 2.98699 8.05797
      vertex 0.708104 3.12421 7.87306
      vertex 0.482718 2.98699 7.99762
    endloop
  endfacet
  facet normal -0.269742 0.943718 0.191404
    outer loop
      vertex 0.539127 2.78989 8.66124
      vertex 0.688146 2.87508 8.45122
      vertex 0.497808 2.78989 8.60301
    endloop
  endfacet
  facet normal -0.246625 0.943718 0.220391
    outer loop
      vertex 0.688146 2.87508 8.45122
      vertex 0.622375 2.87508 8.37762
      vertex 0.497808 2.78989 8.60301
    endloop
  endfacet
  facet normal 0.942561 0.329811 0.0529465
    outer loop
      vertex -2.11156 4.11983 8.76208
      vertex -2.19621 4.36328 8.75255
      vertex -2.21011 4.36328 9
    endloop
  endfacet
  facet normal 0.973463 0.222214 0.0546823
    outer loop
      vertex -2.21011 4.36328 9
      vertex -2.19621 4.36328 8.75255
      vertex -2.25325 4.61474 8.74612
    endloop
  endfacet
  facet normal 0.813998 0.531429 0.234498
    outer loop
      vertex -1.82876 3.66906 8.5826
      vertex -1.77053 3.66906 8.38047
      vertex -1.90005 3.88745 8.33514
    endloop
  endfacet
  facet normal 0.782622 0.531433 0.324163
    outer loop
      vertex -1.77053 3.66906 8.38047
      vertex -1.69003 3.66906 8.18612
      vertex -1.90005 3.88745 8.33514
    endloop
  endfacet
  facet normal 0.525106 0.846347 0.0892253
    outer loop
      vertex -1.10556 2.98699 8.87543
      vertex -1.08466 2.98699 8.75243
      vertex -1.29757 3.12421 8.70384
    endloop
  endfacet
  facet normal 0.52511 0.846345 0.0892194
    outer loop
      vertex -1.10556 2.98699 8.87543
      vertex -1.29757 3.12421 8.70384
      vertex -1.32257 3.12421 8.85098
    endloop
  endfacet
  facet normal 0.899815 0.433335 0.0505276
    outer loop
      vertex -2.01301 3.88745 9
      vertex -2.11156 4.11983 8.76208
      vertex -2.12492 4.11983 9
    endloop
  endfacet
  facet normal 0.899815 0.433335 -0.0505276
    outer loop
      vertex -2.11156 4.11983 9.23792
      vertex -2.01301 3.88745 9
      vertex -2.12492 4.11983 9
    endloop
  endfacet
  facet normal 0.434384 0.846348 0.30823
    outer loop
      vertex -0.869829 2.98699 8.30633
      vertex -1.04057 3.12421 8.17017
      vertex -1.12694 3.12421 8.29189
    endloop
  endfacet
  facet normal 0.466143 0.846357 0.257662
    outer loop
      vertex -1.00238 2.98699 8.51728
      vertex -0.942025 2.98699 8.40809
      vertex -1.12694 3.12421 8.29189
    endloop
  endfacet
  facet normal 0.276869 0 -0.960908
    outer loop
      vertex -0.758447 4.87104 11.1675
      vertex -0.510992 5 11.2388
      vertex -0.510992 4.87104 11.2388
    endloop
  endfacet
  facet normal 0.276869 0 -0.960908
    outer loop
      vertex -0.510992 5 11.2388
      vertex -0.758447 4.87104 11.1675
      vertex -0.758447 5 11.1675
    endloop
  endfacet
  facet normal 0.672019 0.433324 0.600517
    outer loop
      vertex -1.42342 3.88745 7.57658
      vertex -1.50255 4.11983 7.49745
      vertex -1.57384 3.88745 7.74491
    endloop
  endfacet
  facet normal 0.600517 0.433324 0.672019
    outer loop
      vertex -1.42342 3.88745 7.57658
      vertex -1.25509 3.88745 7.42616
      vertex -1.50255 4.11983 7.49745
    endloop
  endfacet
  facet normal 0.76993 0.329813 0.546288
    outer loop
      vertex -1.79922 4.11983 7.86947
      vertex -1.66133 4.11983 7.67513
      vertex -1.87135 4.36328 7.82415
    endloop
  endfacet
  facet normal 0.703932 0.329805 0.629054
    outer loop
      vertex -1.66133 4.11983 7.67513
      vertex -1.50255 4.11983 7.49745
      vertex -1.72793 4.36328 7.62202
    endloop
  endfacet
  facet normal 0.703923 0.329786 0.629074
    outer loop
      vertex -1.50255 4.11983 7.49745
      vertex -1.56278 4.36328 7.43722
      vertex -1.72793 4.36328 7.62202
    endloop
  endfacet
  facet normal 0.795195 0.222186 0.564179
    outer loop
      vertex -1.87135 4.36328 7.82415
      vertex -1.77281 4.61474 7.58623
      vertex -1.91995 4.61474 7.79362
    endloop
  endfacet
  facet normal 0.546288 0.329813 0.76993
    outer loop
      vertex -1.13053 4.11983 7.20078
      vertex -1.17585 4.36328 7.12865
      vertex -1.32487 4.11983 7.33867
    endloop
  endfacet
  facet normal 0.45666 0.329813 0.826247
    outer loop
      vertex -1.13053 4.11983 7.20078
      vertex -0.921969 4.11983 7.08551
      vertex -1.17585 4.36328 7.12865
    endloop
  endfacet
  facet normal 0.361284 0.329827 0.872174
    outer loop
      vertex -0.701818 4.11983 6.99432
      vertex -0.729953 4.36328 6.91391
      vertex -0.95893 4.36328 7.00876
    endloop
  endfacet
  facet normal 0.361272 0.329814 0.872184
    outer loop
      vertex -0.921969 4.11983 7.08551
      vertex -0.701818 4.11983 6.99432
      vertex -0.95893 4.36328 7.00876
    endloop
  endfacet
  facet normal -0.126567 0.943718 -0.305577
    outer loop
      vertex 0.290702 2.87508 9.83078
      vertex 0.381892 2.87508 9.79301
      vertex 0.210296 2.78989 9.60099
    endloop
  endfacet
  facet normal -0.166257 0.900686 -0.401402
    outer loop
      vertex 0.367453 2.98699 10.0501
      vertex 0.381892 2.87508 9.79301
      vertex 0.290702 2.87508 9.83078
    endloop
  endfacet
  facet normal -0.301766 0.781383 -0.54624
    outer loop
      vertex 0.664968 3.28502 10.3808
      vertex 0.815391 3.28502 10.2977
      vertex 0.577475 3.12421 10.1991
    endloop
  endfacet
  facet normal -0.239108 0.78139 -0.576417
    outer loop
      vertex 0.664968 3.28502 10.3808
      vertex 0.577475 3.12421 10.1991
      vertex 0.439583 3.12421 10.2563
    endloop
  endfacet
  facet normal -0.564632 0.531237 -0.631647
    outer loop
      vertex 1.25509 3.88745 10.5738
      vertex 1.32638 3.66906 10.3264
      vertex 1.16954 3.66906 10.4666
    endloop
  endfacet
  facet normal -0.490193 0.531223 -0.691023
    outer loop
      vertex 1.25509 3.88745 10.5738
      vertex 1.16954 3.66906 10.4666
      vertex 0.99798 3.66906 10.5883
    endloop
  endfacet
  facet normal -0.465338 0.781349 -0.415877
    outer loop
      vertex 1.08371 3.28502 10.0837
      vertex 1.19823 3.28502 9.95556
      vertex 0.941119 3.12421 9.94112
    endloop
  endfacet
  facet normal -0.527623 0.706585 -0.471542
    outer loop
      vertex 1.34082 3.4674 10.0693
      vertex 1.19823 3.28502 9.95556
      vertex 1.08371 3.28502 10.0837
    endloop
  endfacet
  facet normal -0.378326 0.622904 -0.684734
    outer loop
      vertex 0.813874 3.66906 10.69
      vertex 0.912422 3.4674 10.4521
      vertex 0.744101 3.4674 10.5451
    endloop
  endfacet
  facet normal -0.299382 0.622903 -0.722746
    outer loop
      vertex 0.813874 3.66906 10.69
      vertex 0.744101 3.4674 10.5451
      vertex 0.566421 3.4674 10.6187
    endloop
  endfacet
  facet normal -0.326077 0.943718 -0.0554085
    outer loop
      vertex 0.858104 2.87508 9.19586
      vertex 0.632718 2.78989 9.07129
      vertex 0.620757 2.78989 9.14168
    endloop
  endfacet
  facet normal -0.433754 0.900702 -0.0243615
    outer loop
      vertex 1.10556 2.98699 9.12457
      vertex 0.880172 2.87508 9
      vertex 0.874637 2.87508 9.09855
    endloop
  endfacet
  facet normal 0.428299 0.900702 0.0727682
    outer loop
      vertex -0.874637 2.87508 8.90145
      vertex -0.858104 2.87508 8.80414
      vertex -1.10556 2.98699 8.87543
    endloop
  endfacet
  facet normal 0.428301 0.900701 0.0727763
    outer loop
      vertex -0.858104 2.87508 8.80414
      vertex -1.08466 2.98699 8.75243
      vertex -1.10556 2.98699 8.87543
    endloop
  endfacet
  facet normal 0.22249 0.974855 0.0124961
    outer loop
      vertex -0.382841 2.7325 8.95686
      vertex -0.632718 2.78989 8.92871
      vertex -0.636722 2.78989 9
    endloop
  endfacet
  facet normal 0.222489 0.974855 -0.0124912
    outer loop
      vertex -0.382841 2.7325 9.04314
      vertex -0.385263 2.7325 9
      vertex -0.636722 2.78989 9
    endloop
  endfacet
  facet normal 0.531785 0.846353 -0.0298401
    outer loop
      vertex -1.10556 2.98699 9.12457
      vertex -1.11255 2.98699 9
      vertex -1.33094 3.12421 9
    endloop
  endfacet
  facet normal 0.531785 0.846353 0.0298401
    outer loop
      vertex -1.11255 2.98699 9
      vertex -1.10556 2.98699 8.87543
      vertex -1.33094 3.12421 9
    endloop
  endfacet
  facet normal 0.619359 0.70655 -0.342318
    outer loop
      vertex -1.45211 3.4674 9.91242
      vertex -1.38082 3.28502 9.66497
      vertex -1.54514 3.4674 9.7441
    endloop
  endfacet
  facet normal 0.653791 0.706551 -0.270818
    outer loop
      vertex -1.54514 3.4674 9.7441
      vertex -1.38082 3.28502 9.66497
      vertex -1.61874 3.4674 9.56642
    endloop
  endfacet
  facet normal 0.564425 0.531379 -0.631713
    outer loop
      vertex -1.25509 3.88745 10.5738
      vertex -1.32638 3.66906 10.3264
      vertex -1.42342 3.88745 10.4234
    endloop
  endfacet
  facet normal 0.600496 0.433252 -0.672084
    outer loop
      vertex -1.25509 3.88745 10.5738
      vertex -1.42342 3.88745 10.4234
      vertex -1.50255 4.11983 10.5025
    endloop
  endfacet
  facet normal 0.637969 0.622889 -0.452775
    outer loop
      vertex -1.46655 3.66906 10.1695
      vertex -1.45211 3.4674 9.91242
      vertex -1.58828 3.66906 9.99798
    endloop
  endfacet
  facet normal 0.63813 0.622788 -0.452687
    outer loop
      vertex -1.34082 3.4674 10.0693
      vertex -1.45211 3.4674 9.91242
      vertex -1.46655 3.66906 10.1695
    endloop
  endfacet
  facet normal 0.018531 0.943717 -0.330234
    outer loop
      vertex 0 2.87508 9.88017
      vertex -0.07129 2.78989 9.63272
      vertex -0.0985479 2.87508 9.87464
    endloop
  endfacet
  facet normal 0.024337 0.900729 -0.4337
    outer loop
      vertex 0 2.87508 9.88017
      vertex -0.0985479 2.87508 9.87464
      vertex -0.124566 2.98699 10.1056
    endloop
  endfacet
  facet normal 0.04291 0.993691 -0.103615
    outer loop
      vertex -0.127244 2.7325 9.36364
      vertex -0.042593 2.70362 9.12173
      vertex -0.167159 2.7325 9.34711
    endloop
  endfacet
  facet normal 0.148491 0.974855 -0.166156
    outer loop
      vertex -0.240208 2.7325 9.30121
      vertex -0.272423 2.7325 9.27242
      vertex -0.396989 2.78989 9.49781
    endloop
  endfacet
  facet normal 0.128954 0.974855 -0.181737
    outer loop
      vertex -0.338756 2.78989 9.53913
      vertex -0.240208 2.7325 9.30121
      vertex -0.396989 2.78989 9.49781
    endloop
  endfacet
  facet normal -0.269742 0.943718 -0.191404
    outer loop
      vertex 0.688146 2.87508 9.54878
      vertex 0.539127 2.78989 9.33876
      vertex 0.497808 2.78989 9.39699
    endloop
  endfacet
  facet normal -0.246625 0.943718 -0.220391
    outer loop
      vertex 0.622375 2.87508 9.62238
      vertex 0.688146 2.87508 9.54878
      vertex 0.497808 2.78989 9.39699
    endloop
  endfacet
  facet normal -0.380215 0.900704 -0.210165
    outer loop
      vertex 0.942025 2.98699 9.59191
      vertex 1.00238 2.98699 9.48272
      vertex 0.793007 2.87508 9.38189
    endloop
  endfacet
  facet normal -0.380238 0.900698 -0.210146
    outer loop
      vertex 0.942025 2.98699 9.59191
      vertex 0.793007 2.87508 9.38189
      vertex 0.745262 2.87508 9.46828
    endloop
  endfacet
  facet normal -0.2514 0.900704 -0.354303
    outer loop
      vertex 0.591913 2.98699 9.94203
      vertex 0.693666 2.98699 9.86983
      vertex 0.468279 2.87508 9.74526
    endloop
  endfacet
  facet normal -0.210162 0.900705 -0.380214
    outer loop
      vertex 0.591913 2.98699 9.94203
      vertex 0.468279 2.87508 9.74526
      vertex 0.381892 2.87508 9.79301
    endloop
  endfacet
  facet normal -0.159995 0.943717 -0.289482
    outer loop
      vertex 0.381892 2.87508 9.79301
      vertex 0.338756 2.78989 9.53913
      vertex 0.276262 2.78989 9.57367
    endloop
  endfacet
  facet normal -0.0852658 0.974855 -0.20588
    outer loop
      vertex 0.210296 2.78989 9.60099
      vertex 0.276262 2.78989 9.57367
      vertex 0.167159 2.7325 9.34711
    endloop
  endfacet
  facet normal -0.0310459 0.993691 -0.107766
    outer loop
      vertex 0.0857286 2.7325 9.3756
      vertex 0.127244 2.7325 9.36364
      vertex 0.042593 2.70362 9.12173
    endloop
  endfacet
  facet normal -0.0542491 0.993692 -0.0981493
    outer loop
      vertex 0.167159 2.7325 9.34711
      vertex 0.204972 2.7325 9.32621
      vertex 0.0686111 2.70362 9.10919
    endloop
  endfacet
  facet normal -0.0616981 0.974856 -0.214124
    outer loop
      vertex 0.141684 2.78989 9.62076
      vertex 0.210296 2.78989 9.60099
      vertex 0.0857286 2.7325 9.3756
    endloop
  endfacet
  facet normal -0.037325 0.974856 -0.219687
    outer loop
      vertex 0.141684 2.78989 9.62076
      vertex 0.0857286 2.7325 9.3756
      vertex 0.07129 2.78989 9.63272
    endloop
  endfacet
  facet normal -0.064846 0.993692 -0.091491
    outer loop
      vertex 0.204972 2.7325 9.32621
      vertex 0.0804062 2.70362 9.10083
      vertex 0.0686111 2.70362 9.10919
    endloop
  endfacet
  facet normal -0.1914 0.943718 -0.269743
    outer loop
      vertex 0.548778 2.87508 9.68815
      vertex 0.396989 2.78989 9.49781
      vertex 0.338756 2.78989 9.53913
    endloop
  endfacet
  facet normal -0.128945 0.974856 -0.18174
    outer loop
      vertex 0.338756 2.78989 9.53913
      vertex 0.240208 2.7325 9.30121
      vertex 0.204972 2.7325 9.32621
    endloop
  endfacet
  facet normal -0.107759 0.993692 0.031063
    outer loop
      vertex 0.125729 2.70362 8.9713
      vertex 0.375605 2.7325 8.91427
      vertex 0.121725 2.70362 8.95741
    endloop
  endfacet
  facet normal -0.0836164 0.993692 0.074733
    outer loop
      vertex 0.301211 2.7325 8.75979
      vertex 0.272423 2.7325 8.72758
      vertex 0.100826 2.70362 8.91959
    endloop
  endfacet
  facet normal -0.219693 0.974855 0.0373256
    outer loop
      vertex 0.382841 2.7325 8.95686
      vertex 0.632718 2.78989 8.92871
      vertex 0.375605 2.7325 8.91427
    endloop
  endfacet
  facet normal -0.433754 0.900702 0.0243615
    outer loop
      vertex 0.880172 2.87508 9
      vertex 1.10556 2.98699 8.87543
      vertex 0.874637 2.87508 8.90145
    endloop
  endfacet
  facet normal -0.214135 0.974854 0.0616847
    outer loop
      vertex 0.620757 2.78989 8.85832
      vertex 0.60099 2.78989 8.7897
      vertex 0.375605 2.7325 8.91427
    endloop
  endfacet
  facet normal -0.214127 0.974855 0.0617001
    outer loop
      vertex 0.375605 2.7325 8.91427
      vertex 0.60099 2.78989 8.7897
      vertex 0.363644 2.7325 8.87276
    endloop
  endfacet
  facet normal -0.417459 0.9007 0.120279
    outer loop
      vertex 1.08466 2.98699 8.75243
      vertex 1.05012 2.98699 8.63255
      vertex 0.858104 2.87508 8.80414
    endloop
  endfacet
  facet normal -0.428301 0.900701 0.0727763
    outer loop
      vertex 1.10556 2.98699 8.87543
      vertex 1.08466 2.98699 8.75243
      vertex 0.858104 2.87508 8.80414
    endloop
  endfacet
  facet normal -0.195028 0.974855 -0.107799
    outer loop
      vertex 0.539127 2.78989 9.33876
      vertex 0.347111 2.7325 9.16716
      vertex 0.326212 2.7325 9.20497
    endloop
  endfacet
  facet normal -0.222489 0.974855 -0.0124912
    outer loop
      vertex 0.636722 2.78989 9
      vertex 0.385263 2.7325 9
      vertex 0.382841 2.7325 9.04314
    endloop
  endfacet
  facet normal -0.428301 0.900701 -0.0727763
    outer loop
      vertex 1.08466 2.98699 9.24757
      vertex 1.10556 2.98699 9.12457
      vertex 0.858104 2.87508 9.19586
    endloop
  endfacet
  facet normal -0.417459 0.9007 -0.120279
    outer loop
      vertex 1.05012 2.98699 9.36745
      vertex 1.08466 2.98699 9.24757
      vertex 0.858104 2.87508 9.19586
    endloop
  endfacet
  facet normal -0.0981497 0.993692 -0.054251
    outer loop
      vertex 0.326212 2.7325 9.20497
      vertex 0.347111 2.7325 9.16716
      vertex 0.109195 2.70362 9.06861
    endloop
  endfacet
  facet normal -0.219693 0.974855 -0.0373313
    outer loop
      vertex 0.620757 2.78989 9.14168
      vertex 0.632718 2.78989 9.07129
      vertex 0.375605 2.7325 9.08573
    endloop
  endfacet
  facet normal 0.28949 0.900699 -0.323941
    outer loop
      vertex -0.548778 2.87508 9.68815
      vertex -0.622375 2.87508 9.62238
      vertex -0.693666 2.98699 9.86983
    endloop
  endfacet
  facet normal 0.160008 0.943716 -0.289479
    outer loop
      vertex -0.381892 2.87508 9.79301
      vertex -0.338756 2.78989 9.53913
      vertex -0.468279 2.87508 9.74526
    endloop
  endfacet
  facet normal 0.397126 0.846357 -0.354924
    outer loop
      vertex -0.786694 2.98699 9.78669
      vertex -0.869829 2.98699 9.69367
      vertex -0.941119 3.12421 9.94112
    endloop
  endfacet
  facet normal 0.466167 0.846347 -0.257653
    outer loop
      vertex -1.12694 3.12421 9.7081
      vertex -1.00238 2.98699 9.48272
      vertex -1.19914 3.12421 9.57747
    endloop
  endfacet
  facet normal 0.308035 0.84637 -0.434479
    outer loop
      vertex -0.708104 3.12421 10.1269
      vertex -0.693666 2.98699 9.86983
      vertex -0.829829 3.12421 10.0406
    endloop
  endfacet
  facet normal 0.361005 0.78128 -0.509193
    outer loop
      vertex -0.708104 3.12421 10.1269
      vertex -0.829829 3.12421 10.0406
      vertex -0.955558 3.28502 10.1982
    endloop
  endfacet
  facet normal 0.246621 0.943718 -0.220394
    outer loop
      vertex -0.45023 2.78989 9.45023
      vertex -0.497808 2.78989 9.39699
      vertex -0.622375 2.87508 9.62238
    endloop
  endfacet
  facet normal 0.269742 0.943718 -0.191404
    outer loop
      vertex -0.497808 2.78989 9.39699
      vertex -0.539127 2.78989 9.33876
      vertex -0.688146 2.87508 9.54878
    endloop
  endfacet
  facet normal 0.428299 0.900702 -0.0727682
    outer loop
      vertex -0.858104 2.87508 9.19586
      vertex -0.874637 2.87508 9.09855
      vertex -1.10556 2.98699 9.12457
    endloop
  endfacet
  facet normal 0.433754 0.900702 -0.0243615
    outer loop
      vertex -0.874637 2.87508 9.09855
      vertex -0.880172 2.87508 9
      vertex -1.10556 2.98699 9.12457
    endloop
  endfacet
  facet normal 0.326077 0.943718 -0.0554085
    outer loop
      vertex -0.620757 2.78989 9.14168
      vertex -0.632718 2.78989 9.07129
      vertex -0.858104 2.87508 9.19586
    endloop
  endfacet
  facet normal 0.214135 0.974854 -0.0616847
    outer loop
      vertex -0.60099 2.78989 9.2103
      vertex -0.375605 2.7325 9.08573
      vertex -0.620757 2.78989 9.14168
    endloop
  endfacet
  facet normal 0.214127 0.974855 0.0617001
    outer loop
      vertex -0.375605 2.7325 8.91427
      vertex -0.363644 2.7325 8.87276
      vertex -0.60099 2.78989 8.7897
    endloop
  endfacet
  facet normal 0.20588 0.974855 0.0852658
    outer loop
      vertex -0.363644 2.7325 8.87276
      vertex -0.347111 2.7325 8.83284
      vertex -0.60099 2.78989 8.7897
    endloop
  endfacet
  facet normal 0.166152 0.974854 -0.1485
    outer loop
      vertex -0.272423 2.7325 9.27242
      vertex -0.301211 2.7325 9.24021
      vertex -0.497808 2.78989 9.39699
    endloop
  endfacet
  facet normal 0.103611 0.993692 -0.0429108
    outer loop
      vertex -0.347111 2.7325 9.16716
      vertex -0.121725 2.70362 9.04259
      vertex -0.363644 2.7325 9.12724
    endloop
  endfacet
  facet normal 0.0836083 0.993692 0.0747403
    outer loop
      vertex -0.100826 2.70362 8.91959
      vertex -0.0911894 2.70362 8.90881
      vertex -0.272423 2.7325 8.72758
    endloop
  endfacet
  facet normal 0.107793 0.974856 0.195032
    outer loop
      vertex -0.167159 2.7325 8.65289
      vertex -0.276262 2.78989 8.42633
      vertex -0.338756 2.78989 8.46087
    endloop
  endfacet
  facet normal 0.0915496 0.943718 -0.31783
    outer loop
      vertex -0.195856 2.87508 9.8581
      vertex -0.210296 2.78989 9.60099
      vertex -0.290702 2.87508 9.83078
    endloop
  endfacet
  facet normal 0.126567 0.943718 -0.305577
    outer loop
      vertex -0.290702 2.87508 9.83078
      vertex -0.210296 2.78989 9.60099
      vertex -0.381892 2.87508 9.79301
    endloop
  endfacet
  facet normal 0.0852615 0.974856 -0.205881
    outer loop
      vertex -0.127244 2.7325 9.36364
      vertex -0.167159 2.7325 9.34711
      vertex -0.210296 2.78989 9.60099
    endloop
  endfacet
  facet normal 0.107793 0.974856 -0.195032
    outer loop
      vertex -0.276262 2.78989 9.57367
      vertex -0.167159 2.7325 9.34711
      vertex -0.338756 2.78989 9.53913
    endloop
  endfacet
  facet normal 0.0124836 0.974855 -0.222489
    outer loop
      vertex 0 2.78989 9.63672
      vertex -0.0431356 2.7325 9.38284
      vertex -0.07129 2.78989 9.63272
    endloop
  endfacet
  facet normal 0.195041 0.974855 -0.107785
    outer loop
      vertex -0.539127 2.78989 9.33876
      vertex -0.347111 2.7325 9.16716
      vertex -0.573666 2.78989 9.27626
    endloop
  endfacet
  facet normal 0.289489 0.943718 -0.159979
    outer loop
      vertex -0.539127 2.78989 9.33876
      vertex -0.573666 2.78989 9.27626
      vertex -0.793007 2.87508 9.38189
    endloop
  endfacet
  facet normal -0.380115 0.112079 -0.918123
    outer loop
      vertex 0.996362 4.87104 11.069
      vertex 0.983832 4.61474 11.0429
      vertex 0.758447 4.87104 11.1675
    endloop
  endfacet
  facet normal -0.382526 0 -0.923945
    outer loop
      vertex 0.758447 4.87104 11.1675
      vertex 0.996362 5 11.069
      vertex 0.996362 4.87104 11.069
    endloop
  endfacet
  facet normal -0.382526 0 -0.923945
    outer loop
      vertex 0.996362 5 11.069
      vertex 0.758447 4.87104 11.1675
      vertex 0.758447 5 11.1675
    endloop
  endfacet
  facet normal 0.771275 0.622871 -0.131025
    outer loop
      vertex -1.82876 3.66906 9.4174
      vertex -1.70419 3.4674 9.19202
      vertex -1.86399 3.66906 9.21002
    endloop
  endfacet
  facet normal 0.679998 0.706558 -0.195904
    outer loop
      vertex -1.61874 3.4674 9.56642
      vertex -1.49417 3.28502 9.34103
      vertex -1.67198 3.4674 9.38162
    endloop
  endfacet
  facet normal 0.722767 0.622876 -0.299386
    outer loop
      vertex -1.69003 3.66906 9.81387
      vertex -1.61874 3.4674 9.56642
      vertex -1.77053 3.66906 9.61953
    endloop
  endfacet
  facet normal 0.782617 0.531432 -0.324177
    outer loop
      vertex -1.69003 3.66906 9.81387
      vertex -1.77053 3.66906 9.61953
      vertex -1.90005 3.88745 9.66486
    endloop
  endfacet
  facet normal 0.771273 0.622872 0.131027
    outer loop
      vertex -1.70419 3.4674 8.80798
      vertex -1.67198 3.4674 8.61838
      vertex -1.82876 3.66906 8.5826
    endloop
  endfacet
  facet normal 0.69767 0.706544 0.118543
    outer loop
      vertex -1.52296 3.28502 8.8284
      vertex -1.49417 3.28502 8.65896
      vertex -1.70419 3.4674 8.80798
    endloop
  endfacet
  facet normal 0.706549 0.706549 -0.0397025
    outer loop
      vertex -1.70419 3.4674 9.19202
      vertex -1.5326 3.28502 9
      vertex -1.71498 3.4674 9
    endloop
  endfacet
  facet normal 0.781094 0.622869 -0.0438913
    outer loop
      vertex -1.70419 3.4674 9.19202
      vertex -1.71498 3.4674 9
      vertex -1.87579 3.66906 9
    endloop
  endfacet
  facet normal 0.771275 0.622871 0.131025
    outer loop
      vertex -1.70419 3.4674 8.80798
      vertex -1.82876 3.66906 8.5826
      vertex -1.86399 3.66906 8.78998
    endloop
  endfacet
  facet normal 0.781092 0.622872 0.0438857
    outer loop
      vertex -1.70419 3.4674 8.80798
      vertex -1.86399 3.66906 8.78998
      vertex -1.87579 3.66906 9
    endloop
  endfacet
  facet normal 0.32413 0.531629 -0.782502
    outer loop
      vertex -0.664856 3.88745 10.9001
      vertex -0.619534 3.66906 10.7705
      vertex -0.813874 3.66906 10.69
    endloop
  endfacet
  facet normal 0.324172 0.531602 -0.782504
    outer loop
      vertex -0.664856 3.88745 10.9001
      vertex -0.813874 3.66906 10.69
      vertex -0.873413 3.88745 10.8137
    endloop
  endfacet
  facet normal 0.0439339 0.622844 -0.781111
    outer loop
      vertex 0 3.66906 10.8758
      vertex 0 3.4674 10.715
      vertex -0.192016 3.4674 10.7042
    endloop
  endfacet
  facet normal -0.130915 0.622876 -0.771289
    outer loop
      vertex 0.210021 3.66906 10.864
      vertex 0.417402 3.66906 10.8288
      vertex 0.192016 3.4674 10.7042
    endloop
  endfacet
  facet normal 0.130915 0.622876 -0.771289
    outer loop
      vertex -0.210021 3.66906 10.864
      vertex -0.192016 3.4674 10.7042
      vertex -0.417402 3.66906 10.8288
    endloop
  endfacet
  facet normal 0.13098 0.622919 -0.771243
    outer loop
      vertex -0.192016 3.4674 10.7042
      vertex -0.381618 3.4674 10.672
      vertex -0.417402 3.66906 10.8288
    endloop
  endfacet
  facet normal 0.0298925 0.846253 -0.531942
    outer loop
      vertex 0 3.12421 10.3309
      vertex 0 2.98699 10.1126
      vertex -0.124566 2.98699 10.1056
    endloop
  endfacet
  facet normal -0.0395325 0.706481 -0.706627
    outer loop
      vertex 0.192016 3.4674 10.7042
      vertex 0.171596 3.28502 10.523
      vertex 0 3.28502 10.5326
    endloop
  endfacet
  facet normal 0.118594 0.706485 -0.697721
    outer loop
      vertex -0.192016 3.4674 10.7042
      vertex -0.171596 3.28502 10.523
      vertex -0.341035 3.28502 10.4942
    endloop
  endfacet
  facet normal 0.118488 0.706534 -0.697689
    outer loop
      vertex -0.192016 3.4674 10.7042
      vertex -0.341035 3.28502 10.4942
      vertex -0.381618 3.4674 10.672
    endloop
  endfacet
  facet normal 0.397126 0.846357 0.354924
    outer loop
      vertex -0.869829 2.98699 8.30633
      vertex -0.786694 2.98699 8.21331
      vertex -0.941119 3.12421 8.05888
    endloop
  endfacet
  facet normal 0.354919 0.846357 0.39713
    outer loop
      vertex -0.786694 2.98699 8.21331
      vertex -0.693666 2.98699 8.13017
      vertex -0.941119 3.12421 8.05888
    endloop
  endfacet
  facet normal 0.32394 0.900701 0.289482
    outer loop
      vertex -0.688146 2.87508 8.45122
      vertex -0.622375 2.87508 8.37762
      vertex -0.869829 2.98699 8.30633
    endloop
  endfacet
  facet normal 0.246625 0.943718 0.220391
    outer loop
      vertex -0.497808 2.78989 8.60301
      vertex -0.622375 2.87508 8.37762
      vertex -0.688146 2.87508 8.45122
    endloop
  endfacet
  facet normal 0.220394 0.943718 0.246622
    outer loop
      vertex -0.396989 2.78989 8.50219
      vertex -0.548778 2.87508 8.31185
      vertex -0.622375 2.87508 8.37762
    endloop
  endfacet
  facet normal 0.1914 0.943718 0.269743
    outer loop
      vertex -0.396989 2.78989 8.50219
      vertex -0.338756 2.78989 8.46087
      vertex -0.548778 2.87508 8.31185
    endloop
  endfacet
  facet normal 0.0836164 0.993692 0.074733
    outer loop
      vertex -0.100826 2.70362 8.91959
      vertex -0.272423 2.7325 8.72758
      vertex -0.301211 2.7325 8.75979
    endloop
  endfacet
  facet normal 0.166152 0.974854 0.1485
    outer loop
      vertex -0.301211 2.7325 8.75979
      vertex -0.272423 2.7325 8.72758
      vertex -0.497808 2.78989 8.60301
    endloop
  endfacet
  facet normal 0.289489 0.943718 0.159979
    outer loop
      vertex -0.573666 2.78989 8.72374
      vertex -0.539127 2.78989 8.66124
      vertex -0.793007 2.87508 8.61811
    endloop
  endfacet
  facet normal 0.195041 0.974855 0.107785
    outer loop
      vertex -0.347111 2.7325 8.83284
      vertex -0.539127 2.78989 8.66124
      vertex -0.573666 2.78989 8.72374
    endloop
  endfacet
  facet normal 0.0914657 0.993692 0.0648903
    outer loop
      vertex -0.100826 2.70362 8.91959
      vertex -0.301211 2.7325 8.75979
      vertex -0.326212 2.7325 8.79503
    endloop
  endfacet
  facet normal 0.0914734 0.993692 0.0648764
    outer loop
      vertex -0.109195 2.70362 8.93139
      vertex -0.100826 2.70362 8.91959
      vertex -0.326212 2.7325 8.79503
    endloop
  endfacet
  facet normal 0.210162 0.900705 0.380214
    outer loop
      vertex -0.468279 2.87508 8.25474
      vertex -0.381892 2.87508 8.20699
      vertex -0.591913 2.98699 8.05797
    endloop
  endfacet
  facet normal 0.160008 0.943716 0.289479
    outer loop
      vertex -0.338756 2.78989 8.46087
      vertex -0.381892 2.87508 8.20699
      vertex -0.468279 2.87508 8.25474
    endloop
  endfacet
  facet normal -0.0542142 0.993692 0.0981679
    outer loop
      vertex 0.0686111 2.70362 8.8908
      vertex 0.167159 2.7325 8.65289
      vertex 0.055954 2.70362 8.88381
    endloop
  endfacet
  facet normal 0.00628174 0.993692 0.11197
    outer loop
      vertex -0.0144386 2.70362 8.87185
      vertex 0 2.7325 8.61474
      vertex -0.0431356 2.7325 8.61716
    endloop
  endfacet
  facet normal -0.770021 0.329775 -0.546184
    outer loop
      vertex 1.87135 4.36328 10.1758
      vertex 1.79922 4.11983 10.1305
      vertex 1.66133 4.11983 10.3249
    endloop
  endfacet
  facet normal -0.735077 0.433366 -0.521398
    outer loop
      vertex 1.66133 4.11983 10.3249
      vertex 1.79922 4.11983 10.1305
      vertex 1.57384 3.88745 10.2551
    endloop
  endfacet
  facet normal -0.918083 0.111802 -0.380294
    outer loop
      vertex 2.16752 4.87104 9.75845
      vertex 2.14026 4.61474 9.74891
      vertex 2.04295 4.61474 9.98383
    endloop
  endfacet
  facet normal -0.900783 0.222182 -0.373128
    outer loop
      vertex 2.14026 4.61474 9.74891
      vertex 2.08609 4.36328 9.72995
      vertex 2.04295 4.61474 9.98383
    endloop
  endfacet
  facet normal -0.835131 0.531426 -0.141922
    outer loop
      vertex 1.96254 3.88745 9.44794
      vertex 2.00036 3.88745 9.22539
      vertex 1.82876 3.66906 9.4174
    endloop
  endfacet
  facet normal -0.771275 0.622871 -0.131025
    outer loop
      vertex 1.82876 3.66906 9.4174
      vertex 1.86399 3.66906 9.21002
      vertex 1.70419 3.4674 9.19202
    endloop
  endfacet
  facet normal -0.0617346 0.974856 0.214113
    outer loop
      vertex 0.127244 2.7325 8.63636
      vertex 0.210296 2.78989 8.39901
      vertex 0.0857286 2.7325 8.62439
    endloop
  endfacet
  facet normal -0.0852615 0.974856 0.205881
    outer loop
      vertex 0.167159 2.7325 8.65289
      vertex 0.210296 2.78989 8.39901
      vertex 0.127244 2.7325 8.63636
    endloop
  endfacet
  facet normal -0.354919 0.846357 0.39713
    outer loop
      vertex 0.786694 2.98699 8.21331
      vertex 0.941119 3.12421 8.05888
      vertex 0.693666 2.98699 8.13017
    endloop
  endfacet
  facet normal -0.289504 0.900696 0.323935
    outer loop
      vertex 0.786694 2.98699 8.21331
      vertex 0.693666 2.98699 8.13017
      vertex 0.622375 2.87508 8.37762
    endloop
  endfacet
  facet normal 0.380238 0.900698 0.210146
    outer loop
      vertex -0.793007 2.87508 8.61811
      vertex -0.745262 2.87508 8.53172
      vertex -0.942025 2.98699 8.40809
    endloop
  endfacet
  facet normal 0.380215 0.900704 0.210165
    outer loop
      vertex -0.793007 2.87508 8.61811
      vertex -0.942025 2.98699 8.40809
      vertex -1.00238 2.98699 8.51728
    endloop
  endfacet
  facet normal 0.795167 0.222222 0.564205
    outer loop
      vertex -1.72793 4.36328 7.62202
      vertex -1.77281 4.61474 7.58623
      vertex -1.87135 4.36328 7.82415
    endloop
  endfacet
  facet normal 0.726993 0.222222 0.649691
    outer loop
      vertex -1.72793 4.36328 7.62202
      vertex -1.56278 4.36328 7.43722
      vertex -1.77281 4.61474 7.58623
    endloop
  endfacet
  facet normal 0.629074 0.329786 0.703923
    outer loop
      vertex -1.50255 4.11983 7.49745
      vertex -1.37798 4.36328 7.27207
      vertex -1.56278 4.36328 7.43722
    endloop
  endfacet
  facet normal 0.649695 0.222197 0.726997
    outer loop
      vertex -1.37798 4.36328 7.27207
      vertex -1.41376 4.61474 7.22719
      vertex -1.56278 4.36328 7.43722
    endloop
  endfacet
  facet normal 0.435955 0.433316 0.788784
    outer loop
      vertex -1.07099 3.88745 7.29553
      vertex -0.921969 4.11983 7.08551
      vertex -1.13053 4.11983 7.20078
    endloop
  endfacet
  facet normal 0.521533 0.433317 0.73501
    outer loop
      vertex -1.07099 3.88745 7.29553
      vertex -1.13053 4.11983 7.20078
      vertex -1.25509 3.88745 7.42616
    endloop
  endfacet
  facet normal -0.471484 0.706566 -0.5277
    outer loop
      vertex 1.06927 3.4674 10.3408
      vertex 1.08371 3.28502 10.0837
      vertex 0.955558 3.28502 10.1982
    endloop
  endfacet
  facet normal -0.471414 0.706598 -0.527719
    outer loop
      vertex 1.21267 3.4674 10.2127
      vertex 1.08371 3.28502 10.0837
      vertex 1.06927 3.4674 10.3408
    endloop
  endfacet
  facet normal 0.317826 0.943717 0.091571
    outer loop
      vertex -0.60099 2.78989 8.7897
      vertex -0.830779 2.87508 8.7093
      vertex -0.858104 2.87508 8.80414
    endloop
  endfacet
  facet normal 0.41746 0.9007 0.120277
    outer loop
      vertex -0.858104 2.87508 8.80414
      vertex -0.830779 2.87508 8.7093
      vertex -1.05012 2.98699 8.63255
    endloop
  endfacet
  facet normal 0.317826 0.943719 0.0915544
    outer loop
      vertex -0.620757 2.78989 8.85832
      vertex -0.60099 2.78989 8.7897
      vertex -0.858104 2.87508 8.80414
    endloop
  endfacet
  facet normal 0.214135 0.974854 0.0616847
    outer loop
      vertex -0.375605 2.7325 8.91427
      vertex -0.60099 2.78989 8.7897
      vertex -0.620757 2.78989 8.85832
    endloop
  endfacet
  facet normal 0.110561 0.993692 0.0187842
    outer loop
      vertex -0.128151 2.70362 8.98556
      vertex -0.375605 2.7325 8.91427
      vertex -0.382841 2.7325 8.95686
    endloop
  endfacet
  facet normal 0.222489 0.974855 0.0124912
    outer loop
      vertex -0.385263 2.7325 9
      vertex -0.382841 2.7325 8.95686
      vertex -0.636722 2.78989 9
    endloop
  endfacet
  facet normal 0.623088 0.781369 -0.0349969
    outer loop
      vertex -1.32257 3.12421 9.14902
      vertex -1.33094 3.12421 9
      vertex -1.5326 3.28502 9
    endloop
  endfacet
  facet normal 0.623088 0.781369 0.0349969
    outer loop
      vertex -1.33094 3.12421 9
      vertex -1.32257 3.12421 8.85098
      vertex -1.5326 3.28502 9
    endloop
  endfacet
  facet normal 0.619381 0.706538 -0.342303
    outer loop
      vertex -1.29769 3.28502 9.81539
      vertex -1.38082 3.28502 9.66497
      vertex -1.45211 3.4674 9.91242
    endloop
  endfacet
  facet normal 0.546218 0.781359 -0.301869
    outer loop
      vertex -1.29769 3.28502 9.81539
      vertex -1.19914 3.12421 9.57747
      vertex -1.38082 3.28502 9.66497
    endloop
  endfacet
  facet normal 0.181745 0.974856 -0.128939
    outer loop
      vertex -0.301211 2.7325 9.24021
      vertex -0.326212 2.7325 9.20497
      vertex -0.539127 2.78989 9.33876
    endloop
  endfacet
  facet normal 0.195028 0.974855 -0.107799
    outer loop
      vertex -0.326212 2.7325 9.20497
      vertex -0.347111 2.7325 9.16716
      vertex -0.539127 2.78989 9.33876
    endloop
  endfacet
  facet normal -0.317826 0.943719 -0.0915544
    outer loop
      vertex 0.858104 2.87508 9.19586
      vertex 0.620757 2.78989 9.14168
      vertex 0.60099 2.78989 9.2103
    endloop
  endfacet
  facet normal -0.317826 0.943717 -0.091571
    outer loop
      vertex 0.830779 2.87508 9.2907
      vertex 0.858104 2.87508 9.19586
      vertex 0.60099 2.78989 9.2103
    endloop
  endfacet
  facet normal -0.0542754 0.993692 -0.0981384
    outer loop
      vertex 0.167159 2.7325 9.34711
      vertex 0.0686111 2.70362 9.10919
      vertex 0.055954 2.70362 9.11619
    endloop
  endfacet
  facet normal -0.04291 0.993691 -0.103615
    outer loop
      vertex 0.127244 2.7325 9.36364
      vertex 0.167159 2.7325 9.34711
      vertex 0.042593 2.70362 9.12173
    endloop
  endfacet
  facet normal -0.0914734 0.993692 -0.0648764
    outer loop
      vertex 0.326212 2.7325 9.20497
      vertex 0.109195 2.70362 9.06861
      vertex 0.100826 2.70362 9.08041
    endloop
  endfacet
  facet normal -0.181745 0.974856 -0.128939
    outer loop
      vertex 0.539127 2.78989 9.33876
      vertex 0.326212 2.7325 9.20497
      vertex 0.301211 2.7325 9.24021
    endloop
  endfacet
  facet normal -0.0836083 0.993692 -0.0747403
    outer loop
      vertex 0.272423 2.7325 9.27242
      vertex 0.100826 2.70362 9.08041
      vertex 0.0911894 2.70362 9.09119
    endloop
  endfacet
  facet normal -0.14849 0.974855 -0.166157
    outer loop
      vertex 0.396989 2.78989 9.49781
      vertex 0.45023 2.78989 9.45023
      vertex 0.272423 2.7325 9.27242
    endloop
  endfacet
  facet normal -0.220396 0.943719 -0.246618
    outer loop
      vertex 0.622375 2.87508 9.62238
      vertex 0.45023 2.78989 9.45023
      vertex 0.396989 2.78989 9.49781
    endloop
  endfacet
  facet normal -0.0981497 0.993692 0.054251
    outer loop
      vertex 0.347111 2.7325 8.83284
      vertex 0.326212 2.7325 8.79503
      vertex 0.109195 2.70362 8.93139
    endloop
  endfacet
  facet normal -0.0914734 0.993692 0.0648764
    outer loop
      vertex 0.109195 2.70362 8.93139
      vertex 0.326212 2.7325 8.79503
      vertex 0.100826 2.70362 8.91959
    endloop
  endfacet
  facet normal -0.0648941 0.993692 0.0914643
    outer loop
      vertex 0.240208 2.7325 8.69879
      vertex 0.204972 2.7325 8.67379
      vertex 0.0804062 2.70362 8.89917
    endloop
  endfacet
  facet normal -0.07473 0.993692 0.0836203
    outer loop
      vertex 0.272423 2.7325 8.72758
      vertex 0.240208 2.7325 8.69879
      vertex 0.0804062 2.70362 8.89917
    endloop
  endfacet
  facet normal -0.110562 0.993692 0.0187785
    outer loop
      vertex 0.128151 2.70362 8.98556
      vertex 0.375605 2.7325 8.91427
      vertex 0.125729 2.70362 8.9713
    endloop
  endfacet
  facet normal -0.107761 0.993692 0.031051
    outer loop
      vertex 0.375605 2.7325 8.91427
      vertex 0.363644 2.7325 8.87276
      vertex 0.121725 2.70362 8.95741
    endloop
  endfacet
  facet normal -0.103611 0.993692 0.0429108
    outer loop
      vertex 0.363644 2.7325 8.87276
      vertex 0.347111 2.7325 8.83284
      vertex 0.121725 2.70362 8.95741
    endloop
  endfacet
  facet normal -0.305571 0.943718 0.126583
    outer loop
      vertex 0.60099 2.78989 8.7897
      vertex 0.793007 2.87508 8.61811
      vertex 0.573666 2.78989 8.72374
    endloop
  endfacet
  facet normal -0.205877 0.974855 0.0852846
    outer loop
      vertex 0.60099 2.78989 8.7897
      vertex 0.573666 2.78989 8.72374
      vertex 0.347111 2.7325 8.83284
    endloop
  endfacet
  facet normal -0.219693 0.974855 0.0373313
    outer loop
      vertex 0.632718 2.78989 8.92871
      vertex 0.620757 2.78989 8.85832
      vertex 0.375605 2.7325 8.91427
    endloop
  endfacet
  facet normal -0.330233 0.943717 0.0185473
    outer loop
      vertex 0.880172 2.87508 9
      vertex 0.874637 2.87508 8.90145
      vertex 0.632718 2.78989 8.92871
    endloop
  endfacet
  facet normal -0.330233 0.943717 0.0185475
    outer loop
      vertex 0.636722 2.78989 9
      vertex 0.880172 2.87508 9
      vertex 0.632718 2.78989 8.92871
    endloop
  endfacet
  facet normal -0.22249 0.974855 0.0124961
    outer loop
      vertex 0.636722 2.78989 9
      vertex 0.632718 2.78989 8.92871
      vertex 0.382841 2.7325 8.95686
    endloop
  endfacet
  facet normal -0.305579 0.943716 0.126574
    outer loop
      vertex 0.830779 2.87508 8.7093
      vertex 0.793007 2.87508 8.61811
      vertex 0.60099 2.78989 8.7897
    endloop
  endfacet
  facet normal -0.401372 0.9007 0.166253
    outer loop
      vertex 0.830779 2.87508 8.7093
      vertex 1.05012 2.98699 8.63255
      vertex 0.793007 2.87508 8.61811
    endloop
  endfacet
  facet normal -0.111969 0.993692 0.00628858
    outer loop
      vertex 0.128962 2.70362 9
      vertex 0.385263 2.7325 9
      vertex 0.128151 2.70362 8.98556
    endloop
  endfacet
  facet normal -0.111969 0.993692 0.00628626
    outer loop
      vertex 0.385263 2.7325 9
      vertex 0.382841 2.7325 8.95686
      vertex 0.128151 2.70362 8.98556
    endloop
  endfacet
  facet normal -0.22249 0.974855 -0.0124961
    outer loop
      vertex 0.632718 2.78989 9.07129
      vertex 0.636722 2.78989 9
      vertex 0.382841 2.7325 9.04314
    endloop
  endfacet
  facet normal -0.107759 0.993692 -0.031063
    outer loop
      vertex 0.375605 2.7325 9.08573
      vertex 0.125729 2.70362 9.0287
      vertex 0.121725 2.70362 9.04259
    endloop
  endfacet
  facet normal -0.111969 0.993692 -0.00628626
    outer loop
      vertex 0.382841 2.7325 9.04314
      vertex 0.385263 2.7325 9
      vertex 0.128151 2.70362 9.01444
    endloop
  endfacet
  facet normal 0.220394 0.943718 -0.246622
    outer loop
      vertex -0.548778 2.87508 9.68815
      vertex -0.396989 2.78989 9.49781
      vertex -0.622375 2.87508 9.62238
    endloop
  endfacet
  facet normal 0.1914 0.943718 -0.269743
    outer loop
      vertex -0.338756 2.78989 9.53913
      vertex -0.396989 2.78989 9.49781
      vertex -0.548778 2.87508 9.68815
    endloop
  endfacet
  facet normal 0.434401 0.846352 -0.308196
    outer loop
      vertex -0.869829 2.98699 9.69367
      vertex -0.942025 2.98699 9.59191
      vertex -1.12694 3.12421 9.7081
    endloop
  endfacet
  facet normal 0.466151 0.846352 -0.257666
    outer loop
      vertex -0.942025 2.98699 9.59191
      vertex -1.00238 2.98699 9.48272
      vertex -1.12694 3.12421 9.7081
    endloop
  endfacet
  facet normal 0.32394 0.900701 -0.289482
    outer loop
      vertex -0.622375 2.87508 9.62238
      vertex -0.688146 2.87508 9.54878
      vertex -0.869829 2.98699 9.69367
    endloop
  endfacet
  facet normal 0.354316 0.900701 -0.251393
    outer loop
      vertex -0.688146 2.87508 9.54878
      vertex -0.745262 2.87508 9.46828
      vertex -0.869829 2.98699 9.69367
    endloop
  endfacet
  facet normal 0.323931 0.900697 -0.289507
    outer loop
      vertex -0.786694 2.98699 9.78669
      vertex -0.622375 2.87508 9.62238
      vertex -0.869829 2.98699 9.69367
    endloop
  endfacet
  facet normal 0.289504 0.900696 -0.323935
    outer loop
      vertex -0.693666 2.98699 9.86983
      vertex -0.622375 2.87508 9.62238
      vertex -0.786694 2.98699 9.78669
    endloop
  endfacet
  facet normal 0.50896 0.781368 -0.361141
    outer loop
      vertex -1.19823 3.28502 9.95556
      vertex -1.12694 3.12421 9.7081
      vertex -1.29769 3.28502 9.81539
    endloop
  endfacet
  facet normal 0.546194 0.781369 -0.301885
    outer loop
      vertex -1.12694 3.12421 9.7081
      vertex -1.19914 3.12421 9.57747
      vertex -1.29769 3.28502 9.81539
    endloop
  endfacet
  facet normal 0.107761 0.993692 0.031051
    outer loop
      vertex -0.121725 2.70362 8.95741
      vertex -0.363644 2.7325 8.87276
      vertex -0.375605 2.7325 8.91427
    endloop
  endfacet
  facet normal 0.103611 0.993692 0.0429108
    outer loop
      vertex -0.121725 2.70362 8.95741
      vertex -0.347111 2.7325 8.83284
      vertex -0.363644 2.7325 8.87276
    endloop
  endfacet
  facet normal 0.219693 0.974855 -0.0373313
    outer loop
      vertex -0.620757 2.78989 9.14168
      vertex -0.375605 2.7325 9.08573
      vertex -0.632718 2.78989 9.07129
    endloop
  endfacet
  facet normal 0.219693 0.974855 -0.0373256
    outer loop
      vertex -0.375605 2.7325 9.08573
      vertex -0.382841 2.7325 9.04314
      vertex -0.632718 2.78989 9.07129
    endloop
  endfacet
  facet normal 0.0187665 0.993692 0.110563
    outer loop
      vertex -0.0286961 2.70362 8.87427
      vertex -0.0144386 2.70362 8.87185
      vertex -0.0857286 2.7325 8.62439
    endloop
  endfacet
  facet normal 0.0852658 0.974855 0.20588
    outer loop
      vertex -0.167159 2.7325 8.65289
      vertex -0.210296 2.78989 8.39901
      vertex -0.276262 2.78989 8.42633
    endloop
  endfacet
  facet normal 0.0649016 0.993692 0.0914601
    outer loop
      vertex -0.0804062 2.70362 8.89917
      vertex -0.0686111 2.70362 8.8908
      vertex -0.204972 2.7325 8.67379
    endloop
  endfacet
  facet normal 0.0852658 0.974855 -0.20588
    outer loop
      vertex -0.210296 2.78989 9.60099
      vertex -0.167159 2.7325 9.34711
      vertex -0.276262 2.78989 9.57367
    endloop
  endfacet
  facet normal 0.126559 0.943717 -0.305584
    outer loop
      vertex -0.210296 2.78989 9.60099
      vertex -0.276262 2.78989 9.57367
      vertex -0.381892 2.87508 9.79301
    endloop
  endfacet
  facet normal 0.0616981 0.974856 -0.214124
    outer loop
      vertex -0.141684 2.78989 9.62076
      vertex -0.0857286 2.7325 9.3756
      vertex -0.210296 2.78989 9.60099
    endloop
  endfacet
  facet normal 0.0616877 0.974855 -0.21413
    outer loop
      vertex -0.0857286 2.7325 9.3756
      vertex -0.127244 2.7325 9.36364
      vertex -0.210296 2.78989 9.60099
    endloop
  endfacet
  facet normal -0.0187931 0.993692 -0.11056
    outer loop
      vertex 0.0431356 2.7325 9.38284
      vertex 0.0857286 2.7325 9.3756
      vertex 0.0144386 2.70362 9.12815
    endloop
  endfacet
  facet normal 0.107796 0.974856 -0.195029
    outer loop
      vertex -0.167159 2.7325 9.34711
      vertex -0.204972 2.7325 9.32621
      vertex -0.338756 2.78989 9.53913
    endloop
  endfacet
  facet normal 0.751749 0.622871 0.216575
    outer loop
      vertex -1.67198 3.4674 8.61838
      vertex -1.61874 3.4674 8.43358
      vertex -1.82876 3.66906 8.5826
    endloop
  endfacet
  facet normal 0.680003 0.706553 0.195906
    outer loop
      vertex -1.49417 3.28502 8.65896
      vertex -1.61874 3.4674 8.43358
      vertex -1.67198 3.4674 8.61838
    endloop
  endfacet
  facet normal 0.781094 0.622869 0.0438913
    outer loop
      vertex -1.71498 3.4674 9
      vertex -1.70419 3.4674 8.80798
      vertex -1.87579 3.66906 9
    endloop
  endfacet
  facet normal 0.706549 0.706549 0.0397025
    outer loop
      vertex -1.5326 3.28502 9
      vertex -1.70419 3.4674 8.80798
      vertex -1.71498 3.4674 9
    endloop
  endfacet
  facet normal -0.0438855 0.622873 -0.781091
    outer loop
      vertex 0.210021 3.66906 10.864
      vertex 0.192016 3.4674 10.7042
      vertex 0 3.66906 10.8758
    endloop
  endfacet
  facet normal -0.0475216 0.531366 -0.845809
    outer loop
      vertex 0 3.88745 11.013
      vertex 0.210021 3.66906 10.864
      vertex 0 3.66906 10.8758
    endloop
  endfacet
  facet normal -0.0348587 0.781377 -0.623085
    outer loop
      vertex 0.171596 3.28502 10.523
      vertex 0.149018 3.12421 10.3226
      vertex 0 3.28502 10.5326
    endloop
  endfacet
  facet normal -0.104573 0.781379 -0.615232
    outer loop
      vertex 0.171596 3.28502 10.523
      vertex 0.341035 3.28502 10.4942
      vertex 0.149018 3.12421 10.3226
    endloop
  endfacet
  facet normal 0.0347009 0.781437 -0.623019
    outer loop
      vertex 0 3.28502 10.5326
      vertex 0 3.12421 10.3309
      vertex -0.149018 3.12421 10.3226
    endloop
  endfacet
  facet normal 0.0296223 0.846328 -0.531838
    outer loop
      vertex 0 3.12421 10.3309
      vertex -0.124566 2.98699 10.1056
      vertex -0.149018 3.12421 10.3226
    endloop
  endfacet
  facet normal 0.270949 0.706465 -0.65383
    outer loop
      vertex -0.566421 3.4674 10.6187
      vertex -0.506185 3.28502 10.4466
      vertex -0.664968 3.28502 10.3808
    endloop
  endfacet
  facet normal 0.238945 0.781304 -0.576602
    outer loop
      vertex -0.506185 3.28502 10.4466
      vertex -0.439583 3.12421 10.2563
      vertex -0.664968 3.28502 10.3808
    endloop
  endfacet
  facet normal -0.788782 0.433257 -0.436018
    outer loop
      vertex 1.79922 4.11983 10.1305
      vertex 1.91449 4.11983 9.92197
      vertex 1.70447 3.88745 10.071
    endloop
  endfacet
  facet normal -0.788798 0.433349 -0.435897
    outer loop
      vertex 1.91449 4.11983 9.92197
      vertex 1.81366 3.88745 9.87341
      vertex 1.70447 3.88745 10.071
    endloop
  endfacet
  facet normal -0.845754 0.531458 -0.0474679
    outer loop
      vertex 2.00036 3.88745 9.22539
      vertex 2.01301 3.88745 9
      vertex 1.86399 3.66906 9.21002
    endloop
  endfacet
  facet normal -0.899827 0.433314 -0.0505027
    outer loop
      vertex 2.11156 4.11983 9.23792
      vertex 2.01301 3.88745 9
      vertex 2.00036 3.88745 9.22539
    endloop
  endfacet
  facet normal 0.22249 0.974855 -0.0124961
    outer loop
      vertex -0.632718 2.78989 9.07129
      vertex -0.382841 2.7325 9.04314
      vertex -0.636722 2.78989 9
    endloop
  endfacet
  facet normal 0.330233 0.943717 -0.0185475
    outer loop
      vertex -0.632718 2.78989 9.07129
      vertex -0.636722 2.78989 9
      vertex -0.880172 2.87508 9
    endloop
  endfacet
  facet normal 0.103604 0.993692 -0.0429228
    outer loop
      vertex -0.11619 2.70362 9.05595
      vertex -0.121725 2.70362 9.04259
      vertex -0.347111 2.7325 9.16716
    endloop
  endfacet
  facet normal -0.305571 0.943718 -0.126583
    outer loop
      vertex 0.793007 2.87508 9.38189
      vertex 0.60099 2.78989 9.2103
      vertex 0.573666 2.78989 9.27626
    endloop
  endfacet
  facet normal -0.289489 0.943718 -0.159979
    outer loop
      vertex 0.793007 2.87508 9.38189
      vertex 0.573666 2.78989 9.27626
      vertex 0.539127 2.78989 9.33876
    endloop
  endfacet
  facet normal -0.042953 0.993692 -0.103591
    outer loop
      vertex 0.167159 2.7325 9.34711
      vertex 0.055954 2.70362 9.11619
      vertex 0.042593 2.70362 9.12173
    endloop
  endfacet
  facet normal -0.07473 0.993692 -0.0836203
    outer loop
      vertex 0.240208 2.7325 9.30121
      vertex 0.272423 2.7325 9.27242
      vertex 0.0804062 2.70362 9.10083
    endloop
  endfacet
  facet normal -0.0648941 0.993692 -0.0914643
    outer loop
      vertex 0.204972 2.7325 9.32621
      vertex 0.240208 2.7325 9.30121
      vertex 0.0804062 2.70362 9.10083
    endloop
  endfacet
  facet normal -0.0914657 0.993692 -0.0648903
    outer loop
      vertex 0.301211 2.7325 9.24021
      vertex 0.326212 2.7325 9.20497
      vertex 0.100826 2.70362 9.08041
    endloop
  endfacet
  facet normal -0.0836164 0.993692 -0.074733
    outer loop
      vertex 0.272423 2.7325 9.27242
      vertex 0.301211 2.7325 9.24021
      vertex 0.100826 2.70362 9.08041
    endloop
  endfacet
  facet normal -0.0981567 0.993692 0.0542343
    outer loop
      vertex 0.11619 2.70362 8.94405
      vertex 0.347111 2.7325 8.83284
      vertex 0.109195 2.70362 8.93139
    endloop
  endfacet
  facet normal -0.181745 0.974856 0.128939
    outer loop
      vertex 0.326212 2.7325 8.79503
      vertex 0.539127 2.78989 8.66124
      vertex 0.301211 2.7325 8.75979
    endloop
  endfacet
  facet normal -0.195028 0.974855 0.107799
    outer loop
      vertex 0.347111 2.7325 8.83284
      vertex 0.539127 2.78989 8.66124
      vertex 0.326212 2.7325 8.79503
    endloop
  endfacet
  facet normal -0.0747426 0.993692 0.0836062
    outer loop
      vertex 0.0911894 2.70362 8.90881
      vertex 0.272423 2.7325 8.72758
      vertex 0.0804062 2.70362 8.89917
    endloop
  endfacet
  facet normal -0.32608 0.943717 0.0554012
    outer loop
      vertex 0.874637 2.87508 8.90145
      vertex 0.858104 2.87508 8.80414
      vertex 0.632718 2.78989 8.92871
    endloop
  endfacet
  facet normal -0.428299 0.900702 0.0727682
    outer loop
      vertex 0.874637 2.87508 8.90145
      vertex 1.10556 2.98699 8.87543
      vertex 0.858104 2.87508 8.80414
    endloop
  endfacet
  facet normal -0.214127 0.974855 -0.0617001
    outer loop
      vertex 0.60099 2.78989 9.2103
      vertex 0.375605 2.7325 9.08573
      vertex 0.363644 2.7325 9.12724
    endloop
  endfacet
  facet normal -0.20588 0.974855 -0.0852658
    outer loop
      vertex 0.60099 2.78989 9.2103
      vertex 0.363644 2.7325 9.12724
      vertex 0.347111 2.7325 9.16716
    endloop
  endfacet
  facet normal -0.107761 0.993692 -0.031051
    outer loop
      vertex 0.363644 2.7325 9.12724
      vertex 0.375605 2.7325 9.08573
      vertex 0.121725 2.70362 9.04259
    endloop
  endfacet
  facet normal 0.380215 0.900704 -0.210165
    outer loop
      vertex -0.942025 2.98699 9.59191
      vertex -0.793007 2.87508 9.38189
      vertex -1.00238 2.98699 9.48272
    endloop
  endfacet
  facet normal 0.380238 0.900698 -0.210146
    outer loop
      vertex -0.745262 2.87508 9.46828
      vertex -0.793007 2.87508 9.38189
      vertex -0.942025 2.98699 9.59191
    endloop
  endfacet
  facet normal 0.397159 0.846347 -0.354909
    outer loop
      vertex -0.941119 3.12421 9.94112
      vertex -0.869829 2.98699 9.69367
      vertex -1.04057 3.12421 9.82983
    endloop
  endfacet
  facet normal 0.465347 0.781361 -0.415844
    outer loop
      vertex -0.941119 3.12421 9.94112
      vertex -1.04057 3.12421 9.82983
      vertex -1.19823 3.28502 9.95556
    endloop
  endfacet
  facet normal 0.0981567 0.993692 0.0542343
    outer loop
      vertex -0.11619 2.70362 8.94405
      vertex -0.109195 2.70362 8.93139
      vertex -0.347111 2.7325 8.83284
    endloop
  endfacet
  facet normal 0.110562 0.993692 0.0187785
    outer loop
      vertex -0.128151 2.70362 8.98556
      vertex -0.125729 2.70362 8.9713
      vertex -0.375605 2.7325 8.91427
    endloop
  endfacet
  facet normal 0.0836083 0.993692 -0.0747403
    outer loop
      vertex -0.0911894 2.70362 9.09119
      vertex -0.100826 2.70362 9.08041
      vertex -0.272423 2.7325 9.27242
    endloop
  endfacet
  facet normal 0.20588 0.974855 -0.0852658
    outer loop
      vertex -0.347111 2.7325 9.16716
      vertex -0.363644 2.7325 9.12724
      vertex -0.60099 2.78989 9.2103
    endloop
  endfacet
  facet normal -0.00628174 0.993692 0.11197
    outer loop
      vertex 0.0144386 2.70362 8.87185
      vertex 0.0431356 2.7325 8.61716
      vertex 0 2.7325 8.61474
    endloop
  endfacet
  facet normal -0.0187676 0.993692 0.110563
    outer loop
      vertex 0.0857286 2.7325 8.62439
      vertex 0.0431356 2.7325 8.61716
      vertex 0.0144386 2.70362 8.87185
    endloop
  endfacet
  facet normal 0.042953 0.993692 0.103591
    outer loop
      vertex -0.055954 2.70362 8.88381
      vertex -0.042593 2.70362 8.87827
      vertex -0.167159 2.7325 8.65289
    endloop
  endfacet
  facet normal 0.0310695 0.993692 0.107758
    outer loop
      vertex -0.042593 2.70362 8.87827
      vertex -0.0857286 2.7325 8.62439
      vertex -0.127244 2.7325 8.63636
    endloop
  endfacet
  facet normal 0.0747426 0.993692 0.0836062
    outer loop
      vertex -0.0911894 2.70362 8.90881
      vertex -0.0804062 2.70362 8.89917
      vertex -0.272423 2.7325 8.72758
    endloop
  endfacet
  facet normal 0.04291 0.993691 0.103615
    outer loop
      vertex -0.042593 2.70362 8.87827
      vertex -0.127244 2.7325 8.63636
      vertex -0.167159 2.7325 8.65289
    endloop
  endfacet
  facet normal 0.0852615 0.974856 0.205881
    outer loop
      vertex -0.167159 2.7325 8.65289
      vertex -0.127244 2.7325 8.63636
      vertex -0.210296 2.78989 8.39901
    endloop
  endfacet
  facet normal 0.0648941 0.993692 0.0914643
    outer loop
      vertex -0.0804062 2.70362 8.89917
      vertex -0.204972 2.7325 8.67379
      vertex -0.240208 2.7325 8.69879
    endloop
  endfacet
  facet normal 0.128945 0.974856 0.18174
    outer loop
      vertex -0.240208 2.7325 8.69879
      vertex -0.204972 2.7325 8.67379
      vertex -0.338756 2.78989 8.46087
    endloop
  endfacet
  facet normal 0.0373427 0.974855 -0.219688
    outer loop
      vertex -0.07129 2.78989 9.63272
      vertex -0.0431356 2.7325 9.38284
      vertex -0.0857286 2.7325 9.3756
    endloop
  endfacet
  facet normal 0.111969 0.993692 0.00628626
    outer loop
      vertex -0.128151 2.70362 8.98556
      vertex -0.382841 2.7325 8.95686
      vertex -0.385263 2.7325 9
    endloop
  endfacet
  facet normal 0.064846 0.993692 -0.091491
    outer loop
      vertex -0.0686111 2.70362 9.10919
      vertex -0.0804062 2.70362 9.10083
      vertex -0.204972 2.7325 9.32621
    endloop
  endfacet
  facet normal 0.0648941 0.993692 -0.0914643
    outer loop
      vertex -0.204972 2.7325 9.32621
      vertex -0.0804062 2.70362 9.10083
      vertex -0.240208 2.7325 9.30121
    endloop
  endfacet
  facet normal -0.0310201 0.993692 -0.107771
    outer loop
      vertex 0.0857286 2.7325 9.3756
      vertex 0.042593 2.70362 9.12173
      vertex 0.0286961 2.70362 9.12573
    endloop
  endfacet
  facet normal -0.00628174 0.993692 -0.11197
    outer loop
      vertex 0.0431356 2.7325 9.38284
      vertex 0.0144386 2.70362 9.12815
      vertex 0 2.7325 9.38526
    endloop
  endfacet
  facet normal -0.0124821 0.974855 -0.222488
    outer loop
      vertex 0 2.78989 9.63672
      vertex 0.0431356 2.7325 9.38284
      vertex 0 2.7325 9.38526
    endloop
  endfacet
  facet normal -0.103611 0.993692 -0.0429108
    outer loop
      vertex 0.347111 2.7325 9.16716
      vertex 0.363644 2.7325 9.12724
      vertex 0.121725 2.70362 9.04259
    endloop
  endfacet
  facet normal 0.103604 0.993692 0.0429228
    outer loop
      vertex -0.121725 2.70362 8.95741
      vertex -0.11619 2.70362 8.94405
      vertex -0.347111 2.7325 8.83284
    endloop
  endfacet
  facet normal -0.0310695 0.993692 0.107758
    outer loop
      vertex 0.127244 2.7325 8.63636
      vertex 0.0857286 2.7325 8.62439
      vertex 0.042593 2.70362 8.87827
    endloop
  endfacet
  facet normal -0.04291 0.993691 0.103615
    outer loop
      vertex 0.167159 2.7325 8.65289
      vertex 0.127244 2.7325 8.63636
      vertex 0.042593 2.70362 8.87827
    endloop
  endfacet
  facet normal 0.00628145 0.993692 0.11197
    outer loop
      vertex 0 2.70362 8.87104
      vertex 0 2.7325 8.61474
      vertex -0.0144386 2.70362 8.87185
    endloop
  endfacet
  facet normal 0.0310189 0.993692 0.107767
    outer loop
      vertex -0.042593 2.70362 8.87827
      vertex -0.0286961 2.70362 8.87427
      vertex -0.0857286 2.7325 8.62439
    endloop
  endfacet
  facet normal 0.0542509 0.993692 0.0981526
    outer loop
      vertex -0.0686111 2.70362 8.8908
      vertex -0.167159 2.7325 8.65289
      vertex -0.204972 2.7325 8.67379
    endloop
  endfacet
  facet normal 0.0542142 0.993692 0.0981679
    outer loop
      vertex -0.0686111 2.70362 8.8908
      vertex -0.055954 2.70362 8.88381
      vertex -0.167159 2.7325 8.65289
    endloop
  endfacet
  facet normal 0.0914657 0.993692 -0.0648903
    outer loop
      vertex -0.301211 2.7325 9.24021
      vertex -0.100826 2.70362 9.08041
      vertex -0.326212 2.7325 9.20497
    endloop
  endfacet
  facet normal 0.0310201 0.993692 -0.107771
    outer loop
      vertex -0.0286961 2.70362 9.12573
      vertex -0.042593 2.70362 9.12173
      vertex -0.0857286 2.7325 9.3756
    endloop
  endfacet
  facet normal 0.0310459 0.993691 -0.107766
    outer loop
      vertex -0.0857286 2.7325 9.3756
      vertex -0.042593 2.70362 9.12173
      vertex -0.127244 2.7325 9.36364
    endloop
  endfacet
  facet normal -0.110562 0.993692 -0.0187785
    outer loop
      vertex 0.375605 2.7325 9.08573
      vertex 0.128151 2.70362 9.01444
      vertex 0.125729 2.70362 9.0287
    endloop
  endfacet
  facet normal -0.103604 0.993692 -0.0429228
    outer loop
      vertex 0.347111 2.7325 9.16716
      vertex 0.121725 2.70362 9.04259
      vertex 0.11619 2.70362 9.05595
    endloop
  endfacet
  facet normal -0.0981567 0.993692 -0.0542343
    outer loop
      vertex 0.347111 2.7325 9.16716
      vertex 0.11619 2.70362 9.05595
      vertex 0.109195 2.70362 9.06861
    endloop
  endfacet
  facet normal -0.042953 0.993692 0.103591
    outer loop
      vertex 0.055954 2.70362 8.88381
      vertex 0.167159 2.7325 8.65289
      vertex 0.042593 2.70362 8.87827
    endloop
  endfacet
  facet normal -0.0187665 0.993692 0.110563
    outer loop
      vertex 0.0286961 2.70362 8.87427
      vertex 0.0857286 2.7325 8.62439
      vertex 0.0144386 2.70362 8.87185
    endloop
  endfacet
  facet normal 0.107761 0.993692 -0.031051
    outer loop
      vertex -0.363644 2.7325 9.12724
      vertex -0.121725 2.70362 9.04259
      vertex -0.375605 2.7325 9.08573
    endloop
  endfacet
  facet normal 0 1 0
    outer loop
      vertex 0.0144386 2.70362 9.12815
      vertex -0.0144386 2.70362 9.12815
      vertex 0 2.70362 9.12896
    endloop
  endfacet
  facet normal 0 1 0
    outer loop
      vertex 0.0286961 2.70362 9.12573
      vertex -0.0144386 2.70362 9.12815
      vertex 0.0144386 2.70362 9.12815
    endloop
  endfacet
  facet normal 0 1 0
    outer loop
      vertex 0.0286961 2.70362 9.12573
      vertex -0.0286961 2.70362 9.12573
      vertex -0.0144386 2.70362 9.12815
    endloop
  endfacet
  facet normal 0 1 0
    outer loop
      vertex 0.042593 2.70362 9.12173
      vertex -0.0286961 2.70362 9.12573
      vertex 0.0286961 2.70362 9.12573
    endloop
  endfacet
  facet normal 0 1 0
    outer loop
      vertex 0.042593 2.70362 9.12173
      vertex -0.042593 2.70362 9.12173
      vertex -0.0286961 2.70362 9.12573
    endloop
  endfacet
  facet normal 0 1 0
    outer loop
      vertex 0.055954 2.70362 9.11619
      vertex -0.042593 2.70362 9.12173
      vertex 0.042593 2.70362 9.12173
    endloop
  endfacet
  facet normal 0 1 0
    outer loop
      vertex 0.055954 2.70362 9.11619
      vertex -0.055954 2.70362 9.11619
      vertex -0.042593 2.70362 9.12173
    endloop
  endfacet
  facet normal 0 1 0
    outer loop
      vertex 0.0686111 2.70362 9.10919
      vertex -0.055954 2.70362 9.11619
      vertex 0.055954 2.70362 9.11619
    endloop
  endfacet
  facet normal 0 1 0
    outer loop
      vertex 0.0686111 2.70362 9.10919
      vertex -0.0686111 2.70362 9.10919
      vertex -0.055954 2.70362 9.11619
    endloop
  endfacet
  facet normal 0 1 0
    outer loop
      vertex 0.0804062 2.70362 9.10083
      vertex -0.0686111 2.70362 9.10919
      vertex 0.0686111 2.70362 9.10919
    endloop
  endfacet
  facet normal 0 1 0
    outer loop
      vertex 0.0804062 2.70362 9.10083
      vertex -0.0804062 2.70362 9.10083
      vertex -0.0686111 2.70362 9.10919
    endloop
  endfacet
  facet normal 0 1 0
    outer loop
      vertex 0.0911894 2.70362 9.09119
      vertex -0.0804062 2.70362 9.10083
      vertex 0.0804062 2.70362 9.10083
    endloop
  endfacet
  facet normal 0 1 0
    outer loop
      vertex 0.0911894 2.70362 9.09119
      vertex -0.0911894 2.70362 9.09119
      vertex -0.0804062 2.70362 9.10083
    endloop
  endfacet
  facet normal 0 1 0
    outer loop
      vertex 0.100826 2.70362 9.08041
      vertex -0.0911894 2.70362 9.09119
      vertex 0.0911894 2.70362 9.09119
    endloop
  endfacet
  facet normal 0 1 0
    outer loop
      vertex 0.100826 2.70362 9.08041
      vertex -0.100826 2.70362 9.08041
      vertex -0.0911894 2.70362 9.09119
    endloop
  endfacet
  facet normal 0 1 0
    outer loop
      vertex 0.109195 2.70362 9.06861
      vertex -0.100826 2.70362 9.08041
      vertex 0.100826 2.70362 9.08041
    endloop
  endfacet
  facet normal 0 1 0
    outer loop
      vertex 0.109195 2.70362 9.06861
      vertex -0.109195 2.70362 9.06861
      vertex -0.100826 2.70362 9.08041
    endloop
  endfacet
  facet normal 0 1 0
    outer loop
      vertex 0.11619 2.70362 9.05595
      vertex -0.109195 2.70362 9.06861
      vertex 0.109195 2.70362 9.06861
    endloop
  endfacet
  facet normal 0 1 0
    outer loop
      vertex 0.11619 2.70362 9.05595
      vertex -0.11619 2.70362 9.05595
      vertex -0.109195 2.70362 9.06861
    endloop
  endfacet
  facet normal 0 1 0
    outer loop
      vertex 0.121725 2.70362 9.04259
      vertex -0.11619 2.70362 9.05595
      vertex 0.11619 2.70362 9.05595
    endloop
  endfacet
  facet normal 0 1 0
    outer loop
      vertex 0.121725 2.70362 9.04259
      vertex -0.121725 2.70362 9.04259
      vertex -0.11619 2.70362 9.05595
    endloop
  endfacet
  facet normal 0 1 0
    outer loop
      vertex 0.125729 2.70362 9.0287
      vertex -0.121725 2.70362 9.04259
      vertex 0.121725 2.70362 9.04259
    endloop
  endfacet
  facet normal 0 1 0
    outer loop
      vertex 0.125729 2.70362 9.0287
      vertex -0.125729 2.70362 9.0287
      vertex -0.121725 2.70362 9.04259
    endloop
  endfacet
  facet normal 0 1 0
    outer loop
      vertex 0.128151 2.70362 9.01444
      vertex -0.125729 2.70362 9.0287
      vertex 0.125729 2.70362 9.0287
    endloop
  endfacet
  facet normal 0 1 0
    outer loop
      vertex 0.128151 2.70362 9.01444
      vertex -0.128151 2.70362 9.01444
      vertex -0.125729 2.70362 9.0287
    endloop
  endfacet
  facet normal 0 1 0
    outer loop
      vertex 0.128962 2.70362 9
      vertex -0.128151 2.70362 9.01444
      vertex 0.128151 2.70362 9.01444
    endloop
  endfacet
  facet normal 0 1 0
    outer loop
      vertex 0.128962 2.70362 9
      vertex -0.128962 2.70362 9
      vertex -0.128151 2.70362 9.01444
    endloop
  endfacet
  facet normal 0 1 -0
    outer loop
      vertex 0.128151 2.70362 8.98556
      vertex -0.128962 2.70362 9
      vertex 0.128962 2.70362 9
    endloop
  endfacet
  facet normal 0 1 0
    outer loop
      vertex 0.128151 2.70362 8.98556
      vertex -0.128151 2.70362 8.98556
      vertex -0.128962 2.70362 9
    endloop
  endfacet
  facet normal 0 1 -0
    outer loop
      vertex 0.125729 2.70362 8.9713
      vertex -0.128151 2.70362 8.98556
      vertex 0.128151 2.70362 8.98556
    endloop
  endfacet
  facet normal 0 1 0
    outer loop
      vertex 0.125729 2.70362 8.9713
      vertex -0.125729 2.70362 8.9713
      vertex -0.128151 2.70362 8.98556
    endloop
  endfacet
  facet normal 0 1 -0
    outer loop
      vertex 0.121725 2.70362 8.95741
      vertex -0.125729 2.70362 8.9713
      vertex 0.125729 2.70362 8.9713
    endloop
  endfacet
  facet normal 0 1 0
    outer loop
      vertex 0.121725 2.70362 8.95741
      vertex -0.121725 2.70362 8.95741
      vertex -0.125729 2.70362 8.9713
    endloop
  endfacet
  facet normal 0 1 -0
    outer loop
      vertex 0.11619 2.70362 8.94405
      vertex -0.121725 2.70362 8.95741
      vertex 0.121725 2.70362 8.95741
    endloop
  endfacet
  facet normal 0 1 0
    outer loop
      vertex 0.11619 2.70362 8.94405
      vertex -0.11619 2.70362 8.94405
      vertex -0.121725 2.70362 8.95741
    endloop
  endfacet
  facet normal 0 1 -0
    outer loop
      vertex 0.109195 2.70362 8.93139
      vertex -0.11619 2.70362 8.94405
      vertex 0.11619 2.70362 8.94405
    endloop
  endfacet
  facet normal 0 1 0
    outer loop
      vertex 0.109195 2.70362 8.93139
      vertex -0.109195 2.70362 8.93139
      vertex -0.11619 2.70362 8.94405
    endloop
  endfacet
  facet normal 0 1 -0
    outer loop
      vertex 0.100826 2.70362 8.91959
      vertex -0.109195 2.70362 8.93139
      vertex 0.109195 2.70362 8.93139
    endloop
  endfacet
  facet normal 0 1 0
    outer loop
      vertex 0.100826 2.70362 8.91959
      vertex -0.100826 2.70362 8.91959
      vertex -0.109195 2.70362 8.93139
    endloop
  endfacet
  facet normal 0 1 -0
    outer loop
      vertex 0.0911894 2.70362 8.90881
      vertex -0.100826 2.70362 8.91959
      vertex 0.100826 2.70362 8.91959
    endloop
  endfacet
  facet normal 0 1 0
    outer loop
      vertex 0.0911894 2.70362 8.90881
      vertex -0.0911894 2.70362 8.90881
      vertex -0.100826 2.70362 8.91959
    endloop
  endfacet
  facet normal 0 1 -0
    outer loop
      vertex 0.0804062 2.70362 8.89917
      vertex -0.0911894 2.70362 8.90881
      vertex 0.0911894 2.70362 8.90881
    endloop
  endfacet
  facet normal 0 1 0
    outer loop
      vertex 0.0804062 2.70362 8.89917
      vertex -0.0804062 2.70362 8.89917
      vertex -0.0911894 2.70362 8.90881
    endloop
  endfacet
  facet normal 0 1 -0
    outer loop
      vertex 0.0686111 2.70362 8.8908
      vertex -0.0804062 2.70362 8.89917
      vertex 0.0804062 2.70362 8.89917
    endloop
  endfacet
  facet normal 0 1 0
    outer loop
      vertex 0.0686111 2.70362 8.8908
      vertex -0.0686111 2.70362 8.8908
      vertex -0.0804062 2.70362 8.89917
    endloop
  endfacet
  facet normal 0 1 -0
    outer loop
      vertex 0.055954 2.70362 8.88381
      vertex -0.0686111 2.70362 8.8908
      vertex 0.0686111 2.70362 8.8908
    endloop
  endfacet
  facet normal 0 1 0
    outer loop
      vertex 0.055954 2.70362 8.88381
      vertex -0.055954 2.70362 8.88381
      vertex -0.0686111 2.70362 8.8908
    endloop
  endfacet
  facet normal 0 1 -0
    outer loop
      vertex 0.042593 2.70362 8.87827
      vertex -0.055954 2.70362 8.88381
      vertex 0.055954 2.70362 8.88381
    endloop
  endfacet
  facet normal 0 1 0
    outer loop
      vertex 0.042593 2.70362 8.87827
      vertex -0.042593 2.70362 8.87827
      vertex -0.055954 2.70362 8.88381
    endloop
  endfacet
  facet normal 0 1 -0
    outer loop
      vertex 0.0286961 2.70362 8.87427
      vertex -0.042593 2.70362 8.87827
      vertex 0.042593 2.70362 8.87827
    endloop
  endfacet
  facet normal 0 1 0
    outer loop
      vertex 0.0286961 2.70362 8.87427
      vertex -0.0286961 2.70362 8.87427
      vertex -0.042593 2.70362 8.87827
    endloop
  endfacet
  facet normal 0 1 -0
    outer loop
      vertex 0.0144386 2.70362 8.87185
      vertex -0.0286961 2.70362 8.87427
      vertex 0.0286961 2.70362 8.87427
    endloop
  endfacet
  facet normal 0 1 0
    outer loop
      vertex 0.0144386 2.70362 8.87185
      vertex -0.0144386 2.70362 8.87185
      vertex -0.0286961 2.70362 8.87427
    endloop
  endfacet
  facet normal -0 1 0
    outer loop
      vertex -0.0144386 2.70362 8.87185
      vertex 0.0144386 2.70362 8.87185
      vertex 0 2.70362 8.87104
    endloop
  endfacet
  facet normal 0.0747426 0.993692 -0.0836062
    outer loop
      vertex -0.0804062 2.70362 9.10083
      vertex -0.0911894 2.70362 9.09119
      vertex -0.272423 2.7325 9.27242
    endloop
  endfacet
  facet normal 0.0542754 0.993692 -0.0981384
    outer loop
      vertex -0.055954 2.70362 9.11619
      vertex -0.0686111 2.70362 9.10919
      vertex -0.167159 2.7325 9.34711
    endloop
  endfacet
  facet normal -0.00628145 0.993692 -0.11197
    outer loop
      vertex 0 2.7325 9.38526
      vertex 0.0144386 2.70362 9.12815
      vertex 0 2.70362 9.12896
    endloop
  endfacet
  facet normal 0.00628174 0.993692 -0.11197
    outer loop
      vertex 0 2.7325 9.38526
      vertex -0.0144386 2.70362 9.12815
      vertex -0.0431356 2.7325 9.38284
    endloop
  endfacet
  facet normal 0.110562 0.993692 -0.0187785
    outer loop
      vertex -0.125729 2.70362 9.0287
      vertex -0.128151 2.70362 9.01444
      vertex -0.375605 2.7325 9.08573
    endloop
  endfacet
  facet normal 0.110561 0.993692 -0.0187842
    outer loop
      vertex -0.375605 2.7325 9.08573
      vertex -0.128151 2.70362 9.01444
      vertex -0.382841 2.7325 9.04314
    endloop
  endfacet
  facet normal 0.0914734 0.993692 -0.0648764
    outer loop
      vertex -0.100826 2.70362 9.08041
      vertex -0.109195 2.70362 9.06861
      vertex -0.326212 2.7325 9.20497
    endloop
  endfacet
  facet normal 0.0981497 0.993692 -0.054251
    outer loop
      vertex -0.326212 2.7325 9.20497
      vertex -0.109195 2.70362 9.06861
      vertex -0.347111 2.7325 9.16716
    endloop
  endfacet
  facet normal 0.042953 0.993692 -0.103591
    outer loop
      vertex -0.042593 2.70362 9.12173
      vertex -0.055954 2.70362 9.11619
      vertex -0.167159 2.7325 9.34711
    endloop
  endfacet
  facet normal 0.0187672 0.993691 -0.110567
    outer loop
      vertex -0.0144386 2.70362 9.12815
      vertex -0.0286961 2.70362 9.12573
      vertex -0.0857286 2.7325 9.3756
    endloop
  endfacet
  facet normal 0.00628145 0.993692 -0.11197
    outer loop
      vertex 0 2.7325 9.38526
      vertex 0 2.70362 9.12896
      vertex -0.0144386 2.70362 9.12815
    endloop
  endfacet
  facet normal 0.111969 0.993692 -0.00628858
    outer loop
      vertex -0.128151 2.70362 9.01444
      vertex -0.128962 2.70362 9
      vertex -0.385263 2.7325 9
    endloop
  endfacet
  facet normal 0.111969 0.993692 0.00628858
    outer loop
      vertex -0.128962 2.70362 9
      vertex -0.128151 2.70362 8.98556
      vertex -0.385263 2.7325 9
    endloop
  endfacet
  facet normal 0.107759 0.993692 -0.031063
    outer loop
      vertex -0.121725 2.70362 9.04259
      vertex -0.125729 2.70362 9.0287
      vertex -0.375605 2.7325 9.08573
    endloop
  endfacet
  facet normal 0.0981567 0.993692 -0.0542343
    outer loop
      vertex -0.109195 2.70362 9.06861
      vertex -0.11619 2.70362 9.05595
      vertex -0.347111 2.7325 9.16716
    endloop
  endfacet
endsolid OpenSCAD_Model
