solid OpenSCAD_Model
  facet normal 1 0 0
    outer loop
      vertex 28 21 7
      vertex 28 20 0
      vertex 28 21 -41
    endloop
  endfacet
  facet normal 1 0 0
    outer loop
      vertex 28 21 7
      vertex 28 -20 0
      vertex 28 20 0
    endloop
  endfacet
  facet normal 1 -0 0
    outer loop
      vertex 28 -21 7
      vertex 28 -20 0
      vertex 28 21 7
    endloop
  endfacet
  facet normal 1 0 0
    outer loop
      vertex 28 -21 -5
      vertex 28 -20 0
      vertex 28 -21 7
    endloop
  endfacet
  facet normal 1 0 0
    outer loop
      vertex 28 -20 0
      vertex 28 -21 -5
      vertex 28 -20 -5
    endloop
  endfacet
  facet normal 1 0 0
    outer loop
      vertex 28 21 -41
      vertex 28 20 0
      vertex 28 20 -41
    endloop
  endfacet
  facet normal 0 -1 0
    outer loop
      vertex -25 -24 -5
      vertex 25 -24 7
      vertex -25 -24 7
    endloop
  endfacet
  facet normal 0 -1 -0
    outer loop
      vertex 25 -24 7
      vertex -25 -24 -5
      vertex 25 -24 -5
    endloop
  endfacet
  facet normal 0 1 -0
    outer loop
      vertex 21.1217 24 -34.3426
      vertex 5.34369 24 -20.0021
      vertex 21.3097 24 -34.3107
    endloop
  endfacet
  facet normal 0 1 0
    outer loop
      vertex 5.34369 24 -20.0021
      vertex 14.6903 24 -34.3107
      vertex 14.5 24 -34.3
    endloop
  endfacet
  facet normal 0 1 -0
    outer loop
      vertex 14.8783 24 -34.3426
      vertex 5.34369 24 -20.0021
      vertex 21.1217 24 -34.3426
    endloop
  endfacet
  facet normal 0 1 0
    outer loop
      vertex 5.34369 24 -20.0021
      vertex 14.8783 24 -34.3426
      vertex 14.6903 24 -34.3107
    endloop
  endfacet
  facet normal 0 1 -0
    outer loop
      vertex 20.9385 24 -34.3954
      vertex 14.8783 24 -34.3426
      vertex 21.1217 24 -34.3426
    endloop
  endfacet
  facet normal 0 1 0
    outer loop
      vertex 20.9385 24 -34.3954
      vertex 15.0615 24 -34.3954
      vertex 14.8783 24 -34.3426
    endloop
  endfacet
  facet normal 0 1 -0
    outer loop
      vertex 20.7624 24 -34.4684
      vertex 15.0615 24 -34.3954
      vertex 20.9385 24 -34.3954
    endloop
  endfacet
  facet normal 0 1 0
    outer loop
      vertex 20.7624 24 -34.4684
      vertex 15.2376 24 -34.4684
      vertex 15.0615 24 -34.3954
    endloop
  endfacet
  facet normal 0 1 -0
    outer loop
      vertex 20.5955 24 -34.5606
      vertex 15.2376 24 -34.4684
      vertex 20.7624 24 -34.4684
    endloop
  endfacet
  facet normal 0 1 0
    outer loop
      vertex 20.5955 24 -34.5606
      vertex 15.4045 24 -34.5606
      vertex 15.2376 24 -34.4684
    endloop
  endfacet
  facet normal 0 1 -0
    outer loop
      vertex 20.4401 24 -34.6709
      vertex 15.4045 24 -34.5606
      vertex 20.5955 24 -34.5606
    endloop
  endfacet
  facet normal 0 1 0
    outer loop
      vertex 20.4401 24 -34.6709
      vertex 15.5599 24 -34.6709
      vertex 15.4045 24 -34.5606
    endloop
  endfacet
  facet normal 0 1 -0
    outer loop
      vertex 20.2979 24 -34.7979
      vertex 15.5599 24 -34.6709
      vertex 20.4401 24 -34.6709
    endloop
  endfacet
  facet normal 0 1 0
    outer loop
      vertex 20.2979 24 -34.7979
      vertex 15.7021 24 -34.7979
      vertex 15.5599 24 -34.6709
    endloop
  endfacet
  facet normal 0 1 -0
    outer loop
      vertex 20.1709 24 -34.9401
      vertex 15.7021 24 -34.7979
      vertex 20.2979 24 -34.7979
    endloop
  endfacet
  facet normal 0 1 0
    outer loop
      vertex 20.1709 24 -34.9401
      vertex 15.8291 24 -34.9401
      vertex 15.7021 24 -34.7979
    endloop
  endfacet
  facet normal 0 1 -0
    outer loop
      vertex 20.0606 24 -35.0955
      vertex 15.8291 24 -34.9401
      vertex 20.1709 24 -34.9401
    endloop
  endfacet
  facet normal 0 1 0
    outer loop
      vertex 20.0606 24 -35.0955
      vertex 15.9394 24 -35.0955
      vertex 15.8291 24 -34.9401
    endloop
  endfacet
  facet normal 0 1 -0
    outer loop
      vertex 19.9684 24 -35.2624
      vertex 15.9394 24 -35.0955
      vertex 20.0606 24 -35.0955
    endloop
  endfacet
  facet normal 0 1 0
    outer loop
      vertex 19.9684 24 -35.2624
      vertex 16.0316 24 -35.2624
      vertex 15.9394 24 -35.0955
    endloop
  endfacet
  facet normal 0 1 -0
    outer loop
      vertex 19.8954 24 -35.4385
      vertex 16.0316 24 -35.2624
      vertex 19.9684 24 -35.2624
    endloop
  endfacet
  facet normal 0 1 0
    outer loop
      vertex 19.8954 24 -35.4385
      vertex 16.1046 24 -35.4385
      vertex 16.0316 24 -35.2624
    endloop
  endfacet
  facet normal 0 1 -0
    outer loop
      vertex 19.8426 24 -35.6217
      vertex 16.1046 24 -35.4385
      vertex 19.8954 24 -35.4385
    endloop
  endfacet
  facet normal 0 1 0
    outer loop
      vertex 19.8426 24 -35.6217
      vertex 16.1574 24 -35.6217
      vertex 16.1046 24 -35.4385
    endloop
  endfacet
  facet normal 0 1 -0
    outer loop
      vertex 19.8107 24 -35.8097
      vertex 16.1574 24 -35.6217
      vertex 19.8426 24 -35.6217
    endloop
  endfacet
  facet normal 0 1 0
    outer loop
      vertex 19.8107 24 -35.8097
      vertex 16.1893 24 -35.8097
      vertex 16.1574 24 -35.6217
    endloop
  endfacet
  facet normal 0 1 -0
    outer loop
      vertex 19.8 24 -36
      vertex 16.1893 24 -35.8097
      vertex 19.8107 24 -35.8097
    endloop
  endfacet
  facet normal 0 1 0
    outer loop
      vertex 19.8 24 -36
      vertex 16.2 24 -36
      vertex 16.1893 24 -35.8097
    endloop
  endfacet
  facet normal 0 1 0
    outer loop
      vertex 19.8107 24 -36.1903
      vertex 16.2 24 -36
      vertex 19.8 24 -36
    endloop
  endfacet
  facet normal 0 1 0
    outer loop
      vertex 19.8107 24 -36.1903
      vertex 16.1893 24 -36.1903
      vertex 16.2 24 -36
    endloop
  endfacet
  facet normal 0 1 0
    outer loop
      vertex 19.8426 24 -36.3783
      vertex 16.1893 24 -36.1903
      vertex 19.8107 24 -36.1903
    endloop
  endfacet
  facet normal 0 1 0
    outer loop
      vertex 19.8426 24 -36.3783
      vertex 16.1574 24 -36.3783
      vertex 16.1893 24 -36.1903
    endloop
  endfacet
  facet normal 0 1 0
    outer loop
      vertex 19.8954 24 -36.5615
      vertex 16.1574 24 -36.3783
      vertex 19.8426 24 -36.3783
    endloop
  endfacet
  facet normal 0 1 0
    outer loop
      vertex 19.8954 24 -36.5615
      vertex 16.1046 24 -36.5615
      vertex 16.1574 24 -36.3783
    endloop
  endfacet
  facet normal 0 1 0
    outer loop
      vertex 19.9684 24 -36.7376
      vertex 16.1046 24 -36.5615
      vertex 19.8954 24 -36.5615
    endloop
  endfacet
  facet normal 0 1 0
    outer loop
      vertex 19.9684 24 -36.7376
      vertex 16.0316 24 -36.7376
      vertex 16.1046 24 -36.5615
    endloop
  endfacet
  facet normal 0 1 0
    outer loop
      vertex 20.0606 24 -36.9045
      vertex 16.0316 24 -36.7376
      vertex 19.9684 24 -36.7376
    endloop
  endfacet
  facet normal 0 1 0
    outer loop
      vertex 20.0606 24 -36.9045
      vertex 15.9394 24 -36.9045
      vertex 16.0316 24 -36.7376
    endloop
  endfacet
  facet normal 0 1 0
    outer loop
      vertex 20.1709 24 -37.0599
      vertex 15.9394 24 -36.9045
      vertex 20.0606 24 -36.9045
    endloop
  endfacet
  facet normal 0 1 0
    outer loop
      vertex 20.1709 24 -37.0599
      vertex 15.8291 24 -37.0599
      vertex 15.9394 24 -36.9045
    endloop
  endfacet
  facet normal 0 1 0
    outer loop
      vertex 20.2979 24 -37.2021
      vertex 15.8291 24 -37.0599
      vertex 20.1709 24 -37.0599
    endloop
  endfacet
  facet normal 0 1 0
    outer loop
      vertex 20.2979 24 -37.2021
      vertex 15.7021 24 -37.2021
      vertex 15.8291 24 -37.0599
    endloop
  endfacet
  facet normal 0 1 0
    outer loop
      vertex 20.4401 24 -37.3291
      vertex 15.7021 24 -37.2021
      vertex 20.2979 24 -37.2021
    endloop
  endfacet
  facet normal 0 1 0
    outer loop
      vertex 20.4401 24 -37.3291
      vertex 15.5599 24 -37.3291
      vertex 15.7021 24 -37.2021
    endloop
  endfacet
  facet normal 0 1 0
    outer loop
      vertex 20.5955 24 -37.4394
      vertex 15.5599 24 -37.3291
      vertex 20.4401 24 -37.3291
    endloop
  endfacet
  facet normal 0 1 0
    outer loop
      vertex 20.5955 24 -37.4394
      vertex 15.4045 24 -37.4394
      vertex 15.5599 24 -37.3291
    endloop
  endfacet
  facet normal 0 1 0
    outer loop
      vertex 20.7624 24 -37.5316
      vertex 15.4045 24 -37.4394
      vertex 20.5955 24 -37.4394
    endloop
  endfacet
  facet normal 0 1 0
    outer loop
      vertex 20.7624 24 -37.5316
      vertex 15.2376 24 -37.5316
      vertex 15.4045 24 -37.4394
    endloop
  endfacet
  facet normal 0 1 0
    outer loop
      vertex 20.9385 24 -37.6046
      vertex 15.2376 24 -37.5316
      vertex 20.7624 24 -37.5316
    endloop
  endfacet
  facet normal 0 1 0
    outer loop
      vertex 20.9385 24 -37.6046
      vertex 15.0615 24 -37.6046
      vertex 15.2376 24 -37.5316
    endloop
  endfacet
  facet normal 0 1 0
    outer loop
      vertex 25 24 -41
      vertex 20.9385 24 -37.6046
      vertex 21.1217 24 -37.6574
    endloop
  endfacet
  facet normal 0 1 0
    outer loop
      vertex 20.9385 24 -37.6046
      vertex 25 24 -41
      vertex 15.0615 24 -37.6046
    endloop
  endfacet
  facet normal 0 1 0
    outer loop
      vertex 25 24 -41
      vertex 21.1217 24 -37.6574
      vertex 21.3097 24 -37.6893
    endloop
  endfacet
  facet normal 0 1 0
    outer loop
      vertex 15.0615 24 -37.6046
      vertex 25 24 -41
      vertex 14.8783 24 -37.6574
    endloop
  endfacet
  facet normal 0 1 0
    outer loop
      vertex 25 24 -41
      vertex 21.3097 24 -37.6893
      vertex 21.5 24 -37.7
    endloop
  endfacet
  facet normal 0 1 0
    outer loop
      vertex 14.8783 24 -37.6574
      vertex 25 24 -41
      vertex 14.6903 24 -37.6893
    endloop
  endfacet
  facet normal 0 1 0
    outer loop
      vertex 25 24 7
      vertex 0 24 -14.0225
      vertex -25 24 7
    endloop
  endfacet
  facet normal 0 1 0
    outer loop
      vertex 25 24 7
      vertex 0.602088 24 -14.0563
      vertex 0 24 -14.0225
    endloop
  endfacet
  facet normal 0 1 0
    outer loop
      vertex 25 24 7
      vertex 1.19661 24 -14.1573
      vertex 0.602088 24 -14.0563
    endloop
  endfacet
  facet normal 0 1 0
    outer loop
      vertex 25 24 7
      vertex 1.77607 24 -14.3243
      vertex 1.19661 24 -14.1573
    endloop
  endfacet
  facet normal 0 1 0
    outer loop
      vertex 25 24 7
      vertex 2.33321 24 -14.555
      vertex 1.77607 24 -14.3243
    endloop
  endfacet
  facet normal 0 1 0
    outer loop
      vertex 25 24 7
      vertex 2.861 24 -14.8467
      vertex 2.33321 24 -14.555
    endloop
  endfacet
  facet normal 0 1 0
    outer loop
      vertex 25 24 7
      vertex 3.35282 24 -15.1957
      vertex 2.861 24 -14.8467
    endloop
  endfacet
  facet normal 0 1 0
    outer loop
      vertex 25 24 7
      vertex 3.80247 24 -15.5975
      vertex 3.35282 24 -15.1957
    endloop
  endfacet
  facet normal 0 1 0
    outer loop
      vertex 25 24 7
      vertex 4.2043 24 -16.0472
      vertex 3.80247 24 -15.5975
    endloop
  endfacet
  facet normal 0 1 0
    outer loop
      vertex 25 24 7
      vertex 4.55326 24 -16.539
      vertex 4.2043 24 -16.0472
    endloop
  endfacet
  facet normal 0 1 0
    outer loop
      vertex 25 24 7
      vertex 4.84496 24 -17.0668
      vertex 4.55326 24 -16.539
    endloop
  endfacet
  facet normal 0 1 0
    outer loop
      vertex 25 24 7
      vertex 5.07573 24 -17.6239
      vertex 4.84496 24 -17.0668
    endloop
  endfacet
  facet normal 0 1 0
    outer loop
      vertex 25 24 7
      vertex 5.24267 24 -18.2034
      vertex 5.07573 24 -17.6239
    endloop
  endfacet
  facet normal 0 1 -0
    outer loop
      vertex 21.8783 24 -34.3426
      vertex 5.24267 24 -18.2034
      vertex 25 24 7
    endloop
  endfacet
  facet normal -0 1 -0
    outer loop
      vertex 21.6903 24 -34.3107
      vertex 5.24267 24 -18.2034
      vertex 21.8783 24 -34.3426
    endloop
  endfacet
  facet normal -0 1 -0
    outer loop
      vertex 21.5 24 -34.3
      vertex 5.34369 24 -18.7979
      vertex 21.6903 24 -34.3107
    endloop
  endfacet
  facet normal 0 1 0
    outer loop
      vertex 5.34369 24 -18.7979
      vertex 21.5 24 -34.3
      vertex 5.3775 24 -19.4
    endloop
  endfacet
  facet normal 0 1 -0
    outer loop
      vertex 21.3097 24 -34.3107
      vertex 5.3775 24 -19.4
      vertex 21.5 24 -34.3
    endloop
  endfacet
  facet normal 0 1 0
    outer loop
      vertex 5.3775 24 -19.4
      vertex 21.3097 24 -34.3107
      vertex 5.34369 24 -20.0021
    endloop
  endfacet
  facet normal 0 1 0
    outer loop
      vertex 5.34369 24 -20.0021
      vertex 14.5 24 -34.3
      vertex 5.24267 24 -20.5966
    endloop
  endfacet
  facet normal 0 1 -0
    outer loop
      vertex 13.4401 24 -34.6709
      vertex 3.80247 24 -23.2025
      vertex 13.5955 24 -34.5606
    endloop
  endfacet
  facet normal 0 1 0
    outer loop
      vertex 4.2043 24 -22.7528
      vertex 13.5955 24 -34.5606
      vertex 3.80247 24 -23.2025
    endloop
  endfacet
  facet normal 0 1 -0
    outer loop
      vertex 13.5955 24 -34.5606
      vertex 4.2043 24 -22.7528
      vertex 13.7624 24 -34.4684
    endloop
  endfacet
  facet normal 0 1 -0
    outer loop
      vertex 13.7624 24 -34.4684
      vertex 4.2043 24 -22.7528
      vertex 13.9385 24 -34.3954
    endloop
  endfacet
  facet normal 0 1 0
    outer loop
      vertex 4.55326 24 -22.261
      vertex 13.9385 24 -34.3954
      vertex 4.2043 24 -22.7528
    endloop
  endfacet
  facet normal 0 1 -0
    outer loop
      vertex 13.9385 24 -34.3954
      vertex 4.55326 24 -22.261
      vertex 14.1217 24 -34.3426
    endloop
  endfacet
  facet normal 0 1 0
    outer loop
      vertex 4.84496 24 -21.7332
      vertex 14.1217 24 -34.3426
      vertex 4.55326 24 -22.261
    endloop
  endfacet
  facet normal 0 1 -0
    outer loop
      vertex 14.1217 24 -34.3426
      vertex 4.84496 24 -21.7332
      vertex 14.3097 24 -34.3107
    endloop
  endfacet
  facet normal 0 1 0
    outer loop
      vertex 5.07573 24 -21.1761
      vertex 14.3097 24 -34.3107
      vertex 4.84496 24 -21.7332
    endloop
  endfacet
  facet normal 0 1 0
    outer loop
      vertex 5.24267 24 -20.5966
      vertex 14.5 24 -34.3
      vertex 5.07573 24 -21.1761
    endloop
  endfacet
  facet normal 0 1 -0
    outer loop
      vertex 14.3097 24 -34.3107
      vertex 5.07573 24 -21.1761
      vertex 14.5 24 -34.3
    endloop
  endfacet
  facet normal 0 1 0
    outer loop
      vertex 5.24267 24 -18.2034
      vertex 21.6903 24 -34.3107
      vertex 5.34369 24 -18.7979
    endloop
  endfacet
  facet normal 0 1 0
    outer loop
      vertex 25 24 7
      vertex 22.0615 24 -34.3954
      vertex 21.8783 24 -34.3426
    endloop
  endfacet
  facet normal 0 1 0
    outer loop
      vertex 25 24 7
      vertex 22.2376 24 -34.4684
      vertex 22.0615 24 -34.3954
    endloop
  endfacet
  facet normal 0 1 0
    outer loop
      vertex 25 24 7
      vertex 22.4045 24 -34.5606
      vertex 22.2376 24 -34.4684
    endloop
  endfacet
  facet normal 0 1 0
    outer loop
      vertex 25 24 7
      vertex 22.5599 24 -34.6709
      vertex 22.4045 24 -34.5606
    endloop
  endfacet
  facet normal 0 1 0
    outer loop
      vertex 25 24 7
      vertex 22.7021 24 -34.7979
      vertex 22.5599 24 -34.6709
    endloop
  endfacet
  facet normal 0 1 0
    outer loop
      vertex 25 24 7
      vertex 22.8291 24 -34.9401
      vertex 22.7021 24 -34.7979
    endloop
  endfacet
  facet normal 0 1 0
    outer loop
      vertex 25 24 7
      vertex 22.9394 24 -35.0955
      vertex 22.8291 24 -34.9401
    endloop
  endfacet
  facet normal 0 1 0
    outer loop
      vertex 25 24 7
      vertex 23.0316 24 -35.2624
      vertex 22.9394 24 -35.0955
    endloop
  endfacet
  facet normal 0 1 0
    outer loop
      vertex 25 24 7
      vertex 23.1046 24 -35.4385
      vertex 23.0316 24 -35.2624
    endloop
  endfacet
  facet normal 0 1 0
    outer loop
      vertex 25 24 7
      vertex 23.1574 24 -35.6217
      vertex 23.1046 24 -35.4385
    endloop
  endfacet
  facet normal 0 1 -0
    outer loop
      vertex 25 24 -41
      vertex 23.1574 24 -35.6217
      vertex 25 24 7
    endloop
  endfacet
  facet normal 0 1 0
    outer loop
      vertex 23.1574 24 -35.6217
      vertex 25 24 -41
      vertex 23.1893 24 -35.8097
    endloop
  endfacet
  facet normal 0 1 0
    outer loop
      vertex 14.6903 24 -37.6893
      vertex 25 24 -41
      vertex 14.5 24 -37.7
    endloop
  endfacet
  facet normal 0 1 0
    outer loop
      vertex 21.6903 24 -37.6893
      vertex 25 24 -41
      vertex 21.5 24 -37.7
    endloop
  endfacet
  facet normal 0 1 0
    outer loop
      vertex 21.8783 24 -37.6574
      vertex 25 24 -41
      vertex 21.6903 24 -37.6893
    endloop
  endfacet
  facet normal 0 1 0
    outer loop
      vertex 22.0615 24 -37.6046
      vertex 25 24 -41
      vertex 21.8783 24 -37.6574
    endloop
  endfacet
  facet normal 0 1 0
    outer loop
      vertex 22.2376 24 -37.5316
      vertex 25 24 -41
      vertex 22.0615 24 -37.6046
    endloop
  endfacet
  facet normal 0 1 0
    outer loop
      vertex 22.4045 24 -37.4394
      vertex 25 24 -41
      vertex 22.2376 24 -37.5316
    endloop
  endfacet
  facet normal 0 1 0
    outer loop
      vertex 22.5599 24 -37.3291
      vertex 25 24 -41
      vertex 22.4045 24 -37.4394
    endloop
  endfacet
  facet normal 0 1 0
    outer loop
      vertex 22.7021 24 -37.2021
      vertex 25 24 -41
      vertex 22.5599 24 -37.3291
    endloop
  endfacet
  facet normal 0 1 0
    outer loop
      vertex 22.8291 24 -37.0599
      vertex 25 24 -41
      vertex 22.7021 24 -37.2021
    endloop
  endfacet
  facet normal 0 1 0
    outer loop
      vertex 22.9394 24 -36.9045
      vertex 25 24 -41
      vertex 22.8291 24 -37.0599
    endloop
  endfacet
  facet normal 0 1 0
    outer loop
      vertex 23.0316 24 -36.7376
      vertex 25 24 -41
      vertex 22.9394 24 -36.9045
    endloop
  endfacet
  facet normal 0 1 0
    outer loop
      vertex 23.1046 24 -36.5615
      vertex 25 24 -41
      vertex 23.0316 24 -36.7376
    endloop
  endfacet
  facet normal 0 1 0
    outer loop
      vertex 23.1574 24 -36.3783
      vertex 25 24 -41
      vertex 23.1046 24 -36.5615
    endloop
  endfacet
  facet normal 0 1 0
    outer loop
      vertex 23.1893 24 -36.1903
      vertex 25 24 -41
      vertex 23.1574 24 -36.3783
    endloop
  endfacet
  facet normal 0 1 0
    outer loop
      vertex 23.2 24 -36
      vertex 25 24 -41
      vertex 23.1893 24 -36.1903
    endloop
  endfacet
  facet normal 0 1 0
    outer loop
      vertex 23.1893 24 -35.8097
      vertex 25 24 -41
      vertex 23.2 24 -36
    endloop
  endfacet
  facet normal 0 1 -0
    outer loop
      vertex -0.602088 24 -14.0563
      vertex -25 24 7
      vertex 0 24 -14.0225
    endloop
  endfacet
  facet normal 0 1 -0
    outer loop
      vertex -1.19661 24 -14.1573
      vertex -25 24 7
      vertex -0.602088 24 -14.0563
    endloop
  endfacet
  facet normal 0 1 -0
    outer loop
      vertex -1.77607 24 -14.3243
      vertex -25 24 7
      vertex -1.19661 24 -14.1573
    endloop
  endfacet
  facet normal 0 1 -0
    outer loop
      vertex -2.33321 24 -14.555
      vertex -25 24 7
      vertex -1.77607 24 -14.3243
    endloop
  endfacet
  facet normal 0 1 -0
    outer loop
      vertex -2.861 24 -14.8467
      vertex -25 24 7
      vertex -2.33321 24 -14.555
    endloop
  endfacet
  facet normal 0 1 -0
    outer loop
      vertex -3.35282 24 -15.1957
      vertex -25 24 7
      vertex -2.861 24 -14.8467
    endloop
  endfacet
  facet normal 0 1 -0
    outer loop
      vertex -3.80247 24 -15.5975
      vertex -25 24 7
      vertex -3.35282 24 -15.1957
    endloop
  endfacet
  facet normal 0 1 -0
    outer loop
      vertex -4.2043 24 -16.0472
      vertex -25 24 7
      vertex -3.80247 24 -15.5975
    endloop
  endfacet
  facet normal 0 1 -0
    outer loop
      vertex -4.55326 24 -16.539
      vertex -25 24 7
      vertex -4.2043 24 -16.0472
    endloop
  endfacet
  facet normal 0 1 -0
    outer loop
      vertex -4.84496 24 -17.0668
      vertex -25 24 7
      vertex -4.55326 24 -16.539
    endloop
  endfacet
  facet normal 0 1 -0
    outer loop
      vertex -5.07573 24 -17.6239
      vertex -25 24 7
      vertex -4.84496 24 -17.0668
    endloop
  endfacet
  facet normal 0 1 -0
    outer loop
      vertex -5.24267 24 -18.2034
      vertex -25 24 7
      vertex -5.07573 24 -17.6239
    endloop
  endfacet
  facet normal 0 1 -0
    outer loop
      vertex -5.34369 24 -18.7979
      vertex -25 24 7
      vertex -5.24267 24 -18.2034
    endloop
  endfacet
  facet normal 0 1 0
    outer loop
      vertex -25 24 -41
      vertex -5.34369 24 -18.7979
      vertex -5.3775 24 -19.4
    endloop
  endfacet
  facet normal 0 1 0
    outer loop
      vertex -25 24 -41
      vertex -5.3775 24 -19.4
      vertex -5.34369 24 -20.0021
    endloop
  endfacet
  facet normal 0 1 0
    outer loop
      vertex -25 24 -41
      vertex -5.34369 24 -20.0021
      vertex -5.24267 24 -20.5966
    endloop
  endfacet
  facet normal 0 1 0
    outer loop
      vertex -25 24 -41
      vertex -5.24267 24 -20.5966
      vertex -5.07573 24 -21.1761
    endloop
  endfacet
  facet normal 0 1 0
    outer loop
      vertex -25 24 -41
      vertex -5.07573 24 -21.1761
      vertex -4.84496 24 -21.7332
    endloop
  endfacet
  facet normal 0 1 0
    outer loop
      vertex -25 24 -41
      vertex -4.84496 24 -21.7332
      vertex -4.55326 24 -22.261
    endloop
  endfacet
  facet normal 0 1 0
    outer loop
      vertex 3.80247 24 -23.2025
      vertex 13.4401 24 -34.6709
      vertex 3.35282 24 -23.6043
    endloop
  endfacet
  facet normal 0 1 -0
    outer loop
      vertex 13.2979 24 -34.7979
      vertex 3.35282 24 -23.6043
      vertex 13.4401 24 -34.6709
    endloop
  endfacet
  facet normal 0 1 -0
    outer loop
      vertex 13.1709 24 -34.9401
      vertex 3.35282 24 -23.6043
      vertex 13.2979 24 -34.7979
    endloop
  endfacet
  facet normal 0 1 0
    outer loop
      vertex 3.35282 24 -23.6043
      vertex 13.1709 24 -34.9401
      vertex 2.861 24 -23.9533
    endloop
  endfacet
  facet normal 0 1 -0
    outer loop
      vertex 13.0606 24 -35.0955
      vertex 2.861 24 -23.9533
      vertex 13.1709 24 -34.9401
    endloop
  endfacet
  facet normal 0 1 0
    outer loop
      vertex 2.861 24 -23.9533
      vertex 13.0606 24 -35.0955
      vertex 2.33321 24 -24.245
    endloop
  endfacet
  facet normal 0 1 -0
    outer loop
      vertex 12.9684 24 -35.2624
      vertex 2.33321 24 -24.245
      vertex 13.0606 24 -35.0955
    endloop
  endfacet
  facet normal 0 1 0
    outer loop
      vertex 2.33321 24 -24.245
      vertex 12.9684 24 -35.2624
      vertex 1.77607 24 -24.4757
    endloop
  endfacet
  facet normal 0 1 -0
    outer loop
      vertex 12.8954 24 -35.4385
      vertex 1.77607 24 -24.4757
      vertex 12.9684 24 -35.2624
    endloop
  endfacet
  facet normal 0 1 -0
    outer loop
      vertex 12.8426 24 -35.6217
      vertex 1.77607 24 -24.4757
      vertex 12.8954 24 -35.4385
    endloop
  endfacet
  facet normal 0 1 0
    outer loop
      vertex 1.77607 24 -24.4757
      vertex 12.8426 24 -35.6217
      vertex 1.19661 24 -24.6427
    endloop
  endfacet
  facet normal 0 1 -0
    outer loop
      vertex 12.8107 24 -35.8097
      vertex 1.19661 24 -24.6427
      vertex 12.8426 24 -35.6217
    endloop
  endfacet
  facet normal 0 1 0
    outer loop
      vertex 1.19661 24 -24.6427
      vertex 12.8107 24 -35.8097
      vertex 0.602088 24 -24.7437
    endloop
  endfacet
  facet normal 0 1 -0
    outer loop
      vertex 12.8 24 -36
      vertex 0.602088 24 -24.7437
      vertex 12.8107 24 -35.8097
    endloop
  endfacet
  facet normal 0 1 0
    outer loop
      vertex 0.602088 24 -24.7437
      vertex 12.8 24 -36
      vertex 0 24 -24.7775
    endloop
  endfacet
  facet normal 0 1 0
    outer loop
      vertex 12.8107 24 -36.1903
      vertex 0 24 -24.7775
      vertex 12.8 24 -36
    endloop
  endfacet
  facet normal 0 1 0
    outer loop
      vertex 12.8426 24 -36.3783
      vertex 0 24 -24.7775
      vertex 12.8107 24 -36.1903
    endloop
  endfacet
  facet normal 0 1 0
    outer loop
      vertex 0 24 -24.7775
      vertex 12.8426 24 -36.3783
      vertex -0.602088 24 -24.7437
    endloop
  endfacet
  facet normal 0 1 0
    outer loop
      vertex 12.8954 24 -36.5615
      vertex -0.602088 24 -24.7437
      vertex 12.8426 24 -36.3783
    endloop
  endfacet
  facet normal 0 1 0
    outer loop
      vertex -0.602088 24 -24.7437
      vertex 12.8954 24 -36.5615
      vertex -1.19661 24 -24.6427
    endloop
  endfacet
  facet normal 0 1 0
    outer loop
      vertex -25 24 -41
      vertex -1.19661 24 -24.6427
      vertex 12.8954 24 -36.5615
    endloop
  endfacet
  facet normal 0 1 0
    outer loop
      vertex -1.19661 24 -24.6427
      vertex -25 24 -41
      vertex -1.77607 24 -24.4757
    endloop
  endfacet
  facet normal 0 1 0
    outer loop
      vertex -1.77607 24 -24.4757
      vertex -25 24 -41
      vertex -2.33321 24 -24.245
    endloop
  endfacet
  facet normal 0 1 0
    outer loop
      vertex -2.33321 24 -24.245
      vertex -25 24 -41
      vertex -2.861 24 -23.9533
    endloop
  endfacet
  facet normal 0 1 0
    outer loop
      vertex -25 24 -41
      vertex 12.8954 24 -36.5615
      vertex 12.9684 24 -36.7376
    endloop
  endfacet
  facet normal 0 1 0
    outer loop
      vertex -25 24 -41
      vertex 12.9684 24 -36.7376
      vertex 13.0606 24 -36.9045
    endloop
  endfacet
  facet normal 0 1 0
    outer loop
      vertex -25 24 -41
      vertex 13.0606 24 -36.9045
      vertex 13.1709 24 -37.0599
    endloop
  endfacet
  facet normal 0 1 0
    outer loop
      vertex -25 24 -41
      vertex 13.1709 24 -37.0599
      vertex 13.2979 24 -37.2021
    endloop
  endfacet
  facet normal 0 1 0
    outer loop
      vertex -25 24 -41
      vertex 13.2979 24 -37.2021
      vertex 13.4401 24 -37.3291
    endloop
  endfacet
  facet normal 0 1 0
    outer loop
      vertex 25 24 -41
      vertex 14.3097 24 -37.6893
      vertex 14.5 24 -37.7
    endloop
  endfacet
  facet normal 0 1 0
    outer loop
      vertex 25 24 -41
      vertex 14.1217 24 -37.6574
      vertex 14.3097 24 -37.6893
    endloop
  endfacet
  facet normal 0 1 0
    outer loop
      vertex -25 24 -41
      vertex 14.1217 24 -37.6574
      vertex 25 24 -41
    endloop
  endfacet
  facet normal 0 1 0
    outer loop
      vertex -5.34369 24 -18.7979
      vertex -25 24 -41
      vertex -25 24 7
    endloop
  endfacet
  facet normal 0 1 0
    outer loop
      vertex -4.2043 24 -22.7528
      vertex -25 24 -41
      vertex -4.55326 24 -22.261
    endloop
  endfacet
  facet normal 0 1 0
    outer loop
      vertex -3.80247 24 -23.2025
      vertex -25 24 -41
      vertex -4.2043 24 -22.7528
    endloop
  endfacet
  facet normal 0 1 0
    outer loop
      vertex -3.35282 24 -23.6043
      vertex -25 24 -41
      vertex -3.80247 24 -23.2025
    endloop
  endfacet
  facet normal 0 1 0
    outer loop
      vertex -2.861 24 -23.9533
      vertex -25 24 -41
      vertex -3.35282 24 -23.6043
    endloop
  endfacet
  facet normal 0 1 0
    outer loop
      vertex 13.5955 24 -37.4394
      vertex -25 24 -41
      vertex 13.4401 24 -37.3291
    endloop
  endfacet
  facet normal 0 1 0
    outer loop
      vertex 13.7624 24 -37.5316
      vertex -25 24 -41
      vertex 13.5955 24 -37.4394
    endloop
  endfacet
  facet normal 0 1 0
    outer loop
      vertex 13.9385 24 -37.6046
      vertex -25 24 -41
      vertex 13.7624 24 -37.5316
    endloop
  endfacet
  facet normal 0 1 0
    outer loop
      vertex 14.1217 24 -37.6574
      vertex -25 24 -41
      vertex 13.9385 24 -37.6046
    endloop
  endfacet
  facet normal -0 0 1
    outer loop
      vertex -26.5 3 7
      vertex -25.5 -4 7
      vertex -25.5 3 7
    endloop
  endfacet
  facet normal 0 0 1
    outer loop
      vertex -25.5 -4 7
      vertex -28 -21 7
      vertex -25.6676 -23.9248 7
    endloop
  endfacet
  facet normal 0 0 1
    outer loop
      vertex -25.6676 -23.9248 7
      vertex -28 -21 7
      vertex -25.9908 -23.8316 7
    endloop
  endfacet
  facet normal 0 0 1
    outer loop
      vertex -25.5 -4 7
      vertex -26.5 3 7
      vertex -28 -21 7
    endloop
  endfacet
  facet normal 0 0 1
    outer loop
      vertex -25.9908 -23.8316 7
      vertex -28 -21 7
      vertex -26.3017 -23.7029 7
    endloop
  endfacet
  facet normal 0 0 1
    outer loop
      vertex -26.5 22.5 7
      vertex -28 21 7
      vertex -26.5 3 7
    endloop
  endfacet
  facet normal 0 0 1
    outer loop
      vertex -28 21 7
      vertex -26.5961 23.5402 7
      vertex -26.8705 23.3455 7
    endloop
  endfacet
  facet normal 0 0 1
    outer loop
      vertex -28 -21 7
      vertex -26.5 3 7
      vertex -28 21 7
    endloop
  endfacet
  facet normal 0 0 1
    outer loop
      vertex -28 21 7
      vertex -26.8705 23.3455 7
      vertex -27.1213 23.1213 7
    endloop
  endfacet
  facet normal 0 0 1
    outer loop
      vertex -26.3017 -23.7029 7
      vertex -28 -21 7
      vertex -26.5961 -23.5402 7
    endloop
  endfacet
  facet normal 0 0 1
    outer loop
      vertex -28 21 7
      vertex -27.1213 23.1213 7
      vertex -27.3455 22.8705 7
    endloop
  endfacet
  facet normal 0 0 1
    outer loop
      vertex -26.5961 -23.5402 7
      vertex -28 -21 7
      vertex -26.8705 -23.3455 7
    endloop
  endfacet
  facet normal 0 0 1
    outer loop
      vertex -28 21 7
      vertex -27.3455 22.8705 7
      vertex -27.5402 22.5961 7
    endloop
  endfacet
  facet normal 0 0 1
    outer loop
      vertex -26.8705 -23.3455 7
      vertex -28 -21 7
      vertex -27.1213 -23.1213 7
    endloop
  endfacet
  facet normal 0 0 1
    outer loop
      vertex -28 21 7
      vertex -27.5402 22.5961 7
      vertex -27.7029 22.3017 7
    endloop
  endfacet
  facet normal 0 0 1
    outer loop
      vertex -27.1213 -23.1213 7
      vertex -28 -21 7
      vertex -27.3455 -22.8705 7
    endloop
  endfacet
  facet normal 0 0 1
    outer loop
      vertex -28 21 7
      vertex -27.7029 22.3017 7
      vertex -27.8316 21.9908 7
    endloop
  endfacet
  facet normal 0 0 1
    outer loop
      vertex -27.3455 -22.8705 7
      vertex -28 -21 7
      vertex -27.5402 -22.5961 7
    endloop
  endfacet
  facet normal 0 0 1
    outer loop
      vertex -28 21 7
      vertex -27.8316 21.9908 7
      vertex -27.9248 21.6676 7
    endloop
  endfacet
  facet normal 0 0 1
    outer loop
      vertex -27.5402 -22.5961 7
      vertex -28 -21 7
      vertex -27.7029 -22.3017 7
    endloop
  endfacet
  facet normal 0 0 1
    outer loop
      vertex -28 21 7
      vertex -27.9248 21.6676 7
      vertex -27.9811 21.3359 7
    endloop
  endfacet
  facet normal 0 0 1
    outer loop
      vertex -27.7029 -22.3017 7
      vertex -28 -21 7
      vertex -27.8316 -21.9908 7
    endloop
  endfacet
  facet normal 0 0 1
    outer loop
      vertex -27.8316 -21.9908 7
      vertex -28 -21 7
      vertex -27.9248 -21.6676 7
    endloop
  endfacet
  facet normal 0 0 1
    outer loop
      vertex -27.9248 -21.6676 7
      vertex -28 -21 7
      vertex -27.9811 -21.3359 7
    endloop
  endfacet
  facet normal 0 0 1
    outer loop
      vertex -7.5 -4 7
      vertex -21.5 -5.4 7
      vertex -11.5 -5.4 7
    endloop
  endfacet
  facet normal 0 0 1
    outer loop
      vertex -25.5 -4 7
      vertex -21.5 -16.6 7
      vertex -21.5 -5.4 7
    endloop
  endfacet
  facet normal 0 0 1
    outer loop
      vertex -21.5 -16.6 7
      vertex -25.6676 -23.9248 7
      vertex -25 -24 7
    endloop
  endfacet
  facet normal -0 0 1
    outer loop
      vertex -25.5 -4 7
      vertex -21.5 -5.4 7
      vertex -7.5 -4 7
    endloop
  endfacet
  facet normal 0 0 1
    outer loop
      vertex -21.5 -16.6 7
      vertex -25.5 -4 7
      vertex -25.6676 -23.9248 7
    endloop
  endfacet
  facet normal 0 0 1
    outer loop
      vertex -25 -24 7
      vertex -25.6676 -23.9248 7
      vertex -25.3359 -23.9811 7
    endloop
  endfacet
  facet normal 0 0 1
    outer loop
      vertex 25 24 7
      vertex 28 21 7
      vertex 27.9811 21.3359 7
    endloop
  endfacet
  facet normal 0 0 1
    outer loop
      vertex 28 21 7
      vertex -1 3 7
      vertex 28 -21 7
    endloop
  endfacet
  facet normal 0 0 1
    outer loop
      vertex 25 24 7
      vertex 27.9811 21.3359 7
      vertex 27.9248 21.6676 7
    endloop
  endfacet
  facet normal 0 -0 1
    outer loop
      vertex 25 -24 7
      vertex 28 -21 7
      vertex -1 3 7
    endloop
  endfacet
  facet normal 0 0 1
    outer loop
      vertex 25 24 7
      vertex 27.9248 21.6676 7
      vertex 27.8316 21.9908 7
    endloop
  endfacet
  facet normal 0 0 1
    outer loop
      vertex 28 -21 7
      vertex 25 -24 7
      vertex 27.9811 -21.3359 7
    endloop
  endfacet
  facet normal 0 0 1
    outer loop
      vertex 25 24 7
      vertex 27.8316 21.9908 7
      vertex 27.7029 22.3017 7
    endloop
  endfacet
  facet normal 0 0 1
    outer loop
      vertex 27.9811 -21.3359 7
      vertex 25 -24 7
      vertex 27.9248 -21.6676 7
    endloop
  endfacet
  facet normal 0 0 1
    outer loop
      vertex 25 24 7
      vertex 27.7029 22.3017 7
      vertex 27.5402 22.5961 7
    endloop
  endfacet
  facet normal 0 0 1
    outer loop
      vertex 27.9248 -21.6676 7
      vertex 25 -24 7
      vertex 27.8316 -21.9908 7
    endloop
  endfacet
  facet normal 0 0 1
    outer loop
      vertex 25 24 7
      vertex 27.5402 22.5961 7
      vertex 27.3455 22.8705 7
    endloop
  endfacet
  facet normal 0 0 1
    outer loop
      vertex 27.8316 -21.9908 7
      vertex 25 -24 7
      vertex 27.7029 -22.3017 7
    endloop
  endfacet
  facet normal 0 0 1
    outer loop
      vertex 25 24 7
      vertex 27.3455 22.8705 7
      vertex 27.1213 23.1213 7
    endloop
  endfacet
  facet normal 0 0 1
    outer loop
      vertex 27.7029 -22.3017 7
      vertex 25 -24 7
      vertex 27.5402 -22.5961 7
    endloop
  endfacet
  facet normal 0 0 1
    outer loop
      vertex 25 24 7
      vertex 27.1213 23.1213 7
      vertex 26.8705 23.3455 7
    endloop
  endfacet
  facet normal 0 0 1
    outer loop
      vertex 27.5402 -22.5961 7
      vertex 25 -24 7
      vertex 27.3455 -22.8705 7
    endloop
  endfacet
  facet normal 0 0 1
    outer loop
      vertex 25 24 7
      vertex 26.8705 23.3455 7
      vertex 26.5961 23.5402 7
    endloop
  endfacet
  facet normal 0 0 1
    outer loop
      vertex 27.3455 -22.8705 7
      vertex 25 -24 7
      vertex 27.1213 -23.1213 7
    endloop
  endfacet
  facet normal 0 0 1
    outer loop
      vertex 25 24 7
      vertex 26.5961 23.5402 7
      vertex 26.3017 23.7029 7
    endloop
  endfacet
  facet normal 0 0 1
    outer loop
      vertex 27.1213 -23.1213 7
      vertex 25 -24 7
      vertex 26.8705 -23.3455 7
    endloop
  endfacet
  facet normal 0 0 1
    outer loop
      vertex 25 24 7
      vertex 26.3017 23.7029 7
      vertex 25.9908 23.8316 7
    endloop
  endfacet
  facet normal 0 0 1
    outer loop
      vertex 26.8705 -23.3455 7
      vertex 25 -24 7
      vertex 26.5961 -23.5402 7
    endloop
  endfacet
  facet normal 0 0 1
    outer loop
      vertex 25 24 7
      vertex 25.9908 23.8316 7
      vertex 25.6676 23.9248 7
    endloop
  endfacet
  facet normal 0 0 1
    outer loop
      vertex 26.5961 -23.5402 7
      vertex 25 -24 7
      vertex 26.3017 -23.7029 7
    endloop
  endfacet
  facet normal 0 0 1
    outer loop
      vertex 25 24 7
      vertex 25.6676 23.9248 7
      vertex 25.3359 23.9811 7
    endloop
  endfacet
  facet normal 0 0 1
    outer loop
      vertex 28 21 7
      vertex 25 24 7
      vertex -1 3 7
    endloop
  endfacet
  facet normal 0 0 1
    outer loop
      vertex 26.3017 -23.7029 7
      vertex 25 -24 7
      vertex 25.9908 -23.8316 7
    endloop
  endfacet
  facet normal 0 0 1
    outer loop
      vertex 25.6676 -23.9248 7
      vertex 25 -24 7
      vertex 25.3359 -23.9811 7
    endloop
  endfacet
  facet normal 0 0 1
    outer loop
      vertex -1 3 7
      vertex 25 24 7
      vertex -1 22.5 7
    endloop
  endfacet
  facet normal -0 0 1
    outer loop
      vertex -25 24 7
      vertex -1 22.5 7
      vertex 25 24 7
    endloop
  endfacet
  facet normal 0 0 1
    outer loop
      vertex -26.5 22.5 7
      vertex -25 24 7
      vertex -25.3359 23.9811 7
    endloop
  endfacet
  facet normal 0 0 1
    outer loop
      vertex -26.5 22.5 7
      vertex -25.3359 23.9811 7
      vertex -25.6676 23.9248 7
    endloop
  endfacet
  facet normal 0 0 1
    outer loop
      vertex -26.5 22.5 7
      vertex -25.6676 23.9248 7
      vertex -25.9908 23.8316 7
    endloop
  endfacet
  facet normal 0 0 1
    outer loop
      vertex -26.5 22.5 7
      vertex -25.9908 23.8316 7
      vertex -26.3017 23.7029 7
    endloop
  endfacet
  facet normal 0 0 1
    outer loop
      vertex -25 24 7
      vertex -26.5 22.5 7
      vertex -1 22.5 7
    endloop
  endfacet
  facet normal 0 0 1
    outer loop
      vertex -28 21 7
      vertex -26.5 22.5 7
      vertex -26.5961 23.5402 7
    endloop
  endfacet
  facet normal -0 0 1
    outer loop
      vertex -26.5961 23.5402 7
      vertex -26.5 22.5 7
      vertex -26.3017 23.7029 7
    endloop
  endfacet
  facet normal 0 0 1
    outer loop
      vertex 25.9908 -23.8316 7
      vertex 25 -24 7
      vertex 25.6676 -23.9248 7
    endloop
  endfacet
  facet normal 0 0 1
    outer loop
      vertex -7.5 -4 7
      vertex -1 3 7
      vertex -7.5 3 7
    endloop
  endfacet
  facet normal 0 0 1
    outer loop
      vertex -1 3 7
      vertex -7.5 -4 7
      vertex 25 -24 7
    endloop
  endfacet
  facet normal 0 0 1
    outer loop
      vertex -11.5 -16.6 7
      vertex -7.5 -4 7
      vertex -11.5 -5.4 7
    endloop
  endfacet
  facet normal 0 0 1
    outer loop
      vertex -7.5 -4 7
      vertex -11.5 -16.6 7
      vertex 25 -24 7
    endloop
  endfacet
  facet normal 0 0 1
    outer loop
      vertex -25 -24 7
      vertex -11.5 -16.6 7
      vertex -21.5 -16.6 7
    endloop
  endfacet
  facet normal 0 0 1
    outer loop
      vertex -11.5 -16.6 7
      vertex -25 -24 7
      vertex 25 -24 7
    endloop
  endfacet
  facet normal 0 0 -1
    outer loop
      vertex -1.56125 8.925 0
      vertex 0.127499 14 0
      vertex 0.127499 6 0
    endloop
  endfacet
  facet normal 0 0 -1
    outer loop
      vertex -1.56125 8.925 0
      vertex -1.56125 11.075 0
      vertex 0.127499 14 0
    endloop
  endfacet
  facet normal 0 0 -1
    outer loop
      vertex -4.93875 8.925 0
      vertex -1.56125 11.075 0
      vertex -1.56125 8.925 0
    endloop
  endfacet
  facet normal 0 0 -1
    outer loop
      vertex -4.93875 8.925 0
      vertex -4.93875 11.075 0
      vertex -1.56125 11.075 0
    endloop
  endfacet
  facet normal 0 0 -1
    outer loop
      vertex -6.6275 6 0
      vertex -4.93875 11.075 0
      vertex -4.93875 8.925 0
    endloop
  endfacet
  facet normal -0 0 -1
    outer loop
      vertex -4.93875 11.075 0
      vertex -6.6275 6 0
      vertex -6.6275 14 0
    endloop
  endfacet
  facet normal 0 0 -1
    outer loop
      vertex 21 -17 0
      vertex -1.56125 3.075 0
      vertex 0.127499 6 0
    endloop
  endfacet
  facet normal 0 0 -1
    outer loop
      vertex -21 -17 0
      vertex -1.56125 3.075 0
      vertex 21 -17 0
    endloop
  endfacet
  facet normal 0 0 -1
    outer loop
      vertex -25 17 0
      vertex -6.6275 6 0
      vertex -21 -17 0
    endloop
  endfacet
  facet normal -0 0 -1
    outer loop
      vertex -4.93875 3.075 0
      vertex -21 -17 0
      vertex -6.6275 6 0
    endloop
  endfacet
  facet normal -0 0 -1
    outer loop
      vertex -1.56125 3.075 0
      vertex -21 -17 0
      vertex -4.93875 3.075 0
    endloop
  endfacet
  facet normal 0 0 -1
    outer loop
      vertex 27.9811 -19.6641 0
      vertex 28 20 0
      vertex 28 -20 0
    endloop
  endfacet
  facet normal 0 0 -1
    outer loop
      vertex 27.9811 -19.6641 0
      vertex 27.9811 19.6641 0
      vertex 28 20 0
    endloop
  endfacet
  facet normal 0 0 -1
    outer loop
      vertex 27.9248 -19.3324 0
      vertex 27.9811 19.6641 0
      vertex 27.9811 -19.6641 0
    endloop
  endfacet
  facet normal 0 0 -1
    outer loop
      vertex 27.9248 -19.3324 0
      vertex 27.9248 19.3324 0
      vertex 27.9811 19.6641 0
    endloop
  endfacet
  facet normal 0 0 -1
    outer loop
      vertex 27.8316 -19.0092 0
      vertex 27.9248 19.3324 0
      vertex 27.9248 -19.3324 0
    endloop
  endfacet
  facet normal 0 0 -1
    outer loop
      vertex 27.8316 -19.0092 0
      vertex 27.8316 19.0092 0
      vertex 27.9248 19.3324 0
    endloop
  endfacet
  facet normal 0 0 -1
    outer loop
      vertex 27.7029 -18.6983 0
      vertex 27.8316 19.0092 0
      vertex 27.8316 -19.0092 0
    endloop
  endfacet
  facet normal 0 0 -1
    outer loop
      vertex 27.7029 -18.6983 0
      vertex 27.7029 18.6983 0
      vertex 27.8316 19.0092 0
    endloop
  endfacet
  facet normal 0 0 -1
    outer loop
      vertex 27.5402 -18.4039 0
      vertex 27.7029 18.6983 0
      vertex 27.7029 -18.6983 0
    endloop
  endfacet
  facet normal 0 0 -1
    outer loop
      vertex 27.5402 -18.4039 0
      vertex 27.5402 18.4039 0
      vertex 27.7029 18.6983 0
    endloop
  endfacet
  facet normal 0 0 -1
    outer loop
      vertex 27.3455 -18.1295 0
      vertex 27.5402 18.4039 0
      vertex 27.5402 -18.4039 0
    endloop
  endfacet
  facet normal 0 0 -1
    outer loop
      vertex 27.3455 -18.1295 0
      vertex 27.3455 18.1295 0
      vertex 27.5402 18.4039 0
    endloop
  endfacet
  facet normal 0 0 -1
    outer loop
      vertex 27.1213 -17.8787 0
      vertex 27.3455 18.1295 0
      vertex 27.3455 -18.1295 0
    endloop
  endfacet
  facet normal 0 0 -1
    outer loop
      vertex 27.1213 -17.8787 0
      vertex 27.1213 17.8787 0
      vertex 27.3455 18.1295 0
    endloop
  endfacet
  facet normal 0 0 -1
    outer loop
      vertex 26.8705 -17.6545 0
      vertex 27.1213 17.8787 0
      vertex 27.1213 -17.8787 0
    endloop
  endfacet
  facet normal 0 0 -1
    outer loop
      vertex 26.8705 -17.6545 0
      vertex 26.8705 17.6545 0
      vertex 27.1213 17.8787 0
    endloop
  endfacet
  facet normal 0 0 -1
    outer loop
      vertex 26.5961 -17.4598 0
      vertex 26.8705 17.6545 0
      vertex 26.8705 -17.6545 0
    endloop
  endfacet
  facet normal 0 0 -1
    outer loop
      vertex 26.5961 -17.4598 0
      vertex 26.5961 17.4598 0
      vertex 26.8705 17.6545 0
    endloop
  endfacet
  facet normal 0 0 -1
    outer loop
      vertex 26.3017 -17.2971 0
      vertex 26.5961 17.4598 0
      vertex 26.5961 -17.4598 0
    endloop
  endfacet
  facet normal 0 0 -1
    outer loop
      vertex 26.3017 -17.2971 0
      vertex 26.3017 17.2971 0
      vertex 26.5961 17.4598 0
    endloop
  endfacet
  facet normal 0 0 -1
    outer loop
      vertex 25.9908 -17.1684 0
      vertex 26.3017 17.2971 0
      vertex 26.3017 -17.2971 0
    endloop
  endfacet
  facet normal 0 0 -1
    outer loop
      vertex 25.9908 -17.1684 0
      vertex 25.9908 17.1684 0
      vertex 26.3017 17.2971 0
    endloop
  endfacet
  facet normal 0 0 -1
    outer loop
      vertex 25.6676 -17.0752 0
      vertex 25.9908 17.1684 0
      vertex 25.9908 -17.1684 0
    endloop
  endfacet
  facet normal 0 0 -1
    outer loop
      vertex 25.6676 -17.0752 0
      vertex 25.6676 17.0752 0
      vertex 25.9908 17.1684 0
    endloop
  endfacet
  facet normal 0 0 -1
    outer loop
      vertex 25.3359 -17.0189 0
      vertex 25.6676 17.0752 0
      vertex 25.6676 -17.0752 0
    endloop
  endfacet
  facet normal 0 0 -1
    outer loop
      vertex 25.3359 -17.0189 0
      vertex 25.3359 17.0189 0
      vertex 25.6676 17.0752 0
    endloop
  endfacet
  facet normal 0 0 -1
    outer loop
      vertex 25 -17 0
      vertex 25.3359 17.0189 0
      vertex 25.3359 -17.0189 0
    endloop
  endfacet
  facet normal 0 0 -1
    outer loop
      vertex 25 -17 0
      vertex 25 17 0
      vertex 25.3359 17.0189 0
    endloop
  endfacet
  facet normal 0 0 -1
    outer loop
      vertex 21 -17 0
      vertex 25 17 0
      vertex 25 -17 0
    endloop
  endfacet
  facet normal 0 0 -1
    outer loop
      vertex 0.127499 6 0
      vertex 25 17 0
      vertex 21 -17 0
    endloop
  endfacet
  facet normal 0 0 -1
    outer loop
      vertex 0.127499 14 0
      vertex 25 17 0
      vertex 0.127499 6 0
    endloop
  endfacet
  facet normal 0 0 -1
    outer loop
      vertex -1.56125 16.925 0
      vertex 25 17 0
      vertex 0.127499 14 0
    endloop
  endfacet
  facet normal 0 0 -1
    outer loop
      vertex -4.93875 16.925 0
      vertex 25 17 0
      vertex -1.56125 16.925 0
    endloop
  endfacet
  facet normal 0 0 -1
    outer loop
      vertex -25 17 0
      vertex -21 -17 0
      vertex -25 -17 0
    endloop
  endfacet
  facet normal 0 0 -1
    outer loop
      vertex -6.6275 6 0
      vertex -25 17 0
      vertex -6.6275 14 0
    endloop
  endfacet
  facet normal 0 0 -1
    outer loop
      vertex -4.93875 16.925 0
      vertex -25 17 0
      vertex 25 17 0
    endloop
  endfacet
  facet normal 0 0 -1
    outer loop
      vertex -6.6275 14 0
      vertex -25 17 0
      vertex -4.93875 16.925 0
    endloop
  endfacet
  facet normal 0 0 -1
    outer loop
      vertex -25.3359 -17.0189 0
      vertex -25 17 0
      vertex -25 -17 0
    endloop
  endfacet
  facet normal 0 0 -1
    outer loop
      vertex -25.3359 -17.0189 0
      vertex -25.3359 17.0189 0
      vertex -25 17 0
    endloop
  endfacet
  facet normal 0 0 -1
    outer loop
      vertex -25.6676 -17.0752 0
      vertex -25.3359 17.0189 0
      vertex -25.3359 -17.0189 0
    endloop
  endfacet
  facet normal 0 0 -1
    outer loop
      vertex -25.6676 -17.0752 0
      vertex -25.6676 17.0752 0
      vertex -25.3359 17.0189 0
    endloop
  endfacet
  facet normal 0 0 -1
    outer loop
      vertex -25.9908 -17.1684 0
      vertex -25.6676 17.0752 0
      vertex -25.6676 -17.0752 0
    endloop
  endfacet
  facet normal 0 0 -1
    outer loop
      vertex -25.9908 -17.1684 0
      vertex -25.9908 17.1684 0
      vertex -25.6676 17.0752 0
    endloop
  endfacet
  facet normal 0 0 -1
    outer loop
      vertex -26.3017 -17.2971 0
      vertex -25.9908 17.1684 0
      vertex -25.9908 -17.1684 0
    endloop
  endfacet
  facet normal 0 0 -1
    outer loop
      vertex -26.3017 -17.2971 0
      vertex -26.3017 17.2971 0
      vertex -25.9908 17.1684 0
    endloop
  endfacet
  facet normal 0 0 -1
    outer loop
      vertex -26.5961 -17.4598 0
      vertex -26.3017 17.2971 0
      vertex -26.3017 -17.2971 0
    endloop
  endfacet
  facet normal 0 0 -1
    outer loop
      vertex -26.5961 -17.4598 0
      vertex -26.5961 17.4598 0
      vertex -26.3017 17.2971 0
    endloop
  endfacet
  facet normal 0 0 -1
    outer loop
      vertex -26.8705 -17.6545 0
      vertex -26.5961 17.4598 0
      vertex -26.5961 -17.4598 0
    endloop
  endfacet
  facet normal 0 0 -1
    outer loop
      vertex -26.8705 -17.6545 0
      vertex -26.8705 17.6545 0
      vertex -26.5961 17.4598 0
    endloop
  endfacet
  facet normal 0 0 -1
    outer loop
      vertex -27.1213 -17.8787 0
      vertex -26.8705 17.6545 0
      vertex -26.8705 -17.6545 0
    endloop
  endfacet
  facet normal 0 0 -1
    outer loop
      vertex -27.1213 -17.8787 0
      vertex -27.1213 17.8787 0
      vertex -26.8705 17.6545 0
    endloop
  endfacet
  facet normal 0 0 -1
    outer loop
      vertex -27.3455 -18.1295 0
      vertex -27.1213 17.8787 0
      vertex -27.1213 -17.8787 0
    endloop
  endfacet
  facet normal 0 0 -1
    outer loop
      vertex -27.3455 -18.1295 0
      vertex -27.3455 18.1295 0
      vertex -27.1213 17.8787 0
    endloop
  endfacet
  facet normal 0 0 -1
    outer loop
      vertex -27.5402 -18.4039 0
      vertex -27.3455 18.1295 0
      vertex -27.3455 -18.1295 0
    endloop
  endfacet
  facet normal 0 0 -1
    outer loop
      vertex -27.5402 -18.4039 0
      vertex -27.5402 18.4039 0
      vertex -27.3455 18.1295 0
    endloop
  endfacet
  facet normal 0 0 -1
    outer loop
      vertex -27.7029 -18.6983 0
      vertex -27.5402 18.4039 0
      vertex -27.5402 -18.4039 0
    endloop
  endfacet
  facet normal 0 0 -1
    outer loop
      vertex -27.7029 -18.6983 0
      vertex -27.7029 18.6983 0
      vertex -27.5402 18.4039 0
    endloop
  endfacet
  facet normal 0 0 -1
    outer loop
      vertex -27.8316 -19.0092 0
      vertex -27.7029 18.6983 0
      vertex -27.7029 -18.6983 0
    endloop
  endfacet
  facet normal 0 0 -1
    outer loop
      vertex -27.8316 -19.0092 0
      vertex -27.8316 19.0092 0
      vertex -27.7029 18.6983 0
    endloop
  endfacet
  facet normal 0 0 -1
    outer loop
      vertex -27.9248 -19.3324 0
      vertex -27.8316 19.0092 0
      vertex -27.8316 -19.0092 0
    endloop
  endfacet
  facet normal 0 0 -1
    outer loop
      vertex -27.9248 -19.3324 0
      vertex -27.9248 19.3324 0
      vertex -27.8316 19.0092 0
    endloop
  endfacet
  facet normal 0 0 -1
    outer loop
      vertex -27.9811 -19.6641 0
      vertex -27.9248 19.3324 0
      vertex -27.9248 -19.3324 0
    endloop
  endfacet
  facet normal 0 0 -1
    outer loop
      vertex -27.9811 -19.6641 0
      vertex -27.9811 19.6641 0
      vertex -27.9248 19.3324 0
    endloop
  endfacet
  facet normal 0 0 -1
    outer loop
      vertex -28 -20 0
      vertex -27.9811 19.6641 0
      vertex -27.9811 -19.6641 0
    endloop
  endfacet
  facet normal -0 0 -1
    outer loop
      vertex -27.9811 19.6641 0
      vertex -28 -20 0
      vertex -28 20 0
    endloop
  endfacet
  facet normal -1 0 0
    outer loop
      vertex -28 -20 -5
      vertex -28 -21 -5
      vertex -28 -20 0
    endloop
  endfacet
  facet normal -1 0 0
    outer loop
      vertex -28 20 0
      vertex -28 21 -41
      vertex -28 20 -41
    endloop
  endfacet
  facet normal -1 0 0
    outer loop
      vertex -28 21 -41
      vertex -28 20 0
      vertex -28 21 7
    endloop
  endfacet
  facet normal -1 0 0
    outer loop
      vertex -28 -20 0
      vertex -28 21 7
      vertex -28 20 0
    endloop
  endfacet
  facet normal -1 0 0
    outer loop
      vertex -28 -20 0
      vertex -28 -21 7
      vertex -28 21 7
    endloop
  endfacet
  facet normal -1 0 0
    outer loop
      vertex -28 -21 7
      vertex -28 -20 0
      vertex -28 -21 -5
    endloop
  endfacet
  facet normal -0.277076 -0.960848 0
    outer loop
      vertex -25.9908 17.1684 -41
      vertex -25.6676 17.0752 0
      vertex -25.9908 17.1684 0
    endloop
  endfacet
  facet normal -0.277076 -0.960848 -0
    outer loop
      vertex -25.6676 17.0752 0
      vertex -25.9908 17.1684 -41
      vertex -25.6676 17.0752 -41
    endloop
  endfacet
  facet normal 0.0561779 -0.998421 0
    outer loop
      vertex 25 17 -41
      vertex 25.3359 17.0189 0
      vertex 25 17 0
    endloop
  endfacet
  facet normal 0.0561779 -0.998421 0
    outer loop
      vertex 25.3359 17.0189 0
      vertex 25 17 -41
      vertex 25.3359 17.0189 -41
    endloop
  endfacet
  facet normal -0.167338 -0.9859 0
    outer loop
      vertex -25.6676 17.0752 -41
      vertex -25.3359 17.0189 0
      vertex -25.6676 17.0752 0
    endloop
  endfacet
  facet normal -0.167338 -0.9859 -0
    outer loop
      vertex -25.3359 17.0189 0
      vertex -25.6676 17.0752 -41
      vertex -25.3359 17.0189 -41
    endloop
  endfacet
  facet normal 0 -1 0
    outer loop
      vertex 17.8775 17 -36
      vertex 19.8113 17 -33.075
      vertex 16.1887 17 -33.075
    endloop
  endfacet
  facet normal 0 -1 0
    outer loop
      vertex 17.8775 17 -36
      vertex 18.1225 17 -36
      vertex 19.8113 17 -33.075
    endloop
  endfacet
  facet normal 0 -1 0
    outer loop
      vertex 16.1887 17 -38.925
      vertex 18.1225 17 -36
      vertex 17.8775 17 -36
    endloop
  endfacet
  facet normal 0 -1 -0
    outer loop
      vertex 18.1225 17 -36
      vertex 16.1887 17 -38.925
      vertex 19.8113 17 -38.925
    endloop
  endfacet
  facet normal 0 -1 0
    outer loop
      vertex -25 17 0
      vertex -1.68875 17 -16.475
      vertex 25 17 0
    endloop
  endfacet
  facet normal 0 -1 0
    outer loop
      vertex -25 17 0
      vertex -3.3775 17 -19.4
      vertex -1.68875 17 -16.475
    endloop
  endfacet
  facet normal 0 -1 0
    outer loop
      vertex -25 17 -41
      vertex -3.3775 17 -19.4
      vertex -25 17 0
    endloop
  endfacet
  facet normal 0 -1 0
    outer loop
      vertex 11.1225 17 -36
      vertex 1.68875 17 -22.325
      vertex -1.68875 17 -22.325
    endloop
  endfacet
  facet normal 0 -1 0
    outer loop
      vertex 1.68875 17 -22.325
      vertex 11.1225 17 -36
      vertex 12.8113 17 -33.075
    endloop
  endfacet
  facet normal 0 -1 -0
    outer loop
      vertex -3.3775 17 -19.4
      vertex -25 17 -41
      vertex -1.68875 17 -22.325
    endloop
  endfacet
  facet normal 0 -1 -0
    outer loop
      vertex -1.68875 17 -22.325
      vertex -25 17 -41
      vertex 11.1225 17 -36
    endloop
  endfacet
  facet normal 0 -1 0
    outer loop
      vertex 25 17 -41
      vertex 16.1887 17 -38.925
      vertex 12.8113 17 -38.925
    endloop
  endfacet
  facet normal 0 -1 0
    outer loop
      vertex 16.1887 17 -38.925
      vertex 25 17 -41
      vertex 19.8113 17 -38.925
    endloop
  endfacet
  facet normal 0 -1 0
    outer loop
      vertex 25 17 -41
      vertex 12.8113 17 -38.925
      vertex -25 17 -41
    endloop
  endfacet
  facet normal 0 -1 -0
    outer loop
      vertex 11.1225 17 -36
      vertex -25 17 -41
      vertex 12.8113 17 -38.925
    endloop
  endfacet
  facet normal 0 -1 0
    outer loop
      vertex 1.68875 17 -16.475
      vertex 25 17 0
      vertex -1.68875 17 -16.475
    endloop
  endfacet
  facet normal 0 -1 0
    outer loop
      vertex 3.3775 17 -19.4
      vertex 25 17 0
      vertex 1.68875 17 -16.475
    endloop
  endfacet
  facet normal 0 -1 0
    outer loop
      vertex 12.8113 17 -33.075
      vertex 3.3775 17 -19.4
      vertex 1.68875 17 -22.325
    endloop
  endfacet
  facet normal 0 -1 0
    outer loop
      vertex 3.3775 17 -19.4
      vertex 12.8113 17 -33.075
      vertex 16.1887 17 -33.075
    endloop
  endfacet
  facet normal 0 -1 0
    outer loop
      vertex 19.8113 17 -33.075
      vertex 3.3775 17 -19.4
      vertex 16.1887 17 -33.075
    endloop
  endfacet
  facet normal 0 -1 0
    outer loop
      vertex 3.3775 17 -19.4
      vertex 19.8113 17 -33.075
      vertex 25 17 0
    endloop
  endfacet
  facet normal 0 -1 0
    outer loop
      vertex 23.1887 17 -33.075
      vertex 25 17 0
      vertex 19.8113 17 -33.075
    endloop
  endfacet
  facet normal 0 -1 0
    outer loop
      vertex 24.8775 17 -36
      vertex 25 17 0
      vertex 23.1887 17 -33.075
    endloop
  endfacet
  facet normal 0 -1 0
    outer loop
      vertex 24.8775 17 -36
      vertex 25 17 -41
      vertex 25 17 0
    endloop
  endfacet
  facet normal 0 -1 0
    outer loop
      vertex 23.1887 17 -38.925
      vertex 25 17 -41
      vertex 24.8775 17 -36
    endloop
  endfacet
  facet normal 0 -1 0
    outer loop
      vertex 19.8113 17 -38.925
      vertex 25 17 -41
      vertex 23.1887 17 -38.925
    endloop
  endfacet
  facet normal -0.578677 -0.815557 0
    outer loop
      vertex -26.8705 17.6545 -41
      vertex -26.5961 17.4598 0
      vertex -26.8705 17.6545 0
    endloop
  endfacet
  facet normal -0.578677 -0.815557 -0
    outer loop
      vertex -26.5961 17.4598 0
      vertex -26.8705 17.6545 -41
      vertex -26.5961 17.4598 -41
    endloop
  endfacet
  facet normal 0.277076 0.960848 -0
    outer loop
      vertex 25.9908 23.8316 -41
      vertex 25.6676 23.9248 7
      vertex 25.9908 23.8316 7
    endloop
  endfacet
  facet normal 0.277076 0.960848 0
    outer loop
      vertex 25.6676 23.9248 7
      vertex 25.9908 23.8316 -41
      vertex 25.6676 23.9248 -41
    endloop
  endfacet
  facet normal 0.998421 0.0561779 0
    outer loop
      vertex 28 21 7
      vertex 27.9811 21.3359 -41
      vertex 27.9811 21.3359 7
    endloop
  endfacet
  facet normal 0.998421 0.0561779 0
    outer loop
      vertex 27.9811 21.3359 -41
      vertex 28 21 7
      vertex 28 21 -41
    endloop
  endfacet
  facet normal -0.0561779 -0.998421 0
    outer loop
      vertex -25.3359 17.0189 -41
      vertex -25 17 0
      vertex -25.3359 17.0189 0
    endloop
  endfacet
  facet normal -0.0561779 -0.998421 -0
    outer loop
      vertex -25 17 0
      vertex -25.3359 17.0189 -41
      vertex -25 17 -41
    endloop
  endfacet
  facet normal -0.0561779 0.998421 0
    outer loop
      vertex -25 24 -41
      vertex -25.3359 23.9811 7
      vertex -25 24 7
    endloop
  endfacet
  facet normal -0.0561779 0.998421 0
    outer loop
      vertex -25.3359 23.9811 7
      vertex -25 24 -41
      vertex -25.3359 23.9811 -41
    endloop
  endfacet
  facet normal 0.0561779 0.998421 -0
    outer loop
      vertex 25.3359 23.9811 -41
      vertex 25 24 7
      vertex 25.3359 23.9811 7
    endloop
  endfacet
  facet normal 0.0561779 0.998421 0
    outer loop
      vertex 25 24 7
      vertex 25.3359 23.9811 -41
      vertex 25 24 -41
    endloop
  endfacet
  facet normal 0.167338 0.9859 -0
    outer loop
      vertex 25.6676 23.9248 -41
      vertex 25.3359 23.9811 7
      vertex 25.6676 23.9248 7
    endloop
  endfacet
  facet normal 0.167338 0.9859 0
    outer loop
      vertex 25.3359 23.9811 7
      vertex 25.6676 23.9248 -41
      vertex 25.3359 23.9811 -41
    endloop
  endfacet
  facet normal 0.960848 -0.277076 0
    outer loop
      vertex 27.8316 19.0092 0
      vertex 27.9248 19.3324 -41
      vertex 27.9248 19.3324 0
    endloop
  endfacet
  facet normal 0.960848 -0.277076 0
    outer loop
      vertex 27.9248 19.3324 -41
      vertex 27.8316 19.0092 0
      vertex 27.8316 19.0092 -41
    endloop
  endfacet
  facet normal 0.666465 -0.745537 0
    outer loop
      vertex 26.8705 17.6545 -41
      vertex 27.1213 17.8787 0
      vertex 26.8705 17.6545 0
    endloop
  endfacet
  facet normal 0.666465 -0.745537 0
    outer loop
      vertex 27.1213 17.8787 0
      vertex 26.8705 17.6545 -41
      vertex 27.1213 17.8787 -41
    endloop
  endfacet
  facet normal 0.167338 -0.9859 0
    outer loop
      vertex 25.3359 17.0189 -41
      vertex 25.6676 17.0752 0
      vertex 25.3359 17.0189 0
    endloop
  endfacet
  facet normal 0.167338 -0.9859 0
    outer loop
      vertex 25.6676 17.0752 0
      vertex 25.3359 17.0189 -41
      vertex 25.6676 17.0752 -41
    endloop
  endfacet
  facet normal 0.578677 0.815557 -0
    outer loop
      vertex 26.8705 23.3455 -41
      vertex 26.5961 23.5402 7
      vertex 26.8705 23.3455 7
    endloop
  endfacet
  facet normal 0.578677 0.815557 0
    outer loop
      vertex 26.5961 23.5402 7
      vertex 26.8705 23.3455 -41
      vertex 26.5961 23.5402 -41
    endloop
  endfacet
  facet normal -0.483698 0.875235 0
    outer loop
      vertex -26.3017 23.7029 -41
      vertex -26.5961 23.5402 7
      vertex -26.3017 23.7029 7
    endloop
  endfacet
  facet normal -0.483698 0.875235 0
    outer loop
      vertex -26.5961 23.5402 7
      vertex -26.3017 23.7029 -41
      vertex -26.5961 23.5402 -41
    endloop
  endfacet
  facet normal -0.666465 -0.745537 0
    outer loop
      vertex -27.1213 17.8787 -41
      vertex -26.8705 17.6545 0
      vertex -27.1213 17.8787 0
    endloop
  endfacet
  facet normal -0.666465 -0.745537 -0
    outer loop
      vertex -26.8705 17.6545 0
      vertex -27.1213 17.8787 -41
      vertex -26.8705 17.6545 -41
    endloop
  endfacet
  facet normal -0.960848 0.277076 0
    outer loop
      vertex -27.9248 21.6676 -41
      vertex -27.8316 21.9908 7
      vertex -27.8316 21.9908 -41
    endloop
  endfacet
  facet normal -0.960848 0.277076 0
    outer loop
      vertex -27.8316 21.9908 7
      vertex -27.9248 21.6676 -41
      vertex -27.9248 21.6676 7
    endloop
  endfacet
  facet normal -0.923963 0.382483 0
    outer loop
      vertex -27.8316 21.9908 -41
      vertex -27.7029 22.3017 7
      vertex -27.7029 22.3017 -41
    endloop
  endfacet
  facet normal -0.923963 0.382483 0
    outer loop
      vertex -27.7029 22.3017 7
      vertex -27.8316 21.9908 -41
      vertex -27.8316 21.9908 7
    endloop
  endfacet
  facet normal -0.578677 0.815557 0
    outer loop
      vertex -26.5961 23.5402 -41
      vertex -26.8705 23.3455 7
      vertex -26.5961 23.5402 7
    endloop
  endfacet
  facet normal -0.578677 0.815557 0
    outer loop
      vertex -26.8705 23.3455 7
      vertex -26.5961 23.5402 -41
      vertex -26.8705 23.3455 -41
    endloop
  endfacet
  facet normal 0.578677 -0.815557 0
    outer loop
      vertex 26.5961 17.4598 -41
      vertex 26.8705 17.6545 0
      vertex 26.5961 17.4598 0
    endloop
  endfacet
  facet normal 0.578677 -0.815557 0
    outer loop
      vertex 26.8705 17.6545 0
      vertex 26.5961 17.4598 -41
      vertex 26.8705 17.6545 -41
    endloop
  endfacet
  facet normal 0.277076 -0.960848 0
    outer loop
      vertex 25.6676 17.0752 -41
      vertex 25.9908 17.1684 0
      vertex 25.6676 17.0752 0
    endloop
  endfacet
  facet normal 0.277076 -0.960848 0
    outer loop
      vertex 25.9908 17.1684 0
      vertex 25.6676 17.0752 -41
      vertex 25.9908 17.1684 -41
    endloop
  endfacet
  facet normal 0.382483 0.923963 -0
    outer loop
      vertex 26.3017 23.7029 -41
      vertex 25.9908 23.8316 7
      vertex 26.3017 23.7029 7
    endloop
  endfacet
  facet normal 0.382483 0.923963 0
    outer loop
      vertex 25.9908 23.8316 7
      vertex 26.3017 23.7029 -41
      vertex 25.9908 23.8316 -41
    endloop
  endfacet
  facet normal 0.960848 0.277076 0
    outer loop
      vertex 27.9248 21.6676 7
      vertex 27.8316 21.9908 -41
      vertex 27.8316 21.9908 7
    endloop
  endfacet
  facet normal 0.960848 0.277076 0
    outer loop
      vertex 27.8316 21.9908 -41
      vertex 27.9248 21.6676 7
      vertex 27.9248 21.6676 -41
    endloop
  endfacet
  facet normal 0.875235 0.483698 0
    outer loop
      vertex 27.7029 22.3017 7
      vertex 27.5402 22.5961 -41
      vertex 27.5402 22.5961 7
    endloop
  endfacet
  facet normal 0.875235 0.483698 0
    outer loop
      vertex 27.5402 22.5961 -41
      vertex 27.7029 22.3017 7
      vertex 27.7029 22.3017 -41
    endloop
  endfacet
  facet normal 0.745537 0.666465 0
    outer loop
      vertex 27.3455 22.8705 7
      vertex 27.1213 23.1213 -41
      vertex 27.1213 23.1213 7
    endloop
  endfacet
  facet normal 0.745537 0.666465 0
    outer loop
      vertex 27.1213 23.1213 -41
      vertex 27.3455 22.8705 7
      vertex 27.3455 22.8705 -41
    endloop
  endfacet
  facet normal -0.277076 0.960848 0
    outer loop
      vertex -25.6676 23.9248 -41
      vertex -25.9908 23.8316 7
      vertex -25.6676 23.9248 7
    endloop
  endfacet
  facet normal -0.277076 0.960848 0
    outer loop
      vertex -25.9908 23.8316 7
      vertex -25.6676 23.9248 -41
      vertex -25.9908 23.8316 -41
    endloop
  endfacet
  facet normal -0.483698 -0.875235 0
    outer loop
      vertex -26.5961 17.4598 -41
      vertex -26.3017 17.2971 0
      vertex -26.5961 17.4598 0
    endloop
  endfacet
  facet normal -0.483698 -0.875235 -0
    outer loop
      vertex -26.3017 17.2971 0
      vertex -26.5961 17.4598 -41
      vertex -26.3017 17.2971 -41
    endloop
  endfacet
  facet normal -0.815557 -0.578677 0
    outer loop
      vertex -27.3455 18.1295 -41
      vertex -27.5402 18.4039 0
      vertex -27.5402 18.4039 -41
    endloop
  endfacet
  facet normal -0.815557 -0.578677 0
    outer loop
      vertex -27.5402 18.4039 0
      vertex -27.3455 18.1295 -41
      vertex -27.3455 18.1295 0
    endloop
  endfacet
  facet normal -0.9859 -0.167338 0
    outer loop
      vertex -27.9248 19.3324 -41
      vertex -27.9811 19.6641 0
      vertex -27.9811 19.6641 -41
    endloop
  endfacet
  facet normal -0.9859 -0.167338 0
    outer loop
      vertex -27.9811 19.6641 0
      vertex -27.9248 19.3324 -41
      vertex -27.9248 19.3324 0
    endloop
  endfacet
  facet normal -0.998421 0.0561779 0
    outer loop
      vertex -28 21 -41
      vertex -27.9811 21.3359 7
      vertex -27.9811 21.3359 -41
    endloop
  endfacet
  facet normal -0.998421 0.0561779 0
    outer loop
      vertex -27.9811 21.3359 7
      vertex -28 21 -41
      vertex -28 21 7
    endloop
  endfacet
  facet normal -0.9859 0.167338 0
    outer loop
      vertex -27.9811 21.3359 -41
      vertex -27.9248 21.6676 7
      vertex -27.9248 21.6676 -41
    endloop
  endfacet
  facet normal -0.9859 0.167338 0
    outer loop
      vertex -27.9248 21.6676 7
      vertex -27.9811 21.3359 -41
      vertex -27.9811 21.3359 7
    endloop
  endfacet
  facet normal -0.815557 0.578677 0
    outer loop
      vertex -27.5402 22.5961 -41
      vertex -27.3455 22.8705 7
      vertex -27.3455 22.8705 -41
    endloop
  endfacet
  facet normal -0.815557 0.578677 0
    outer loop
      vertex -27.3455 22.8705 7
      vertex -27.5402 22.5961 -41
      vertex -27.5402 22.5961 7
    endloop
  endfacet
  facet normal -0.745537 0.666465 0
    outer loop
      vertex -27.3455 22.8705 -41
      vertex -27.1213 23.1213 7
      vertex -27.1213 23.1213 -41
    endloop
  endfacet
  facet normal -0.745537 0.666465 0
    outer loop
      vertex -27.1213 23.1213 7
      vertex -27.3455 22.8705 -41
      vertex -27.3455 22.8705 7
    endloop
  endfacet
  facet normal -0.167338 0.9859 0
    outer loop
      vertex -25.3359 23.9811 -41
      vertex -25.6676 23.9248 7
      vertex -25.3359 23.9811 7
    endloop
  endfacet
  facet normal -0.167338 0.9859 0
    outer loop
      vertex -25.6676 23.9248 7
      vertex -25.3359 23.9811 -41
      vertex -25.6676 23.9248 -41
    endloop
  endfacet
  facet normal -0.666465 0.745537 0
    outer loop
      vertex -26.8705 23.3455 -41
      vertex -27.1213 23.1213 7
      vertex -26.8705 23.3455 7
    endloop
  endfacet
  facet normal -0.666465 0.745537 0
    outer loop
      vertex -27.1213 23.1213 7
      vertex -26.8705 23.3455 -41
      vertex -27.1213 23.1213 -41
    endloop
  endfacet
  facet normal 0.9859 -0.167338 0
    outer loop
      vertex 27.9248 19.3324 0
      vertex 27.9811 19.6641 -41
      vertex 27.9811 19.6641 0
    endloop
  endfacet
  facet normal 0.9859 -0.167338 0
    outer loop
      vertex 27.9811 19.6641 -41
      vertex 27.9248 19.3324 0
      vertex 27.9248 19.3324 -41
    endloop
  endfacet
  facet normal 0.998421 -0.0561779 0
    outer loop
      vertex 27.9811 19.6641 0
      vertex 28 20 -41
      vertex 28 20 0
    endloop
  endfacet
  facet normal 0.998421 -0.0561779 0
    outer loop
      vertex 28 20 -41
      vertex 27.9811 19.6641 0
      vertex 27.9811 19.6641 -41
    endloop
  endfacet
  facet normal 0.745537 -0.666465 0
    outer loop
      vertex 27.1213 17.8787 0
      vertex 27.3455 18.1295 -41
      vertex 27.3455 18.1295 0
    endloop
  endfacet
  facet normal 0.745537 -0.666465 0
    outer loop
      vertex 27.3455 18.1295 -41
      vertex 27.1213 17.8787 0
      vertex 27.1213 17.8787 -41
    endloop
  endfacet
  facet normal 0.483698 0.875235 -0
    outer loop
      vertex 26.5961 23.5402 -41
      vertex 26.3017 23.7029 7
      vertex 26.5961 23.5402 7
    endloop
  endfacet
  facet normal 0.483698 0.875235 0
    outer loop
      vertex 26.3017 23.7029 7
      vertex 26.5961 23.5402 -41
      vertex 26.3017 23.7029 -41
    endloop
  endfacet
  facet normal 0.666465 0.745537 -0
    outer loop
      vertex 27.1213 23.1213 -41
      vertex 26.8705 23.3455 7
      vertex 27.1213 23.1213 7
    endloop
  endfacet
  facet normal 0.666465 0.745537 0
    outer loop
      vertex 26.8705 23.3455 7
      vertex 27.1213 23.1213 -41
      vertex 26.8705 23.3455 -41
    endloop
  endfacet
  facet normal 0.9859 0.167338 0
    outer loop
      vertex 27.9811 21.3359 7
      vertex 27.9248 21.6676 -41
      vertex 27.9248 21.6676 7
    endloop
  endfacet
  facet normal 0.9859 0.167338 0
    outer loop
      vertex 27.9248 21.6676 -41
      vertex 27.9811 21.3359 7
      vertex 27.9811 21.3359 -41
    endloop
  endfacet
  facet normal 0.923963 0.382483 0
    outer loop
      vertex 27.8316 21.9908 7
      vertex 27.7029 22.3017 -41
      vertex 27.7029 22.3017 7
    endloop
  endfacet
  facet normal 0.923963 0.382483 0
    outer loop
      vertex 27.7029 22.3017 -41
      vertex 27.8316 21.9908 7
      vertex 27.8316 21.9908 -41
    endloop
  endfacet
  facet normal 0.815557 0.578677 0
    outer loop
      vertex 27.5402 22.5961 7
      vertex 27.3455 22.8705 -41
      vertex 27.3455 22.8705 7
    endloop
  endfacet
  facet normal 0.815557 0.578677 0
    outer loop
      vertex 27.3455 22.8705 -41
      vertex 27.5402 22.5961 7
      vertex 27.5402 22.5961 -41
    endloop
  endfacet
  facet normal -0.382483 -0.923963 0
    outer loop
      vertex -26.3017 17.2971 -41
      vertex -25.9908 17.1684 0
      vertex -26.3017 17.2971 0
    endloop
  endfacet
  facet normal -0.382483 -0.923963 -0
    outer loop
      vertex -25.9908 17.1684 0
      vertex -26.3017 17.2971 -41
      vertex -25.9908 17.1684 -41
    endloop
  endfacet
  facet normal -0.745537 -0.666465 0
    outer loop
      vertex -27.1213 17.8787 -41
      vertex -27.3455 18.1295 0
      vertex -27.3455 18.1295 -41
    endloop
  endfacet
  facet normal -0.745537 -0.666465 0
    outer loop
      vertex -27.3455 18.1295 0
      vertex -27.1213 17.8787 -41
      vertex -27.1213 17.8787 0
    endloop
  endfacet
  facet normal -0.998421 -0.0561779 0
    outer loop
      vertex -27.9811 19.6641 -41
      vertex -28 20 0
      vertex -28 20 -41
    endloop
  endfacet
  facet normal -0.998421 -0.0561779 0
    outer loop
      vertex -28 20 0
      vertex -27.9811 19.6641 -41
      vertex -27.9811 19.6641 0
    endloop
  endfacet
  facet normal -0.960848 -0.277076 0
    outer loop
      vertex -27.8316 19.0092 -41
      vertex -27.9248 19.3324 0
      vertex -27.9248 19.3324 -41
    endloop
  endfacet
  facet normal -0.960848 -0.277076 0
    outer loop
      vertex -27.9248 19.3324 0
      vertex -27.8316 19.0092 -41
      vertex -27.8316 19.0092 0
    endloop
  endfacet
  facet normal -0.875235 -0.483698 0
    outer loop
      vertex -27.5402 18.4039 -41
      vertex -27.7029 18.6983 0
      vertex -27.7029 18.6983 -41
    endloop
  endfacet
  facet normal -0.875235 -0.483698 0
    outer loop
      vertex -27.7029 18.6983 0
      vertex -27.5402 18.4039 -41
      vertex -27.5402 18.4039 0
    endloop
  endfacet
  facet normal -0.875235 0.483698 0
    outer loop
      vertex -27.7029 22.3017 -41
      vertex -27.5402 22.5961 7
      vertex -27.5402 22.5961 -41
    endloop
  endfacet
  facet normal -0.875235 0.483698 0
    outer loop
      vertex -27.5402 22.5961 7
      vertex -27.7029 22.3017 -41
      vertex -27.7029 22.3017 7
    endloop
  endfacet
  facet normal -0.382483 0.923963 0
    outer loop
      vertex -25.9908 23.8316 -41
      vertex -26.3017 23.7029 7
      vertex -25.9908 23.8316 7
    endloop
  endfacet
  facet normal -0.382483 0.923963 0
    outer loop
      vertex -26.3017 23.7029 7
      vertex -25.9908 23.8316 -41
      vertex -26.3017 23.7029 -41
    endloop
  endfacet
  facet normal 0.815557 -0.578677 0
    outer loop
      vertex 27.3455 18.1295 0
      vertex 27.5402 18.4039 -41
      vertex 27.5402 18.4039 0
    endloop
  endfacet
  facet normal 0.815557 -0.578677 0
    outer loop
      vertex 27.5402 18.4039 -41
      vertex 27.3455 18.1295 0
      vertex 27.3455 18.1295 -41
    endloop
  endfacet
  facet normal 0.483698 -0.875235 0
    outer loop
      vertex 26.3017 17.2971 -41
      vertex 26.5961 17.4598 0
      vertex 26.3017 17.2971 0
    endloop
  endfacet
  facet normal 0.483698 -0.875235 0
    outer loop
      vertex 26.5961 17.4598 0
      vertex 26.3017 17.2971 -41
      vertex 26.5961 17.4598 -41
    endloop
  endfacet
  facet normal 0.382483 -0.923963 0
    outer loop
      vertex 25.9908 17.1684 -41
      vertex 26.3017 17.2971 0
      vertex 25.9908 17.1684 0
    endloop
  endfacet
  facet normal 0.382483 -0.923963 0
    outer loop
      vertex 26.3017 17.2971 0
      vertex 25.9908 17.1684 -41
      vertex 26.3017 17.2971 -41
    endloop
  endfacet
  facet normal -0.923963 -0.382483 0
    outer loop
      vertex -27.7029 18.6983 -41
      vertex -27.8316 19.0092 0
      vertex -27.8316 19.0092 -41
    endloop
  endfacet
  facet normal -0.923963 -0.382483 0
    outer loop
      vertex -27.8316 19.0092 0
      vertex -27.7029 18.6983 -41
      vertex -27.7029 18.6983 0
    endloop
  endfacet
  facet normal 0.923963 -0.382483 0
    outer loop
      vertex 27.7029 18.6983 0
      vertex 27.8316 19.0092 -41
      vertex 27.8316 19.0092 0
    endloop
  endfacet
  facet normal 0.923963 -0.382483 0
    outer loop
      vertex 27.8316 19.0092 -41
      vertex 27.7029 18.6983 0
      vertex 27.7029 18.6983 -41
    endloop
  endfacet
  facet normal 0.875235 -0.483698 0
    outer loop
      vertex 27.5402 18.4039 0
      vertex 27.7029 18.6983 -41
      vertex 27.7029 18.6983 0
    endloop
  endfacet
  facet normal 0.875235 -0.483698 0
    outer loop
      vertex 27.7029 18.6983 -41
      vertex 27.5402 18.4039 0
      vertex 27.5402 18.4039 -41
    endloop
  endfacet
  facet normal 0 0 -1
    outer loop
      vertex 25 17 -41
      vertex 28 20 -41
      vertex 27.9811 19.6641 -41
    endloop
  endfacet
  facet normal -0 0 -1
    outer loop
      vertex 28 20 -41
      vertex 25 17 -41
      vertex 28 21 -41
    endloop
  endfacet
  facet normal 0 0 -1
    outer loop
      vertex 25 17 -41
      vertex 27.9811 19.6641 -41
      vertex 27.9248 19.3324 -41
    endloop
  endfacet
  facet normal 0 0 -1
    outer loop
      vertex 25 24 -41
      vertex 28 21 -41
      vertex 25 17 -41
    endloop
  endfacet
  facet normal 0 0 -1
    outer loop
      vertex 25 17 -41
      vertex 27.9248 19.3324 -41
      vertex 27.8316 19.0092 -41
    endloop
  endfacet
  facet normal 0 0 -1
    outer loop
      vertex 28 21 -41
      vertex 25 24 -41
      vertex 27.9811 21.3359 -41
    endloop
  endfacet
  facet normal 0 0 -1
    outer loop
      vertex 25 17 -41
      vertex 27.8316 19.0092 -41
      vertex 27.7029 18.6983 -41
    endloop
  endfacet
  facet normal 0 0 -1
    outer loop
      vertex 27.9811 21.3359 -41
      vertex 25 24 -41
      vertex 27.9248 21.6676 -41
    endloop
  endfacet
  facet normal 0 0 -1
    outer loop
      vertex 25 17 -41
      vertex 27.7029 18.6983 -41
      vertex 27.5402 18.4039 -41
    endloop
  endfacet
  facet normal 0 0 -1
    outer loop
      vertex 27.9248 21.6676 -41
      vertex 25 24 -41
      vertex 27.8316 21.9908 -41
    endloop
  endfacet
  facet normal 0 0 -1
    outer loop
      vertex 25 17 -41
      vertex 27.5402 18.4039 -41
      vertex 27.3455 18.1295 -41
    endloop
  endfacet
  facet normal 0 0 -1
    outer loop
      vertex 27.8316 21.9908 -41
      vertex 25 24 -41
      vertex 27.7029 22.3017 -41
    endloop
  endfacet
  facet normal 0 0 -1
    outer loop
      vertex 25 17 -41
      vertex 27.3455 18.1295 -41
      vertex 27.1213 17.8787 -41
    endloop
  endfacet
  facet normal 0 0 -1
    outer loop
      vertex 27.7029 22.3017 -41
      vertex 25 24 -41
      vertex 27.5402 22.5961 -41
    endloop
  endfacet
  facet normal 0 0 -1
    outer loop
      vertex 25 17 -41
      vertex 27.1213 17.8787 -41
      vertex 26.8705 17.6545 -41
    endloop
  endfacet
  facet normal 0 0 -1
    outer loop
      vertex 27.5402 22.5961 -41
      vertex 25 24 -41
      vertex 27.3455 22.8705 -41
    endloop
  endfacet
  facet normal 0 0 -1
    outer loop
      vertex 25 17 -41
      vertex 26.8705 17.6545 -41
      vertex 26.5961 17.4598 -41
    endloop
  endfacet
  facet normal 0 0 -1
    outer loop
      vertex 27.3455 22.8705 -41
      vertex 25 24 -41
      vertex 27.1213 23.1213 -41
    endloop
  endfacet
  facet normal 0 0 -1
    outer loop
      vertex 25 17 -41
      vertex 26.5961 17.4598 -41
      vertex 26.3017 17.2971 -41
    endloop
  endfacet
  facet normal 0 0 -1
    outer loop
      vertex 27.1213 23.1213 -41
      vertex 25 24 -41
      vertex 26.8705 23.3455 -41
    endloop
  endfacet
  facet normal 0 0 -1
    outer loop
      vertex 25 17 -41
      vertex 26.3017 17.2971 -41
      vertex 25.9908 17.1684 -41
    endloop
  endfacet
  facet normal 0 0 -1
    outer loop
      vertex 26.8705 23.3455 -41
      vertex 25 24 -41
      vertex 26.5961 23.5402 -41
    endloop
  endfacet
  facet normal 0 0 -1
    outer loop
      vertex 25 17 -41
      vertex 25.9908 17.1684 -41
      vertex 25.6676 17.0752 -41
    endloop
  endfacet
  facet normal 0 0 -1
    outer loop
      vertex 26.5961 23.5402 -41
      vertex 25 24 -41
      vertex 26.3017 23.7029 -41
    endloop
  endfacet
  facet normal 0 0 -1
    outer loop
      vertex 25 17 -41
      vertex 25.6676 17.0752 -41
      vertex 25.3359 17.0189 -41
    endloop
  endfacet
  facet normal 0 0 -1
    outer loop
      vertex 26.3017 23.7029 -41
      vertex 25 24 -41
      vertex 25.9908 23.8316 -41
    endloop
  endfacet
  facet normal 0 0 -1
    outer loop
      vertex 25.9908 23.8316 -41
      vertex 25 24 -41
      vertex 25.6676 23.9248 -41
    endloop
  endfacet
  facet normal 0 0 -1
    outer loop
      vertex 25.6676 23.9248 -41
      vertex 25 24 -41
      vertex 25.3359 23.9811 -41
    endloop
  endfacet
  facet normal 0 0 -1
    outer loop
      vertex 25 17 -41
      vertex -7.5 19 -41
      vertex 25 24 -41
    endloop
  endfacet
  facet normal 0 0 -1
    outer loop
      vertex -25 17 -41
      vertex -7.5 19 -41
      vertex 25 17 -41
    endloop
  endfacet
  facet normal 0 0 -1
    outer loop
      vertex -25.5 19 -41
      vertex -25 17 -41
      vertex -25.3359 17.0189 -41
    endloop
  endfacet
  facet normal 0 0 -1
    outer loop
      vertex -25 17 -41
      vertex -25.5 19 -41
      vertex -7.5 19 -41
    endloop
  endfacet
  facet normal 0 0 -1
    outer loop
      vertex -25.9908 17.1684 -41
      vertex -25.5 19 -41
      vertex -25.6676 17.0752 -41
    endloop
  endfacet
  facet normal 0 0 -1
    outer loop
      vertex -25.6676 17.0752 -41
      vertex -25.5 19 -41
      vertex -25.3359 17.0189 -41
    endloop
  endfacet
  facet normal 0 0 -1
    outer loop
      vertex -7.5 22 -41
      vertex 25 24 -41
      vertex -7.5 19 -41
    endloop
  endfacet
  facet normal 0 0 -1
    outer loop
      vertex -7.5 22 -41
      vertex -25 24 -41
      vertex 25 24 -41
    endloop
  endfacet
  facet normal 0 0 -1
    outer loop
      vertex -25.5 22 -41
      vertex -25 24 -41
      vertex -7.5 22 -41
    endloop
  endfacet
  facet normal 0 0 -1
    outer loop
      vertex -25 24 -41
      vertex -25.5 22 -41
      vertex -25.3359 23.9811 -41
    endloop
  endfacet
  facet normal 0 0 -1
    outer loop
      vertex -25.5 22 -41
      vertex -25.6676 23.9248 -41
      vertex -25.3359 23.9811 -41
    endloop
  endfacet
  facet normal 0 0 -1
    outer loop
      vertex -26.3017 17.2971 -41
      vertex -25.5 19 -41
      vertex -25.9908 17.1684 -41
    endloop
  endfacet
  facet normal 0 0 -1
    outer loop
      vertex -26.5961 17.4598 -41
      vertex -25.5 19 -41
      vertex -26.3017 17.2971 -41
    endloop
  endfacet
  facet normal 0 0 -1
    outer loop
      vertex -28 21 -41
      vertex -25.5 22 -41
      vertex -28 20 -41
    endloop
  endfacet
  facet normal 0 0 -1
    outer loop
      vertex -26.8705 17.6545 -41
      vertex -25.5 19 -41
      vertex -26.5961 17.4598 -41
    endloop
  endfacet
  facet normal 0 -0 -1
    outer loop
      vertex -27.9811 21.3359 -41
      vertex -25.5 22 -41
      vertex -28 21 -41
    endloop
  endfacet
  facet normal 0 0 -1
    outer loop
      vertex -27.1213 17.8787 -41
      vertex -25.5 19 -41
      vertex -26.8705 17.6545 -41
    endloop
  endfacet
  facet normal 0 0 -1
    outer loop
      vertex -25.5 22 -41
      vertex -25.9908 23.8316 -41
      vertex -25.6676 23.9248 -41
    endloop
  endfacet
  facet normal 0 0 -1
    outer loop
      vertex -27.3455 18.1295 -41
      vertex -25.5 19 -41
      vertex -27.1213 17.8787 -41
    endloop
  endfacet
  facet normal 0 0 -1
    outer loop
      vertex -25.5 22 -41
      vertex -26.3017 23.7029 -41
      vertex -25.9908 23.8316 -41
    endloop
  endfacet
  facet normal 0 0 -1
    outer loop
      vertex -27.5402 18.4039 -41
      vertex -25.5 19 -41
      vertex -27.3455 18.1295 -41
    endloop
  endfacet
  facet normal 0 0 -1
    outer loop
      vertex -25.5 22 -41
      vertex -26.5961 23.5402 -41
      vertex -26.3017 23.7029 -41
    endloop
  endfacet
  facet normal 0 0 -1
    outer loop
      vertex -27.7029 18.6983 -41
      vertex -25.5 19 -41
      vertex -27.5402 18.4039 -41
    endloop
  endfacet
  facet normal 0 0 -1
    outer loop
      vertex -25.5 22 -41
      vertex -26.8705 23.3455 -41
      vertex -26.5961 23.5402 -41
    endloop
  endfacet
  facet normal 0 0 -1
    outer loop
      vertex -27.8316 19.0092 -41
      vertex -25.5 19 -41
      vertex -27.7029 18.6983 -41
    endloop
  endfacet
  facet normal 0 0 -1
    outer loop
      vertex -25.5 22 -41
      vertex -27.1213 23.1213 -41
      vertex -26.8705 23.3455 -41
    endloop
  endfacet
  facet normal 0 0 -1
    outer loop
      vertex -27.9248 19.3324 -41
      vertex -25.5 19 -41
      vertex -27.8316 19.0092 -41
    endloop
  endfacet
  facet normal 0 0 -1
    outer loop
      vertex -25.5 22 -41
      vertex -27.3455 22.8705 -41
      vertex -27.1213 23.1213 -41
    endloop
  endfacet
  facet normal 0 0 -1
    outer loop
      vertex -27.9811 19.6641 -41
      vertex -25.5 19 -41
      vertex -27.9248 19.3324 -41
    endloop
  endfacet
  facet normal 0 0 -1
    outer loop
      vertex -25.5 22 -41
      vertex -27.5402 22.5961 -41
      vertex -27.3455 22.8705 -41
    endloop
  endfacet
  facet normal 0 0 -1
    outer loop
      vertex -28 20 -41
      vertex -25.5 19 -41
      vertex -27.9811 19.6641 -41
    endloop
  endfacet
  facet normal 0 0 -1
    outer loop
      vertex -25.5 22 -41
      vertex -27.7029 22.3017 -41
      vertex -27.5402 22.5961 -41
    endloop
  endfacet
  facet normal 0 0 -1
    outer loop
      vertex -25.5 19 -41
      vertex -28 20 -41
      vertex -25.5 22 -41
    endloop
  endfacet
  facet normal -0 0 -1
    outer loop
      vertex -25.5 22 -41
      vertex -27.8316 21.9908 -41
      vertex -27.7029 22.3017 -41
    endloop
  endfacet
  facet normal 0 0 -1
    outer loop
      vertex -25.5 22 -41
      vertex -27.9248 21.6676 -41
      vertex -27.8316 21.9908 -41
    endloop
  endfacet
  facet normal 0 0 -1
    outer loop
      vertex -25.5 22 -41
      vertex -27.9811 21.3359 -41
      vertex -27.9248 21.6676 -41
    endloop
  endfacet
  facet normal -0.815557 -0.578677 0
    outer loop
      vertex -27.3455 -22.8705 -5
      vertex -27.5402 -22.5961 7
      vertex -27.5402 -22.5961 -5
    endloop
  endfacet
  facet normal -0.815557 -0.578677 0
    outer loop
      vertex -27.5402 -22.5961 7
      vertex -27.3455 -22.8705 -5
      vertex -27.3455 -22.8705 7
    endloop
  endfacet
  facet normal -0.277076 -0.960848 0
    outer loop
      vertex -25.9908 -23.8316 -5
      vertex -25.6676 -23.9248 7
      vertex -25.9908 -23.8316 7
    endloop
  endfacet
  facet normal -0.277076 -0.960848 -0
    outer loop
      vertex -25.6676 -23.9248 7
      vertex -25.9908 -23.8316 -5
      vertex -25.6676 -23.9248 -5
    endloop
  endfacet
  facet normal -0.167338 0.9859 0
    outer loop
      vertex -25.3359 -17.0189 -5
      vertex -25.6676 -17.0752 0
      vertex -25.3359 -17.0189 0
    endloop
  endfacet
  facet normal -0.167338 0.9859 0
    outer loop
      vertex -25.6676 -17.0752 0
      vertex -25.3359 -17.0189 -5
      vertex -25.6676 -17.0752 -5
    endloop
  endfacet
  facet normal -0.875235 -0.483698 0
    outer loop
      vertex -27.5402 -22.5961 -5
      vertex -27.7029 -22.3017 7
      vertex -27.7029 -22.3017 -5
    endloop
  endfacet
  facet normal -0.875235 -0.483698 0
    outer loop
      vertex -27.7029 -22.3017 7
      vertex -27.5402 -22.5961 -5
      vertex -27.5402 -22.5961 7
    endloop
  endfacet
  facet normal 0 1 0
    outer loop
      vertex 25 -17 0
      vertex 21 -17 -4.5
      vertex 21 -17 0
    endloop
  endfacet
  facet normal 0 1 0
    outer loop
      vertex 21 -17 -4.5
      vertex 25 -17 -5
      vertex -21 -17 -4.5
    endloop
  endfacet
  facet normal 0 1 -0
    outer loop
      vertex 25 -17 -5
      vertex 21 -17 -4.5
      vertex 25 -17 0
    endloop
  endfacet
  facet normal 0 1 -0
    outer loop
      vertex -21 -17 -4.5
      vertex -25 -17 0
      vertex -21 -17 0
    endloop
  endfacet
  facet normal 0 1 0
    outer loop
      vertex -21 -17 -4.5
      vertex -25 -17 -5
      vertex -25 -17 0
    endloop
  endfacet
  facet normal 0 1 0
    outer loop
      vertex -25 -17 -5
      vertex -21 -17 -4.5
      vertex 25 -17 -5
    endloop
  endfacet
  facet normal 0 -1 0
    outer loop
      vertex -21 -17 0
      vertex 21 -17 3.5
      vertex -21 -17 3.5
    endloop
  endfacet
  facet normal 0 -1 -0
    outer loop
      vertex 21 -17 3.5
      vertex -21 -17 0
      vertex 21 -17 0
    endloop
  endfacet
  facet normal 0.0561779 0.998421 -0
    outer loop
      vertex 25.3359 -17.0189 -5
      vertex 25 -17 0
      vertex 25.3359 -17.0189 0
    endloop
  endfacet
  facet normal 0.0561779 0.998421 0
    outer loop
      vertex 25 -17 0
      vertex 25.3359 -17.0189 -5
      vertex 25 -17 -5
    endloop
  endfacet
  facet normal -0.666465 -0.745537 0
    outer loop
      vertex -27.1213 -23.1213 -5
      vertex -26.8705 -23.3455 7
      vertex -27.1213 -23.1213 7
    endloop
  endfacet
  facet normal -0.666465 -0.745537 -0
    outer loop
      vertex -26.8705 -23.3455 7
      vertex -27.1213 -23.1213 -5
      vertex -26.8705 -23.3455 -5
    endloop
  endfacet
  facet normal -0.9859 0.167338 0
    outer loop
      vertex -27.9811 -19.6641 -5
      vertex -27.9248 -19.3324 0
      vertex -27.9248 -19.3324 -5
    endloop
  endfacet
  facet normal -0.9859 0.167338 0
    outer loop
      vertex -27.9248 -19.3324 0
      vertex -27.9811 -19.6641 -5
      vertex -27.9811 -19.6641 0
    endloop
  endfacet
  facet normal -0.167338 -0.9859 0
    outer loop
      vertex -25.6676 -23.9248 -5
      vertex -25.3359 -23.9811 7
      vertex -25.6676 -23.9248 7
    endloop
  endfacet
  facet normal -0.167338 -0.9859 -0
    outer loop
      vertex -25.3359 -23.9811 7
      vertex -25.6676 -23.9248 -5
      vertex -25.3359 -23.9811 -5
    endloop
  endfacet
  facet normal 0.0561779 -0.998421 0
    outer loop
      vertex 25 -24 -5
      vertex 25.3359 -23.9811 7
      vertex 25 -24 7
    endloop
  endfacet
  facet normal 0.0561779 -0.998421 0
    outer loop
      vertex 25.3359 -23.9811 7
      vertex 25 -24 -5
      vertex 25.3359 -23.9811 -5
    endloop
  endfacet
  facet normal -0.998421 -0.0561779 0
    outer loop
      vertex -27.9811 -21.3359 -5
      vertex -28 -21 7
      vertex -28 -21 -5
    endloop
  endfacet
  facet normal -0.998421 -0.0561779 0
    outer loop
      vertex -28 -21 7
      vertex -27.9811 -21.3359 -5
      vertex -27.9811 -21.3359 7
    endloop
  endfacet
  facet normal 0 0 -1
    outer loop
      vertex 25 -24 -5
      vertex 28 -21 -5
      vertex 27.9811 -21.3359 -5
    endloop
  endfacet
  facet normal -0 0 -1
    outer loop
      vertex 28 -21 -5
      vertex 25 -24 -5
      vertex 28 -20 -5
    endloop
  endfacet
  facet normal 0 0 -1
    outer loop
      vertex 25 -24 -5
      vertex 27.9811 -21.3359 -5
      vertex 27.9248 -21.6676 -5
    endloop
  endfacet
  facet normal 0 0 -1
    outer loop
      vertex 25 -17 -5
      vertex 28 -20 -5
      vertex 25 -24 -5
    endloop
  endfacet
  facet normal 0 0 -1
    outer loop
      vertex 25 -24 -5
      vertex 27.9248 -21.6676 -5
      vertex 27.8316 -21.9908 -5
    endloop
  endfacet
  facet normal 0 0 -1
    outer loop
      vertex 28 -20 -5
      vertex 25 -17 -5
      vertex 27.9811 -19.6641 -5
    endloop
  endfacet
  facet normal 0 0 -1
    outer loop
      vertex 25 -24 -5
      vertex 27.8316 -21.9908 -5
      vertex 27.7029 -22.3017 -5
    endloop
  endfacet
  facet normal 0 0 -1
    outer loop
      vertex 27.9811 -19.6641 -5
      vertex 25 -17 -5
      vertex 27.9248 -19.3324 -5
    endloop
  endfacet
  facet normal 0 0 -1
    outer loop
      vertex 25 -24 -5
      vertex 27.7029 -22.3017 -5
      vertex 27.5402 -22.5961 -5
    endloop
  endfacet
  facet normal 0 0 -1
    outer loop
      vertex 27.9248 -19.3324 -5
      vertex 25 -17 -5
      vertex 27.8316 -19.0092 -5
    endloop
  endfacet
  facet normal 0 0 -1
    outer loop
      vertex 25 -24 -5
      vertex 27.5402 -22.5961 -5
      vertex 27.3455 -22.8705 -5
    endloop
  endfacet
  facet normal 0 0 -1
    outer loop
      vertex 27.8316 -19.0092 -5
      vertex 25 -17 -5
      vertex 27.7029 -18.6983 -5
    endloop
  endfacet
  facet normal 0 0 -1
    outer loop
      vertex 25 -24 -5
      vertex 27.3455 -22.8705 -5
      vertex 27.1213 -23.1213 -5
    endloop
  endfacet
  facet normal 0 0 -1
    outer loop
      vertex 27.7029 -18.6983 -5
      vertex 25 -17 -5
      vertex 27.5402 -18.4039 -5
    endloop
  endfacet
  facet normal 0 0 -1
    outer loop
      vertex 25 -24 -5
      vertex 27.1213 -23.1213 -5
      vertex 26.8705 -23.3455 -5
    endloop
  endfacet
  facet normal 0 0 -1
    outer loop
      vertex 27.5402 -18.4039 -5
      vertex 25 -17 -5
      vertex 27.3455 -18.1295 -5
    endloop
  endfacet
  facet normal 0 0 -1
    outer loop
      vertex 25 -24 -5
      vertex 26.8705 -23.3455 -5
      vertex 26.5961 -23.5402 -5
    endloop
  endfacet
  facet normal 0 0 -1
    outer loop
      vertex 27.3455 -18.1295 -5
      vertex 25 -17 -5
      vertex 27.1213 -17.8787 -5
    endloop
  endfacet
  facet normal 0 0 -1
    outer loop
      vertex 25 -24 -5
      vertex 26.5961 -23.5402 -5
      vertex 26.3017 -23.7029 -5
    endloop
  endfacet
  facet normal 0 0 -1
    outer loop
      vertex 27.1213 -17.8787 -5
      vertex 25 -17 -5
      vertex 26.8705 -17.6545 -5
    endloop
  endfacet
  facet normal 0 0 -1
    outer loop
      vertex 25 -24 -5
      vertex 26.3017 -23.7029 -5
      vertex 25.9908 -23.8316 -5
    endloop
  endfacet
  facet normal 0 0 -1
    outer loop
      vertex 26.8705 -17.6545 -5
      vertex 25 -17 -5
      vertex 26.5961 -17.4598 -5
    endloop
  endfacet
  facet normal 0 0 -1
    outer loop
      vertex 25 -24 -5
      vertex 25.9908 -23.8316 -5
      vertex 25.6676 -23.9248 -5
    endloop
  endfacet
  facet normal 0 0 -1
    outer loop
      vertex 26.5961 -17.4598 -5
      vertex 25 -17 -5
      vertex 26.3017 -17.2971 -5
    endloop
  endfacet
  facet normal 0 0 -1
    outer loop
      vertex 25 -24 -5
      vertex 25.6676 -23.9248 -5
      vertex 25.3359 -23.9811 -5
    endloop
  endfacet
  facet normal 0 0 -1
    outer loop
      vertex 26.3017 -17.2971 -5
      vertex 25 -17 -5
      vertex 25.9908 -17.1684 -5
    endloop
  endfacet
  facet normal 0 0 -1
    outer loop
      vertex 25.9908 -17.1684 -5
      vertex 25 -17 -5
      vertex 25.6676 -17.0752 -5
    endloop
  endfacet
  facet normal 0 0 -1
    outer loop
      vertex 25.6676 -17.0752 -5
      vertex 25 -17 -5
      vertex 25.3359 -17.0189 -5
    endloop
  endfacet
  facet normal 0 0 -1
    outer loop
      vertex -25 -24 -5
      vertex 25 -17 -5
      vertex 25 -24 -5
    endloop
  endfacet
  facet normal 0 0 -1
    outer loop
      vertex -25 -24 -5
      vertex -25 -17 -5
      vertex 25 -17 -5
    endloop
  endfacet
  facet normal 0 0 -1
    outer loop
      vertex -28 -21 -5
      vertex -25 -24 -5
      vertex -25.3359 -23.9811 -5
    endloop
  endfacet
  facet normal 0 0 -1
    outer loop
      vertex -25 -24 -5
      vertex -28 -21 -5
      vertex -25 -17 -5
    endloop
  endfacet
  facet normal 0 0 -1
    outer loop
      vertex -28 -21 -5
      vertex -25.3359 -23.9811 -5
      vertex -25.6676 -23.9248 -5
    endloop
  endfacet
  facet normal 0 0 -1
    outer loop
      vertex -28 -20 -5
      vertex -25 -17 -5
      vertex -28 -21 -5
    endloop
  endfacet
  facet normal 0 0 -1
    outer loop
      vertex -28 -21 -5
      vertex -25.6676 -23.9248 -5
      vertex -25.9908 -23.8316 -5
    endloop
  endfacet
  facet normal 0 0 -1
    outer loop
      vertex -25 -17 -5
      vertex -28 -20 -5
      vertex -25.3359 -17.0189 -5
    endloop
  endfacet
  facet normal 0 0 -1
    outer loop
      vertex -28 -21 -5
      vertex -25.9908 -23.8316 -5
      vertex -26.3017 -23.7029 -5
    endloop
  endfacet
  facet normal 0 0 -1
    outer loop
      vertex -25.3359 -17.0189 -5
      vertex -28 -20 -5
      vertex -25.6676 -17.0752 -5
    endloop
  endfacet
  facet normal 0 0 -1
    outer loop
      vertex -28 -21 -5
      vertex -26.3017 -23.7029 -5
      vertex -26.5961 -23.5402 -5
    endloop
  endfacet
  facet normal 0 0 -1
    outer loop
      vertex -25.6676 -17.0752 -5
      vertex -28 -20 -5
      vertex -25.9908 -17.1684 -5
    endloop
  endfacet
  facet normal 0 0 -1
    outer loop
      vertex -28 -21 -5
      vertex -26.5961 -23.5402 -5
      vertex -26.8705 -23.3455 -5
    endloop
  endfacet
  facet normal 0 0 -1
    outer loop
      vertex -25.9908 -17.1684 -5
      vertex -28 -20 -5
      vertex -26.3017 -17.2971 -5
    endloop
  endfacet
  facet normal 0 0 -1
    outer loop
      vertex -28 -21 -5
      vertex -26.8705 -23.3455 -5
      vertex -27.1213 -23.1213 -5
    endloop
  endfacet
  facet normal 0 0 -1
    outer loop
      vertex -26.3017 -17.2971 -5
      vertex -28 -20 -5
      vertex -26.5961 -17.4598 -5
    endloop
  endfacet
  facet normal 0 0 -1
    outer loop
      vertex -28 -21 -5
      vertex -27.1213 -23.1213 -5
      vertex -27.3455 -22.8705 -5
    endloop
  endfacet
  facet normal 0 0 -1
    outer loop
      vertex -26.5961 -17.4598 -5
      vertex -28 -20 -5
      vertex -26.8705 -17.6545 -5
    endloop
  endfacet
  facet normal 0 0 -1
    outer loop
      vertex -28 -21 -5
      vertex -27.3455 -22.8705 -5
      vertex -27.5402 -22.5961 -5
    endloop
  endfacet
  facet normal 0 0 -1
    outer loop
      vertex -26.8705 -17.6545 -5
      vertex -28 -20 -5
      vertex -27.1213 -17.8787 -5
    endloop
  endfacet
  facet normal 0 0 -1
    outer loop
      vertex -28 -21 -5
      vertex -27.5402 -22.5961 -5
      vertex -27.7029 -22.3017 -5
    endloop
  endfacet
  facet normal 0 0 -1
    outer loop
      vertex -27.1213 -17.8787 -5
      vertex -28 -20 -5
      vertex -27.3455 -18.1295 -5
    endloop
  endfacet
  facet normal 0 0 -1
    outer loop
      vertex -28 -21 -5
      vertex -27.7029 -22.3017 -5
      vertex -27.8316 -21.9908 -5
    endloop
  endfacet
  facet normal 0 0 -1
    outer loop
      vertex -27.3455 -18.1295 -5
      vertex -28 -20 -5
      vertex -27.5402 -18.4039 -5
    endloop
  endfacet
  facet normal 0 0 -1
    outer loop
      vertex -28 -21 -5
      vertex -27.8316 -21.9908 -5
      vertex -27.9248 -21.6676 -5
    endloop
  endfacet
  facet normal 0 0 -1
    outer loop
      vertex -27.5402 -18.4039 -5
      vertex -28 -20 -5
      vertex -27.7029 -18.6983 -5
    endloop
  endfacet
  facet normal 0 0 -1
    outer loop
      vertex -28 -21 -5
      vertex -27.9248 -21.6676 -5
      vertex -27.9811 -21.3359 -5
    endloop
  endfacet
  facet normal 0 0 -1
    outer loop
      vertex -27.7029 -18.6983 -5
      vertex -28 -20 -5
      vertex -27.8316 -19.0092 -5
    endloop
  endfacet
  facet normal 0 0 -1
    outer loop
      vertex -27.8316 -19.0092 -5
      vertex -28 -20 -5
      vertex -27.9248 -19.3324 -5
    endloop
  endfacet
  facet normal 0 0 -1
    outer loop
      vertex -27.9248 -19.3324 -5
      vertex -28 -20 -5
      vertex -27.9811 -19.6641 -5
    endloop
  endfacet
  facet normal -0.578677 -0.815557 0
    outer loop
      vertex -26.8705 -23.3455 -5
      vertex -26.5961 -23.5402 7
      vertex -26.8705 -23.3455 7
    endloop
  endfacet
  facet normal -0.578677 -0.815557 -0
    outer loop
      vertex -26.5961 -23.5402 7
      vertex -26.8705 -23.3455 -5
      vertex -26.5961 -23.5402 -5
    endloop
  endfacet
  facet normal -0.998421 0.0561779 0
    outer loop
      vertex -28 -20 -5
      vertex -27.9811 -19.6641 0
      vertex -27.9811 -19.6641 -5
    endloop
  endfacet
  facet normal -0.998421 0.0561779 0
    outer loop
      vertex -27.9811 -19.6641 0
      vertex -28 -20 -5
      vertex -28 -20 0
    endloop
  endfacet
  facet normal -0.0561779 0.998421 0
    outer loop
      vertex -25 -17 -5
      vertex -25.3359 -17.0189 0
      vertex -25 -17 0
    endloop
  endfacet
  facet normal -0.0561779 0.998421 0
    outer loop
      vertex -25.3359 -17.0189 0
      vertex -25 -17 -5
      vertex -25.3359 -17.0189 -5
    endloop
  endfacet
  facet normal -0.0561779 -0.998421 0
    outer loop
      vertex -25.3359 -23.9811 -5
      vertex -25 -24 7
      vertex -25.3359 -23.9811 7
    endloop
  endfacet
  facet normal -0.0561779 -0.998421 -0
    outer loop
      vertex -25 -24 7
      vertex -25.3359 -23.9811 -5
      vertex -25 -24 -5
    endloop
  endfacet
  facet normal 0.167338 -0.9859 0
    outer loop
      vertex 25.3359 -23.9811 -5
      vertex 25.6676 -23.9248 7
      vertex 25.3359 -23.9811 7
    endloop
  endfacet
  facet normal 0.167338 -0.9859 0
    outer loop
      vertex 25.6676 -23.9248 7
      vertex 25.3359 -23.9811 -5
      vertex 25.6676 -23.9248 -5
    endloop
  endfacet
  facet normal -0.960848 -0.277076 0
    outer loop
      vertex -27.8316 -21.9908 -5
      vertex -27.9248 -21.6676 7
      vertex -27.9248 -21.6676 -5
    endloop
  endfacet
  facet normal -0.960848 -0.277076 0
    outer loop
      vertex -27.9248 -21.6676 7
      vertex -27.8316 -21.9908 -5
      vertex -27.8316 -21.9908 7
    endloop
  endfacet
  facet normal -0.745537 -0.666465 0
    outer loop
      vertex -27.1213 -23.1213 -5
      vertex -27.3455 -22.8705 7
      vertex -27.3455 -22.8705 -5
    endloop
  endfacet
  facet normal -0.745537 -0.666465 0
    outer loop
      vertex -27.3455 -22.8705 7
      vertex -27.1213 -23.1213 -5
      vertex -27.1213 -23.1213 7
    endloop
  endfacet
  facet normal -0.483698 -0.875235 0
    outer loop
      vertex -26.5961 -23.5402 -5
      vertex -26.3017 -23.7029 7
      vertex -26.5961 -23.5402 7
    endloop
  endfacet
  facet normal -0.483698 -0.875235 -0
    outer loop
      vertex -26.3017 -23.7029 7
      vertex -26.5961 -23.5402 -5
      vertex -26.3017 -23.7029 -5
    endloop
  endfacet
  facet normal -0.875235 0.483698 0
    outer loop
      vertex -27.7029 -18.6983 -5
      vertex -27.5402 -18.4039 0
      vertex -27.5402 -18.4039 -5
    endloop
  endfacet
  facet normal -0.875235 0.483698 0
    outer loop
      vertex -27.5402 -18.4039 0
      vertex -27.7029 -18.6983 -5
      vertex -27.7029 -18.6983 0
    endloop
  endfacet
  facet normal -0.382483 0.923963 0
    outer loop
      vertex -25.9908 -17.1684 -5
      vertex -26.3017 -17.2971 0
      vertex -25.9908 -17.1684 0
    endloop
  endfacet
  facet normal -0.382483 0.923963 0
    outer loop
      vertex -26.3017 -17.2971 0
      vertex -25.9908 -17.1684 -5
      vertex -26.3017 -17.2971 -5
    endloop
  endfacet
  facet normal 0.382483 0.923963 -0
    outer loop
      vertex 26.3017 -17.2971 -5
      vertex 25.9908 -17.1684 0
      vertex 26.3017 -17.2971 0
    endloop
  endfacet
  facet normal 0.382483 0.923963 0
    outer loop
      vertex 25.9908 -17.1684 0
      vertex 26.3017 -17.2971 -5
      vertex 25.9908 -17.1684 -5
    endloop
  endfacet
  facet normal -0.9859 -0.167338 0
    outer loop
      vertex -27.9248 -21.6676 -5
      vertex -27.9811 -21.3359 7
      vertex -27.9811 -21.3359 -5
    endloop
  endfacet
  facet normal -0.9859 -0.167338 0
    outer loop
      vertex -27.9811 -21.3359 7
      vertex -27.9248 -21.6676 -5
      vertex -27.9248 -21.6676 7
    endloop
  endfacet
  facet normal -0.923963 -0.382483 0
    outer loop
      vertex -27.7029 -22.3017 -5
      vertex -27.8316 -21.9908 7
      vertex -27.8316 -21.9908 -5
    endloop
  endfacet
  facet normal -0.923963 -0.382483 0
    outer loop
      vertex -27.8316 -21.9908 7
      vertex -27.7029 -22.3017 -5
      vertex -27.7029 -22.3017 7
    endloop
  endfacet
  facet normal -0.382483 -0.923963 0
    outer loop
      vertex -26.3017 -23.7029 -5
      vertex -25.9908 -23.8316 7
      vertex -26.3017 -23.7029 7
    endloop
  endfacet
  facet normal -0.382483 -0.923963 -0
    outer loop
      vertex -25.9908 -23.8316 7
      vertex -26.3017 -23.7029 -5
      vertex -25.9908 -23.8316 -5
    endloop
  endfacet
  facet normal -0.960848 0.277076 0
    outer loop
      vertex -27.9248 -19.3324 -5
      vertex -27.8316 -19.0092 0
      vertex -27.8316 -19.0092 -5
    endloop
  endfacet
  facet normal -0.960848 0.277076 0
    outer loop
      vertex -27.8316 -19.0092 0
      vertex -27.9248 -19.3324 -5
      vertex -27.9248 -19.3324 0
    endloop
  endfacet
  facet normal -0.923963 0.382483 0
    outer loop
      vertex -27.8316 -19.0092 -5
      vertex -27.7029 -18.6983 0
      vertex -27.7029 -18.6983 -5
    endloop
  endfacet
  facet normal -0.923963 0.382483 0
    outer loop
      vertex -27.7029 -18.6983 0
      vertex -27.8316 -19.0092 -5
      vertex -27.8316 -19.0092 0
    endloop
  endfacet
  facet normal -0.815557 0.578677 0
    outer loop
      vertex -27.5402 -18.4039 -5
      vertex -27.3455 -18.1295 0
      vertex -27.3455 -18.1295 -5
    endloop
  endfacet
  facet normal -0.815557 0.578677 0
    outer loop
      vertex -27.3455 -18.1295 0
      vertex -27.5402 -18.4039 -5
      vertex -27.5402 -18.4039 0
    endloop
  endfacet
  facet normal -0.277076 0.960848 0
    outer loop
      vertex -25.6676 -17.0752 -5
      vertex -25.9908 -17.1684 0
      vertex -25.6676 -17.0752 0
    endloop
  endfacet
  facet normal -0.277076 0.960848 0
    outer loop
      vertex -25.9908 -17.1684 0
      vertex -25.6676 -17.0752 -5
      vertex -25.9908 -17.1684 -5
    endloop
  endfacet
  facet normal -0.578677 0.815557 0
    outer loop
      vertex -26.5961 -17.4598 -5
      vertex -26.8705 -17.6545 0
      vertex -26.5961 -17.4598 0
    endloop
  endfacet
  facet normal -0.578677 0.815557 0
    outer loop
      vertex -26.8705 -17.6545 0
      vertex -26.5961 -17.4598 -5
      vertex -26.8705 -17.6545 -5
    endloop
  endfacet
  facet normal -0.483698 0.875235 0
    outer loop
      vertex -26.3017 -17.2971 -5
      vertex -26.5961 -17.4598 0
      vertex -26.3017 -17.2971 0
    endloop
  endfacet
  facet normal -0.483698 0.875235 0
    outer loop
      vertex -26.5961 -17.4598 0
      vertex -26.3017 -17.2971 -5
      vertex -26.5961 -17.4598 -5
    endloop
  endfacet
  facet normal 0.875235 -0.483698 0
    outer loop
      vertex 27.5402 -22.5961 7
      vertex 27.7029 -22.3017 -5
      vertex 27.7029 -22.3017 7
    endloop
  endfacet
  facet normal 0.875235 -0.483698 0
    outer loop
      vertex 27.7029 -22.3017 -5
      vertex 27.5402 -22.5961 7
      vertex 27.5402 -22.5961 -5
    endloop
  endfacet
  facet normal 0.578677 -0.815557 0
    outer loop
      vertex 26.5961 -23.5402 -5
      vertex 26.8705 -23.3455 7
      vertex 26.5961 -23.5402 7
    endloop
  endfacet
  facet normal 0.578677 -0.815557 0
    outer loop
      vertex 26.8705 -23.3455 7
      vertex 26.5961 -23.5402 -5
      vertex 26.8705 -23.3455 -5
    endloop
  endfacet
  facet normal -0.745537 0.666465 0
    outer loop
      vertex -27.3455 -18.1295 -5
      vertex -27.1213 -17.8787 0
      vertex -27.1213 -17.8787 -5
    endloop
  endfacet
  facet normal -0.745537 0.666465 0
    outer loop
      vertex -27.1213 -17.8787 0
      vertex -27.3455 -18.1295 -5
      vertex -27.3455 -18.1295 0
    endloop
  endfacet
  facet normal -0.666465 0.745537 0
    outer loop
      vertex -26.8705 -17.6545 -5
      vertex -27.1213 -17.8787 0
      vertex -26.8705 -17.6545 0
    endloop
  endfacet
  facet normal -0.666465 0.745537 0
    outer loop
      vertex -27.1213 -17.8787 0
      vertex -26.8705 -17.6545 -5
      vertex -27.1213 -17.8787 -5
    endloop
  endfacet
  facet normal 0.666465 0.745537 -0
    outer loop
      vertex 27.1213 -17.8787 -5
      vertex 26.8705 -17.6545 0
      vertex 27.1213 -17.8787 0
    endloop
  endfacet
  facet normal 0.666465 0.745537 0
    outer loop
      vertex 26.8705 -17.6545 0
      vertex 27.1213 -17.8787 -5
      vertex 26.8705 -17.6545 -5
    endloop
  endfacet
  facet normal 0.998421 0.0561779 0
    outer loop
      vertex 28 -20 0
      vertex 27.9811 -19.6641 -5
      vertex 27.9811 -19.6641 0
    endloop
  endfacet
  facet normal 0.998421 0.0561779 0
    outer loop
      vertex 27.9811 -19.6641 -5
      vertex 28 -20 0
      vertex 28 -20 -5
    endloop
  endfacet
  facet normal 0.9859 0.167338 0
    outer loop
      vertex 27.9811 -19.6641 0
      vertex 27.9248 -19.3324 -5
      vertex 27.9248 -19.3324 0
    endloop
  endfacet
  facet normal 0.9859 0.167338 0
    outer loop
      vertex 27.9248 -19.3324 -5
      vertex 27.9811 -19.6641 0
      vertex 27.9811 -19.6641 -5
    endloop
  endfacet
  facet normal 0.923963 -0.382483 0
    outer loop
      vertex 27.7029 -22.3017 7
      vertex 27.8316 -21.9908 -5
      vertex 27.8316 -21.9908 7
    endloop
  endfacet
  facet normal 0.923963 -0.382483 0
    outer loop
      vertex 27.8316 -21.9908 -5
      vertex 27.7029 -22.3017 7
      vertex 27.7029 -22.3017 -5
    endloop
  endfacet
  facet normal 0.666465 -0.745537 0
    outer loop
      vertex 26.8705 -23.3455 -5
      vertex 27.1213 -23.1213 7
      vertex 26.8705 -23.3455 7
    endloop
  endfacet
  facet normal 0.666465 -0.745537 0
    outer loop
      vertex 27.1213 -23.1213 7
      vertex 26.8705 -23.3455 -5
      vertex 27.1213 -23.1213 -5
    endloop
  endfacet
  facet normal 0.382483 -0.923963 0
    outer loop
      vertex 25.9908 -23.8316 -5
      vertex 26.3017 -23.7029 7
      vertex 25.9908 -23.8316 7
    endloop
  endfacet
  facet normal 0.382483 -0.923963 0
    outer loop
      vertex 26.3017 -23.7029 7
      vertex 25.9908 -23.8316 -5
      vertex 26.3017 -23.7029 -5
    endloop
  endfacet
  facet normal 0.277076 -0.960848 0
    outer loop
      vertex 25.6676 -23.9248 -5
      vertex 25.9908 -23.8316 7
      vertex 25.6676 -23.9248 7
    endloop
  endfacet
  facet normal 0.277076 -0.960848 0
    outer loop
      vertex 25.9908 -23.8316 7
      vertex 25.6676 -23.9248 -5
      vertex 25.9908 -23.8316 -5
    endloop
  endfacet
  facet normal 0.875235 0.483698 0
    outer loop
      vertex 27.7029 -18.6983 0
      vertex 27.5402 -18.4039 -5
      vertex 27.5402 -18.4039 0
    endloop
  endfacet
  facet normal 0.875235 0.483698 0
    outer loop
      vertex 27.5402 -18.4039 -5
      vertex 27.7029 -18.6983 0
      vertex 27.7029 -18.6983 -5
    endloop
  endfacet
  facet normal 0.578677 0.815557 -0
    outer loop
      vertex 26.8705 -17.6545 -5
      vertex 26.5961 -17.4598 0
      vertex 26.8705 -17.6545 0
    endloop
  endfacet
  facet normal 0.578677 0.815557 0
    outer loop
      vertex 26.5961 -17.4598 0
      vertex 26.8705 -17.6545 -5
      vertex 26.5961 -17.4598 -5
    endloop
  endfacet
  facet normal 0.960848 0.277076 0
    outer loop
      vertex 27.9248 -19.3324 0
      vertex 27.8316 -19.0092 -5
      vertex 27.8316 -19.0092 0
    endloop
  endfacet
  facet normal 0.960848 0.277076 0
    outer loop
      vertex 27.8316 -19.0092 -5
      vertex 27.9248 -19.3324 0
      vertex 27.9248 -19.3324 -5
    endloop
  endfacet
  facet normal 0.9859 -0.167338 0
    outer loop
      vertex 27.9248 -21.6676 7
      vertex 27.9811 -21.3359 -5
      vertex 27.9811 -21.3359 7
    endloop
  endfacet
  facet normal 0.9859 -0.167338 0
    outer loop
      vertex 27.9811 -21.3359 -5
      vertex 27.9248 -21.6676 7
      vertex 27.9248 -21.6676 -5
    endloop
  endfacet
  facet normal 0.483698 0.875235 -0
    outer loop
      vertex 26.5961 -17.4598 -5
      vertex 26.3017 -17.2971 0
      vertex 26.5961 -17.4598 0
    endloop
  endfacet
  facet normal 0.483698 0.875235 0
    outer loop
      vertex 26.3017 -17.2971 0
      vertex 26.5961 -17.4598 -5
      vertex 26.3017 -17.2971 -5
    endloop
  endfacet
  facet normal 0.167338 0.9859 -0
    outer loop
      vertex 25.6676 -17.0752 -5
      vertex 25.3359 -17.0189 0
      vertex 25.6676 -17.0752 0
    endloop
  endfacet
  facet normal 0.167338 0.9859 0
    outer loop
      vertex 25.3359 -17.0189 0
      vertex 25.6676 -17.0752 -5
      vertex 25.3359 -17.0189 -5
    endloop
  endfacet
  facet normal 0.277076 0.960848 -0
    outer loop
      vertex 25.9908 -17.1684 -5
      vertex 25.6676 -17.0752 0
      vertex 25.9908 -17.1684 0
    endloop
  endfacet
  facet normal 0.277076 0.960848 0
    outer loop
      vertex 25.6676 -17.0752 0
      vertex 25.9908 -17.1684 -5
      vertex 25.6676 -17.0752 -5
    endloop
  endfacet
  facet normal 0.745537 -0.666465 0
    outer loop
      vertex 27.1213 -23.1213 7
      vertex 27.3455 -22.8705 -5
      vertex 27.3455 -22.8705 7
    endloop
  endfacet
  facet normal 0.745537 -0.666465 0
    outer loop
      vertex 27.3455 -22.8705 -5
      vertex 27.1213 -23.1213 7
      vertex 27.1213 -23.1213 -5
    endloop
  endfacet
  facet normal 0.483698 -0.875235 0
    outer loop
      vertex 26.3017 -23.7029 -5
      vertex 26.5961 -23.5402 7
      vertex 26.3017 -23.7029 7
    endloop
  endfacet
  facet normal 0.483698 -0.875235 0
    outer loop
      vertex 26.5961 -23.5402 7
      vertex 26.3017 -23.7029 -5
      vertex 26.5961 -23.5402 -5
    endloop
  endfacet
  facet normal 0.815557 0.578677 0
    outer loop
      vertex 27.5402 -18.4039 0
      vertex 27.3455 -18.1295 -5
      vertex 27.3455 -18.1295 0
    endloop
  endfacet
  facet normal 0.815557 0.578677 0
    outer loop
      vertex 27.3455 -18.1295 -5
      vertex 27.5402 -18.4039 0
      vertex 27.5402 -18.4039 -5
    endloop
  endfacet
  facet normal 0.745537 0.666465 0
    outer loop
      vertex 27.3455 -18.1295 0
      vertex 27.1213 -17.8787 -5
      vertex 27.1213 -17.8787 0
    endloop
  endfacet
  facet normal 0.745537 0.666465 0
    outer loop
      vertex 27.1213 -17.8787 -5
      vertex 27.3455 -18.1295 0
      vertex 27.3455 -18.1295 -5
    endloop
  endfacet
  facet normal 0.923963 0.382483 0
    outer loop
      vertex 27.8316 -19.0092 0
      vertex 27.7029 -18.6983 -5
      vertex 27.7029 -18.6983 0
    endloop
  endfacet
  facet normal 0.923963 0.382483 0
    outer loop
      vertex 27.7029 -18.6983 -5
      vertex 27.8316 -19.0092 0
      vertex 27.8316 -19.0092 -5
    endloop
  endfacet
  facet normal 0.960848 -0.277076 0
    outer loop
      vertex 27.8316 -21.9908 7
      vertex 27.9248 -21.6676 -5
      vertex 27.9248 -21.6676 7
    endloop
  endfacet
  facet normal 0.960848 -0.277076 0
    outer loop
      vertex 27.9248 -21.6676 -5
      vertex 27.8316 -21.9908 7
      vertex 27.8316 -21.9908 -5
    endloop
  endfacet
  facet normal 0.998421 -0.0561779 0
    outer loop
      vertex 27.9811 -21.3359 7
      vertex 28 -21 -5
      vertex 28 -21 7
    endloop
  endfacet
  facet normal 0.998421 -0.0561779 0
    outer loop
      vertex 28 -21 -5
      vertex 27.9811 -21.3359 7
      vertex 27.9811 -21.3359 -5
    endloop
  endfacet
  facet normal 0.815557 -0.578677 0
    outer loop
      vertex 27.3455 -22.8705 7
      vertex 27.5402 -22.5961 -5
      vertex 27.5402 -22.5961 7
    endloop
  endfacet
  facet normal 0.815557 -0.578677 0
    outer loop
      vertex 27.5402 -22.5961 -5
      vertex 27.3455 -22.8705 7
      vertex 27.3455 -22.8705 -5
    endloop
  endfacet
  facet normal -1 0 0
    outer loop
      vertex -21.5 -10.6217 14.3426
      vertex -21.5 -5.4 11.8148
      vertex -21.5 -5.4 7
    endloop
  endfacet
  facet normal -1 0 -0
    outer loop
      vertex -21.5 -9.31069 15.8097
      vertex -21.5 -5.4 11.8148
      vertex -21.5 -9.34262 15.6217
    endloop
  endfacet
  facet normal -1 0 -0
    outer loop
      vertex -21.5 -9.3 16
      vertex -21.5 -5.4 11.8148
      vertex -21.5 -9.31069 15.8097
    endloop
  endfacet
  facet normal -1 0 0
    outer loop
      vertex -21.5 -9.31069 16.1903
      vertex -21.5 -5.52718 20.3644
      vertex -21.5 -9.3 16
    endloop
  endfacet
  facet normal -1 0 0
    outer loop
      vertex -21.5 -9.3954 16.5615
      vertex -21.5 -5.52718 20.3644
      vertex -21.5 -9.34262 16.3783
    endloop
  endfacet
  facet normal -1 0 0
    outer loop
      vertex -21.5 -9.46835 16.7376
      vertex -21.5 -5.52718 20.3644
      vertex -21.5 -9.3954 16.5615
    endloop
  endfacet
  facet normal -1 0 0
    outer loop
      vertex -21.5 -9.56057 16.9045
      vertex -21.5 -5.52718 20.3644
      vertex -21.5 -9.46835 16.7376
    endloop
  endfacet
  facet normal -1 0 0
    outer loop
      vertex -21.5 -9.34262 16.3783
      vertex -21.5 -5.52718 20.3644
      vertex -21.5 -9.31069 16.1903
    endloop
  endfacet
  facet normal -1 0 0
    outer loop
      vertex -21.5 -5.4 11.8148
      vertex -21.5 -9.3 16
      vertex -21.5 -5.52718 20.3644
    endloop
  endfacet
  facet normal -1 0 0
    outer loop
      vertex -21.5 -5.4 11.8148
      vertex -21.5 -9.3954 15.4385
      vertex -21.5 -9.34262 15.6217
    endloop
  endfacet
  facet normal -1 0 0
    outer loop
      vertex -21.5 -5.4 11.8148
      vertex -21.5 -9.46835 15.2624
      vertex -21.5 -9.3954 15.4385
    endloop
  endfacet
  facet normal -1 0 0
    outer loop
      vertex -21.5 -5.4 11.8148
      vertex -21.5 -9.56057 15.0955
      vertex -21.5 -9.46835 15.2624
    endloop
  endfacet
  facet normal -1 0 0
    outer loop
      vertex -21.5 -5.4 11.8148
      vertex -21.5 -9.67089 14.9401
      vertex -21.5 -9.56057 15.0955
    endloop
  endfacet
  facet normal -1 0 0
    outer loop
      vertex -21.5 -5.4 11.8148
      vertex -21.5 -9.79792 14.7979
      vertex -21.5 -9.67089 14.9401
    endloop
  endfacet
  facet normal -1 0 0
    outer loop
      vertex -21.5 -5.4 11.8148
      vertex -21.5 -9.94007 14.6709
      vertex -21.5 -9.79792 14.7979
    endloop
  endfacet
  facet normal -1 0 0
    outer loop
      vertex -21.5 -5.4 11.8148
      vertex -21.5 -10.0955 14.5606
      vertex -21.5 -9.94007 14.6709
    endloop
  endfacet
  facet normal -1 0 0
    outer loop
      vertex -21.5 -5.4 11.8148
      vertex -21.5 -10.2624 14.4684
      vertex -21.5 -10.0955 14.5606
    endloop
  endfacet
  facet normal -1 0 0
    outer loop
      vertex -21.5 -5.4 11.8148
      vertex -21.5 -10.4385 14.3954
      vertex -21.5 -10.2624 14.4684
    endloop
  endfacet
  facet normal -1 0 0
    outer loop
      vertex -21.5 -5.4 11.8148
      vertex -21.5 -10.6217 14.3426
      vertex -21.5 -10.4385 14.3954
    endloop
  endfacet
  facet normal -1 0 0
    outer loop
      vertex -21.5 -5.4 7
      vertex -21.5 -10.8097 14.3107
      vertex -21.5 -10.6217 14.3426
    endloop
  endfacet
  facet normal -1 0 0
    outer loop
      vertex -21.5 -5.4 7
      vertex -21.5 -11 14.3
      vertex -21.5 -10.8097 14.3107
    endloop
  endfacet
  facet normal -1 0 0
    outer loop
      vertex -21.5 -16.6 7
      vertex -21.5 -11 14.3
      vertex -21.5 -5.4 7
    endloop
  endfacet
  facet normal -1 -0 0
    outer loop
      vertex -21.5 -11 14.3
      vertex -21.5 -16.6 7
      vertex -21.5 -11.1903 14.3107
    endloop
  endfacet
  facet normal -1 -0 0
    outer loop
      vertex -21.5 -11.1903 14.3107
      vertex -21.5 -16.6 7
      vertex -21.5 -11.3783 14.3426
    endloop
  endfacet
  facet normal -1 0 0
    outer loop
      vertex -21.5 -16.6 11.8148
      vertex -21.5 -11.3783 14.3426
      vertex -21.5 -16.6 7
    endloop
  endfacet
  facet normal -1 -0 0
    outer loop
      vertex -21.5 -11.3783 14.3426
      vertex -21.5 -16.6 11.8148
      vertex -21.5 -11.5615 14.3954
    endloop
  endfacet
  facet normal -1 -0 0
    outer loop
      vertex -21.5 -11.5615 14.3954
      vertex -21.5 -16.6 11.8148
      vertex -21.5 -11.7376 14.4684
    endloop
  endfacet
  facet normal -1 -0 0
    outer loop
      vertex -21.5 -11.7376 14.4684
      vertex -21.5 -16.6 11.8148
      vertex -21.5 -11.9045 14.5606
    endloop
  endfacet
  facet normal -1 -0 0
    outer loop
      vertex -21.5 -11.9045 14.5606
      vertex -21.5 -16.6 11.8148
      vertex -21.5 -12.0599 14.6709
    endloop
  endfacet
  facet normal -1 0 0
    outer loop
      vertex -21.5 -18 16
      vertex -21.5 -12.7 16
      vertex -21.5 -12.6893 15.8097
    endloop
  endfacet
  facet normal -1 0 0
    outer loop
      vertex -21.5 -12.7 16
      vertex -21.5 -14.0372 22.3068
      vertex -21.5 -13.312 22.6072
    endloop
  endfacet
  facet normal -1 0 0
    outer loop
      vertex -21.5 -17.956 15.2162
      vertex -21.5 -12.6893 15.8097
      vertex -21.5 -12.6574 15.6217
    endloop
  endfacet
  facet normal -1 0 0
    outer loop
      vertex -21.5 -12.7 16
      vertex -21.5 -14.7242 21.9271
      vertex -21.5 -14.0372 22.3068
    endloop
  endfacet
  facet normal -1 0 0
    outer loop
      vertex -21.5 -17.8245 14.4424
      vertex -21.5 -12.6574 15.6217
      vertex -21.5 -12.6046 15.4385
    endloop
  endfacet
  facet normal -1 0 0
    outer loop
      vertex -21.5 -12.7 16
      vertex -21.5 -15.3644 21.4728
      vertex -21.5 -14.7242 21.9271
    endloop
  endfacet
  facet normal -1 0 0
    outer loop
      vertex -21.5 -17.6072 13.688
      vertex -21.5 -12.6046 15.4385
      vertex -21.5 -12.5316 15.2624
    endloop
  endfacet
  facet normal -1 0 0
    outer loop
      vertex -21.5 -12.7 16
      vertex -21.5 -15.9497 20.9497
      vertex -21.5 -15.3644 21.4728
    endloop
  endfacet
  facet normal -1 0 0
    outer loop
      vertex -21.5 -17.3068 12.9628
      vertex -21.5 -12.5316 15.2624
      vertex -21.5 -12.4394 15.0955
    endloop
  endfacet
  facet normal -1 0 0
    outer loop
      vertex -21.5 -12.7 16
      vertex -21.5 -16.4728 20.3644
      vertex -21.5 -15.9497 20.9497
    endloop
  endfacet
  facet normal -1 0 0
    outer loop
      vertex -21.5 -16.6 11.8148
      vertex -21.5 -12.4394 15.0955
      vertex -21.5 -12.3291 14.9401
    endloop
  endfacet
  facet normal -1 -0 0
    outer loop
      vertex -21.5 -12.0599 14.6709
      vertex -21.5 -16.6 11.8148
      vertex -21.5 -12.2021 14.7979
    endloop
  endfacet
  facet normal -1 -0 0
    outer loop
      vertex -21.5 -12.2021 14.7979
      vertex -21.5 -16.6 11.8148
      vertex -21.5 -12.3291 14.9401
    endloop
  endfacet
  facet normal -1 0 0
    outer loop
      vertex -21.5 -12.4394 15.0955
      vertex -21.5 -16.6 11.8148
      vertex -21.5 -16.9271 12.2758
    endloop
  endfacet
  facet normal -1 0 0
    outer loop
      vertex -21.5 -12.4394 15.0955
      vertex -21.5 -16.9271 12.2758
      vertex -21.5 -17.3068 12.9628
    endloop
  endfacet
  facet normal -1 0 0
    outer loop
      vertex -21.5 -12.7 16
      vertex -21.5 -16.9271 19.7242
      vertex -21.5 -16.4728 20.3644
    endloop
  endfacet
  facet normal -1 0 0
    outer loop
      vertex -21.5 -12.5316 15.2624
      vertex -21.5 -17.3068 12.9628
      vertex -21.5 -17.6072 13.688
    endloop
  endfacet
  facet normal -1 0 0
    outer loop
      vertex -21.5 -12.7 16
      vertex -21.5 -17.3068 19.0372
      vertex -21.5 -16.9271 19.7242
    endloop
  endfacet
  facet normal -1 0 0
    outer loop
      vertex -21.5 -12.6046 15.4385
      vertex -21.5 -17.6072 13.688
      vertex -21.5 -17.8245 14.4424
    endloop
  endfacet
  facet normal -1 0 0
    outer loop
      vertex -21.5 -12.7 16
      vertex -21.5 -17.6072 18.312
      vertex -21.5 -17.3068 19.0372
    endloop
  endfacet
  facet normal -1 0 0
    outer loop
      vertex -21.5 -12.6574 15.6217
      vertex -21.5 -17.8245 14.4424
      vertex -21.5 -17.956 15.2162
    endloop
  endfacet
  facet normal -1 0 0
    outer loop
      vertex -21.5 -12.7 16
      vertex -21.5 -17.8245 17.5576
      vertex -21.5 -17.6072 18.312
    endloop
  endfacet
  facet normal -1 -0 0
    outer loop
      vertex -21.5 -12.6893 15.8097
      vertex -21.5 -17.956 15.2162
      vertex -21.5 -18 16
    endloop
  endfacet
  facet normal -1 0 0
    outer loop
      vertex -21.5 -12.7 16
      vertex -21.5 -17.956 16.7838
      vertex -21.5 -17.8245 17.5576
    endloop
  endfacet
  facet normal -1 0 0
    outer loop
      vertex -21.5 -12.7 16
      vertex -21.5 -18 16
      vertex -21.5 -17.956 16.7838
    endloop
  endfacet
  facet normal -1 0 0
    outer loop
      vertex -21.5 -4.04401 15.2162
      vertex -21.5 -4.04401 16.7838
      vertex -21.5 -4 16
    endloop
  endfacet
  facet normal -1 0 0
    outer loop
      vertex -21.5 -4.1755 14.4424
      vertex -21.5 -4.04401 16.7838
      vertex -21.5 -4.04401 15.2162
    endloop
  endfacet
  facet normal -1 0 0
    outer loop
      vertex -21.5 -4.1755 14.4424
      vertex -21.5 -4.1755 17.5576
      vertex -21.5 -4.04401 16.7838
    endloop
  endfacet
  facet normal -1 0 0
    outer loop
      vertex -21.5 -4.39282 13.688
      vertex -21.5 -4.1755 17.5576
      vertex -21.5 -4.1755 14.4424
    endloop
  endfacet
  facet normal -1 0 0
    outer loop
      vertex -21.5 -4.39282 13.688
      vertex -21.5 -4.39282 18.312
      vertex -21.5 -4.1755 17.5576
    endloop
  endfacet
  facet normal -1 0 0
    outer loop
      vertex -21.5 -4.69322 12.9628
      vertex -21.5 -4.39282 18.312
      vertex -21.5 -4.39282 13.688
    endloop
  endfacet
  facet normal -1 0 0
    outer loop
      vertex -21.5 -4.69322 12.9628
      vertex -21.5 -4.69322 19.0372
      vertex -21.5 -4.39282 18.312
    endloop
  endfacet
  facet normal -1 0 0
    outer loop
      vertex -21.5 -5.4 11.8148
      vertex -21.5 -4.69322 12.9628
      vertex -21.5 -5.07293 12.2758
    endloop
  endfacet
  facet normal -1 -0 0
    outer loop
      vertex -21.5 -4.69322 12.9628
      vertex -21.5 -5.4 11.8148
      vertex -21.5 -4.69322 19.0372
    endloop
  endfacet
  facet normal -1 -0 0
    outer loop
      vertex -21.5 -4.69322 19.0372
      vertex -21.5 -5.4 11.8148
      vertex -21.5 -5.07293 19.7242
    endloop
  endfacet
  facet normal -1 -0 0
    outer loop
      vertex -21.5 -5.07293 19.7242
      vertex -21.5 -5.4 11.8148
      vertex -21.5 -5.52718 20.3644
    endloop
  endfacet
  facet normal -1 0 0
    outer loop
      vertex -21.5 -9.67089 17.0599
      vertex -21.5 -5.52718 20.3644
      vertex -21.5 -9.56057 16.9045
    endloop
  endfacet
  facet normal -1 -0 0
    outer loop
      vertex -21.5 -5.52718 20.3644
      vertex -21.5 -9.67089 17.0599
      vertex -21.5 -6.05025 20.9497
    endloop
  endfacet
  facet normal -1 0 0
    outer loop
      vertex -21.5 -9.79792 17.2021
      vertex -21.5 -6.05025 20.9497
      vertex -21.5 -9.67089 17.0599
    endloop
  endfacet
  facet normal -1 -0 0
    outer loop
      vertex -21.5 -6.05025 20.9497
      vertex -21.5 -9.79792 17.2021
      vertex -21.5 -6.63557 21.4728
    endloop
  endfacet
  facet normal -1 0 0
    outer loop
      vertex -21.5 -9.94007 17.3291
      vertex -21.5 -6.63557 21.4728
      vertex -21.5 -9.79792 17.2021
    endloop
  endfacet
  facet normal -1 -0 0
    outer loop
      vertex -21.5 -6.63557 21.4728
      vertex -21.5 -9.94007 17.3291
      vertex -21.5 -7.27577 21.9271
    endloop
  endfacet
  facet normal -1 0 0
    outer loop
      vertex -21.5 -10.0955 17.4394
      vertex -21.5 -7.27577 21.9271
      vertex -21.5 -9.94007 17.3291
    endloop
  endfacet
  facet normal -1 -0 0
    outer loop
      vertex -21.5 -7.27577 21.9271
      vertex -21.5 -10.0955 17.4394
      vertex -21.5 -7.96281 22.3068
    endloop
  endfacet
  facet normal -1 0 0
    outer loop
      vertex -21.5 -10.2624 17.5316
      vertex -21.5 -7.96281 22.3068
      vertex -21.5 -10.0955 17.4394
    endloop
  endfacet
  facet normal -1 -0 0
    outer loop
      vertex -21.5 -7.96281 22.3068
      vertex -21.5 -10.2624 17.5316
      vertex -21.5 -8.68805 22.6072
    endloop
  endfacet
  facet normal -1 0 0
    outer loop
      vertex -21.5 -10.4385 17.6046
      vertex -21.5 -8.68805 22.6072
      vertex -21.5 -10.2624 17.5316
    endloop
  endfacet
  facet normal -1 -0 0
    outer loop
      vertex -21.5 -8.68805 22.6072
      vertex -21.5 -10.4385 17.6046
      vertex -21.5 -9.44235 22.8245
    endloop
  endfacet
  facet normal -1 0 0
    outer loop
      vertex -21.5 -10.6217 17.6574
      vertex -21.5 -9.44235 22.8245
      vertex -21.5 -10.4385 17.6046
    endloop
  endfacet
  facet normal -1 -0 0
    outer loop
      vertex -21.5 -9.44235 22.8245
      vertex -21.5 -10.6217 17.6574
      vertex -21.5 -10.2162 22.956
    endloop
  endfacet
  facet normal -1 0 0
    outer loop
      vertex -21.5 -10.8097 17.6893
      vertex -21.5 -10.2162 22.956
      vertex -21.5 -10.6217 17.6574
    endloop
  endfacet
  facet normal -1 0 0
    outer loop
      vertex -21.5 -11 17.7
      vertex -21.5 -10.2162 22.956
      vertex -21.5 -10.8097 17.6893
    endloop
  endfacet
  facet normal -1 0 0
    outer loop
      vertex -21.5 -11 17.7
      vertex -21.5 -11 23
      vertex -21.5 -10.2162 22.956
    endloop
  endfacet
  facet normal -1 0 0
    outer loop
      vertex -21.5 -11.1903 17.6893
      vertex -21.5 -11 23
      vertex -21.5 -11 17.7
    endloop
  endfacet
  facet normal -1 0 0
    outer loop
      vertex -21.5 -11.7838 22.956
      vertex -21.5 -11.1903 17.6893
      vertex -21.5 -11.3783 17.6574
    endloop
  endfacet
  facet normal -1 0 0
    outer loop
      vertex -21.5 -12.5576 22.8245
      vertex -21.5 -11.3783 17.6574
      vertex -21.5 -11.5615 17.6046
    endloop
  endfacet
  facet normal -1 0 0
    outer loop
      vertex -21.5 -13.312 22.6072
      vertex -21.5 -11.5615 17.6046
      vertex -21.5 -11.7376 17.5316
    endloop
  endfacet
  facet normal -1 0 0
    outer loop
      vertex -21.5 -11.1903 17.6893
      vertex -21.5 -11.7838 22.956
      vertex -21.5 -11 23
    endloop
  endfacet
  facet normal -1 0 0
    outer loop
      vertex -21.5 -13.312 22.6072
      vertex -21.5 -11.7376 17.5316
      vertex -21.5 -11.9045 17.4394
    endloop
  endfacet
  facet normal -1 0 0
    outer loop
      vertex -21.5 -13.312 22.6072
      vertex -21.5 -11.9045 17.4394
      vertex -21.5 -12.0599 17.3291
    endloop
  endfacet
  facet normal -1 0 0
    outer loop
      vertex -21.5 -13.312 22.6072
      vertex -21.5 -12.0599 17.3291
      vertex -21.5 -12.2021 17.2021
    endloop
  endfacet
  facet normal -1 0 0
    outer loop
      vertex -21.5 -13.312 22.6072
      vertex -21.5 -12.2021 17.2021
      vertex -21.5 -12.3291 17.0599
    endloop
  endfacet
  facet normal -1 0 0
    outer loop
      vertex -21.5 -13.312 22.6072
      vertex -21.5 -12.3291 17.0599
      vertex -21.5 -12.4394 16.9045
    endloop
  endfacet
  facet normal -1 0 0
    outer loop
      vertex -21.5 -13.312 22.6072
      vertex -21.5 -12.4394 16.9045
      vertex -21.5 -12.5316 16.7376
    endloop
  endfacet
  facet normal -1 0 0
    outer loop
      vertex -21.5 -11.3783 17.6574
      vertex -21.5 -12.5576 22.8245
      vertex -21.5 -11.7838 22.956
    endloop
  endfacet
  facet normal -1 0 0
    outer loop
      vertex -21.5 -13.312 22.6072
      vertex -21.5 -12.5316 16.7376
      vertex -21.5 -12.6046 16.5615
    endloop
  endfacet
  facet normal -1 0 0
    outer loop
      vertex -21.5 -13.312 22.6072
      vertex -21.5 -12.6046 16.5615
      vertex -21.5 -12.6574 16.3783
    endloop
  endfacet
  facet normal -1 0 0
    outer loop
      vertex -21.5 -13.312 22.6072
      vertex -21.5 -12.6574 16.3783
      vertex -21.5 -12.6893 16.1903
    endloop
  endfacet
  facet normal -1 0 0
    outer loop
      vertex -21.5 -13.312 22.6072
      vertex -21.5 -12.6893 16.1903
      vertex -21.5 -12.7 16
    endloop
  endfacet
  facet normal -1 0 0
    outer loop
      vertex -21.5 -11.5615 17.6046
      vertex -21.5 -13.312 22.6072
      vertex -21.5 -12.5576 22.8245
    endloop
  endfacet
  facet normal 1 -0 0
    outer loop
      vertex -11.5 -17.8245 17.5576
      vertex -11.5 -12.6574 16.3783
      vertex -11.5 -17.6072 18.312
    endloop
  endfacet
  facet normal 1 0 0
    outer loop
      vertex -11.5 -12.6574 16.3783
      vertex -11.5 -17.8245 17.5576
      vertex -11.5 -12.6893 16.1903
    endloop
  endfacet
  facet normal 1 0 -0
    outer loop
      vertex -11.5 -16.9271 12.2758
      vertex -11.5 -12.7 16
      vertex -11.5 -17.3068 12.9628
    endloop
  endfacet
  facet normal 1 0 0
    outer loop
      vertex -11.5 -12.7 16
      vertex -11.5 -16.9271 12.2758
      vertex -11.5 -16.6 11.8148
    endloop
  endfacet
  facet normal 1 -0 0
    outer loop
      vertex -11.5 -17.956 16.7838
      vertex -11.5 -12.6893 16.1903
      vertex -11.5 -17.8245 17.5576
    endloop
  endfacet
  facet normal 1 0 0
    outer loop
      vertex -11.5 -12.7 16
      vertex -11.5 -17.6072 13.688
      vertex -11.5 -17.3068 12.9628
    endloop
  endfacet
  facet normal 1 0 0
    outer loop
      vertex -11.5 -12.6893 16.1903
      vertex -11.5 -17.956 16.7838
      vertex -11.5 -12.7 16
    endloop
  endfacet
  facet normal 1 0 0
    outer loop
      vertex -11.5 -12.7 16
      vertex -11.5 -17.8245 14.4424
      vertex -11.5 -17.6072 13.688
    endloop
  endfacet
  facet normal 1 0 0
    outer loop
      vertex -11.5 -18 16
      vertex -11.5 -12.7 16
      vertex -11.5 -17.956 16.7838
    endloop
  endfacet
  facet normal 1 0 0
    outer loop
      vertex -11.5 -12.7 16
      vertex -11.5 -17.956 15.2162
      vertex -11.5 -17.8245 14.4424
    endloop
  endfacet
  facet normal 1 0 0
    outer loop
      vertex -11.5 -12.7 16
      vertex -11.5 -18 16
      vertex -11.5 -17.956 15.2162
    endloop
  endfacet
  facet normal 1 0 0
    outer loop
      vertex -11.5 -4.04401 16.7838
      vertex -11.5 -9.31069 16.1903
      vertex -11.5 -9.3 16
    endloop
  endfacet
  facet normal 1 0 0
    outer loop
      vertex -11.5 -7.96281 22.3068
      vertex -11.5 -9.34262 16.3783
      vertex -11.5 -9.31069 16.1903
    endloop
  endfacet
  facet normal 1 0 0
    outer loop
      vertex -11.5 -7.96281 22.3068
      vertex -11.5 -9.3954 16.5615
      vertex -11.5 -9.34262 16.3783
    endloop
  endfacet
  facet normal 1 0 0
    outer loop
      vertex -11.5 -10.4385 17.6046
      vertex -11.5 -8.68805 22.6072
      vertex -11.5 -9.44235 22.8245
    endloop
  endfacet
  facet normal 1 0 0
    outer loop
      vertex -11.5 -7.96281 22.3068
      vertex -11.5 -9.46835 16.7376
      vertex -11.5 -9.3954 16.5615
    endloop
  endfacet
  facet normal 1 0 0
    outer loop
      vertex -11.5 -7.96281 22.3068
      vertex -11.5 -9.56057 16.9045
      vertex -11.5 -9.46835 16.7376
    endloop
  endfacet
  facet normal 1 0 0
    outer loop
      vertex -11.5 -7.96281 22.3068
      vertex -11.5 -9.67089 17.0599
      vertex -11.5 -9.56057 16.9045
    endloop
  endfacet
  facet normal 1 0 0
    outer loop
      vertex -11.5 -7.96281 22.3068
      vertex -11.5 -9.79792 17.2021
      vertex -11.5 -9.67089 17.0599
    endloop
  endfacet
  facet normal 1 0 0
    outer loop
      vertex -11.5 -7.96281 22.3068
      vertex -11.5 -9.94007 17.3291
      vertex -11.5 -9.79792 17.2021
    endloop
  endfacet
  facet normal 1 0 0
    outer loop
      vertex -11.5 -7.96281 22.3068
      vertex -11.5 -10.0955 17.4394
      vertex -11.5 -9.94007 17.3291
    endloop
  endfacet
  facet normal 1 0 0
    outer loop
      vertex -11.5 -10.6217 17.6574
      vertex -11.5 -9.44235 22.8245
      vertex -11.5 -10.2162 22.956
    endloop
  endfacet
  facet normal 1 0 0
    outer loop
      vertex -11.5 -7.96281 22.3068
      vertex -11.5 -10.2624 17.5316
      vertex -11.5 -10.0955 17.4394
    endloop
  endfacet
  facet normal 1 0 0
    outer loop
      vertex -11.5 -8.68805 22.6072
      vertex -11.5 -10.4385 17.6046
      vertex -11.5 -10.2624 17.5316
    endloop
  endfacet
  facet normal 1 0 0
    outer loop
      vertex -11.5 -9.44235 22.8245
      vertex -11.5 -10.6217 17.6574
      vertex -11.5 -10.4385 17.6046
    endloop
  endfacet
  facet normal 1 0 0
    outer loop
      vertex -11.5 -10.2162 22.956
      vertex -11.5 -10.8097 17.6893
      vertex -11.5 -10.6217 17.6574
    endloop
  endfacet
  facet normal 1 0 0
    outer loop
      vertex -11.5 -11 23
      vertex -11.5 -10.8097 17.6893
      vertex -11.5 -10.2162 22.956
    endloop
  endfacet
  facet normal 1 0 0
    outer loop
      vertex -11.5 -11 23
      vertex -11.5 -11 17.7
      vertex -11.5 -10.8097 17.6893
    endloop
  endfacet
  facet normal 1 0 0
    outer loop
      vertex -11.5 -11 23
      vertex -11.5 -11.1903 17.6893
      vertex -11.5 -11 17.7
    endloop
  endfacet
  facet normal 1 -0 0
    outer loop
      vertex -11.5 -11.7838 22.956
      vertex -11.5 -11.1903 17.6893
      vertex -11.5 -11 23
    endloop
  endfacet
  facet normal 1 0 0
    outer loop
      vertex -11.5 -11.1903 17.6893
      vertex -11.5 -11.7838 22.956
      vertex -11.5 -11.3783 17.6574
    endloop
  endfacet
  facet normal 1 -0 0
    outer loop
      vertex -11.5 -12.5576 22.8245
      vertex -11.5 -11.3783 17.6574
      vertex -11.5 -11.7838 22.956
    endloop
  endfacet
  facet normal 1 0 0
    outer loop
      vertex -11.5 -11.3783 17.6574
      vertex -11.5 -12.5576 22.8245
      vertex -11.5 -11.5615 17.6046
    endloop
  endfacet
  facet normal 1 -0 0
    outer loop
      vertex -11.5 -13.312 22.6072
      vertex -11.5 -11.5615 17.6046
      vertex -11.5 -12.5576 22.8245
    endloop
  endfacet
  facet normal 1 0 0
    outer loop
      vertex -11.5 -11.5615 17.6046
      vertex -11.5 -13.312 22.6072
      vertex -11.5 -11.7376 17.5316
    endloop
  endfacet
  facet normal 1 -0 0
    outer loop
      vertex -11.5 -14.0372 22.3068
      vertex -11.5 -11.7376 17.5316
      vertex -11.5 -13.312 22.6072
    endloop
  endfacet
  facet normal 1 0 0
    outer loop
      vertex -11.5 -11.7376 17.5316
      vertex -11.5 -14.0372 22.3068
      vertex -11.5 -11.9045 17.4394
    endloop
  endfacet
  facet normal 1 -0 0
    outer loop
      vertex -11.5 -14.7242 21.9271
      vertex -11.5 -11.9045 17.4394
      vertex -11.5 -14.0372 22.3068
    endloop
  endfacet
  facet normal 1 0 0
    outer loop
      vertex -11.5 -11.9045 17.4394
      vertex -11.5 -14.7242 21.9271
      vertex -11.5 -12.0599 17.3291
    endloop
  endfacet
  facet normal 1 -0 0
    outer loop
      vertex -11.5 -15.3644 21.4728
      vertex -11.5 -12.0599 17.3291
      vertex -11.5 -14.7242 21.9271
    endloop
  endfacet
  facet normal 1 0 0
    outer loop
      vertex -11.5 -12.0599 17.3291
      vertex -11.5 -15.3644 21.4728
      vertex -11.5 -12.2021 17.2021
    endloop
  endfacet
  facet normal 1 -0 0
    outer loop
      vertex -11.5 -15.9497 20.9497
      vertex -11.5 -12.2021 17.2021
      vertex -11.5 -15.3644 21.4728
    endloop
  endfacet
  facet normal 1 0 0
    outer loop
      vertex -11.5 -12.2021 17.2021
      vertex -11.5 -15.9497 20.9497
      vertex -11.5 -12.3291 17.0599
    endloop
  endfacet
  facet normal 1 -0 0
    outer loop
      vertex -11.5 -16.4728 20.3644
      vertex -11.5 -12.3291 17.0599
      vertex -11.5 -15.9497 20.9497
    endloop
  endfacet
  facet normal 1 0 0
    outer loop
      vertex -11.5 -12.3291 17.0599
      vertex -11.5 -16.4728 20.3644
      vertex -11.5 -12.4394 16.9045
    endloop
  endfacet
  facet normal 1 0 0
    outer loop
      vertex -11.5 -9.3 16
      vertex -11.5 -4 16
      vertex -11.5 -4.04401 16.7838
    endloop
  endfacet
  facet normal 1 0 0
    outer loop
      vertex -11.5 -9.31069 16.1903
      vertex -11.5 -4.04401 16.7838
      vertex -11.5 -4.1755 17.5576
    endloop
  endfacet
  facet normal 1 0 0
    outer loop
      vertex -11.5 -4 16
      vertex -11.5 -9.3 16
      vertex -11.5 -4.04401 15.2162
    endloop
  endfacet
  facet normal 1 0 0
    outer loop
      vertex -11.5 -9.31069 16.1903
      vertex -11.5 -4.1755 17.5576
      vertex -11.5 -4.39282 18.312
    endloop
  endfacet
  facet normal 1 -0 0
    outer loop
      vertex -11.5 -9.31069 15.8097
      vertex -11.5 -4.04401 15.2162
      vertex -11.5 -9.3 16
    endloop
  endfacet
  facet normal 1 0 0
    outer loop
      vertex -11.5 -9.31069 16.1903
      vertex -11.5 -4.39282 18.312
      vertex -11.5 -4.69322 19.0372
    endloop
  endfacet
  facet normal 1 0 0
    outer loop
      vertex -11.5 -4.04401 15.2162
      vertex -11.5 -9.31069 15.8097
      vertex -11.5 -4.1755 14.4424
    endloop
  endfacet
  facet normal 1 0 0
    outer loop
      vertex -11.5 -9.31069 16.1903
      vertex -11.5 -4.69322 19.0372
      vertex -11.5 -5.07293 19.7242
    endloop
  endfacet
  facet normal 1 -0 0
    outer loop
      vertex -11.5 -9.34262 15.6217
      vertex -11.5 -4.1755 14.4424
      vertex -11.5 -9.31069 15.8097
    endloop
  endfacet
  facet normal 1 0 0
    outer loop
      vertex -11.5 -4.1755 14.4424
      vertex -11.5 -9.34262 15.6217
      vertex -11.5 -4.39282 13.688
    endloop
  endfacet
  facet normal 1 0 0
    outer loop
      vertex -11.5 -9.31069 16.1903
      vertex -11.5 -5.07293 19.7242
      vertex -11.5 -5.52718 20.3644
    endloop
  endfacet
  facet normal 1 -0 0
    outer loop
      vertex -11.5 -9.3954 15.4385
      vertex -11.5 -4.39282 13.688
      vertex -11.5 -9.34262 15.6217
    endloop
  endfacet
  facet normal 1 0 0
    outer loop
      vertex -11.5 -9.31069 16.1903
      vertex -11.5 -5.52718 20.3644
      vertex -11.5 -6.05025 20.9497
    endloop
  endfacet
  facet normal 1 0 0
    outer loop
      vertex -11.5 -9.31069 16.1903
      vertex -11.5 -6.05025 20.9497
      vertex -11.5 -6.63557 21.4728
    endloop
  endfacet
  facet normal 1 0 0
    outer loop
      vertex -11.5 -9.31069 16.1903
      vertex -11.5 -6.63557 21.4728
      vertex -11.5 -7.27577 21.9271
    endloop
  endfacet
  facet normal 1 0 0
    outer loop
      vertex -11.5 -9.31069 16.1903
      vertex -11.5 -7.27577 21.9271
      vertex -11.5 -7.96281 22.3068
    endloop
  endfacet
  facet normal 1 0 0
    outer loop
      vertex -11.5 -10.2624 17.5316
      vertex -11.5 -7.96281 22.3068
      vertex -11.5 -8.68805 22.6072
    endloop
  endfacet
  facet normal 1 0 0
    outer loop
      vertex -11.5 -4.39282 13.688
      vertex -11.5 -9.3954 15.4385
      vertex -11.5 -4.69322 12.9628
    endloop
  endfacet
  facet normal 1 -0 0
    outer loop
      vertex -11.5 -9.46835 15.2624
      vertex -11.5 -4.69322 12.9628
      vertex -11.5 -9.3954 15.4385
    endloop
  endfacet
  facet normal 1 0 0
    outer loop
      vertex -11.5 -4.69322 12.9628
      vertex -11.5 -9.46835 15.2624
      vertex -11.5 -5.07293 12.2758
    endloop
  endfacet
  facet normal 1 -0 0
    outer loop
      vertex -11.5 -9.56057 15.0955
      vertex -11.5 -5.07293 12.2758
      vertex -11.5 -9.46835 15.2624
    endloop
  endfacet
  facet normal 1 0 0
    outer loop
      vertex -11.5 -5.07293 12.2758
      vertex -11.5 -9.56057 15.0955
      vertex -11.5 -5.4 11.8148
    endloop
  endfacet
  facet normal 1 -0 0
    outer loop
      vertex -11.5 -9.67089 14.9401
      vertex -11.5 -5.4 11.8148
      vertex -11.5 -9.56057 15.0955
    endloop
  endfacet
  facet normal 1 -0 0
    outer loop
      vertex -11.5 -9.79792 14.7979
      vertex -11.5 -5.4 11.8148
      vertex -11.5 -9.67089 14.9401
    endloop
  endfacet
  facet normal 1 -0 0
    outer loop
      vertex -11.5 -9.94007 14.6709
      vertex -11.5 -5.4 11.8148
      vertex -11.5 -9.79792 14.7979
    endloop
  endfacet
  facet normal 1 -0 0
    outer loop
      vertex -11.5 -10.0955 14.5606
      vertex -11.5 -5.4 11.8148
      vertex -11.5 -9.94007 14.6709
    endloop
  endfacet
  facet normal 1 -0 0
    outer loop
      vertex -11.5 -10.2624 14.4684
      vertex -11.5 -5.4 11.8148
      vertex -11.5 -10.0955 14.5606
    endloop
  endfacet
  facet normal 1 -0 0
    outer loop
      vertex -11.5 -10.4385 14.3954
      vertex -11.5 -5.4 11.8148
      vertex -11.5 -10.2624 14.4684
    endloop
  endfacet
  facet normal 1 -0 0
    outer loop
      vertex -11.5 -10.6217 14.3426
      vertex -11.5 -5.4 11.8148
      vertex -11.5 -10.4385 14.3954
    endloop
  endfacet
  facet normal 1 0 0
    outer loop
      vertex -11.5 -5.4 11.8148
      vertex -11.5 -10.6217 14.3426
      vertex -11.5 -5.4 7
    endloop
  endfacet
  facet normal 1 -0 0
    outer loop
      vertex -11.5 -10.8097 14.3107
      vertex -11.5 -5.4 7
      vertex -11.5 -10.6217 14.3426
    endloop
  endfacet
  facet normal 1 -0 0
    outer loop
      vertex -11.5 -11 14.3
      vertex -11.5 -5.4 7
      vertex -11.5 -10.8097 14.3107
    endloop
  endfacet
  facet normal 1 0 0
    outer loop
      vertex -11.5 -16.6 7
      vertex -11.5 -11 14.3
      vertex -11.5 -11.1903 14.3107
    endloop
  endfacet
  facet normal 1 0 0
    outer loop
      vertex -11.5 -16.6 7
      vertex -11.5 -11.1903 14.3107
      vertex -11.5 -11.3783 14.3426
    endloop
  endfacet
  facet normal 1 0 0
    outer loop
      vertex -11.5 -16.6 11.8148
      vertex -11.5 -11.3783 14.3426
      vertex -11.5 -11.5615 14.3954
    endloop
  endfacet
  facet normal 1 0 0
    outer loop
      vertex -11.5 -16.6 11.8148
      vertex -11.5 -11.5615 14.3954
      vertex -11.5 -11.7376 14.4684
    endloop
  endfacet
  facet normal 1 0 0
    outer loop
      vertex -11.5 -16.6 11.8148
      vertex -11.5 -11.7376 14.4684
      vertex -11.5 -11.9045 14.5606
    endloop
  endfacet
  facet normal 1 0 0
    outer loop
      vertex -11.5 -16.6 11.8148
      vertex -11.5 -11.9045 14.5606
      vertex -11.5 -12.0599 14.6709
    endloop
  endfacet
  facet normal 1 0 0
    outer loop
      vertex -11.5 -16.6 11.8148
      vertex -11.5 -12.0599 14.6709
      vertex -11.5 -12.2021 14.7979
    endloop
  endfacet
  facet normal 1 0 0
    outer loop
      vertex -11.5 -16.6 11.8148
      vertex -11.5 -12.2021 14.7979
      vertex -11.5 -12.3291 14.9401
    endloop
  endfacet
  facet normal 1 -0 0
    outer loop
      vertex -11.5 -16.9271 19.7242
      vertex -11.5 -12.4394 16.9045
      vertex -11.5 -16.4728 20.3644
    endloop
  endfacet
  facet normal 1 0 0
    outer loop
      vertex -11.5 -12.4394 16.9045
      vertex -11.5 -16.9271 19.7242
      vertex -11.5 -12.5316 16.7376
    endloop
  endfacet
  facet normal 1 -0 0
    outer loop
      vertex -11.5 -17.3068 19.0372
      vertex -11.5 -12.5316 16.7376
      vertex -11.5 -16.9271 19.7242
    endloop
  endfacet
  facet normal 1 0 0
    outer loop
      vertex -11.5 -12.5316 16.7376
      vertex -11.5 -17.3068 19.0372
      vertex -11.5 -12.6046 16.5615
    endloop
  endfacet
  facet normal 1 -0 0
    outer loop
      vertex -11.5 -17.6072 18.312
      vertex -11.5 -12.6046 16.5615
      vertex -11.5 -17.3068 19.0372
    endloop
  endfacet
  facet normal 1 0 0
    outer loop
      vertex -11.5 -12.6046 16.5615
      vertex -11.5 -17.6072 18.312
      vertex -11.5 -12.6574 16.3783
    endloop
  endfacet
  facet normal 1 0 0
    outer loop
      vertex -11.5 -12.7 16
      vertex -11.5 -16.6 11.8148
      vertex -11.5 -12.6893 15.8097
    endloop
  endfacet
  facet normal 1 0 0
    outer loop
      vertex -11.5 -12.6893 15.8097
      vertex -11.5 -16.6 11.8148
      vertex -11.5 -12.6574 15.6217
    endloop
  endfacet
  facet normal 1 0 0
    outer loop
      vertex -11.5 -12.6574 15.6217
      vertex -11.5 -16.6 11.8148
      vertex -11.5 -12.6046 15.4385
    endloop
  endfacet
  facet normal 1 0 0
    outer loop
      vertex -11.5 -12.6046 15.4385
      vertex -11.5 -16.6 11.8148
      vertex -11.5 -12.5316 15.2624
    endloop
  endfacet
  facet normal 1 0 0
    outer loop
      vertex -11.5 -12.5316 15.2624
      vertex -11.5 -16.6 11.8148
      vertex -11.5 -12.4394 15.0955
    endloop
  endfacet
  facet normal 1 0 0
    outer loop
      vertex -11.5 -12.4394 15.0955
      vertex -11.5 -16.6 11.8148
      vertex -11.5 -12.3291 14.9401
    endloop
  endfacet
  facet normal 1 0 0
    outer loop
      vertex -11.5 -11.3783 14.3426
      vertex -11.5 -16.6 11.8148
      vertex -11.5 -16.6 7
    endloop
  endfacet
  facet normal 1 0 0
    outer loop
      vertex -11.5 -11 14.3
      vertex -11.5 -16.6 7
      vertex -11.5 -5.4 7
    endloop
  endfacet
  facet normal 0 -1 0
    outer loop
      vertex -21.5 -16.6 7
      vertex -11.5 -16.6 11.8148
      vertex -21.5 -16.6 11.8148
    endloop
  endfacet
  facet normal 0 -1 -0
    outer loop
      vertex -11.5 -16.6 11.8148
      vertex -21.5 -16.6 7
      vertex -11.5 -16.6 7
    endloop
  endfacet
  facet normal 0 1 -0
    outer loop
      vertex -11.5 -5.4 7
      vertex -21.5 -5.4 11.8148
      vertex -11.5 -5.4 11.8148
    endloop
  endfacet
  facet normal 0 1 0
    outer loop
      vertex -21.5 -5.4 11.8148
      vertex -11.5 -5.4 7
      vertex -21.5 -5.4 7
    endloop
  endfacet
  facet normal 0 0.815583 -0.57864
    outer loop
      vertex -11.5 -5.4 11.8148
      vertex -21.5 -5.07293 12.2758
      vertex -11.5 -5.07293 12.2758
    endloop
  endfacet
  facet normal 0 0.815583 -0.57864
    outer loop
      vertex -21.5 -5.07293 12.2758
      vertex -11.5 -5.4 11.8148
      vertex -21.5 -5.4 11.8148
    endloop
  endfacet
  facet normal 0 0.923874 0.382697
    outer loop
      vertex -11.5 -4.39282 18.312
      vertex -21.5 -4.69322 19.0372
      vertex -11.5 -4.69322 19.0372
    endloop
  endfacet
  facet normal 0 0.923874 0.382697
    outer loop
      vertex -21.5 -4.69322 19.0372
      vertex -11.5 -4.39282 18.312
      vertex -21.5 -4.39282 18.312
    endloop
  endfacet
  facet normal -0 0.382679 0.923881
    outer loop
      vertex -21.5 -7.96281 22.3068
      vertex -11.5 -8.68805 22.6072
      vertex -11.5 -7.96281 22.3068
    endloop
  endfacet
  facet normal 0 0.382679 0.923881
    outer loop
      vertex -11.5 -8.68805 22.6072
      vertex -21.5 -7.96281 22.3068
      vertex -21.5 -8.68805 22.6072
    endloop
  endfacet
  facet normal 0 -0.382697 0.923874
    outer loop
      vertex -21.5 -13.312 22.6072
      vertex -11.5 -14.0372 22.3068
      vertex -11.5 -13.312 22.6072
    endloop
  endfacet
  facet normal 0 -0.382697 0.923874
    outer loop
      vertex -11.5 -14.0372 22.3068
      vertex -21.5 -13.312 22.6072
      vertex -21.5 -14.0372 22.3068
    endloop
  endfacet
  facet normal 0 -0.875219 0.483727
    outer loop
      vertex -21.5 -17.3068 19.0372
      vertex -11.5 -16.9271 19.7242
      vertex -21.5 -16.9271 19.7242
    endloop
  endfacet
  facet normal 0 -0.875219 0.483727
    outer loop
      vertex -11.5 -16.9271 19.7242
      vertex -21.5 -17.3068 19.0372
      vertex -11.5 -17.3068 19.0372
    endloop
  endfacet
  facet normal 0 0.985868 -0.167526
    outer loop
      vertex -11.5 -4.1755 14.4424
      vertex -21.5 -4.04401 15.2162
      vertex -11.5 -4.04401 15.2162
    endloop
  endfacet
  facet normal 0 0.985868 -0.167526
    outer loop
      vertex -21.5 -4.04401 15.2162
      vertex -11.5 -4.1755 14.4424
      vertex -21.5 -4.1755 14.4424
    endloop
  endfacet
  facet normal 0 0.998427 -0.0560612
    outer loop
      vertex -11.5 -4.04401 15.2162
      vertex -21.5 -4 16
      vertex -11.5 -4 16
    endloop
  endfacet
  facet normal 0 0.998427 -0.0560612
    outer loop
      vertex -21.5 -4 16
      vertex -11.5 -4.04401 15.2162
      vertex -21.5 -4.04401 15.2162
    endloop
  endfacet
  facet normal -0 0.167528 0.985867
    outer loop
      vertex -21.5 -9.44235 22.8245
      vertex -11.5 -10.2162 22.956
      vertex -11.5 -9.44235 22.8245
    endloop
  endfacet
  facet normal 0 0.167528 0.985867
    outer loop
      vertex -11.5 -10.2162 22.956
      vertex -21.5 -9.44235 22.8245
      vertex -21.5 -10.2162 22.956
    endloop
  endfacet
  facet normal -0 0.578717 0.815528
    outer loop
      vertex -21.5 -6.63557 21.4728
      vertex -11.5 -7.27577 21.9271
      vertex -11.5 -6.63557 21.4728
    endloop
  endfacet
  facet normal 0 0.578717 0.815528
    outer loop
      vertex -11.5 -7.27577 21.9271
      vertex -21.5 -6.63557 21.4728
      vertex -21.5 -7.27577 21.9271
    endloop
  endfacet
  facet normal 0 0.985868 0.167526
    outer loop
      vertex -11.5 -4.04401 16.7838
      vertex -21.5 -4.1755 17.5576
      vertex -11.5 -4.1755 17.5576
    endloop
  endfacet
  facet normal 0 0.985868 0.167526
    outer loop
      vertex -21.5 -4.1755 17.5576
      vertex -11.5 -4.04401 16.7838
      vertex -21.5 -4.04401 16.7838
    endloop
  endfacet
  facet normal 0 -0.745614 0.666378
    outer loop
      vertex -21.5 -16.4728 20.3644
      vertex -11.5 -15.9497 20.9497
      vertex -21.5 -15.9497 20.9497
    endloop
  endfacet
  facet normal 0 -0.745614 0.666378
    outer loop
      vertex -11.5 -15.9497 20.9497
      vertex -21.5 -16.4728 20.3644
      vertex -11.5 -16.4728 20.3644
    endloop
  endfacet
  facet normal 0 -0.167539 0.985866
    outer loop
      vertex -21.5 -11.7838 22.956
      vertex -11.5 -12.5576 22.8245
      vertex -11.5 -11.7838 22.956
    endloop
  endfacet
  facet normal 0 -0.167539 0.985866
    outer loop
      vertex -11.5 -12.5576 22.8245
      vertex -21.5 -11.7838 22.956
      vertex -21.5 -12.5576 22.8245
    endloop
  endfacet
  facet normal 0 -0.666378 0.745614
    outer loop
      vertex -21.5 -15.3644 21.4728
      vertex -11.5 -15.9497 20.9497
      vertex -11.5 -15.3644 21.4728
    endloop
  endfacet
  facet normal 0 -0.666378 0.745614
    outer loop
      vertex -11.5 -15.9497 20.9497
      vertex -21.5 -15.3644 21.4728
      vertex -21.5 -15.9497 20.9497
    endloop
  endfacet
  facet normal 0 0.998427 0.0560612
    outer loop
      vertex -11.5 -4 16
      vertex -21.5 -4.04401 16.7838
      vertex -11.5 -4.04401 16.7838
    endloop
  endfacet
  facet normal 0 0.998427 0.0560612
    outer loop
      vertex -21.5 -4.04401 16.7838
      vertex -11.5 -4 16
      vertex -21.5 -4 16
    endloop
  endfacet
  facet normal 0 0.923874 -0.382697
    outer loop
      vertex -11.5 -4.69322 12.9628
      vertex -21.5 -4.39282 13.688
      vertex -11.5 -4.39282 13.688
    endloop
  endfacet
  facet normal 0 0.923874 -0.382697
    outer loop
      vertex -21.5 -4.39282 13.688
      vertex -11.5 -4.69322 12.9628
      vertex -21.5 -4.69322 12.9628
    endloop
  endfacet
  facet normal -0 0.0560485 0.998428
    outer loop
      vertex -21.5 -10.2162 22.956
      vertex -11.5 -11 23
      vertex -11.5 -10.2162 22.956
    endloop
  endfacet
  facet normal 0 0.0560485 0.998428
    outer loop
      vertex -11.5 -11 23
      vertex -21.5 -10.2162 22.956
      vertex -21.5 -11 23
    endloop
  endfacet
  facet normal -0 0.276824 0.960921
    outer loop
      vertex -21.5 -8.68805 22.6072
      vertex -11.5 -9.44235 22.8245
      vertex -11.5 -8.68805 22.6072
    endloop
  endfacet
  facet normal 0 0.276824 0.960921
    outer loop
      vertex -11.5 -9.44235 22.8245
      vertex -21.5 -8.68805 22.6072
      vertex -21.5 -9.44235 22.8245
    endloop
  endfacet
  facet normal -0 0.483706 0.875231
    outer loop
      vertex -21.5 -7.27577 21.9271
      vertex -11.5 -7.96281 22.3068
      vertex -11.5 -7.27577 21.9271
    endloop
  endfacet
  facet normal 0 0.483706 0.875231
    outer loop
      vertex -11.5 -7.96281 22.3068
      vertex -21.5 -7.27577 21.9271
      vertex -21.5 -7.96281 22.3068
    endloop
  endfacet
  facet normal 0 0.960924 0.276813
    outer loop
      vertex -11.5 -4.1755 17.5576
      vertex -21.5 -4.39282 18.312
      vertex -11.5 -4.39282 18.312
    endloop
  endfacet
  facet normal 0 0.960924 0.276813
    outer loop
      vertex -21.5 -4.39282 18.312
      vertex -11.5 -4.1755 17.5576
      vertex -21.5 -4.1755 17.5576
    endloop
  endfacet
  facet normal 0 0.815559 0.578675
    outer loop
      vertex -11.5 -5.07293 19.7242
      vertex -21.5 -5.52718 20.3644
      vertex -11.5 -5.52718 20.3644
    endloop
  endfacet
  facet normal 0 0.815559 0.578675
    outer loop
      vertex -21.5 -5.52718 20.3644
      vertex -11.5 -5.07293 19.7242
      vertex -21.5 -5.07293 19.7242
    endloop
  endfacet
  facet normal 0 0.745633 0.666356
    outer loop
      vertex -11.5 -5.52718 20.3644
      vertex -21.5 -6.05025 20.9497
      vertex -11.5 -6.05025 20.9497
    endloop
  endfacet
  facet normal 0 0.745633 0.666356
    outer loop
      vertex -21.5 -6.05025 20.9497
      vertex -11.5 -5.52718 20.3644
      vertex -21.5 -5.52718 20.3644
    endloop
  endfacet
  facet normal 0 0.875213 0.483737
    outer loop
      vertex -11.5 -4.69322 19.0372
      vertex -21.5 -5.07293 19.7242
      vertex -11.5 -5.07293 19.7242
    endloop
  endfacet
  facet normal 0 0.875213 0.483737
    outer loop
      vertex -21.5 -5.07293 19.7242
      vertex -11.5 -4.69322 19.0372
      vertex -21.5 -4.69322 19.0372
    endloop
  endfacet
  facet normal -0 0.666365 0.745626
    outer loop
      vertex -21.5 -6.05025 20.9497
      vertex -11.5 -6.63557 21.4728
      vertex -11.5 -6.05025 20.9497
    endloop
  endfacet
  facet normal 0 0.666365 0.745626
    outer loop
      vertex -11.5 -6.63557 21.4728
      vertex -21.5 -6.05025 20.9497
      vertex -21.5 -6.63557 21.4728
    endloop
  endfacet
  facet normal 0 -0.998428 -0.0560485
    outer loop
      vertex -21.5 -17.956 15.2162
      vertex -11.5 -18 16
      vertex -21.5 -18 16
    endloop
  endfacet
  facet normal 0 -0.998428 -0.0560485
    outer loop
      vertex -11.5 -18 16
      vertex -21.5 -17.956 15.2162
      vertex -11.5 -17.956 15.2162
    endloop
  endfacet
  facet normal 0 -0.985866 -0.167539
    outer loop
      vertex -21.5 -17.8245 14.4424
      vertex -11.5 -17.956 15.2162
      vertex -21.5 -17.956 15.2162
    endloop
  endfacet
  facet normal 0 -0.985866 -0.167539
    outer loop
      vertex -11.5 -17.956 15.2162
      vertex -21.5 -17.8245 14.4424
      vertex -11.5 -17.8245 14.4424
    endloop
  endfacet
  facet normal 0 -0.960931 -0.27679
    outer loop
      vertex -21.5 -17.6072 13.688
      vertex -11.5 -17.8245 14.4424
      vertex -21.5 -17.8245 14.4424
    endloop
  endfacet
  facet normal 0 -0.960931 -0.27679
    outer loop
      vertex -11.5 -17.8245 14.4424
      vertex -21.5 -17.6072 13.688
      vertex -11.5 -17.6072 13.688
    endloop
  endfacet
  facet normal 0 -0.875219 -0.483727
    outer loop
      vertex -21.5 -16.9271 12.2758
      vertex -11.5 -17.3068 12.9628
      vertex -21.5 -17.3068 12.9628
    endloop
  endfacet
  facet normal 0 -0.875219 -0.483727
    outer loop
      vertex -11.5 -17.3068 12.9628
      vertex -21.5 -16.9271 12.2758
      vertex -11.5 -16.9271 12.2758
    endloop
  endfacet
  facet normal 0 -0.998428 0.0560485
    outer loop
      vertex -21.5 -18 16
      vertex -11.5 -17.956 16.7838
      vertex -21.5 -17.956 16.7838
    endloop
  endfacet
  facet normal 0 -0.998428 0.0560485
    outer loop
      vertex -11.5 -17.956 16.7838
      vertex -21.5 -18 16
      vertex -11.5 -18 16
    endloop
  endfacet
  facet normal 0 -0.923874 0.382697
    outer loop
      vertex -21.5 -17.6072 18.312
      vertex -11.5 -17.3068 19.0372
      vertex -21.5 -17.3068 19.0372
    endloop
  endfacet
  facet normal 0 -0.923874 0.382697
    outer loop
      vertex -11.5 -17.3068 19.0372
      vertex -21.5 -17.6072 18.312
      vertex -11.5 -17.6072 18.312
    endloop
  endfacet
  facet normal 0 -0.960931 0.27679
    outer loop
      vertex -21.5 -17.8245 17.5576
      vertex -11.5 -17.6072 18.312
      vertex -21.5 -17.6072 18.312
    endloop
  endfacet
  facet normal 0 -0.960931 0.27679
    outer loop
      vertex -11.5 -17.6072 18.312
      vertex -21.5 -17.8245 17.5576
      vertex -11.5 -17.8245 17.5576
    endloop
  endfacet
  facet normal 0 -0.815528 0.578717
    outer loop
      vertex -21.5 -16.9271 19.7242
      vertex -11.5 -16.4728 20.3644
      vertex -21.5 -16.4728 20.3644
    endloop
  endfacet
  facet normal 0 -0.815528 0.578717
    outer loop
      vertex -11.5 -16.4728 20.3644
      vertex -21.5 -16.9271 19.7242
      vertex -11.5 -16.9271 19.7242
    endloop
  endfacet
  facet normal 0 -0.27679 0.960931
    outer loop
      vertex -21.5 -12.5576 22.8245
      vertex -11.5 -13.312 22.6072
      vertex -11.5 -12.5576 22.8245
    endloop
  endfacet
  facet normal 0 -0.27679 0.960931
    outer loop
      vertex -11.5 -13.312 22.6072
      vertex -21.5 -12.5576 22.8245
      vertex -21.5 -13.312 22.6072
    endloop
  endfacet
  facet normal 0 -0.0560485 0.998428
    outer loop
      vertex -21.5 -11 23
      vertex -11.5 -11.7838 22.956
      vertex -11.5 -11 23
    endloop
  endfacet
  facet normal 0 -0.0560485 0.998428
    outer loop
      vertex -11.5 -11.7838 22.956
      vertex -21.5 -11 23
      vertex -21.5 -11.7838 22.956
    endloop
  endfacet
  facet normal 0 -0.578717 0.815528
    outer loop
      vertex -21.5 -14.7242 21.9271
      vertex -11.5 -15.3644 21.4728
      vertex -11.5 -14.7242 21.9271
    endloop
  endfacet
  facet normal 0 -0.578717 0.815528
    outer loop
      vertex -11.5 -15.3644 21.4728
      vertex -21.5 -14.7242 21.9271
      vertex -21.5 -15.3644 21.4728
    endloop
  endfacet
  facet normal 0 -0.483727 0.875219
    outer loop
      vertex -21.5 -14.0372 22.3068
      vertex -11.5 -14.7242 21.9271
      vertex -11.5 -14.0372 22.3068
    endloop
  endfacet
  facet normal 0 -0.483727 0.875219
    outer loop
      vertex -11.5 -14.7242 21.9271
      vertex -21.5 -14.0372 22.3068
      vertex -21.5 -14.7242 21.9271
    endloop
  endfacet
  facet normal 0 0.875213 -0.483737
    outer loop
      vertex -11.5 -5.07293 12.2758
      vertex -21.5 -4.69322 12.9628
      vertex -11.5 -4.69322 12.9628
    endloop
  endfacet
  facet normal 0 0.875213 -0.483737
    outer loop
      vertex -21.5 -4.69322 12.9628
      vertex -11.5 -5.07293 12.2758
      vertex -21.5 -5.07293 12.2758
    endloop
  endfacet
  facet normal 0 0.960924 -0.276813
    outer loop
      vertex -11.5 -4.39282 13.688
      vertex -21.5 -4.1755 14.4424
      vertex -11.5 -4.1755 14.4424
    endloop
  endfacet
  facet normal 0 0.960924 -0.276813
    outer loop
      vertex -21.5 -4.1755 14.4424
      vertex -11.5 -4.39282 13.688
      vertex -21.5 -4.39282 13.688
    endloop
  endfacet
  facet normal 0 -0.923874 -0.382697
    outer loop
      vertex -21.5 -17.3068 12.9628
      vertex -11.5 -17.6072 13.688
      vertex -21.5 -17.6072 13.688
    endloop
  endfacet
  facet normal 0 -0.923874 -0.382697
    outer loop
      vertex -11.5 -17.6072 13.688
      vertex -21.5 -17.3068 12.9628
      vertex -11.5 -17.3068 12.9628
    endloop
  endfacet
  facet normal 0 -0.815558 -0.578675
    outer loop
      vertex -21.5 -16.6 11.8148
      vertex -11.5 -16.9271 12.2758
      vertex -21.5 -16.9271 12.2758
    endloop
  endfacet
  facet normal 0 -0.815558 -0.578675
    outer loop
      vertex -11.5 -16.9271 12.2758
      vertex -21.5 -16.6 11.8148
      vertex -11.5 -16.6 11.8148
    endloop
  endfacet
  facet normal 0 -0.985866 0.167539
    outer loop
      vertex -21.5 -17.956 16.7838
      vertex -11.5 -17.8245 17.5576
      vertex -21.5 -17.8245 17.5576
    endloop
  endfacet
  facet normal 0 -0.985866 0.167539
    outer loop
      vertex -11.5 -17.8245 17.5576
      vertex -21.5 -17.956 16.7838
      vertex -11.5 -17.956 16.7838
    endloop
  endfacet
  facet normal 0.815554 0 -0.578682
    outer loop
      vertex 4.55326 24 -22.261
      vertex 4.2043 31 -22.7528
      vertex 4.55326 31 -22.261
    endloop
  endfacet
  facet normal 0.815554 0 -0.578682
    outer loop
      vertex 4.2043 31 -22.7528
      vertex 4.55326 24 -22.261
      vertex 4.2043 24 -22.7528
    endloop
  endfacet
  facet normal 0.276928 0 -0.960891
    outer loop
      vertex 1.19661 24 -24.6427
      vertex 1.77607 31 -24.4757
      vertex 1.77607 24 -24.4757
    endloop
  endfacet
  facet normal 0.276928 0 -0.960891
    outer loop
      vertex 1.77607 31 -24.4757
      vertex 1.19661 24 -24.6427
      vertex 1.19661 31 -24.6427
    endloop
  endfacet
  facet normal -0.48372 0 -0.875223
    outer loop
      vertex -2.861 24 -23.9533
      vertex -2.33321 31 -24.245
      vertex -2.33321 24 -24.245
    endloop
  endfacet
  facet normal -0.48372 0 -0.875223
    outer loop
      vertex -2.33321 31 -24.245
      vertex -2.861 24 -23.9533
      vertex -2.861 31 -23.9533
    endloop
  endfacet
  facet normal -0.923873 0 -0.3827
    outer loop
      vertex -4.84496 24 -21.7332
      vertex -5.07573 31 -21.1761
      vertex -4.84496 31 -21.7332
    endloop
  endfacet
  facet normal -0.923873 -0 -0.3827
    outer loop
      vertex -5.07573 31 -21.1761
      vertex -4.84496 24 -21.7332
      vertex -5.07573 24 -21.1761
    endloop
  endfacet
  facet normal 0.985868 -0 0.167523
    outer loop
      vertex 5.24267 24 -18.2034
      vertex 5.34369 31 -18.7979
      vertex 5.24267 31 -18.2034
    endloop
  endfacet
  facet normal 0.985868 0 0.167523
    outer loop
      vertex 5.34369 31 -18.7979
      vertex 5.24267 24 -18.2034
      vertex 5.34369 24 -18.7979
    endloop
  endfacet
  facet normal -0.0560497 0 -0.998428
    outer loop
      vertex -0.602088 24 -24.7437
      vertex 0 31 -24.7775
      vertex 0 24 -24.7775
    endloop
  endfacet
  facet normal -0.0560497 0 -0.998428
    outer loop
      vertex 0 31 -24.7775
      vertex -0.602088 24 -24.7437
      vertex -0.602088 31 -24.7437
    endloop
  endfacet
  facet normal 0.48372 0 -0.875223
    outer loop
      vertex 2.33321 24 -24.245
      vertex 2.861 31 -23.9533
      vertex 2.861 24 -23.9533
    endloop
  endfacet
  facet normal 0.48372 0 -0.875223
    outer loop
      vertex 2.861 31 -23.9533
      vertex 2.33321 24 -24.245
      vertex 2.33321 31 -24.245
    endloop
  endfacet
  facet normal -0.985868 0 -0.167523
    outer loop
      vertex -5.24267 24 -20.5966
      vertex -5.34369 31 -20.0021
      vertex -5.24267 31 -20.5966
    endloop
  endfacet
  facet normal -0.985868 -0 -0.167523
    outer loop
      vertex -5.34369 31 -20.0021
      vertex -5.24267 24 -20.5966
      vertex -5.34369 24 -20.0021
    endloop
  endfacet
  facet normal -0.815554 0 -0.578682
    outer loop
      vertex -4.2043 24 -22.7528
      vertex -4.55326 31 -22.261
      vertex -4.2043 31 -22.7528
    endloop
  endfacet
  facet normal -0.815554 -0 -0.578682
    outer loop
      vertex -4.55326 31 -22.261
      vertex -4.2043 24 -22.7528
      vertex -4.55326 24 -22.261
    endloop
  endfacet
  facet normal -0.276928 0 -0.960891
    outer loop
      vertex -1.77607 24 -24.4757
      vertex -1.19661 31 -24.6427
      vertex -1.19661 24 -24.6427
    endloop
  endfacet
  facet normal -0.276928 0 -0.960891
    outer loop
      vertex -1.19661 31 -24.6427
      vertex -1.77607 24 -24.4757
      vertex -1.77607 31 -24.4757
    endloop
  endfacet
  facet normal -0.74568 0 -0.666304
    outer loop
      vertex -3.80247 24 -23.2025
      vertex -4.2043 31 -22.7528
      vertex -3.80247 31 -23.2025
    endloop
  endfacet
  facet normal -0.74568 -0 -0.666304
    outer loop
      vertex -4.2043 31 -22.7528
      vertex -3.80247 24 -23.2025
      vertex -4.2043 24 -22.7528
    endloop
  endfacet
  facet normal 0.998427 0 -0.0560651
    outer loop
      vertex 5.3775 24 -19.4
      vertex 5.34369 31 -20.0021
      vertex 5.3775 31 -19.4
    endloop
  endfacet
  facet normal 0.998427 0 -0.0560651
    outer loop
      vertex 5.34369 31 -20.0021
      vertex 5.3775 24 -19.4
      vertex 5.34369 24 -20.0021
    endloop
  endfacet
  facet normal -0.666317 0 0.745668
    outer loop
      vertex -3.80247 31 -15.5975
      vertex -3.35282 24 -15.1957
      vertex -3.35282 31 -15.1957
    endloop
  endfacet
  facet normal -0.666317 0 0.745668
    outer loop
      vertex -3.35282 24 -15.1957
      vertex -3.80247 31 -15.5975
      vertex -3.80247 24 -15.5975
    endloop
  endfacet
  facet normal 0.57871 0 0.815533
    outer loop
      vertex 2.861 31 -14.8467
      vertex 3.35282 24 -15.1957
      vertex 3.35282 31 -15.1957
    endloop
  endfacet
  facet normal 0.57871 0 0.815533
    outer loop
      vertex 3.35282 24 -15.1957
      vertex 2.861 31 -14.8467
      vertex 2.861 24 -14.8467
    endloop
  endfacet
  facet normal 0.985868 0 -0.167523
    outer loop
      vertex 5.34369 24 -20.0021
      vertex 5.24267 31 -20.5966
      vertex 5.34369 31 -20.0021
    endloop
  endfacet
  facet normal 0.985868 0 -0.167523
    outer loop
      vertex 5.24267 31 -20.5966
      vertex 5.34369 24 -20.0021
      vertex 5.24267 24 -20.5966
    endloop
  endfacet
  facet normal 0.666317 0 -0.745668
    outer loop
      vertex 3.35282 24 -23.6043
      vertex 3.80247 31 -23.2025
      vertex 3.80247 24 -23.2025
    endloop
  endfacet
  facet normal 0.666317 0 -0.745668
    outer loop
      vertex 3.80247 31 -23.2025
      vertex 3.35282 24 -23.6043
      vertex 3.35282 31 -23.6043
    endloop
  endfacet
  facet normal 0.167485 0 -0.985875
    outer loop
      vertex 0.602088 24 -24.7437
      vertex 1.19661 31 -24.6427
      vertex 1.19661 24 -24.6427
    endloop
  endfacet
  facet normal 0.167485 0 -0.985875
    outer loop
      vertex 1.19661 31 -24.6427
      vertex 0.602088 24 -24.7437
      vertex 0.602088 31 -24.7437
    endloop
  endfacet
  facet normal 0.0560497 0 -0.998428
    outer loop
      vertex 0 24 -24.7775
      vertex 0.602088 31 -24.7437
      vertex 0.602088 24 -24.7437
    endloop
  endfacet
  facet normal 0.0560497 0 -0.998428
    outer loop
      vertex 0.602088 31 -24.7437
      vertex 0 24 -24.7775
      vertex 0 31 -24.7775
    endloop
  endfacet
  facet normal 0.382577 0 -0.923923
    outer loop
      vertex 1.77607 24 -24.4757
      vertex 2.33321 31 -24.245
      vertex 2.33321 24 -24.245
    endloop
  endfacet
  facet normal 0.382577 0 -0.923923
    outer loop
      vertex 2.33321 31 -24.245
      vertex 1.77607 24 -24.4757
      vertex 1.77607 31 -24.4757
    endloop
  endfacet
  facet normal 0.57871 0 -0.815533
    outer loop
      vertex 2.861 24 -23.9533
      vertex 3.35282 31 -23.6043
      vertex 3.35282 24 -23.6043
    endloop
  endfacet
  facet normal 0.57871 0 -0.815533
    outer loop
      vertex 3.35282 31 -23.6043
      vertex 2.861 24 -23.9533
      vertex 2.861 31 -23.9533
    endloop
  endfacet
  facet normal -0.998427 0 -0.0560651
    outer loop
      vertex -5.34369 24 -20.0021
      vertex -5.3775 31 -19.4
      vertex -5.34369 31 -20.0021
    endloop
  endfacet
  facet normal -0.998427 -0 -0.0560651
    outer loop
      vertex -5.3775 31 -19.4
      vertex -5.34369 24 -20.0021
      vertex -5.3775 24 -19.4
    endloop
  endfacet
  facet normal -0.960922 0 -0.276819
    outer loop
      vertex -5.07573 24 -21.1761
      vertex -5.24267 31 -20.5966
      vertex -5.07573 31 -21.1761
    endloop
  endfacet
  facet normal -0.960922 -0 -0.276819
    outer loop
      vertex -5.24267 31 -20.5966
      vertex -5.07573 24 -21.1761
      vertex -5.24267 24 -20.5966
    endloop
  endfacet
  facet normal -0.875227 0 -0.483713
    outer loop
      vertex -4.55326 24 -22.261
      vertex -4.84496 31 -21.7332
      vertex -4.55326 31 -22.261
    endloop
  endfacet
  facet normal -0.875227 -0 -0.483713
    outer loop
      vertex -4.84496 31 -21.7332
      vertex -4.55326 24 -22.261
      vertex -4.84496 24 -21.7332
    endloop
  endfacet
  facet normal -0.382577 0 -0.923923
    outer loop
      vertex -2.33321 24 -24.245
      vertex -1.77607 31 -24.4757
      vertex -1.77607 24 -24.4757
    endloop
  endfacet
  facet normal -0.382577 0 -0.923923
    outer loop
      vertex -1.77607 31 -24.4757
      vertex -2.33321 24 -24.245
      vertex -2.33321 31 -24.245
    endloop
  endfacet
  facet normal -0.167485 0 -0.985875
    outer loop
      vertex -1.19661 24 -24.6427
      vertex -0.602088 31 -24.7437
      vertex -0.602088 24 -24.7437
    endloop
  endfacet
  facet normal -0.167485 0 -0.985875
    outer loop
      vertex -0.602088 31 -24.7437
      vertex -1.19661 24 -24.6427
      vertex -1.19661 31 -24.6427
    endloop
  endfacet
  facet normal -0.666317 0 -0.745668
    outer loop
      vertex -3.80247 24 -23.2025
      vertex -3.35282 31 -23.6043
      vertex -3.35282 24 -23.6043
    endloop
  endfacet
  facet normal -0.666317 0 -0.745668
    outer loop
      vertex -3.35282 31 -23.6043
      vertex -3.80247 24 -23.2025
      vertex -3.80247 31 -23.2025
    endloop
  endfacet
  facet normal -0.57871 0 -0.815533
    outer loop
      vertex -3.35282 24 -23.6043
      vertex -2.861 31 -23.9533
      vertex -2.861 24 -23.9533
    endloop
  endfacet
  facet normal -0.57871 0 -0.815533
    outer loop
      vertex -2.861 31 -23.9533
      vertex -3.35282 24 -23.6043
      vertex -3.35282 31 -23.6043
    endloop
  endfacet
  facet normal 0.998427 -0 0.0560651
    outer loop
      vertex 5.34369 24 -18.7979
      vertex 5.3775 31 -19.4
      vertex 5.34369 31 -18.7979
    endloop
  endfacet
  facet normal 0.998427 0 0.0560651
    outer loop
      vertex 5.3775 31 -19.4
      vertex 5.34369 24 -18.7979
      vertex 5.3775 24 -19.4
    endloop
  endfacet
  facet normal 0.815554 -0 0.578682
    outer loop
      vertex 4.2043 24 -16.0472
      vertex 4.55326 31 -16.539
      vertex 4.2043 31 -16.0472
    endloop
  endfacet
  facet normal 0.815554 0 0.578682
    outer loop
      vertex 4.55326 31 -16.539
      vertex 4.2043 24 -16.0472
      vertex 4.55326 24 -16.539
    endloop
  endfacet
  facet normal -0.815554 0 0.578682
    outer loop
      vertex -4.55326 24 -16.539
      vertex -4.2043 31 -16.0472
      vertex -4.55326 31 -16.539
    endloop
  endfacet
  facet normal -0.815554 0 0.578682
    outer loop
      vertex -4.2043 31 -16.0472
      vertex -4.55326 24 -16.539
      vertex -4.2043 24 -16.0472
    endloop
  endfacet
  facet normal 0.875227 0 -0.483713
    outer loop
      vertex 4.84496 24 -21.7332
      vertex 4.55326 31 -22.261
      vertex 4.84496 31 -21.7332
    endloop
  endfacet
  facet normal 0.875227 0 -0.483713
    outer loop
      vertex 4.55326 31 -22.261
      vertex 4.84496 24 -21.7332
      vertex 4.55326 24 -22.261
    endloop
  endfacet
  facet normal 0.923873 0 -0.3827
    outer loop
      vertex 5.07573 24 -21.1761
      vertex 4.84496 31 -21.7332
      vertex 5.07573 31 -21.1761
    endloop
  endfacet
  facet normal 0.923873 0 -0.3827
    outer loop
      vertex 4.84496 31 -21.7332
      vertex 5.07573 24 -21.1761
      vertex 4.84496 24 -21.7332
    endloop
  endfacet
  facet normal 0.74568 0 -0.666304
    outer loop
      vertex 4.2043 24 -22.7528
      vertex 3.80247 31 -23.2025
      vertex 4.2043 31 -22.7528
    endloop
  endfacet
  facet normal 0.74568 0 -0.666304
    outer loop
      vertex 3.80247 31 -23.2025
      vertex 4.2043 24 -22.7528
      vertex 3.80247 24 -23.2025
    endloop
  endfacet
  facet normal 0 1 0
    outer loop
      vertex 0 31 -17.7
      vertex 0 31 -14.0225
      vertex 0.602088 31 -14.0563
    endloop
  endfacet
  facet normal 0 1 0
    outer loop
      vertex 0.190339 31 -17.7107
      vertex 0.602088 31 -14.0563
      vertex 1.19661 31 -14.1573
    endloop
  endfacet
  facet normal 0 1 0
    outer loop
      vertex 0 31 -14.0225
      vertex 0 31 -17.7
      vertex -0.602088 31 -14.0563
    endloop
  endfacet
  facet normal 0 1 0
    outer loop
      vertex 0.378285 31 -17.7426
      vertex 1.19661 31 -14.1573
      vertex 1.77607 31 -14.3243
    endloop
  endfacet
  facet normal 0 1 -0
    outer loop
      vertex -0.190339 31 -17.7107
      vertex -0.602088 31 -14.0563
      vertex 0 31 -17.7
    endloop
  endfacet
  facet normal 0 1 0
    outer loop
      vertex 0.561474 31 -17.7954
      vertex 1.77607 31 -14.3243
      vertex 2.33321 31 -14.555
    endloop
  endfacet
  facet normal 0 1 0
    outer loop
      vertex -0.602088 31 -14.0563
      vertex -0.190339 31 -17.7107
      vertex -1.19661 31 -14.1573
    endloop
  endfacet
  facet normal 0 1 0
    outer loop
      vertex 0.737602 31 -17.8684
      vertex 2.33321 31 -14.555
      vertex 2.861 31 -14.8467
    endloop
  endfacet
  facet normal 0 1 -0
    outer loop
      vertex -0.378285 31 -17.7426
      vertex -1.19661 31 -14.1573
      vertex -0.190339 31 -17.7107
    endloop
  endfacet
  facet normal 0 1 0
    outer loop
      vertex 0.904454 31 -17.9606
      vertex 2.861 31 -14.8467
      vertex 3.35282 31 -15.1957
    endloop
  endfacet
  facet normal 0 1 0
    outer loop
      vertex -1.19661 31 -14.1573
      vertex -0.378285 31 -17.7426
      vertex -1.77607 31 -14.3243
    endloop
  endfacet
  facet normal 0 1 0
    outer loop
      vertex 1.05993 31 -18.0709
      vertex 3.35282 31 -15.1957
      vertex 3.80247 31 -15.5975
    endloop
  endfacet
  facet normal 0 1 -0
    outer loop
      vertex -0.561474 31 -17.7954
      vertex -1.77607 31 -14.3243
      vertex -0.378285 31 -17.7426
    endloop
  endfacet
  facet normal 0 1 0
    outer loop
      vertex 1.20208 31 -18.1979
      vertex 3.80247 31 -15.5975
      vertex 4.2043 31 -16.0472
    endloop
  endfacet
  facet normal 0 1 0
    outer loop
      vertex -1.77607 31 -14.3243
      vertex -0.561474 31 -17.7954
      vertex -2.33321 31 -14.555
    endloop
  endfacet
  facet normal 0 1 0
    outer loop
      vertex 1.32911 31 -18.3401
      vertex 4.2043 31 -16.0472
      vertex 4.55326 31 -16.539
    endloop
  endfacet
  facet normal 0 1 -0
    outer loop
      vertex -0.737602 31 -17.8684
      vertex -2.33321 31 -14.555
      vertex -0.561474 31 -17.7954
    endloop
  endfacet
  facet normal 0 1 0
    outer loop
      vertex 1.43943 31 -18.4955
      vertex 4.55326 31 -16.539
      vertex 4.84496 31 -17.0668
    endloop
  endfacet
  facet normal 0 1 0
    outer loop
      vertex -2.33321 31 -14.555
      vertex -0.737602 31 -17.8684
      vertex -2.861 31 -14.8467
    endloop
  endfacet
  facet normal 0 1 0
    outer loop
      vertex 1.53165 31 -18.6624
      vertex 4.84496 31 -17.0668
      vertex 5.07573 31 -17.6239
    endloop
  endfacet
  facet normal 0 1 -0
    outer loop
      vertex -0.904454 31 -17.9606
      vertex -2.861 31 -14.8467
      vertex -0.737602 31 -17.8684
    endloop
  endfacet
  facet normal 0 1 0
    outer loop
      vertex -2.861 31 -14.8467
      vertex -0.904454 31 -17.9606
      vertex -3.35282 31 -15.1957
    endloop
  endfacet
  facet normal 0 1 0
    outer loop
      vertex 0.602088 31 -14.0563
      vertex 0.190339 31 -17.7107
      vertex 0 31 -17.7
    endloop
  endfacet
  facet normal 0 1 0
    outer loop
      vertex 1.19661 31 -14.1573
      vertex 0.378285 31 -17.7426
      vertex 0.190339 31 -17.7107
    endloop
  endfacet
  facet normal 0 1 0
    outer loop
      vertex 1.77607 31 -14.3243
      vertex 0.561474 31 -17.7954
      vertex 0.378285 31 -17.7426
    endloop
  endfacet
  facet normal 0 1 0
    outer loop
      vertex 2.33321 31 -14.555
      vertex 0.737602 31 -17.8684
      vertex 0.561474 31 -17.7954
    endloop
  endfacet
  facet normal 0 1 0
    outer loop
      vertex 2.861 31 -14.8467
      vertex 0.904454 31 -17.9606
      vertex 0.737602 31 -17.8684
    endloop
  endfacet
  facet normal 0 1 0
    outer loop
      vertex 3.35282 31 -15.1957
      vertex 1.05993 31 -18.0709
      vertex 0.904454 31 -17.9606
    endloop
  endfacet
  facet normal 0 1 0
    outer loop
      vertex 3.80247 31 -15.5975
      vertex 1.20208 31 -18.1979
      vertex 1.05993 31 -18.0709
    endloop
  endfacet
  facet normal 0 1 0
    outer loop
      vertex 1.6046 31 -18.8385
      vertex 5.07573 31 -17.6239
      vertex 5.24267 31 -18.2034
    endloop
  endfacet
  facet normal 0 1 0
    outer loop
      vertex 4.2043 31 -16.0472
      vertex 1.32911 31 -18.3401
      vertex 1.20208 31 -18.1979
    endloop
  endfacet
  facet normal 0 1 0
    outer loop
      vertex 4.55326 31 -16.539
      vertex 1.43943 31 -18.4955
      vertex 1.32911 31 -18.3401
    endloop
  endfacet
  facet normal 0 1 0
    outer loop
      vertex 4.84496 31 -17.0668
      vertex 1.53165 31 -18.6624
      vertex 1.43943 31 -18.4955
    endloop
  endfacet
  facet normal 0 1 0
    outer loop
      vertex 1.65738 31 -19.0217
      vertex 5.24267 31 -18.2034
      vertex 5.34369 31 -18.7979
    endloop
  endfacet
  facet normal 0 1 0
    outer loop
      vertex 5.07573 31 -17.6239
      vertex 1.6046 31 -18.8385
      vertex 1.53165 31 -18.6624
    endloop
  endfacet
  facet normal 0 1 0
    outer loop
      vertex 5.24267 31 -18.2034
      vertex 1.65738 31 -19.0217
      vertex 1.6046 31 -18.8385
    endloop
  endfacet
  facet normal 0 1 0
    outer loop
      vertex 5.34369 31 -18.7979
      vertex 1.68931 31 -19.2097
      vertex 1.65738 31 -19.0217
    endloop
  endfacet
  facet normal 0 1 0
    outer loop
      vertex 5.3775 31 -19.4
      vertex 1.68931 31 -19.2097
      vertex 5.34369 31 -18.7979
    endloop
  endfacet
  facet normal 0 1 0
    outer loop
      vertex 5.3775 31 -19.4
      vertex 1.7 31 -19.4
      vertex 1.68931 31 -19.2097
    endloop
  endfacet
  facet normal 0 1 0
    outer loop
      vertex 5.3775 31 -19.4
      vertex 1.68931 31 -19.5903
      vertex 1.7 31 -19.4
    endloop
  endfacet
  facet normal 0 1 -0
    outer loop
      vertex 5.34369 31 -20.0021
      vertex 1.68931 31 -19.5903
      vertex 5.3775 31 -19.4
    endloop
  endfacet
  facet normal 0 1 0
    outer loop
      vertex 1.68931 31 -19.5903
      vertex 5.34369 31 -20.0021
      vertex 1.65738 31 -19.7783
    endloop
  endfacet
  facet normal 0 1 -0
    outer loop
      vertex 5.24267 31 -20.5966
      vertex 1.65738 31 -19.7783
      vertex 5.34369 31 -20.0021
    endloop
  endfacet
  facet normal 0 1 0
    outer loop
      vertex 1.65738 31 -19.7783
      vertex 5.24267 31 -20.5966
      vertex 1.6046 31 -19.9615
    endloop
  endfacet
  facet normal 0 1 -0
    outer loop
      vertex 5.07573 31 -21.1761
      vertex 1.6046 31 -19.9615
      vertex 5.24267 31 -20.5966
    endloop
  endfacet
  facet normal 0 1 0
    outer loop
      vertex 1.6046 31 -19.9615
      vertex 5.07573 31 -21.1761
      vertex 1.53165 31 -20.1376
    endloop
  endfacet
  facet normal 0 1 -0
    outer loop
      vertex 4.84496 31 -21.7332
      vertex 1.53165 31 -20.1376
      vertex 5.07573 31 -21.1761
    endloop
  endfacet
  facet normal 0 1 0
    outer loop
      vertex 1.53165 31 -20.1376
      vertex 4.84496 31 -21.7332
      vertex 1.43943 31 -20.3045
    endloop
  endfacet
  facet normal 0 1 -0
    outer loop
      vertex 4.55326 31 -22.261
      vertex 1.43943 31 -20.3045
      vertex 4.84496 31 -21.7332
    endloop
  endfacet
  facet normal 0 1 0
    outer loop
      vertex 1.43943 31 -20.3045
      vertex 4.55326 31 -22.261
      vertex 1.32911 31 -20.4599
    endloop
  endfacet
  facet normal 0 1 -0
    outer loop
      vertex 4.2043 31 -22.7528
      vertex 1.32911 31 -20.4599
      vertex 4.55326 31 -22.261
    endloop
  endfacet
  facet normal 0 1 0
    outer loop
      vertex 1.32911 31 -20.4599
      vertex 4.2043 31 -22.7528
      vertex 1.20208 31 -20.6021
    endloop
  endfacet
  facet normal 0 1 -0
    outer loop
      vertex 3.80247 31 -23.2025
      vertex 1.20208 31 -20.6021
      vertex 4.2043 31 -22.7528
    endloop
  endfacet
  facet normal 0 1 0
    outer loop
      vertex 1.20208 31 -20.6021
      vertex 3.80247 31 -23.2025
      vertex 1.05993 31 -20.7291
    endloop
  endfacet
  facet normal 0 1 0
    outer loop
      vertex 1.05993 31 -20.7291
      vertex 3.35282 31 -23.6043
      vertex 0.904454 31 -20.8394
    endloop
  endfacet
  facet normal 0 1 -0
    outer loop
      vertex 3.35282 31 -23.6043
      vertex 1.05993 31 -20.7291
      vertex 3.80247 31 -23.2025
    endloop
  endfacet
  facet normal 0 1 -0
    outer loop
      vertex -1.05993 31 -18.0709
      vertex -3.35282 31 -15.1957
      vertex -0.904454 31 -17.9606
    endloop
  endfacet
  facet normal 0 1 0
    outer loop
      vertex -3.35282 31 -15.1957
      vertex -1.05993 31 -18.0709
      vertex -3.80247 31 -15.5975
    endloop
  endfacet
  facet normal 0 1 -0
    outer loop
      vertex -1.20208 31 -18.1979
      vertex -3.80247 31 -15.5975
      vertex -1.05993 31 -18.0709
    endloop
  endfacet
  facet normal 0 1 0
    outer loop
      vertex -3.80247 31 -15.5975
      vertex -1.20208 31 -18.1979
      vertex -4.2043 31 -16.0472
    endloop
  endfacet
  facet normal 0 1 -0
    outer loop
      vertex -1.32911 31 -18.3401
      vertex -4.2043 31 -16.0472
      vertex -1.20208 31 -18.1979
    endloop
  endfacet
  facet normal 0 1 0
    outer loop
      vertex -4.2043 31 -16.0472
      vertex -1.32911 31 -18.3401
      vertex -4.55326 31 -16.539
    endloop
  endfacet
  facet normal 0 1 -0
    outer loop
      vertex -1.43943 31 -18.4955
      vertex -4.55326 31 -16.539
      vertex -1.32911 31 -18.3401
    endloop
  endfacet
  facet normal 0 1 0
    outer loop
      vertex -4.55326 31 -16.539
      vertex -1.43943 31 -18.4955
      vertex -4.84496 31 -17.0668
    endloop
  endfacet
  facet normal 0 1 -0
    outer loop
      vertex -1.53165 31 -18.6624
      vertex -4.84496 31 -17.0668
      vertex -1.43943 31 -18.4955
    endloop
  endfacet
  facet normal 0 1 0
    outer loop
      vertex -4.84496 31 -17.0668
      vertex -1.53165 31 -18.6624
      vertex -5.07573 31 -17.6239
    endloop
  endfacet
  facet normal 0 1 -0
    outer loop
      vertex -1.6046 31 -18.8385
      vertex -5.07573 31 -17.6239
      vertex -1.53165 31 -18.6624
    endloop
  endfacet
  facet normal 0 1 0
    outer loop
      vertex -5.07573 31 -17.6239
      vertex -1.6046 31 -18.8385
      vertex -5.24267 31 -18.2034
    endloop
  endfacet
  facet normal 0 1 -0
    outer loop
      vertex -1.65738 31 -19.0217
      vertex -5.24267 31 -18.2034
      vertex -1.6046 31 -18.8385
    endloop
  endfacet
  facet normal 0 1 0
    outer loop
      vertex -5.24267 31 -18.2034
      vertex -1.65738 31 -19.0217
      vertex -5.34369 31 -18.7979
    endloop
  endfacet
  facet normal 0 1 -0
    outer loop
      vertex -1.68931 31 -19.2097
      vertex -5.34369 31 -18.7979
      vertex -1.65738 31 -19.0217
    endloop
  endfacet
  facet normal 0 1 -0
    outer loop
      vertex -1.7 31 -19.4
      vertex -5.34369 31 -18.7979
      vertex -1.68931 31 -19.2097
    endloop
  endfacet
  facet normal 0 1 0
    outer loop
      vertex -1.7 31 -19.4
      vertex -5.3775 31 -19.4
      vertex -5.34369 31 -18.7979
    endloop
  endfacet
  facet normal 0 1 0
    outer loop
      vertex -1.68931 31 -19.5903
      vertex -5.3775 31 -19.4
      vertex -1.7 31 -19.4
    endloop
  endfacet
  facet normal 0 1 0
    outer loop
      vertex -5.34369 31 -20.0021
      vertex -1.68931 31 -19.5903
      vertex -1.65738 31 -19.7783
    endloop
  endfacet
  facet normal 0 1 0
    outer loop
      vertex -5.24267 31 -20.5966
      vertex -1.65738 31 -19.7783
      vertex -1.6046 31 -19.9615
    endloop
  endfacet
  facet normal 0 1 0
    outer loop
      vertex -1.68931 31 -19.5903
      vertex -5.34369 31 -20.0021
      vertex -5.3775 31 -19.4
    endloop
  endfacet
  facet normal 0 1 0
    outer loop
      vertex -5.07573 31 -21.1761
      vertex -1.6046 31 -19.9615
      vertex -1.53165 31 -20.1376
    endloop
  endfacet
  facet normal 0 1 0
    outer loop
      vertex -4.84496 31 -21.7332
      vertex -1.53165 31 -20.1376
      vertex -1.43943 31 -20.3045
    endloop
  endfacet
  facet normal 0 1 0
    outer loop
      vertex -4.55326 31 -22.261
      vertex -1.43943 31 -20.3045
      vertex -1.32911 31 -20.4599
    endloop
  endfacet
  facet normal 0 1 0
    outer loop
      vertex -1.65738 31 -19.7783
      vertex -5.24267 31 -20.5966
      vertex -5.34369 31 -20.0021
    endloop
  endfacet
  facet normal 0 1 0
    outer loop
      vertex -4.2043 31 -22.7528
      vertex -1.32911 31 -20.4599
      vertex -1.20208 31 -20.6021
    endloop
  endfacet
  facet normal 0 1 0
    outer loop
      vertex -3.80247 31 -23.2025
      vertex -1.20208 31 -20.6021
      vertex -1.05993 31 -20.7291
    endloop
  endfacet
  facet normal 0 1 0
    outer loop
      vertex -3.35282 31 -23.6043
      vertex -1.05993 31 -20.7291
      vertex -0.904454 31 -20.8394
    endloop
  endfacet
  facet normal 0 1 0
    outer loop
      vertex -2.861 31 -23.9533
      vertex -0.904454 31 -20.8394
      vertex -0.737602 31 -20.9316
    endloop
  endfacet
  facet normal 0 1 0
    outer loop
      vertex -2.33321 31 -24.245
      vertex -0.737602 31 -20.9316
      vertex -0.561474 31 -21.0046
    endloop
  endfacet
  facet normal 0 1 0
    outer loop
      vertex -1.77607 31 -24.4757
      vertex -0.561474 31 -21.0046
      vertex -0.378285 31 -21.0574
    endloop
  endfacet
  facet normal 0 1 0
    outer loop
      vertex -1.19661 31 -24.6427
      vertex -0.378285 31 -21.0574
      vertex -0.190339 31 -21.0893
    endloop
  endfacet
  facet normal 0 1 0
    outer loop
      vertex -1.6046 31 -19.9615
      vertex -5.07573 31 -21.1761
      vertex -5.24267 31 -20.5966
    endloop
  endfacet
  facet normal 0 1 0
    outer loop
      vertex -0.602088 31 -24.7437
      vertex -0.190339 31 -21.0893
      vertex 0 31 -21.1
    endloop
  endfacet
  facet normal 0 1 -0
    outer loop
      vertex 2.861 31 -23.9533
      vertex 0.904454 31 -20.8394
      vertex 3.35282 31 -23.6043
    endloop
  endfacet
  facet normal 0 1 0
    outer loop
      vertex 0.904454 31 -20.8394
      vertex 2.861 31 -23.9533
      vertex 0.737602 31 -20.9316
    endloop
  endfacet
  facet normal 0 1 0
    outer loop
      vertex -1.53165 31 -20.1376
      vertex -4.84496 31 -21.7332
      vertex -5.07573 31 -21.1761
    endloop
  endfacet
  facet normal 0 1 -0
    outer loop
      vertex 2.33321 31 -24.245
      vertex 0.737602 31 -20.9316
      vertex 2.861 31 -23.9533
    endloop
  endfacet
  facet normal 0 1 0
    outer loop
      vertex -1.43943 31 -20.3045
      vertex -4.55326 31 -22.261
      vertex -4.84496 31 -21.7332
    endloop
  endfacet
  facet normal 0 1 0
    outer loop
      vertex 0.737602 31 -20.9316
      vertex 2.33321 31 -24.245
      vertex 0.561474 31 -21.0046
    endloop
  endfacet
  facet normal 0 1 0
    outer loop
      vertex -1.32911 31 -20.4599
      vertex -4.2043 31 -22.7528
      vertex -4.55326 31 -22.261
    endloop
  endfacet
  facet normal 0 1 -0
    outer loop
      vertex 1.77607 31 -24.4757
      vertex 0.561474 31 -21.0046
      vertex 2.33321 31 -24.245
    endloop
  endfacet
  facet normal 0 1 0
    outer loop
      vertex -1.20208 31 -20.6021
      vertex -3.80247 31 -23.2025
      vertex -4.2043 31 -22.7528
    endloop
  endfacet
  facet normal 0 1 0
    outer loop
      vertex 0.561474 31 -21.0046
      vertex 1.77607 31 -24.4757
      vertex 0.378285 31 -21.0574
    endloop
  endfacet
  facet normal 0 1 0
    outer loop
      vertex -1.05993 31 -20.7291
      vertex -3.35282 31 -23.6043
      vertex -3.80247 31 -23.2025
    endloop
  endfacet
  facet normal 0 1 -0
    outer loop
      vertex 1.19661 31 -24.6427
      vertex 0.378285 31 -21.0574
      vertex 1.77607 31 -24.4757
    endloop
  endfacet
  facet normal 0 1 0
    outer loop
      vertex -0.904454 31 -20.8394
      vertex -2.861 31 -23.9533
      vertex -3.35282 31 -23.6043
    endloop
  endfacet
  facet normal 0 1 0
    outer loop
      vertex 0.378285 31 -21.0574
      vertex 1.19661 31 -24.6427
      vertex 0.190339 31 -21.0893
    endloop
  endfacet
  facet normal 0 1 0
    outer loop
      vertex -0.737602 31 -20.9316
      vertex -2.33321 31 -24.245
      vertex -2.861 31 -23.9533
    endloop
  endfacet
  facet normal 0 1 -0
    outer loop
      vertex 0.602088 31 -24.7437
      vertex 0.190339 31 -21.0893
      vertex 1.19661 31 -24.6427
    endloop
  endfacet
  facet normal 0 1 0
    outer loop
      vertex -0.561474 31 -21.0046
      vertex -1.77607 31 -24.4757
      vertex -2.33321 31 -24.245
    endloop
  endfacet
  facet normal 0 1 0
    outer loop
      vertex 0.190339 31 -21.0893
      vertex 0.602088 31 -24.7437
      vertex 0 31 -21.1
    endloop
  endfacet
  facet normal 0 1 0
    outer loop
      vertex -0.378285 31 -21.0574
      vertex -1.19661 31 -24.6427
      vertex -1.77607 31 -24.4757
    endloop
  endfacet
  facet normal 0 1 0
    outer loop
      vertex 0 31 -24.7775
      vertex 0 31 -21.1
      vertex 0.602088 31 -24.7437
    endloop
  endfacet
  facet normal 0 1 0
    outer loop
      vertex -0.190339 31 -21.0893
      vertex -0.602088 31 -24.7437
      vertex -1.19661 31 -24.6427
    endloop
  endfacet
  facet normal 0 1 0
    outer loop
      vertex 0 31 -21.1
      vertex 0 31 -24.7775
      vertex -0.602088 31 -24.7437
    endloop
  endfacet
  facet normal 0.923873 -0 0.3827
    outer loop
      vertex 4.84496 24 -17.0668
      vertex 5.07573 31 -17.6239
      vertex 4.84496 31 -17.0668
    endloop
  endfacet
  facet normal 0.923873 0 0.3827
    outer loop
      vertex 5.07573 31 -17.6239
      vertex 4.84496 24 -17.0668
      vertex 5.07573 24 -17.6239
    endloop
  endfacet
  facet normal 0.960922 -0 0.276819
    outer loop
      vertex 5.07573 24 -17.6239
      vertex 5.24267 31 -18.2034
      vertex 5.07573 31 -17.6239
    endloop
  endfacet
  facet normal 0.960922 0 0.276819
    outer loop
      vertex 5.24267 31 -18.2034
      vertex 5.07573 24 -17.6239
      vertex 5.24267 24 -18.2034
    endloop
  endfacet
  facet normal 0.875227 -0 0.483713
    outer loop
      vertex 4.55326 24 -16.539
      vertex 4.84496 31 -17.0668
      vertex 4.55326 31 -16.539
    endloop
  endfacet
  facet normal 0.875227 0 0.483713
    outer loop
      vertex 4.84496 31 -17.0668
      vertex 4.55326 24 -16.539
      vertex 4.84496 24 -17.0668
    endloop
  endfacet
  facet normal -0.382577 0 0.923923
    outer loop
      vertex -2.33321 31 -14.555
      vertex -1.77607 24 -14.3243
      vertex -1.77607 31 -14.3243
    endloop
  endfacet
  facet normal -0.382577 0 0.923923
    outer loop
      vertex -1.77607 24 -14.3243
      vertex -2.33321 31 -14.555
      vertex -2.33321 24 -14.555
    endloop
  endfacet
  facet normal -0.0560497 0 0.998428
    outer loop
      vertex -0.602088 31 -14.0563
      vertex 0 24 -14.0225
      vertex 0 31 -14.0225
    endloop
  endfacet
  facet normal -0.0560497 0 0.998428
    outer loop
      vertex 0 24 -14.0225
      vertex -0.602088 31 -14.0563
      vertex -0.602088 24 -14.0563
    endloop
  endfacet
  facet normal -0.998427 0 0.0560651
    outer loop
      vertex -5.3775 24 -19.4
      vertex -5.34369 31 -18.7979
      vertex -5.3775 31 -19.4
    endloop
  endfacet
  facet normal -0.998427 0 0.0560651
    outer loop
      vertex -5.34369 31 -18.7979
      vertex -5.3775 24 -19.4
      vertex -5.34369 24 -18.7979
    endloop
  endfacet
  facet normal -0.960922 0 0.276819
    outer loop
      vertex -5.24267 24 -18.2034
      vertex -5.07573 31 -17.6239
      vertex -5.24267 31 -18.2034
    endloop
  endfacet
  facet normal -0.960922 0 0.276819
    outer loop
      vertex -5.07573 31 -17.6239
      vertex -5.24267 24 -18.2034
      vertex -5.07573 24 -17.6239
    endloop
  endfacet
  facet normal -0.74568 0 0.666304
    outer loop
      vertex -4.2043 24 -16.0472
      vertex -3.80247 31 -15.5975
      vertex -4.2043 31 -16.0472
    endloop
  endfacet
  facet normal -0.74568 0 0.666304
    outer loop
      vertex -3.80247 31 -15.5975
      vertex -4.2043 24 -16.0472
      vertex -3.80247 24 -15.5975
    endloop
  endfacet
  facet normal 0.48372 0 0.875223
    outer loop
      vertex 2.33321 31 -14.555
      vertex 2.861 24 -14.8467
      vertex 2.861 31 -14.8467
    endloop
  endfacet
  facet normal 0.48372 0 0.875223
    outer loop
      vertex 2.861 24 -14.8467
      vertex 2.33321 31 -14.555
      vertex 2.33321 24 -14.555
    endloop
  endfacet
  facet normal 0.382577 0 0.923923
    outer loop
      vertex 1.77607 31 -14.3243
      vertex 2.33321 24 -14.555
      vertex 2.33321 31 -14.555
    endloop
  endfacet
  facet normal 0.382577 0 0.923923
    outer loop
      vertex 2.33321 24 -14.555
      vertex 1.77607 31 -14.3243
      vertex 1.77607 24 -14.3243
    endloop
  endfacet
  facet normal 0.74568 -0 0.666304
    outer loop
      vertex 3.80247 24 -15.5975
      vertex 4.2043 31 -16.0472
      vertex 3.80247 31 -15.5975
    endloop
  endfacet
  facet normal 0.74568 0 0.666304
    outer loop
      vertex 4.2043 31 -16.0472
      vertex 3.80247 24 -15.5975
      vertex 4.2043 24 -16.0472
    endloop
  endfacet
  facet normal 0.960922 0 -0.276819
    outer loop
      vertex 5.24267 24 -20.5966
      vertex 5.07573 31 -21.1761
      vertex 5.24267 31 -20.5966
    endloop
  endfacet
  facet normal 0.960922 0 -0.276819
    outer loop
      vertex 5.07573 31 -21.1761
      vertex 5.24267 24 -20.5966
      vertex 5.07573 24 -21.1761
    endloop
  endfacet
  facet normal 0.0560497 0 0.998428
    outer loop
      vertex 0 31 -14.0225
      vertex 0.602088 24 -14.0563
      vertex 0.602088 31 -14.0563
    endloop
  endfacet
  facet normal 0.0560497 0 0.998428
    outer loop
      vertex 0.602088 24 -14.0563
      vertex 0 31 -14.0225
      vertex 0 24 -14.0225
    endloop
  endfacet
  facet normal -0.48372 0 0.875223
    outer loop
      vertex -2.861 31 -14.8467
      vertex -2.33321 24 -14.555
      vertex -2.33321 31 -14.555
    endloop
  endfacet
  facet normal -0.48372 0 0.875223
    outer loop
      vertex -2.33321 24 -14.555
      vertex -2.861 31 -14.8467
      vertex -2.861 24 -14.8467
    endloop
  endfacet
  facet normal -0.276928 0 0.960891
    outer loop
      vertex -1.77607 31 -14.3243
      vertex -1.19661 24 -14.1573
      vertex -1.19661 31 -14.1573
    endloop
  endfacet
  facet normal -0.276928 0 0.960891
    outer loop
      vertex -1.19661 24 -14.1573
      vertex -1.77607 31 -14.3243
      vertex -1.77607 24 -14.3243
    endloop
  endfacet
  facet normal -0.985868 0 0.167523
    outer loop
      vertex -5.34369 24 -18.7979
      vertex -5.24267 31 -18.2034
      vertex -5.34369 31 -18.7979
    endloop
  endfacet
  facet normal -0.985868 0 0.167523
    outer loop
      vertex -5.24267 31 -18.2034
      vertex -5.34369 24 -18.7979
      vertex -5.24267 24 -18.2034
    endloop
  endfacet
  facet normal -0.875227 0 0.483713
    outer loop
      vertex -4.84496 24 -17.0668
      vertex -4.55326 31 -16.539
      vertex -4.84496 31 -17.0668
    endloop
  endfacet
  facet normal -0.875227 0 0.483713
    outer loop
      vertex -4.55326 31 -16.539
      vertex -4.84496 24 -17.0668
      vertex -4.55326 24 -16.539
    endloop
  endfacet
  facet normal -0.923873 0 0.3827
    outer loop
      vertex -5.07573 24 -17.6239
      vertex -4.84496 31 -17.0668
      vertex -5.07573 31 -17.6239
    endloop
  endfacet
  facet normal -0.923873 0 0.3827
    outer loop
      vertex -4.84496 31 -17.0668
      vertex -5.07573 24 -17.6239
      vertex -4.84496 24 -17.0668
    endloop
  endfacet
  facet normal 0.276928 0 0.960891
    outer loop
      vertex 1.19661 31 -14.1573
      vertex 1.77607 24 -14.3243
      vertex 1.77607 31 -14.3243
    endloop
  endfacet
  facet normal 0.276928 0 0.960891
    outer loop
      vertex 1.77607 24 -14.3243
      vertex 1.19661 31 -14.1573
      vertex 1.19661 24 -14.1573
    endloop
  endfacet
  facet normal 0.167485 0 0.985875
    outer loop
      vertex 0.602088 31 -14.0563
      vertex 1.19661 24 -14.1573
      vertex 1.19661 31 -14.1573
    endloop
  endfacet
  facet normal 0.167485 0 0.985875
    outer loop
      vertex 1.19661 24 -14.1573
      vertex 0.602088 31 -14.0563
      vertex 0.602088 24 -14.0563
    endloop
  endfacet
  facet normal 0.666317 0 0.745668
    outer loop
      vertex 3.35282 31 -15.1957
      vertex 3.80247 24 -15.5975
      vertex 3.80247 31 -15.5975
    endloop
  endfacet
  facet normal 0.666317 0 0.745668
    outer loop
      vertex 3.80247 24 -15.5975
      vertex 3.35282 31 -15.1957
      vertex 3.35282 24 -15.1957
    endloop
  endfacet
  facet normal -0.57871 0 0.815533
    outer loop
      vertex -3.35282 31 -15.1957
      vertex -2.861 24 -14.8467
      vertex -2.861 31 -14.8467
    endloop
  endfacet
  facet normal -0.57871 0 0.815533
    outer loop
      vertex -2.861 24 -14.8467
      vertex -3.35282 31 -15.1957
      vertex -3.35282 24 -15.1957
    endloop
  endfacet
  facet normal -0.167485 0 0.985875
    outer loop
      vertex -1.19661 31 -14.1573
      vertex -0.602088 24 -14.0563
      vertex -0.602088 31 -14.0563
    endloop
  endfacet
  facet normal -0.167485 0 0.985875
    outer loop
      vertex -0.602088 24 -14.0563
      vertex -1.19661 31 -14.1573
      vertex -1.19661 24 -14.1573
    endloop
  endfacet
  facet normal -0.998423 0 0.0561383
    outer loop
      vertex 16.1893 19.7 -36.1903
      vertex 16.2 24 -36
      vertex 16.1893 24 -36.1903
    endloop
  endfacet
  facet normal -0.998423 0 0.0561383
    outer loop
      vertex 16.2 24 -36
      vertex 16.1893 19.7 -36.1903
      vertex 16.2 19.7 -36
    endloop
  endfacet
  facet normal 0.998423 -0 0.0561383
    outer loop
      vertex 12.8 19.7 -36
      vertex 12.8107 24 -36.1903
      vertex 12.8 24 -36
    endloop
  endfacet
  facet normal 0.998423 0 0.0561383
    outer loop
      vertex 12.8107 24 -36.1903
      vertex 12.8 19.7 -36
      vertex 12.8107 19.7 -36.1903
    endloop
  endfacet
  facet normal -0.0561383 0 0.998423
    outer loop
      vertex 14.5 24 -37.7
      vertex 14.6903 19.7 -37.6893
      vertex 14.6903 24 -37.6893
    endloop
  endfacet
  facet normal -0.0561383 0 0.998423
    outer loop
      vertex 14.6903 19.7 -37.6893
      vertex 14.5 24 -37.7
      vertex 14.5 19.7 -37.7
    endloop
  endfacet
  facet normal -0.66612 0 0.745845
    outer loop
      vertex 15.5599 24 -37.3291
      vertex 15.7021 19.7 -37.2021
      vertex 15.7021 24 -37.2021
    endloop
  endfacet
  facet normal -0.66612 0 0.745845
    outer loop
      vertex 15.7021 19.7 -37.2021
      vertex 15.5599 24 -37.3291
      vertex 15.5599 19.7 -37.3291
    endloop
  endfacet
  facet normal 0.66612 0 0.745845
    outer loop
      vertex 13.2979 24 -37.2021
      vertex 13.4401 19.7 -37.3291
      vertex 13.4401 24 -37.3291
    endloop
  endfacet
  facet normal 0.66612 0 0.745845
    outer loop
      vertex 13.4401 19.7 -37.3291
      vertex 13.2979 24 -37.2021
      vertex 13.2979 19.7 -37.2021
    endloop
  endfacet
  facet normal 0.382939 0 0.923774
    outer loop
      vertex 13.7624 24 -37.5316
      vertex 13.9385 19.7 -37.6046
      vertex 13.9385 24 -37.6046
    endloop
  endfacet
  facet normal 0.382939 0 0.923774
    outer loop
      vertex 13.9385 19.7 -37.6046
      vertex 13.7624 24 -37.5316
      vertex 13.7624 19.7 -37.5316
    endloop
  endfacet
  facet normal 0.923774 0 -0.382939
    outer loop
      vertex 12.9684 19.7 -35.2624
      vertex 12.8954 24 -35.4385
      vertex 12.9684 24 -35.2624
    endloop
  endfacet
  facet normal 0.923774 0 -0.382939
    outer loop
      vertex 12.8954 24 -35.4385
      vertex 12.9684 19.7 -35.2624
      vertex 12.8954 19.7 -35.4385
    endloop
  endfacet
  facet normal -0.923774 0 0.382939
    outer loop
      vertex 16.0316 19.7 -36.7376
      vertex 16.1046 24 -36.5615
      vertex 16.0316 24 -36.7376
    endloop
  endfacet
  facet normal -0.923774 0 0.382939
    outer loop
      vertex 16.1046 24 -36.5615
      vertex 16.0316 19.7 -36.7376
      vertex 16.1046 19.7 -36.5615
    endloop
  endfacet
  facet normal -0.985908 0 0.16729
    outer loop
      vertex 16.1574 19.7 -36.3783
      vertex 16.1893 24 -36.1903
      vertex 16.1574 24 -36.3783
    endloop
  endfacet
  facet normal -0.985908 0 0.16729
    outer loop
      vertex 16.1893 24 -36.1903
      vertex 16.1574 19.7 -36.3783
      vertex 16.1893 19.7 -36.1903
    endloop
  endfacet
  facet normal -0.382939 0 0.923774
    outer loop
      vertex 15.0615 24 -37.6046
      vertex 15.2376 19.7 -37.5316
      vertex 15.2376 24 -37.5316
    endloop
  endfacet
  facet normal -0.382939 0 0.923774
    outer loop
      vertex 15.2376 19.7 -37.5316
      vertex 15.0615 24 -37.6046
      vertex 15.0615 19.7 -37.6046
    endloop
  endfacet
  facet normal -0.276937 0 0.960888
    outer loop
      vertex 14.8783 24 -37.6574
      vertex 15.0615 19.7 -37.6046
      vertex 15.0615 24 -37.6046
    endloop
  endfacet
  facet normal -0.276937 0 0.960888
    outer loop
      vertex 15.0615 19.7 -37.6046
      vertex 14.8783 24 -37.6574
      vertex 14.8783 19.7 -37.6574
    endloop
  endfacet
  facet normal -0.483549 0 0.875317
    outer loop
      vertex 15.2376 24 -37.5316
      vertex 15.4045 19.7 -37.4394
      vertex 15.4045 24 -37.4394
    endloop
  endfacet
  facet normal -0.483549 0 0.875317
    outer loop
      vertex 15.4045 19.7 -37.4394
      vertex 15.2376 24 -37.5316
      vertex 15.2376 19.7 -37.5316
    endloop
  endfacet
  facet normal 0.875317 -0 0.483549
    outer loop
      vertex 12.9684 19.7 -36.7376
      vertex 13.0606 24 -36.9045
      vertex 12.9684 24 -36.7376
    endloop
  endfacet
  facet normal 0.875317 0 0.483549
    outer loop
      vertex 13.0606 24 -36.9045
      vertex 12.9684 19.7 -36.7376
      vertex 13.0606 19.7 -36.9045
    endloop
  endfacet
  facet normal 0.745845 -0 0.66612
    outer loop
      vertex 13.1709 19.7 -37.0599
      vertex 13.2979 24 -37.2021
      vertex 13.1709 24 -37.0599
    endloop
  endfacet
  facet normal 0.745845 0 0.66612
    outer loop
      vertex 13.2979 24 -37.2021
      vertex 13.1709 19.7 -37.0599
      vertex 13.2979 19.7 -37.2021
    endloop
  endfacet
  facet normal 0.16729 0 0.985908
    outer loop
      vertex 14.1217 24 -37.6574
      vertex 14.3097 19.7 -37.6893
      vertex 14.3097 24 -37.6893
    endloop
  endfacet
  facet normal 0.16729 0 0.985908
    outer loop
      vertex 14.3097 19.7 -37.6893
      vertex 14.1217 24 -37.6574
      vertex 14.1217 19.7 -37.6574
    endloop
  endfacet
  facet normal 0.66612 0 -0.745845
    outer loop
      vertex 13.2979 19.7 -34.7979
      vertex 13.4401 24 -34.6709
      vertex 13.4401 19.7 -34.6709
    endloop
  endfacet
  facet normal 0.66612 0 -0.745845
    outer loop
      vertex 13.4401 24 -34.6709
      vertex 13.2979 19.7 -34.7979
      vertex 13.2979 24 -34.7979
    endloop
  endfacet
  facet normal -0.960888 0 0.276937
    outer loop
      vertex 16.1046 19.7 -36.5615
      vertex 16.1574 24 -36.3783
      vertex 16.1046 24 -36.5615
    endloop
  endfacet
  facet normal -0.960888 0 0.276937
    outer loop
      vertex 16.1574 24 -36.3783
      vertex 16.1046 19.7 -36.5615
      vertex 16.1574 19.7 -36.3783
    endloop
  endfacet
  facet normal -0.815467 0 0.578803
    outer loop
      vertex 15.8291 19.7 -37.0599
      vertex 15.9394 24 -36.9045
      vertex 15.8291 24 -37.0599
    endloop
  endfacet
  facet normal -0.815467 0 0.578803
    outer loop
      vertex 15.9394 24 -36.9045
      vertex 15.8291 19.7 -37.0599
      vertex 15.9394 19.7 -36.9045
    endloop
  endfacet
  facet normal -0.745845 0 0.66612
    outer loop
      vertex 15.7021 19.7 -37.2021
      vertex 15.8291 24 -37.0599
      vertex 15.7021 24 -37.2021
    endloop
  endfacet
  facet normal -0.745845 0 0.66612
    outer loop
      vertex 15.8291 24 -37.0599
      vertex 15.7021 19.7 -37.2021
      vertex 15.8291 19.7 -37.0599
    endloop
  endfacet
  facet normal -0.875317 0 0.483549
    outer loop
      vertex 15.9394 19.7 -36.9045
      vertex 16.0316 24 -36.7376
      vertex 15.9394 24 -36.9045
    endloop
  endfacet
  facet normal -0.875317 0 0.483549
    outer loop
      vertex 16.0316 24 -36.7376
      vertex 15.9394 19.7 -36.9045
      vertex 16.0316 19.7 -36.7376
    endloop
  endfacet
  facet normal -0.16729 0 0.985908
    outer loop
      vertex 14.6903 24 -37.6893
      vertex 14.8783 19.7 -37.6574
      vertex 14.8783 24 -37.6574
    endloop
  endfacet
  facet normal -0.16729 0 0.985908
    outer loop
      vertex 14.8783 19.7 -37.6574
      vertex 14.6903 24 -37.6893
      vertex 14.6903 19.7 -37.6893
    endloop
  endfacet
  facet normal -0.578803 0 0.815467
    outer loop
      vertex 15.4045 24 -37.4394
      vertex 15.5599 19.7 -37.3291
      vertex 15.5599 24 -37.3291
    endloop
  endfacet
  facet normal -0.578803 0 0.815467
    outer loop
      vertex 15.5599 19.7 -37.3291
      vertex 15.4045 24 -37.4394
      vertex 15.4045 19.7 -37.4394
    endloop
  endfacet
  facet normal 0.960888 -0 0.276937
    outer loop
      vertex 12.8426 19.7 -36.3783
      vertex 12.8954 24 -36.5615
      vertex 12.8426 24 -36.3783
    endloop
  endfacet
  facet normal 0.960888 0 0.276937
    outer loop
      vertex 12.8954 24 -36.5615
      vertex 12.8426 19.7 -36.3783
      vertex 12.8954 19.7 -36.5615
    endloop
  endfacet
  facet normal 0.815467 -0 0.578803
    outer loop
      vertex 13.0606 19.7 -36.9045
      vertex 13.1709 24 -37.0599
      vertex 13.0606 24 -36.9045
    endloop
  endfacet
  facet normal 0.815467 0 0.578803
    outer loop
      vertex 13.1709 24 -37.0599
      vertex 13.0606 19.7 -36.9045
      vertex 13.1709 19.7 -37.0599
    endloop
  endfacet
  facet normal 0.923774 -0 0.382939
    outer loop
      vertex 12.8954 19.7 -36.5615
      vertex 12.9684 24 -36.7376
      vertex 12.8954 24 -36.5615
    endloop
  endfacet
  facet normal 0.923774 0 0.382939
    outer loop
      vertex 12.9684 24 -36.7376
      vertex 12.8954 19.7 -36.5615
      vertex 12.9684 19.7 -36.7376
    endloop
  endfacet
  facet normal 0.985908 -0 0.16729
    outer loop
      vertex 12.8107 19.7 -36.1903
      vertex 12.8426 24 -36.3783
      vertex 12.8107 24 -36.1903
    endloop
  endfacet
  facet normal 0.985908 0 0.16729
    outer loop
      vertex 12.8426 24 -36.3783
      vertex 12.8107 19.7 -36.1903
      vertex 12.8426 19.7 -36.3783
    endloop
  endfacet
  facet normal 0.483549 0 0.875317
    outer loop
      vertex 13.5955 24 -37.4394
      vertex 13.7624 19.7 -37.5316
      vertex 13.7624 24 -37.5316
    endloop
  endfacet
  facet normal 0.483549 0 0.875317
    outer loop
      vertex 13.7624 19.7 -37.5316
      vertex 13.5955 24 -37.4394
      vertex 13.5955 19.7 -37.4394
    endloop
  endfacet
  facet normal 0.578803 0 0.815467
    outer loop
      vertex 13.4401 24 -37.3291
      vertex 13.5955 19.7 -37.4394
      vertex 13.5955 24 -37.4394
    endloop
  endfacet
  facet normal 0.578803 0 0.815467
    outer loop
      vertex 13.5955 19.7 -37.4394
      vertex 13.4401 24 -37.3291
      vertex 13.4401 19.7 -37.3291
    endloop
  endfacet
  facet normal 0.276937 0 0.960888
    outer loop
      vertex 13.9385 24 -37.6046
      vertex 14.1217 19.7 -37.6574
      vertex 14.1217 24 -37.6574
    endloop
  endfacet
  facet normal 0.276937 0 0.960888
    outer loop
      vertex 14.1217 19.7 -37.6574
      vertex 13.9385 24 -37.6046
      vertex 13.9385 19.7 -37.6046
    endloop
  endfacet
  facet normal 0.0561383 0 0.998423
    outer loop
      vertex 14.3097 24 -37.6893
      vertex 14.5 19.7 -37.7
      vertex 14.5 24 -37.7
    endloop
  endfacet
  facet normal 0.0561383 0 0.998423
    outer loop
      vertex 14.5 19.7 -37.7
      vertex 14.3097 24 -37.6893
      vertex 14.3097 19.7 -37.6893
    endloop
  endfacet
  facet normal -0.998423 0 -0.0561383
    outer loop
      vertex 16.2 19.7 -36
      vertex 16.1893 24 -35.8097
      vertex 16.2 24 -36
    endloop
  endfacet
  facet normal -0.998423 -0 -0.0561383
    outer loop
      vertex 16.1893 24 -35.8097
      vertex 16.2 19.7 -36
      vertex 16.1893 19.7 -35.8097
    endloop
  endfacet
  facet normal -0.0561383 0 -0.998423
    outer loop
      vertex 14.5 19.7 -34.3
      vertex 14.6903 24 -34.3107
      vertex 14.6903 19.7 -34.3107
    endloop
  endfacet
  facet normal -0.0561383 0 -0.998423
    outer loop
      vertex 14.6903 24 -34.3107
      vertex 14.5 19.7 -34.3
      vertex 14.5 24 -34.3
    endloop
  endfacet
  facet normal -0.276937 0 -0.960888
    outer loop
      vertex 14.8783 19.7 -34.3426
      vertex 15.0615 24 -34.3954
      vertex 15.0615 19.7 -34.3954
    endloop
  endfacet
  facet normal -0.276937 0 -0.960888
    outer loop
      vertex 15.0615 24 -34.3954
      vertex 14.8783 19.7 -34.3426
      vertex 14.8783 24 -34.3426
    endloop
  endfacet
  facet normal -0.66612 0 -0.745845
    outer loop
      vertex 15.5599 19.7 -34.6709
      vertex 15.7021 24 -34.7979
      vertex 15.7021 19.7 -34.7979
    endloop
  endfacet
  facet normal -0.66612 0 -0.745845
    outer loop
      vertex 15.7021 24 -34.7979
      vertex 15.5599 19.7 -34.6709
      vertex 15.5599 24 -34.6709
    endloop
  endfacet
  facet normal -0.483549 0 -0.875317
    outer loop
      vertex 15.2376 19.7 -34.4684
      vertex 15.4045 24 -34.5606
      vertex 15.4045 19.7 -34.5606
    endloop
  endfacet
  facet normal -0.483549 0 -0.875317
    outer loop
      vertex 15.4045 24 -34.5606
      vertex 15.2376 19.7 -34.4684
      vertex 15.2376 24 -34.4684
    endloop
  endfacet
  facet normal -0.960888 0 -0.276937
    outer loop
      vertex 16.1574 19.7 -35.6217
      vertex 16.1046 24 -35.4385
      vertex 16.1574 24 -35.6217
    endloop
  endfacet
  facet normal -0.960888 -0 -0.276937
    outer loop
      vertex 16.1046 24 -35.4385
      vertex 16.1574 19.7 -35.6217
      vertex 16.1046 19.7 -35.4385
    endloop
  endfacet
  facet normal -0.815467 0 -0.578803
    outer loop
      vertex 15.9394 19.7 -35.0955
      vertex 15.8291 24 -34.9401
      vertex 15.9394 24 -35.0955
    endloop
  endfacet
  facet normal -0.815467 -0 -0.578803
    outer loop
      vertex 15.8291 24 -34.9401
      vertex 15.9394 19.7 -35.0955
      vertex 15.8291 19.7 -34.9401
    endloop
  endfacet
  facet normal 0.578803 0 -0.815467
    outer loop
      vertex 13.4401 19.7 -34.6709
      vertex 13.5955 24 -34.5606
      vertex 13.5955 19.7 -34.5606
    endloop
  endfacet
  facet normal 0.578803 0 -0.815467
    outer loop
      vertex 13.5955 24 -34.5606
      vertex 13.4401 19.7 -34.6709
      vertex 13.4401 24 -34.6709
    endloop
  endfacet
  facet normal 0.382939 0 -0.923774
    outer loop
      vertex 13.7624 19.7 -34.4684
      vertex 13.9385 24 -34.3954
      vertex 13.9385 19.7 -34.3954
    endloop
  endfacet
  facet normal 0.382939 0 -0.923774
    outer loop
      vertex 13.9385 24 -34.3954
      vertex 13.7624 19.7 -34.4684
      vertex 13.7624 24 -34.4684
    endloop
  endfacet
  facet normal 0.16729 0 -0.985908
    outer loop
      vertex 14.1217 19.7 -34.3426
      vertex 14.3097 24 -34.3107
      vertex 14.3097 19.7 -34.3107
    endloop
  endfacet
  facet normal 0.16729 0 -0.985908
    outer loop
      vertex 14.3097 24 -34.3107
      vertex 14.1217 19.7 -34.3426
      vertex 14.1217 24 -34.3426
    endloop
  endfacet
  facet normal 0.875317 0 -0.483549
    outer loop
      vertex 13.0606 19.7 -35.0955
      vertex 12.9684 24 -35.2624
      vertex 13.0606 24 -35.0955
    endloop
  endfacet
  facet normal 0.875317 0 -0.483549
    outer loop
      vertex 12.9684 24 -35.2624
      vertex 13.0606 19.7 -35.0955
      vertex 12.9684 19.7 -35.2624
    endloop
  endfacet
  facet normal 0.745845 0 -0.66612
    outer loop
      vertex 13.2979 19.7 -34.7979
      vertex 13.1709 24 -34.9401
      vertex 13.2979 24 -34.7979
    endloop
  endfacet
  facet normal 0.745845 0 -0.66612
    outer loop
      vertex 13.1709 24 -34.9401
      vertex 13.2979 19.7 -34.7979
      vertex 13.1709 19.7 -34.9401
    endloop
  endfacet
  facet normal 0.960888 0 -0.276937
    outer loop
      vertex 12.8954 19.7 -35.4385
      vertex 12.8426 24 -35.6217
      vertex 12.8954 24 -35.4385
    endloop
  endfacet
  facet normal 0.960888 0 -0.276937
    outer loop
      vertex 12.8426 24 -35.6217
      vertex 12.8954 19.7 -35.4385
      vertex 12.8426 19.7 -35.6217
    endloop
  endfacet
  facet normal 0.998423 0 -0.0561383
    outer loop
      vertex 12.8107 19.7 -35.8097
      vertex 12.8 24 -36
      vertex 12.8107 24 -35.8097
    endloop
  endfacet
  facet normal 0.998423 0 -0.0561383
    outer loop
      vertex 12.8 24 -36
      vertex 12.8107 19.7 -35.8097
      vertex 12.8 19.7 -36
    endloop
  endfacet
  facet normal -0.16729 0 -0.985908
    outer loop
      vertex 14.6903 19.7 -34.3107
      vertex 14.8783 24 -34.3426
      vertex 14.8783 19.7 -34.3426
    endloop
  endfacet
  facet normal -0.16729 0 -0.985908
    outer loop
      vertex 14.8783 24 -34.3426
      vertex 14.6903 19.7 -34.3107
      vertex 14.6903 24 -34.3107
    endloop
  endfacet
  facet normal -0.382939 0 -0.923774
    outer loop
      vertex 15.0615 19.7 -34.3954
      vertex 15.2376 24 -34.4684
      vertex 15.2376 19.7 -34.4684
    endloop
  endfacet
  facet normal -0.382939 0 -0.923774
    outer loop
      vertex 15.2376 24 -34.4684
      vertex 15.0615 19.7 -34.3954
      vertex 15.0615 24 -34.3954
    endloop
  endfacet
  facet normal -0.745845 0 -0.66612
    outer loop
      vertex 15.8291 19.7 -34.9401
      vertex 15.7021 24 -34.7979
      vertex 15.8291 24 -34.9401
    endloop
  endfacet
  facet normal -0.745845 -0 -0.66612
    outer loop
      vertex 15.7021 24 -34.7979
      vertex 15.8291 19.7 -34.9401
      vertex 15.7021 19.7 -34.7979
    endloop
  endfacet
  facet normal -0.578803 0 -0.815467
    outer loop
      vertex 15.4045 19.7 -34.5606
      vertex 15.5599 24 -34.6709
      vertex 15.5599 19.7 -34.6709
    endloop
  endfacet
  facet normal -0.578803 0 -0.815467
    outer loop
      vertex 15.5599 24 -34.6709
      vertex 15.4045 19.7 -34.5606
      vertex 15.4045 24 -34.5606
    endloop
  endfacet
  facet normal -0.923774 0 -0.382939
    outer loop
      vertex 16.1046 19.7 -35.4385
      vertex 16.0316 24 -35.2624
      vertex 16.1046 24 -35.4385
    endloop
  endfacet
  facet normal -0.923774 -0 -0.382939
    outer loop
      vertex 16.0316 24 -35.2624
      vertex 16.1046 19.7 -35.4385
      vertex 16.0316 19.7 -35.2624
    endloop
  endfacet
  facet normal -0.985908 0 -0.16729
    outer loop
      vertex 16.1893 19.7 -35.8097
      vertex 16.1574 24 -35.6217
      vertex 16.1893 24 -35.8097
    endloop
  endfacet
  facet normal -0.985908 -0 -0.16729
    outer loop
      vertex 16.1574 24 -35.6217
      vertex 16.1893 19.7 -35.8097
      vertex 16.1574 19.7 -35.6217
    endloop
  endfacet
  facet normal 0.483549 0 -0.875317
    outer loop
      vertex 13.5955 19.7 -34.5606
      vertex 13.7624 24 -34.4684
      vertex 13.7624 19.7 -34.4684
    endloop
  endfacet
  facet normal 0.483549 0 -0.875317
    outer loop
      vertex 13.7624 24 -34.4684
      vertex 13.5955 19.7 -34.5606
      vertex 13.5955 24 -34.5606
    endloop
  endfacet
  facet normal 0.276937 0 -0.960888
    outer loop
      vertex 13.9385 19.7 -34.3954
      vertex 14.1217 24 -34.3426
      vertex 14.1217 19.7 -34.3426
    endloop
  endfacet
  facet normal 0.276937 0 -0.960888
    outer loop
      vertex 14.1217 24 -34.3426
      vertex 13.9385 19.7 -34.3954
      vertex 13.9385 24 -34.3954
    endloop
  endfacet
  facet normal 0.0561383 0 -0.998423
    outer loop
      vertex 14.3097 19.7 -34.3107
      vertex 14.5 24 -34.3
      vertex 14.5 19.7 -34.3
    endloop
  endfacet
  facet normal 0.0561383 0 -0.998423
    outer loop
      vertex 14.5 24 -34.3
      vertex 14.3097 19.7 -34.3107
      vertex 14.3097 24 -34.3107
    endloop
  endfacet
  facet normal 0.815467 0 -0.578803
    outer loop
      vertex 13.1709 19.7 -34.9401
      vertex 13.0606 24 -35.0955
      vertex 13.1709 24 -34.9401
    endloop
  endfacet
  facet normal 0.815467 0 -0.578803
    outer loop
      vertex 13.0606 24 -35.0955
      vertex 13.1709 19.7 -34.9401
      vertex 13.0606 19.7 -35.0955
    endloop
  endfacet
  facet normal 0.985908 0 -0.16729
    outer loop
      vertex 12.8426 19.7 -35.6217
      vertex 12.8107 24 -35.8097
      vertex 12.8426 24 -35.6217
    endloop
  endfacet
  facet normal 0.985908 0 -0.16729
    outer loop
      vertex 12.8107 24 -35.8097
      vertex 12.8426 19.7 -35.6217
      vertex 12.8107 19.7 -35.8097
    endloop
  endfacet
  facet normal -0.875317 0 -0.483549
    outer loop
      vertex 16.0316 19.7 -35.2624
      vertex 15.9394 24 -35.0955
      vertex 16.0316 24 -35.2624
    endloop
  endfacet
  facet normal -0.875317 -0 -0.483549
    outer loop
      vertex 15.9394 24 -35.0955
      vertex 16.0316 19.7 -35.2624
      vertex 15.9394 19.7 -35.0955
    endloop
  endfacet
  facet normal -0.866019 0 0.500011
    outer loop
      vertex 16.1887 17 -38.925
      vertex 17.8775 19.7 -36
      vertex 16.1887 19.7 -38.925
    endloop
  endfacet
  facet normal -0.866019 0 0.500011
    outer loop
      vertex 17.8775 19.7 -36
      vertex 16.1887 17 -38.925
      vertex 17.8775 17 -36
    endloop
  endfacet
  facet normal 0.866019 -0 0.500011
    outer loop
      vertex 11.1225 17 -36
      vertex 12.8113 19.7 -38.925
      vertex 11.1225 19.7 -36
    endloop
  endfacet
  facet normal 0.866019 0 0.500011
    outer loop
      vertex 12.8113 19.7 -38.925
      vertex 11.1225 17 -36
      vertex 12.8113 17 -38.925
    endloop
  endfacet
  facet normal -0 0 1
    outer loop
      vertex 12.8113 19.7 -38.925
      vertex 16.1887 17 -38.925
      vertex 16.1887 19.7 -38.925
    endloop
  endfacet
  facet normal 0 0 1
    outer loop
      vertex 16.1887 17 -38.925
      vertex 12.8113 19.7 -38.925
      vertex 12.8113 17 -38.925
    endloop
  endfacet
  facet normal 0 -1 0
    outer loop
      vertex 12.8113 19.7 -33.075
      vertex 14.5 19.7 -34.3
      vertex 16.1887 19.7 -33.075
    endloop
  endfacet
  facet normal 0 -1 0
    outer loop
      vertex 12.8113 19.7 -33.075
      vertex 14.3097 19.7 -34.3107
      vertex 14.5 19.7 -34.3
    endloop
  endfacet
  facet normal 0 -1 0
    outer loop
      vertex 12.8113 19.7 -33.075
      vertex 14.1217 19.7 -34.3426
      vertex 14.3097 19.7 -34.3107
    endloop
  endfacet
  facet normal 0 -1 0
    outer loop
      vertex 12.8113 19.7 -33.075
      vertex 13.9385 19.7 -34.3954
      vertex 14.1217 19.7 -34.3426
    endloop
  endfacet
  facet normal 0 -1 0
    outer loop
      vertex 12.8113 19.7 -33.075
      vertex 13.7624 19.7 -34.4684
      vertex 13.9385 19.7 -34.3954
    endloop
  endfacet
  facet normal 0 -1 0
    outer loop
      vertex 12.8113 19.7 -33.075
      vertex 13.5955 19.7 -34.5606
      vertex 13.7624 19.7 -34.4684
    endloop
  endfacet
  facet normal 0 -1 0
    outer loop
      vertex 12.8113 19.7 -33.075
      vertex 13.4401 19.7 -34.6709
      vertex 13.5955 19.7 -34.5606
    endloop
  endfacet
  facet normal 0 -1 0
    outer loop
      vertex 12.8113 19.7 -33.075
      vertex 13.2979 19.7 -34.7979
      vertex 13.4401 19.7 -34.6709
    endloop
  endfacet
  facet normal 0 -1 0
    outer loop
      vertex 12.8113 19.7 -33.075
      vertex 13.1709 19.7 -34.9401
      vertex 13.2979 19.7 -34.7979
    endloop
  endfacet
  facet normal 0 -1 0
    outer loop
      vertex 12.8113 19.7 -33.075
      vertex 13.0606 19.7 -35.0955
      vertex 13.1709 19.7 -34.9401
    endloop
  endfacet
  facet normal 0 -1 0
    outer loop
      vertex 11.1225 19.7 -36
      vertex 13.0606 19.7 -35.0955
      vertex 12.8113 19.7 -33.075
    endloop
  endfacet
  facet normal 0 -1 0
    outer loop
      vertex 13.0606 19.7 -35.0955
      vertex 11.1225 19.7 -36
      vertex 12.9684 19.7 -35.2624
    endloop
  endfacet
  facet normal 0 -1 0
    outer loop
      vertex 12.9684 19.7 -35.2624
      vertex 11.1225 19.7 -36
      vertex 12.8954 19.7 -35.4385
    endloop
  endfacet
  facet normal 0 -1 0
    outer loop
      vertex 12.8954 19.7 -35.4385
      vertex 11.1225 19.7 -36
      vertex 12.8426 19.7 -35.6217
    endloop
  endfacet
  facet normal 0 -1 0
    outer loop
      vertex 12.8426 19.7 -35.6217
      vertex 11.1225 19.7 -36
      vertex 12.8107 19.7 -35.8097
    endloop
  endfacet
  facet normal 0 -1 0
    outer loop
      vertex 11.1225 19.7 -36
      vertex 12.8 19.7 -36
      vertex 12.8107 19.7 -35.8097
    endloop
  endfacet
  facet normal 0 -1 0
    outer loop
      vertex 11.1225 19.7 -36
      vertex 12.8107 19.7 -36.1903
      vertex 12.8 19.7 -36
    endloop
  endfacet
  facet normal 0 -1 0
    outer loop
      vertex 11.1225 19.7 -36
      vertex 12.8426 19.7 -36.3783
      vertex 12.8107 19.7 -36.1903
    endloop
  endfacet
  facet normal 0 -1 0
    outer loop
      vertex 11.1225 19.7 -36
      vertex 12.8954 19.7 -36.5615
      vertex 12.8426 19.7 -36.3783
    endloop
  endfacet
  facet normal 0 -1 0
    outer loop
      vertex 11.1225 19.7 -36
      vertex 12.9684 19.7 -36.7376
      vertex 12.8954 19.7 -36.5615
    endloop
  endfacet
  facet normal 0 -1 0
    outer loop
      vertex 11.1225 19.7 -36
      vertex 13.0606 19.7 -36.9045
      vertex 12.9684 19.7 -36.7376
    endloop
  endfacet
  facet normal 0 -1 0
    outer loop
      vertex 12.8113 19.7 -38.925
      vertex 13.0606 19.7 -36.9045
      vertex 11.1225 19.7 -36
    endloop
  endfacet
  facet normal 0 -1 -0
    outer loop
      vertex 13.0606 19.7 -36.9045
      vertex 12.8113 19.7 -38.925
      vertex 13.1709 19.7 -37.0599
    endloop
  endfacet
  facet normal 0 -1 -0
    outer loop
      vertex 13.1709 19.7 -37.0599
      vertex 12.8113 19.7 -38.925
      vertex 13.2979 19.7 -37.2021
    endloop
  endfacet
  facet normal 0 -1 -0
    outer loop
      vertex 13.2979 19.7 -37.2021
      vertex 12.8113 19.7 -38.925
      vertex 13.4401 19.7 -37.3291
    endloop
  endfacet
  facet normal 0 -1 -0
    outer loop
      vertex 14.3097 19.7 -37.6893
      vertex 12.8113 19.7 -38.925
      vertex 14.5 19.7 -37.7
    endloop
  endfacet
  facet normal 0 -1 -0
    outer loop
      vertex 14.1217 19.7 -37.6574
      vertex 12.8113 19.7 -38.925
      vertex 14.3097 19.7 -37.6893
    endloop
  endfacet
  facet normal 0 -1 -0
    outer loop
      vertex 13.9385 19.7 -37.6046
      vertex 12.8113 19.7 -38.925
      vertex 14.1217 19.7 -37.6574
    endloop
  endfacet
  facet normal 0 -1 -0
    outer loop
      vertex 13.7624 19.7 -37.5316
      vertex 12.8113 19.7 -38.925
      vertex 13.9385 19.7 -37.6046
    endloop
  endfacet
  facet normal 0 -1 -0
    outer loop
      vertex 13.5955 19.7 -37.4394
      vertex 12.8113 19.7 -38.925
      vertex 13.7624 19.7 -37.5316
    endloop
  endfacet
  facet normal 0 -1 -0
    outer loop
      vertex 13.4401 19.7 -37.3291
      vertex 12.8113 19.7 -38.925
      vertex 13.5955 19.7 -37.4394
    endloop
  endfacet
  facet normal 0 -1 0
    outer loop
      vertex 14.6903 19.7 -34.3107
      vertex 16.1887 19.7 -33.075
      vertex 14.5 19.7 -34.3
    endloop
  endfacet
  facet normal 0 -1 0
    outer loop
      vertex 14.8783 19.7 -34.3426
      vertex 16.1887 19.7 -33.075
      vertex 14.6903 19.7 -34.3107
    endloop
  endfacet
  facet normal 0 -1 0
    outer loop
      vertex 15.0615 19.7 -34.3954
      vertex 16.1887 19.7 -33.075
      vertex 14.8783 19.7 -34.3426
    endloop
  endfacet
  facet normal 0 -1 0
    outer loop
      vertex 15.2376 19.7 -34.4684
      vertex 16.1887 19.7 -33.075
      vertex 15.0615 19.7 -34.3954
    endloop
  endfacet
  facet normal 0 -1 0
    outer loop
      vertex 15.4045 19.7 -34.5606
      vertex 16.1887 19.7 -33.075
      vertex 15.2376 19.7 -34.4684
    endloop
  endfacet
  facet normal 0 -1 0
    outer loop
      vertex 15.5599 19.7 -34.6709
      vertex 16.1887 19.7 -33.075
      vertex 15.4045 19.7 -34.5606
    endloop
  endfacet
  facet normal 0 -1 0
    outer loop
      vertex 15.7021 19.7 -34.7979
      vertex 16.1887 19.7 -33.075
      vertex 15.5599 19.7 -34.6709
    endloop
  endfacet
  facet normal 0 -1 0
    outer loop
      vertex 15.8291 19.7 -34.9401
      vertex 16.1887 19.7 -33.075
      vertex 15.7021 19.7 -34.7979
    endloop
  endfacet
  facet normal 0 -1 0
    outer loop
      vertex 15.9394 19.7 -35.0955
      vertex 16.1887 19.7 -33.075
      vertex 15.8291 19.7 -34.9401
    endloop
  endfacet
  facet normal 0 -1 0
    outer loop
      vertex 17.8775 19.7 -36
      vertex 15.9394 19.7 -35.0955
      vertex 16.0316 19.7 -35.2624
    endloop
  endfacet
  facet normal 0 -1 0
    outer loop
      vertex 17.8775 19.7 -36
      vertex 16.0316 19.7 -35.2624
      vertex 16.1046 19.7 -35.4385
    endloop
  endfacet
  facet normal 0 -1 0
    outer loop
      vertex 17.8775 19.7 -36
      vertex 16.1046 19.7 -35.4385
      vertex 16.1574 19.7 -35.6217
    endloop
  endfacet
  facet normal 0 -1 0
    outer loop
      vertex 17.8775 19.7 -36
      vertex 16.1574 19.7 -35.6217
      vertex 16.1893 19.7 -35.8097
    endloop
  endfacet
  facet normal 0 -1 0
    outer loop
      vertex 17.8775 19.7 -36
      vertex 16.1893 19.7 -35.8097
      vertex 16.2 19.7 -36
    endloop
  endfacet
  facet normal 0 -1 0
    outer loop
      vertex 15.9394 19.7 -35.0955
      vertex 17.8775 19.7 -36
      vertex 16.1887 19.7 -33.075
    endloop
  endfacet
  facet normal 0 -1 0
    outer loop
      vertex 16.1893 19.7 -36.1903
      vertex 17.8775 19.7 -36
      vertex 16.2 19.7 -36
    endloop
  endfacet
  facet normal 0 -1 0
    outer loop
      vertex 16.1574 19.7 -36.3783
      vertex 17.8775 19.7 -36
      vertex 16.1893 19.7 -36.1903
    endloop
  endfacet
  facet normal 0 -1 0
    outer loop
      vertex 16.1046 19.7 -36.5615
      vertex 17.8775 19.7 -36
      vertex 16.1574 19.7 -36.3783
    endloop
  endfacet
  facet normal 0 -1 0
    outer loop
      vertex 16.0316 19.7 -36.7376
      vertex 17.8775 19.7 -36
      vertex 16.1046 19.7 -36.5615
    endloop
  endfacet
  facet normal 0 -1 0
    outer loop
      vertex 15.9394 19.7 -36.9045
      vertex 17.8775 19.7 -36
      vertex 16.0316 19.7 -36.7376
    endloop
  endfacet
  facet normal 0 -1 0
    outer loop
      vertex 16.1887 19.7 -38.925
      vertex 15.9394 19.7 -36.9045
      vertex 15.8291 19.7 -37.0599
    endloop
  endfacet
  facet normal 0 -1 0
    outer loop
      vertex 16.1887 19.7 -38.925
      vertex 15.8291 19.7 -37.0599
      vertex 15.7021 19.7 -37.2021
    endloop
  endfacet
  facet normal 0 -1 0
    outer loop
      vertex 16.1887 19.7 -38.925
      vertex 15.7021 19.7 -37.2021
      vertex 15.5599 19.7 -37.3291
    endloop
  endfacet
  facet normal 0 -1 0
    outer loop
      vertex 16.1887 19.7 -38.925
      vertex 15.5599 19.7 -37.3291
      vertex 15.4045 19.7 -37.4394
    endloop
  endfacet
  facet normal 0 -1 0
    outer loop
      vertex 16.1887 19.7 -38.925
      vertex 14.5 19.7 -37.7
      vertex 12.8113 19.7 -38.925
    endloop
  endfacet
  facet normal 0 -1 0
    outer loop
      vertex 14.5 19.7 -37.7
      vertex 16.1887 19.7 -38.925
      vertex 14.6903 19.7 -37.6893
    endloop
  endfacet
  facet normal 0 -1 0
    outer loop
      vertex 14.6903 19.7 -37.6893
      vertex 16.1887 19.7 -38.925
      vertex 14.8783 19.7 -37.6574
    endloop
  endfacet
  facet normal 0 -1 0
    outer loop
      vertex 14.8783 19.7 -37.6574
      vertex 16.1887 19.7 -38.925
      vertex 15.0615 19.7 -37.6046
    endloop
  endfacet
  facet normal 0 -1 0
    outer loop
      vertex 15.0615 19.7 -37.6046
      vertex 16.1887 19.7 -38.925
      vertex 15.2376 19.7 -37.5316
    endloop
  endfacet
  facet normal 0 -1 0
    outer loop
      vertex 15.9394 19.7 -36.9045
      vertex 16.1887 19.7 -38.925
      vertex 17.8775 19.7 -36
    endloop
  endfacet
  facet normal 0 -1 0
    outer loop
      vertex 15.2376 19.7 -37.5316
      vertex 16.1887 19.7 -38.925
      vertex 15.4045 19.7 -37.4394
    endloop
  endfacet
  facet normal -0.866019 0 -0.500011
    outer loop
      vertex 17.8775 17 -36
      vertex 16.1887 19.7 -33.075
      vertex 17.8775 19.7 -36
    endloop
  endfacet
  facet normal -0.866019 -0 -0.500011
    outer loop
      vertex 16.1887 19.7 -33.075
      vertex 17.8775 17 -36
      vertex 16.1887 17 -33.075
    endloop
  endfacet
  facet normal 0 0 -1
    outer loop
      vertex 12.8113 17 -33.075
      vertex 16.1887 19.7 -33.075
      vertex 16.1887 17 -33.075
    endloop
  endfacet
  facet normal -0 0 -1
    outer loop
      vertex 16.1887 19.7 -33.075
      vertex 12.8113 17 -33.075
      vertex 12.8113 19.7 -33.075
    endloop
  endfacet
  facet normal 0.866019 0 -0.500011
    outer loop
      vertex 12.8113 17 -33.075
      vertex 11.1225 19.7 -36
      vertex 12.8113 19.7 -33.075
    endloop
  endfacet
  facet normal 0.866019 0 -0.500011
    outer loop
      vertex 11.1225 19.7 -36
      vertex 12.8113 17 -33.075
      vertex 11.1225 17 -36
    endloop
  endfacet
  facet normal -0.998423 0 0.0561383
    outer loop
      vertex 23.1893 19.7 -36.1903
      vertex 23.2 24 -36
      vertex 23.1893 24 -36.1903
    endloop
  endfacet
  facet normal -0.998423 0 0.0561383
    outer loop
      vertex 23.2 24 -36
      vertex 23.1893 19.7 -36.1903
      vertex 23.2 19.7 -36
    endloop
  endfacet
  facet normal 0.998423 -0 0.0561383
    outer loop
      vertex 19.8 19.7 -36
      vertex 19.8107 24 -36.1903
      vertex 19.8 24 -36
    endloop
  endfacet
  facet normal 0.998423 0 0.0561383
    outer loop
      vertex 19.8107 24 -36.1903
      vertex 19.8 19.7 -36
      vertex 19.8107 19.7 -36.1903
    endloop
  endfacet
  facet normal -0.0561383 0 0.998423
    outer loop
      vertex 21.5 24 -37.7
      vertex 21.6903 19.7 -37.6893
      vertex 21.6903 24 -37.6893
    endloop
  endfacet
  facet normal -0.0561383 0 0.998423
    outer loop
      vertex 21.6903 19.7 -37.6893
      vertex 21.5 24 -37.7
      vertex 21.5 19.7 -37.7
    endloop
  endfacet
  facet normal -0.66612 0 0.745845
    outer loop
      vertex 22.5599 24 -37.3291
      vertex 22.7021 19.7 -37.2021
      vertex 22.7021 24 -37.2021
    endloop
  endfacet
  facet normal -0.66612 0 0.745845
    outer loop
      vertex 22.7021 19.7 -37.2021
      vertex 22.5599 24 -37.3291
      vertex 22.5599 19.7 -37.3291
    endloop
  endfacet
  facet normal 0.66612 0 0.745845
    outer loop
      vertex 20.2979 24 -37.2021
      vertex 20.4401 19.7 -37.3291
      vertex 20.4401 24 -37.3291
    endloop
  endfacet
  facet normal 0.66612 0 0.745845
    outer loop
      vertex 20.4401 19.7 -37.3291
      vertex 20.2979 24 -37.2021
      vertex 20.2979 19.7 -37.2021
    endloop
  endfacet
  facet normal 0.382939 0 0.923774
    outer loop
      vertex 20.7624 24 -37.5316
      vertex 20.9385 19.7 -37.6046
      vertex 20.9385 24 -37.6046
    endloop
  endfacet
  facet normal 0.382939 0 0.923774
    outer loop
      vertex 20.9385 19.7 -37.6046
      vertex 20.7624 24 -37.5316
      vertex 20.7624 19.7 -37.5316
    endloop
  endfacet
  facet normal 0.923774 0 -0.382939
    outer loop
      vertex 19.9684 19.7 -35.2624
      vertex 19.8954 24 -35.4385
      vertex 19.9684 24 -35.2624
    endloop
  endfacet
  facet normal 0.923774 0 -0.382939
    outer loop
      vertex 19.8954 24 -35.4385
      vertex 19.9684 19.7 -35.2624
      vertex 19.8954 19.7 -35.4385
    endloop
  endfacet
  facet normal -0.923774 0 0.382939
    outer loop
      vertex 23.0316 19.7 -36.7376
      vertex 23.1046 24 -36.5615
      vertex 23.0316 24 -36.7376
    endloop
  endfacet
  facet normal -0.923774 0 0.382939
    outer loop
      vertex 23.1046 24 -36.5615
      vertex 23.0316 19.7 -36.7376
      vertex 23.1046 19.7 -36.5615
    endloop
  endfacet
  facet normal -0.985908 0 0.16729
    outer loop
      vertex 23.1574 19.7 -36.3783
      vertex 23.1893 24 -36.1903
      vertex 23.1574 24 -36.3783
    endloop
  endfacet
  facet normal -0.985908 0 0.16729
    outer loop
      vertex 23.1893 24 -36.1903
      vertex 23.1574 19.7 -36.3783
      vertex 23.1893 19.7 -36.1903
    endloop
  endfacet
  facet normal -0.382939 0 0.923774
    outer loop
      vertex 22.0615 24 -37.6046
      vertex 22.2376 19.7 -37.5316
      vertex 22.2376 24 -37.5316
    endloop
  endfacet
  facet normal -0.382939 0 0.923774
    outer loop
      vertex 22.2376 19.7 -37.5316
      vertex 22.0615 24 -37.6046
      vertex 22.0615 19.7 -37.6046
    endloop
  endfacet
  facet normal -0.276937 0 0.960888
    outer loop
      vertex 21.8783 24 -37.6574
      vertex 22.0615 19.7 -37.6046
      vertex 22.0615 24 -37.6046
    endloop
  endfacet
  facet normal -0.276937 0 0.960888
    outer loop
      vertex 22.0615 19.7 -37.6046
      vertex 21.8783 24 -37.6574
      vertex 21.8783 19.7 -37.6574
    endloop
  endfacet
  facet normal -0.483549 0 0.875317
    outer loop
      vertex 22.2376 24 -37.5316
      vertex 22.4045 19.7 -37.4394
      vertex 22.4045 24 -37.4394
    endloop
  endfacet
  facet normal -0.483549 0 0.875317
    outer loop
      vertex 22.4045 19.7 -37.4394
      vertex 22.2376 24 -37.5316
      vertex 22.2376 19.7 -37.5316
    endloop
  endfacet
  facet normal 0.875317 -0 0.483549
    outer loop
      vertex 19.9684 19.7 -36.7376
      vertex 20.0606 24 -36.9045
      vertex 19.9684 24 -36.7376
    endloop
  endfacet
  facet normal 0.875317 0 0.483549
    outer loop
      vertex 20.0606 24 -36.9045
      vertex 19.9684 19.7 -36.7376
      vertex 20.0606 19.7 -36.9045
    endloop
  endfacet
  facet normal 0.745845 -0 0.66612
    outer loop
      vertex 20.1709 19.7 -37.0599
      vertex 20.2979 24 -37.2021
      vertex 20.1709 24 -37.0599
    endloop
  endfacet
  facet normal 0.745845 0 0.66612
    outer loop
      vertex 20.2979 24 -37.2021
      vertex 20.1709 19.7 -37.0599
      vertex 20.2979 19.7 -37.2021
    endloop
  endfacet
  facet normal 0.16729 0 0.985908
    outer loop
      vertex 21.1217 24 -37.6574
      vertex 21.3097 19.7 -37.6893
      vertex 21.3097 24 -37.6893
    endloop
  endfacet
  facet normal 0.16729 0 0.985908
    outer loop
      vertex 21.3097 19.7 -37.6893
      vertex 21.1217 24 -37.6574
      vertex 21.1217 19.7 -37.6574
    endloop
  endfacet
  facet normal 0.66612 0 -0.745845
    outer loop
      vertex 20.2979 19.7 -34.7979
      vertex 20.4401 24 -34.6709
      vertex 20.4401 19.7 -34.6709
    endloop
  endfacet
  facet normal 0.66612 0 -0.745845
    outer loop
      vertex 20.4401 24 -34.6709
      vertex 20.2979 19.7 -34.7979
      vertex 20.2979 24 -34.7979
    endloop
  endfacet
  facet normal -0.960888 0 0.276937
    outer loop
      vertex 23.1046 19.7 -36.5615
      vertex 23.1574 24 -36.3783
      vertex 23.1046 24 -36.5615
    endloop
  endfacet
  facet normal -0.960888 0 0.276937
    outer loop
      vertex 23.1574 24 -36.3783
      vertex 23.1046 19.7 -36.5615
      vertex 23.1574 19.7 -36.3783
    endloop
  endfacet
  facet normal -0.815467 0 0.578803
    outer loop
      vertex 22.8291 19.7 -37.0599
      vertex 22.9394 24 -36.9045
      vertex 22.8291 24 -37.0599
    endloop
  endfacet
  facet normal -0.815467 0 0.578803
    outer loop
      vertex 22.9394 24 -36.9045
      vertex 22.8291 19.7 -37.0599
      vertex 22.9394 19.7 -36.9045
    endloop
  endfacet
  facet normal -0.745845 0 0.66612
    outer loop
      vertex 22.7021 19.7 -37.2021
      vertex 22.8291 24 -37.0599
      vertex 22.7021 24 -37.2021
    endloop
  endfacet
  facet normal -0.745845 0 0.66612
    outer loop
      vertex 22.8291 24 -37.0599
      vertex 22.7021 19.7 -37.2021
      vertex 22.8291 19.7 -37.0599
    endloop
  endfacet
  facet normal -0.875317 0 0.483549
    outer loop
      vertex 22.9394 19.7 -36.9045
      vertex 23.0316 24 -36.7376
      vertex 22.9394 24 -36.9045
    endloop
  endfacet
  facet normal -0.875317 0 0.483549
    outer loop
      vertex 23.0316 24 -36.7376
      vertex 22.9394 19.7 -36.9045
      vertex 23.0316 19.7 -36.7376
    endloop
  endfacet
  facet normal -0.16729 0 0.985908
    outer loop
      vertex 21.6903 24 -37.6893
      vertex 21.8783 19.7 -37.6574
      vertex 21.8783 24 -37.6574
    endloop
  endfacet
  facet normal -0.16729 0 0.985908
    outer loop
      vertex 21.8783 19.7 -37.6574
      vertex 21.6903 24 -37.6893
      vertex 21.6903 19.7 -37.6893
    endloop
  endfacet
  facet normal -0.578803 0 0.815467
    outer loop
      vertex 22.4045 24 -37.4394
      vertex 22.5599 19.7 -37.3291
      vertex 22.5599 24 -37.3291
    endloop
  endfacet
  facet normal -0.578803 0 0.815467
    outer loop
      vertex 22.5599 19.7 -37.3291
      vertex 22.4045 24 -37.4394
      vertex 22.4045 19.7 -37.4394
    endloop
  endfacet
  facet normal 0.960888 -0 0.276937
    outer loop
      vertex 19.8426 19.7 -36.3783
      vertex 19.8954 24 -36.5615
      vertex 19.8426 24 -36.3783
    endloop
  endfacet
  facet normal 0.960888 0 0.276937
    outer loop
      vertex 19.8954 24 -36.5615
      vertex 19.8426 19.7 -36.3783
      vertex 19.8954 19.7 -36.5615
    endloop
  endfacet
  facet normal 0.815467 -0 0.578803
    outer loop
      vertex 20.0606 19.7 -36.9045
      vertex 20.1709 24 -37.0599
      vertex 20.0606 24 -36.9045
    endloop
  endfacet
  facet normal 0.815467 0 0.578803
    outer loop
      vertex 20.1709 24 -37.0599
      vertex 20.0606 19.7 -36.9045
      vertex 20.1709 19.7 -37.0599
    endloop
  endfacet
  facet normal 0.923774 -0 0.382939
    outer loop
      vertex 19.8954 19.7 -36.5615
      vertex 19.9684 24 -36.7376
      vertex 19.8954 24 -36.5615
    endloop
  endfacet
  facet normal 0.923774 0 0.382939
    outer loop
      vertex 19.9684 24 -36.7376
      vertex 19.8954 19.7 -36.5615
      vertex 19.9684 19.7 -36.7376
    endloop
  endfacet
  facet normal 0.985908 -0 0.16729
    outer loop
      vertex 19.8107 19.7 -36.1903
      vertex 19.8426 24 -36.3783
      vertex 19.8107 24 -36.1903
    endloop
  endfacet
  facet normal 0.985908 0 0.16729
    outer loop
      vertex 19.8426 24 -36.3783
      vertex 19.8107 19.7 -36.1903
      vertex 19.8426 19.7 -36.3783
    endloop
  endfacet
  facet normal 0.483549 0 0.875317
    outer loop
      vertex 20.5955 24 -37.4394
      vertex 20.7624 19.7 -37.5316
      vertex 20.7624 24 -37.5316
    endloop
  endfacet
  facet normal 0.483549 0 0.875317
    outer loop
      vertex 20.7624 19.7 -37.5316
      vertex 20.5955 24 -37.4394
      vertex 20.5955 19.7 -37.4394
    endloop
  endfacet
  facet normal 0.578803 0 0.815467
    outer loop
      vertex 20.4401 24 -37.3291
      vertex 20.5955 19.7 -37.4394
      vertex 20.5955 24 -37.4394
    endloop
  endfacet
  facet normal 0.578803 0 0.815467
    outer loop
      vertex 20.5955 19.7 -37.4394
      vertex 20.4401 24 -37.3291
      vertex 20.4401 19.7 -37.3291
    endloop
  endfacet
  facet normal 0.276937 0 0.960888
    outer loop
      vertex 20.9385 24 -37.6046
      vertex 21.1217 19.7 -37.6574
      vertex 21.1217 24 -37.6574
    endloop
  endfacet
  facet normal 0.276937 0 0.960888
    outer loop
      vertex 21.1217 19.7 -37.6574
      vertex 20.9385 24 -37.6046
      vertex 20.9385 19.7 -37.6046
    endloop
  endfacet
  facet normal 0.0561383 0 0.998423
    outer loop
      vertex 21.3097 24 -37.6893
      vertex 21.5 19.7 -37.7
      vertex 21.5 24 -37.7
    endloop
  endfacet
  facet normal 0.0561383 0 0.998423
    outer loop
      vertex 21.5 19.7 -37.7
      vertex 21.3097 24 -37.6893
      vertex 21.3097 19.7 -37.6893
    endloop
  endfacet
  facet normal -0.998423 0 -0.0561383
    outer loop
      vertex 23.2 19.7 -36
      vertex 23.1893 24 -35.8097
      vertex 23.2 24 -36
    endloop
  endfacet
  facet normal -0.998423 -0 -0.0561383
    outer loop
      vertex 23.1893 24 -35.8097
      vertex 23.2 19.7 -36
      vertex 23.1893 19.7 -35.8097
    endloop
  endfacet
  facet normal -0.0561383 0 -0.998423
    outer loop
      vertex 21.5 19.7 -34.3
      vertex 21.6903 24 -34.3107
      vertex 21.6903 19.7 -34.3107
    endloop
  endfacet
  facet normal -0.0561383 0 -0.998423
    outer loop
      vertex 21.6903 24 -34.3107
      vertex 21.5 19.7 -34.3
      vertex 21.5 24 -34.3
    endloop
  endfacet
  facet normal -0.276937 0 -0.960888
    outer loop
      vertex 21.8783 19.7 -34.3426
      vertex 22.0615 24 -34.3954
      vertex 22.0615 19.7 -34.3954
    endloop
  endfacet
  facet normal -0.276937 0 -0.960888
    outer loop
      vertex 22.0615 24 -34.3954
      vertex 21.8783 19.7 -34.3426
      vertex 21.8783 24 -34.3426
    endloop
  endfacet
  facet normal -0.66612 0 -0.745845
    outer loop
      vertex 22.5599 19.7 -34.6709
      vertex 22.7021 24 -34.7979
      vertex 22.7021 19.7 -34.7979
    endloop
  endfacet
  facet normal -0.66612 0 -0.745845
    outer loop
      vertex 22.7021 24 -34.7979
      vertex 22.5599 19.7 -34.6709
      vertex 22.5599 24 -34.6709
    endloop
  endfacet
  facet normal -0.483549 0 -0.875317
    outer loop
      vertex 22.2376 19.7 -34.4684
      vertex 22.4045 24 -34.5606
      vertex 22.4045 19.7 -34.5606
    endloop
  endfacet
  facet normal -0.483549 0 -0.875317
    outer loop
      vertex 22.4045 24 -34.5606
      vertex 22.2376 19.7 -34.4684
      vertex 22.2376 24 -34.4684
    endloop
  endfacet
  facet normal -0.960888 0 -0.276937
    outer loop
      vertex 23.1574 19.7 -35.6217
      vertex 23.1046 24 -35.4385
      vertex 23.1574 24 -35.6217
    endloop
  endfacet
  facet normal -0.960888 -0 -0.276937
    outer loop
      vertex 23.1046 24 -35.4385
      vertex 23.1574 19.7 -35.6217
      vertex 23.1046 19.7 -35.4385
    endloop
  endfacet
  facet normal -0.815467 0 -0.578803
    outer loop
      vertex 22.9394 19.7 -35.0955
      vertex 22.8291 24 -34.9401
      vertex 22.9394 24 -35.0955
    endloop
  endfacet
  facet normal -0.815467 -0 -0.578803
    outer loop
      vertex 22.8291 24 -34.9401
      vertex 22.9394 19.7 -35.0955
      vertex 22.8291 19.7 -34.9401
    endloop
  endfacet
  facet normal 0.578803 0 -0.815467
    outer loop
      vertex 20.4401 19.7 -34.6709
      vertex 20.5955 24 -34.5606
      vertex 20.5955 19.7 -34.5606
    endloop
  endfacet
  facet normal 0.578803 0 -0.815467
    outer loop
      vertex 20.5955 24 -34.5606
      vertex 20.4401 19.7 -34.6709
      vertex 20.4401 24 -34.6709
    endloop
  endfacet
  facet normal 0.382939 0 -0.923774
    outer loop
      vertex 20.7624 19.7 -34.4684
      vertex 20.9385 24 -34.3954
      vertex 20.9385 19.7 -34.3954
    endloop
  endfacet
  facet normal 0.382939 0 -0.923774
    outer loop
      vertex 20.9385 24 -34.3954
      vertex 20.7624 19.7 -34.4684
      vertex 20.7624 24 -34.4684
    endloop
  endfacet
  facet normal 0.16729 0 -0.985908
    outer loop
      vertex 21.1217 19.7 -34.3426
      vertex 21.3097 24 -34.3107
      vertex 21.3097 19.7 -34.3107
    endloop
  endfacet
  facet normal 0.16729 0 -0.985908
    outer loop
      vertex 21.3097 24 -34.3107
      vertex 21.1217 19.7 -34.3426
      vertex 21.1217 24 -34.3426
    endloop
  endfacet
  facet normal 0.875317 0 -0.483549
    outer loop
      vertex 20.0606 19.7 -35.0955
      vertex 19.9684 24 -35.2624
      vertex 20.0606 24 -35.0955
    endloop
  endfacet
  facet normal 0.875317 0 -0.483549
    outer loop
      vertex 19.9684 24 -35.2624
      vertex 20.0606 19.7 -35.0955
      vertex 19.9684 19.7 -35.2624
    endloop
  endfacet
  facet normal 0.745845 0 -0.66612
    outer loop
      vertex 20.2979 19.7 -34.7979
      vertex 20.1709 24 -34.9401
      vertex 20.2979 24 -34.7979
    endloop
  endfacet
  facet normal 0.745845 0 -0.66612
    outer loop
      vertex 20.1709 24 -34.9401
      vertex 20.2979 19.7 -34.7979
      vertex 20.1709 19.7 -34.9401
    endloop
  endfacet
  facet normal 0.960888 0 -0.276937
    outer loop
      vertex 19.8954 19.7 -35.4385
      vertex 19.8426 24 -35.6217
      vertex 19.8954 24 -35.4385
    endloop
  endfacet
  facet normal 0.960888 0 -0.276937
    outer loop
      vertex 19.8426 24 -35.6217
      vertex 19.8954 19.7 -35.4385
      vertex 19.8426 19.7 -35.6217
    endloop
  endfacet
  facet normal 0.998423 0 -0.0561383
    outer loop
      vertex 19.8107 19.7 -35.8097
      vertex 19.8 24 -36
      vertex 19.8107 24 -35.8097
    endloop
  endfacet
  facet normal 0.998423 0 -0.0561383
    outer loop
      vertex 19.8 24 -36
      vertex 19.8107 19.7 -35.8097
      vertex 19.8 19.7 -36
    endloop
  endfacet
  facet normal -0.16729 0 -0.985908
    outer loop
      vertex 21.6903 19.7 -34.3107
      vertex 21.8783 24 -34.3426
      vertex 21.8783 19.7 -34.3426
    endloop
  endfacet
  facet normal -0.16729 0 -0.985908
    outer loop
      vertex 21.8783 24 -34.3426
      vertex 21.6903 19.7 -34.3107
      vertex 21.6903 24 -34.3107
    endloop
  endfacet
  facet normal -0.382939 0 -0.923774
    outer loop
      vertex 22.0615 19.7 -34.3954
      vertex 22.2376 24 -34.4684
      vertex 22.2376 19.7 -34.4684
    endloop
  endfacet
  facet normal -0.382939 0 -0.923774
    outer loop
      vertex 22.2376 24 -34.4684
      vertex 22.0615 19.7 -34.3954
      vertex 22.0615 24 -34.3954
    endloop
  endfacet
  facet normal -0.745845 0 -0.66612
    outer loop
      vertex 22.8291 19.7 -34.9401
      vertex 22.7021 24 -34.7979
      vertex 22.8291 24 -34.9401
    endloop
  endfacet
  facet normal -0.745845 -0 -0.66612
    outer loop
      vertex 22.7021 24 -34.7979
      vertex 22.8291 19.7 -34.9401
      vertex 22.7021 19.7 -34.7979
    endloop
  endfacet
  facet normal -0.578803 0 -0.815467
    outer loop
      vertex 22.4045 19.7 -34.5606
      vertex 22.5599 24 -34.6709
      vertex 22.5599 19.7 -34.6709
    endloop
  endfacet
  facet normal -0.578803 0 -0.815467
    outer loop
      vertex 22.5599 24 -34.6709
      vertex 22.4045 19.7 -34.5606
      vertex 22.4045 24 -34.5606
    endloop
  endfacet
  facet normal -0.923774 0 -0.382939
    outer loop
      vertex 23.1046 19.7 -35.4385
      vertex 23.0316 24 -35.2624
      vertex 23.1046 24 -35.4385
    endloop
  endfacet
  facet normal -0.923774 -0 -0.382939
    outer loop
      vertex 23.0316 24 -35.2624
      vertex 23.1046 19.7 -35.4385
      vertex 23.0316 19.7 -35.2624
    endloop
  endfacet
  facet normal -0.985908 0 -0.16729
    outer loop
      vertex 23.1893 19.7 -35.8097
      vertex 23.1574 24 -35.6217
      vertex 23.1893 24 -35.8097
    endloop
  endfacet
  facet normal -0.985908 -0 -0.16729
    outer loop
      vertex 23.1574 24 -35.6217
      vertex 23.1893 19.7 -35.8097
      vertex 23.1574 19.7 -35.6217
    endloop
  endfacet
  facet normal 0.483549 0 -0.875317
    outer loop
      vertex 20.5955 19.7 -34.5606
      vertex 20.7624 24 -34.4684
      vertex 20.7624 19.7 -34.4684
    endloop
  endfacet
  facet normal 0.483549 0 -0.875317
    outer loop
      vertex 20.7624 24 -34.4684
      vertex 20.5955 19.7 -34.5606
      vertex 20.5955 24 -34.5606
    endloop
  endfacet
  facet normal 0.276937 0 -0.960888
    outer loop
      vertex 20.9385 19.7 -34.3954
      vertex 21.1217 24 -34.3426
      vertex 21.1217 19.7 -34.3426
    endloop
  endfacet
  facet normal 0.276937 0 -0.960888
    outer loop
      vertex 21.1217 24 -34.3426
      vertex 20.9385 19.7 -34.3954
      vertex 20.9385 24 -34.3954
    endloop
  endfacet
  facet normal 0.0561383 0 -0.998423
    outer loop
      vertex 21.3097 19.7 -34.3107
      vertex 21.5 24 -34.3
      vertex 21.5 19.7 -34.3
    endloop
  endfacet
  facet normal 0.0561383 0 -0.998423
    outer loop
      vertex 21.5 24 -34.3
      vertex 21.3097 19.7 -34.3107
      vertex 21.3097 24 -34.3107
    endloop
  endfacet
  facet normal 0.815467 0 -0.578803
    outer loop
      vertex 20.1709 19.7 -34.9401
      vertex 20.0606 24 -35.0955
      vertex 20.1709 24 -34.9401
    endloop
  endfacet
  facet normal 0.815467 0 -0.578803
    outer loop
      vertex 20.0606 24 -35.0955
      vertex 20.1709 19.7 -34.9401
      vertex 20.0606 19.7 -35.0955
    endloop
  endfacet
  facet normal 0.985908 0 -0.16729
    outer loop
      vertex 19.8426 19.7 -35.6217
      vertex 19.8107 24 -35.8097
      vertex 19.8426 24 -35.6217
    endloop
  endfacet
  facet normal 0.985908 0 -0.16729
    outer loop
      vertex 19.8107 24 -35.8097
      vertex 19.8426 19.7 -35.6217
      vertex 19.8107 19.7 -35.8097
    endloop
  endfacet
  facet normal -0.875317 0 -0.483549
    outer loop
      vertex 23.0316 19.7 -35.2624
      vertex 22.9394 24 -35.0955
      vertex 23.0316 24 -35.2624
    endloop
  endfacet
  facet normal -0.875317 -0 -0.483549
    outer loop
      vertex 22.9394 24 -35.0955
      vertex 23.0316 19.7 -35.2624
      vertex 22.9394 19.7 -35.0955
    endloop
  endfacet
  facet normal -0.866019 0 0.500011
    outer loop
      vertex 23.1887 17 -38.925
      vertex 24.8775 19.7 -36
      vertex 23.1887 19.7 -38.925
    endloop
  endfacet
  facet normal -0.866019 0 0.500011
    outer loop
      vertex 24.8775 19.7 -36
      vertex 23.1887 17 -38.925
      vertex 24.8775 17 -36
    endloop
  endfacet
  facet normal 0.866019 -0 0.500011
    outer loop
      vertex 18.1225 17 -36
      vertex 19.8113 19.7 -38.925
      vertex 18.1225 19.7 -36
    endloop
  endfacet
  facet normal 0.866019 0 0.500011
    outer loop
      vertex 19.8113 19.7 -38.925
      vertex 18.1225 17 -36
      vertex 19.8113 17 -38.925
    endloop
  endfacet
  facet normal -0 0 1
    outer loop
      vertex 19.8113 19.7 -38.925
      vertex 23.1887 17 -38.925
      vertex 23.1887 19.7 -38.925
    endloop
  endfacet
  facet normal 0 0 1
    outer loop
      vertex 23.1887 17 -38.925
      vertex 19.8113 19.7 -38.925
      vertex 19.8113 17 -38.925
    endloop
  endfacet
  facet normal 0 -1 0
    outer loop
      vertex 19.8113 19.7 -33.075
      vertex 21.5 19.7 -34.3
      vertex 23.1887 19.7 -33.075
    endloop
  endfacet
  facet normal 0 -1 0
    outer loop
      vertex 19.8113 19.7 -33.075
      vertex 21.3097 19.7 -34.3107
      vertex 21.5 19.7 -34.3
    endloop
  endfacet
  facet normal 0 -1 0
    outer loop
      vertex 19.8113 19.7 -33.075
      vertex 21.1217 19.7 -34.3426
      vertex 21.3097 19.7 -34.3107
    endloop
  endfacet
  facet normal 0 -1 0
    outer loop
      vertex 19.8113 19.7 -33.075
      vertex 20.9385 19.7 -34.3954
      vertex 21.1217 19.7 -34.3426
    endloop
  endfacet
  facet normal 0 -1 0
    outer loop
      vertex 19.8113 19.7 -33.075
      vertex 20.7624 19.7 -34.4684
      vertex 20.9385 19.7 -34.3954
    endloop
  endfacet
  facet normal 0 -1 0
    outer loop
      vertex 19.8113 19.7 -33.075
      vertex 20.5955 19.7 -34.5606
      vertex 20.7624 19.7 -34.4684
    endloop
  endfacet
  facet normal 0 -1 0
    outer loop
      vertex 19.8113 19.7 -33.075
      vertex 20.4401 19.7 -34.6709
      vertex 20.5955 19.7 -34.5606
    endloop
  endfacet
  facet normal 0 -1 0
    outer loop
      vertex 19.8113 19.7 -33.075
      vertex 20.2979 19.7 -34.7979
      vertex 20.4401 19.7 -34.6709
    endloop
  endfacet
  facet normal 0 -1 0
    outer loop
      vertex 19.8113 19.7 -33.075
      vertex 20.1709 19.7 -34.9401
      vertex 20.2979 19.7 -34.7979
    endloop
  endfacet
  facet normal 0 -1 0
    outer loop
      vertex 19.8113 19.7 -33.075
      vertex 20.0606 19.7 -35.0955
      vertex 20.1709 19.7 -34.9401
    endloop
  endfacet
  facet normal 0 -1 0
    outer loop
      vertex 18.1225 19.7 -36
      vertex 20.0606 19.7 -35.0955
      vertex 19.8113 19.7 -33.075
    endloop
  endfacet
  facet normal 0 -1 0
    outer loop
      vertex 20.0606 19.7 -35.0955
      vertex 18.1225 19.7 -36
      vertex 19.9684 19.7 -35.2624
    endloop
  endfacet
  facet normal 0 -1 0
    outer loop
      vertex 19.9684 19.7 -35.2624
      vertex 18.1225 19.7 -36
      vertex 19.8954 19.7 -35.4385
    endloop
  endfacet
  facet normal 0 -1 0
    outer loop
      vertex 19.8954 19.7 -35.4385
      vertex 18.1225 19.7 -36
      vertex 19.8426 19.7 -35.6217
    endloop
  endfacet
  facet normal 0 -1 0
    outer loop
      vertex 19.8426 19.7 -35.6217
      vertex 18.1225 19.7 -36
      vertex 19.8107 19.7 -35.8097
    endloop
  endfacet
  facet normal 0 -1 0
    outer loop
      vertex 18.1225 19.7 -36
      vertex 19.8 19.7 -36
      vertex 19.8107 19.7 -35.8097
    endloop
  endfacet
  facet normal 0 -1 0
    outer loop
      vertex 18.1225 19.7 -36
      vertex 19.8107 19.7 -36.1903
      vertex 19.8 19.7 -36
    endloop
  endfacet
  facet normal 0 -1 0
    outer loop
      vertex 18.1225 19.7 -36
      vertex 19.8426 19.7 -36.3783
      vertex 19.8107 19.7 -36.1903
    endloop
  endfacet
  facet normal 0 -1 0
    outer loop
      vertex 18.1225 19.7 -36
      vertex 19.8954 19.7 -36.5615
      vertex 19.8426 19.7 -36.3783
    endloop
  endfacet
  facet normal 0 -1 0
    outer loop
      vertex 18.1225 19.7 -36
      vertex 19.9684 19.7 -36.7376
      vertex 19.8954 19.7 -36.5615
    endloop
  endfacet
  facet normal 0 -1 0
    outer loop
      vertex 18.1225 19.7 -36
      vertex 20.0606 19.7 -36.9045
      vertex 19.9684 19.7 -36.7376
    endloop
  endfacet
  facet normal 0 -1 0
    outer loop
      vertex 19.8113 19.7 -38.925
      vertex 20.0606 19.7 -36.9045
      vertex 18.1225 19.7 -36
    endloop
  endfacet
  facet normal 0 -1 -0
    outer loop
      vertex 20.0606 19.7 -36.9045
      vertex 19.8113 19.7 -38.925
      vertex 20.1709 19.7 -37.0599
    endloop
  endfacet
  facet normal 0 -1 -0
    outer loop
      vertex 20.1709 19.7 -37.0599
      vertex 19.8113 19.7 -38.925
      vertex 20.2979 19.7 -37.2021
    endloop
  endfacet
  facet normal 0 -1 -0
    outer loop
      vertex 20.2979 19.7 -37.2021
      vertex 19.8113 19.7 -38.925
      vertex 20.4401 19.7 -37.3291
    endloop
  endfacet
  facet normal 0 -1 -0
    outer loop
      vertex 21.3097 19.7 -37.6893
      vertex 19.8113 19.7 -38.925
      vertex 21.5 19.7 -37.7
    endloop
  endfacet
  facet normal 0 -1 -0
    outer loop
      vertex 21.1217 19.7 -37.6574
      vertex 19.8113 19.7 -38.925
      vertex 21.3097 19.7 -37.6893
    endloop
  endfacet
  facet normal 0 -1 -0
    outer loop
      vertex 20.9385 19.7 -37.6046
      vertex 19.8113 19.7 -38.925
      vertex 21.1217 19.7 -37.6574
    endloop
  endfacet
  facet normal 0 -1 -0
    outer loop
      vertex 20.7624 19.7 -37.5316
      vertex 19.8113 19.7 -38.925
      vertex 20.9385 19.7 -37.6046
    endloop
  endfacet
  facet normal 0 -1 -0
    outer loop
      vertex 20.5955 19.7 -37.4394
      vertex 19.8113 19.7 -38.925
      vertex 20.7624 19.7 -37.5316
    endloop
  endfacet
  facet normal 0 -1 -0
    outer loop
      vertex 20.4401 19.7 -37.3291
      vertex 19.8113 19.7 -38.925
      vertex 20.5955 19.7 -37.4394
    endloop
  endfacet
  facet normal 0 -1 0
    outer loop
      vertex 21.6903 19.7 -34.3107
      vertex 23.1887 19.7 -33.075
      vertex 21.5 19.7 -34.3
    endloop
  endfacet
  facet normal 0 -1 0
    outer loop
      vertex 21.8783 19.7 -34.3426
      vertex 23.1887 19.7 -33.075
      vertex 21.6903 19.7 -34.3107
    endloop
  endfacet
  facet normal 0 -1 0
    outer loop
      vertex 22.0615 19.7 -34.3954
      vertex 23.1887 19.7 -33.075
      vertex 21.8783 19.7 -34.3426
    endloop
  endfacet
  facet normal 0 -1 0
    outer loop
      vertex 22.2376 19.7 -34.4684
      vertex 23.1887 19.7 -33.075
      vertex 22.0615 19.7 -34.3954
    endloop
  endfacet
  facet normal 0 -1 0
    outer loop
      vertex 22.4045 19.7 -34.5606
      vertex 23.1887 19.7 -33.075
      vertex 22.2376 19.7 -34.4684
    endloop
  endfacet
  facet normal 0 -1 0
    outer loop
      vertex 22.5599 19.7 -34.6709
      vertex 23.1887 19.7 -33.075
      vertex 22.4045 19.7 -34.5606
    endloop
  endfacet
  facet normal 0 -1 0
    outer loop
      vertex 22.7021 19.7 -34.7979
      vertex 23.1887 19.7 -33.075
      vertex 22.5599 19.7 -34.6709
    endloop
  endfacet
  facet normal 0 -1 0
    outer loop
      vertex 22.8291 19.7 -34.9401
      vertex 23.1887 19.7 -33.075
      vertex 22.7021 19.7 -34.7979
    endloop
  endfacet
  facet normal 0 -1 0
    outer loop
      vertex 22.9394 19.7 -35.0955
      vertex 23.1887 19.7 -33.075
      vertex 22.8291 19.7 -34.9401
    endloop
  endfacet
  facet normal 0 -1 0
    outer loop
      vertex 24.8775 19.7 -36
      vertex 22.9394 19.7 -35.0955
      vertex 23.0316 19.7 -35.2624
    endloop
  endfacet
  facet normal 0 -1 0
    outer loop
      vertex 24.8775 19.7 -36
      vertex 23.0316 19.7 -35.2624
      vertex 23.1046 19.7 -35.4385
    endloop
  endfacet
  facet normal 0 -1 0
    outer loop
      vertex 24.8775 19.7 -36
      vertex 23.1046 19.7 -35.4385
      vertex 23.1574 19.7 -35.6217
    endloop
  endfacet
  facet normal 0 -1 0
    outer loop
      vertex 24.8775 19.7 -36
      vertex 23.1574 19.7 -35.6217
      vertex 23.1893 19.7 -35.8097
    endloop
  endfacet
  facet normal 0 -1 0
    outer loop
      vertex 24.8775 19.7 -36
      vertex 23.1893 19.7 -35.8097
      vertex 23.2 19.7 -36
    endloop
  endfacet
  facet normal 0 -1 0
    outer loop
      vertex 22.9394 19.7 -35.0955
      vertex 24.8775 19.7 -36
      vertex 23.1887 19.7 -33.075
    endloop
  endfacet
  facet normal 0 -1 0
    outer loop
      vertex 23.1893 19.7 -36.1903
      vertex 24.8775 19.7 -36
      vertex 23.2 19.7 -36
    endloop
  endfacet
  facet normal 0 -1 0
    outer loop
      vertex 23.1574 19.7 -36.3783
      vertex 24.8775 19.7 -36
      vertex 23.1893 19.7 -36.1903
    endloop
  endfacet
  facet normal 0 -1 0
    outer loop
      vertex 23.1046 19.7 -36.5615
      vertex 24.8775 19.7 -36
      vertex 23.1574 19.7 -36.3783
    endloop
  endfacet
  facet normal 0 -1 0
    outer loop
      vertex 23.0316 19.7 -36.7376
      vertex 24.8775 19.7 -36
      vertex 23.1046 19.7 -36.5615
    endloop
  endfacet
  facet normal 0 -1 0
    outer loop
      vertex 22.9394 19.7 -36.9045
      vertex 24.8775 19.7 -36
      vertex 23.0316 19.7 -36.7376
    endloop
  endfacet
  facet normal 0 -1 0
    outer loop
      vertex 23.1887 19.7 -38.925
      vertex 22.9394 19.7 -36.9045
      vertex 22.8291 19.7 -37.0599
    endloop
  endfacet
  facet normal 0 -1 0
    outer loop
      vertex 23.1887 19.7 -38.925
      vertex 22.8291 19.7 -37.0599
      vertex 22.7021 19.7 -37.2021
    endloop
  endfacet
  facet normal 0 -1 0
    outer loop
      vertex 23.1887 19.7 -38.925
      vertex 22.7021 19.7 -37.2021
      vertex 22.5599 19.7 -37.3291
    endloop
  endfacet
  facet normal 0 -1 0
    outer loop
      vertex 23.1887 19.7 -38.925
      vertex 22.5599 19.7 -37.3291
      vertex 22.4045 19.7 -37.4394
    endloop
  endfacet
  facet normal 0 -1 0
    outer loop
      vertex 23.1887 19.7 -38.925
      vertex 21.5 19.7 -37.7
      vertex 19.8113 19.7 -38.925
    endloop
  endfacet
  facet normal 0 -1 0
    outer loop
      vertex 21.5 19.7 -37.7
      vertex 23.1887 19.7 -38.925
      vertex 21.6903 19.7 -37.6893
    endloop
  endfacet
  facet normal 0 -1 0
    outer loop
      vertex 21.6903 19.7 -37.6893
      vertex 23.1887 19.7 -38.925
      vertex 21.8783 19.7 -37.6574
    endloop
  endfacet
  facet normal 0 -1 0
    outer loop
      vertex 21.8783 19.7 -37.6574
      vertex 23.1887 19.7 -38.925
      vertex 22.0615 19.7 -37.6046
    endloop
  endfacet
  facet normal 0 -1 0
    outer loop
      vertex 22.0615 19.7 -37.6046
      vertex 23.1887 19.7 -38.925
      vertex 22.2376 19.7 -37.5316
    endloop
  endfacet
  facet normal 0 -1 0
    outer loop
      vertex 22.9394 19.7 -36.9045
      vertex 23.1887 19.7 -38.925
      vertex 24.8775 19.7 -36
    endloop
  endfacet
  facet normal 0 -1 0
    outer loop
      vertex 22.2376 19.7 -37.5316
      vertex 23.1887 19.7 -38.925
      vertex 22.4045 19.7 -37.4394
    endloop
  endfacet
  facet normal -0.866019 0 -0.500011
    outer loop
      vertex 24.8775 17 -36
      vertex 23.1887 19.7 -33.075
      vertex 24.8775 19.7 -36
    endloop
  endfacet
  facet normal -0.866019 -0 -0.500011
    outer loop
      vertex 23.1887 19.7 -33.075
      vertex 24.8775 17 -36
      vertex 23.1887 17 -33.075
    endloop
  endfacet
  facet normal 0 0 -1
    outer loop
      vertex 19.8113 17 -33.075
      vertex 23.1887 19.7 -33.075
      vertex 23.1887 17 -33.075
    endloop
  endfacet
  facet normal -0 0 -1
    outer loop
      vertex 23.1887 19.7 -33.075
      vertex 19.8113 17 -33.075
      vertex 19.8113 19.7 -33.075
    endloop
  endfacet
  facet normal 0.866019 0 -0.500011
    outer loop
      vertex 19.8113 17 -33.075
      vertex 18.1225 19.7 -36
      vertex 19.8113 19.7 -33.075
    endloop
  endfacet
  facet normal 0.866019 0 -0.500011
    outer loop
      vertex 18.1225 19.7 -36
      vertex 19.8113 17 -33.075
      vertex 18.1225 17 -36
    endloop
  endfacet
  facet normal -0.998427 -0.0560743 0
    outer loop
      vertex -1.55 6 4.4
      vertex -1.56069 6.19034 5.5
      vertex -1.56069 6.19034 4.4
    endloop
  endfacet
  facet normal -0.998427 -0.0560743 0
    outer loop
      vertex -1.56069 6.19034 5.5
      vertex -1.55 6 4.4
      vertex -1.55 6 5.5
    endloop
  endfacet
  facet normal 0.998427 -0.0560743 0
    outer loop
      vertex -4.95 6 5.5
      vertex -4.93931 6.19034 4.4
      vertex -4.93931 6.19034 5.5
    endloop
  endfacet
  facet normal 0.998427 -0.0560743 0
    outer loop
      vertex -4.93931 6.19034 4.4
      vertex -4.95 6 5.5
      vertex -4.95 6 4.4
    endloop
  endfacet
  facet normal -0.0560743 -0.998427 0
    outer loop
      vertex -3.25 7.7 4.4
      vertex -3.05966 7.68931 5.5
      vertex -3.25 7.7 5.5
    endloop
  endfacet
  facet normal -0.0560743 -0.998427 -0
    outer loop
      vertex -3.05966 7.68931 5.5
      vertex -3.25 7.7 4.4
      vertex -3.05966 7.68931 4.4
    endloop
  endfacet
  facet normal -0.666338 -0.74565 0
    outer loop
      vertex -2.19007 7.32911 4.4
      vertex -2.04792 7.20208 5.5
      vertex -2.19007 7.32911 5.5
    endloop
  endfacet
  facet normal -0.666338 -0.74565 -0
    outer loop
      vertex -2.04792 7.20208 5.5
      vertex -2.19007 7.32911 4.4
      vertex -2.04792 7.20208 4.4
    endloop
  endfacet
  facet normal 0.666338 -0.74565 0
    outer loop
      vertex -4.45208 7.20208 4.4
      vertex -4.30993 7.32911 5.5
      vertex -4.45208 7.20208 5.5
    endloop
  endfacet
  facet normal 0.666338 -0.74565 0
    outer loop
      vertex -4.30993 7.32911 5.5
      vertex -4.45208 7.20208 4.4
      vertex -4.30993 7.32911 4.4
    endloop
  endfacet
  facet normal 0.382659 -0.92389 0
    outer loop
      vertex -3.9876 7.53165 4.4
      vertex -3.81147 7.6046 5.5
      vertex -3.9876 7.53165 5.5
    endloop
  endfacet
  facet normal 0.382659 -0.92389 0
    outer loop
      vertex -3.81147 7.6046 5.5
      vertex -3.9876 7.53165 4.4
      vertex -3.81147 7.6046 4.4
    endloop
  endfacet
  facet normal 0.960908 0.276868 0
    outer loop
      vertex -4.8546 5.43853 5.5
      vertex -4.90738 5.62171 4.4
      vertex -4.90738 5.62171 5.5
    endloop
  endfacet
  facet normal 0.960908 0.276868 0
    outer loop
      vertex -4.90738 5.62171 4.4
      vertex -4.8546 5.43853 5.5
      vertex -4.8546 5.43853 4.4
    endloop
  endfacet
  facet normal -0.92389 -0.382659 0
    outer loop
      vertex -1.6454 6.56147 4.4
      vertex -1.71835 6.7376 5.5
      vertex -1.71835 6.7376 4.4
    endloop
  endfacet
  facet normal -0.92389 -0.382659 0
    outer loop
      vertex -1.71835 6.7376 5.5
      vertex -1.6454 6.56147 4.4
      vertex -1.6454 6.56147 5.5
    endloop
  endfacet
  facet normal -0.985874 -0.167486 0
    outer loop
      vertex -1.56069 6.19034 4.4
      vertex -1.59262 6.37829 5.5
      vertex -1.59262 6.37829 4.4
    endloop
  endfacet
  facet normal -0.985874 -0.167486 0
    outer loop
      vertex -1.59262 6.37829 5.5
      vertex -1.56069 6.19034 4.4
      vertex -1.56069 6.19034 5.5
    endloop
  endfacet
  facet normal -0.382659 -0.92389 0
    outer loop
      vertex -2.68853 7.6046 4.4
      vertex -2.5124 7.53165 5.5
      vertex -2.68853 7.6046 5.5
    endloop
  endfacet
  facet normal -0.382659 -0.92389 -0
    outer loop
      vertex -2.5124 7.53165 5.5
      vertex -2.68853 7.6046 4.4
      vertex -2.5124 7.53165 4.4
    endloop
  endfacet
  facet normal -0.276868 -0.960908 0
    outer loop
      vertex -2.87171 7.65738 4.4
      vertex -2.68853 7.6046 5.5
      vertex -2.87171 7.65738 5.5
    endloop
  endfacet
  facet normal -0.276868 -0.960908 -0
    outer loop
      vertex -2.68853 7.6046 5.5
      vertex -2.87171 7.65738 4.4
      vertex -2.68853 7.6046 4.4
    endloop
  endfacet
  facet normal -0.48374 -0.875212 0
    outer loop
      vertex -2.5124 7.53165 4.4
      vertex -2.34555 7.43943 5.5
      vertex -2.5124 7.53165 5.5
    endloop
  endfacet
  facet normal -0.48374 -0.875212 -0
    outer loop
      vertex -2.34555 7.43943 5.5
      vertex -2.5124 7.53165 4.4
      vertex -2.34555 7.43943 4.4
    endloop
  endfacet
  facet normal 0.815558 -0.578675 0
    outer loop
      vertex -4.68943 6.90445 5.5
      vertex -4.57911 7.05993 4.4
      vertex -4.57911 7.05993 5.5
    endloop
  endfacet
  facet normal 0.815558 -0.578675 0
    outer loop
      vertex -4.57911 7.05993 4.4
      vertex -4.68943 6.90445 5.5
      vertex -4.68943 6.90445 4.4
    endloop
  endfacet
  facet normal 0.74565 -0.666338 0
    outer loop
      vertex -4.57911 7.05993 5.5
      vertex -4.45208 7.20208 4.4
      vertex -4.45208 7.20208 5.5
    endloop
  endfacet
  facet normal 0.74565 -0.666338 0
    outer loop
      vertex -4.45208 7.20208 4.4
      vertex -4.57911 7.05993 5.5
      vertex -4.57911 7.05993 4.4
    endloop
  endfacet
  facet normal 0.578675 -0.815558 0
    outer loop
      vertex -4.30993 7.32911 4.4
      vertex -4.15445 7.43943 5.5
      vertex -4.30993 7.32911 5.5
    endloop
  endfacet
  facet normal 0.578675 -0.815558 0
    outer loop
      vertex -4.15445 7.43943 5.5
      vertex -4.30993 7.32911 4.4
      vertex -4.15445 7.43943 4.4
    endloop
  endfacet
  facet normal 0.167486 -0.985874 0
    outer loop
      vertex -3.62829 7.65738 4.4
      vertex -3.44034 7.68931 5.5
      vertex -3.62829 7.65738 5.5
    endloop
  endfacet
  facet normal 0.167486 -0.985874 0
    outer loop
      vertex -3.44034 7.68931 5.5
      vertex -3.62829 7.65738 4.4
      vertex -3.44034 7.68931 4.4
    endloop
  endfacet
  facet normal -0.276868 0.960908 0
    outer loop
      vertex -2.68853 4.3954 4.4
      vertex -2.87171 4.34262 5.5
      vertex -2.68853 4.3954 5.5
    endloop
  endfacet
  facet normal -0.276868 0.960908 0
    outer loop
      vertex -2.87171 4.34262 5.5
      vertex -2.68853 4.3954 4.4
      vertex -2.87171 4.34262 4.4
    endloop
  endfacet
  facet normal -0.74565 0.666338 0
    outer loop
      vertex -2.04792 4.79792 4.4
      vertex -1.92089 4.94007 5.5
      vertex -1.92089 4.94007 4.4
    endloop
  endfacet
  facet normal -0.74565 0.666338 0
    outer loop
      vertex -1.92089 4.94007 5.5
      vertex -2.04792 4.79792 4.4
      vertex -2.04792 4.79792 5.5
    endloop
  endfacet
  facet normal 0.666338 0.74565 -0
    outer loop
      vertex -4.30993 4.67089 4.4
      vertex -4.45208 4.79792 5.5
      vertex -4.30993 4.67089 5.5
    endloop
  endfacet
  facet normal 0.666338 0.74565 0
    outer loop
      vertex -4.45208 4.79792 5.5
      vertex -4.30993 4.67089 4.4
      vertex -4.45208 4.79792 4.4
    endloop
  endfacet
  facet normal 0.382659 0.92389 -0
    outer loop
      vertex -3.81147 4.3954 4.4
      vertex -3.9876 4.46835 5.5
      vertex -3.81147 4.3954 5.5
    endloop
  endfacet
  facet normal 0.382659 0.92389 0
    outer loop
      vertex -3.9876 4.46835 5.5
      vertex -3.81147 4.3954 4.4
      vertex -3.9876 4.46835 4.4
    endloop
  endfacet
  facet normal 0.74565 0.666338 0
    outer loop
      vertex -4.45208 4.79792 5.5
      vertex -4.57911 4.94007 4.4
      vertex -4.57911 4.94007 5.5
    endloop
  endfacet
  facet normal 0.74565 0.666338 0
    outer loop
      vertex -4.57911 4.94007 4.4
      vertex -4.45208 4.79792 5.5
      vertex -4.45208 4.79792 4.4
    endloop
  endfacet
  facet normal -0.960908 -0.276868 0
    outer loop
      vertex -1.59262 6.37829 4.4
      vertex -1.6454 6.56147 5.5
      vertex -1.6454 6.56147 4.4
    endloop
  endfacet
  facet normal -0.960908 -0.276868 0
    outer loop
      vertex -1.6454 6.56147 5.5
      vertex -1.59262 6.37829 4.4
      vertex -1.59262 6.37829 5.5
    endloop
  endfacet
  facet normal -0.815558 -0.578675 0
    outer loop
      vertex -1.81057 6.90445 4.4
      vertex -1.92089 7.05993 5.5
      vertex -1.92089 7.05993 4.4
    endloop
  endfacet
  facet normal -0.815558 -0.578675 0
    outer loop
      vertex -1.92089 7.05993 5.5
      vertex -1.81057 6.90445 4.4
      vertex -1.81057 6.90445 5.5
    endloop
  endfacet
  facet normal -0.875212 -0.48374 0
    outer loop
      vertex -1.71835 6.7376 4.4
      vertex -1.81057 6.90445 5.5
      vertex -1.81057 6.90445 4.4
    endloop
  endfacet
  facet normal -0.875212 -0.48374 0
    outer loop
      vertex -1.81057 6.90445 5.5
      vertex -1.71835 6.7376 4.4
      vertex -1.71835 6.7376 5.5
    endloop
  endfacet
  facet normal -0.167486 -0.985874 0
    outer loop
      vertex -3.05966 7.68931 4.4
      vertex -2.87171 7.65738 5.5
      vertex -3.05966 7.68931 5.5
    endloop
  endfacet
  facet normal -0.167486 -0.985874 -0
    outer loop
      vertex -2.87171 7.65738 5.5
      vertex -3.05966 7.68931 4.4
      vertex -2.87171 7.65738 4.4
    endloop
  endfacet
  facet normal -0.578675 -0.815558 0
    outer loop
      vertex -2.34555 7.43943 4.4
      vertex -2.19007 7.32911 5.5
      vertex -2.34555 7.43943 5.5
    endloop
  endfacet
  facet normal -0.578675 -0.815558 -0
    outer loop
      vertex -2.19007 7.32911 5.5
      vertex -2.34555 7.43943 4.4
      vertex -2.19007 7.32911 4.4
    endloop
  endfacet
  facet normal 0.960908 -0.276868 0
    outer loop
      vertex -4.90738 6.37829 5.5
      vertex -4.8546 6.56147 4.4
      vertex -4.8546 6.56147 5.5
    endloop
  endfacet
  facet normal 0.960908 -0.276868 0
    outer loop
      vertex -4.8546 6.56147 4.4
      vertex -4.90738 6.37829 5.5
      vertex -4.90738 6.37829 4.4
    endloop
  endfacet
  facet normal 0.875212 -0.48374 0
    outer loop
      vertex -4.78165 6.7376 5.5
      vertex -4.68943 6.90445 4.4
      vertex -4.68943 6.90445 5.5
    endloop
  endfacet
  facet normal 0.875212 -0.48374 0
    outer loop
      vertex -4.68943 6.90445 4.4
      vertex -4.78165 6.7376 5.5
      vertex -4.78165 6.7376 4.4
    endloop
  endfacet
  facet normal 0.985874 -0.167486 0
    outer loop
      vertex -4.93931 6.19034 5.5
      vertex -4.90738 6.37829 4.4
      vertex -4.90738 6.37829 5.5
    endloop
  endfacet
  facet normal 0.985874 -0.167486 0
    outer loop
      vertex -4.90738 6.37829 4.4
      vertex -4.93931 6.19034 5.5
      vertex -4.93931 6.19034 4.4
    endloop
  endfacet
  facet normal 0.0560743 -0.998427 0
    outer loop
      vertex -3.44034 7.68931 4.4
      vertex -3.25 7.7 5.5
      vertex -3.44034 7.68931 5.5
    endloop
  endfacet
  facet normal 0.0560743 -0.998427 0
    outer loop
      vertex -3.25 7.7 5.5
      vertex -3.44034 7.68931 4.4
      vertex -3.25 7.7 4.4
    endloop
  endfacet
  facet normal -0.0560743 0.998427 0
    outer loop
      vertex -3.05966 4.31069 4.4
      vertex -3.25 4.3 5.5
      vertex -3.05966 4.31069 5.5
    endloop
  endfacet
  facet normal -0.0560743 0.998427 0
    outer loop
      vertex -3.25 4.3 5.5
      vertex -3.05966 4.31069 4.4
      vertex -3.25 4.3 4.4
    endloop
  endfacet
  facet normal -0.48374 0.875212 0
    outer loop
      vertex -2.34555 4.56057 4.4
      vertex -2.5124 4.46835 5.5
      vertex -2.34555 4.56057 5.5
    endloop
  endfacet
  facet normal -0.48374 0.875212 0
    outer loop
      vertex -2.5124 4.46835 5.5
      vertex -2.34555 4.56057 4.4
      vertex -2.5124 4.46835 4.4
    endloop
  endfacet
  facet normal -0.666338 0.74565 0
    outer loop
      vertex -2.04792 4.79792 4.4
      vertex -2.19007 4.67089 5.5
      vertex -2.04792 4.79792 5.5
    endloop
  endfacet
  facet normal -0.666338 0.74565 0
    outer loop
      vertex -2.19007 4.67089 5.5
      vertex -2.04792 4.79792 4.4
      vertex -2.19007 4.67089 4.4
    endloop
  endfacet
  facet normal -0.578675 0.815558 0
    outer loop
      vertex -2.19007 4.67089 4.4
      vertex -2.34555 4.56057 5.5
      vertex -2.19007 4.67089 5.5
    endloop
  endfacet
  facet normal -0.578675 0.815558 0
    outer loop
      vertex -2.34555 4.56057 5.5
      vertex -2.19007 4.67089 4.4
      vertex -2.34555 4.56057 4.4
    endloop
  endfacet
  facet normal -0.875212 0.48374 0
    outer loop
      vertex -1.81057 5.09555 4.4
      vertex -1.71835 5.2624 5.5
      vertex -1.71835 5.2624 4.4
    endloop
  endfacet
  facet normal -0.875212 0.48374 0
    outer loop
      vertex -1.71835 5.2624 5.5
      vertex -1.81057 5.09555 4.4
      vertex -1.81057 5.09555 5.5
    endloop
  endfacet
  facet normal -0.815558 0.578675 0
    outer loop
      vertex -1.92089 4.94007 4.4
      vertex -1.81057 5.09555 5.5
      vertex -1.81057 5.09555 4.4
    endloop
  endfacet
  facet normal -0.815558 0.578675 0
    outer loop
      vertex -1.81057 5.09555 5.5
      vertex -1.92089 4.94007 4.4
      vertex -1.92089 4.94007 5.5
    endloop
  endfacet
  facet normal 0.578675 0.815558 -0
    outer loop
      vertex -4.15445 4.56057 4.4
      vertex -4.30993 4.67089 5.5
      vertex -4.15445 4.56057 5.5
    endloop
  endfacet
  facet normal 0.578675 0.815558 0
    outer loop
      vertex -4.30993 4.67089 5.5
      vertex -4.15445 4.56057 4.4
      vertex -4.30993 4.67089 4.4
    endloop
  endfacet
  facet normal 0.167486 0.985874 -0
    outer loop
      vertex -3.44034 4.31069 4.4
      vertex -3.62829 4.34262 5.5
      vertex -3.44034 4.31069 5.5
    endloop
  endfacet
  facet normal 0.167486 0.985874 0
    outer loop
      vertex -3.62829 4.34262 5.5
      vertex -3.44034 4.31069 4.4
      vertex -3.62829 4.34262 4.4
    endloop
  endfacet
  facet normal 0.875212 0.48374 0
    outer loop
      vertex -4.68943 5.09555 5.5
      vertex -4.78165 5.2624 4.4
      vertex -4.78165 5.2624 5.5
    endloop
  endfacet
  facet normal 0.875212 0.48374 0
    outer loop
      vertex -4.78165 5.2624 4.4
      vertex -4.68943 5.09555 5.5
      vertex -4.68943 5.09555 4.4
    endloop
  endfacet
  facet normal 0.92389 0.382659 0
    outer loop
      vertex -4.78165 5.2624 5.5
      vertex -4.8546 5.43853 4.4
      vertex -4.8546 5.43853 5.5
    endloop
  endfacet
  facet normal 0.92389 0.382659 0
    outer loop
      vertex -4.8546 5.43853 4.4
      vertex -4.78165 5.2624 5.5
      vertex -4.78165 5.2624 4.4
    endloop
  endfacet
  facet normal 0.998427 0.0560743 0
    outer loop
      vertex -4.93931 5.80966 5.5
      vertex -4.95 6 4.4
      vertex -4.95 6 5.5
    endloop
  endfacet
  facet normal 0.998427 0.0560743 0
    outer loop
      vertex -4.95 6 4.4
      vertex -4.93931 5.80966 5.5
      vertex -4.93931 5.80966 4.4
    endloop
  endfacet
  facet normal -0.74565 -0.666338 0
    outer loop
      vertex -1.92089 7.05993 4.4
      vertex -2.04792 7.20208 5.5
      vertex -2.04792 7.20208 4.4
    endloop
  endfacet
  facet normal -0.74565 -0.666338 0
    outer loop
      vertex -2.04792 7.20208 5.5
      vertex -1.92089 7.05993 4.4
      vertex -1.92089 7.05993 5.5
    endloop
  endfacet
  facet normal 0.92389 -0.382659 0
    outer loop
      vertex -4.8546 6.56147 5.5
      vertex -4.78165 6.7376 4.4
      vertex -4.78165 6.7376 5.5
    endloop
  endfacet
  facet normal 0.92389 -0.382659 0
    outer loop
      vertex -4.78165 6.7376 4.4
      vertex -4.8546 6.56147 5.5
      vertex -4.8546 6.56147 4.4
    endloop
  endfacet
  facet normal 0.48374 -0.875212 0
    outer loop
      vertex -4.15445 7.43943 4.4
      vertex -3.9876 7.53165 5.5
      vertex -4.15445 7.43943 5.5
    endloop
  endfacet
  facet normal 0.48374 -0.875212 0
    outer loop
      vertex -3.9876 7.53165 5.5
      vertex -4.15445 7.43943 4.4
      vertex -3.9876 7.53165 4.4
    endloop
  endfacet
  facet normal 0.276868 -0.960908 0
    outer loop
      vertex -3.81147 7.6046 4.4
      vertex -3.62829 7.65738 5.5
      vertex -3.81147 7.6046 5.5
    endloop
  endfacet
  facet normal 0.276868 -0.960908 0
    outer loop
      vertex -3.62829 7.65738 5.5
      vertex -3.81147 7.6046 4.4
      vertex -3.62829 7.65738 4.4
    endloop
  endfacet
  facet normal -0.167486 0.985874 0
    outer loop
      vertex -2.87171 4.34262 4.4
      vertex -3.05966 4.31069 5.5
      vertex -2.87171 4.34262 5.5
    endloop
  endfacet
  facet normal -0.167486 0.985874 0
    outer loop
      vertex -3.05966 4.31069 5.5
      vertex -2.87171 4.34262 4.4
      vertex -3.05966 4.31069 4.4
    endloop
  endfacet
  facet normal -0.382659 0.92389 0
    outer loop
      vertex -2.5124 4.46835 4.4
      vertex -2.68853 4.3954 5.5
      vertex -2.5124 4.46835 5.5
    endloop
  endfacet
  facet normal -0.382659 0.92389 0
    outer loop
      vertex -2.68853 4.3954 5.5
      vertex -2.5124 4.46835 4.4
      vertex -2.68853 4.3954 4.4
    endloop
  endfacet
  facet normal -0.92389 0.382659 0
    outer loop
      vertex -1.71835 5.2624 4.4
      vertex -1.6454 5.43853 5.5
      vertex -1.6454 5.43853 4.4
    endloop
  endfacet
  facet normal -0.92389 0.382659 0
    outer loop
      vertex -1.6454 5.43853 5.5
      vertex -1.71835 5.2624 4.4
      vertex -1.71835 5.2624 5.5
    endloop
  endfacet
  facet normal -0.960908 0.276868 0
    outer loop
      vertex -1.6454 5.43853 4.4
      vertex -1.59262 5.62171 5.5
      vertex -1.59262 5.62171 4.4
    endloop
  endfacet
  facet normal -0.960908 0.276868 0
    outer loop
      vertex -1.59262 5.62171 5.5
      vertex -1.6454 5.43853 4.4
      vertex -1.6454 5.43853 5.5
    endloop
  endfacet
  facet normal -0.985874 0.167486 0
    outer loop
      vertex -1.59262 5.62171 4.4
      vertex -1.56069 5.80966 5.5
      vertex -1.56069 5.80966 4.4
    endloop
  endfacet
  facet normal -0.985874 0.167486 0
    outer loop
      vertex -1.56069 5.80966 5.5
      vertex -1.59262 5.62171 4.4
      vertex -1.59262 5.62171 5.5
    endloop
  endfacet
  facet normal 0.48374 0.875212 -0
    outer loop
      vertex -3.9876 4.46835 4.4
      vertex -4.15445 4.56057 5.5
      vertex -3.9876 4.46835 5.5
    endloop
  endfacet
  facet normal 0.48374 0.875212 0
    outer loop
      vertex -4.15445 4.56057 5.5
      vertex -3.9876 4.46835 4.4
      vertex -4.15445 4.56057 4.4
    endloop
  endfacet
  facet normal 0.276868 0.960908 -0
    outer loop
      vertex -3.62829 4.34262 4.4
      vertex -3.81147 4.3954 5.5
      vertex -3.62829 4.34262 5.5
    endloop
  endfacet
  facet normal 0.276868 0.960908 0
    outer loop
      vertex -3.81147 4.3954 5.5
      vertex -3.62829 4.34262 4.4
      vertex -3.81147 4.3954 4.4
    endloop
  endfacet
  facet normal 0.0560743 0.998427 -0
    outer loop
      vertex -3.25 4.3 4.4
      vertex -3.44034 4.31069 5.5
      vertex -3.25 4.3 5.5
    endloop
  endfacet
  facet normal 0.0560743 0.998427 0
    outer loop
      vertex -3.44034 4.31069 5.5
      vertex -3.25 4.3 4.4
      vertex -3.44034 4.31069 4.4
    endloop
  endfacet
  facet normal 0.815558 0.578675 0
    outer loop
      vertex -4.57911 4.94007 5.5
      vertex -4.68943 5.09555 4.4
      vertex -4.68943 5.09555 5.5
    endloop
  endfacet
  facet normal 0.815558 0.578675 0
    outer loop
      vertex -4.68943 5.09555 4.4
      vertex -4.57911 4.94007 5.5
      vertex -4.57911 4.94007 4.4
    endloop
  endfacet
  facet normal 0.985874 0.167486 0
    outer loop
      vertex -4.90738 5.62171 5.5
      vertex -4.93931 5.80966 4.4
      vertex -4.93931 5.80966 5.5
    endloop
  endfacet
  facet normal 0.985874 0.167486 0
    outer loop
      vertex -4.93931 5.80966 4.4
      vertex -4.90738 5.62171 5.5
      vertex -4.90738 5.62171 4.4
    endloop
  endfacet
  facet normal -0.998427 0.0560743 0
    outer loop
      vertex -1.56069 5.80966 4.4
      vertex -1.55 6 5.5
      vertex -1.55 6 4.4
    endloop
  endfacet
  facet normal -0.998427 0.0560743 0
    outer loop
      vertex -1.55 6 5.5
      vertex -1.56069 5.80966 4.4
      vertex -1.56069 5.80966 5.5
    endloop
  endfacet
  facet normal -0.866025 -0.5 0
    outer loop
      vertex 0.127499 6 0
      vertex -1.56125 8.925 4.4
      vertex -1.56125 8.925 0
    endloop
  endfacet
  facet normal -0.866025 -0.5 0
    outer loop
      vertex -1.56125 8.925 4.4
      vertex 0.127499 6 0
      vertex 0.127499 6 4.4
    endloop
  endfacet
  facet normal 0.866025 -0.5 0
    outer loop
      vertex -6.6275 6 4.4
      vertex -4.93875 8.925 0
      vertex -4.93875 8.925 4.4
    endloop
  endfacet
  facet normal 0.866025 -0.5 0
    outer loop
      vertex -4.93875 8.925 0
      vertex -6.6275 6 4.4
      vertex -6.6275 6 0
    endloop
  endfacet
  facet normal 0 -1 0
    outer loop
      vertex -4.93875 8.925 0
      vertex -1.56125 8.925 4.4
      vertex -4.93875 8.925 4.4
    endloop
  endfacet
  facet normal 0 -1 -0
    outer loop
      vertex -1.56125 8.925 4.4
      vertex -4.93875 8.925 0
      vertex -1.56125 8.925 0
    endloop
  endfacet
  facet normal -0 0 -1
    outer loop
      vertex 0.127499 6 4.4
      vertex -1.56069 5.80966 4.4
      vertex -1.55 6 4.4
    endloop
  endfacet
  facet normal 0 0 -1
    outer loop
      vertex -1.81057 5.09555 4.4
      vertex 0.127499 6 4.4
      vertex -1.56125 3.075 4.4
    endloop
  endfacet
  facet normal 0 0 -1
    outer loop
      vertex 0.127499 6 4.4
      vertex -1.59262 5.62171 4.4
      vertex -1.56069 5.80966 4.4
    endloop
  endfacet
  facet normal 0 0 -1
    outer loop
      vertex 0.127499 6 4.4
      vertex -1.6454 5.43853 4.4
      vertex -1.59262 5.62171 4.4
    endloop
  endfacet
  facet normal 0 0 -1
    outer loop
      vertex 0.127499 6 4.4
      vertex -1.71835 5.2624 4.4
      vertex -1.6454 5.43853 4.4
    endloop
  endfacet
  facet normal 0 0 -1
    outer loop
      vertex 0.127499 6 4.4
      vertex -1.81057 5.09555 4.4
      vertex -1.71835 5.2624 4.4
    endloop
  endfacet
  facet normal 0 0 -1
    outer loop
      vertex -1.56125 3.075 4.4
      vertex -1.92089 4.94007 4.4
      vertex -1.81057 5.09555 4.4
    endloop
  endfacet
  facet normal 0 0 -1
    outer loop
      vertex -1.56125 3.075 4.4
      vertex -2.04792 4.79792 4.4
      vertex -1.92089 4.94007 4.4
    endloop
  endfacet
  facet normal 0 0 -1
    outer loop
      vertex -1.56125 3.075 4.4
      vertex -2.19007 4.67089 4.4
      vertex -2.04792 4.79792 4.4
    endloop
  endfacet
  facet normal 0 0 -1
    outer loop
      vertex -1.56125 3.075 4.4
      vertex -2.34555 4.56057 4.4
      vertex -2.19007 4.67089 4.4
    endloop
  endfacet
  facet normal 0 0 -1
    outer loop
      vertex -1.56125 3.075 4.4
      vertex -2.5124 4.46835 4.4
      vertex -2.34555 4.56057 4.4
    endloop
  endfacet
  facet normal 0 0 -1
    outer loop
      vertex -1.56125 3.075 4.4
      vertex -2.68853 4.3954 4.4
      vertex -2.5124 4.46835 4.4
    endloop
  endfacet
  facet normal 0 0 -1
    outer loop
      vertex -1.56125 3.075 4.4
      vertex -2.87171 4.34262 4.4
      vertex -2.68853 4.3954 4.4
    endloop
  endfacet
  facet normal 0 0 -1
    outer loop
      vertex -1.56125 3.075 4.4
      vertex -3.05966 4.31069 4.4
      vertex -2.87171 4.34262 4.4
    endloop
  endfacet
  facet normal 0 0 -1
    outer loop
      vertex -1.56125 3.075 4.4
      vertex -3.25 4.3 4.4
      vertex -3.05966 4.31069 4.4
    endloop
  endfacet
  facet normal 0 0 -1
    outer loop
      vertex -4.93875 3.075 4.4
      vertex -3.25 4.3 4.4
      vertex -1.56125 3.075 4.4
    endloop
  endfacet
  facet normal -0 0 -1
    outer loop
      vertex -3.25 4.3 4.4
      vertex -4.93875 3.075 4.4
      vertex -3.44034 4.31069 4.4
    endloop
  endfacet
  facet normal -0 0 -1
    outer loop
      vertex -3.44034 4.31069 4.4
      vertex -4.93875 3.075 4.4
      vertex -3.62829 4.34262 4.4
    endloop
  endfacet
  facet normal -0 0 -1
    outer loop
      vertex -3.62829 4.34262 4.4
      vertex -4.93875 3.075 4.4
      vertex -3.81147 4.3954 4.4
    endloop
  endfacet
  facet normal -0 0 -1
    outer loop
      vertex -3.81147 4.3954 4.4
      vertex -4.93875 3.075 4.4
      vertex -3.9876 4.46835 4.4
    endloop
  endfacet
  facet normal -0 0 -1
    outer loop
      vertex -3.9876 4.46835 4.4
      vertex -4.93875 3.075 4.4
      vertex -4.15445 4.56057 4.4
    endloop
  endfacet
  facet normal 0 0 -1
    outer loop
      vertex -4.93875 3.075 4.4
      vertex -4.30993 4.67089 4.4
      vertex -4.15445 4.56057 4.4
    endloop
  endfacet
  facet normal 0 0 -1
    outer loop
      vertex -4.93875 3.075 4.4
      vertex -4.45208 4.79792 4.4
      vertex -4.30993 4.67089 4.4
    endloop
  endfacet
  facet normal 0 0 -1
    outer loop
      vertex -4.93875 3.075 4.4
      vertex -4.57911 4.94007 4.4
      vertex -4.45208 4.79792 4.4
    endloop
  endfacet
  facet normal 0 0 -1
    outer loop
      vertex -4.93875 3.075 4.4
      vertex -4.68943 5.09555 4.4
      vertex -4.57911 4.94007 4.4
    endloop
  endfacet
  facet normal 0 0 -1
    outer loop
      vertex -6.6275 6 4.4
      vertex -4.68943 5.09555 4.4
      vertex -4.93875 3.075 4.4
    endloop
  endfacet
  facet normal 0 0 -1
    outer loop
      vertex -4.68943 5.09555 4.4
      vertex -6.6275 6 4.4
      vertex -4.78165 5.2624 4.4
    endloop
  endfacet
  facet normal 0 0 -1
    outer loop
      vertex -4.78165 5.2624 4.4
      vertex -6.6275 6 4.4
      vertex -4.8546 5.43853 4.4
    endloop
  endfacet
  facet normal 0 0 -1
    outer loop
      vertex -4.8546 5.43853 4.4
      vertex -6.6275 6 4.4
      vertex -4.90738 5.62171 4.4
    endloop
  endfacet
  facet normal 0 0 -1
    outer loop
      vertex -4.90738 5.62171 4.4
      vertex -6.6275 6 4.4
      vertex -4.93931 5.80966 4.4
    endloop
  endfacet
  facet normal 0 0 -1
    outer loop
      vertex -4.93931 5.80966 4.4
      vertex -6.6275 6 4.4
      vertex -4.95 6 4.4
    endloop
  endfacet
  facet normal 0 0 -1
    outer loop
      vertex -1.56069 6.19034 4.4
      vertex 0.127499 6 4.4
      vertex -1.55 6 4.4
    endloop
  endfacet
  facet normal 0 0 -1
    outer loop
      vertex -1.59262 6.37829 4.4
      vertex 0.127499 6 4.4
      vertex -1.56069 6.19034 4.4
    endloop
  endfacet
  facet normal 0 0 -1
    outer loop
      vertex -1.6454 6.56147 4.4
      vertex 0.127499 6 4.4
      vertex -1.59262 6.37829 4.4
    endloop
  endfacet
  facet normal 0 0 -1
    outer loop
      vertex -1.71835 6.7376 4.4
      vertex 0.127499 6 4.4
      vertex -1.6454 6.56147 4.4
    endloop
  endfacet
  facet normal 0 0 -1
    outer loop
      vertex -1.81057 6.90445 4.4
      vertex 0.127499 6 4.4
      vertex -1.71835 6.7376 4.4
    endloop
  endfacet
  facet normal 0 0 -1
    outer loop
      vertex 0.127499 6 4.4
      vertex -1.81057 6.90445 4.4
      vertex -1.56125 8.925 4.4
    endloop
  endfacet
  facet normal 0 0 -1
    outer loop
      vertex -1.92089 7.05993 4.4
      vertex -1.56125 8.925 4.4
      vertex -1.81057 6.90445 4.4
    endloop
  endfacet
  facet normal 0 0 -1
    outer loop
      vertex -2.04792 7.20208 4.4
      vertex -1.56125 8.925 4.4
      vertex -1.92089 7.05993 4.4
    endloop
  endfacet
  facet normal 0 0 -1
    outer loop
      vertex -2.19007 7.32911 4.4
      vertex -1.56125 8.925 4.4
      vertex -2.04792 7.20208 4.4
    endloop
  endfacet
  facet normal 0 0 -1
    outer loop
      vertex -2.34555 7.43943 4.4
      vertex -1.56125 8.925 4.4
      vertex -2.19007 7.32911 4.4
    endloop
  endfacet
  facet normal 0 0 -1
    outer loop
      vertex -2.5124 7.53165 4.4
      vertex -1.56125 8.925 4.4
      vertex -2.34555 7.43943 4.4
    endloop
  endfacet
  facet normal 0 0 -1
    outer loop
      vertex -2.68853 7.6046 4.4
      vertex -1.56125 8.925 4.4
      vertex -2.5124 7.53165 4.4
    endloop
  endfacet
  facet normal 0 0 -1
    outer loop
      vertex -2.87171 7.65738 4.4
      vertex -1.56125 8.925 4.4
      vertex -2.68853 7.6046 4.4
    endloop
  endfacet
  facet normal 0 0 -1
    outer loop
      vertex -3.05966 7.68931 4.4
      vertex -1.56125 8.925 4.4
      vertex -2.87171 7.65738 4.4
    endloop
  endfacet
  facet normal 0 0 -1
    outer loop
      vertex -3.25 7.7 4.4
      vertex -1.56125 8.925 4.4
      vertex -3.05966 7.68931 4.4
    endloop
  endfacet
  facet normal 0 0 -1
    outer loop
      vertex -4.93875 8.925 4.4
      vertex -3.25 7.7 4.4
      vertex -3.44034 7.68931 4.4
    endloop
  endfacet
  facet normal 0 0 -1
    outer loop
      vertex -4.93875 8.925 4.4
      vertex -3.44034 7.68931 4.4
      vertex -3.62829 7.65738 4.4
    endloop
  endfacet
  facet normal 0 0 -1
    outer loop
      vertex -4.93875 8.925 4.4
      vertex -3.62829 7.65738 4.4
      vertex -3.81147 7.6046 4.4
    endloop
  endfacet
  facet normal 0 0 -1
    outer loop
      vertex -4.93875 8.925 4.4
      vertex -3.81147 7.6046 4.4
      vertex -3.9876 7.53165 4.4
    endloop
  endfacet
  facet normal 0 0 -1
    outer loop
      vertex -4.93875 8.925 4.4
      vertex -3.9876 7.53165 4.4
      vertex -4.15445 7.43943 4.4
    endloop
  endfacet
  facet normal 0 0 -1
    outer loop
      vertex -3.25 7.7 4.4
      vertex -4.93875 8.925 4.4
      vertex -1.56125 8.925 4.4
    endloop
  endfacet
  facet normal 0 0 -1
    outer loop
      vertex -4.30993 7.32911 4.4
      vertex -4.93875 8.925 4.4
      vertex -4.15445 7.43943 4.4
    endloop
  endfacet
  facet normal 0 0 -1
    outer loop
      vertex -4.45208 7.20208 4.4
      vertex -4.93875 8.925 4.4
      vertex -4.30993 7.32911 4.4
    endloop
  endfacet
  facet normal 0 0 -1
    outer loop
      vertex -4.57911 7.05993 4.4
      vertex -4.93875 8.925 4.4
      vertex -4.45208 7.20208 4.4
    endloop
  endfacet
  facet normal 0 0 -1
    outer loop
      vertex -4.68943 6.90445 4.4
      vertex -4.93875 8.925 4.4
      vertex -4.57911 7.05993 4.4
    endloop
  endfacet
  facet normal 0 0 -1
    outer loop
      vertex -6.6275 6 4.4
      vertex -4.68943 6.90445 4.4
      vertex -4.78165 6.7376 4.4
    endloop
  endfacet
  facet normal 0 0 -1
    outer loop
      vertex -6.6275 6 4.4
      vertex -4.78165 6.7376 4.4
      vertex -4.8546 6.56147 4.4
    endloop
  endfacet
  facet normal 0 0 -1
    outer loop
      vertex -6.6275 6 4.4
      vertex -4.8546 6.56147 4.4
      vertex -4.90738 6.37829 4.4
    endloop
  endfacet
  facet normal 0 0 -1
    outer loop
      vertex -6.6275 6 4.4
      vertex -4.90738 6.37829 4.4
      vertex -4.93931 6.19034 4.4
    endloop
  endfacet
  facet normal 0 0 -1
    outer loop
      vertex -6.6275 6 4.4
      vertex -4.93931 6.19034 4.4
      vertex -4.95 6 4.4
    endloop
  endfacet
  facet normal -0 0 -1
    outer loop
      vertex -4.68943 6.90445 4.4
      vertex -6.6275 6 4.4
      vertex -4.93875 8.925 4.4
    endloop
  endfacet
  facet normal 0 1 -0
    outer loop
      vertex -1.56125 3.075 0
      vertex -4.93875 3.075 4.4
      vertex -1.56125 3.075 4.4
    endloop
  endfacet
  facet normal 0 1 0
    outer loop
      vertex -4.93875 3.075 4.4
      vertex -1.56125 3.075 0
      vertex -4.93875 3.075 0
    endloop
  endfacet
  facet normal 0.866025 0.5 0
    outer loop
      vertex -4.93875 3.075 4.4
      vertex -6.6275 6 0
      vertex -6.6275 6 4.4
    endloop
  endfacet
  facet normal 0.866025 0.5 0
    outer loop
      vertex -6.6275 6 0
      vertex -4.93875 3.075 4.4
      vertex -4.93875 3.075 0
    endloop
  endfacet
  facet normal -0.866025 0.5 0
    outer loop
      vertex -1.56125 3.075 0
      vertex 0.127499 6 4.4
      vertex 0.127499 6 0
    endloop
  endfacet
  facet normal -0.866025 0.5 0
    outer loop
      vertex 0.127499 6 4.4
      vertex -1.56125 3.075 0
      vertex -1.56125 3.075 4.4
    endloop
  endfacet
  facet normal -0.998426 -0.056086 0
    outer loop
      vertex -1.55 14 4.4
      vertex -1.56069 14.1903 5.5
      vertex -1.56069 14.1903 4.4
    endloop
  endfacet
  facet normal -0.998426 -0.056086 0
    outer loop
      vertex -1.56069 14.1903 5.5
      vertex -1.55 14 4.4
      vertex -1.55 14 5.5
    endloop
  endfacet
  facet normal 0.998426 -0.056086 0
    outer loop
      vertex -4.95 14 5.5
      vertex -4.93931 14.1903 4.4
      vertex -4.93931 14.1903 5.5
    endloop
  endfacet
  facet normal 0.998426 -0.056086 0
    outer loop
      vertex -4.93931 14.1903 4.4
      vertex -4.95 14 5.5
      vertex -4.95 14 4.4
    endloop
  endfacet
  facet normal -0.0561266 -0.998424 0
    outer loop
      vertex -3.25 15.7 4.4
      vertex -3.05966 15.6893 5.5
      vertex -3.25 15.7 5.5
    endloop
  endfacet
  facet normal -0.0561266 -0.998424 -0
    outer loop
      vertex -3.05966 15.6893 5.5
      vertex -3.25 15.7 4.4
      vertex -3.05966 15.6893 4.4
    endloop
  endfacet
  facet normal -0.66625 -0.745728 0
    outer loop
      vertex -2.19007 15.3291 4.4
      vertex -2.04792 15.2021 5.5
      vertex -2.19007 15.3291 5.5
    endloop
  endfacet
  facet normal -0.66625 -0.745728 -0
    outer loop
      vertex -2.04792 15.2021 5.5
      vertex -2.19007 15.3291 4.4
      vertex -2.04792 15.2021 4.4
    endloop
  endfacet
  facet normal 0.66625 -0.745728 0
    outer loop
      vertex -4.45208 15.2021 4.4
      vertex -4.30993 15.3291 5.5
      vertex -4.45208 15.2021 5.5
    endloop
  endfacet
  facet normal 0.66625 -0.745728 0
    outer loop
      vertex -4.30993 15.3291 5.5
      vertex -4.45208 15.2021 4.4
      vertex -4.30993 15.3291 4.4
    endloop
  endfacet
  facet normal 0.382883 -0.923797 0
    outer loop
      vertex -3.9876 15.5316 4.4
      vertex -3.81147 15.6046 5.5
      vertex -3.9876 15.5316 5.5
    endloop
  endfacet
  facet normal 0.382883 -0.923797 0
    outer loop
      vertex -3.81147 15.6046 5.5
      vertex -3.9876 15.5316 4.4
      vertex -3.81147 15.6046 4.4
    endloop
  endfacet
  facet normal 0.923867 0.382715 0
    outer loop
      vertex -4.78165 13.2624 5.5
      vertex -4.8546 13.4385 4.4
      vertex -4.8546 13.4385 5.5
    endloop
  endfacet
  facet normal 0.923867 0.382715 0
    outer loop
      vertex -4.8546 13.4385 4.4
      vertex -4.78165 13.2624 5.5
      vertex -4.78165 13.2624 4.4
    endloop
  endfacet
  facet normal -0.923867 -0.382715 0
    outer loop
      vertex -1.6454 14.5615 4.4
      vertex -1.71835 14.7376 5.5
      vertex -1.71835 14.7376 4.4
    endloop
  endfacet
  facet normal -0.923867 -0.382715 0
    outer loop
      vertex -1.71835 14.7376 5.5
      vertex -1.6454 14.5615 4.4
      vertex -1.6454 14.5615 5.5
    endloop
  endfacet
  facet normal -0.985882 -0.167443 0
    outer loop
      vertex -1.56069 14.1903 4.4
      vertex -1.59262 14.3783 5.5
      vertex -1.59262 14.3783 4.4
    endloop
  endfacet
  facet normal -0.985882 -0.167443 0
    outer loop
      vertex -1.59262 14.3783 5.5
      vertex -1.56069 14.1903 4.4
      vertex -1.56069 14.1903 5.5
    endloop
  endfacet
  facet normal -0.382883 -0.923797 0
    outer loop
      vertex -2.68853 15.6046 4.4
      vertex -2.5124 15.5316 5.5
      vertex -2.68853 15.6046 5.5
    endloop
  endfacet
  facet normal -0.382883 -0.923797 -0
    outer loop
      vertex -2.5124 15.5316 5.5
      vertex -2.68853 15.6046 4.4
      vertex -2.5124 15.5316 4.4
    endloop
  endfacet
  facet normal -0.276965 -0.96088 0
    outer loop
      vertex -2.87171 15.6574 4.4
      vertex -2.68853 15.6046 5.5
      vertex -2.87171 15.6574 5.5
    endloop
  endfacet
  facet normal -0.276965 -0.96088 -0
    outer loop
      vertex -2.68853 15.6046 5.5
      vertex -2.87171 15.6574 4.4
      vertex -2.68853 15.6046 4.4
    endloop
  endfacet
  facet normal -0.48366 -0.875256 0
    outer loop
      vertex -2.5124 15.5316 4.4
      vertex -2.34555 15.4394 5.5
      vertex -2.5124 15.5316 5.5
    endloop
  endfacet
  facet normal -0.48366 -0.875256 -0
    outer loop
      vertex -2.34555 15.4394 5.5
      vertex -2.5124 15.5316 4.4
      vertex -2.34555 15.4394 4.4
    endloop
  endfacet
  facet normal 0.875273 -0.483629 0
    outer loop
      vertex -4.78165 14.7376 5.5
      vertex -4.68943 14.9045 4.4
      vertex -4.68943 14.9045 5.5
    endloop
  endfacet
  facet normal 0.875273 -0.483629 0
    outer loop
      vertex -4.68943 14.9045 4.4
      vertex -4.78165 14.7376 5.5
      vertex -4.78165 14.7376 4.4
    endloop
  endfacet
  facet normal 0.745766 -0.666208 0
    outer loop
      vertex -4.57911 15.0599 5.5
      vertex -4.45208 15.2021 4.4
      vertex -4.45208 15.2021 5.5
    endloop
  endfacet
  facet normal 0.745766 -0.666208 0
    outer loop
      vertex -4.45208 15.2021 4.4
      vertex -4.57911 15.0599 5.5
      vertex -4.57911 15.0599 4.4
    endloop
  endfacet
  facet normal 0.167333 -0.9859 0
    outer loop
      vertex -3.62829 15.6574 4.4
      vertex -3.44034 15.6893 5.5
      vertex -3.62829 15.6574 5.5
    endloop
  endfacet
  facet normal 0.167333 -0.9859 0
    outer loop
      vertex -3.44034 15.6893 5.5
      vertex -3.62829 15.6574 4.4
      vertex -3.44034 15.6893 4.4
    endloop
  endfacet
  facet normal 0.66625 0.745728 -0
    outer loop
      vertex -4.30993 12.6709 4.4
      vertex -4.45208 12.7979 5.5
      vertex -4.30993 12.6709 5.5
    endloop
  endfacet
  facet normal 0.66625 0.745728 0
    outer loop
      vertex -4.45208 12.7979 5.5
      vertex -4.30993 12.6709 4.4
      vertex -4.45208 12.7979 4.4
    endloop
  endfacet
  facet normal -0.960916 -0.27684 0
    outer loop
      vertex -1.59262 14.3783 4.4
      vertex -1.6454 14.5615 5.5
      vertex -1.6454 14.5615 4.4
    endloop
  endfacet
  facet normal -0.960916 -0.27684 0
    outer loop
      vertex -1.6454 14.5615 5.5
      vertex -1.59262 14.3783 4.4
      vertex -1.59262 14.3783 5.5
    endloop
  endfacet
  facet normal -0.815418 -0.578873 0
    outer loop
      vertex -1.81057 14.9045 4.4
      vertex -1.92089 15.0599 5.5
      vertex -1.92089 15.0599 4.4
    endloop
  endfacet
  facet normal -0.815418 -0.578873 0
    outer loop
      vertex -1.92089 15.0599 5.5
      vertex -1.81057 14.9045 4.4
      vertex -1.81057 14.9045 5.5
    endloop
  endfacet
  facet normal -0.745766 -0.666208 0
    outer loop
      vertex -1.92089 15.0599 4.4
      vertex -2.04792 15.2021 5.5
      vertex -2.04792 15.2021 4.4
    endloop
  endfacet
  facet normal -0.745766 -0.666208 0
    outer loop
      vertex -2.04792 15.2021 5.5
      vertex -1.92089 15.0599 4.4
      vertex -1.92089 15.0599 5.5
    endloop
  endfacet
  facet normal -0.875273 -0.483629 0
    outer loop
      vertex -1.71835 14.7376 4.4
      vertex -1.81057 14.9045 5.5
      vertex -1.81057 14.9045 4.4
    endloop
  endfacet
  facet normal -0.875273 -0.483629 0
    outer loop
      vertex -1.81057 14.9045 5.5
      vertex -1.71835 14.7376 4.4
      vertex -1.71835 14.7376 5.5
    endloop
  endfacet
  facet normal -0.167333 -0.9859 0
    outer loop
      vertex -3.05966 15.6893 4.4
      vertex -2.87171 15.6574 5.5
      vertex -3.05966 15.6893 5.5
    endloop
  endfacet
  facet normal -0.167333 -0.9859 -0
    outer loop
      vertex -2.87171 15.6574 5.5
      vertex -3.05966 15.6893 4.4
      vertex -2.87171 15.6574 4.4
    endloop
  endfacet
  facet normal -0.578605 -0.815608 0
    outer loop
      vertex -2.34555 15.4394 4.4
      vertex -2.19007 15.3291 5.5
      vertex -2.34555 15.4394 5.5
    endloop
  endfacet
  facet normal -0.578605 -0.815608 -0
    outer loop
      vertex -2.19007 15.3291 5.5
      vertex -2.34555 15.4394 4.4
      vertex -2.19007 15.3291 4.4
    endloop
  endfacet
  facet normal 0.960916 -0.27684 0
    outer loop
      vertex -4.90738 14.3783 5.5
      vertex -4.8546 14.5615 4.4
      vertex -4.8546 14.5615 5.5
    endloop
  endfacet
  facet normal 0.960916 -0.27684 0
    outer loop
      vertex -4.8546 14.5615 4.4
      vertex -4.90738 14.3783 5.5
      vertex -4.90738 14.3783 4.4
    endloop
  endfacet
  facet normal 0.815418 -0.578873 0
    outer loop
      vertex -4.68943 14.9045 5.5
      vertex -4.57911 15.0599 4.4
      vertex -4.57911 15.0599 5.5
    endloop
  endfacet
  facet normal 0.815418 -0.578873 0
    outer loop
      vertex -4.57911 15.0599 4.4
      vertex -4.68943 14.9045 5.5
      vertex -4.68943 14.9045 4.4
    endloop
  endfacet
  facet normal 0.923867 -0.382715 0
    outer loop
      vertex -4.8546 14.5615 5.5
      vertex -4.78165 14.7376 4.4
      vertex -4.78165 14.7376 5.5
    endloop
  endfacet
  facet normal 0.923867 -0.382715 0
    outer loop
      vertex -4.78165 14.7376 4.4
      vertex -4.8546 14.5615 5.5
      vertex -4.8546 14.5615 4.4
    endloop
  endfacet
  facet normal 0.985882 -0.167443 0
    outer loop
      vertex -4.93931 14.1903 5.5
      vertex -4.90738 14.3783 4.4
      vertex -4.90738 14.3783 5.5
    endloop
  endfacet
  facet normal 0.985882 -0.167443 0
    outer loop
      vertex -4.90738 14.3783 4.4
      vertex -4.93931 14.1903 5.5
      vertex -4.93931 14.1903 4.4
    endloop
  endfacet
  facet normal 0.48366 -0.875256 0
    outer loop
      vertex -4.15445 15.4394 4.4
      vertex -3.9876 15.5316 5.5
      vertex -4.15445 15.4394 5.5
    endloop
  endfacet
  facet normal 0.48366 -0.875256 0
    outer loop
      vertex -3.9876 15.5316 5.5
      vertex -4.15445 15.4394 4.4
      vertex -3.9876 15.5316 4.4
    endloop
  endfacet
  facet normal 0.578605 -0.815608 0
    outer loop
      vertex -4.30993 15.3291 4.4
      vertex -4.15445 15.4394 5.5
      vertex -4.30993 15.3291 5.5
    endloop
  endfacet
  facet normal 0.578605 -0.815608 0
    outer loop
      vertex -4.15445 15.4394 5.5
      vertex -4.30993 15.3291 4.4
      vertex -4.15445 15.4394 4.4
    endloop
  endfacet
  facet normal 0.276965 -0.96088 0
    outer loop
      vertex -3.81147 15.6046 4.4
      vertex -3.62829 15.6574 5.5
      vertex -3.81147 15.6046 5.5
    endloop
  endfacet
  facet normal 0.276965 -0.96088 0
    outer loop
      vertex -3.62829 15.6574 5.5
      vertex -3.81147 15.6046 4.4
      vertex -3.62829 15.6574 4.4
    endloop
  endfacet
  facet normal 0.0561266 -0.998424 0
    outer loop
      vertex -3.44034 15.6893 4.4
      vertex -3.25 15.7 5.5
      vertex -3.44034 15.6893 5.5
    endloop
  endfacet
  facet normal 0.0561266 -0.998424 0
    outer loop
      vertex -3.25 15.7 5.5
      vertex -3.44034 15.6893 4.4
      vertex -3.25 15.7 4.4
    endloop
  endfacet
  facet normal -0.998426 0.056086 0
    outer loop
      vertex -1.56069 13.8097 4.4
      vertex -1.55 14 5.5
      vertex -1.55 14 4.4
    endloop
  endfacet
  facet normal -0.998426 0.056086 0
    outer loop
      vertex -1.55 14 5.5
      vertex -1.56069 13.8097 4.4
      vertex -1.56069 13.8097 5.5
    endloop
  endfacet
  facet normal -0.0561266 0.998424 0
    outer loop
      vertex -3.05966 12.3107 4.4
      vertex -3.25 12.3 5.5
      vertex -3.05966 12.3107 5.5
    endloop
  endfacet
  facet normal -0.0561266 0.998424 0
    outer loop
      vertex -3.25 12.3 5.5
      vertex -3.05966 12.3107 4.4
      vertex -3.25 12.3 4.4
    endloop
  endfacet
  facet normal -0.276965 0.96088 0
    outer loop
      vertex -2.68853 12.3954 4.4
      vertex -2.87171 12.3426 5.5
      vertex -2.68853 12.3954 5.5
    endloop
  endfacet
  facet normal -0.276965 0.96088 0
    outer loop
      vertex -2.87171 12.3426 5.5
      vertex -2.68853 12.3954 4.4
      vertex -2.87171 12.3426 4.4
    endloop
  endfacet
  facet normal -0.66625 0.745728 0
    outer loop
      vertex -2.04792 12.7979 4.4
      vertex -2.19007 12.6709 5.5
      vertex -2.04792 12.7979 5.5
    endloop
  endfacet
  facet normal -0.66625 0.745728 0
    outer loop
      vertex -2.19007 12.6709 5.5
      vertex -2.04792 12.7979 4.4
      vertex -2.19007 12.6709 4.4
    endloop
  endfacet
  facet normal -0.48366 0.875256 0
    outer loop
      vertex -2.34555 12.5606 4.4
      vertex -2.5124 12.4684 5.5
      vertex -2.34555 12.5606 5.5
    endloop
  endfacet
  facet normal -0.48366 0.875256 0
    outer loop
      vertex -2.5124 12.4684 5.5
      vertex -2.34555 12.5606 4.4
      vertex -2.5124 12.4684 4.4
    endloop
  endfacet
  facet normal -0.960916 0.27684 0
    outer loop
      vertex -1.6454 13.4385 4.4
      vertex -1.59262 13.6217 5.5
      vertex -1.59262 13.6217 4.4
    endloop
  endfacet
  facet normal -0.960916 0.27684 0
    outer loop
      vertex -1.59262 13.6217 5.5
      vertex -1.6454 13.4385 4.4
      vertex -1.6454 13.4385 5.5
    endloop
  endfacet
  facet normal -0.815418 0.578873 0
    outer loop
      vertex -1.92089 12.9401 4.4
      vertex -1.81057 13.0955 5.5
      vertex -1.81057 13.0955 4.4
    endloop
  endfacet
  facet normal -0.815418 0.578873 0
    outer loop
      vertex -1.81057 13.0955 5.5
      vertex -1.92089 12.9401 4.4
      vertex -1.92089 12.9401 5.5
    endloop
  endfacet
  facet normal 0.578605 0.815608 -0
    outer loop
      vertex -4.15445 12.5606 4.4
      vertex -4.30993 12.6709 5.5
      vertex -4.15445 12.5606 5.5
    endloop
  endfacet
  facet normal 0.578605 0.815608 0
    outer loop
      vertex -4.30993 12.6709 5.5
      vertex -4.15445 12.5606 4.4
      vertex -4.30993 12.6709 4.4
    endloop
  endfacet
  facet normal 0.382883 0.923797 -0
    outer loop
      vertex -3.81147 12.3954 4.4
      vertex -3.9876 12.4684 5.5
      vertex -3.81147 12.3954 5.5
    endloop
  endfacet
  facet normal 0.382883 0.923797 0
    outer loop
      vertex -3.9876 12.4684 5.5
      vertex -3.81147 12.3954 4.4
      vertex -3.9876 12.4684 4.4
    endloop
  endfacet
  facet normal 0.167333 0.9859 -0
    outer loop
      vertex -3.44034 12.3107 4.4
      vertex -3.62829 12.3426 5.5
      vertex -3.44034 12.3107 5.5
    endloop
  endfacet
  facet normal 0.167333 0.9859 0
    outer loop
      vertex -3.62829 12.3426 5.5
      vertex -3.44034 12.3107 4.4
      vertex -3.62829 12.3426 4.4
    endloop
  endfacet
  facet normal 0.875273 0.483629 0
    outer loop
      vertex -4.68943 13.0955 5.5
      vertex -4.78165 13.2624 4.4
      vertex -4.78165 13.2624 5.5
    endloop
  endfacet
  facet normal 0.875273 0.483629 0
    outer loop
      vertex -4.78165 13.2624 4.4
      vertex -4.68943 13.0955 5.5
      vertex -4.68943 13.0955 4.4
    endloop
  endfacet
  facet normal 0.745766 0.666208 0
    outer loop
      vertex -4.45208 12.7979 5.5
      vertex -4.57911 12.9401 4.4
      vertex -4.57911 12.9401 5.5
    endloop
  endfacet
  facet normal 0.745766 0.666208 0
    outer loop
      vertex -4.57911 12.9401 4.4
      vertex -4.45208 12.7979 5.5
      vertex -4.45208 12.7979 4.4
    endloop
  endfacet
  facet normal 0.960916 0.27684 0
    outer loop
      vertex -4.8546 13.4385 5.5
      vertex -4.90738 13.6217 4.4
      vertex -4.90738 13.6217 5.5
    endloop
  endfacet
  facet normal 0.960916 0.27684 0
    outer loop
      vertex -4.90738 13.6217 4.4
      vertex -4.8546 13.4385 5.5
      vertex -4.8546 13.4385 4.4
    endloop
  endfacet
  facet normal 0.998426 0.056086 0
    outer loop
      vertex -4.93931 13.8097 5.5
      vertex -4.95 14 4.4
      vertex -4.95 14 5.5
    endloop
  endfacet
  facet normal 0.998426 0.056086 0
    outer loop
      vertex -4.95 14 4.4
      vertex -4.93931 13.8097 5.5
      vertex -4.93931 13.8097 4.4
    endloop
  endfacet
  facet normal -0.167333 0.9859 0
    outer loop
      vertex -2.87171 12.3426 4.4
      vertex -3.05966 12.3107 5.5
      vertex -2.87171 12.3426 5.5
    endloop
  endfacet
  facet normal -0.167333 0.9859 0
    outer loop
      vertex -3.05966 12.3107 5.5
      vertex -2.87171 12.3426 4.4
      vertex -3.05966 12.3107 4.4
    endloop
  endfacet
  facet normal -0.382883 0.923797 0
    outer loop
      vertex -2.5124 12.4684 4.4
      vertex -2.68853 12.3954 5.5
      vertex -2.5124 12.4684 5.5
    endloop
  endfacet
  facet normal -0.382883 0.923797 0
    outer loop
      vertex -2.68853 12.3954 5.5
      vertex -2.5124 12.4684 4.4
      vertex -2.68853 12.3954 4.4
    endloop
  endfacet
  facet normal -0.745766 0.666208 0
    outer loop
      vertex -2.04792 12.7979 4.4
      vertex -1.92089 12.9401 5.5
      vertex -1.92089 12.9401 4.4
    endloop
  endfacet
  facet normal -0.745766 0.666208 0
    outer loop
      vertex -1.92089 12.9401 5.5
      vertex -2.04792 12.7979 4.4
      vertex -2.04792 12.7979 5.5
    endloop
  endfacet
  facet normal -0.578605 0.815608 0
    outer loop
      vertex -2.19007 12.6709 4.4
      vertex -2.34555 12.5606 5.5
      vertex -2.19007 12.6709 5.5
    endloop
  endfacet
  facet normal -0.578605 0.815608 0
    outer loop
      vertex -2.34555 12.5606 5.5
      vertex -2.19007 12.6709 4.4
      vertex -2.34555 12.5606 4.4
    endloop
  endfacet
  facet normal -0.923867 0.382715 0
    outer loop
      vertex -1.71835 13.2624 4.4
      vertex -1.6454 13.4385 5.5
      vertex -1.6454 13.4385 4.4
    endloop
  endfacet
  facet normal -0.923867 0.382715 0
    outer loop
      vertex -1.6454 13.4385 5.5
      vertex -1.71835 13.2624 4.4
      vertex -1.71835 13.2624 5.5
    endloop
  endfacet
  facet normal -0.985882 0.167443 0
    outer loop
      vertex -1.59262 13.6217 4.4
      vertex -1.56069 13.8097 5.5
      vertex -1.56069 13.8097 4.4
    endloop
  endfacet
  facet normal -0.985882 0.167443 0
    outer loop
      vertex -1.56069 13.8097 5.5
      vertex -1.59262 13.6217 4.4
      vertex -1.59262 13.6217 5.5
    endloop
  endfacet
  facet normal 0.48366 0.875256 -0
    outer loop
      vertex -3.9876 12.4684 4.4
      vertex -4.15445 12.5606 5.5
      vertex -3.9876 12.4684 5.5
    endloop
  endfacet
  facet normal 0.48366 0.875256 0
    outer loop
      vertex -4.15445 12.5606 5.5
      vertex -3.9876 12.4684 4.4
      vertex -4.15445 12.5606 4.4
    endloop
  endfacet
  facet normal 0.276965 0.96088 -0
    outer loop
      vertex -3.62829 12.3426 4.4
      vertex -3.81147 12.3954 5.5
      vertex -3.62829 12.3426 5.5
    endloop
  endfacet
  facet normal 0.276965 0.96088 0
    outer loop
      vertex -3.81147 12.3954 5.5
      vertex -3.62829 12.3426 4.4
      vertex -3.81147 12.3954 4.4
    endloop
  endfacet
  facet normal 0.0561266 0.998424 -0
    outer loop
      vertex -3.25 12.3 4.4
      vertex -3.44034 12.3107 5.5
      vertex -3.25 12.3 5.5
    endloop
  endfacet
  facet normal 0.0561266 0.998424 0
    outer loop
      vertex -3.44034 12.3107 5.5
      vertex -3.25 12.3 4.4
      vertex -3.44034 12.3107 4.4
    endloop
  endfacet
  facet normal 0.815418 0.578873 0
    outer loop
      vertex -4.57911 12.9401 5.5
      vertex -4.68943 13.0955 4.4
      vertex -4.68943 13.0955 5.5
    endloop
  endfacet
  facet normal 0.815418 0.578873 0
    outer loop
      vertex -4.68943 13.0955 4.4
      vertex -4.57911 12.9401 5.5
      vertex -4.57911 12.9401 4.4
    endloop
  endfacet
  facet normal 0.985882 0.167443 0
    outer loop
      vertex -4.90738 13.6217 5.5
      vertex -4.93931 13.8097 4.4
      vertex -4.93931 13.8097 5.5
    endloop
  endfacet
  facet normal 0.985882 0.167443 0
    outer loop
      vertex -4.93931 13.8097 4.4
      vertex -4.90738 13.6217 5.5
      vertex -4.90738 13.6217 4.4
    endloop
  endfacet
  facet normal -0.875273 0.483629 0
    outer loop
      vertex -1.81057 13.0955 4.4
      vertex -1.71835 13.2624 5.5
      vertex -1.71835 13.2624 4.4
    endloop
  endfacet
  facet normal -0.875273 0.483629 0
    outer loop
      vertex -1.71835 13.2624 5.5
      vertex -1.81057 13.0955 4.4
      vertex -1.81057 13.0955 5.5
    endloop
  endfacet
  facet normal -0.866025 -0.5 0
    outer loop
      vertex 0.127499 14 0
      vertex -1.56125 16.925 4.4
      vertex -1.56125 16.925 0
    endloop
  endfacet
  facet normal -0.866025 -0.5 0
    outer loop
      vertex -1.56125 16.925 4.4
      vertex 0.127499 14 0
      vertex 0.127499 14 4.4
    endloop
  endfacet
  facet normal 0.866025 -0.5 0
    outer loop
      vertex -6.6275 14 4.4
      vertex -4.93875 16.925 0
      vertex -4.93875 16.925 4.4
    endloop
  endfacet
  facet normal 0.866025 -0.5 0
    outer loop
      vertex -4.93875 16.925 0
      vertex -6.6275 14 4.4
      vertex -6.6275 14 0
    endloop
  endfacet
  facet normal 0 -1 0
    outer loop
      vertex -4.93875 16.925 0
      vertex -1.56125 16.925 4.4
      vertex -4.93875 16.925 4.4
    endloop
  endfacet
  facet normal 0 -1 -0
    outer loop
      vertex -1.56125 16.925 4.4
      vertex -4.93875 16.925 0
      vertex -1.56125 16.925 0
    endloop
  endfacet
  facet normal -0 0 -1
    outer loop
      vertex 0.127499 14 4.4
      vertex -1.56069 13.8097 4.4
      vertex -1.55 14 4.4
    endloop
  endfacet
  facet normal 0 0 -1
    outer loop
      vertex -1.81057 13.0955 4.4
      vertex 0.127499 14 4.4
      vertex -1.56125 11.075 4.4
    endloop
  endfacet
  facet normal 0 0 -1
    outer loop
      vertex 0.127499 14 4.4
      vertex -1.59262 13.6217 4.4
      vertex -1.56069 13.8097 4.4
    endloop
  endfacet
  facet normal 0 0 -1
    outer loop
      vertex 0.127499 14 4.4
      vertex -1.6454 13.4385 4.4
      vertex -1.59262 13.6217 4.4
    endloop
  endfacet
  facet normal 0 0 -1
    outer loop
      vertex 0.127499 14 4.4
      vertex -1.71835 13.2624 4.4
      vertex -1.6454 13.4385 4.4
    endloop
  endfacet
  facet normal 0 0 -1
    outer loop
      vertex 0.127499 14 4.4
      vertex -1.81057 13.0955 4.4
      vertex -1.71835 13.2624 4.4
    endloop
  endfacet
  facet normal 0 0 -1
    outer loop
      vertex -1.56125 11.075 4.4
      vertex -1.92089 12.9401 4.4
      vertex -1.81057 13.0955 4.4
    endloop
  endfacet
  facet normal 0 0 -1
    outer loop
      vertex -1.56125 11.075 4.4
      vertex -2.04792 12.7979 4.4
      vertex -1.92089 12.9401 4.4
    endloop
  endfacet
  facet normal 0 0 -1
    outer loop
      vertex -1.56125 11.075 4.4
      vertex -2.19007 12.6709 4.4
      vertex -2.04792 12.7979 4.4
    endloop
  endfacet
  facet normal 0 0 -1
    outer loop
      vertex -1.56125 11.075 4.4
      vertex -2.34555 12.5606 4.4
      vertex -2.19007 12.6709 4.4
    endloop
  endfacet
  facet normal 0 0 -1
    outer loop
      vertex -1.56125 11.075 4.4
      vertex -2.5124 12.4684 4.4
      vertex -2.34555 12.5606 4.4
    endloop
  endfacet
  facet normal 0 0 -1
    outer loop
      vertex -1.56125 11.075 4.4
      vertex -2.68853 12.3954 4.4
      vertex -2.5124 12.4684 4.4
    endloop
  endfacet
  facet normal 0 0 -1
    outer loop
      vertex -1.56125 11.075 4.4
      vertex -2.87171 12.3426 4.4
      vertex -2.68853 12.3954 4.4
    endloop
  endfacet
  facet normal 0 0 -1
    outer loop
      vertex -1.56125 11.075 4.4
      vertex -3.05966 12.3107 4.4
      vertex -2.87171 12.3426 4.4
    endloop
  endfacet
  facet normal 0 0 -1
    outer loop
      vertex -1.56125 11.075 4.4
      vertex -3.25 12.3 4.4
      vertex -3.05966 12.3107 4.4
    endloop
  endfacet
  facet normal 0 0 -1
    outer loop
      vertex -4.93875 11.075 4.4
      vertex -3.25 12.3 4.4
      vertex -1.56125 11.075 4.4
    endloop
  endfacet
  facet normal -0 0 -1
    outer loop
      vertex -3.25 12.3 4.4
      vertex -4.93875 11.075 4.4
      vertex -3.44034 12.3107 4.4
    endloop
  endfacet
  facet normal -0 0 -1
    outer loop
      vertex -3.44034 12.3107 4.4
      vertex -4.93875 11.075 4.4
      vertex -3.62829 12.3426 4.4
    endloop
  endfacet
  facet normal -0 0 -1
    outer loop
      vertex -3.62829 12.3426 4.4
      vertex -4.93875 11.075 4.4
      vertex -3.81147 12.3954 4.4
    endloop
  endfacet
  facet normal -0 0 -1
    outer loop
      vertex -3.81147 12.3954 4.4
      vertex -4.93875 11.075 4.4
      vertex -3.9876 12.4684 4.4
    endloop
  endfacet
  facet normal -0 0 -1
    outer loop
      vertex -3.9876 12.4684 4.4
      vertex -4.93875 11.075 4.4
      vertex -4.15445 12.5606 4.4
    endloop
  endfacet
  facet normal 0 0 -1
    outer loop
      vertex -4.93875 11.075 4.4
      vertex -4.30993 12.6709 4.4
      vertex -4.15445 12.5606 4.4
    endloop
  endfacet
  facet normal 0 0 -1
    outer loop
      vertex -4.93875 11.075 4.4
      vertex -4.45208 12.7979 4.4
      vertex -4.30993 12.6709 4.4
    endloop
  endfacet
  facet normal 0 0 -1
    outer loop
      vertex -4.93875 11.075 4.4
      vertex -4.57911 12.9401 4.4
      vertex -4.45208 12.7979 4.4
    endloop
  endfacet
  facet normal 0 0 -1
    outer loop
      vertex -4.93875 11.075 4.4
      vertex -4.68943 13.0955 4.4
      vertex -4.57911 12.9401 4.4
    endloop
  endfacet
  facet normal 0 0 -1
    outer loop
      vertex -6.6275 14 4.4
      vertex -4.68943 13.0955 4.4
      vertex -4.93875 11.075 4.4
    endloop
  endfacet
  facet normal 0 0 -1
    outer loop
      vertex -4.68943 13.0955 4.4
      vertex -6.6275 14 4.4
      vertex -4.78165 13.2624 4.4
    endloop
  endfacet
  facet normal 0 0 -1
    outer loop
      vertex -4.78165 13.2624 4.4
      vertex -6.6275 14 4.4
      vertex -4.8546 13.4385 4.4
    endloop
  endfacet
  facet normal 0 0 -1
    outer loop
      vertex -4.8546 13.4385 4.4
      vertex -6.6275 14 4.4
      vertex -4.90738 13.6217 4.4
    endloop
  endfacet
  facet normal 0 0 -1
    outer loop
      vertex -4.90738 13.6217 4.4
      vertex -6.6275 14 4.4
      vertex -4.93931 13.8097 4.4
    endloop
  endfacet
  facet normal 0 0 -1
    outer loop
      vertex -4.93931 13.8097 4.4
      vertex -6.6275 14 4.4
      vertex -4.95 14 4.4
    endloop
  endfacet
  facet normal 0 0 -1
    outer loop
      vertex -1.56069 14.1903 4.4
      vertex 0.127499 14 4.4
      vertex -1.55 14 4.4
    endloop
  endfacet
  facet normal 0 0 -1
    outer loop
      vertex -1.59262 14.3783 4.4
      vertex 0.127499 14 4.4
      vertex -1.56069 14.1903 4.4
    endloop
  endfacet
  facet normal 0 0 -1
    outer loop
      vertex -1.6454 14.5615 4.4
      vertex 0.127499 14 4.4
      vertex -1.59262 14.3783 4.4
    endloop
  endfacet
  facet normal 0 0 -1
    outer loop
      vertex -1.71835 14.7376 4.4
      vertex 0.127499 14 4.4
      vertex -1.6454 14.5615 4.4
    endloop
  endfacet
  facet normal 0 0 -1
    outer loop
      vertex -1.81057 14.9045 4.4
      vertex 0.127499 14 4.4
      vertex -1.71835 14.7376 4.4
    endloop
  endfacet
  facet normal 0 0 -1
    outer loop
      vertex 0.127499 14 4.4
      vertex -1.81057 14.9045 4.4
      vertex -1.56125 16.925 4.4
    endloop
  endfacet
  facet normal 0 0 -1
    outer loop
      vertex -1.92089 15.0599 4.4
      vertex -1.56125 16.925 4.4
      vertex -1.81057 14.9045 4.4
    endloop
  endfacet
  facet normal 0 0 -1
    outer loop
      vertex -2.04792 15.2021 4.4
      vertex -1.56125 16.925 4.4
      vertex -1.92089 15.0599 4.4
    endloop
  endfacet
  facet normal 0 0 -1
    outer loop
      vertex -2.19007 15.3291 4.4
      vertex -1.56125 16.925 4.4
      vertex -2.04792 15.2021 4.4
    endloop
  endfacet
  facet normal 0 0 -1
    outer loop
      vertex -2.34555 15.4394 4.4
      vertex -1.56125 16.925 4.4
      vertex -2.19007 15.3291 4.4
    endloop
  endfacet
  facet normal 0 0 -1
    outer loop
      vertex -2.5124 15.5316 4.4
      vertex -1.56125 16.925 4.4
      vertex -2.34555 15.4394 4.4
    endloop
  endfacet
  facet normal 0 0 -1
    outer loop
      vertex -2.68853 15.6046 4.4
      vertex -1.56125 16.925 4.4
      vertex -2.5124 15.5316 4.4
    endloop
  endfacet
  facet normal 0 0 -1
    outer loop
      vertex -2.87171 15.6574 4.4
      vertex -1.56125 16.925 4.4
      vertex -2.68853 15.6046 4.4
    endloop
  endfacet
  facet normal 0 0 -1
    outer loop
      vertex -3.05966 15.6893 4.4
      vertex -1.56125 16.925 4.4
      vertex -2.87171 15.6574 4.4
    endloop
  endfacet
  facet normal 0 0 -1
    outer loop
      vertex -3.25 15.7 4.4
      vertex -1.56125 16.925 4.4
      vertex -3.05966 15.6893 4.4
    endloop
  endfacet
  facet normal 0 0 -1
    outer loop
      vertex -4.93875 16.925 4.4
      vertex -3.25 15.7 4.4
      vertex -3.44034 15.6893 4.4
    endloop
  endfacet
  facet normal 0 0 -1
    outer loop
      vertex -4.93875 16.925 4.4
      vertex -3.44034 15.6893 4.4
      vertex -3.62829 15.6574 4.4
    endloop
  endfacet
  facet normal 0 0 -1
    outer loop
      vertex -4.93875 16.925 4.4
      vertex -3.62829 15.6574 4.4
      vertex -3.81147 15.6046 4.4
    endloop
  endfacet
  facet normal 0 0 -1
    outer loop
      vertex -4.93875 16.925 4.4
      vertex -3.81147 15.6046 4.4
      vertex -3.9876 15.5316 4.4
    endloop
  endfacet
  facet normal 0 0 -1
    outer loop
      vertex -4.93875 16.925 4.4
      vertex -3.9876 15.5316 4.4
      vertex -4.15445 15.4394 4.4
    endloop
  endfacet
  facet normal 0 0 -1
    outer loop
      vertex -3.25 15.7 4.4
      vertex -4.93875 16.925 4.4
      vertex -1.56125 16.925 4.4
    endloop
  endfacet
  facet normal 0 0 -1
    outer loop
      vertex -4.30993 15.3291 4.4
      vertex -4.93875 16.925 4.4
      vertex -4.15445 15.4394 4.4
    endloop
  endfacet
  facet normal 0 0 -1
    outer loop
      vertex -4.45208 15.2021 4.4
      vertex -4.93875 16.925 4.4
      vertex -4.30993 15.3291 4.4
    endloop
  endfacet
  facet normal 0 0 -1
    outer loop
      vertex -4.57911 15.0599 4.4
      vertex -4.93875 16.925 4.4
      vertex -4.45208 15.2021 4.4
    endloop
  endfacet
  facet normal 0 0 -1
    outer loop
      vertex -4.68943 14.9045 4.4
      vertex -4.93875 16.925 4.4
      vertex -4.57911 15.0599 4.4
    endloop
  endfacet
  facet normal 0 0 -1
    outer loop
      vertex -6.6275 14 4.4
      vertex -4.68943 14.9045 4.4
      vertex -4.78165 14.7376 4.4
    endloop
  endfacet
  facet normal 0 0 -1
    outer loop
      vertex -6.6275 14 4.4
      vertex -4.78165 14.7376 4.4
      vertex -4.8546 14.5615 4.4
    endloop
  endfacet
  facet normal 0 0 -1
    outer loop
      vertex -6.6275 14 4.4
      vertex -4.8546 14.5615 4.4
      vertex -4.90738 14.3783 4.4
    endloop
  endfacet
  facet normal 0 0 -1
    outer loop
      vertex -6.6275 14 4.4
      vertex -4.90738 14.3783 4.4
      vertex -4.93931 14.1903 4.4
    endloop
  endfacet
  facet normal 0 0 -1
    outer loop
      vertex -6.6275 14 4.4
      vertex -4.93931 14.1903 4.4
      vertex -4.95 14 4.4
    endloop
  endfacet
  facet normal -0 0 -1
    outer loop
      vertex -4.68943 14.9045 4.4
      vertex -6.6275 14 4.4
      vertex -4.93875 16.925 4.4
    endloop
  endfacet
  facet normal -0.866025 0.5 0
    outer loop
      vertex -1.56125 11.075 0
      vertex 0.127499 14 4.4
      vertex 0.127499 14 0
    endloop
  endfacet
  facet normal -0.866025 0.5 0
    outer loop
      vertex 0.127499 14 4.4
      vertex -1.56125 11.075 0
      vertex -1.56125 11.075 4.4
    endloop
  endfacet
  facet normal 0 1 -0
    outer loop
      vertex -1.56125 11.075 0
      vertex -4.93875 11.075 4.4
      vertex -1.56125 11.075 4.4
    endloop
  endfacet
  facet normal 0 1 0
    outer loop
      vertex -4.93875 11.075 4.4
      vertex -1.56125 11.075 0
      vertex -4.93875 11.075 0
    endloop
  endfacet
  facet normal 0.866025 0.5 0
    outer loop
      vertex -4.93875 11.075 4.4
      vertex -6.6275 14 0
      vertex -6.6275 14 4.4
    endloop
  endfacet
  facet normal 0.866025 0.5 0
    outer loop
      vertex -6.6275 14 0
      vertex -4.93875 11.075 4.4
      vertex -4.93875 11.075 0
    endloop
  endfacet
  facet normal 0 -0.0561383 0.998423
    outer loop
      vertex -21.5 -10.8097 14.3107
      vertex -11.5 -11 14.3
      vertex -11.5 -10.8097 14.3107
    endloop
  endfacet
  facet normal 0 -0.0561383 0.998423
    outer loop
      vertex -11.5 -11 14.3
      vertex -21.5 -10.8097 14.3107
      vertex -21.5 -11 14.3
    endloop
  endfacet
  facet normal 0 -0.0561383 -0.998423
    outer loop
      vertex -21.5 -11 17.7
      vertex -11.5 -10.8097 17.6893
      vertex -11.5 -11 17.7
    endloop
  endfacet
  facet normal -0 -0.0561383 -0.998423
    outer loop
      vertex -11.5 -10.8097 17.6893
      vertex -21.5 -11 17.7
      vertex -21.5 -10.8097 17.6893
    endloop
  endfacet
  facet normal 0 0.998423 -0.0561383
    outer loop
      vertex -11.5 -12.7 16
      vertex -21.5 -12.6893 16.1903
      vertex -11.5 -12.6893 16.1903
    endloop
  endfacet
  facet normal 0 0.998423 -0.0561383
    outer loop
      vertex -21.5 -12.6893 16.1903
      vertex -11.5 -12.7 16
      vertex -21.5 -12.7 16
    endloop
  endfacet
  facet normal 0 0.66612 -0.745845
    outer loop
      vertex -21.5 -12.2021 17.2021
      vertex -11.5 -12.0599 17.3291
      vertex -11.5 -12.2021 17.2021
    endloop
  endfacet
  facet normal 0 0.66612 -0.745845
    outer loop
      vertex -11.5 -12.0599 17.3291
      vertex -21.5 -12.2021 17.2021
      vertex -21.5 -12.0599 17.3291
    endloop
  endfacet
  facet normal 0 -0.745766 -0.666208
    outer loop
      vertex -21.5 -9.67089 17.0599
      vertex -11.5 -9.79792 17.2021
      vertex -21.5 -9.79792 17.2021
    endloop
  endfacet
  facet normal 0 -0.745766 -0.666208
    outer loop
      vertex -11.5 -9.79792 17.2021
      vertex -21.5 -9.67089 17.0599
      vertex -11.5 -9.67089 17.0599
    endloop
  endfacet
  facet normal 0 -0.923867 -0.382715
    outer loop
      vertex -21.5 -9.3954 16.5615
      vertex -11.5 -9.46835 16.7376
      vertex -21.5 -9.46835 16.7376
    endloop
  endfacet
  facet normal 0 -0.923867 -0.382715
    outer loop
      vertex -11.5 -9.46835 16.7376
      vertex -21.5 -9.3954 16.5615
      vertex -11.5 -9.3954 16.5615
    endloop
  endfacet
  facet normal 0 0.276937 -0.960888
    outer loop
      vertex -21.5 -11.5615 17.6046
      vertex -11.5 -11.3783 17.6574
      vertex -11.5 -11.5615 17.6046
    endloop
  endfacet
  facet normal 0 0.276937 -0.960888
    outer loop
      vertex -11.5 -11.3783 17.6574
      vertex -21.5 -11.5615 17.6046
      vertex -21.5 -11.3783 17.6574
    endloop
  endfacet
  facet normal 0 -0.16729 0.985908
    outer loop
      vertex -21.5 -10.6217 14.3426
      vertex -11.5 -10.8097 14.3107
      vertex -11.5 -10.6217 14.3426
    endloop
  endfacet
  facet normal 0 -0.16729 0.985908
    outer loop
      vertex -11.5 -10.8097 14.3107
      vertex -21.5 -10.6217 14.3426
      vertex -21.5 -10.8097 14.3107
    endloop
  endfacet
  facet normal 0 -0.745766 0.666208
    outer loop
      vertex -21.5 -9.79792 14.7979
      vertex -11.5 -9.67089 14.9401
      vertex -21.5 -9.67089 14.9401
    endloop
  endfacet
  facet normal 0 -0.745766 0.666208
    outer loop
      vertex -11.5 -9.67089 14.9401
      vertex -21.5 -9.79792 14.7979
      vertex -11.5 -9.79792 14.7979
    endloop
  endfacet
  facet normal 0 -0.960916 0.27684
    outer loop
      vertex -21.5 -9.3954 15.4385
      vertex -11.5 -9.34262 15.6217
      vertex -21.5 -9.34262 15.6217
    endloop
  endfacet
  facet normal 0 -0.960916 0.27684
    outer loop
      vertex -11.5 -9.34262 15.6217
      vertex -21.5 -9.3954 15.4385
      vertex -11.5 -9.3954 15.4385
    endloop
  endfacet
  facet normal 0 -0.875273 0.483629
    outer loop
      vertex -21.5 -9.56057 15.0955
      vertex -11.5 -9.46835 15.2624
      vertex -21.5 -9.46835 15.2624
    endloop
  endfacet
  facet normal 0 -0.875273 0.483629
    outer loop
      vertex -11.5 -9.46835 15.2624
      vertex -21.5 -9.56057 15.0955
      vertex -11.5 -9.56057 15.0955
    endloop
  endfacet
  facet normal 0 -0.578729 -0.81552
    outer loop
      vertex -21.5 -10.0955 17.4394
      vertex -11.5 -9.94007 17.3291
      vertex -11.5 -10.0955 17.4394
    endloop
  endfacet
  facet normal -0 -0.578729 -0.81552
    outer loop
      vertex -11.5 -9.94007 17.3291
      vertex -21.5 -10.0955 17.4394
      vertex -21.5 -9.94007 17.3291
    endloop
  endfacet
  facet normal 0 -0.66625 -0.745728
    outer loop
      vertex -21.5 -9.94007 17.3291
      vertex -11.5 -9.79792 17.2021
      vertex -11.5 -9.94007 17.3291
    endloop
  endfacet
  facet normal -0 -0.66625 -0.745728
    outer loop
      vertex -11.5 -9.79792 17.2021
      vertex -21.5 -9.94007 17.3291
      vertex -21.5 -9.79792 17.2021
    endloop
  endfacet
  facet normal 0 -0.815418 -0.578873
    outer loop
      vertex -21.5 -9.56057 16.9045
      vertex -11.5 -9.67089 17.0599
      vertex -21.5 -9.67089 17.0599
    endloop
  endfacet
  facet normal 0 -0.815418 -0.578873
    outer loop
      vertex -11.5 -9.67089 17.0599
      vertex -21.5 -9.56057 16.9045
      vertex -11.5 -9.56057 16.9045
    endloop
  endfacet
  facet normal 0 -0.985882 -0.167443
    outer loop
      vertex -21.5 -9.31069 16.1903
      vertex -11.5 -9.34262 16.3783
      vertex -21.5 -9.34262 16.3783
    endloop
  endfacet
  facet normal 0 -0.985882 -0.167443
    outer loop
      vertex -11.5 -9.34262 16.3783
      vertex -21.5 -9.31069 16.1903
      vertex -11.5 -9.31069 16.1903
    endloop
  endfacet
  facet normal 0 0.960888 0.276937
    outer loop
      vertex -11.5 -12.6046 15.4385
      vertex -21.5 -12.6574 15.6217
      vertex -11.5 -12.6574 15.6217
    endloop
  endfacet
  facet normal 0 0.960888 0.276937
    outer loop
      vertex -21.5 -12.6574 15.6217
      vertex -11.5 -12.6046 15.4385
      vertex -21.5 -12.6046 15.4385
    endloop
  endfacet
  facet normal -0 0.66612 0.745845
    outer loop
      vertex -21.5 -12.0599 14.6709
      vertex -11.5 -12.2021 14.7979
      vertex -11.5 -12.0599 14.6709
    endloop
  endfacet
  facet normal 0 0.66612 0.745845
    outer loop
      vertex -11.5 -12.2021 14.7979
      vertex -21.5 -12.0599 14.6709
      vertex -21.5 -12.2021 14.7979
    endloop
  endfacet
  facet normal 0 0.745845 -0.66612
    outer loop
      vertex -11.5 -12.3291 17.0599
      vertex -21.5 -12.2021 17.2021
      vertex -11.5 -12.2021 17.2021
    endloop
  endfacet
  facet normal 0 0.745845 -0.66612
    outer loop
      vertex -21.5 -12.2021 17.2021
      vertex -11.5 -12.3291 17.0599
      vertex -21.5 -12.3291 17.0599
    endloop
  endfacet
  facet normal 0 0.923774 -0.382939
    outer loop
      vertex -11.5 -12.6046 16.5615
      vertex -21.5 -12.5316 16.7376
      vertex -11.5 -12.5316 16.7376
    endloop
  endfacet
  facet normal 0 0.923774 -0.382939
    outer loop
      vertex -21.5 -12.5316 16.7376
      vertex -11.5 -12.6046 16.5615
      vertex -21.5 -12.6046 16.5615
    endloop
  endfacet
  facet normal 0 0.16729 -0.985908
    outer loop
      vertex -21.5 -11.3783 17.6574
      vertex -11.5 -11.1903 17.6893
      vertex -11.5 -11.3783 17.6574
    endloop
  endfacet
  facet normal 0 0.16729 -0.985908
    outer loop
      vertex -11.5 -11.1903 17.6893
      vertex -21.5 -11.3783 17.6574
      vertex -21.5 -11.1903 17.6893
    endloop
  endfacet
  facet normal 0 -0.276937 0.960888
    outer loop
      vertex -21.5 -10.4385 14.3954
      vertex -11.5 -10.6217 14.3426
      vertex -11.5 -10.4385 14.3954
    endloop
  endfacet
  facet normal 0 -0.276937 0.960888
    outer loop
      vertex -11.5 -10.6217 14.3426
      vertex -21.5 -10.4385 14.3954
      vertex -21.5 -10.6217 14.3426
    endloop
  endfacet
  facet normal 0 -0.66625 0.745728
    outer loop
      vertex -21.5 -9.79792 14.7979
      vertex -11.5 -9.94007 14.6709
      vertex -11.5 -9.79792 14.7979
    endloop
  endfacet
  facet normal 0 -0.66625 0.745728
    outer loop
      vertex -11.5 -9.94007 14.6709
      vertex -21.5 -9.79792 14.7979
      vertex -21.5 -9.94007 14.6709
    endloop
  endfacet
  facet normal 0 -0.483549 0.875317
    outer loop
      vertex -21.5 -10.0955 14.5606
      vertex -11.5 -10.2624 14.4684
      vertex -11.5 -10.0955 14.5606
    endloop
  endfacet
  facet normal 0 -0.483549 0.875317
    outer loop
      vertex -11.5 -10.2624 14.4684
      vertex -21.5 -10.0955 14.5606
      vertex -21.5 -10.2624 14.4684
    endloop
  endfacet
  facet normal 0 -0.985882 0.167443
    outer loop
      vertex -21.5 -9.34262 15.6217
      vertex -11.5 -9.31069 15.8097
      vertex -21.5 -9.31069 15.8097
    endloop
  endfacet
  facet normal 0 -0.985882 0.167443
    outer loop
      vertex -11.5 -9.31069 15.8097
      vertex -21.5 -9.34262 15.6217
      vertex -11.5 -9.34262 15.6217
    endloop
  endfacet
  facet normal 0 -0.923867 0.382715
    outer loop
      vertex -21.5 -9.46835 15.2624
      vertex -11.5 -9.3954 15.4385
      vertex -21.5 -9.3954 15.4385
    endloop
  endfacet
  facet normal 0 -0.923867 0.382715
    outer loop
      vertex -11.5 -9.3954 15.4385
      vertex -21.5 -9.46835 15.2624
      vertex -11.5 -9.46835 15.2624
    endloop
  endfacet
  facet normal 0 -0.815418 0.578873
    outer loop
      vertex -21.5 -9.67089 14.9401
      vertex -11.5 -9.56057 15.0955
      vertex -21.5 -9.56057 15.0955
    endloop
  endfacet
  facet normal 0 -0.815418 0.578873
    outer loop
      vertex -11.5 -9.56057 15.0955
      vertex -21.5 -9.67089 14.9401
      vertex -11.5 -9.67089 14.9401
    endloop
  endfacet
  facet normal 0 -0.276937 -0.960888
    outer loop
      vertex -21.5 -10.6217 17.6574
      vertex -11.5 -10.4385 17.6046
      vertex -11.5 -10.6217 17.6574
    endloop
  endfacet
  facet normal -0 -0.276937 -0.960888
    outer loop
      vertex -11.5 -10.4385 17.6046
      vertex -21.5 -10.6217 17.6574
      vertex -21.5 -10.4385 17.6046
    endloop
  endfacet
  facet normal 0 -0.483549 -0.875317
    outer loop
      vertex -21.5 -10.2624 17.5316
      vertex -11.5 -10.0955 17.4394
      vertex -11.5 -10.2624 17.5316
    endloop
  endfacet
  facet normal -0 -0.483549 -0.875317
    outer loop
      vertex -11.5 -10.0955 17.4394
      vertex -21.5 -10.2624 17.5316
      vertex -21.5 -10.0955 17.4394
    endloop
  endfacet
  facet normal 0 -0.382939 -0.923774
    outer loop
      vertex -21.5 -10.4385 17.6046
      vertex -11.5 -10.2624 17.5316
      vertex -11.5 -10.4385 17.6046
    endloop
  endfacet
  facet normal -0 -0.382939 -0.923774
    outer loop
      vertex -11.5 -10.2624 17.5316
      vertex -21.5 -10.4385 17.6046
      vertex -21.5 -10.2624 17.5316
    endloop
  endfacet
  facet normal 0 -0.16729 -0.985908
    outer loop
      vertex -21.5 -10.8097 17.6893
      vertex -11.5 -10.6217 17.6574
      vertex -11.5 -10.8097 17.6893
    endloop
  endfacet
  facet normal -0 -0.16729 -0.985908
    outer loop
      vertex -11.5 -10.6217 17.6574
      vertex -21.5 -10.8097 17.6893
      vertex -21.5 -10.6217 17.6574
    endloop
  endfacet
  facet normal 0 -0.998426 -0.056086
    outer loop
      vertex -21.5 -9.3 16
      vertex -11.5 -9.31069 16.1903
      vertex -21.5 -9.31069 16.1903
    endloop
  endfacet
  facet normal 0 -0.998426 -0.056086
    outer loop
      vertex -11.5 -9.31069 16.1903
      vertex -21.5 -9.3 16
      vertex -11.5 -9.3 16
    endloop
  endfacet
  facet normal 0 0.998423 0.0561383
    outer loop
      vertex -11.5 -12.6893 15.8097
      vertex -21.5 -12.7 16
      vertex -11.5 -12.7 16
    endloop
  endfacet
  facet normal 0 0.998423 0.0561383
    outer loop
      vertex -21.5 -12.7 16
      vertex -11.5 -12.6893 15.8097
      vertex -21.5 -12.6893 15.8097
    endloop
  endfacet
  facet normal 0 0.875317 0.483549
    outer loop
      vertex -11.5 -12.4394 15.0955
      vertex -21.5 -12.5316 15.2624
      vertex -11.5 -12.5316 15.2624
    endloop
  endfacet
  facet normal 0 0.875317 0.483549
    outer loop
      vertex -21.5 -12.5316 15.2624
      vertex -11.5 -12.4394 15.0955
      vertex -21.5 -12.4394 15.0955
    endloop
  endfacet
  facet normal 0 0.745845 0.66612
    outer loop
      vertex -11.5 -12.2021 14.7979
      vertex -21.5 -12.3291 14.9401
      vertex -11.5 -12.3291 14.9401
    endloop
  endfacet
  facet normal 0 0.745845 0.66612
    outer loop
      vertex -21.5 -12.3291 14.9401
      vertex -11.5 -12.2021 14.7979
      vertex -21.5 -12.2021 14.7979
    endloop
  endfacet
  facet normal -0 0.578803 0.815467
    outer loop
      vertex -21.5 -11.9045 14.5606
      vertex -11.5 -12.0599 14.6709
      vertex -11.5 -11.9045 14.5606
    endloop
  endfacet
  facet normal 0 0.578803 0.815467
    outer loop
      vertex -11.5 -12.0599 14.6709
      vertex -21.5 -11.9045 14.5606
      vertex -21.5 -12.0599 14.6709
    endloop
  endfacet
  facet normal 0 0.960888 -0.276937
    outer loop
      vertex -11.5 -12.6574 16.3783
      vertex -21.5 -12.6046 16.5615
      vertex -11.5 -12.6046 16.5615
    endloop
  endfacet
  facet normal 0 0.960888 -0.276937
    outer loop
      vertex -21.5 -12.6046 16.5615
      vertex -11.5 -12.6574 16.3783
      vertex -21.5 -12.6574 16.3783
    endloop
  endfacet
  facet normal 0 0.815467 -0.578803
    outer loop
      vertex -11.5 -12.4394 16.9045
      vertex -21.5 -12.3291 17.0599
      vertex -11.5 -12.3291 17.0599
    endloop
  endfacet
  facet normal 0 0.815467 -0.578803
    outer loop
      vertex -21.5 -12.3291 17.0599
      vertex -11.5 -12.4394 16.9045
      vertex -21.5 -12.4394 16.9045
    endloop
  endfacet
  facet normal 0 0.875317 -0.483549
    outer loop
      vertex -11.5 -12.5316 16.7376
      vertex -21.5 -12.4394 16.9045
      vertex -11.5 -12.4394 16.9045
    endloop
  endfacet
  facet normal 0 0.875317 -0.483549
    outer loop
      vertex -21.5 -12.4394 16.9045
      vertex -11.5 -12.5316 16.7376
      vertex -21.5 -12.5316 16.7376
    endloop
  endfacet
  facet normal 0 0.985908 -0.16729
    outer loop
      vertex -11.5 -12.6893 16.1903
      vertex -21.5 -12.6574 16.3783
      vertex -11.5 -12.6574 16.3783
    endloop
  endfacet
  facet normal 0 0.985908 -0.16729
    outer loop
      vertex -21.5 -12.6574 16.3783
      vertex -11.5 -12.6893 16.1903
      vertex -21.5 -12.6893 16.1903
    endloop
  endfacet
  facet normal 0 0.483549 -0.875317
    outer loop
      vertex -21.5 -11.9045 17.4394
      vertex -11.5 -11.7376 17.5316
      vertex -11.5 -11.9045 17.4394
    endloop
  endfacet
  facet normal 0 0.483549 -0.875317
    outer loop
      vertex -11.5 -11.7376 17.5316
      vertex -21.5 -11.9045 17.4394
      vertex -21.5 -11.7376 17.5316
    endloop
  endfacet
  facet normal 0 0.578803 -0.815467
    outer loop
      vertex -21.5 -12.0599 17.3291
      vertex -11.5 -11.9045 17.4394
      vertex -11.5 -12.0599 17.3291
    endloop
  endfacet
  facet normal 0 0.578803 -0.815467
    outer loop
      vertex -11.5 -11.9045 17.4394
      vertex -21.5 -12.0599 17.3291
      vertex -21.5 -11.9045 17.4394
    endloop
  endfacet
  facet normal 0 0.382939 -0.923774
    outer loop
      vertex -21.5 -11.7376 17.5316
      vertex -11.5 -11.5615 17.6046
      vertex -11.5 -11.7376 17.5316
    endloop
  endfacet
  facet normal 0 0.382939 -0.923774
    outer loop
      vertex -11.5 -11.5615 17.6046
      vertex -21.5 -11.7376 17.5316
      vertex -21.5 -11.5615 17.6046
    endloop
  endfacet
  facet normal 0 0.0561383 -0.998423
    outer loop
      vertex -21.5 -11.1903 17.6893
      vertex -11.5 -11 17.7
      vertex -11.5 -11.1903 17.6893
    endloop
  endfacet
  facet normal 0 0.0561383 -0.998423
    outer loop
      vertex -11.5 -11 17.7
      vertex -21.5 -11.1903 17.6893
      vertex -21.5 -11 17.7
    endloop
  endfacet
  facet normal 0 -0.382939 0.923774
    outer loop
      vertex -21.5 -10.2624 14.4684
      vertex -11.5 -10.4385 14.3954
      vertex -11.5 -10.2624 14.4684
    endloop
  endfacet
  facet normal 0 -0.382939 0.923774
    outer loop
      vertex -11.5 -10.4385 14.3954
      vertex -21.5 -10.2624 14.4684
      vertex -21.5 -10.4385 14.3954
    endloop
  endfacet
  facet normal 0 -0.578729 0.81552
    outer loop
      vertex -21.5 -9.94007 14.6709
      vertex -11.5 -10.0955 14.5606
      vertex -11.5 -9.94007 14.6709
    endloop
  endfacet
  facet normal 0 -0.578729 0.81552
    outer loop
      vertex -11.5 -10.0955 14.5606
      vertex -21.5 -9.94007 14.6709
      vertex -21.5 -10.0955 14.5606
    endloop
  endfacet
  facet normal 0 -0.998426 0.056086
    outer loop
      vertex -21.5 -9.31069 15.8097
      vertex -11.5 -9.3 16
      vertex -21.5 -9.3 16
    endloop
  endfacet
  facet normal 0 -0.998426 0.056086
    outer loop
      vertex -11.5 -9.3 16
      vertex -21.5 -9.31069 15.8097
      vertex -11.5 -9.31069 15.8097
    endloop
  endfacet
  facet normal 0 -0.875273 -0.483629
    outer loop
      vertex -21.5 -9.46835 16.7376
      vertex -11.5 -9.56057 16.9045
      vertex -21.5 -9.56057 16.9045
    endloop
  endfacet
  facet normal 0 -0.875273 -0.483629
    outer loop
      vertex -11.5 -9.56057 16.9045
      vertex -21.5 -9.46835 16.7376
      vertex -11.5 -9.46835 16.7376
    endloop
  endfacet
  facet normal 0 -0.960916 -0.27684
    outer loop
      vertex -21.5 -9.34262 16.3783
      vertex -11.5 -9.3954 16.5615
      vertex -21.5 -9.3954 16.5615
    endloop
  endfacet
  facet normal 0 -0.960916 -0.27684
    outer loop
      vertex -11.5 -9.3954 16.5615
      vertex -21.5 -9.34262 16.3783
      vertex -11.5 -9.34262 16.3783
    endloop
  endfacet
  facet normal 0 0.985908 0.16729
    outer loop
      vertex -11.5 -12.6574 15.6217
      vertex -21.5 -12.6893 15.8097
      vertex -11.5 -12.6893 15.8097
    endloop
  endfacet
  facet normal 0 0.985908 0.16729
    outer loop
      vertex -21.5 -12.6893 15.8097
      vertex -11.5 -12.6574 15.6217
      vertex -21.5 -12.6574 15.6217
    endloop
  endfacet
  facet normal 0 0.923774 0.382939
    outer loop
      vertex -11.5 -12.5316 15.2624
      vertex -21.5 -12.6046 15.4385
      vertex -11.5 -12.6046 15.4385
    endloop
  endfacet
  facet normal 0 0.923774 0.382939
    outer loop
      vertex -21.5 -12.6046 15.4385
      vertex -11.5 -12.5316 15.2624
      vertex -21.5 -12.5316 15.2624
    endloop
  endfacet
  facet normal 0 0.815467 0.578803
    outer loop
      vertex -11.5 -12.3291 14.9401
      vertex -21.5 -12.4394 15.0955
      vertex -11.5 -12.4394 15.0955
    endloop
  endfacet
  facet normal 0 0.815467 0.578803
    outer loop
      vertex -21.5 -12.4394 15.0955
      vertex -11.5 -12.3291 14.9401
      vertex -21.5 -12.3291 14.9401
    endloop
  endfacet
  facet normal -0 0.483549 0.875317
    outer loop
      vertex -21.5 -11.7376 14.4684
      vertex -11.5 -11.9045 14.5606
      vertex -11.5 -11.7376 14.4684
    endloop
  endfacet
  facet normal 0 0.483549 0.875317
    outer loop
      vertex -11.5 -11.9045 14.5606
      vertex -21.5 -11.7376 14.4684
      vertex -21.5 -11.9045 14.5606
    endloop
  endfacet
  facet normal -0 0.382939 0.923774
    outer loop
      vertex -21.5 -11.5615 14.3954
      vertex -11.5 -11.7376 14.4684
      vertex -11.5 -11.5615 14.3954
    endloop
  endfacet
  facet normal 0 0.382939 0.923774
    outer loop
      vertex -11.5 -11.7376 14.4684
      vertex -21.5 -11.5615 14.3954
      vertex -21.5 -11.7376 14.4684
    endloop
  endfacet
  facet normal -0 0.276937 0.960888
    outer loop
      vertex -21.5 -11.3783 14.3426
      vertex -11.5 -11.5615 14.3954
      vertex -11.5 -11.3783 14.3426
    endloop
  endfacet
  facet normal 0 0.276937 0.960888
    outer loop
      vertex -11.5 -11.5615 14.3954
      vertex -21.5 -11.3783 14.3426
      vertex -21.5 -11.5615 14.3954
    endloop
  endfacet
  facet normal -0 0.16729 0.985908
    outer loop
      vertex -21.5 -11.1903 14.3107
      vertex -11.5 -11.3783 14.3426
      vertex -11.5 -11.1903 14.3107
    endloop
  endfacet
  facet normal 0 0.16729 0.985908
    outer loop
      vertex -11.5 -11.3783 14.3426
      vertex -21.5 -11.1903 14.3107
      vertex -21.5 -11.3783 14.3426
    endloop
  endfacet
  facet normal -0 0.0561383 0.998423
    outer loop
      vertex -21.5 -11 14.3
      vertex -11.5 -11.1903 14.3107
      vertex -11.5 -11 14.3
    endloop
  endfacet
  facet normal 0 0.0561383 0.998423
    outer loop
      vertex -11.5 -11.1903 14.3107
      vertex -21.5 -11 14.3
      vertex -21.5 -11.1903 14.3107
    endloop
  endfacet
  facet normal -0.998426 0 -0.056086
    outer loop
      vertex 1.7 19.7 -19.4
      vertex 1.68931 31 -19.2097
      vertex 1.7 31 -19.4
    endloop
  endfacet
  facet normal -0.998426 -0 -0.056086
    outer loop
      vertex 1.68931 31 -19.2097
      vertex 1.7 19.7 -19.4
      vertex 1.68931 19.7 -19.2097
    endloop
  endfacet
  facet normal -0.985882 0 -0.167443
    outer loop
      vertex 1.68931 19.7 -19.2097
      vertex 1.65738 31 -19.0217
      vertex 1.68931 31 -19.2097
    endloop
  endfacet
  facet normal -0.985882 -0 -0.167443
    outer loop
      vertex 1.65738 31 -19.0217
      vertex 1.68931 19.7 -19.2097
      vertex 1.65738 19.7 -19.0217
    endloop
  endfacet
  facet normal 0.998426 0 -0.056086
    outer loop
      vertex -1.68931 19.7 -19.2097
      vertex -1.7 31 -19.4
      vertex -1.68931 31 -19.2097
    endloop
  endfacet
  facet normal 0.998426 0 -0.056086
    outer loop
      vertex -1.7 31 -19.4
      vertex -1.68931 19.7 -19.2097
      vertex -1.7 19.7 -19.4
    endloop
  endfacet
  facet normal 0.0561269 0 -0.998424
    outer loop
      vertex -0.190339 19.7 -17.7107
      vertex 0 31 -17.7
      vertex 0 19.7 -17.7
    endloop
  endfacet
  facet normal 0.0561269 0 -0.998424
    outer loop
      vertex 0 31 -17.7
      vertex -0.190339 19.7 -17.7107
      vertex -0.190339 31 -17.7107
    endloop
  endfacet
  facet normal -0.66625 0 -0.745728
    outer loop
      vertex 1.05993 19.7 -18.0709
      vertex 1.20208 31 -18.1979
      vertex 1.20208 19.7 -18.1979
    endloop
  endfacet
  facet normal -0.66625 0 -0.745728
    outer loop
      vertex 1.20208 31 -18.1979
      vertex 1.05993 19.7 -18.0709
      vertex 1.05993 31 -18.0709
    endloop
  endfacet
  facet normal -0.923867 0 -0.382715
    outer loop
      vertex 1.6046 19.7 -18.8385
      vertex 1.53165 31 -18.6624
      vertex 1.6046 31 -18.8385
    endloop
  endfacet
  facet normal -0.923867 -0 -0.382715
    outer loop
      vertex 1.53165 31 -18.6624
      vertex 1.6046 19.7 -18.8385
      vertex 1.53165 19.7 -18.6624
    endloop
  endfacet
  facet normal -0.382887 0 -0.923795
    outer loop
      vertex 0.561474 19.7 -17.7954
      vertex 0.737602 31 -17.8684
      vertex 0.737602 19.7 -17.8684
    endloop
  endfacet
  facet normal -0.382887 0 -0.923795
    outer loop
      vertex 0.737602 31 -17.8684
      vertex 0.561474 19.7 -17.7954
      vertex 0.561474 31 -17.7954
    endloop
  endfacet
  facet normal -0.578615 0 -0.815601
    outer loop
      vertex 0.904454 19.7 -17.9606
      vertex 1.05993 31 -18.0709
      vertex 1.05993 19.7 -18.0709
    endloop
  endfacet
  facet normal -0.578615 0 -0.815601
    outer loop
      vertex 1.05993 31 -18.0709
      vertex 0.904454 19.7 -17.9606
      vertex 0.904454 31 -17.9606
    endloop
  endfacet
  facet normal 0.923867 0 -0.382715
    outer loop
      vertex -1.53165 19.7 -18.6624
      vertex -1.6046 31 -18.8385
      vertex -1.53165 31 -18.6624
    endloop
  endfacet
  facet normal 0.923867 0 -0.382715
    outer loop
      vertex -1.6046 31 -18.8385
      vertex -1.53165 19.7 -18.6624
      vertex -1.6046 19.7 -18.8385
    endloop
  endfacet
  facet normal 0.815418 0 -0.578873
    outer loop
      vertex -1.32911 19.7 -18.3401
      vertex -1.43943 31 -18.4955
      vertex -1.32911 31 -18.3401
    endloop
  endfacet
  facet normal 0.815418 0 -0.578873
    outer loop
      vertex -1.43943 31 -18.4955
      vertex -1.32911 19.7 -18.3401
      vertex -1.43943 19.7 -18.4955
    endloop
  endfacet
  facet normal 0.276953 0 -0.960884
    outer loop
      vertex -0.561474 19.7 -17.7954
      vertex -0.378285 31 -17.7426
      vertex -0.378285 19.7 -17.7426
    endloop
  endfacet
  facet normal 0.276953 0 -0.960884
    outer loop
      vertex -0.378285 31 -17.7426
      vertex -0.561474 19.7 -17.7954
      vertex -0.561474 31 -17.7954
    endloop
  endfacet
  facet normal -0.923867 0 0.382715
    outer loop
      vertex 1.53165 19.7 -20.1376
      vertex 1.6046 31 -19.9615
      vertex 1.53165 31 -20.1376
    endloop
  endfacet
  facet normal -0.923867 0 0.382715
    outer loop
      vertex 1.6046 31 -19.9615
      vertex 1.53165 19.7 -20.1376
      vertex 1.6046 19.7 -19.9615
    endloop
  endfacet
  facet normal -0.815418 0 -0.578873
    outer loop
      vertex 1.43943 19.7 -18.4955
      vertex 1.32911 31 -18.3401
      vertex 1.43943 31 -18.4955
    endloop
  endfacet
  facet normal -0.815418 -0 -0.578873
    outer loop
      vertex 1.32911 31 -18.3401
      vertex 1.43943 19.7 -18.4955
      vertex 1.32911 19.7 -18.3401
    endloop
  endfacet
  facet normal -0.875273 0 -0.483629
    outer loop
      vertex 1.53165 19.7 -18.6624
      vertex 1.43943 31 -18.4955
      vertex 1.53165 31 -18.6624
    endloop
  endfacet
  facet normal -0.875273 -0 -0.483629
    outer loop
      vertex 1.43943 31 -18.4955
      vertex 1.53165 19.7 -18.6624
      vertex 1.43943 19.7 -18.4955
    endloop
  endfacet
  facet normal -0.167336 0 -0.9859
    outer loop
      vertex 0.190339 19.7 -17.7107
      vertex 0.378285 31 -17.7426
      vertex 0.378285 19.7 -17.7426
    endloop
  endfacet
  facet normal -0.167336 0 -0.9859
    outer loop
      vertex 0.378285 31 -17.7426
      vertex 0.190339 19.7 -17.7107
      vertex 0.190339 31 -17.7107
    endloop
  endfacet
  facet normal -0.276953 0 -0.960884
    outer loop
      vertex 0.378285 19.7 -17.7426
      vertex 0.561474 31 -17.7954
      vertex 0.561474 19.7 -17.7954
    endloop
  endfacet
  facet normal -0.276953 0 -0.960884
    outer loop
      vertex 0.561474 31 -17.7954
      vertex 0.378285 19.7 -17.7426
      vertex 0.378285 31 -17.7426
    endloop
  endfacet
  facet normal 0.960916 0 -0.27684
    outer loop
      vertex -1.6046 19.7 -18.8385
      vertex -1.65738 31 -19.0217
      vertex -1.6046 31 -18.8385
    endloop
  endfacet
  facet normal 0.960916 0 -0.27684
    outer loop
      vertex -1.65738 31 -19.0217
      vertex -1.6046 19.7 -18.8385
      vertex -1.65738 19.7 -19.0217
    endloop
  endfacet
  facet normal 0.875273 0 -0.483629
    outer loop
      vertex -1.43943 19.7 -18.4955
      vertex -1.53165 31 -18.6624
      vertex -1.43943 31 -18.4955
    endloop
  endfacet
  facet normal 0.875273 0 -0.483629
    outer loop
      vertex -1.53165 31 -18.6624
      vertex -1.43943 19.7 -18.4955
      vertex -1.53165 19.7 -18.6624
    endloop
  endfacet
  facet normal 0.578615 0 -0.815601
    outer loop
      vertex -1.05993 19.7 -18.0709
      vertex -0.904454 31 -17.9606
      vertex -0.904454 19.7 -17.9606
    endloop
  endfacet
  facet normal 0.578615 0 -0.815601
    outer loop
      vertex -0.904454 31 -17.9606
      vertex -1.05993 19.7 -18.0709
      vertex -1.05993 31 -18.0709
    endloop
  endfacet
  facet normal 0.167336 0 -0.9859
    outer loop
      vertex -0.378285 19.7 -17.7426
      vertex -0.190339 31 -17.7107
      vertex -0.190339 19.7 -17.7107
    endloop
  endfacet
  facet normal 0.167336 0 -0.9859
    outer loop
      vertex -0.190339 31 -17.7107
      vertex -0.378285 19.7 -17.7426
      vertex -0.378285 31 -17.7426
    endloop
  endfacet
  facet normal -0.875273 0 0.483629
    outer loop
      vertex 1.43943 19.7 -20.3045
      vertex 1.53165 31 -20.1376
      vertex 1.43943 31 -20.3045
    endloop
  endfacet
  facet normal -0.875273 0 0.483629
    outer loop
      vertex 1.53165 31 -20.1376
      vertex 1.43943 19.7 -20.3045
      vertex 1.53165 19.7 -20.1376
    endloop
  endfacet
  facet normal 0.875273 -0 0.483629
    outer loop
      vertex -1.53165 19.7 -20.1376
      vertex -1.43943 31 -20.3045
      vertex -1.53165 31 -20.1376
    endloop
  endfacet
  facet normal 0.875273 0 0.483629
    outer loop
      vertex -1.43943 31 -20.3045
      vertex -1.53165 19.7 -20.1376
      vertex -1.43943 19.7 -20.3045
    endloop
  endfacet
  facet normal 0.745766 -0 0.666208
    outer loop
      vertex -1.32911 19.7 -20.4599
      vertex -1.20208 31 -20.6021
      vertex -1.32911 31 -20.4599
    endloop
  endfacet
  facet normal 0.745766 0 0.666208
    outer loop
      vertex -1.20208 31 -20.6021
      vertex -1.32911 19.7 -20.4599
      vertex -1.20208 19.7 -20.6021
    endloop
  endfacet
  facet normal -0.0561269 0 0.998424
    outer loop
      vertex 0 31 -21.1
      vertex 0.190339 19.7 -21.0893
      vertex 0.190339 31 -21.0893
    endloop
  endfacet
  facet normal -0.0561269 0 0.998424
    outer loop
      vertex 0.190339 19.7 -21.0893
      vertex 0 31 -21.1
      vertex 0 19.7 -21.1
    endloop
  endfacet
  facet normal -0.960916 0 -0.27684
    outer loop
      vertex 1.65738 19.7 -19.0217
      vertex 1.6046 31 -18.8385
      vertex 1.65738 31 -19.0217
    endloop
  endfacet
  facet normal -0.960916 -0 -0.27684
    outer loop
      vertex 1.6046 31 -18.8385
      vertex 1.65738 19.7 -19.0217
      vertex 1.6046 19.7 -18.8385
    endloop
  endfacet
  facet normal -0.745766 0 -0.666208
    outer loop
      vertex 1.32911 19.7 -18.3401
      vertex 1.20208 31 -18.1979
      vertex 1.32911 31 -18.3401
    endloop
  endfacet
  facet normal -0.745766 -0 -0.666208
    outer loop
      vertex 1.20208 31 -18.1979
      vertex 1.32911 19.7 -18.3401
      vertex 1.20208 19.7 -18.1979
    endloop
  endfacet
  facet normal -0.0561269 0 -0.998424
    outer loop
      vertex 0 19.7 -17.7
      vertex 0.190339 31 -17.7107
      vertex 0.190339 19.7 -17.7107
    endloop
  endfacet
  facet normal -0.0561269 0 -0.998424
    outer loop
      vertex 0.190339 31 -17.7107
      vertex 0 19.7 -17.7
      vertex 0 31 -17.7
    endloop
  endfacet
  facet normal -0.483655 0 -0.875259
    outer loop
      vertex 0.737602 19.7 -17.8684
      vertex 0.904454 31 -17.9606
      vertex 0.904454 19.7 -17.9606
    endloop
  endfacet
  facet normal -0.483655 0 -0.875259
    outer loop
      vertex 0.904454 31 -17.9606
      vertex 0.737602 19.7 -17.8684
      vertex 0.737602 31 -17.8684
    endloop
  endfacet
  facet normal 0.985882 0 -0.167443
    outer loop
      vertex -1.65738 19.7 -19.0217
      vertex -1.68931 31 -19.2097
      vertex -1.65738 31 -19.0217
    endloop
  endfacet
  facet normal 0.985882 0 -0.167443
    outer loop
      vertex -1.68931 31 -19.2097
      vertex -1.65738 19.7 -19.0217
      vertex -1.68931 19.7 -19.2097
    endloop
  endfacet
  facet normal 0.66625 0 -0.745728
    outer loop
      vertex -1.20208 19.7 -18.1979
      vertex -1.05993 31 -18.0709
      vertex -1.05993 19.7 -18.0709
    endloop
  endfacet
  facet normal 0.66625 0 -0.745728
    outer loop
      vertex -1.05993 31 -18.0709
      vertex -1.20208 19.7 -18.1979
      vertex -1.20208 31 -18.1979
    endloop
  endfacet
  facet normal 0.745766 0 -0.666208
    outer loop
      vertex -1.20208 19.7 -18.1979
      vertex -1.32911 31 -18.3401
      vertex -1.20208 31 -18.1979
    endloop
  endfacet
  facet normal 0.745766 0 -0.666208
    outer loop
      vertex -1.32911 31 -18.3401
      vertex -1.20208 19.7 -18.1979
      vertex -1.32911 19.7 -18.3401
    endloop
  endfacet
  facet normal 0.382887 0 -0.923795
    outer loop
      vertex -0.737602 19.7 -17.8684
      vertex -0.561474 31 -17.7954
      vertex -0.561474 19.7 -17.7954
    endloop
  endfacet
  facet normal 0.382887 0 -0.923795
    outer loop
      vertex -0.561474 31 -17.7954
      vertex -0.737602 19.7 -17.8684
      vertex -0.737602 31 -17.8684
    endloop
  endfacet
  facet normal 0.483655 0 -0.875259
    outer loop
      vertex -0.904454 19.7 -17.9606
      vertex -0.737602 31 -17.8684
      vertex -0.737602 19.7 -17.8684
    endloop
  endfacet
  facet normal 0.483655 0 -0.875259
    outer loop
      vertex -0.737602 31 -17.8684
      vertex -0.904454 19.7 -17.9606
      vertex -0.904454 31 -17.9606
    endloop
  endfacet
  facet normal -0.815418 0 0.578873
    outer loop
      vertex 1.32911 19.7 -20.4599
      vertex 1.43943 31 -20.3045
      vertex 1.32911 31 -20.4599
    endloop
  endfacet
  facet normal -0.815418 0 0.578873
    outer loop
      vertex 1.43943 31 -20.3045
      vertex 1.32911 19.7 -20.4599
      vertex 1.43943 19.7 -20.3045
    endloop
  endfacet
  facet normal -0.985882 0 0.167443
    outer loop
      vertex 1.65738 19.7 -19.7783
      vertex 1.68931 31 -19.5903
      vertex 1.65738 31 -19.7783
    endloop
  endfacet
  facet normal -0.985882 0 0.167443
    outer loop
      vertex 1.68931 31 -19.5903
      vertex 1.65738 19.7 -19.7783
      vertex 1.68931 19.7 -19.5903
    endloop
  endfacet
  facet normal -0.998426 0 0.056086
    outer loop
      vertex 1.68931 19.7 -19.5903
      vertex 1.7 31 -19.4
      vertex 1.68931 31 -19.5903
    endloop
  endfacet
  facet normal -0.998426 0 0.056086
    outer loop
      vertex 1.7 31 -19.4
      vertex 1.68931 19.7 -19.5903
      vertex 1.7 19.7 -19.4
    endloop
  endfacet
  facet normal 0.66625 0 0.745728
    outer loop
      vertex -1.20208 31 -20.6021
      vertex -1.05993 19.7 -20.7291
      vertex -1.05993 31 -20.7291
    endloop
  endfacet
  facet normal 0.66625 0 0.745728
    outer loop
      vertex -1.05993 19.7 -20.7291
      vertex -1.20208 31 -20.6021
      vertex -1.20208 19.7 -20.6021
    endloop
  endfacet
  facet normal 0.815418 -0 0.578873
    outer loop
      vertex -1.43943 19.7 -20.3045
      vertex -1.32911 31 -20.4599
      vertex -1.43943 31 -20.3045
    endloop
  endfacet
  facet normal 0.815418 0 0.578873
    outer loop
      vertex -1.32911 31 -20.4599
      vertex -1.43943 19.7 -20.3045
      vertex -1.32911 19.7 -20.4599
    endloop
  endfacet
  facet normal 0.960916 -0 0.27684
    outer loop
      vertex -1.65738 19.7 -19.7783
      vertex -1.6046 31 -19.9615
      vertex -1.65738 31 -19.7783
    endloop
  endfacet
  facet normal 0.960916 0 0.27684
    outer loop
      vertex -1.6046 31 -19.9615
      vertex -1.65738 19.7 -19.7783
      vertex -1.6046 19.7 -19.9615
    endloop
  endfacet
  facet normal 0.985882 -0 0.167443
    outer loop
      vertex -1.68931 19.7 -19.5903
      vertex -1.65738 31 -19.7783
      vertex -1.68931 31 -19.5903
    endloop
  endfacet
  facet normal 0.985882 0 0.167443
    outer loop
      vertex -1.65738 31 -19.7783
      vertex -1.68931 19.7 -19.5903
      vertex -1.65738 19.7 -19.7783
    endloop
  endfacet
  facet normal 0.923867 -0 0.382715
    outer loop
      vertex -1.6046 19.7 -19.9615
      vertex -1.53165 31 -20.1376
      vertex -1.6046 31 -19.9615
    endloop
  endfacet
  facet normal 0.923867 0 0.382715
    outer loop
      vertex -1.53165 31 -20.1376
      vertex -1.6046 19.7 -19.9615
      vertex -1.53165 19.7 -20.1376
    endloop
  endfacet
  facet normal 0.998426 -0 0.056086
    outer loop
      vertex -1.7 19.7 -19.4
      vertex -1.68931 31 -19.5903
      vertex -1.7 31 -19.4
    endloop
  endfacet
  facet normal 0.998426 0 0.056086
    outer loop
      vertex -1.68931 31 -19.5903
      vertex -1.7 19.7 -19.4
      vertex -1.68931 19.7 -19.5903
    endloop
  endfacet
  facet normal -0.167336 0 0.9859
    outer loop
      vertex 0.190339 31 -21.0893
      vertex 0.378285 19.7 -21.0574
      vertex 0.378285 31 -21.0574
    endloop
  endfacet
  facet normal -0.167336 0 0.9859
    outer loop
      vertex 0.378285 19.7 -21.0574
      vertex 0.190339 31 -21.0893
      vertex 0.190339 19.7 -21.0893
    endloop
  endfacet
  facet normal -0.745766 0 0.666208
    outer loop
      vertex 1.20208 19.7 -20.6021
      vertex 1.32911 31 -20.4599
      vertex 1.20208 31 -20.6021
    endloop
  endfacet
  facet normal -0.745766 0 0.666208
    outer loop
      vertex 1.32911 31 -20.4599
      vertex 1.20208 19.7 -20.6021
      vertex 1.32911 19.7 -20.4599
    endloop
  endfacet
  facet normal -0.578615 0 0.815601
    outer loop
      vertex 0.904454 31 -20.8394
      vertex 1.05993 19.7 -20.7291
      vertex 1.05993 31 -20.7291
    endloop
  endfacet
  facet normal -0.578615 0 0.815601
    outer loop
      vertex 1.05993 19.7 -20.7291
      vertex 0.904454 31 -20.8394
      vertex 0.904454 19.7 -20.8394
    endloop
  endfacet
  facet normal -0.382887 0 0.923795
    outer loop
      vertex 0.561474 31 -21.0046
      vertex 0.737602 19.7 -20.9316
      vertex 0.737602 31 -20.9316
    endloop
  endfacet
  facet normal -0.382887 0 0.923795
    outer loop
      vertex 0.737602 19.7 -20.9316
      vertex 0.561474 31 -21.0046
      vertex 0.561474 19.7 -21.0046
    endloop
  endfacet
  facet normal -0.483655 0 0.875259
    outer loop
      vertex 0.737602 31 -20.9316
      vertex 0.904454 19.7 -20.8394
      vertex 0.904454 31 -20.8394
    endloop
  endfacet
  facet normal -0.483655 0 0.875259
    outer loop
      vertex 0.904454 19.7 -20.8394
      vertex 0.737602 31 -20.9316
      vertex 0.737602 19.7 -20.9316
    endloop
  endfacet
  facet normal -0.276953 0 0.960884
    outer loop
      vertex 0.378285 31 -21.0574
      vertex 0.561474 19.7 -21.0046
      vertex 0.561474 31 -21.0046
    endloop
  endfacet
  facet normal -0.276953 0 0.960884
    outer loop
      vertex 0.561474 19.7 -21.0046
      vertex 0.378285 31 -21.0574
      vertex 0.378285 19.7 -21.0574
    endloop
  endfacet
  facet normal -0.960916 0 0.27684
    outer loop
      vertex 1.6046 19.7 -19.9615
      vertex 1.65738 31 -19.7783
      vertex 1.6046 31 -19.9615
    endloop
  endfacet
  facet normal -0.960916 0 0.27684
    outer loop
      vertex 1.65738 31 -19.7783
      vertex 1.6046 19.7 -19.9615
      vertex 1.65738 19.7 -19.7783
    endloop
  endfacet
  facet normal 0.276953 0 0.960884
    outer loop
      vertex -0.561474 31 -21.0046
      vertex -0.378285 19.7 -21.0574
      vertex -0.378285 31 -21.0574
    endloop
  endfacet
  facet normal 0.276953 0 0.960884
    outer loop
      vertex -0.378285 19.7 -21.0574
      vertex -0.561474 31 -21.0046
      vertex -0.561474 19.7 -21.0046
    endloop
  endfacet
  facet normal 0.0561269 0 0.998424
    outer loop
      vertex -0.190339 31 -21.0893
      vertex 0 19.7 -21.1
      vertex 0 31 -21.1
    endloop
  endfacet
  facet normal 0.0561269 0 0.998424
    outer loop
      vertex 0 19.7 -21.1
      vertex -0.190339 31 -21.0893
      vertex -0.190339 19.7 -21.0893
    endloop
  endfacet
  facet normal -0.66625 0 0.745728
    outer loop
      vertex 1.05993 31 -20.7291
      vertex 1.20208 19.7 -20.6021
      vertex 1.20208 31 -20.6021
    endloop
  endfacet
  facet normal -0.66625 0 0.745728
    outer loop
      vertex 1.20208 19.7 -20.6021
      vertex 1.05993 31 -20.7291
      vertex 1.05993 19.7 -20.7291
    endloop
  endfacet
  facet normal 0.167336 0 0.9859
    outer loop
      vertex -0.378285 31 -21.0574
      vertex -0.190339 19.7 -21.0893
      vertex -0.190339 31 -21.0893
    endloop
  endfacet
  facet normal 0.167336 0 0.9859
    outer loop
      vertex -0.190339 19.7 -21.0893
      vertex -0.378285 31 -21.0574
      vertex -0.378285 19.7 -21.0574
    endloop
  endfacet
  facet normal 0.578615 0 0.815601
    outer loop
      vertex -1.05993 31 -20.7291
      vertex -0.904454 19.7 -20.8394
      vertex -0.904454 31 -20.8394
    endloop
  endfacet
  facet normal 0.578615 0 0.815601
    outer loop
      vertex -0.904454 19.7 -20.8394
      vertex -1.05993 31 -20.7291
      vertex -1.05993 19.7 -20.7291
    endloop
  endfacet
  facet normal 0.483655 0 0.875259
    outer loop
      vertex -0.904454 31 -20.8394
      vertex -0.737602 19.7 -20.9316
      vertex -0.737602 31 -20.9316
    endloop
  endfacet
  facet normal 0.483655 0 0.875259
    outer loop
      vertex -0.737602 19.7 -20.9316
      vertex -0.904454 31 -20.8394
      vertex -0.904454 19.7 -20.8394
    endloop
  endfacet
  facet normal 0.382887 0 0.923795
    outer loop
      vertex -0.737602 31 -20.9316
      vertex -0.561474 19.7 -21.0046
      vertex -0.561474 31 -21.0046
    endloop
  endfacet
  facet normal 0.382887 0 0.923795
    outer loop
      vertex -0.561474 19.7 -21.0046
      vertex -0.737602 31 -20.9316
      vertex -0.737602 19.7 -20.9316
    endloop
  endfacet
  facet normal -0.866025 0 0.5
    outer loop
      vertex 1.68875 17 -22.325
      vertex 3.3775 19.7 -19.4
      vertex 1.68875 19.7 -22.325
    endloop
  endfacet
  facet normal -0.866025 0 0.5
    outer loop
      vertex 3.3775 19.7 -19.4
      vertex 1.68875 17 -22.325
      vertex 3.3775 17 -19.4
    endloop
  endfacet
  facet normal 0.866025 -0 0.5
    outer loop
      vertex -3.3775 17 -19.4
      vertex -1.68875 19.7 -22.325
      vertex -3.3775 19.7 -19.4
    endloop
  endfacet
  facet normal 0.866025 0 0.5
    outer loop
      vertex -1.68875 19.7 -22.325
      vertex -3.3775 17 -19.4
      vertex -1.68875 17 -22.325
    endloop
  endfacet
  facet normal -0 0 1
    outer loop
      vertex -1.68875 19.7 -22.325
      vertex 1.68875 17 -22.325
      vertex 1.68875 19.7 -22.325
    endloop
  endfacet
  facet normal 0 0 1
    outer loop
      vertex 1.68875 17 -22.325
      vertex -1.68875 19.7 -22.325
      vertex -1.68875 17 -22.325
    endloop
  endfacet
  facet normal 0 -1 0
    outer loop
      vertex -1.68875 19.7 -16.475
      vertex 0 19.7 -17.7
      vertex 1.68875 19.7 -16.475
    endloop
  endfacet
  facet normal 0 -1 0
    outer loop
      vertex -1.68875 19.7 -16.475
      vertex -0.190339 19.7 -17.7107
      vertex 0 19.7 -17.7
    endloop
  endfacet
  facet normal 0 -1 0
    outer loop
      vertex -1.68875 19.7 -16.475
      vertex -0.378285 19.7 -17.7426
      vertex -0.190339 19.7 -17.7107
    endloop
  endfacet
  facet normal 0 -1 0
    outer loop
      vertex -1.68875 19.7 -16.475
      vertex -0.561474 19.7 -17.7954
      vertex -0.378285 19.7 -17.7426
    endloop
  endfacet
  facet normal 0 -1 0
    outer loop
      vertex -1.68875 19.7 -16.475
      vertex -0.737602 19.7 -17.8684
      vertex -0.561474 19.7 -17.7954
    endloop
  endfacet
  facet normal 0 -1 0
    outer loop
      vertex -1.68875 19.7 -16.475
      vertex -0.904454 19.7 -17.9606
      vertex -0.737602 19.7 -17.8684
    endloop
  endfacet
  facet normal 0 -1 0
    outer loop
      vertex -1.68875 19.7 -16.475
      vertex -1.05993 19.7 -18.0709
      vertex -0.904454 19.7 -17.9606
    endloop
  endfacet
  facet normal 0 -1 0
    outer loop
      vertex -1.68875 19.7 -16.475
      vertex -1.20208 19.7 -18.1979
      vertex -1.05993 19.7 -18.0709
    endloop
  endfacet
  facet normal 0 -1 0
    outer loop
      vertex -1.68875 19.7 -16.475
      vertex -1.32911 19.7 -18.3401
      vertex -1.20208 19.7 -18.1979
    endloop
  endfacet
  facet normal 0 -1 0
    outer loop
      vertex -1.68875 19.7 -16.475
      vertex -1.43943 19.7 -18.4955
      vertex -1.32911 19.7 -18.3401
    endloop
  endfacet
  facet normal 0 -1 0
    outer loop
      vertex -3.3775 19.7 -19.4
      vertex -1.43943 19.7 -18.4955
      vertex -1.68875 19.7 -16.475
    endloop
  endfacet
  facet normal 0 -1 0
    outer loop
      vertex -1.43943 19.7 -18.4955
      vertex -3.3775 19.7 -19.4
      vertex -1.53165 19.7 -18.6624
    endloop
  endfacet
  facet normal 0 -1 0
    outer loop
      vertex -1.53165 19.7 -18.6624
      vertex -3.3775 19.7 -19.4
      vertex -1.6046 19.7 -18.8385
    endloop
  endfacet
  facet normal 0 -1 0
    outer loop
      vertex -1.6046 19.7 -18.8385
      vertex -3.3775 19.7 -19.4
      vertex -1.65738 19.7 -19.0217
    endloop
  endfacet
  facet normal 0 -1 0
    outer loop
      vertex -1.65738 19.7 -19.0217
      vertex -3.3775 19.7 -19.4
      vertex -1.68931 19.7 -19.2097
    endloop
  endfacet
  facet normal 0 -1 0
    outer loop
      vertex -3.3775 19.7 -19.4
      vertex -1.7 19.7 -19.4
      vertex -1.68931 19.7 -19.2097
    endloop
  endfacet
  facet normal 0 -1 0
    outer loop
      vertex -3.3775 19.7 -19.4
      vertex -1.68931 19.7 -19.5903
      vertex -1.7 19.7 -19.4
    endloop
  endfacet
  facet normal 0 -1 0
    outer loop
      vertex -3.3775 19.7 -19.4
      vertex -1.65738 19.7 -19.7783
      vertex -1.68931 19.7 -19.5903
    endloop
  endfacet
  facet normal 0 -1 0
    outer loop
      vertex -3.3775 19.7 -19.4
      vertex -1.6046 19.7 -19.9615
      vertex -1.65738 19.7 -19.7783
    endloop
  endfacet
  facet normal 0 -1 0
    outer loop
      vertex -3.3775 19.7 -19.4
      vertex -1.53165 19.7 -20.1376
      vertex -1.6046 19.7 -19.9615
    endloop
  endfacet
  facet normal 0 -1 0
    outer loop
      vertex -3.3775 19.7 -19.4
      vertex -1.43943 19.7 -20.3045
      vertex -1.53165 19.7 -20.1376
    endloop
  endfacet
  facet normal 0 -1 0
    outer loop
      vertex -1.68875 19.7 -22.325
      vertex -1.43943 19.7 -20.3045
      vertex -3.3775 19.7 -19.4
    endloop
  endfacet
  facet normal 0 -1 -0
    outer loop
      vertex -1.43943 19.7 -20.3045
      vertex -1.68875 19.7 -22.325
      vertex -1.32911 19.7 -20.4599
    endloop
  endfacet
  facet normal 0 -1 -0
    outer loop
      vertex -1.32911 19.7 -20.4599
      vertex -1.68875 19.7 -22.325
      vertex -1.20208 19.7 -20.6021
    endloop
  endfacet
  facet normal 0 -1 -0
    outer loop
      vertex -1.20208 19.7 -20.6021
      vertex -1.68875 19.7 -22.325
      vertex -1.05993 19.7 -20.7291
    endloop
  endfacet
  facet normal 0 -1 -0
    outer loop
      vertex -0.190339 19.7 -21.0893
      vertex -1.68875 19.7 -22.325
      vertex 0 19.7 -21.1
    endloop
  endfacet
  facet normal 0 -1 -0
    outer loop
      vertex -0.378285 19.7 -21.0574
      vertex -1.68875 19.7 -22.325
      vertex -0.190339 19.7 -21.0893
    endloop
  endfacet
  facet normal 0 -1 -0
    outer loop
      vertex -0.561474 19.7 -21.0046
      vertex -1.68875 19.7 -22.325
      vertex -0.378285 19.7 -21.0574
    endloop
  endfacet
  facet normal 0 -1 -0
    outer loop
      vertex -0.737602 19.7 -20.9316
      vertex -1.68875 19.7 -22.325
      vertex -0.561474 19.7 -21.0046
    endloop
  endfacet
  facet normal 0 -1 -0
    outer loop
      vertex -0.904454 19.7 -20.8394
      vertex -1.68875 19.7 -22.325
      vertex -0.737602 19.7 -20.9316
    endloop
  endfacet
  facet normal 0 -1 -0
    outer loop
      vertex -1.05993 19.7 -20.7291
      vertex -1.68875 19.7 -22.325
      vertex -0.904454 19.7 -20.8394
    endloop
  endfacet
  facet normal 0 -1 0
    outer loop
      vertex 0.190339 19.7 -17.7107
      vertex 1.68875 19.7 -16.475
      vertex 0 19.7 -17.7
    endloop
  endfacet
  facet normal 0 -1 0
    outer loop
      vertex 0.378285 19.7 -17.7426
      vertex 1.68875 19.7 -16.475
      vertex 0.190339 19.7 -17.7107
    endloop
  endfacet
  facet normal 0 -1 0
    outer loop
      vertex 0.561474 19.7 -17.7954
      vertex 1.68875 19.7 -16.475
      vertex 0.378285 19.7 -17.7426
    endloop
  endfacet
  facet normal 0 -1 0
    outer loop
      vertex 0.737602 19.7 -17.8684
      vertex 1.68875 19.7 -16.475
      vertex 0.561474 19.7 -17.7954
    endloop
  endfacet
  facet normal 0 -1 0
    outer loop
      vertex 0.904454 19.7 -17.9606
      vertex 1.68875 19.7 -16.475
      vertex 0.737602 19.7 -17.8684
    endloop
  endfacet
  facet normal 0 -1 0
    outer loop
      vertex 1.05993 19.7 -18.0709
      vertex 1.68875 19.7 -16.475
      vertex 0.904454 19.7 -17.9606
    endloop
  endfacet
  facet normal 0 -1 0
    outer loop
      vertex 1.20208 19.7 -18.1979
      vertex 1.68875 19.7 -16.475
      vertex 1.05993 19.7 -18.0709
    endloop
  endfacet
  facet normal 0 -1 0
    outer loop
      vertex 1.32911 19.7 -18.3401
      vertex 1.68875 19.7 -16.475
      vertex 1.20208 19.7 -18.1979
    endloop
  endfacet
  facet normal 0 -1 0
    outer loop
      vertex 1.43943 19.7 -18.4955
      vertex 1.68875 19.7 -16.475
      vertex 1.32911 19.7 -18.3401
    endloop
  endfacet
  facet normal 0 -1 0
    outer loop
      vertex 3.3775 19.7 -19.4
      vertex 1.43943 19.7 -18.4955
      vertex 1.53165 19.7 -18.6624
    endloop
  endfacet
  facet normal 0 -1 0
    outer loop
      vertex 3.3775 19.7 -19.4
      vertex 1.53165 19.7 -18.6624
      vertex 1.6046 19.7 -18.8385
    endloop
  endfacet
  facet normal 0 -1 0
    outer loop
      vertex 3.3775 19.7 -19.4
      vertex 1.6046 19.7 -18.8385
      vertex 1.65738 19.7 -19.0217
    endloop
  endfacet
  facet normal 0 -1 0
    outer loop
      vertex 3.3775 19.7 -19.4
      vertex 1.65738 19.7 -19.0217
      vertex 1.68931 19.7 -19.2097
    endloop
  endfacet
  facet normal 0 -1 0
    outer loop
      vertex 3.3775 19.7 -19.4
      vertex 1.68931 19.7 -19.2097
      vertex 1.7 19.7 -19.4
    endloop
  endfacet
  facet normal 0 -1 0
    outer loop
      vertex 1.43943 19.7 -18.4955
      vertex 3.3775 19.7 -19.4
      vertex 1.68875 19.7 -16.475
    endloop
  endfacet
  facet normal 0 -1 0
    outer loop
      vertex 1.68931 19.7 -19.5903
      vertex 3.3775 19.7 -19.4
      vertex 1.7 19.7 -19.4
    endloop
  endfacet
  facet normal 0 -1 0
    outer loop
      vertex 1.65738 19.7 -19.7783
      vertex 3.3775 19.7 -19.4
      vertex 1.68931 19.7 -19.5903
    endloop
  endfacet
  facet normal 0 -1 0
    outer loop
      vertex 1.6046 19.7 -19.9615
      vertex 3.3775 19.7 -19.4
      vertex 1.65738 19.7 -19.7783
    endloop
  endfacet
  facet normal 0 -1 0
    outer loop
      vertex 1.53165 19.7 -20.1376
      vertex 3.3775 19.7 -19.4
      vertex 1.6046 19.7 -19.9615
    endloop
  endfacet
  facet normal 0 -1 0
    outer loop
      vertex 1.43943 19.7 -20.3045
      vertex 3.3775 19.7 -19.4
      vertex 1.53165 19.7 -20.1376
    endloop
  endfacet
  facet normal 0 -1 0
    outer loop
      vertex 1.68875 19.7 -22.325
      vertex 1.43943 19.7 -20.3045
      vertex 1.32911 19.7 -20.4599
    endloop
  endfacet
  facet normal 0 -1 0
    outer loop
      vertex 1.68875 19.7 -22.325
      vertex 1.32911 19.7 -20.4599
      vertex 1.20208 19.7 -20.6021
    endloop
  endfacet
  facet normal 0 -1 0
    outer loop
      vertex 1.68875 19.7 -22.325
      vertex 1.20208 19.7 -20.6021
      vertex 1.05993 19.7 -20.7291
    endloop
  endfacet
  facet normal 0 -1 0
    outer loop
      vertex 1.68875 19.7 -22.325
      vertex 1.05993 19.7 -20.7291
      vertex 0.904454 19.7 -20.8394
    endloop
  endfacet
  facet normal 0 -1 0
    outer loop
      vertex 1.68875 19.7 -22.325
      vertex 0 19.7 -21.1
      vertex -1.68875 19.7 -22.325
    endloop
  endfacet
  facet normal 0 -1 0
    outer loop
      vertex 0 19.7 -21.1
      vertex 1.68875 19.7 -22.325
      vertex 0.190339 19.7 -21.0893
    endloop
  endfacet
  facet normal 0 -1 0
    outer loop
      vertex 0.190339 19.7 -21.0893
      vertex 1.68875 19.7 -22.325
      vertex 0.378285 19.7 -21.0574
    endloop
  endfacet
  facet normal 0 -1 0
    outer loop
      vertex 0.378285 19.7 -21.0574
      vertex 1.68875 19.7 -22.325
      vertex 0.561474 19.7 -21.0046
    endloop
  endfacet
  facet normal 0 -1 0
    outer loop
      vertex 0.561474 19.7 -21.0046
      vertex 1.68875 19.7 -22.325
      vertex 0.737602 19.7 -20.9316
    endloop
  endfacet
  facet normal 0 -1 0
    outer loop
      vertex 1.43943 19.7 -20.3045
      vertex 1.68875 19.7 -22.325
      vertex 3.3775 19.7 -19.4
    endloop
  endfacet
  facet normal 0 -1 0
    outer loop
      vertex 0.737602 19.7 -20.9316
      vertex 1.68875 19.7 -22.325
      vertex 0.904454 19.7 -20.8394
    endloop
  endfacet
  facet normal 0 0 -1
    outer loop
      vertex -1.68875 17 -16.475
      vertex 1.68875 19.7 -16.475
      vertex 1.68875 17 -16.475
    endloop
  endfacet
  facet normal -0 0 -1
    outer loop
      vertex 1.68875 19.7 -16.475
      vertex -1.68875 17 -16.475
      vertex -1.68875 19.7 -16.475
    endloop
  endfacet
  facet normal 0.866025 0 -0.5
    outer loop
      vertex -1.68875 17 -16.475
      vertex -3.3775 19.7 -19.4
      vertex -1.68875 19.7 -16.475
    endloop
  endfacet
  facet normal 0.866025 0 -0.5
    outer loop
      vertex -3.3775 19.7 -19.4
      vertex -1.68875 17 -16.475
      vertex -3.3775 17 -19.4
    endloop
  endfacet
  facet normal -0.866025 0 -0.5
    outer loop
      vertex 3.3775 17 -19.4
      vertex 1.68875 19.7 -16.475
      vertex 3.3775 19.7 -19.4
    endloop
  endfacet
  facet normal -0.866025 -0 -0.5
    outer loop
      vertex 1.68875 19.7 -16.475
      vertex 3.3775 17 -19.4
      vertex 1.68875 17 -16.475
    endloop
  endfacet
  facet normal 1 -0 0
    outer loop
      vertex -21 -18.4 3.5
      vertex -21 -17 0
      vertex -21 -17 3.5
    endloop
  endfacet
  facet normal 1 0 0
    outer loop
      vertex -21 -18.4 -4.5
      vertex -21 -17 0
      vertex -21 -18.4 3.5
    endloop
  endfacet
  facet normal 1 0 0
    outer loop
      vertex -21 -17 0
      vertex -21 -18.4 -4.5
      vertex -21 -17 -4.5
    endloop
  endfacet
  facet normal 0 0 -1
    outer loop
      vertex -21 -18.4 3.5
      vertex 21 -17 3.5
      vertex 21 -18.4 3.5
    endloop
  endfacet
  facet normal -0 0 -1
    outer loop
      vertex 21 -17 3.5
      vertex -21 -18.4 3.5
      vertex -21 -17 3.5
    endloop
  endfacet
  facet normal -1 0 0
    outer loop
      vertex 21 -18.4 -4.5
      vertex 21 -17 0
      vertex 21 -17 -4.5
    endloop
  endfacet
  facet normal -1 0 0
    outer loop
      vertex 21 -18.4 3.5
      vertex 21 -17 0
      vertex 21 -18.4 -4.5
    endloop
  endfacet
  facet normal -1 0 0
    outer loop
      vertex 21 -17 0
      vertex 21 -18.4 3.5
      vertex 21 -17 3.5
    endloop
  endfacet
  facet normal -0 0 1
    outer loop
      vertex -21 -17 -4.5
      vertex 21 -18.4 -4.5
      vertex 21 -17 -4.5
    endloop
  endfacet
  facet normal 0 0 1
    outer loop
      vertex 21 -18.4 -4.5
      vertex -21 -17 -4.5
      vertex -21 -18.4 -4.5
    endloop
  endfacet
  facet normal 0 1 -0
    outer loop
      vertex 21 -18.4 -4.5
      vertex -21 -18.4 3.5
      vertex 21 -18.4 3.5
    endloop
  endfacet
  facet normal 0 1 0
    outer loop
      vertex -21 -18.4 3.5
      vertex 21 -18.4 -4.5
      vertex -21 -18.4 -4.5
    endloop
  endfacet
  facet normal 1 0 0
    outer loop
      vertex -25.5 3 7
      vertex -25.5 -4 7
      vertex -25.5 3 5.5
    endloop
  endfacet
  facet normal 1 0 0
    outer loop
      vertex -25.5 22 5.5
      vertex -25.5 19 3.5
      vertex -25.5 22 -41
    endloop
  endfacet
  facet normal 1 -0 0
    outer loop
      vertex -25.5 3 5.5
      vertex -25.5 19 3.5
      vertex -25.5 22 5.5
    endloop
  endfacet
  facet normal 1 0 0
    outer loop
      vertex -25.5 3 5.5
      vertex -25.5 -4 3.5
      vertex -25.5 19 3.5
    endloop
  endfacet
  facet normal 1 0 0
    outer loop
      vertex -25.5 -4 3.5
      vertex -25.5 3 5.5
      vertex -25.5 -4 7
    endloop
  endfacet
  facet normal 1 0 0
    outer loop
      vertex -25.5 22 -41
      vertex -25.5 19 3.5
      vertex -25.5 19 -41
    endloop
  endfacet
  facet normal -1 0 0
    outer loop
      vertex -7.5 19 3.5
      vertex -7.5 22 -41
      vertex -7.5 19 -41
    endloop
  endfacet
  facet normal -1 0 0
    outer loop
      vertex -7.5 22 -41
      vertex -7.5 19 3.5
      vertex -7.5 22 5.5
    endloop
  endfacet
  facet normal -1 0 0
    outer loop
      vertex -7.5 19 3.5
      vertex -7.5 3 5.5
      vertex -7.5 22 5.5
    endloop
  endfacet
  facet normal -1 0 0
    outer loop
      vertex -7.5 -4 3.5
      vertex -7.5 3 5.5
      vertex -7.5 19 3.5
    endloop
  endfacet
  facet normal -1 0 0
    outer loop
      vertex -7.5 -4 7
      vertex -7.5 3 5.5
      vertex -7.5 -4 3.5
    endloop
  endfacet
  facet normal -1 0 0
    outer loop
      vertex -7.5 3 5.5
      vertex -7.5 -4 7
      vertex -7.5 3 7
    endloop
  endfacet
  facet normal 0 -1 0
    outer loop
      vertex -25.5 22 -41
      vertex -7.5 22 5.5
      vertex -25.5 22 5.5
    endloop
  endfacet
  facet normal 0 -1 -0
    outer loop
      vertex -7.5 22 5.5
      vertex -25.5 22 -41
      vertex -7.5 22 -41
    endloop
  endfacet
  facet normal 0 1 -0
    outer loop
      vertex -7.5 19 -41
      vertex -25.5 19 3.5
      vertex -7.5 19 3.5
    endloop
  endfacet
  facet normal 0 1 0
    outer loop
      vertex -25.5 19 3.5
      vertex -7.5 19 -41
      vertex -25.5 19 -41
    endloop
  endfacet
  facet normal -0 0 1
    outer loop
      vertex -25.5 19 3.5
      vertex -7.5 -4 3.5
      vertex -7.5 19 3.5
    endloop
  endfacet
  facet normal 0 0 1
    outer loop
      vertex -7.5 -4 3.5
      vertex -25.5 19 3.5
      vertex -25.5 -4 3.5
    endloop
  endfacet
  facet normal 0 1 -0
    outer loop
      vertex -7.5 -4 3.5
      vertex -25.5 -4 7
      vertex -7.5 -4 7
    endloop
  endfacet
  facet normal 0 1 0
    outer loop
      vertex -25.5 -4 7
      vertex -7.5 -4 3.5
      vertex -25.5 -4 3.5
    endloop
  endfacet
  facet normal 1 -0 0
    outer loop
      vertex -26.5 3 7
      vertex -26.5 22.5 5.5
      vertex -26.5 22.5 7
    endloop
  endfacet
  facet normal 1 0 0
    outer loop
      vertex -26.5 22.5 5.5
      vertex -26.5 3 7
      vertex -26.5 3 5.5
    endloop
  endfacet
  facet normal -1 0 0
    outer loop
      vertex -1 3 5.5
      vertex -1 22.5 7
      vertex -1 22.5 5.5
    endloop
  endfacet
  facet normal -1 -0 0
    outer loop
      vertex -1 22.5 7
      vertex -1 3 5.5
      vertex -1 3 7
    endloop
  endfacet
  facet normal 0 -1 0
    outer loop
      vertex -26.5 22.5 5.5
      vertex -1 22.5 7
      vertex -26.5 22.5 7
    endloop
  endfacet
  facet normal 0 -1 -0
    outer loop
      vertex -1 22.5 7
      vertex -26.5 22.5 5.5
      vertex -1 22.5 5.5
    endloop
  endfacet
  facet normal -0 0 1
    outer loop
      vertex -1.56069 6.19034 5.5
      vertex -1 3 5.5
      vertex -1.56069 13.8097 5.5
    endloop
  endfacet
  facet normal 0 0 1
    outer loop
      vertex -1 3 5.5
      vertex -1.56069 6.19034 5.5
      vertex -1.55 6 5.5
    endloop
  endfacet
  facet normal -0 0 1
    outer loop
      vertex -1.59262 13.6217 5.5
      vertex -1.56069 6.19034 5.5
      vertex -1.56069 13.8097 5.5
    endloop
  endfacet
  facet normal 0 0 1
    outer loop
      vertex -1.59262 13.6217 5.5
      vertex -1.59262 6.37829 5.5
      vertex -1.56069 6.19034 5.5
    endloop
  endfacet
  facet normal -0 0 1
    outer loop
      vertex -1.6454 13.4385 5.5
      vertex -1.59262 6.37829 5.5
      vertex -1.59262 13.6217 5.5
    endloop
  endfacet
  facet normal 0 0 1
    outer loop
      vertex -1.6454 13.4385 5.5
      vertex -1.6454 6.56147 5.5
      vertex -1.59262 6.37829 5.5
    endloop
  endfacet
  facet normal -0 0 1
    outer loop
      vertex -1.71835 13.2624 5.5
      vertex -1.6454 6.56147 5.5
      vertex -1.6454 13.4385 5.5
    endloop
  endfacet
  facet normal 0 0 1
    outer loop
      vertex -1.71835 13.2624 5.5
      vertex -1.71835 6.7376 5.5
      vertex -1.6454 6.56147 5.5
    endloop
  endfacet
  facet normal -0 0 1
    outer loop
      vertex -1.81057 13.0955 5.5
      vertex -1.71835 6.7376 5.5
      vertex -1.71835 13.2624 5.5
    endloop
  endfacet
  facet normal 0 0 1
    outer loop
      vertex -1.81057 13.0955 5.5
      vertex -1.81057 6.90445 5.5
      vertex -1.71835 6.7376 5.5
    endloop
  endfacet
  facet normal -0 0 1
    outer loop
      vertex -1.92089 12.9401 5.5
      vertex -1.81057 6.90445 5.5
      vertex -1.81057 13.0955 5.5
    endloop
  endfacet
  facet normal 0 0 1
    outer loop
      vertex -1.92089 12.9401 5.5
      vertex -1.92089 7.05993 5.5
      vertex -1.81057 6.90445 5.5
    endloop
  endfacet
  facet normal -0 0 1
    outer loop
      vertex -2.04792 12.7979 5.5
      vertex -1.92089 7.05993 5.5
      vertex -1.92089 12.9401 5.5
    endloop
  endfacet
  facet normal 0 0 1
    outer loop
      vertex -2.04792 12.7979 5.5
      vertex -2.04792 7.20208 5.5
      vertex -1.92089 7.05993 5.5
    endloop
  endfacet
  facet normal -0 0 1
    outer loop
      vertex -2.19007 12.6709 5.5
      vertex -2.04792 7.20208 5.5
      vertex -2.04792 12.7979 5.5
    endloop
  endfacet
  facet normal 0 0 1
    outer loop
      vertex -2.19007 12.6709 5.5
      vertex -2.19007 7.32911 5.5
      vertex -2.04792 7.20208 5.5
    endloop
  endfacet
  facet normal -0 0 1
    outer loop
      vertex -2.34555 12.5606 5.5
      vertex -2.19007 7.32911 5.5
      vertex -2.19007 12.6709 5.5
    endloop
  endfacet
  facet normal 0 0 1
    outer loop
      vertex -2.34555 12.5606 5.5
      vertex -2.34555 7.43943 5.5
      vertex -2.19007 7.32911 5.5
    endloop
  endfacet
  facet normal -0 0 1
    outer loop
      vertex -2.5124 12.4684 5.5
      vertex -2.34555 7.43943 5.5
      vertex -2.34555 12.5606 5.5
    endloop
  endfacet
  facet normal 0 0 1
    outer loop
      vertex -2.5124 12.4684 5.5
      vertex -2.5124 7.53165 5.5
      vertex -2.34555 7.43943 5.5
    endloop
  endfacet
  facet normal -0 0 1
    outer loop
      vertex -2.68853 12.3954 5.5
      vertex -2.5124 7.53165 5.5
      vertex -2.5124 12.4684 5.5
    endloop
  endfacet
  facet normal 0 0 1
    outer loop
      vertex -2.68853 12.3954 5.5
      vertex -2.68853 7.6046 5.5
      vertex -2.5124 7.53165 5.5
    endloop
  endfacet
  facet normal -0 0 1
    outer loop
      vertex -2.87171 12.3426 5.5
      vertex -2.68853 7.6046 5.5
      vertex -2.68853 12.3954 5.5
    endloop
  endfacet
  facet normal 0 0 1
    outer loop
      vertex -2.87171 12.3426 5.5
      vertex -2.87171 7.65738 5.5
      vertex -2.68853 7.6046 5.5
    endloop
  endfacet
  facet normal -0 0 1
    outer loop
      vertex -3.05966 12.3107 5.5
      vertex -2.87171 7.65738 5.5
      vertex -2.87171 12.3426 5.5
    endloop
  endfacet
  facet normal 0 0 1
    outer loop
      vertex -3.05966 12.3107 5.5
      vertex -3.05966 7.68931 5.5
      vertex -2.87171 7.65738 5.5
    endloop
  endfacet
  facet normal -0 0 1
    outer loop
      vertex -3.25 12.3 5.5
      vertex -3.05966 7.68931 5.5
      vertex -3.05966 12.3107 5.5
    endloop
  endfacet
  facet normal 0 0 1
    outer loop
      vertex -3.25 12.3 5.5
      vertex -3.25 7.7 5.5
      vertex -3.05966 7.68931 5.5
    endloop
  endfacet
  facet normal 0 0 1
    outer loop
      vertex -3.44034 12.3107 5.5
      vertex -3.25 7.7 5.5
      vertex -3.25 12.3 5.5
    endloop
  endfacet
  facet normal 0 0 1
    outer loop
      vertex -3.44034 12.3107 5.5
      vertex -3.44034 7.68931 5.5
      vertex -3.25 7.7 5.5
    endloop
  endfacet
  facet normal 0 0 1
    outer loop
      vertex -3.62829 12.3426 5.5
      vertex -3.44034 7.68931 5.5
      vertex -3.44034 12.3107 5.5
    endloop
  endfacet
  facet normal 0 0 1
    outer loop
      vertex -3.62829 12.3426 5.5
      vertex -3.62829 7.65738 5.5
      vertex -3.44034 7.68931 5.5
    endloop
  endfacet
  facet normal 0 0 1
    outer loop
      vertex -3.81147 12.3954 5.5
      vertex -3.62829 7.65738 5.5
      vertex -3.62829 12.3426 5.5
    endloop
  endfacet
  facet normal 0 0 1
    outer loop
      vertex -3.81147 12.3954 5.5
      vertex -3.81147 7.6046 5.5
      vertex -3.62829 7.65738 5.5
    endloop
  endfacet
  facet normal 0 0 1
    outer loop
      vertex -3.9876 12.4684 5.5
      vertex -3.81147 7.6046 5.5
      vertex -3.81147 12.3954 5.5
    endloop
  endfacet
  facet normal 0 0 1
    outer loop
      vertex -3.9876 12.4684 5.5
      vertex -3.9876 7.53165 5.5
      vertex -3.81147 7.6046 5.5
    endloop
  endfacet
  facet normal 0 0 1
    outer loop
      vertex -4.15445 12.5606 5.5
      vertex -3.9876 7.53165 5.5
      vertex -3.9876 12.4684 5.5
    endloop
  endfacet
  facet normal 0 0 1
    outer loop
      vertex -4.15445 12.5606 5.5
      vertex -4.15445 7.43943 5.5
      vertex -3.9876 7.53165 5.5
    endloop
  endfacet
  facet normal 0 0 1
    outer loop
      vertex -4.30993 12.6709 5.5
      vertex -4.15445 7.43943 5.5
      vertex -4.15445 12.5606 5.5
    endloop
  endfacet
  facet normal 0 0 1
    outer loop
      vertex -4.30993 12.6709 5.5
      vertex -4.30993 7.32911 5.5
      vertex -4.15445 7.43943 5.5
    endloop
  endfacet
  facet normal 0 0 1
    outer loop
      vertex -4.45208 12.7979 5.5
      vertex -4.30993 7.32911 5.5
      vertex -4.30993 12.6709 5.5
    endloop
  endfacet
  facet normal 0 0 1
    outer loop
      vertex -4.45208 12.7979 5.5
      vertex -4.45208 7.20208 5.5
      vertex -4.30993 7.32911 5.5
    endloop
  endfacet
  facet normal 0 0 1
    outer loop
      vertex -4.57911 12.9401 5.5
      vertex -4.45208 7.20208 5.5
      vertex -4.45208 12.7979 5.5
    endloop
  endfacet
  facet normal 0 0 1
    outer loop
      vertex -4.57911 12.9401 5.5
      vertex -4.57911 7.05993 5.5
      vertex -4.45208 7.20208 5.5
    endloop
  endfacet
  facet normal 0 0 1
    outer loop
      vertex -4.68943 13.0955 5.5
      vertex -4.57911 7.05993 5.5
      vertex -4.57911 12.9401 5.5
    endloop
  endfacet
  facet normal 0 0 1
    outer loop
      vertex -4.68943 13.0955 5.5
      vertex -4.68943 6.90445 5.5
      vertex -4.57911 7.05993 5.5
    endloop
  endfacet
  facet normal 0 0 1
    outer loop
      vertex -4.78165 13.2624 5.5
      vertex -4.68943 6.90445 5.5
      vertex -4.68943 13.0955 5.5
    endloop
  endfacet
  facet normal 0 0 1
    outer loop
      vertex -4.78165 13.2624 5.5
      vertex -4.78165 6.7376 5.5
      vertex -4.68943 6.90445 5.5
    endloop
  endfacet
  facet normal 0 0 1
    outer loop
      vertex -4.8546 13.4385 5.5
      vertex -4.78165 6.7376 5.5
      vertex -4.78165 13.2624 5.5
    endloop
  endfacet
  facet normal 0 0 1
    outer loop
      vertex -4.8546 13.4385 5.5
      vertex -4.8546 6.56147 5.5
      vertex -4.78165 6.7376 5.5
    endloop
  endfacet
  facet normal 0 0 1
    outer loop
      vertex -7.5 3 5.5
      vertex -4.8546 13.4385 5.5
      vertex -4.90738 13.6217 5.5
    endloop
  endfacet
  facet normal 0 0 1
    outer loop
      vertex -4.8546 13.4385 5.5
      vertex -7.5 3 5.5
      vertex -4.8546 6.56147 5.5
    endloop
  endfacet
  facet normal 0 0 1
    outer loop
      vertex -7.5 3 5.5
      vertex -4.90738 13.6217 5.5
      vertex -4.93931 13.8097 5.5
    endloop
  endfacet
  facet normal 0 0 1
    outer loop
      vertex -4.8546 6.56147 5.5
      vertex -7.5 3 5.5
      vertex -4.90738 6.37829 5.5
    endloop
  endfacet
  facet normal 0 0 1
    outer loop
      vertex -7.5 22 5.5
      vertex -4.93931 13.8097 5.5
      vertex -4.95 14 5.5
    endloop
  endfacet
  facet normal 0 0 1
    outer loop
      vertex -4.90738 6.37829 5.5
      vertex -7.5 3 5.5
      vertex -4.93931 6.19034 5.5
    endloop
  endfacet
  facet normal 0 0 1
    outer loop
      vertex -1 22.5 5.5
      vertex -1.55 14 5.5
      vertex -1 3 5.5
    endloop
  endfacet
  facet normal 0 0 1
    outer loop
      vertex -1 22.5 5.5
      vertex -1.56069 14.1903 5.5
      vertex -1.55 14 5.5
    endloop
  endfacet
  facet normal 0 0 1
    outer loop
      vertex -1 22.5 5.5
      vertex -1.59262 14.3783 5.5
      vertex -1.56069 14.1903 5.5
    endloop
  endfacet
  facet normal 0 0 1
    outer loop
      vertex -1 22.5 5.5
      vertex -1.6454 14.5615 5.5
      vertex -1.59262 14.3783 5.5
    endloop
  endfacet
  facet normal 0 0 1
    outer loop
      vertex -1 22.5 5.5
      vertex -1.71835 14.7376 5.5
      vertex -1.6454 14.5615 5.5
    endloop
  endfacet
  facet normal 0 0 1
    outer loop
      vertex -1 22.5 5.5
      vertex -1.81057 14.9045 5.5
      vertex -1.71835 14.7376 5.5
    endloop
  endfacet
  facet normal 0 0 1
    outer loop
      vertex -1 22.5 5.5
      vertex -1.92089 15.0599 5.5
      vertex -1.81057 14.9045 5.5
    endloop
  endfacet
  facet normal 0 0 1
    outer loop
      vertex -1 22.5 5.5
      vertex -2.04792 15.2021 5.5
      vertex -1.92089 15.0599 5.5
    endloop
  endfacet
  facet normal 0 0 1
    outer loop
      vertex -1 22.5 5.5
      vertex -2.19007 15.3291 5.5
      vertex -2.04792 15.2021 5.5
    endloop
  endfacet
  facet normal 0 0 1
    outer loop
      vertex -1 22.5 5.5
      vertex -2.34555 15.4394 5.5
      vertex -2.19007 15.3291 5.5
    endloop
  endfacet
  facet normal 0 0 1
    outer loop
      vertex -1 22.5 5.5
      vertex -2.5124 15.5316 5.5
      vertex -2.34555 15.4394 5.5
    endloop
  endfacet
  facet normal 0 0 1
    outer loop
      vertex -1 22.5 5.5
      vertex -2.68853 15.6046 5.5
      vertex -2.5124 15.5316 5.5
    endloop
  endfacet
  facet normal 0 0 1
    outer loop
      vertex -1 22.5 5.5
      vertex -2.87171 15.6574 5.5
      vertex -2.68853 15.6046 5.5
    endloop
  endfacet
  facet normal 0 0 1
    outer loop
      vertex -1 22.5 5.5
      vertex -3.05966 15.6893 5.5
      vertex -2.87171 15.6574 5.5
    endloop
  endfacet
  facet normal 0 0 1
    outer loop
      vertex -1 22.5 5.5
      vertex -3.25 15.7 5.5
      vertex -3.05966 15.6893 5.5
    endloop
  endfacet
  facet normal 0 0 1
    outer loop
      vertex -1 22.5 5.5
      vertex -3.44034 15.6893 5.5
      vertex -3.25 15.7 5.5
    endloop
  endfacet
  facet normal -0 0 1
    outer loop
      vertex -7.5 22 5.5
      vertex -3.44034 15.6893 5.5
      vertex -1 22.5 5.5
    endloop
  endfacet
  facet normal 0 0 1
    outer loop
      vertex -3.44034 15.6893 5.5
      vertex -7.5 22 5.5
      vertex -3.62829 15.6574 5.5
    endloop
  endfacet
  facet normal 0 0 1
    outer loop
      vertex -3.62829 15.6574 5.5
      vertex -7.5 22 5.5
      vertex -3.81147 15.6046 5.5
    endloop
  endfacet
  facet normal 0 0 1
    outer loop
      vertex -3.81147 15.6046 5.5
      vertex -7.5 22 5.5
      vertex -3.9876 15.5316 5.5
    endloop
  endfacet
  facet normal 0 0 1
    outer loop
      vertex -3.9876 15.5316 5.5
      vertex -7.5 22 5.5
      vertex -4.15445 15.4394 5.5
    endloop
  endfacet
  facet normal 0 0 1
    outer loop
      vertex -4.15445 15.4394 5.5
      vertex -7.5 22 5.5
      vertex -4.30993 15.3291 5.5
    endloop
  endfacet
  facet normal 0 0 1
    outer loop
      vertex -4.30993 15.3291 5.5
      vertex -7.5 22 5.5
      vertex -4.45208 15.2021 5.5
    endloop
  endfacet
  facet normal 0 0 1
    outer loop
      vertex -4.45208 15.2021 5.5
      vertex -7.5 22 5.5
      vertex -4.57911 15.0599 5.5
    endloop
  endfacet
  facet normal 0 0 1
    outer loop
      vertex -4.57911 15.0599 5.5
      vertex -7.5 22 5.5
      vertex -4.68943 14.9045 5.5
    endloop
  endfacet
  facet normal 0 0 1
    outer loop
      vertex -4.93931 13.8097 5.5
      vertex -7.5 22 5.5
      vertex -7.5 3 5.5
    endloop
  endfacet
  facet normal 0 0 1
    outer loop
      vertex -4.93931 14.1903 5.5
      vertex -7.5 22 5.5
      vertex -4.95 14 5.5
    endloop
  endfacet
  facet normal 0 0 1
    outer loop
      vertex -4.90738 14.3783 5.5
      vertex -7.5 22 5.5
      vertex -4.93931 14.1903 5.5
    endloop
  endfacet
  facet normal 0 0 1
    outer loop
      vertex -4.8546 14.5615 5.5
      vertex -7.5 22 5.5
      vertex -4.90738 14.3783 5.5
    endloop
  endfacet
  facet normal 0 0 1
    outer loop
      vertex -4.78165 14.7376 5.5
      vertex -7.5 22 5.5
      vertex -4.8546 14.5615 5.5
    endloop
  endfacet
  facet normal 0 0 1
    outer loop
      vertex -4.68943 14.9045 5.5
      vertex -7.5 22 5.5
      vertex -4.78165 14.7376 5.5
    endloop
  endfacet
  facet normal -0 0 1
    outer loop
      vertex -26.5 22.5 5.5
      vertex -7.5 22 5.5
      vertex -1 22.5 5.5
    endloop
  endfacet
  facet normal 0 0 1
    outer loop
      vertex -7.5 22 5.5
      vertex -26.5 22.5 5.5
      vertex -25.5 22 5.5
    endloop
  endfacet
  facet normal 0 0 1
    outer loop
      vertex -26.5 3 5.5
      vertex -25.5 22 5.5
      vertex -26.5 22.5 5.5
    endloop
  endfacet
  facet normal 0 0 1
    outer loop
      vertex -25.5 22 5.5
      vertex -26.5 3 5.5
      vertex -25.5 3 5.5
    endloop
  endfacet
  facet normal -0 0 1
    outer loop
      vertex -1.56069 13.8097 5.5
      vertex -1 3 5.5
      vertex -1.55 14 5.5
    endloop
  endfacet
  facet normal -0 0 1
    outer loop
      vertex -1.56069 5.80966 5.5
      vertex -1 3 5.5
      vertex -1.55 6 5.5
    endloop
  endfacet
  facet normal -0 0 1
    outer loop
      vertex -1.59262 5.62171 5.5
      vertex -1 3 5.5
      vertex -1.56069 5.80966 5.5
    endloop
  endfacet
  facet normal -0 0 1
    outer loop
      vertex -1.6454 5.43853 5.5
      vertex -1 3 5.5
      vertex -1.59262 5.62171 5.5
    endloop
  endfacet
  facet normal -0 0 1
    outer loop
      vertex -1.71835 5.2624 5.5
      vertex -1 3 5.5
      vertex -1.6454 5.43853 5.5
    endloop
  endfacet
  facet normal -0 0 1
    outer loop
      vertex -1.81057 5.09555 5.5
      vertex -1 3 5.5
      vertex -1.71835 5.2624 5.5
    endloop
  endfacet
  facet normal -0 0 1
    outer loop
      vertex -1.92089 4.94007 5.5
      vertex -1 3 5.5
      vertex -1.81057 5.09555 5.5
    endloop
  endfacet
  facet normal -0 0 1
    outer loop
      vertex -2.04792 4.79792 5.5
      vertex -1 3 5.5
      vertex -1.92089 4.94007 5.5
    endloop
  endfacet
  facet normal -0 0 1
    outer loop
      vertex -2.19007 4.67089 5.5
      vertex -1 3 5.5
      vertex -2.04792 4.79792 5.5
    endloop
  endfacet
  facet normal -0 0 1
    outer loop
      vertex -2.34555 4.56057 5.5
      vertex -1 3 5.5
      vertex -2.19007 4.67089 5.5
    endloop
  endfacet
  facet normal -0 0 1
    outer loop
      vertex -2.5124 4.46835 5.5
      vertex -1 3 5.5
      vertex -2.34555 4.56057 5.5
    endloop
  endfacet
  facet normal -0 0 1
    outer loop
      vertex -2.68853 4.3954 5.5
      vertex -1 3 5.5
      vertex -2.5124 4.46835 5.5
    endloop
  endfacet
  facet normal -0 0 1
    outer loop
      vertex -2.87171 4.34262 5.5
      vertex -1 3 5.5
      vertex -2.68853 4.3954 5.5
    endloop
  endfacet
  facet normal -0 0 1
    outer loop
      vertex -3.05966 4.31069 5.5
      vertex -1 3 5.5
      vertex -2.87171 4.34262 5.5
    endloop
  endfacet
  facet normal -0 0 1
    outer loop
      vertex -3.25 4.3 5.5
      vertex -1 3 5.5
      vertex -3.05966 4.31069 5.5
    endloop
  endfacet
  facet normal 0 0 1
    outer loop
      vertex -3.44034 4.31069 5.5
      vertex -1 3 5.5
      vertex -3.25 4.3 5.5
    endloop
  endfacet
  facet normal 0 0 1
    outer loop
      vertex -3.62829 4.34262 5.5
      vertex -1 3 5.5
      vertex -3.44034 4.31069 5.5
    endloop
  endfacet
  facet normal 0 0 1
    outer loop
      vertex -7.5 3 5.5
      vertex -3.62829 4.34262 5.5
      vertex -3.81147 4.3954 5.5
    endloop
  endfacet
  facet normal 0 0 1
    outer loop
      vertex -7.5 3 5.5
      vertex -3.81147 4.3954 5.5
      vertex -3.9876 4.46835 5.5
    endloop
  endfacet
  facet normal 0 0 1
    outer loop
      vertex -4.93931 6.19034 5.5
      vertex -7.5 3 5.5
      vertex -4.95 6 5.5
    endloop
  endfacet
  facet normal 0 0 1
    outer loop
      vertex -3.62829 4.34262 5.5
      vertex -7.5 3 5.5
      vertex -1 3 5.5
    endloop
  endfacet
  facet normal 0 0 1
    outer loop
      vertex -4.15445 4.56057 5.5
      vertex -7.5 3 5.5
      vertex -3.9876 4.46835 5.5
    endloop
  endfacet
  facet normal 0 0 1
    outer loop
      vertex -4.30993 4.67089 5.5
      vertex -7.5 3 5.5
      vertex -4.15445 4.56057 5.5
    endloop
  endfacet
  facet normal 0 0 1
    outer loop
      vertex -4.45208 4.79792 5.5
      vertex -7.5 3 5.5
      vertex -4.30993 4.67089 5.5
    endloop
  endfacet
  facet normal 0 0 1
    outer loop
      vertex -4.57911 4.94007 5.5
      vertex -7.5 3 5.5
      vertex -4.45208 4.79792 5.5
    endloop
  endfacet
  facet normal 0 0 1
    outer loop
      vertex -4.68943 5.09555 5.5
      vertex -7.5 3 5.5
      vertex -4.57911 4.94007 5.5
    endloop
  endfacet
  facet normal 0 0 1
    outer loop
      vertex -4.78165 5.2624 5.5
      vertex -7.5 3 5.5
      vertex -4.68943 5.09555 5.5
    endloop
  endfacet
  facet normal 0 0 1
    outer loop
      vertex -4.8546 5.43853 5.5
      vertex -7.5 3 5.5
      vertex -4.78165 5.2624 5.5
    endloop
  endfacet
  facet normal 0 0 1
    outer loop
      vertex -4.90738 5.62171 5.5
      vertex -7.5 3 5.5
      vertex -4.8546 5.43853 5.5
    endloop
  endfacet
  facet normal 0 0 1
    outer loop
      vertex -4.93931 5.80966 5.5
      vertex -7.5 3 5.5
      vertex -4.90738 5.62171 5.5
    endloop
  endfacet
  facet normal 0 0 1
    outer loop
      vertex -4.95 6 5.5
      vertex -7.5 3 5.5
      vertex -4.93931 5.80966 5.5
    endloop
  endfacet
  facet normal 0 1 -0
    outer loop
      vertex -25.5 3 5.5
      vertex -26.5 3 7
      vertex -25.5 3 7
    endloop
  endfacet
  facet normal 0 1 0
    outer loop
      vertex -26.5 3 7
      vertex -25.5 3 5.5
      vertex -26.5 3 5.5
    endloop
  endfacet
  facet normal 0 1 -0
    outer loop
      vertex -1 3 5.5
      vertex -7.5 3 7
      vertex -1 3 7
    endloop
  endfacet
  facet normal 0 1 0
    outer loop
      vertex -7.5 3 7
      vertex -1 3 5.5
      vertex -7.5 3 5.5
    endloop
  endfacet
endsolid OpenSCAD_Model
